index,sentence,gold_id,gold_label,pred_id,pred_label,raw_output,correct,unparseable,model,dataset,logprob_negative,score_negative,logprob_neutral,score_neutral,logprob_positive,score_positive
0,$ALLY - Ally Financial pulls outlook https://t.co/G9Zdi1boy5,0,negative,1,neutral,neutral,0,0,FinGPT-Bloom-7B1-LoRA,tfns,-10.739060401916504,0.12650953233242035,-8.926560401916504,0.7749648094177246,-10.989060401916504,0.09852571040391922
1,"$DELL $HPE - Dell, HPE targets trimmed on compute headwinds https://t.co/YRUHZw7cYl",0,negative,0,negative,negative,1,0,FinGPT-Bloom-7B1-LoRA,tfns,-8.510615348815918,0.9871648550033569,-13.948115348815918,0.004294508136808872,-13.260615348815918,0.008540648967027664
2,$PRTY - Moody's turns negative on Party City https://t.co/MBD5TFGC4P,0,negative,0,negative,negative,1,0,FinGPT-Bloom-7B1-LoRA,tfns,-8.212817192077637,0.7727291584014893,-11.400317192077637,0.031894344836473465,-9.587817192077637,0.19537653028964996
3,$SAN: Deutsche Bank cuts to Hold,0,negative,0,negative,negative,1,0,FinGPT-Bloom-7B1-LoRA,tfns,-8.88038158416748,0.989690899848938,-13.94288158416748,0.006264461670070887,-14.38038158416748,0.004044640343636274
4,$SITC: Compass Point cuts to Sell,0,negative,0,negative,negative,1,0,FinGPT-Bloom-7B1-LoRA,tfns,-8.172651290893555,0.7500163912773132,-12.922651290893555,0.006488913204520941,-9.297651290893555,0.2434946745634079
5,$TAP - Barclays cools on Molson Coors https://t.co/FJFsZWJHuH,0,negative,1,neutral,neutral,0,0,FinGPT-Bloom-7B1-LoRA,tfns,-11.014089584350586,0.1394219845533371,-9.951589584350586,0.40343087911605835,-9.826589584350586,0.45714709162712097
6,$TAP: Barclays cuts to Equal Weight,0,negative,0,negative,negative,1,0,FinGPT-Bloom-7B1-LoRA,tfns,-8.54879093170166,0.9266878366470337,-12.73629093170166,0.014071010984480381,-11.29879093170166,0.059241168200969696
7,"Analysts Eviscerate Musk's Cybertruck: ""0% Of Responses Felt It Will Be A Success"" https://t.co/2NTzeZea4G",0,negative,1,neutral,neutral,0,0,FinGPT-Bloom-7B1-LoRA,tfns,-11.021893501281738,0.14958974719047546,-9.396893501281738,0.7596794962882996,-11.521893501281738,0.09073077887296677
8,Barclays assigns only a 20% chance that studies on a Gilead antiviral drug being done in China will succeed against… https://t.co/lIgDhy1Gli,0,negative,1,neutral,neutral,0,0,FinGPT-Bloom-7B1-LoRA,tfns,-10.716276168823242,0.34820717573165894,-10.341276168823242,0.5066384673118591,-11.591276168823242,0.14515435695648193
9,BTIG points to breakfast pressure for Dunkin' Brands,0,negative,2,positive,positive,0,0,FinGPT-Bloom-7B1-LoRA,tfns,-10.301544189453125,0.17938172817230225,-12.676544189453125,0.01668509840965271,-8.801544189453125,0.8039331436157227
10,"Children's Place downgraded to neutral from outperform at Wedbush, price target slashed to $60 from $130",0,negative,0,negative,negative,1,0,FinGPT-Bloom-7B1-LoRA,tfns,-8.018571853637695,0.9710679054260254,-12.081071853637695,0.016708144918084145,-12.393571853637695,0.012223941273987293
11,Clovis Oncology downgraded to in line from outperform at Evercore ISI,0,negative,0,negative,negative,1,0,FinGPT-Bloom-7B1-LoRA,tfns,-8.022500038146973,0.9681508541107178,-12.335000038146973,0.01297322940081358,-11.960000038146973,0.018875937908887863
12,Downgrades 4/7: $AAN $BDN $BECN $BTE $CDEV $CHK $COOP $CPE $CVA $DAN $DOC $DRH $EPR $ESRT $ETM $FAST $FBM $GM $GMS… https://t.co/CMXD50oQxI,0,negative,0,negative,negative,1,0,FinGPT-Bloom-7B1-LoRA,tfns,-8.022346496582031,0.6162794828414917,-10.459846496582031,0.053849902004003525,-8.647346496582031,0.32987067103385925
13,Goldman pulls Progressive from Goldman's conviction list; shares -2.7%,0,negative,2,positive,positive,0,0,FinGPT-Bloom-7B1-LoRA,tfns,-11.515928268432617,0.025905504822731018,-14.078428268432617,0.00199761800467968,-7.890928268432617,0.972096860408783
14,Hanesbrands downgraded to underperform vs. neutral at BofA Merrill Lynch,0,negative,0,negative,negative,1,0,FinGPT-Bloom-7B1-LoRA,tfns,-8.302972793579102,0.9186083078384399,-12.427972793579102,0.014847920276224613,-10.927972793579102,0.06654376536607742
15,Intelsat cut to Market Perform at Raymond James,0,negative,0,negative,negative,1,0,FinGPT-Bloom-7B1-LoRA,tfns,-8.630537033081055,0.9881565570831299,-14.068037033081055,0.004298822488635778,-13.505537033081055,0.007544667925685644
16,LendingTree price target cut to $350 from $400 at SunTrust Robinson Humphrey,0,negative,0,negative,negative,1,0,FinGPT-Bloom-7B1-LoRA,tfns,-7.95755672454834,0.6726619601249695,-12.20755672454834,0.009595007635653019,-8.70755672454834,0.3177430331707001
17,Mizuho cuts XLNX target on near-term headwinds,0,negative,0,negative,negative,1,0,FinGPT-Bloom-7B1-LoRA,tfns,-8.258545875549316,0.9888609051704407,-14.446045875549316,0.0020320673938840628,-12.946045875549316,0.009107094258069992
18,MPLX cut at Credit Suisse on potential dilution from Marathon strategic review,0,negative,0,negative,negative,1,0,FinGPT-Bloom-7B1-LoRA,tfns,-8.62857437133789,0.9947178959846497,-15.00357437133789,0.0016946211690083146,-14.25357437133789,0.0035875127650797367
19,Netflix downgraded to underperform at Wells Fargo,0,negative,0,negative,negative,1,0,FinGPT-Bloom-7B1-LoRA,tfns,-8.876824378967285,0.9941343665122986,-14.376824378967285,0.004062799736857414,-15.189324378967285,0.001802856451831758
20,NortonLifeLock stock price target cut to $18 from $25 at Deutsche Bank,0,negative,0,negative,negative,1,0,FinGPT-Bloom-7B1-LoRA,tfns,-7.765068531036377,0.9851720333099365,-13.015068054199219,0.005169711075723171,-12.390068054199219,0.009658291935920715
21,Norwegian Cruise stock price target cut to $48 from $55 at CFRA,0,negative,0,negative,negative,1,0,FinGPT-Bloom-7B1-LoRA,tfns,-8.264056205749512,0.9795157313346863,-12.764056205749512,0.010881437920033932,-12.889056205749512,0.009602834470570087
22,Novus Therapeutics stock price target cut to $2.50 from $3.75 at Ascendiant Capital,0,negative,0,negative,negative,1,0,FinGPT-Bloom-7B1-LoRA,tfns,-7.289806842803955,0.9751453399658203,-12.227307319641113,0.006994233932346106,-11.289807319641113,0.017860401421785355
23,Nutrien stock price target cut to $54 vs. $55 at BofA Merrill Lynch,0,negative,0,negative,negative,1,0,FinGPT-Bloom-7B1-LoRA,tfns,-7.823519706726074,0.9456961154937744,-12.698519706726074,0.0072204782627522945,-10.823519706726074,0.04708343371748924
24,Okta -2% on valuation downgrade,0,negative,0,negative,negative,1,0,FinGPT-Bloom-7B1-LoRA,tfns,-8.761601448059082,0.9791512489318848,-14.261601448059082,0.004001567605882883,-12.824101448059082,0.01684722676873207
25,Solarworlds stock price target cut to $23 vs. $24 at Instinet,0,negative,0,negative,negative,1,0,FinGPT-Bloom-7B1-LoRA,tfns,-7.394771099090576,0.9835985898971558,-12.894770622253418,0.004019744694232941,-11.769770622253418,0.01238168589770794
26,Trendforce cuts iPhone estimate after Foxconn delay,0,negative,0,negative,negative,1,0,FinGPT-Bloom-7B1-LoRA,tfns,-8.293203353881836,0.9361698627471924,-12.480703353881836,0.014214987866580486,-11.230703353881836,0.04961518570780754
27,"Wayfair price target lowered to $110 from $120 at Stifel, buy rating maintained",0,negative,0,negative,negative,1,0,FinGPT-Bloom-7B1-LoRA,tfns,-8.06932544708252,0.9259825944900513,-11.81932544708252,0.021777024492621422,-10.94432544708252,0.052240367978811264
28,WWE stock price target cut to $58 from $92 at MKM Partners,0,negative,0,negative,negative,1,0,FinGPT-Bloom-7B1-LoRA,tfns,-7.7600626945495605,0.9914383888244629,-13.447562217712402,0.003359046997502446,-13.010062217712402,0.0052025942131876945
29,"$ABEO as expected, keeps going higher. Cantor doubled its price target this morning to $4",2,positive,2,positive,positive,1,0,FinGPT-Bloom-7B1-LoRA,tfns,-12.283919334411621,0.01073719747364521,-11.533919334411621,0.022730646654963493,-7.783918857574463,0.9665321707725525
30,$CACI - CACI gains a bull on growth acceleration https://t.co/VSXcxKpgly,2,positive,2,positive,positive,1,0,FinGPT-Bloom-7B1-LoRA,tfns,-12.25915813446045,0.04181782156229019,-14.13415813446045,0.006412970367819071,-9.13415813446045,0.9517691731452942
31,$CNHI - CNH Industrial upped to Buy at Deutsche Bank on valuation https://t.co/w8VWmkTwAb,2,positive,2,positive,positive,1,0,FinGPT-Bloom-7B1-LoRA,tfns,-13.94559383392334,0.006212193518877029,-13.25809383392334,0.012354422360658646,-8.88309383392334,0.9814333319664001
32,"$DVN $HES $VET - Devon Energy, Hess upgraded at J.P. Morgan on improved E&P outlook https://t.co/ULkUan1Vkq",2,positive,2,positive,positive,1,0,FinGPT-Bloom-7B1-LoRA,tfns,-13.63439655303955,0.009602834470570087,-13.50939655303955,0.010881437920033932,-9.00939655303955,0.9795157313346863
33,$ENR - Energizer shakes off JPMorgan's bear call https://t.co/w83qnp2ni5,2,positive,0,negative,negative,0,0,FinGPT-Bloom-7B1-LoRA,tfns,-8.296026229858398,0.9412870407104492,-12.671026229858398,0.01184905506670475,-11.296026229858398,0.046863920986652374
34,$GOOS - Baird bullish on beat-up Canada Goose https://t.co/lMwTKDcG5R,2,positive,2,positive,positive,1,0,FinGPT-Bloom-7B1-LoRA,tfns,-12.384056091308594,0.02579830028116703,-13.821556091308594,0.00612763362005353,-8.759056091308594,0.9680740833282471
35,$NKE - BMO Capital joins Nike bull camp https://t.co/diInCmHUi5,2,positive,2,positive,positive,1,0,FinGPT-Bloom-7B1-LoRA,tfns,-14.940375328063965,0.003349481150507927,-14.065375328063965,0.008034988306462765,-9.252875328063965,0.9886154532432556
36,"$OIH $BKR $NOV - Buy oil service firms, Bernstein says after seven-year bearish view https://t.co/FFUM7WlJIZ",2,positive,0,negative,negative,0,0,FinGPT-Bloom-7B1-LoRA,tfns,-7.760878086090088,0.9918298125267029,-13.38587760925293,0.0035770984832197428,-13.13587760925293,0.0045930854976177216
37,$SMPQY $HSIC $XRAY - Goldman ups view on Henry Schein in premarket analyst action https://t.co/ZjKejttior,2,positive,2,positive,positive,1,0,FinGPT-Bloom-7B1-LoRA,tfns,-14.380778312683105,0.004025599453598261,-13.380778312683105,0.010942715220153332,-8.880778312683105,0.9850317239761353
38,$STML: Alliance Global Partners starts at Buy https://t.co/MCyfTsXc2N,2,positive,2,positive,positive,1,0,FinGPT-Bloom-7B1-LoRA,tfns,-11.903047561645508,0.02674202434718609,-10.715547561645508,0.08768372237682343,-8.403047561645508,0.885574221611023
39,$URBN - Urban Outfitters stands out in mall sector - BofA https://t.co/pvig3M420p,2,positive,2,positive,positive,1,0,FinGPT-Bloom-7B1-LoRA,tfns,-10.947014808654785,0.08632676303386688,-9.947014808654785,0.23466050624847412,-8.884514808654785,0.679012656211853
40,$ZYME: H.C. Wainwright starts at Buy,2,positive,2,positive,positive,1,0,FinGPT-Bloom-7B1-LoRA,tfns,-12.255880355834961,0.0024691445287317038,-12.818380355834961,0.0014068761374801397,-6.255880355834961,0.9961239695549011
41,Adobe price target raised to $350 vs. $320 at Canaccord,2,positive,2,positive,positive,1,0,FinGPT-Bloom-7B1-LoRA,tfns,-14.126744270324707,0.0015008568298071623,-16.06424331665039,0.00021621902124024928,-7.626743793487549,0.9982829093933105
42,AM Best Revises Outlooks to Positive for Pacífico Compañía de Seguros y Reaseguros S.A. https://t.co/BGvmfeHKod https://t.co/gvtIQzMVbf,2,positive,1,neutral,neutral,0,0,FinGPT-Bloom-7B1-LoRA,tfns,-11.834052085876465,0.1543426215648651,-10.709052085876465,0.47540873289108276,-10.959052085876465,0.3702487051486969
43,AMD +1.3% after Cowen's target lift,2,positive,2,positive,positive,1,0,FinGPT-Bloom-7B1-LoRA,tfns,-12.878494262695312,0.0052164411172270775,-14.878494262695312,0.000705968530382961,-7.6284942626953125,0.9940776824951172
44,"Applied Materials, Inc. Reported Earnings Last Week And Analysts Are Already Upgrading Their Estimates",2,positive,2,positive,positive,1,0,FinGPT-Bloom-7B1-LoRA,tfns,-12.636248588562012,0.022934114560484886,-15.136248588562012,0.001882546697743237,-8.886248588562012,0.9751833081245422
45,"Arch Coal rated Buy at Benchmark, seeing opportunity after selloff",2,positive,2,positive,positive,1,0,FinGPT-Bloom-7B1-LoRA,tfns,-11.637131690979004,0.006692584604024887,-16.762130737304688,3.979559915023856e-05,-6.637131690979004,0.9932676553726196
46,Autodesk stock price target raised to $162 from $149 at Wedbush,2,positive,2,positive,positive,1,0,FinGPT-Bloom-7B1-LoRA,tfns,-13.502949714660645,0.004601266235113144,-14.440449714660645,0.0018018815899267793,-8.127949714660645,0.9935967922210693
47,Avnet stock price target raised to $37 vs. $35 at SunTrust Robinson Humphrey,2,positive,2,positive,positive,1,0,FinGPT-Bloom-7B1-LoRA,tfns,-13.689482688903809,0.0026303096674382687,-15.314482688903809,0.0005179386935196817,-7.75198221206665,0.9968517422676086
48,Boeing started at buy with $375 stock price target at Benchmark,2,positive,2,positive,positive,1,0,FinGPT-Bloom-7B1-LoRA,tfns,-11.817680358886719,0.004330053459852934,-14.380180358886719,0.0003338980604894459,-6.3801798820495605,0.99533611536026
49,BofA sees 'solid demand backdrop' for D.R. Horton in 2020,2,positive,2,positive,positive,1,0,FinGPT-Bloom-7B1-LoRA,tfns,-10.641091346740723,0.1481143683195114,-11.703591346740723,0.051186952739953995,-8.953591346740723,0.8006986975669861
50,Broadcom stock price target raised to $361 vs. $322 at SunTrust Robinson Humphrey,2,positive,2,positive,positive,1,0,FinGPT-Bloom-7B1-LoRA,tfns,-13.252697944641113,0.003169974545016885,-14.565197944641113,0.0008531870553269982,-7.502697467803955,0.9959768652915955
51,Cantor sees 19% upside in J&J in premarket analyst action,2,positive,2,positive,positive,1,0,FinGPT-Bloom-7B1-LoRA,tfns,-11.999344825744629,0.020484648644924164,-11.061844825744629,0.05230938643217087,-8.186844825744629,0.9272059798240662
52,Champions Oncology started at speculative buy with $11 stock price target at Benchmark,2,positive,2,positive,positive,1,0,FinGPT-Bloom-7B1-LoRA,tfns,-12.450370788574219,0.011609944514930248,-13.012870788574219,0.006615147460252047,-8.012870788574219,0.9817749261856079
53,Citi raises Alphabet on margin potential,2,positive,2,positive,positive,1,0,FinGPT-Bloom-7B1-LoRA,tfns,-10.011345863342285,0.01590375229716301,-14.573845863342285,0.00016597054491285235,-5.886345863342285,0.9839302897453308
54,Citigroup stock price target raised to $127 from $124 at Oppenheimer,2,positive,2,positive,positive,1,0,FinGPT-Bloom-7B1-LoRA,tfns,-14.06412410736084,0.0038180043920874596,-14.87662410736084,0.0016942293150350451,-8.50162410736084,0.9944878220558167
55,"ETF assets to surge tenfold in 10 years to $50 trillion, Bank of America predicts",2,positive,2,positive,positive,1,0,FinGPT-Bloom-7B1-LoRA,tfns,-12.573883056640625,0.024319875985383987,-14.323883056640625,0.004226160701364279,-8.886383056640625,0.9714539647102356
56,GE upgraded from Sell by longtime bear,2,positive,2,positive,positive,1,0,FinGPT-Bloom-7B1-LoRA,tfns,-11.264344215393066,0.025932826101779938,-14.576844215393066,0.0009446030599065125,-7.639343738555908,0.9731225371360779
57,Goldman Sachs stock price target raised to $367 from $358 at Oppenheimer,2,positive,2,positive,positive,1,0,FinGPT-Bloom-7B1-LoRA,tfns,-13.7523193359375,0.0019261647248640656,-15.6273193359375,0.00029538708622567356,-7.502318859100342,0.9977784752845764
58,GrubHub stock price target raised to $50 from $40 at Stifel Nicolaus,2,positive,2,positive,positive,1,0,FinGPT-Bloom-7B1-LoRA,tfns,-13.255946159362793,0.010930217802524567,-14.005946159362793,0.005163068883121014,-8.755946159362793,0.9839067459106445
59,Halliburton started at buy with $26 stock price target at Deutsche Bank,2,positive,2,positive,positive,1,0,FinGPT-Bloom-7B1-LoRA,tfns,-12.87874698638916,0.005899749230593443,-14.00374698638916,0.0019153682515025139,-7.753747463226318,0.9921848177909851
60,Helen of Troy started at outperform with $210 stock price target at Oppenheimer,2,positive,2,positive,positive,1,0,FinGPT-Bloom-7B1-LoRA,tfns,-13.074236869812012,0.007962565869092941,-12.636736869812012,0.01233266294002533,-8.261736869812012,0.979704737663269
61,Highlight: Edward Jones Sr. Equity Analyst Jennifer Roland on ExxonMobil reducing 2020 Capex by 30%: “Definitely a… https://t.co/dH0xlJujc1,2,positive,1,neutral,neutral,0,0,FinGPT-Bloom-7B1-LoRA,tfns,-9.822348594665527,0.60810786485672,-10.759848594665527,0.23813843727111816,-11.197348594665527,0.15375374257564545
62,Humana stock price target raised to $370 from $350 at SunTrust RH,2,positive,2,positive,positive,1,0,FinGPT-Bloom-7B1-LoRA,tfns,-14.315089225769043,0.0038123964332044125,-14.502589225769043,0.0031605875119566917,-8.752589225769043,0.9930270314216614
63,JMP Securities upgrades snap to outperform with $20 pt,2,positive,2,positive,positive,1,0,FinGPT-Bloom-7B1-LoRA,tfns,-13.130401611328125,0.005197632592171431,-13.317901611328125,0.004308988805860281,-7.880401611328125,0.9904934763908386
64,Liberty Global PLC maintained as buy with $32 price target at Benchmark,2,positive,2,positive,positive,1,0,FinGPT-Bloom-7B1-LoRA,tfns,-11.693964958190918,0.011654910631477833,-13.131464958190918,0.0027682839427143335,-7.256465435028076,0.9855768084526062
65,Lululemon Athletica price target raised to $255 from $220 at CFRA,2,positive,2,positive,positive,1,0,FinGPT-Bloom-7B1-LoRA,tfns,-14.06545639038086,0.004315007943660021,-14.19045639038086,0.003807981265708804,-8.62795639038086,0.9918770790100098
66,Lumentum initiated as positive at Susquehanna,2,positive,1,neutral,neutral,0,0,FinGPT-Bloom-7B1-LoRA,tfns,-12.615352630615234,0.01935381256043911,-8.802852630615234,0.8760204315185547,-10.927852630615234,0.10462572425603867
67,Markel Corporation Beat Analyst Estimates: See What The Consensus Is Forecasting For Next Year,2,positive,2,positive,positive,1,0,FinGPT-Bloom-7B1-LoRA,tfns,-12.014803886413574,0.04737623408436775,-15.827303886413574,0.00104667735286057,-9.014803886413574,0.9515771269798279
68,"Mednax upgraded to buy from hold at Stifel, price target raised to $33 from $25",2,positive,2,positive,positive,1,0,FinGPT-Bloom-7B1-LoRA,tfns,-12.631665229797363,0.01082438975572586,-12.319165229797363,0.014795185066759586,-8.131665229797363,0.9743804335594177
69,"Model N upgraded to overweight from neutral at JPMorgan, price target raised to $36 from $30",2,positive,2,positive,positive,1,0,FinGPT-Bloom-7B1-LoRA,tfns,-14.251978874206543,0.0035862596705555916,-14.814478874206543,0.002043389016762376,-8.626978874206543,0.9943704009056091
70,Morgan Stanley sees GM doubling in bull case scenario,2,positive,2,positive,positive,1,0,FinGPT-Bloom-7B1-LoRA,tfns,-9.734611511230469,0.2405390739440918,-12.297111511230469,0.018548382446169853,-8.609611511230469,0.7409125566482544
71,Motorola Solutions stock fair value estimate raised to $192 from $167 at MKM Partners,2,positive,2,positive,positive,1,0,FinGPT-Bloom-7B1-LoRA,tfns,-13.752079010009766,0.008572159335017204,-16.377079010009766,0.0006209650891833007,-9.002079010009766,0.9908068776130676
72,New for subscribers:  Analysts continue to upgrade stocks like Tesla and eBay on hopes the rebound is for real… https://t.co/Mku8heEOR2,2,positive,2,positive,positive,1,0,FinGPT-Bloom-7B1-LoRA,tfns,-11.296761512756348,0.051230188459157944,-10.671761512756348,0.09571058303117752,-8.484261512756348,0.8530592322349548
73,Omnicell stock price target raised to $96 vs. $90 at Benchmark,2,positive,2,positive,positive,1,0,FinGPT-Bloom-7B1-LoRA,tfns,-12.566325187683105,0.00711798295378685,-15.253825187683105,0.0004843848873861134,-7.628825664520264,0.9923977255821228
74,Peloton bulls defend the upside case,2,positive,2,positive,positive,1,0,FinGPT-Bloom-7B1-LoRA,tfns,-11.622540473937988,0.03362734988331795,-11.372540473937988,0.04317837581038475,-8.310040473937988,0.9231943488121033
75,Piper Jaffray analyst Erinn Murphy reiterated an Overweight rating and $44.00 price target on Crocs (NASDAQ: $CROX)… https://t.co/iVlcTMWm1r,2,positive,1,neutral,neutral,0,0,FinGPT-Bloom-7B1-LoRA,tfns,-10.327900886535645,0.21715028584003448,-10.140400886535645,0.26193323731422424,-9.452900886535645,0.5209164619445801
76,Progyny started at overweight with $26 stock price target at J.P. Morgan,2,positive,2,positive,positive,1,0,FinGPT-Bloom-7B1-LoRA,tfns,-11.41935920715332,0.036955613642930984,-12.73185920715332,0.009946469217538834,-8.16935920715332,0.9530978798866272
77,Snap Analyst Projects 37% Revenue Growth In 2020,2,positive,2,positive,positive,1,0,FinGPT-Bloom-7B1-LoRA,tfns,-12.892191886901855,0.020084664225578308,-13.392191886901855,0.012181965634226799,-9.017191886901855,0.9677333831787109
78,Spirit Airlines stock price target raised to $55 from $49 at Deutsche Bank,2,positive,2,positive,positive,1,0,FinGPT-Bloom-7B1-LoRA,tfns,-15.063684463500977,0.0014095297083258629,-15.938684463500977,0.0005875793867744505,-8.501184463500977,0.998002827167511
79,State Street stock price target raised to $84 from $73 at Buckingham,2,positive,2,positive,positive,1,0,FinGPT-Bloom-7B1-LoRA,tfns,-12.941548347473145,0.008043413981795311,-14.191548347473145,0.0023044762201607227,-8.129048347473145,0.9896520972251892
80,Stock Market Update: AMD's price target raised to $47 at Cowen,2,positive,2,positive,positive,1,0,FinGPT-Bloom-7B1-LoRA,tfns,-14.688692092895508,0.0018080977024510503,-15.126192092895508,0.001167395617812872,-8.376192092895508,0.9970244765281677
81,Synaptics stock price target raised to $76 from $60 at Susquehanna,2,positive,2,positive,positive,1,0,FinGPT-Bloom-7B1-LoRA,tfns,-14.002432823181152,0.005891227163374424,-14.564932823181152,0.003356720320880413,-8.877432823181152,0.990752100944519
82,TechnipFMC started at buy with $33 stock price target at Deutsche Bank,2,positive,2,positive,positive,1,0,FinGPT-Bloom-7B1-LoRA,tfns,-13.003605842590332,0.0035871188156306744,-13.691105842590332,0.001803716761060059,-7.378605365753174,0.9946091175079346
83,Tesla stock price target raised to $290 from $260 at Deutsche Bank,2,positive,2,positive,positive,1,0,FinGPT-Bloom-7B1-LoRA,tfns,-11.510050773620605,0.012430978938937187,-16.94754981994629,5.407910794019699e-05,-7.1350507736206055,0.9875149726867676
84,TJX stock price target raised to $70 from $62 at MKM Partners,2,positive,2,positive,positive,1,0,FinGPT-Bloom-7B1-LoRA,tfns,-14.876315116882324,0.0035852843429893255,-15.313815116882324,0.0023148334585130215,-9.251315116882324,0.9940999150276184
85,Twitter upgraded to positive from neutral at Susquehanna,2,positive,1,neutral,neutral,0,0,FinGPT-Bloom-7B1-LoRA,tfns,-11.765007019042969,0.045354392379522324,-9.015007019042969,0.7094621062278748,-10.077507019042969,0.2451835423707962
86,Uber stock price target raised to $42 from $31 at Susquehanna,2,positive,2,positive,positive,1,0,FinGPT-Bloom-7B1-LoRA,tfns,-14.751786231994629,0.0031581043731421232,-14.376786231994629,0.004595015197992325,-9.001786231994629,0.9922468662261963
87,Uber stock price target raised to $48 from $46 at HSBC Global,2,positive,2,positive,positive,1,0,FinGPT-Bloom-7B1-LoRA,tfns,-13.441017150878906,0.0033708875998854637,-14.128517150878906,0.0016949886921793222,-7.753516674041748,0.9949341416358948
88,"UBS Upgrades Hasbro As Stock Price Bakes In Tariffs, Slow Holiday",2,positive,2,positive,positive,1,0,FinGPT-Bloom-7B1-LoRA,tfns,-12.191713333129883,0.0038232062943279743,-14.629213333129883,0.00033406802685931325,-6.629213333129883,0.9958427548408508
89,UnitedHealth stock price target raised to $335 from $310 at SunTrust RH,2,positive,2,positive,positive,1,0,FinGPT-Bloom-7B1-LoRA,tfns,-14.627961158752441,0.004050253424793482,-14.440461158752441,0.004885538015514612,-9.127961158752441,0.9910643100738525
90,Vertex Pharmaceuticals stock price target raised to $245 from $235 at BofA Merrill Lynch,2,positive,2,positive,positive,1,0,FinGPT-Bloom-7B1-LoRA,tfns,-14.938575744628906,0.0015949576627463102,-14.813575744628906,0.0018073237733915448,-8.501075744628906,0.9965977072715759
91,Xilinx stock price target raised to $97 vs. $94 at SunTrust Robinson Humphrey,2,positive,2,positive,positive,1,0,FinGPT-Bloom-7B1-LoRA,tfns,-13.314874649047852,0.0038227378390729427,-15.439874649047852,0.000456560926977545,-7.752374649047852,0.9957208037376404
92,AM Best Revises Outlooks to Stable for Sublimity Insurance Company https://t.co/WPcVIMko76 https://t.co/glnxmA3iIv,1,neutral,2,positive,positive,0,0,FinGPT-Bloom-7B1-LoRA,tfns,-10.042753219604492,0.24177764356136322,-10.167753219604492,0.2133680284023285,-9.230253219604492,0.5448543429374695
93,Analyst: Amazon Blocking FedEx Ground Good News For UPS,1,neutral,0,negative,negative,0,0,FinGPT-Bloom-7B1-LoRA,tfns,-9.054338455200195,0.698750376701355,-13.304338455200195,0.009967138059437275,-9.929338455200195,0.2912824749946594
94,Analysts Expect Breakeven For China Online Education Group (NYSE:COE),1,neutral,2,positive,positive,0,0,FinGPT-Bloom-7B1-LoRA,tfns,-11.391879081726074,0.029227405786514282,-13.704379081726074,0.0028939051553606987,-7.891879081726074,0.9678787589073181
95,"Crown Holdings, Inc. Full-Year Results: Here's What Analysts Are Forecasting For Next Year",1,neutral,1,neutral,neutral,1,0,FinGPT-Bloom-7B1-LoRA,tfns,-10.425016403198242,0.1434929072856903,-9.112516403198242,0.5331408381462097,-9.612516403198242,0.3233662545681
96,Here are the best analyst calls of the week on Wall Street including Disney and a satellite play https://t.co/u9r1QPQli5,1,neutral,1,neutral,neutral,1,0,FinGPT-Bloom-7B1-LoRA,tfns,-11.277726173400879,0.1479511559009552,-9.840226173400879,0.6228975653648376,-10.840226173400879,0.22915124893188477
97,Little impact on Netflix from Disney Plus launch - Credit Suisse,1,neutral,1,neutral,neutral,1,0,FinGPT-Bloom-7B1-LoRA,tfns,-11.727246284484863,0.05941971018910408,-9.352246284484863,0.638822078704834,-10.102246284484863,0.30175819993019104
98,Mitek bull calls pullback 'an overreaction',1,neutral,2,positive,positive,0,0,FinGPT-Bloom-7B1-LoRA,tfns,-8.705803871154785,0.527214527130127,-12.955803871154785,0.0075203110463917255,-8.830803871154785,0.4652651846408844
99,Peabody Energy started at hold at Benchmark,1,neutral,1,neutral,neutral,1,0,FinGPT-Bloom-7B1-LoRA,tfns,-12.32398796081543,0.037813037633895874,-9.63648796081543,0.5556585192680359,-9.94898796081543,0.40652844309806824
100,"Skechers U.S.A., Inc. Annual Results: Here's What Analysts Are Forecasting For Next Year",1,neutral,1,neutral,neutral,1,0,FinGPT-Bloom-7B1-LoRA,tfns,-9.355379104614258,0.3482072055339813,-10.230379104614258,0.14515435695648193,-8.980379104614258,0.5066384673118591
101,T. Boone Pickens' BP Capital Adds 3 Energy Stocks to Portfolio,1,neutral,1,neutral,neutral,1,0,FinGPT-Bloom-7B1-LoRA,tfns,-12.276573181152344,0.05019700527191162,-9.526573181152344,0.78521329164505,-11.089073181152344,0.16458964347839355
102,"Tenable Holdings, Inc. Just Released Its Third-Quarter And Analysts Have Been Updating Their Estimates",1,neutral,2,positive,positive,0,0,FinGPT-Bloom-7B1-LoRA,tfns,-13.195633888244629,0.010228907689452171,-13.258133888244629,0.009609170258045197,-8.633133888244629,0.9801619052886963
103,"Top Analyst Upgrades and Downgrades: Cardinal Health, Domino’s, FedEx, Ford, GE, Grubhub, HSBC, Marvell, Twitter, Uber and More",1,neutral,1,neutral,neutral,1,0,FinGPT-Bloom-7B1-LoRA,tfns,-12.17451286315918,0.0870748907327652,-10.48701286315918,0.47072237730026245,-10.54951286315918,0.44220274686813354
104,"Tyson Foods, Inc. First-Quarter Results Just Came Out: Here's What Analysts Are Forecasting For Next Year",1,neutral,2,positive,positive,0,0,FinGPT-Bloom-7B1-LoRA,tfns,-9.830419540405273,0.22900475561618805,-11.080419540405273,0.06561096012592316,-8.705419540405273,0.7053843140602112
105,Wayfair initiated as hold with $95 price target at SunTrust Robinson Humphrey,1,neutral,2,positive,positive,0,0,FinGPT-Bloom-7B1-LoRA,tfns,-12.03674602508545,0.029622778296470642,-11.53674602508545,0.04883969947695732,-8.59924602508545,0.9215375781059265
106,"Central bank 'collateral damage' is skewing financial markets, one economist says https://t.co/sshC7mEqzk",0,negative,0,negative,negative,1,0,FinGPT-Bloom-7B1-LoRA,tfns,-7.933817386627197,0.964396595954895,-11.808816909790039,0.020015420392155647,-12.058816909790039,0.015588026493787766
107,China central bank warns high financial risks amid rising economic headwinds - Reuters https://t.co/p26nFHoGg5,0,negative,0,negative,negative,1,0,FinGPT-Bloom-7B1-LoRA,tfns,-8.28948974609375,0.965679407119751,-11.85198974609375,0.027394218370318413,-13.22698974609375,0.006926342379301786
108,ECB data show eurozone banks had weak profits before coronavirus https://t.co/QI7pbqPGkG,0,negative,0,negative,negative,1,0,FinGPT-Bloom-7B1-LoRA,tfns,-8.507484436035156,0.9891582727432251,-13.569984436035156,0.006261090282350779,-13.882484436035156,0.00458071194589138
109,Fed's Williams says U.S. economy is clearly facing several challenges,0,negative,0,negative,negative,1,0,FinGPT-Bloom-7B1-LoRA,tfns,-9.011842727661133,0.9776113033294678,-13.136842727661133,0.01580161415040493,-14.011842727661133,0.0065870932303369045
110,"Former Federal Reserve Chairman Ben Bernanke says he doesn't see a quick, sharp rebound in the economy after its pr… https://t.co/pu15VlJ4IO",0,negative,2,positive,positive,0,0,FinGPT-Bloom-7B1-LoRA,tfns,-10.873862266540527,0.08345755189657211,-10.998862266540527,0.0736510306596756,-8.561362266540527,0.8428913950920105
111,Jerome Powell comes close to acknowledging that the Federal Reserve may not have the firepower to fight the next re… https://t.co/UD2rqlD6SD,0,negative,1,neutral,neutral,0,0,FinGPT-Bloom-7B1-LoRA,tfns,-9.705148696899414,0.6148271560668945,-10.580148696899414,0.2562980651855469,-11.267648696899414,0.1288747638463974
112,"No, The Fed Won't ""Save The Market"" - Here's Why  https://t.co/Ibq99qWSFz",0,negative,2,positive,positive,0,0,FinGPT-Bloom-7B1-LoRA,tfns,-10.900481224060059,0.11458626389503479,-10.712981224060059,0.13821741938591003,-9.025481224060059,0.7471962571144104
113,"""There is every reason to believe that the economic rebound, when it comes, can be robust,"" Fed Chair Jerome Powell… https://t.co/Ovi6BRM3TK",2,positive,2,positive,positive,1,0,FinGPT-Bloom-7B1-LoRA,tfns,-11.1011323928833,0.09396208077669144,-10.2886323928833,0.21174679696559906,-9.1011323928833,0.6942910552024841
114,$ECONX: Federal Reserve announces extensive new measures to support the economy https://t.co/Gf6CfThO7r,1,neutral,2,positive,positive,0,0,FinGPT-Bloom-7B1-LoRA,tfns,-11.170049667358398,0.07741879671812057,-11.920049667358398,0.03657005354762077,-8.732549667358398,0.8860112428665161
115,Commercial and industrial loans at all commercial banks climb by $105.8 billion to $2.845 trillion in the week endi… https://t.co/jTTkUE4l0L,1,neutral,2,positive,positive,0,0,FinGPT-Bloom-7B1-LoRA,tfns,-11.496847152709961,0.07050945609807968,-11.496847152709961,0.07050945609807968,-8.996847152709961,0.8589810729026794
116,Fed surprises market with program to support corporate bonds amid coronavirus pandemic https://t.co/NLeJwjmyXw,1,neutral,1,neutral,neutral,1,0,FinGPT-Bloom-7B1-LoRA,tfns,-10.369563102722168,0.21194157004356384,-10.369563102722168,0.21194157004356384,-9.369563102722168,0.5761168599128723
117,"Highlight: The Fed has launched an unprecedented round of asset purchases. ""The idea here is the Federal Reserve is… https://t.co/9J31vhPbUG",1,neutral,1,neutral,neutral,1,0,FinGPT-Bloom-7B1-LoRA,tfns,-10.782999992370605,0.30574265122413635,-10.595499992370605,0.3687960207462311,-10.720499992370605,0.32546135783195496
118,The World Bank plans to lend Uganda $1.9 billion to help finance the East African nation's budget deficit https://t.co/Yxiz7BduSw,1,neutral,1,neutral,neutral,1,0,FinGPT-Bloom-7B1-LoRA,tfns,-10.610535621643066,0.42231881618499756,-10.610535621643066,0.42231881618499756,-11.610535621643066,0.15536242723464966
119,"""We encourage families to explore virtual #financialliteracy resources. The Federal Reserve Bank of Richmond create… https://t.co/heJwnQ4RoN",1,neutral,1,neutral,neutral,1,0,FinGPT-Bloom-7B1-LoRA,tfns,-12.200291633605957,0.09109626710414886,-10.012791633605957,0.8119322657585144,-12.137791633605957,0.09697148203849792
120,Africa-Europe Alliance: Denmark provides 10 million for sustainable development under the EU External Investment P… https://t.co/fdp58lt4xu,1,neutral,1,neutral,neutral,1,0,FinGPT-Bloom-7B1-LoRA,tfns,-12.390219688415527,0.09452575445175171,-10.265219688415527,0.7914544343948364,-12.202719688415527,0.11401982605457306
121,Bank agencies announced they'll temporarily lower the community bank leverage ratio to 8%. The rule change - requir… https://t.co/m6N7S7zEwo,1,neutral,0,negative,negative,0,0,FinGPT-Bloom-7B1-LoRA,tfns,-8.690773010253906,0.966824471950531,-12.253273010253906,0.027426699176430702,-13.815773010253906,0.005748948082327843
122,Bank of Ireland : Mortgage Bank - 7 KB #BankofIreland #Stock #MarketScreener https://t.co/1UOheYSgzq https://t.co/EmpEi8jWMG,1,neutral,1,neutral,neutral,1,0,FinGPT-Bloom-7B1-LoRA,tfns,-12.507524490356445,0.07949098944664001,-10.132524490356445,0.8546086549758911,-12.695024490356445,0.06590034812688828
123,Bank of Jamaica 14-Day Repo Auction Announcement -24 February 2020 #Stock #MarketScreener https://t.co/aLTELpPUc3 https://t.co/ZFCCNZVhWK,1,neutral,1,neutral,neutral,1,0,FinGPT-Bloom-7B1-LoRA,tfns,-11.823437690734863,0.09163464605808258,-9.635937690734863,0.8167307376861572,-11.823437690734863,0.09163464605808258
124,Bank of Jamaica 30-day CD Auction Press Release #economy #MarketScreener https://t.co/GXh2AJS7u7 https://t.co/4tV8ge3FKr,1,neutral,1,neutral,neutral,1,0,FinGPT-Bloom-7B1-LoRA,tfns,-10.355924606323242,0.29086437821388245,-9.730924606323242,0.5434061288833618,-10.918424606323242,0.16572950780391693
125,Brazil economists forecast more rate cuts ahead https://t.co/MVimfZn0x9,1,neutral,0,negative,negative,0,0,FinGPT-Bloom-7B1-LoRA,tfns,-8.385382652282715,0.9841228723526001,-13.447882652282715,0.006229217164218426,-13.010382652282715,0.009648001752793789
126,Buyback Backlash Begins: Fed Will Limit Buybacks & Dividends For Companies Using Its Credit Facility https://t.co/qvANL8EAGI,1,neutral,0,negative,negative,0,0,FinGPT-Bloom-7B1-LoRA,tfns,-7.6481733322143555,0.9793983101844788,-12.335673332214355,0.009019945748150349,-12.085673332214355,0.011581839993596077
127,Central Bank of Nigeria Communique No. 128 of the Monetary Policy Committee Meeting of Jan... #Stock… https://t.co/Vhs3QezjMh,1,neutral,1,neutral,neutral,1,0,FinGPT-Bloom-7B1-LoRA,tfns,-11.574475288391113,0.17405173182487488,-10.136975288391113,0.7327851057052612,-12.199475288391113,0.09316316246986389
128,"Central banks don’t have as much monetary policy power as they used to, former BOE policy maker Ian McCafferty says https://t.co/LjFUOi4x2A",1,neutral,1,neutral,neutral,1,0,FinGPT-Bloom-7B1-LoRA,tfns,-9.86044979095459,0.43734875321388245,-9.86044979095459,0.43734875321388245,-11.11044979095459,0.1253025233745575
129,Cleveland Fed President Loretta Mester said the coronavirus outbreak is a threat to the economy but doesn't yet jus… https://t.co/KpqpNnFL4L,1,neutral,0,negative,negative,0,0,FinGPT-Bloom-7B1-LoRA,tfns,-8.436314582824707,0.9593746662139893,-11.811314582824707,0.03282799571752548,-13.248814582824707,0.0077973329462111
130,Efforts to support the faltering economy could extend to some form of direct yield curve control. New… https://t.co/Cd4JvxMiXA,1,neutral,0,negative,negative,0,0,FinGPT-Bloom-7B1-LoRA,tfns,-8.832113265991211,0.6647871136665344,-11.269613265991211,0.05808844789862633,-9.707113265991211,0.2771244943141937
131,"Fed Chair Jay Powell grilled on China's cryptocurrency plans, US response https://t.co/9tkOjL0blx by @readDanwrite https://t.co/urM93khqZo",1,neutral,1,neutral,neutral,1,0,FinGPT-Bloom-7B1-LoRA,tfns,-10.555252075195312,0.3090115189552307,-9.930252075195312,0.5773094892501831,-11.555252075195312,0.11367897689342499
132,Fed Chair Jerome Powell was chided by a Democratic lawmaker for his attendance at a party thrown by Amazon CEO Jeff… https://t.co/BNq5I9PUqc,1,neutral,1,neutral,neutral,1,0,FinGPT-Bloom-7B1-LoRA,tfns,-10.094077110290527,0.5029138326644897,-10.344077110290527,0.39166969060897827,-11.656577110290527,0.10541646927595139
133,Fed Chairman Jerome Powell puts lawmakers on notice that fiscal policy may need to play a bigger role countering do… https://t.co/URFHNRkmfh,1,neutral,1,neutral,neutral,1,0,FinGPT-Bloom-7B1-LoRA,tfns,-9.351372718811035,0.6476693153381348,-10.226372718811035,0.2699887454509735,-11.413872718811035,0.08234190940856934
134,Fed minutes to tell a story,1,neutral,1,neutral,neutral,1,0,FinGPT-Bloom-7B1-LoRA,tfns,-11.118978500366211,0.10642410814762115,-9.181478500366211,0.7387296557426453,-10.743978500366211,0.15484614670276642
135,Fed Officials Weigh Risks Of Covid-19 -- Update #economy #MarketScreener https://t.co/1pQjFOAdWi https://t.co/nxTApO6GEp,1,neutral,0,negative,negative,0,0,FinGPT-Bloom-7B1-LoRA,tfns,-8.616683006286621,0.7749647498130798,-10.429183006286621,0.12650951743125916,-10.679183006286621,0.09852570295333862
136,Fed President Loretta Mester due to speak in 5 minutes.,1,neutral,1,neutral,neutral,1,0,FinGPT-Bloom-7B1-LoRA,tfns,-11.655266761779785,0.1468421220779419,-10.030266761779785,0.7457258701324463,-11.967766761779785,0.10743200778961182
137,"Fed removes reference to ""global developments"", has yet to blame global warming for repo crisis",1,neutral,0,negative,negative,0,0,FinGPT-Bloom-7B1-LoRA,tfns,-8.38534927368164,0.8957549333572388,-11.51034927368164,0.03935672715306282,-11.01034927368164,0.06488827615976334
138,Fed’s Rosengren Says Pursuing 2% Inflation Could Distort Markets,1,neutral,2,positive,positive,0,0,FinGPT-Bloom-7B1-LoRA,tfns,-10.170498847961426,0.23891346156597137,-12.420498847961426,0.025181293487548828,-9.045498847961426,0.7359052896499634
139,Federal Reserve Keeps Rates Steady and Sees Long Pause #currency #MarketScreener https://t.co/tpSm4ZImNv https://t.co/f5uwKiweEN,1,neutral,1,neutral,neutral,1,0,FinGPT-Bloom-7B1-LoRA,tfns,-11.901823043823242,0.08168072253465652,-9.651823043823242,0.7749651670455933,-11.339323043823242,0.1433541476726532
140,Federal Reserve officials will feel comfortable maintaining their wait-and-see posture on interest rates after Frid… https://t.co/Jlpmp7kwVr,1,neutral,1,neutral,neutral,1,0,FinGPT-Bloom-7B1-LoRA,tfns,-11.161214828491211,0.2150537669658661,-10.036214828491211,0.6624122858047485,-11.723714828491211,0.12253394722938538
141,Fed's 42-Day Repo 2x Oversubscribed In Scramble For Year End Liquidity https://t.co/skVPSppwaY,1,neutral,2,positive,positive,0,0,FinGPT-Bloom-7B1-LoRA,tfns,-10.754823684692383,0.10856347531080246,-11.817323684692383,0.03751853480935097,-8.692323684692383,0.8539179563522339
142,Fed's Bullard said actions taken by the Fed and other authorities during this time period shouldn't be seen as stim… https://t.co/gJ9vd4Qttq,1,neutral,1,neutral,neutral,1,0,FinGPT-Bloom-7B1-LoRA,tfns,-10.68917465209961,0.3262022137641907,-10.18917465209961,0.5378165245056152,-11.56417465209961,0.13598130643367767
143,Fed's Mester says central bank can watch and wait on interest rates,1,neutral,1,neutral,neutral,1,0,FinGPT-Bloom-7B1-LoRA,tfns,-12.200333595275879,0.047449931502342224,-9.262833595275879,0.8953145146369934,-12.012833595275879,0.057235538959503174
144,Fed's Rosengren backs 'patient' approach to any interest-rate moves,1,neutral,1,neutral,neutral,1,0,FinGPT-Bloom-7B1-LoRA,tfns,-9.3875150680542,0.3545548915863037,-9.7625150680542,0.24368178844451904,-9.2625150680542,0.40176334977149963
145,Fed's Williams says rates are 'in the right place' but policy is not set in stone,1,neutral,1,neutral,neutral,1,0,FinGPT-Bloom-7B1-LoRA,tfns,-11.70989990234375,0.058896567672491074,-9.02239990234375,0.8654787540435791,-11.45989990234375,0.07562468945980072
146,Global Risks to Extend Czech Rate Lockdown: Decision Day Guide,1,neutral,0,negative,negative,0,0,FinGPT-Bloom-7B1-LoRA,tfns,-8.033072471618652,0.9654529094696045,-13.220572471618652,0.005392976105213165,-11.533072471618652,0.029154151678085327
147,"Heard on the Street: The Fed may need banks to lever up to absorb more activity, but it needs to do so in a way tha… https://t.co/m6nXfI4or7",1,neutral,1,neutral,neutral,1,0,FinGPT-Bloom-7B1-LoRA,tfns,-8.996553421020508,0.6192958354949951,-10.309053421020508,0.1666812151670456,-10.059053421020508,0.2140229195356369
148,"In the battle of central-bank stimulus bazookas, the Fed is winning out https://t.co/dw2zb5Zi3b",1,neutral,2,positive,positive,0,0,FinGPT-Bloom-7B1-LoRA,tfns,-11.800833702087402,0.02857310324907303,-11.925833702087402,0.025215674191713333,-8.300833702087402,0.9462112188339233
149,"In undertaking what will undoubtedly be its largest rescue effort ever, the Federal Reserve announced programs that… https://t.co/iMHp4NZFeV",1,neutral,1,neutral,neutral,1,0,FinGPT-Bloom-7B1-LoRA,tfns,-10.543606758117676,0.3019329905509949,-9.918606758117676,0.564085066318512,-11.356106758117676,0.13398194313049316
150,Indonesia's central bank says the New York Federal Reserve will provide it with a $60 billion repurchase facility t… https://t.co/8mWrf9uPDI,1,neutral,1,neutral,neutral,1,0,FinGPT-Bloom-7B1-LoRA,tfns,-10.82071590423584,0.35469964146614075,-10.57071590423584,0.4554433524608612,-11.44571590423584,0.18985703587532043
151,Italy may be willing to compromise on its holdout against a German plan for further integration of the EU’s banking… https://t.co/6z5rU3nonk,1,neutral,1,neutral,neutral,1,0,FinGPT-Bloom-7B1-LoRA,tfns,-9.877567291259766,0.528252124786377,-10.377567291259766,0.320401132106781,-11.127567291259766,0.15134677290916443
152,"LISTEN NOW: The Fed continues to make moves to combat the coronavirus crisis, including assuring limitless asset pu… https://t.co/2g1K81EdRO",1,neutral,1,neutral,neutral,1,0,FinGPT-Bloom-7B1-LoRA,tfns,-10.221064567565918,0.38806381821632385,-10.096064567565918,0.43973392248153687,-11.033564567565918,0.17220227420330048
153,LIVE: Fed Chair Powell testifies before the Senate Banking Committee https://t.co/RsYYaf1Et1,1,neutral,1,neutral,neutral,1,0,FinGPT-Bloom-7B1-LoRA,tfns,-11.698797225952148,0.09309311956167221,-9.511297225952148,0.8297299742698669,-11.886297225952148,0.07717690616846085
154,Markets bet Fed is pushed to cut rates in coronavirus response https://t.co/4NDOpE6Kka https://t.co/8L2dYY8EYK,1,neutral,0,negative,negative,0,0,FinGPT-Bloom-7B1-LoRA,tfns,-7.9365129470825195,0.9596718549728394,-12.37401294708252,0.01134856604039669,-11.43651294708252,0.028979580849409103
155,Minneapolis Fed chief Neel Kashkari says monetary policy can play the kind of redistributing role once thought to b… https://t.co/urzkYwOgOy,1,neutral,1,neutral,neutral,1,0,FinGPT-Bloom-7B1-LoRA,tfns,-10.316190719604492,0.4301718473434448,-10.316190719604492,0.4301718473434448,-11.441190719604492,0.13965635001659393
156,Morocco is considering tapping at least part of a $2.97 billion liquidity line with the IMF as the coronavirus outb… https://t.co/8Fn0bGuM7L,1,neutral,0,negative,negative,0,0,FinGPT-Bloom-7B1-LoRA,tfns,-8.732995986938477,0.723645031452179,-10.357995986938477,0.14249414205551147,-10.420495986938477,0.13386087119579315
157,New Zealand central bank governor Adrian Orr may signal he's prepared to cut interest rates to cushion the economic... https://t.co/i8Oz63zrZK,1,neutral,0,negative,negative,0,0,FinGPT-Bloom-7B1-LoRA,tfns,-7.611603260040283,0.9186083078384399,-11.736602783203125,0.014847926795482635,-10.236602783203125,0.06654379516839981
158,Norway's central bank governor says it's too early to reach any conclusions on the long term outlook for inflation https://t.co/Jy76GFLKm2,1,neutral,2,positive,positive,0,0,FinGPT-Bloom-7B1-LoRA,tfns,-10.734265327453613,0.13478079438209534,-10.234265327453613,0.22221596539020538,-9.171765327453613,0.6430031657218933
159,Praet: ECB Needs Governments to Act,1,neutral,1,neutral,neutral,1,0,FinGPT-Bloom-7B1-LoRA,tfns,-11.893840789794922,0.04470359906554222,-8.893840789794922,0.8978958129882812,-11.643840789794922,0.05740055814385414
160,"Rabobank: ""Fed's Kashkari Has Just Come Out With A Jaw-Dropping Policy Shift"" https://t.co/8TYLEPXBXU",1,neutral,0,negative,negative,0,0,FinGPT-Bloom-7B1-LoRA,tfns,-8.906360626220703,0.7710157036781311,-10.468860626220703,0.16161367297172546,-11.343860626220703,0.06737060099840164
161,"RBI May Cut Rates Later This Year, TS Lombard Says",1,neutral,0,negative,negative,0,0,FinGPT-Bloom-7B1-LoRA,tfns,-9.002208709716797,0.9946584105491638,-14.752208709716797,0.0031657798681408167,-15.127208709716797,0.0021758065558969975
162,RBI’s Long-Term Repo Operations Seen As Stealth Move To Bring Down Rates,1,neutral,0,negative,negative,0,0,FinGPT-Bloom-7B1-LoRA,tfns,-8.197982788085938,0.9302006363868713,-12.697982788085938,0.010333596728742123,-10.947982788085938,0.05946573615074158
163,Spain to guarantee up to 80% of SME bank loans to ease virus impact #economy #MarketScreener https://t.co/SAmTS65y1z https://t.co/JFT2FzyZVp,1,neutral,1,neutral,neutral,1,0,FinGPT-Bloom-7B1-LoRA,tfns,-11.76363754272461,0.058793939650058746,-9.51363754272461,0.5578213930130005,-9.88863754272461,0.38338467478752136
164,The Bank of England's Financial Policy Committee says it's prepared to take further action as needed to help the fi… https://t.co/nXFVWsODV3,1,neutral,1,neutral,neutral,1,0,FinGPT-Bloom-7B1-LoRA,tfns,-11.273614883422852,0.167952761054039,-9.773614883422852,0.7527120113372803,-12.023614883422852,0.07933525741100311
165,The Bank of England's Term Funding Scheme... #Stock #MarketScreener https://t.co/UYAUVEOvlM https://t.co/SeJVLxIyZA,1,neutral,1,neutral,neutral,1,0,FinGPT-Bloom-7B1-LoRA,tfns,-11.516342163085938,0.10848239809274673,-9.516342163085938,0.8015825748443604,-11.703842163085938,0.0899350643157959
166,The Committee lowers the CBR to 7.25PC #Stock #MarketScreener https://t.co/fUgL7df83o https://t.co/p3lSsTQ3JL,1,neutral,0,negative,negative,0,0,FinGPT-Bloom-7B1-LoRA,tfns,-7.864147186279297,0.9375389218330383,-11.364147186279297,0.028311222791671753,-11.176647186279297,0.03414985537528992
167,"The consensus case for following the Fed is right, Ashok Bhatia of Neuberger Bergman tells @FerroTV… https://t.co/O4PII3Nx4S",1,neutral,1,neutral,neutral,1,0,FinGPT-Bloom-7B1-LoRA,tfns,-11.514680862426758,0.13437442481517792,-9.764680862426758,0.7732714414596558,-11.889680862426758,0.09235410392284393
168,The Fed mounted an extraordinary new array of programs to offset the 'severe disruptions' to the economy caused by… https://t.co/Q0oP8CE8Vy,1,neutral,1,neutral,neutral,1,0,FinGPT-Bloom-7B1-LoRA,tfns,-9.234630584716797,0.6533504128456116,-10.297130584716797,0.22579188644886017,-10.922130584716797,0.12085768580436707
169,The Federal Reserve has launched an array of programs aimed at helping the markets and economy through the coronavi… https://t.co/pEUAkq0LF0,1,neutral,1,neutral,neutral,1,0,FinGPT-Bloom-7B1-LoRA,tfns,-11.713311195373535,0.1210816353559494,-9.900811195373535,0.7417148947715759,-11.588311195373535,0.13720346987247467
170,"The Federal Reserve System includes 12 districts. Using those numbers, 1-12, is a handy way to learn about the cent… https://t.co/cbNWuE9tqT",1,neutral,1,neutral,neutral,1,0,FinGPT-Bloom-7B1-LoRA,tfns,-10.928815841674805,0.19921787083148956,-9.803815841674805,0.6136342883110046,-10.991315841674805,0.18714787065982819
171,"The FRED Blog: Since the end of the Great Recession, market-based measures of long-run inflation expectations have… https://t.co/0xHldQgKkG",1,neutral,1,neutral,neutral,1,0,FinGPT-Bloom-7B1-LoRA,tfns,-9.629241943359375,0.4257885813713074,-10.191741943359375,0.2426069974899292,-9.879241943359375,0.3316044807434082
172,The IMF may launch a new program that could back up the Federal Reserve's campaign to keep dollars flowing in the g… https://t.co/lKciLE5v3x,1,neutral,1,neutral,neutral,1,0,FinGPT-Bloom-7B1-LoRA,tfns,-10.935611724853516,0.1543426215648651,-10.060611724853516,0.3702487051486969,-9.810611724853516,0.47540873289108276
173,The Most Momentous Rate Decision This Month Isn’t at Fed or ECB,1,neutral,2,positive,positive,0,0,FinGPT-Bloom-7B1-LoRA,tfns,-9.748055458068848,0.3454356789588928,-13.373055458068848,0.009205549024045467,-9.123055458068848,0.6453588008880615
174,"-The U.K. will go into full lockdown to stymie the spread of coronavirus
-The Fed offers to directly finance U.S. c… https://t.co/ruvvXSN2l8",1,neutral,1,neutral,neutral,1,0,FinGPT-Bloom-7B1-LoRA,tfns,-9.545280456542969,0.3891374468803406,-9.920280456542969,0.2674500048160553,-9.670280456542969,0.3434125781059265
175,Top economists say that the spread of the new coronavirus outbreak makes it more likely that the Federal Reserve wi… https://t.co/tvoJevdk2y,1,neutral,0,negative,negative,0,0,FinGPT-Bloom-7B1-LoRA,tfns,-9.045012474060059,0.7009607553482056,-10.420012474060059,0.1772306263446808,-10.795012474060059,0.12180870026350021
176,Two crisis-veteran Federal Reserve officials said the central bank has plenty of room for more moves following a fl… https://t.co/8tGk3P7TPq,1,neutral,1,neutral,neutral,1,0,FinGPT-Bloom-7B1-LoRA,tfns,-10.360444068908691,0.366599440574646,-10.110444068908691,0.4707230031490326,-11.172944068908691,0.16267752647399902
177,"Two weeks later, no change, Fed ain't stopping the selling",1,neutral,2,positive,positive,0,0,FinGPT-Bloom-7B1-LoRA,tfns,-12.647100448608398,0.013856191188097,-12.584600448608398,0.014749838970601559,-8.397100448608398,0.9713940024375916
178,U.S. Fed preparing to buy new small business payroll loans: Wall Street Journal https://t.co/bKlfm9QFgB https://t.co/ZnUbuWVFFu,1,neutral,1,neutral,neutral,1,0,FinGPT-Bloom-7B1-LoRA,tfns,-11.463499069213867,0.07936988025903702,-9.838499069213867,0.4030734896659851,-9.588499069213867,0.5175566077232361
179,UK starts first stage of 330 billion pound loan guarantee scheme https://t.co/hZiqmzoZBr https://t.co/0z6Kisr3Oe,1,neutral,1,neutral,neutral,1,0,FinGPT-Bloom-7B1-LoRA,tfns,-11.515481948852539,0.09802070260047913,-9.390481948852539,0.8207172751426697,-11.702981948852539,0.0812620148062706
180,Zambia’s kwacha staged a comeback on Tuesday after the central bank raised the amount of funds that commercial lend… https://t.co/oS097rGn8S,1,neutral,1,neutral,neutral,1,0,FinGPT-Bloom-7B1-LoRA,tfns,-9.32296085357666,0.518977165222168,-10.26046085357666,0.20323437452316284,-9.94796085357666,0.2777884900569916
181,Bank of America sees demand surge for paycheck protection loans https://t.co/6feALqK8zN,0,negative,2,positive,positive,0,0,FinGPT-Bloom-7B1-LoRA,tfns,-11.593462944030762,0.04309023916721344,-10.093462944030762,0.19311703741550446,-8.718462944030762,0.7637927532196045
182,$HON - Honeywell says MAX production freeze to hurt 2020 sales growth https://t.co/ADon2RBcIz,0,negative,0,negative,negative,1,0,FinGPT-Bloom-7B1-LoRA,tfns,-8.136439323425293,0.9904200434684753,-13.636439323425293,0.0040476201102137566,-13.323939323425293,0.005532441195100546
183,Africa retailer Jumia suspends e-commerce in Cameroon,0,negative,0,negative,negative,1,0,FinGPT-Bloom-7B1-LoRA,tfns,-8.782349586486816,0.9545463919639587,-13.094849586486816,0.012790929526090622,-12.157349586486816,0.032662779092788696
184,Amazon blames holiday delivery delays on winter storms and high demand https://t.co/TjLnFZBE44,0,negative,0,negative,negative,1,0,FinGPT-Bloom-7B1-LoRA,tfns,-8.758788108825684,0.990537703037262,-13.883788108825684,0.005889952182769775,-14.383788108825684,0.003572436748072505
185,Beckhams’ business empire sees revenues drop 18% https://t.co/Vyukksr4NP,0,negative,0,negative,negative,1,0,FinGPT-Bloom-7B1-LoRA,tfns,-9.007702827453613,0.9888833165168762,-13.882702827453613,0.007550216745585203,-14.632702827453613,0.0035664699971675873
186,BREAKING: FDA issues ban on some fruit and mint flavored vaping products https://t.co/MxWx3AqSi8,0,negative,2,positive,positive,0,0,FinGPT-Bloom-7B1-LoRA,tfns,-10.167793273925781,0.2140229195356369,-10.417793273925781,0.1666812151670456,-9.105293273925781,0.6192958354949951
187,Bristol-Myers says trial of Opdivo plus Yervoy in melanoma treatment failed to meet main goal,0,negative,0,negative,negative,1,0,FinGPT-Bloom-7B1-LoRA,tfns,-9.121663093566895,0.5268055200576782,-11.246663093566895,0.06291794776916504,-9.371663093566895,0.4102765619754791
188,Casino Operator Wynn Resorts Is Losing Up To $2.6 Million Per Day From Coronavirus Shutdown,0,negative,0,negative,negative,1,0,FinGPT-Bloom-7B1-LoRA,tfns,-8.56639289855957,0.6962048411369324,-12.50389289855957,0.013573833741247654,-9.44139289855957,0.29022133350372314
189,"China Solar Group Flags Raw Material, Labor Shortages on Virus",0,negative,0,negative,negative,1,0,FinGPT-Bloom-7B1-LoRA,tfns,-9.095840454101562,0.783620297908783,-12.033340454101562,0.04153035208582878,-10.595840454101562,0.17484931647777557
190,Fiat Chrysler Relies on Ram Growth as Europe Losses Mount,0,negative,0,negative,negative,1,0,FinGPT-Bloom-7B1-LoRA,tfns,-8.655617713928223,0.6999431252479553,-13.093117713928223,0.00827715266495943,-9.530617713928223,0.29177969694137573
191,"Ford recalls 262,000 pickup trucks with defective tailgate latches https://t.co/r1OmCaHlBs",0,negative,0,negative,negative,1,0,FinGPT-Bloom-7B1-LoRA,tfns,-8.568479537963867,0.8769029378890991,-11.505979537963867,0.0464741550385952,-11.005979537963867,0.07662292569875717
192,Fox says cable ad revenue was hurt by impeachment coverage last quarter,0,negative,0,negative,negative,1,0,FinGPT-Bloom-7B1-LoRA,tfns,-8.383659362792969,0.9845587611198425,-12.946159362792969,0.010274793021380901,-13.633659362792969,0.005166490096598864
193,"ICYMI: Transport for London said Uber $UBER was not ""fit and proper"" to hold an operating license in London after a… https://t.co/6KXYb2e38V",0,negative,1,neutral,neutral,0,0,FinGPT-Bloom-7B1-LoRA,tfns,-10.460271835327148,0.29975923895835876,-9.960271835327148,0.49421945214271545,-10.835271835327148,0.20602130889892578
194,Jetstar to cut capacity by 10% in January as pilots take industrial action,0,negative,0,negative,negative,1,0,FinGPT-Bloom-7B1-LoRA,tfns,-7.67514181137085,0.8732565641403198,-12.300142288208008,0.008561101742088795,-9.675142288208008,0.11818236857652664
195,Lowe's to shut 34 Canadian stores as it reports revenue miss,0,negative,0,negative,negative,1,0,FinGPT-Bloom-7B1-LoRA,tfns,-7.809284687042236,0.926631510257721,-12.809285163879395,0.006243591196835041,-10.434285163879395,0.06712494045495987
196,Macy's says temporary issue with e-commerce business also impacted Q3 performance,0,negative,0,negative,negative,1,0,FinGPT-Bloom-7B1-LoRA,tfns,-8.148787498474121,0.7439649701118469,-12.086287498474121,0.014505008235573769,-9.273787498474121,0.24153004586696625
197,Mahindra Says Coronavirus May Jeopardize India Emissions Rollout,0,negative,2,positive,positive,0,0,FinGPT-Bloom-7B1-LoRA,tfns,-10.567136764526367,0.13386087119579315,-10.504636764526367,0.14249414205551147,-8.879636764526367,0.723645031452179
198,Major blockchain developer ConsenSys announces job losses #economy #MarketScreener https://t.co/ryVmI8mEkG https://t.co/bw56wJfVGF,0,negative,0,negative,negative,1,0,FinGPT-Bloom-7B1-LoRA,tfns,-8.77943229675293,0.9759968519210815,-12.65443229675293,0.02025616727769375,-14.34193229675293,0.0037470145616680384
199,"NTSB cites Uber, driver in fatal crash",0,negative,0,negative,negative,1,0,FinGPT-Bloom-7B1-LoRA,tfns,-8.282608032226562,0.9553418159484863,-14.157608032226562,0.002683358732610941,-11.407608032226562,0.04197479039430618
200,NVIDIA's New Cloud Service Could Spell Doom for Google's Stadia,0,negative,0,negative,negative,1,0,FinGPT-Bloom-7B1-LoRA,tfns,-8.639384269714355,0.9794757962226868,-14.576884269714355,0.002584462519735098,-12.639384269714355,0.017939725890755653
201,"Oaktree Strategic Income NII misses by $0.01, misses on total investment income",0,negative,0,negative,negative,1,0,FinGPT-Bloom-7B1-LoRA,tfns,-8.506027221679688,0.9883342981338501,-13.443527221679688,0.007088834419846535,-13.881027221679688,0.004576896317303181
202,PG&E Loses Half of Financial Backing for Bankruptcy in New Pacts,0,negative,0,negative,negative,1,0,FinGPT-Bloom-7B1-LoRA,tfns,-8.880315780639648,0.8651582598686218,-12.192815780639648,0.031513385474681854,-11.005315780639648,0.10332842171192169
203,"Stock Market Live Updates: Home Depot faults tariffs, lumber prices for grim quarter - Yahoo Finance",0,negative,2,positive,positive,0,0,FinGPT-Bloom-7B1-LoRA,tfns,-9.556581497192383,0.2906849682331085,-12.744081497192383,0.011998001486063004,-8.681581497192383,0.6973170042037964
204,"Trans Mountain Costs to Increase 70% to $9.5 Billion, CBC Says",0,negative,2,positive,positive,0,0,FinGPT-Bloom-7B1-LoRA,tfns,-14.565361022949219,0.004306009039282799,-14.252861022949219,0.005885615944862366,-9.127861022949219,0.9898084998130798
205,"Transport for London has decided not to extend Uber’s license to operate in the city. In a statement, transit offic… https://t.co/Wh2Fx1FLgh",0,negative,1,neutral,neutral,0,0,FinGPT-Bloom-7B1-LoRA,tfns,-10.037494659423828,0.3825390338897705,-10.349994659423828,0.27987152338027954,-10.162494659423828,0.3375895023345947
206,Tuna maker Bumble Bee Foods has filed for Chapter 11 bankruptcy protection. https://t.co/d2gVKB0BB3,0,negative,0,negative,negative,1,0,FinGPT-Bloom-7B1-LoRA,tfns,-8.3959379196167,0.9788985848426819,-12.4584379196167,0.016842881217598915,-13.8334379196167,0.004258547443896532
207,WeWork Could Leave Thousands Without Jobs,0,negative,2,positive,positive,0,0,FinGPT-Bloom-7B1-LoRA,tfns,-8.91305923461914,0.5696901679039001,-11.60055923461914,0.03876790404319763,-9.28805923461914,0.3915419578552246
208,Exxon is cutting billions of dollars in investments to keep its financial footing during the worst oil-price rout i… https://t.co/MI5vCEkhlm,0,negative,0,negative,negative,1,0,FinGPT-Bloom-7B1-LoRA,tfns,-7.933810234069824,0.916897714138031,-10.808810234069824,0.05172783136367798,-11.308810234069824,0.03137451410293579
209,$ICPT: Intercept Pharma reports publication of positive results from Phase 3 REGENERATE https://t.co/Md0lhRJikS,2,positive,1,neutral,neutral,0,0,FinGPT-Bloom-7B1-LoRA,tfns,-11.74446964263916,0.06595141440629959,-9.30696964263916,0.7547739744186401,-10.74446964263916,0.1792745441198349
210,$IEA - Infrastructure and Energy Alternatives secures two wind construction project awards totaling $115M https://t.co/hHMY90wYaC,2,positive,1,neutral,neutral,0,0,FinGPT-Bloom-7B1-LoRA,tfns,-10.702289581298828,0.24177764356136322,-9.889789581298828,0.5448543429374695,-10.827289581298828,0.2133680284023285
211,$KTOS: Kratos Defense and Security awarded a $39 million sole-source contract for Geolocation Global Support Servic… https://t.co/uPPTCX837l,2,positive,2,positive,positive,1,0,FinGPT-Bloom-7B1-LoRA,tfns,-11.914679527282715,0.03627243638038635,-12.164679527282715,0.028249002993106842,-8.664679527282715,0.9354785084724426
212,$MGTA - Magenta up 15% on promising data on ADC conditioning agent https://t.co/pKMo1OORDm,2,positive,2,positive,positive,1,0,FinGPT-Bloom-7B1-LoRA,tfns,-14.25351333618164,0.0045870644971728325,-14.19101333618164,0.0048829042352736,-8.87851333618164,0.9905300736427307
213,$RHHBY - Genentech nabs accelerated review status for risdiplam https://t.co/TlPBstlehr,2,positive,2,positive,positive,1,0,FinGPT-Bloom-7B1-LoRA,tfns,-11.777144432067871,0.04761504754424095,-11.652144432067871,0.053954917937517166,-8.839644432067871,0.8984300494194031
214,$SAGE - Sage Therapeutics to advance Huntington's candidate SAGE-718; shares up 2% https://t.co/Dhso6xIUJu,2,positive,2,positive,positive,1,0,FinGPT-Bloom-7B1-LoRA,tfns,-13.727046012878418,0.005867532454431057,-11.289546012878418,0.06715035438537598,-8.664546012878418,0.926982045173645
215,$SRNE UPDATE 1-Sorrento Therapeutics rejects all-cash takeout proposal; shares jump https://t.co/rPHkDVbzui via @YahooFinance,2,positive,2,positive,positive,1,0,FinGPT-Bloom-7B1-LoRA,tfns,-10.955390930175781,0.05870529264211655,-11.892890930175781,0.02298932522535324,-8.205390930175781,0.9183053374290466
216,$ZGNX - FDA OKs Zogenix's Fintepla for Dravet syndrome https://t.co/vdfppIz1AN,2,positive,2,positive,positive,1,0,FinGPT-Bloom-7B1-LoRA,tfns,-10.253832817077637,0.1576465219259262,-10.128832817077637,0.17863690853118896,-8.816332817077637,0.6637166142463684
217,5 Reasons To Love Wendy's On Its 50th Birthday,2,positive,2,positive,positive,1,0,FinGPT-Bloom-7B1-LoRA,tfns,-10.875574111938477,0.08877458423376083,-10.000574111938477,0.2129591554403305,-8.813074111938477,0.6982662081718445
218,AT&T says it will continue investing in Mexico: Mexican president,2,positive,1,neutral,neutral,0,0,FinGPT-Bloom-7B1-LoRA,tfns,-11.905231475830078,0.06912512332201004,-9.405231475830078,0.8421164155006409,-11.655231475830078,0.08875841647386551
219,BancorpSouth Bank boosts share repurchase program,2,positive,2,positive,positive,1,0,FinGPT-Bloom-7B1-LoRA,tfns,-13.197478294372559,0.010222572833299637,-13.197478294372559,0.010222572833299637,-8.634978294372559,0.9795548319816589
220,Boeing : Deliveries 24 Jets in November #Boeing #Stock #MarketScreener https://t.co/jtBrv76jG6 https://t.co/s9q1BEhwcC,2,positive,1,neutral,neutral,0,0,FinGPT-Bloom-7B1-LoRA,tfns,-12.00965690612793,0.08751088380813599,-9.75965690612793,0.8302801847457886,-12.07215690612793,0.08220887184143066
221,"Boeing 737 Max Net Orders Rise to -73 YTD in Nov. From -93 Oct. Yes, negative",2,positive,0,negative,negative,0,0,FinGPT-Bloom-7B1-LoRA,tfns,-8.487420082092285,0.5801425576210022,-11.799920082092285,0.021131692454218864,-8.862420082092285,0.3987257778644562
222,Canada's TD Beats Its U.S. Banking Competitors on Their Own Turf,2,positive,2,positive,positive,1,0,FinGPT-Bloom-7B1-LoRA,tfns,-9.49622917175293,0.31511783599853516,-12.37122917175293,0.017777729779481888,-8.74622917175293,0.6671044230461121
223,"Congratulations to Phreesia (NYSE: $PHR) who was just named 2020 Best in KLAS for Patient Intake Management 

Read... https://t.co/lgQFrG7lOr",2,positive,2,positive,positive,1,0,FinGPT-Bloom-7B1-LoRA,tfns,-10.559652328491211,0.13136842846870422,-10.372152328491211,0.1584605723619461,-8.872152328491211,0.7101709842681885
224,FDA Approves First Drug for Peanut Allergy,2,positive,2,positive,positive,1,0,FinGPT-Bloom-7B1-LoRA,tfns,-11.381372451782227,0.06234226003289223,-12.443872451782227,0.021544909104704857,-8.693872451782227,0.9161128401756287
225,Fortune Brands Home & Security (NYSE:FBHS) Shareholders Booked A 47% Gain In The Last Year,2,positive,2,positive,positive,1,0,FinGPT-Bloom-7B1-LoRA,tfns,-12.944711685180664,0.0190878938883543,-15.257211685180664,0.0018899573478847742,-9.007211685180664,0.9790220856666565
226,Hastings Technology Metals : Bulk Ore Sorting Trial Shows Outstanding Results #HastingsTechnologyMetals #Stock… https://t.co/jH9XEyDAxJ,2,positive,1,neutral,neutral,0,0,FinGPT-Bloom-7B1-LoRA,tfns,-10.943544387817383,0.19921787083148956,-9.818544387817383,0.6136342883110046,-11.006044387817383,0.18714787065982819
227,J.P. Morgan: Bausch to better weather the market than other specialty drugmakers,2,positive,2,positive,positive,1,0,FinGPT-Bloom-7B1-LoRA,tfns,-11.040718078613281,0.07109851390123367,-11.165718078613281,0.06274422258138657,-8.540718078613281,0.8661572337150574
228,Mediaset CEO upbeat on reaching accord with Vivendi,2,positive,2,positive,positive,1,0,FinGPT-Bloom-7B1-LoRA,tfns,-12.379473686218262,0.003171403892338276,-14.441973686218262,0.00040319873369298875,-6.629473686218262,0.996425449848175
229,Microfinance Loan Portfolio Jumps 48% In September Quarter,2,positive,0,negative,negative,0,0,FinGPT-Bloom-7B1-LoRA,tfns,-8.090439796447754,0.928922712802887,-11.840439796447754,0.021846169605851173,-11.027939796447754,0.04923110082745552
230,"Microsoft Could Win Next Phase Of Cloud Battle, Wedbush Says",2,positive,2,positive,positive,1,0,FinGPT-Bloom-7B1-LoRA,tfns,-11.762430191040039,0.04059351608157158,-10.949930191040039,0.09147889167070389,-8.699930191040039,0.867927610874176
231,NVIDIA : GPU-Powered Semi Simulation Snags Coveted Research Award #NVIDIA #Stock #MarketScreener… https://t.co/03LwvaKx5q,2,positive,1,neutral,neutral,0,0,FinGPT-Bloom-7B1-LoRA,tfns,-10.440666198730469,0.3314989507198334,-9.940666198730469,0.546549379825592,-11.440666198730469,0.12195165455341339
232,Pershing Square Holdings announces new $100M share buyback program,2,positive,2,positive,positive,1,0,FinGPT-Bloom-7B1-LoRA,tfns,-10.60068130493164,0.07704365253448486,-11.22568130493164,0.04123849794268608,-8.16318130493164,0.8817179203033447
233,Publicis Signals Worst May Be Over for Struggling Ad Group,2,positive,0,negative,negative,0,0,FinGPT-Bloom-7B1-LoRA,tfns,-8.257308006286621,0.9905250668525696,-14.507308006286621,0.0019121632212772965,-13.132308006286621,0.007562751416116953
234,Sales of grounded Boeing 737 MAX gather pace at Dubai Airshow,2,positive,2,positive,positive,1,0,FinGPT-Bloom-7B1-LoRA,tfns,-12.637544631958008,0.025866487994790077,-14.637544631958008,0.0035006487742066383,-9.012544631958008,0.9706328511238098
235,Sales of grounded Boeing 737 MAX pick up steam at Dubai Airshow,2,positive,2,positive,positive,1,0,FinGPT-Bloom-7B1-LoRA,tfns,-11.993589401245117,0.04854908958077431,-10.618589401245117,0.1920153796672821,-9.243589401245117,0.7594355344772339
236,SourceDay Announces Record Growth as One of Austin’s Fastest-Growing Companies,2,positive,2,positive,positive,1,0,FinGPT-Bloom-7B1-LoRA,tfns,-12.882688522338867,0.01095025148242712,-14.070188522338867,0.0033396377693861723,-8.382688522338867,0.9857101440429688
237,"Tezos rallies into the top ten cryptocurrencies, ousting Stellar",2,positive,2,positive,positive,1,0,FinGPT-Bloom-7B1-LoRA,tfns,-11.39807415008545,0.06963884085416794,-12.33557415008545,0.027270961552858353,-8.83557415008545,0.9030901789665222
238,This chart shows how Vanguard’s explosive growth has ‘taken on a life of its own’: https://t.co/8IOnrejNLy,2,positive,1,neutral,neutral,0,0,FinGPT-Bloom-7B1-LoRA,tfns,-10.386634826660156,0.38913795351982117,-10.386634826660156,0.38913795351982117,-10.949134826660156,0.22172410786151886
239,UPDATE 1-Keystone operator TC Energy sees EBITDA exceeding C$10 bln in 2022,2,positive,2,positive,positive,1,0,FinGPT-Bloom-7B1-LoRA,tfns,-11.887553215026855,0.022906141355633736,-13.887553215026855,0.0031000091694295406,-8.137553215026855,0.9739938974380493
240,UPDATE 1-Qualcomm expects 5G phone sales to double in 2021,2,positive,2,positive,positive,1,0,FinGPT-Bloom-7B1-LoRA,tfns,-12.501978874206543,0.02623332105576992,-11.876978874206543,0.049010295420885086,-8.939478874206543,0.9247564077377319
241,Why Walmart and Target are still winning with consumers https://t.co/TvPW2GzpQ6 by @DegrootMckenzie https://t.co/MHBf51cVBC,2,positive,2,positive,positive,1,0,FinGPT-Bloom-7B1-LoRA,tfns,-13.139518737792969,0.017580199986696243,-12.889518737792969,0.022573422640562057,-9.139518737792969,0.9598463773727417
242,$CVX - Chevron ramps output at key Venezuela oil project as U.S. weighs sanctions https://t.co/o4g9WuvJfo,2,positive,0,negative,negative,0,0,FinGPT-Bloom-7B1-LoRA,tfns,-8.372055053710938,0.8598886132240295,-11.122055053710938,0.054970838129520416,-10.684555053710938,0.08514050394296646
243,BP expects to keep Azeri ACG oil output stable as Shah Deniz gas powers ahead https://t.co/dcNqW5BxVN https://t.co/a0y3sr6K0u,2,positive,2,positive,positive,1,0,FinGPT-Bloom-7B1-LoRA,tfns,-10.184075355529785,0.21160145103931427,-10.621575355529785,0.1366201639175415,-9.059075355529785,0.6517783999443054
244,$AAPL - Apple delays theatrical debut of 'The Banker' https://t.co/vAHWmIoXp8,1,neutral,0,negative,negative,0,0,FinGPT-Bloom-7B1-LoRA,tfns,-8.030116081237793,0.9693880081176758,-13.342616081237793,0.004778682719916105,-11.655116081237793,0.025833316147327423
245,"$AAPL - Max out Apple's Mac Pro for $52,599 https://t.co/HIRuhy8Pqd",1,neutral,2,positive,positive,0,0,FinGPT-Bloom-7B1-LoRA,tfns,-11.203177452087402,0.06032312661409378,-11.328177452087402,0.053234972059726715,-8.515677452087402,0.8864418864250183
246,$ACER - Acer Therapeutics: Upcoming Catalysts. https://t.co/vseXJ9e1nH #business #investing #markets,1,neutral,2,positive,positive,0,0,FinGPT-Bloom-7B1-LoRA,tfns,-11.346026420593262,0.039103176444768906,-12.408526420593262,0.013513694517314434,-8.158526420593262,0.9473831653594971
247,$APLS - Apellis Pharmaceuticals (APLS) Investor Presentation - Slideshow. Read more and get updates on any stock!… https://t.co/wJLXS3OeNb,1,neutral,1,neutral,neutral,1,0,FinGPT-Bloom-7B1-LoRA,tfns,-10.442045211791992,0.33808648586273193,-10.067045211791992,0.49191293120384216,-11.129545211791992,0.1700005680322647
248,$ATRO - Astronics unveils universal radio field test solution https://t.co/diC9vddtwB,1,neutral,1,neutral,neutral,1,0,FinGPT-Bloom-7B1-LoRA,tfns,-10.665443420410156,0.1478041708469391,-9.040443420410156,0.7506115436553955,-11.040443420410156,0.10158422589302063
249,$AUDC: AudioCodes enters into royalty buyout agreement with the Israel National Authority for Technology and... https://t.co/YVzJTV68bn,1,neutral,1,neutral,neutral,1,0,FinGPT-Bloom-7B1-LoRA,tfns,-10.797229766845703,0.2585151195526123,-10.172229766845703,0.48296982049942017,-10.797229766845703,0.2585151195526123
250,"$BA 737 MAX makes debut at Renton, Washington Factory - Bloomberg",1,neutral,2,positive,positive,0,0,FinGPT-Bloom-7B1-LoRA,tfns,-11.348301887512207,0.04867342859506607,-10.285801887512207,0.14084123075008392,-8.535801887512207,0.8104853630065918
251,$BGNE: BeiGene reports clinical data on Tislelizumab https://t.co/f1bfcfhxoh,1,neutral,1,neutral,neutral,1,0,FinGPT-Bloom-7B1-LoRA,tfns,-10.981293678283691,0.0736510306596756,-8.543793678283691,0.8428913950920105,-10.856293678283691,0.08345755189657211
252,$CMI - Cummins (CMI) Investor Presentation - Slideshow. Continue reading: https://t.co/4ropk5quxp #investing #stocks #business,1,neutral,0,negative,negative,0,0,FinGPT-Bloom-7B1-LoRA,tfns,-8.76930046081543,0.4030735194683075,-10.39430046081543,0.07936988025903702,-8.51930046081543,0.5175566077232361
253,$DAN - Dana (DAN) Presents At 7th Annual Industrials Conference - Slideshow. Get more updates here:… https://t.co/34xt9wQ6lG,1,neutral,1,neutral,neutral,1,0,FinGPT-Bloom-7B1-LoRA,tfns,-10.938652038574219,0.2938145697116852,-10.313652038574219,0.548917829990387,-11.563652038574219,0.15726760029792786
254,$ENLC - EnLink Midstream (ENLC) Presents At RBC Capital Markets Midstream Conference - Slideshow. Continue reading:… https://t.co/2mbkE6IWgW,1,neutral,1,neutral,neutral,1,0,FinGPT-Bloom-7B1-LoRA,tfns,-10.056544303894043,0.34906890988349915,-9.931544303894043,0.39554688334465027,-10.369044303894043,0.25538426637649536
255,$EPR: EPR Properties announces sale of charter school portfolio for approximately $454 mln; lowers FY19 FFO guidance https://t.co/i4GZ0uGlgp,1,neutral,0,negative,negative,0,0,FinGPT-Bloom-7B1-LoRA,tfns,-8.06132984161377,0.9553987383842468,-12.06132984161377,0.017498739063739777,-11.62382984161377,0.027102576568722725
256,$EQNR $SU - Siccar Point attracts bids as high as nearly $2B - Reuters https://t.co/CMSO3XjoN1,1,neutral,2,positive,positive,0,0,FinGPT-Bloom-7B1-LoRA,tfns,-12.205144882202148,0.024263596162199974,-13.517644882202148,0.006530458107590675,-8.517644882202148,0.969205915927887
257,$INTI - Inhibitor Therapeutics to start prostate cancer treatment trial https://t.co/hKmHpHCXGJ,1,neutral,1,neutral,neutral,1,0,FinGPT-Bloom-7B1-LoRA,tfns,-9.945378303527832,0.29701459407806396,-9.632878303527832,0.40597084164619446,-9.945378303527832,0.29701459407806396
258,$ITRN - Margins suffer at Ituran Location in Q3 https://t.co/cCI94Csl3s,1,neutral,0,negative,negative,0,0,FinGPT-Bloom-7B1-LoRA,tfns,-7.878664016723633,0.9951037168502808,-14.128664016723633,0.0019210021710023284,-13.691164016723633,0.0029753062408417463
259,$KSU - Kansas City Southern (KSU) Presents At 7th Annual Industrials Conference - Slideshow. Keep reading:… https://t.co/GndL4OFGVw,1,neutral,1,neutral,neutral,1,0,FinGPT-Bloom-7B1-LoRA,tfns,-10.700014114379883,0.26856231689453125,-9.950014114379883,0.5685464143753052,-11.200014114379883,0.16289128363132477
260,$LJPC (halted pre) La Jolla Pharmaceutical (LJPC) to Reassess Continued Development of LJPC-401 Based on Recent Mix… https://t.co/8wDkULKz7f,1,neutral,0,negative,negative,0,0,FinGPT-Bloom-7B1-LoRA,tfns,-8.389820098876953,0.775981605052948,-10.389820098876953,0.10501769185066223,-10.264820098876953,0.1190006360411644
261,$MDGL - Madrigal launches 1.2M-share stock offering by current investor https://t.co/V3c2xhnDBB,1,neutral,1,neutral,neutral,1,0,FinGPT-Bloom-7B1-LoRA,tfns,-12.404265403747559,0.04258143901824951,-9.404265403747559,0.85527104139328,-11.529265403747559,0.10214756429195404
262,$MIST - Milestone Pharmaceuticals (MIST) Investor Presentation - Slideshow. Read more and get updates on any stock!… https://t.co/JDkL37unei,1,neutral,1,neutral,neutral,1,0,FinGPT-Bloom-7B1-LoRA,tfns,-10.476318359375,0.34497764706611633,-10.101318359375,0.5019394755363464,-11.288818359375,0.15308289229869843
263,$NGL - NGL Energy Partners (NGL) Presents At RBC Capital Markets Midstream Conference - Slideshow. Keep reading:… https://t.co/KxjcrlAlcX,1,neutral,1,neutral,neutral,1,0,FinGPT-Bloom-7B1-LoRA,tfns,-10.971659660339355,0.21829843521118164,-9.909159660339355,0.63166743516922,-11.346659660339355,0.15003417432308197
264,$NSC - Norfolk Southern (NSC) Presents At 7th Annual Industrials Conference - Slideshow. Follow this and any other… https://t.co/D8uQNEKjmz,1,neutral,1,neutral,neutral,1,0,FinGPT-Bloom-7B1-LoRA,tfns,-10.927621841430664,0.2562980651855469,-10.052621841430664,0.6148271560668945,-11.615121841430664,0.1288747638463974
265,"$PBR $BAK - Petrobras CEO wants fast sale of Braskem, improved Brazil auction process https://t.co/utBwKEfXai",1,neutral,2,positive,positive,0,0,FinGPT-Bloom-7B1-LoRA,tfns,-13.006046295166016,0.009669344872236252,-13.881046295166016,0.004030782263725996,-8.381046295166016,0.9862999320030212
266,$PFBOF - Bumbershoot Holdings - 2019 Investor Letter. https://t.co/VSz41aei6i #finance #markets #stockmarket,1,neutral,1,neutral,neutral,1,0,FinGPT-Bloom-7B1-LoRA,tfns,-11.406612396240234,0.10650688409805298,-9.531612396240234,0.6945120692253113,-10.781612396240234,0.19898104667663574
267,$PI - Impinj plans $75M private offering https://t.co/TgxgZBHfqy,1,neutral,2,positive,positive,0,0,FinGPT-Bloom-7B1-LoRA,tfns,-10.211146354675293,0.14601679146289825,-9.898646354675293,0.19958128035068512,-8.711146354675293,0.6544018387794495
268,$PZZA - Papa John's International (PZZA) Investor Presentation - Slideshow. Read more and sign up for updates:… https://t.co/S2JCz391yG,1,neutral,1,neutral,neutral,1,0,FinGPT-Bloom-7B1-LoRA,tfns,-10.633888244628906,0.1596352458000183,-10.196388244628906,0.24724788963794708,-9.321388244628906,0.5931168794631958
269,$REGN: Regeneron Pharma and Sanofi (SNY) restructure Kevzara and Paluent agreement https://t.co/PH1vNcbN28,1,neutral,2,positive,positive,0,0,FinGPT-Bloom-7B1-LoRA,tfns,-9.770038604736328,0.19771932065486908,-10.020038604736328,0.1539839655160904,-8.582538604736328,0.6482967138290405
270,$RM - Regional Management (RM) Investor Presentation - Slideshow. Get more info on Seeking Alpha:… https://t.co/oTKMYsuWee,1,neutral,1,neutral,neutral,1,0,FinGPT-Bloom-7B1-LoRA,tfns,-9.932149887084961,0.5122631788253784,-10.432149887084961,0.3107033371925354,-10.994649887084961,0.1770334392786026
271,$SAVE - Spirit Airlines (SAVE) Investor Presentation - Slideshow. Subscribe to Seeking Alpha for more:… https://t.co/p8zUL1L274,1,neutral,1,neutral,neutral,1,0,FinGPT-Bloom-7B1-LoRA,tfns,-9.55729866027832,0.6439726948738098,-10.55729866027832,0.2369043380022049,-11.24479866027832,0.11912297457456589
272,$SO - Final containment ring placed for Georgia Power's Vogtle nuclear expansion https://t.co/gTNtdx755r,1,neutral,2,positive,positive,0,0,FinGPT-Bloom-7B1-LoRA,tfns,-8.995579719543457,0.4885745346546173,-12.058079719543457,0.02285093627870083,-8.995579719543457,0.4885745346546173
273,"$SRNE - Sorrento received, rejected unsolicited acquisition proposal https://t.co/jNJl3adLlp",1,neutral,0,negative,negative,0,0,FinGPT-Bloom-7B1-LoRA,tfns,-8.106334686279297,0.8462221026420593,-11.668834686279297,0.024005474522709846,-9.981334686279297,0.1297723650932312
274,$VRML - Vermillion (VRML) Investor Presentation - Slideshow. Keep reading: https://t.co/Ms2VW2VLX3 #finance #stocks #business,1,neutral,0,negative,negative,0,0,FinGPT-Bloom-7B1-LoRA,tfns,-8.965353965759277,0.4836810529232025,-10.652853965759277,0.08947199583053589,-9.090353965759277,0.42684701085090637
275,$XOM - Exxon to wrap up Beaumont hydrocracker restart next week - Reuters https://t.co/qF2gXFqc5r,1,neutral,1,neutral,neutral,1,0,FinGPT-Bloom-7B1-LoRA,tfns,-10.983527183532715,0.06291794776916504,-8.858527183532715,0.5268055200576782,-9.108527183532715,0.41027653217315674
276,$XON: Intrexon to achieve $175 mln cash goal; appoints Helen Sabzevari as New President and CEO; will change name t… https://t.co/1Yt9sU0plb,1,neutral,1,neutral,neutral,1,0,FinGPT-Bloom-7B1-LoRA,tfns,-10.810757637023926,0.23914895951747894,-10.060757637023926,0.5062783360481262,-10.748257637023926,0.25457271933555603
277,"3M is exploring a sale of its drug delivery systems unit, which could fetch about $1 billion https://t.co/ISlbwO3FCd",1,neutral,1,neutral,neutral,1,0,FinGPT-Bloom-7B1-LoRA,tfns,-10.769596099853516,0.11203718930482864,-9.457096099853516,0.41626861691474915,-9.332096099853516,0.4716941714286804
278,A meaty situation for Burger King,1,neutral,2,positive,positive,0,0,FinGPT-Bloom-7B1-LoRA,tfns,-10.831876754760742,0.0996236503124237,-10.331876754760742,0.1642516404390335,-8.831876754760742,0.7361247539520264
279,A New Look at Wendy's,1,neutral,1,neutral,neutral,1,0,FinGPT-Bloom-7B1-LoRA,tfns,-11.08952808380127,0.0803011953830719,-8.96452808380127,0.6723536849021912,-9.96452808380127,0.24734511971473694
280,accesso Technology : Form 8.3 - Accesso Technology Group PLC #accessoTechnology #Stock #MarketScreener… https://t.co/U7Ek9RNca7,1,neutral,1,neutral,neutral,1,0,FinGPT-Bloom-7B1-LoRA,tfns,-11.512391090393066,0.11820007115602493,-9.637391090393066,0.770761251449585,-11.574891090393066,0.1110386922955513
281,ACI Worlwide to deliver Universal Payments tech via Azure,1,neutral,2,positive,positive,0,0,FinGPT-Bloom-7B1-LoRA,tfns,-11.395403861999512,0.05212341621518135,-10.145403861999512,0.1819286048412323,-8.707903861999512,0.7659479975700378
282,Activision Blizzard’s Revenue To See Double-Digit Decline In 2019?,1,neutral,1,neutral,neutral,1,0,FinGPT-Bloom-7B1-LoRA,tfns,-10.808037757873535,0.2938145697116852,-10.183037757873535,0.548917829990387,-11.433037757873535,0.15726760029792786
283,Adocia annonce son calendrier financier pour l’année 2020,1,neutral,1,neutral,neutral,1,0,FinGPT-Bloom-7B1-LoRA,tfns,-11.762079238891602,0.09940173476934433,-9.637079238891602,0.8322805166244507,-12.137079238891602,0.06831774860620499
284,Advent to build up hair care brand following Olaplex buyout,1,neutral,2,positive,positive,0,0,FinGPT-Bloom-7B1-LoRA,tfns,-13.100586891174316,0.01284020859748125,-12.288086891174316,0.028935857117176056,-8.788086891174316,0.9582239985466003
285,AGF Announces Closure and Liquidation of AGFiQ U.S. Market Neutral Size Fund  https://t.co/lOOBLANzmz,1,neutral,1,neutral,neutral,1,0,FinGPT-Bloom-7B1-LoRA,tfns,-10.19722843170166,0.3092344403266907,-9.82222843170166,0.4499334692955017,-10.44722843170166,0.24083203077316284
286,Airbus dominates second day of Dubai show as Boeing wins MAX order,1,neutral,2,positive,positive,0,0,FinGPT-Bloom-7B1-LoRA,tfns,-14.191400527954102,0.005541266407817602,-15.003900527954102,0.0024589220993220806,-9.003900527954102,0.9919998645782471
287,Aivo’s Conversational AI Bot Now Available on Genesys AppFoundry,1,neutral,1,neutral,neutral,1,0,FinGPT-Bloom-7B1-LoRA,tfns,-10.685735702514648,0.177825465798378,-9.435735702514648,0.6206718683242798,-10.560735702514648,0.20150265097618103
288,Alibaba Guides Pricing on Hong Kong Listing Around HK$176,1,neutral,2,positive,positive,0,0,FinGPT-Bloom-7B1-LoRA,tfns,-11.056731224060059,0.04161630943417549,-12.369231224060059,0.011200876906514168,-7.931731224060059,0.9471827745437622
289,Alibaba on track to raise $12.9 billion in Hong Kong listing - CNN,1,neutral,2,positive,positive,0,0,FinGPT-Bloom-7B1-LoRA,tfns,-14.752927780151367,0.004030782263725996,-13.877927780151367,0.009669344872236252,-9.252927780151367,0.9862999320030212
290,Alibaba share sale for $13.B Hong Kong listing oversubscribed,1,neutral,2,positive,positive,0,0,FinGPT-Bloom-7B1-LoRA,tfns,-9.204292297363281,0.3185633718967438,-13.016792297363281,0.007037981878966093,-8.454292297363281,0.67439866065979
291,Alibaba to pioneer paperless listing in break with Hong Kong norm - Reuters UK,1,neutral,1,neutral,neutral,1,0,FinGPT-Bloom-7B1-LoRA,tfns,-12.1070556640625,0.07566218823194504,-9.7945556640625,0.7641609907150269,-11.3570556640625,0.1601768434047699
292,"Aline Sara, CEO of @NaTakallam is the latest to take our 30 second challenge. The big question: how can the private… https://t.co/otUh5GYZpI",1,neutral,1,neutral,neutral,1,0,FinGPT-Bloom-7B1-LoRA,tfns,-11.221800804138184,0.17496433854103088,-9.909300804138184,0.650071382522583,-11.221800804138184,0.17496433854103088
293,Allergan : Form 8.3 -  #Allergan #Stock #MarketScreener https://t.co/Fc6eMgvCAQ https://t.co/4vPUhxFD8E,1,neutral,1,neutral,neutral,1,0,FinGPT-Bloom-7B1-LoRA,tfns,-11.151735305786133,0.1597319096326828,-9.651735305786133,0.7158687710762024,-11.401735305786133,0.1243993267416954
294,Allergan : Form 8.3 - -2- #Allergan #Stock #MarketScreener https://t.co/auV1AwcmcT https://t.co/HRDqybz3f8,1,neutral,1,neutral,neutral,1,0,FinGPT-Bloom-7B1-LoRA,tfns,-11.331294059753418,0.1248713955283165,-9.518794059753418,0.764930009841919,-11.456294059753418,0.11019862443208694
295,Amazon blocks third-party sellers from using FedEx shipping,1,neutral,1,neutral,neutral,1,0,FinGPT-Bloom-7B1-LoRA,tfns,-11.033519744873047,0.12865398824214935,-9.346019744873047,0.6954968571662903,-10.721019744873047,0.17584913969039917
296,Amazon tunes to new cloud wavelength https://t.co/ximH0zukU9,1,neutral,2,positive,positive,0,0,FinGPT-Bloom-7B1-LoRA,tfns,-11.610595703125,0.03302435204386711,-10.360595703125,0.11526631563901901,-8.360595703125,0.851709246635437
297,"Amazon will spend more than $35 billion on shipping costs this year, more than twice what it spent two years ago. T… https://t.co/7eBU5nTpEF",1,neutral,1,neutral,neutral,1,0,FinGPT-Bloom-7B1-LoRA,tfns,-9.195014953613281,0.6419216990470886,-10.382514953613281,0.19577504694461823,-10.570014953613281,0.16230322420597076
298,Angkor Reports Results From Banlung Drill Program  https://t.co/QWxX3i7DCR,1,neutral,1,neutral,neutral,1,0,FinGPT-Bloom-7B1-LoRA,tfns,-11.579066276550293,0.1153004840016365,-9.641566276550293,0.800343930721283,-11.891566276550293,0.08435562998056412
299,Ant Financial Considers Applying for Virtual Banking License in Singapore,1,neutral,2,positive,positive,0,0,FinGPT-Bloom-7B1-LoRA,tfns,-9.521049499511719,0.14781874418258667,-14.083549499511719,0.0015426271129399538,-7.7710490226745605,0.8506385684013367
300,Apple starts construction of new campus in Texas,1,neutral,2,positive,positive,0,0,FinGPT-Bloom-7B1-LoRA,tfns,-12.021344184875488,0.012312444858253002,-12.271344184875488,0.009588941931724548,-7.646344184875488,0.9780986309051514
301,"Apple's redesigned maps service has rolled out across the United States, giving users more accurate navigation and... https://t.co/RxC4CXqb71",1,neutral,2,positive,positive,0,0,FinGPT-Bloom-7B1-LoRA,tfns,-11.974283218383789,0.02700512297451496,-12.224283218383789,0.021031610667705536,-8.411783218383789,0.9519633650779724
302,ArcelorMittal willing to re-commit to Ilva steel plant on three conditions - paper,1,neutral,1,neutral,neutral,1,0,FinGPT-Bloom-7B1-LoRA,tfns,-11.547639846801758,0.08801549673080444,-9.422639846801758,0.7369447350502014,-10.860139846801758,0.17503972351551056
303,"ArcelorMittal, commissioners extend talks on Ilva plant - Reuters",1,neutral,1,neutral,neutral,1,0,FinGPT-Bloom-7B1-LoRA,tfns,-10.359162330627441,0.1539839655160904,-10.109162330627441,0.19771932065486908,-8.921662330627441,0.6482967138290405
304,"ArcelorMittal, commissioners extend talks on Italy's Ilva plant: lawyer",1,neutral,1,neutral,neutral,1,0,FinGPT-Bloom-7B1-LoRA,tfns,-10.408514022827148,0.16374172270298004,-9.471014022827148,0.4181291460990906,-9.471014022827148,0.4181291460990906
305,Arrow Electronics Forges New Global IoT Solutions Collaboration with Microshare Inc.,1,neutral,1,neutral,neutral,1,0,FinGPT-Bloom-7B1-LoRA,tfns,-12.511235237121582,0.04333830624818802,-9.511235237121582,0.8704731464385986,-11.823735237121582,0.08618851751089096
306,"As department stories struggle, Nordstrom makes a play in New York City",1,neutral,1,neutral,neutral,1,0,FinGPT-Bloom-7B1-LoRA,tfns,-10.515101432800293,0.19374696910381317,-10.640101432800293,0.17098112404346466,-9.327601432800293,0.6352719068527222
307,"ASAE Technology Exploration Conference Delivered Thought-Leaders, Live Demos and Best in Class Learning for Associa… https://t.co/shsWIU84Xy",1,neutral,1,neutral,neutral,1,0,FinGPT-Bloom-7B1-LoRA,tfns,-11.15025520324707,0.218195378780365,-10.02525520324707,0.6720890998840332,-11.83775520324707,0.1097155287861824
308,Ashley House : 10th December 2019 - Annual General Meeting and Trading Update #AshleyHouse #Stock #MarketScreener… https://t.co/MVwTUJjqON,1,neutral,1,neutral,neutral,1,0,FinGPT-Bloom-7B1-LoRA,tfns,-12.50692367553711,0.07050945609807968,-10.00692367553711,0.8589810729026794,-12.50692367553711,0.07050945609807968
309,Auto Expo 2020: JBM To Invest Rs 500 Crore In Electric Bus Business,1,neutral,2,positive,positive,0,0,FinGPT-Bloom-7B1-LoRA,tfns,-12.52947998046875,0.022547857835888863,-12.71697998046875,0.018692832440137863,-8.77947998046875,0.9587593078613281
310,AVJennings : AVJ Progressing with 3500 Lot Project in SEQ Growth Corridor #AVJennings #Stock #MarketScreener… https://t.co/wEuepnKClY,1,neutral,1,neutral,neutral,1,0,FinGPT-Bloom-7B1-LoRA,tfns,-11.334928512573242,0.19402669370174408,-10.459928512573242,0.465445876121521,-10.772428512573242,0.3405274450778961
311,Azure Healthcare : Rights Issue Offer Document Lodgement and Cleansing Notice #AzureHealthcare #Stock… https://t.co/ewCxUbTQM6,1,neutral,1,neutral,neutral,1,0,FinGPT-Bloom-7B1-LoRA,tfns,-12.692927360534668,0.054111018776893616,-9.880427360534668,0.9010294079780579,-12.880427360534668,0.04485961049795151
312,"Balance Point already near goal for new fundraise, just a year after $380m Fund III close",1,neutral,2,positive,positive,0,0,FinGPT-Bloom-7B1-LoRA,tfns,-11.564815521240234,0.02861682139337063,-11.752315521240234,0.023724179714918137,-8.064815521240234,0.9476589560508728
313,Barrick to sell Super Pit mine share for $750M,1,neutral,1,neutral,neutral,1,0,FinGPT-Bloom-7B1-LoRA,tfns,-12.239012718200684,0.03206651285290718,-9.239012718200684,0.6440731883049011,-9.926512718200684,0.3238603174686432
314,Bass Oil : Bunian-5 Testing Complete - Now Set to Commence Production #BassOil #Stock #MarketScreener… https://t.co/DmbhYHiI9T,1,neutral,1,neutral,neutral,1,0,FinGPT-Bloom-7B1-LoRA,tfns,-11.344842910766602,0.14769448339939117,-9.782342910766602,0.7046110033988953,-11.344842910766602,0.14769448339939117
315,Berenberg expects higher offer for LogMeIn,1,neutral,2,positive,positive,0,0,FinGPT-Bloom-7B1-LoRA,tfns,-13.69212532043457,0.003815633011981845,-14.19212532043457,0.002314298413693905,-8.12962532043457,0.9938701391220093
316,"BHP, Woodside agree on tolling price for Scarborough gas",1,neutral,0,negative,negative,0,0,FinGPT-Bloom-7B1-LoRA,tfns,-8.512398719787598,0.9799774289131165,-13.762398719787598,0.005142449866980314,-12.699898719787598,0.014880171045660973
317,Bobit Business Media’s Chris Brown Wins Eddie Award For Business Fleet Article  https://t.co/m1YoKG5j2w,1,neutral,1,neutral,neutral,1,0,FinGPT-Bloom-7B1-LoRA,tfns,-12.32614803314209,0.08345755189657211,-10.01364803314209,0.8428913950920105,-12.45114803314209,0.0736510306596756
318,Boeing announces additional order for 737 MAX planes,1,neutral,2,positive,positive,0,0,FinGPT-Bloom-7B1-LoRA,tfns,-12.10979175567627,0.04106724634766579,-10.60979175567627,0.18405064940452576,-9.17229175567627,0.7748821377754211
319,Boeing gets 10 additional orders for 737 MAX 8 planes valued at $1.2 billion from SunExpress,1,neutral,2,positive,positive,0,0,FinGPT-Bloom-7B1-LoRA,tfns,-13.63635540008545,0.012236327864229679,-13.38635540008545,0.01571175642311573,-9.26135540008545,0.9720519185066223
320,Boeing Maintains Supremacy Over Airbus at United Airlines Despite A321XLR Order,1,neutral,2,positive,positive,0,0,FinGPT-Bloom-7B1-LoRA,tfns,-11.518632888793945,0.08831759542226791,-13.018632888793945,0.01970631815493107,-9.206132888793945,0.8919761180877686
321,Brookfield Asset Management closes $20B infrastructure fund,1,neutral,1,neutral,neutral,1,0,FinGPT-Bloom-7B1-LoRA,tfns,-10.582947731018066,0.09760909527540207,-8.832947731018066,0.5617015957832336,-9.332947731018066,0.3406892418861389
322,Cadbury Chocolate Maker Sees ‘No Stopping of Growth’ in Demand,1,neutral,2,positive,positive,0,0,FinGPT-Bloom-7B1-LoRA,tfns,-10.240262985229492,0.19760987162590027,-12.490262985229492,0.020827926695346832,-8.865262985229492,0.7815622091293335
323,CAE : completes upgrades of CT-156 and CT-155 FTDs for NFTC program at 15 Wing Moose Jaw #CAE #Stock… https://t.co/QtvyZaPnzE,1,neutral,1,neutral,neutral,1,0,FinGPT-Bloom-7B1-LoRA,tfns,-12.062472343444824,0.059658922255039215,-9.937472343444824,0.4995180368423462,-10.062472343444824,0.44082310795783997
324,Cambridge Cognition : expands eCOA offering and wins contract with top 10 pharmaceutical c... #CambridgeCognition… https://t.co/KG7utY8LZm,1,neutral,1,neutral,neutral,1,0,FinGPT-Bloom-7B1-LoRA,tfns,-11.252134323120117,0.14056144654750824,-9.939634323120117,0.522249162197113,-10.377134323120117,0.3371894061565399
325,Canadian Milk Giant Saputo Homes in on Dairy-Free Deal This Year,1,neutral,1,neutral,neutral,1,0,FinGPT-Bloom-7B1-LoRA,tfns,-12.214900016784668,0.03913038596510887,-9.839900016784668,0.42069128155708313,-9.589900016784668,0.5401782989501953
326,Canadian regulator dismisses Catalyst request for cease trade order on Hudson's take private deal,1,neutral,2,positive,positive,0,0,FinGPT-Bloom-7B1-LoRA,tfns,-8.916999816894531,0.4324524402618408,-12.479499816894531,0.012267730198800564,-8.666999816894531,0.5552799105644226
327,"CG Power Gets Shareholders Nod To Raise Rs 5,000 Crore",1,neutral,2,positive,positive,0,0,FinGPT-Bloom-7B1-LoRA,tfns,-10.853914260864258,0.09697148203849792,-10.916414260864258,0.09109626710414886,-8.728914260864258,0.8119322657585144
328,Chipotle highlights fast drive-thru lanes,1,neutral,2,positive,positive,0,0,FinGPT-Bloom-7B1-LoRA,tfns,-10.864832878112793,0.08307360112667084,-12.114832878112793,0.023800985887646675,-8.489832878112793,0.8931254148483276
329,"Comstock Mining Provides Strategic Overview and Updates; Value Proposition, Strategic Initiatives and Reverse Stock… https://t.co/Yozj1lH9TS",1,neutral,1,neutral,neutral,1,0,FinGPT-Bloom-7B1-LoRA,tfns,-11.40962028503418,0.17440205812454224,-10.03462028503418,0.6897734999656677,-11.65962028503418,0.13582444190979004
330,"Cree, STM double silicon carbide wafer agreement",1,neutral,1,neutral,neutral,1,0,FinGPT-Bloom-7B1-LoRA,tfns,-12.28764533996582,0.021703898906707764,-8.53764533996582,0.9228732585906982,-11.35014533996582,0.05542284622788429
331,Crunch talks lead to Emirates order for 30 Boeing Dreamliners,1,neutral,1,neutral,neutral,1,0,FinGPT-Bloom-7B1-LoRA,tfns,-12.017412185668945,0.04766681045293808,-9.142412185668945,0.8449143767356873,-11.204912185668945,0.10741879791021347
332,"David Marcus heads the Facebook subsidiary Calibra, which is creating the digital wallet that lets you store and se… https://t.co/EBRdFFrkwo",1,neutral,1,neutral,neutral,1,0,FinGPT-Bloom-7B1-LoRA,tfns,-11.760613441467285,0.09043619781732559,-9.510613441467285,0.8580347895622253,-12.323113441467285,0.051528993993997574
333,Delta's CEO explains why Wifi isn't better on airplanes https://t.co/7HKHdNyP4Z https://t.co/fF7fvnSUlc,1,neutral,1,neutral,neutral,1,0,FinGPT-Bloom-7B1-LoRA,tfns,-11.185728073120117,0.17584913969039917,-9.810728073120117,0.6954968571662903,-11.498228073120117,0.12865398824214935
334,Disney is allowed to build nuclear power plants thanks to a 1967 law. But the park is turning to solar power with… https://t.co/BzRI5tlce3,1,neutral,1,neutral,neutral,1,0,FinGPT-Bloom-7B1-LoRA,tfns,-10.227836608886719,0.32649585604667664,-9.977836608886719,0.4192289710044861,-10.477836608886719,0.25427523255348206
335,Dyadic International : Announces Achieving Human Like Glycan Structures From Its Engineere... #DyadicInternational… https://t.co/eVfCZjC60j,1,neutral,1,neutral,neutral,1,0,FinGPT-Bloom-7B1-LoRA,tfns,-11.764457702636719,0.10964105278253555,-9.764457702636719,0.8101438879966736,-12.076957702636719,0.08021511137485504
336,Ecolab Launches Innovative Eco-Flex™ Non-Iodine Teat Dip,1,neutral,0,negative,negative,0,0,FinGPT-Bloom-7B1-LoRA,tfns,-9.070621490478516,0.399718314409256,-12.133121490478516,0.018695075064897537,-8.695621490478516,0.5815866589546204
337,"Elections boost YouGov's profile, but the company makes most of its money tracking brands and market trends https://t.co/8fp3XHBmHG",1,neutral,2,positive,positive,0,0,FinGPT-Bloom-7B1-LoRA,tfns,-9.685004234313965,0.2762559652328491,-10.372504234313965,0.1389102190732956,-8.935004234313965,0.5848338603973389
338,Elon Musk probably wasn’t expecting this… Watch what happened when Tesla unveiled its “bulletproof” Cybertruck:… https://t.co/WlDIOM3seK,1,neutral,1,neutral,neutral,1,0,FinGPT-Bloom-7B1-LoRA,tfns,-11.402996063232422,0.16964995861053467,-10.027996063232422,0.6709786057472229,-11.465496063232422,0.15937139093875885
339,Emerald Resources NL : Voluntary Suspension #EmeraldResourcesNL #Stock #MarketScreener https://t.co/zefjhT7YbV https://t.co/0f5IRUY68q,1,neutral,1,neutral,neutral,1,0,FinGPT-Bloom-7B1-LoRA,tfns,-11.821881294250488,0.09433790296316147,-9.634381294250488,0.8408246040344238,-12.196881294250488,0.06483743339776993
340,Emirates orders 30 Boeing 787 Dreamliners,1,neutral,2,positive,positive,0,0,FinGPT-Bloom-7B1-LoRA,tfns,-13.512507438659668,0.010867542587220669,-13.512507438659668,0.010867542587220669,-9.012507438659668,0.9782649278640747
341,Encana files paperwork for move to U.S. from Canada,1,neutral,1,neutral,neutral,1,0,FinGPT-Bloom-7B1-LoRA,tfns,-11.95286750793457,0.059898555278778076,-9.26536750793457,0.8802028894424438,-11.95286750793457,0.059898555278778076
342,Encantos Partners With Award-Winning Chef Aliya LeeKong to Develop New Food-Inspired Preschool Brand ISSA’S EDIBLE ADVENTURES™,1,neutral,1,neutral,neutral,1,0,FinGPT-Bloom-7B1-LoRA,tfns,-12.455341339111328,0.09852571040391922,-10.392841339111328,0.7749648094177246,-12.205341339111328,0.12650953233242035
343,Exclusive: Russia's VTB plans to expand grain business and then exit - CEO,1,neutral,2,positive,positive,0,0,FinGPT-Bloom-7B1-LoRA,tfns,-13.421028137207031,0.010627293027937412,-12.296028137207031,0.03273436427116394,-8.921028137207031,0.9566383957862854
344,FedEx discontinues pension for new hires,1,neutral,2,positive,positive,0,0,FinGPT-Bloom-7B1-LoRA,tfns,-12.025402069091797,0.02908278815448284,-13.337902069091797,0.00782752688974142,-8.525402069091797,0.963089644908905
345,Fidelity granted charter for virtual currency platform from New York state,1,neutral,2,positive,positive,0,0,FinGPT-Bloom-7B1-LoRA,tfns,-10.566393852233887,0.08443073183298111,-12.941393852233887,0.007853281684219837,-8.191393852233887,0.9077159762382507
346,Flynas exercises options for A321XLR jets,1,neutral,1,neutral,neutral,1,0,FinGPT-Bloom-7B1-LoRA,tfns,-11.225927352905273,0.07667931914329529,-8.975927352905273,0.7275131344795227,-10.288427352905273,0.19580751657485962
347,Ford and McDonalds are teaming up to create car parts out of coffee beans https://t.co/HZOpOUPKJh,1,neutral,1,neutral,neutral,1,0,FinGPT-Bloom-7B1-LoRA,tfns,-11.417196273803711,0.11017649620771408,-9.417196273803711,0.8141003251075745,-11.792196273803711,0.07572312653064728
348,Foxconn Interconnect Technology : Renewal of Continuing Connected Transactions - New Conti...… https://t.co/ni0Mg3aCxf,1,neutral,1,neutral,neutral,1,0,FinGPT-Bloom-7B1-LoRA,tfns,-11.637948989868164,0.1519467830657959,-10.012948989868164,0.7716495394706726,-12.325448989868164,0.0764036476612091
349,Foxconn won't amend Wisconsin contract - The Verge,1,neutral,1,neutral,neutral,1,0,FinGPT-Bloom-7B1-LoRA,tfns,-10.514811515808105,0.1910584717988968,-9.764811515808105,0.4044707715511322,-9.764811515808105,0.4044707715511322
350,"Franklin Berger Is The Independent Director of Kezar Life Sciences, Inc. (NASDAQ:KZR) And They Just Spent US$314k On Shares",1,neutral,2,positive,positive,0,0,FinGPT-Bloom-7B1-LoRA,tfns,-11.924257278442383,0.04777746647596359,-10.736757278442383,0.15665626525878906,-9.111757278442383,0.7955662608146667
351,Free Shipping Is the Key to Amazon's Success,1,neutral,1,neutral,neutral,1,0,FinGPT-Bloom-7B1-LoRA,tfns,-10.36362075805664,0.12012989073991776,-8.80112075805664,0.5731076598167419,-9.42612075805664,0.3067624568939209
352,Future Land Development : Speech on financial education #FutureLandDevelopment #Stock #MarketScreener… https://t.co/t5Y2rr9cBR,1,neutral,1,neutral,neutral,1,0,FinGPT-Bloom-7B1-LoRA,tfns,-12.195674896240234,0.08306299895048141,-9.883174896240234,0.8389065265655518,-12.258174896240234,0.07803045958280563
353,Galp Energia : secures new renewable power purchase agreement in Spain #GalpEnergia #Stock #MarketScreener… https://t.co/3b9FxGED3y,1,neutral,1,neutral,neutral,1,0,FinGPT-Bloom-7B1-LoRA,tfns,-11.948861122131348,0.08306299895048141,-9.636361122131348,0.8389065265655518,-12.011361122131348,0.07803045958280563
354,GCEL’s Digital Economy Platform To Assist Realization of Malaysia’s Shared Prosperity Vision 2030 Objectives,1,neutral,1,neutral,neutral,1,0,FinGPT-Bloom-7B1-LoRA,tfns,-11.528523445129395,0.15117529034614563,-10.028523445129395,0.6775206327438354,-11.403523445129395,0.17130404710769653
355,Genetic Signatures : Appendix 3B - Share Issue SPP #GeneticSignatures #Stock #MarketScreener https://t.co/082ZoLFZDn https://t.co/ZdNx7jp4uW,1,neutral,1,neutral,neutral,1,0,FinGPT-Bloom-7B1-LoRA,tfns,-10.900081634521484,0.22698535025119781,-9.900081634521484,0.6170100569725037,-11.275081634521484,0.15600457787513733
356,Germany's Condor sets ambitious margin target to court buyers https://t.co/COG93noQDO https://t.co/uTis2d6Fix,1,neutral,1,neutral,neutral,1,0,FinGPT-Bloom-7B1-LoRA,tfns,-9.400206565856934,0.5977778434753418,-10.400206565856934,0.21991020441055298,-10.587706565856934,0.18231192231178284
357,GM and South Korea’s LG Chem set $2.3 billion electric-vehicle-battery venture in Ohio. The joint venture is expect… https://t.co/px1loY3FYe,1,neutral,1,neutral,neutral,1,0,FinGPT-Bloom-7B1-LoRA,tfns,-10.203343391418457,0.3983403146266937,-10.515843391418457,0.2914319932460785,-10.453343391418457,0.31022775173187256
358,Goldman Sachs is planning on giving some of its most valuable software to Wall Street for free. https://t.co/dn4iEluF1j,1,neutral,1,neutral,neutral,1,0,FinGPT-Bloom-7B1-LoRA,tfns,-11.142594337463379,0.16441179811954498,-9.830094337463379,0.6108639240264893,-10.830094337463379,0.22472429275512695
359,"Goldman's Marcus aims to lure home buyers, sellers to its personal loan platform",1,neutral,2,positive,positive,0,0,FinGPT-Bloom-7B1-LoRA,tfns,-9.529129028320312,0.2815132737159729,-11.404129028320312,0.04317145794630051,-8.654129028320312,0.675315260887146
360,Google Stadia review: The game streaming service works — but it’s missing key features,1,neutral,1,neutral,neutral,1,0,FinGPT-Bloom-7B1-LoRA,tfns,-10.480758666992188,0.3995474874973297,-10.480758666992188,0.3995474874973297,-11.168258666992188,0.20090508460998535
361,Grazitti Interactive Expands Its Presence in North America,1,neutral,2,positive,positive,0,0,FinGPT-Bloom-7B1-LoRA,tfns,-11.878897666931152,0.042985908687114716,-12.003897666931152,0.037934932857751846,-8.816397666931152,0.9190792441368103
362,GreenPrint Launches IMPACT COLLECTIVE Sustainability Initiative,1,neutral,1,neutral,neutral,1,0,FinGPT-Bloom-7B1-LoRA,tfns,-11.815818786621094,0.04861082509160042,-9.315818786621094,0.5922010540962219,-9.815818786621094,0.35918810963630676
363,Heard on the Street: Dubai shows up Boeing’s wide-body woes https://t.co/Jla8Ap1CJm,1,neutral,1,neutral,neutral,1,0,FinGPT-Bloom-7B1-LoRA,tfns,-10.803791046142578,0.3169822692871094,-10.178791046142578,0.5922008156776428,-12.053791046142578,0.0908169373869896
364,Hedge fund Two Sigma builds private equity power with $1.2bn debut Sightway Capital fund close,1,neutral,2,positive,positive,0,0,FinGPT-Bloom-7B1-LoRA,tfns,-12.779016494750977,0.013763821683824062,-12.341516494750977,0.021317824721336365,-8.529016494750977,0.9649184346199036
365,Here's the Most Detailed Breakdown of Netflix's Subscriber Base Ever,1,neutral,2,positive,positive,0,0,FinGPT-Bloom-7B1-LoRA,tfns,-9.393644332885742,0.28996750712394714,-12.393644332885742,0.014436631463468075,-8.518644332885742,0.6955958604812622
366,HKScan Oyj:OMIEN OSAKKEIDEN HANKINTA 25.11.2019 #Stock #MarketScreener https://t.co/pJy7Wb5xzZ https://t.co/iZcxHLUncR,1,neutral,1,neutral,neutral,1,0,FinGPT-Bloom-7B1-LoRA,tfns,-11.272322654724121,0.1931384801864624,-10.022322654724121,0.6741195321083069,-11.647322654724121,0.1327420026063919
367,Honda pushes back Wuhan restart timeline,1,neutral,2,positive,positive,0,0,FinGPT-Bloom-7B1-LoRA,tfns,-10.814005851745605,0.10622283816337585,-14.001505851745605,0.004384339787065983,-8.689005851745605,0.8893929123878479
368,Horizon Gold : Management Agreement Extended #HorizonGold #Stock #MarketScreener https://t.co/hJVXxzyv43 https://t.co/fkLqS0DRZp,1,neutral,1,neutral,neutral,1,0,FinGPT-Bloom-7B1-LoRA,tfns,-10.965888977050781,0.16956491768360138,-9.528388977050781,0.7138949036598206,-11.340888977050781,0.11654014140367508
369,HSBC : Terms of Reference of Nomination & Corporate Governance Committee #HSBC #Stock #MarketScreener… https://t.co/ZAdqozoyZG,1,neutral,1,neutral,neutral,1,0,FinGPT-Bloom-7B1-LoRA,tfns,-12.195661544799805,0.09163464605808258,-10.008161544799805,0.8167307376861572,-12.195661544799805,0.09163464605808258
370,Icade : Investor Presentation - November 2019 #Icade #Stock #MarketScreener https://t.co/9OI0H5lNAj https://t.co/vVW9zc9YrM,1,neutral,1,neutral,neutral,1,0,FinGPT-Bloom-7B1-LoRA,tfns,-11.38709831237793,0.13186293840408325,-9.63709831237793,0.7588188648223877,-11.57459831237793,0.10931822657585144
371,intelliHR : Initial Director's Interest Notice #intelliHR #Stock #MarketScreener https://t.co/3SWLeBWsRy https://t.co/YoKYR1jZ9G,1,neutral,1,neutral,neutral,1,0,FinGPT-Bloom-7B1-LoRA,tfns,-11.947174072265625,0.08306299895048141,-9.634674072265625,0.8389065265655518,-12.009674072265625,0.07803045958280563
372,iPhone maker Foxconn to make surgical face masks alongside Apple products in Shenzhen,1,neutral,1,neutral,neutral,1,0,FinGPT-Bloom-7B1-LoRA,tfns,-11.908626556396484,0.09381164610385895,-9.971126556396484,0.6511818766593933,-10.908626556396484,0.25500646233558655
373,iStar : An amendment to a SC 13D filing #iStar #Stock #MarketScreener https://t.co/bxeJCoYpzv https://t.co/PLNQ0BchJR,1,neutral,1,neutral,neutral,1,0,FinGPT-Bloom-7B1-LoRA,tfns,-11.141610145568848,0.1642516404390335,-9.641610145568848,0.7361247539520264,-11.641610145568848,0.0996236503124237
374,"John Hussman Buys Amazon, Facebook",1,neutral,2,positive,positive,0,0,FinGPT-Bloom-7B1-LoRA,tfns,-11.856572151184082,0.034454889595508575,-12.419072151184082,0.019631803035736084,-8.544072151184082,0.9459133148193359
375,JPMorgan expands private credit group,1,neutral,2,positive,positive,0,0,FinGPT-Bloom-7B1-LoRA,tfns,-12.693496704101562,0.006279269233345985,-14.005996704101562,0.0016900424379855394,-7.630996227264404,0.9920307397842407
376,JUST & Sodexo Partner on a Breakfast Solution for a Better Tomorrow,1,neutral,1,neutral,neutral,1,0,FinGPT-Bloom-7B1-LoRA,tfns,-12.15636920928955,0.025379084050655365,-9.40636920928955,0.3969956636428833,-9.03136920928955,0.5776252746582031
377,Kabbage Drums Up Gig Economy Business (Podcast),1,neutral,2,positive,positive,0,0,FinGPT-Bloom-7B1-LoRA,tfns,-13.018999099731445,0.010648411698639393,-11.956499099731445,0.030812200158834457,-8.518999099731445,0.9585394263267517
378,Karrie International : UNAUDITED INTERIM RESULTS FOR THE SIX MONTHS ENDED 30 SEPTEMBER 201... #KarrieInternational… https://t.co/KMY8o7CH7h,1,neutral,1,neutral,neutral,1,0,FinGPT-Bloom-7B1-LoRA,tfns,-11.884445190429688,0.1190006360411644,-10.009445190429688,0.775981605052948,-12.009445190429688,0.10501769185066223
379,Kathie Lee's move can be a life-changer -- if it's done right. https://t.co/fRGHT9YUs9,1,neutral,1,neutral,neutral,1,0,FinGPT-Bloom-7B1-LoRA,tfns,-11.45122241973877,0.08383163064718246,-9.13872241973877,0.8466694355010986,-11.63872241973877,0.06949885934591293
380,Kelley Blue Book publisher on Tesla CyberTruck: 'People are going to think about this truck' https://t.co/m1VhRuLX5R https://t.co/cTHboEEJBp,1,neutral,1,neutral,neutral,1,0,FinGPT-Bloom-7B1-LoRA,tfns,-12.220612525939941,0.06519759446382523,-9.783112525939941,0.7461469769477844,-11.158112525939941,0.18865549564361572
381,Kroton Educacional S A : Material Fact - Migration Debentures #CognaEducação #Stock #MarketScreener… https://t.co/kBiatBgRJB,1,neutral,1,neutral,neutral,1,0,FinGPT-Bloom-7B1-LoRA,tfns,-11.947648048400879,0.10314979404211044,-9.885148048400879,0.8113360404968262,-12.135148048400879,0.08551418781280518
382,Lithium : Sampling Results Belmont Tailings #Lithium #Stock #MarketScreener https://t.co/9gwU3f3JMu https://t.co/E4ngjYhr73,1,neutral,1,neutral,neutral,1,0,FinGPT-Bloom-7B1-LoRA,tfns,-11.147184371948242,0.17584913969039917,-9.772184371948242,0.6954968571662903,-11.459684371948242,0.12865398824214935
383,L'Oreal CEO Speaks About Coronavirus Impact and Earnings,1,neutral,1,neutral,neutral,1,0,FinGPT-Bloom-7B1-LoRA,tfns,-11.9717378616333,0.08649303764104843,-9.7842378616333,0.7709040641784668,-11.4717378616333,0.14260292053222656
384,Mallinckrodt loses bid to overturn adverse INOmax patent ruling,1,neutral,0,negative,negative,0,0,FinGPT-Bloom-7B1-LoRA,tfns,-8.13351821899414,0.9871008396148682,-13.13351821899414,0.00665103318169713,-13.19601821899414,0.006248067133128643
385,Marubeni : 10 Year Extension of Production Sharing Contract for Ravva Oil and Gas Field in... #Marubeni #Stock… https://t.co/4lYEQ2SMIF,1,neutral,1,neutral,neutral,1,0,FinGPT-Bloom-7B1-LoRA,tfns,-11.784075736999512,0.0775999203324318,-9.534075736999512,0.7362475395202637,-10.909075736999512,0.18615253269672394
386,Maruti Suzuki Says India Not Ready For EVs As Peers Take The Plunge,1,neutral,2,positive,positive,0,0,FinGPT-Bloom-7B1-LoRA,tfns,-10.295886993408203,0.15566600859165192,-11.358386993408203,0.053796734660863876,-8.670886993408203,0.7905372381210327
387,"Mastercard Cash Pick-Up lets anyone with a cell phone, even those without a bank account, withdraw cash from a near... https://t.co/MmVDwyWUy0",1,neutral,1,neutral,neutral,1,0,FinGPT-Bloom-7B1-LoRA,tfns,-9.866785049438477,0.47989627718925476,-10.116785049438477,0.37374359369277954,-11.054285049438477,0.14636008441448212
388,Maurice Lévy says his starting point at WeWork is to stem 'the flow of bad news' and refocus efforts on the core bu… https://t.co/YppGAFypPH,1,neutral,1,neutral,neutral,1,0,FinGPT-Bloom-7B1-LoRA,tfns,-10.393306732177734,0.4610416293144226,-10.518306732177734,0.4068678021430969,-11.643306732177734,0.13209064304828644
389,Merkel says financial transaction tax is right for equities - sources #economy #MarketScreener… https://t.co/LhK8h9DCXC,1,neutral,1,neutral,neutral,1,0,FinGPT-Bloom-7B1-LoRA,tfns,-11.512774467468262,0.15120172500610352,-9.887774467468262,0.767865777015686,-12.137774467468262,0.08093245327472687
390,"MJardin Receives Cultivation, Processing License For Warman Facility",1,neutral,2,positive,positive,0,0,FinGPT-Bloom-7B1-LoRA,tfns,-11.288077354431152,0.05805385485291481,-9.475577354431152,0.3556229770183563,-8.975577354431152,0.5863231420516968
391,"MMTC To Import 6,090 Tonne Onion To Boost Supply, Cut Prices",1,neutral,0,negative,negative,0,0,FinGPT-Bloom-7B1-LoRA,tfns,-7.96151065826416,0.8869242072105408,-11.77401065826416,0.019594706594944,-10.21151065826416,0.09348111599683762
392,"Moncler, the Italian maker of luxury puffy ski jackets, is holding a board meeting to discuss the company’s strateg… https://t.co/6MZQW1iMLl",1,neutral,1,neutral,neutral,1,0,FinGPT-Bloom-7B1-LoRA,tfns,-10.900289535522461,0.2369043380022049,-9.900289535522461,0.6439726948738098,-11.587789535522461,0.11912297457456589
393,Morgan Stanley pushes advisers to boost revenue in 2020 pay plan -sources,1,neutral,2,positive,positive,0,0,FinGPT-Bloom-7B1-LoRA,tfns,-10.162500381469727,0.28297653794288635,-11.037500381469727,0.11796215921640396,-9.412500381469727,0.5990613102912903
394,MTU Aero Engines : Maintenance signs exclusive CFM56-7B contract with Malaysia Airlines Berhad #MTU #Stock… https://t.co/38qwmBg0CB,1,neutral,1,neutral,neutral,1,0,FinGPT-Bloom-7B1-LoRA,tfns,-11.337271690368652,0.14484605193138123,-9.774771690368652,0.6910218596458435,-11.212271690368652,0.16413208842277527
395,Myovant conference call tomorrow on late-stage study of relugolix in prostate cancer,1,neutral,1,neutral,neutral,1,0,FinGPT-Bloom-7B1-LoRA,tfns,-12.396052360534668,0.035031918436288834,-9.146052360534668,0.903485119342804,-11.833552360534668,0.061482932418584824
396,Naspers : Statement regarding Just Eat PLC circular #Naspers #Stock #MarketScreener https://t.co/1fevTx1FVf https://t.co/EfITyuOucV,1,neutral,1,neutral,neutral,1,0,FinGPT-Bloom-7B1-LoRA,tfns,-11.076990127563477,0.1526826173067093,-9.514490127563477,0.7284080386161804,-11.326990127563477,0.11890935152769089
397,Naspers : Statistical Yearbook of the Czech Republic 2019 Released #Naspers #Stock #MarketScreener… https://t.co/Veh3TNMnb4,1,neutral,1,neutral,neutral,1,0,FinGPT-Bloom-7B1-LoRA,tfns,-12.321029663085938,0.08383163064718246,-10.008529663085938,0.8466694355010986,-12.508529663085938,0.06949885934591293
398,Netflix : Says 26.4 Million Users Watched 'The Irishman' in First Week #Netflix #Stock #MarketScreener… https://t.co/sSRSMs74uw,1,neutral,1,neutral,neutral,1,0,FinGPT-Bloom-7B1-LoRA,tfns,-11.573781967163086,0.1568070501089096,-10.011281967163086,0.7480846047401428,-12.073781967163086,0.0951082780957222
399,Neuronetics to Present at the 31st Annual Piper Jaffray Healthcare Conference  https://t.co/Xkt7qnHTs7,1,neutral,1,neutral,neutral,1,0,FinGPT-Bloom-7B1-LoRA,tfns,-12.387832641601562,0.06077810004353523,-9.762832641601562,0.839015781879425,-11.887832641601562,0.10020614415407181
400,"New investment by Carlyle, others values American Express Global Business Travel at $5 billion--WSJ",1,neutral,2,positive,positive,0,0,FinGPT-Bloom-7B1-LoRA,tfns,-11.183966636657715,0.04201006516814232,-10.183966636657715,0.11419519782066345,-8.183966636657715,0.8437947034835815
401,New Media closes Gannett combination,1,neutral,2,positive,positive,0,0,FinGPT-Bloom-7B1-LoRA,tfns,-10.191239356994629,0.053043197840452194,-12.253739356994629,0.006743685342371464,-7.316239356994629,0.940213143825531
402,"Next: Charles Amerischwab pays clients to trade on its platform, crushes E-Trade stock and then buys it 80% off.",1,neutral,2,positive,positive,0,0,FinGPT-Bloom-7B1-LoRA,tfns,-9.497323989868164,0.2967500388622284,-10.872323989868164,0.07503016293048859,-8.747323989868164,0.6282198429107666
403,Nieuwe vice president supply chain benoemd bij Viking Malt Group,1,neutral,1,neutral,neutral,1,0,FinGPT-Bloom-7B1-LoRA,tfns,-11.829207420349121,0.03876790404319763,-9.141707420349121,0.5696901679039001,-9.516707420349121,0.3915419578552246
404,Nike creates the gridiron of the future for Miami powerhouse schools https://t.co/bmeD4T5Has,1,neutral,1,neutral,neutral,1,0,FinGPT-Bloom-7B1-LoRA,tfns,-10.201066017150879,0.20823073387145996,-9.763566017150879,0.3225140869617462,-9.388566017150879,0.4692552089691162
405,Nike sets strategy in South America,1,neutral,2,positive,positive,0,0,FinGPT-Bloom-7B1-LoRA,tfns,-10.376049041748047,0.10040489584207535,-13.438549041748047,0.004695999436080456,-8.188549041748047,0.8948991298675537
406,Nike's Vaporfly running sneakers to be allowed in 2020 Olympics https://t.co/zokAlame0K,1,neutral,1,neutral,neutral,1,0,FinGPT-Bloom-7B1-LoRA,tfns,-11.145998001098633,0.16619715094566345,-9.645998001098633,0.7448439002037048,-11.770998001098633,0.08895891904830933
407,Nomura highlights casino sleeper amid coronavirus anxiety,1,neutral,1,neutral,neutral,1,0,FinGPT-Bloom-7B1-LoRA,tfns,-10.388806343078613,0.18066167831420898,-10.013806343078613,0.2628611922264099,-9.263806343078613,0.5564771294593811
408,"Notable Insider Buys Last Week: Anthem, Discover Financial",1,neutral,2,positive,positive,0,0,FinGPT-Bloom-7B1-LoRA,tfns,-11.987079620361328,0.03190070390701294,-10.924579620361328,0.09230774641036987,-8.674579620361328,0.8757915496826172
409,NYC pension leader targets three utilities over emissions plans,1,neutral,1,neutral,neutral,1,0,FinGPT-Bloom-7B1-LoRA,tfns,-11.290667533874512,0.07473096996545792,-9.040667533874512,0.7090277671813965,-10.228167533874512,0.2162412405014038
410,Oakdale Resources : Guangdong achieves sustained progress in utilization of FDI #OakdaleResources #Stock… https://t.co/Y1ktrolyvu,1,neutral,1,neutral,neutral,1,0,FinGPT-Bloom-7B1-LoRA,tfns,-12.315722465515137,0.061296019703149796,-10.190722465515137,0.513225257396698,-10.378222465515137,0.4254786968231201
411,"Oaktree Specialty Lending NII in-line, misses on total investment income",1,neutral,0,negative,negative,0,0,FinGPT-Bloom-7B1-LoRA,tfns,-8.385538101196289,0.9834976196289062,-13.198038101196289,0.007993392646312714,-13.135538101196289,0.008508921600878239
412,Ontario and Quebec on board with Merck HIV meds,1,neutral,1,neutral,neutral,1,0,FinGPT-Bloom-7B1-LoRA,tfns,-11.770444869995117,0.0692385882139206,-9.520444869995117,0.6569174528121948,-10.395444869995117,0.2738439440727234
413,"Opal Energy : Versus Systems to Present at the LD Micro Main Event (XII) on Tuesday, Decem... #Versus #Stock… https://t.co/4VAFhHVN4S",1,neutral,1,neutral,neutral,1,0,FinGPT-Bloom-7B1-LoRA,tfns,-10.42127799987793,0.2877883017063141,-9.79627799987793,0.5376592874526978,-10.92127799987793,0.17455241084098816
414,"Osram Licht CFO on Coronavirus, Auto Market, 2020 Outlook",1,neutral,1,neutral,neutral,1,0,FinGPT-Bloom-7B1-LoRA,tfns,-11.889646530151367,0.10250213742256165,-9.889646530151367,0.7573940753936768,-11.577146530151367,0.14010381698608398
415,Otello : Commodity Classic Announces Main Stage Line-Up for 2020 #Otello #Stock #MarketScreener… https://t.co/kpMbYgOGOx,1,neutral,1,neutral,neutral,1,0,FinGPT-Bloom-7B1-LoRA,tfns,-11.512914657592773,0.08435562998056412,-9.262914657592773,0.800343930721283,-11.200414657592773,0.1153004840016365
416,Pepkor Weathers Tough South African Market,1,neutral,2,positive,positive,0,0,FinGPT-Bloom-7B1-LoRA,tfns,-9.966986656188965,0.1293589025735855,-11.529486656188965,0.027115100994706154,-8.091986656188965,0.8435260057449341
417,"PG&E to cut power to 150,000 customer for fire risk",1,neutral,0,negative,negative,0,0,FinGPT-Bloom-7B1-LoRA,tfns,-8.155557632446289,0.9668523073196411,-13.655557632446289,0.003951304592192173,-11.655557632446289,0.02919641137123108
418,PG&E’s Bid to Save Bankruptcy Plan Can Skip State Approval,1,neutral,0,negative,negative,0,0,FinGPT-Bloom-7B1-LoRA,tfns,-9.138498306274414,0.5548409223556519,-12.888498306274414,0.013048607856035233,-9.388498306274414,0.4321105182170868
419,Piper Jaffray Announces Ticker Symbol Change to PIPR,1,neutral,1,neutral,neutral,1,0,FinGPT-Bloom-7B1-LoRA,tfns,-11.322590827941895,0.07667931914329529,-9.072590827941895,0.7275131344795227,-10.385090827941895,0.19580751657485962
420,"Porsche is going all in on electric vehicles, but the legendary 911 will be the last of the brand’s lineup to make… https://t.co/cenmzD3pmN",1,neutral,1,neutral,neutral,1,0,FinGPT-Bloom-7B1-LoRA,tfns,-10.087137222290039,0.43973392248153687,-10.212137222290039,0.38806381821632385,-11.024637222290039,0.17220227420330048
421,"Porsche is going all in on electric vehicles, but the legendary 911 will be the last of the brand’s lineup to make… https://t.co/yLO2JlqVp6",1,neutral,1,neutral,neutral,1,0,FinGPT-Bloom-7B1-LoRA,tfns,-9.999180793762207,0.4970323145389557,-10.374180793762207,0.34160497784614563,-11.124180793762207,0.16136276721954346
422,"ProAmpac Awarded ISO Certifications in Cincinnati and Suffolk, Va. Facilities",1,neutral,2,positive,positive,0,0,FinGPT-Bloom-7B1-LoRA,tfns,-11.623177528381348,0.044648364186286926,-9.873177528381348,0.25693362951278687,-8.873177528381348,0.6984179615974426
423,Procter & Gamble looks to get well in healthcare,1,neutral,2,positive,positive,0,0,FinGPT-Bloom-7B1-LoRA,tfns,-12.3579740524292,0.025658898055553436,-9.8579740524292,0.3125893771648407,-9.1079740524292,0.6617516875267029
424,Profiles in Quality: Beef Marketing Group #Wendys #Stock #MarketScreener https://t.co/t9sARAvDwC https://t.co/nQpHpouz8o,1,neutral,1,neutral,neutral,1,0,FinGPT-Bloom-7B1-LoRA,tfns,-11.267461776733398,0.17854830622673035,-9.892461776733398,0.7061722278594971,-11.704961776733398,0.11527945101261139
425,PSA trade unions give the nod to merger with Fiat,1,neutral,2,positive,positive,0,0,FinGPT-Bloom-7B1-LoRA,tfns,-12.64258098602295,0.013868584297597408,-12.64258098602295,0.013868584297597408,-8.39258098602295,0.9722628593444824
426,"Q&A: Geoff McHale, VP, Data Client Partnerships #QuotientTechnology #Stock #MarketScreener https://t.co/kdb8g3Ri6O https://t.co/Djio99jAe1",1,neutral,1,neutral,neutral,1,0,FinGPT-Bloom-7B1-LoRA,tfns,-11.263593673706055,0.13274212181568146,-9.513593673706055,0.7638782262802124,-11.513593673706055,0.10337967425584793
427,Qualcomm CEO Says 5G 'Is a Big Deal For Us',1,neutral,1,neutral,neutral,1,0,FinGPT-Bloom-7B1-LoRA,tfns,-11.597128868103027,0.09772832691669464,-9.534628868103027,0.7686929106712341,-11.284628868103027,0.13357879221439362
428,REGO Restaurant Group Inks 20-store Development Deal for Quiznos Expansion into Latin America,1,neutral,2,positive,positive,0,0,FinGPT-Bloom-7B1-LoRA,tfns,-11.265091896057129,0.07925081253051758,-13.015091896057129,0.013771725818514824,-8.827591896057129,0.9069775342941284
429,Renault : New Espace illustrated press kit #Renault #Stock #MarketScreener https://t.co/JCISUSGwbo https://t.co/M9sEsCHSvO,1,neutral,1,neutral,neutral,1,0,FinGPT-Bloom-7B1-LoRA,tfns,-11.140453338623047,0.16876395046710968,-9.640453338623047,0.7563475370407104,-11.952953338623047,0.07488854974508286
430,Respimat® re-usable inhaler wins 2020 Pharmapack Eco-Design Award,1,neutral,1,neutral,neutral,1,0,FinGPT-Bloom-7B1-LoRA,tfns,-12.025904655456543,0.04153035208582878,-9.088404655456543,0.783620297908783,-10.588404655456543,0.17484931647777557
431,Riviera Resources Announces Cash Distribution of $4.25 Per Share; Closes the Sale of Remaining Hugoton Properties;… https://t.co/6JZLBg3EfZ,1,neutral,1,neutral,neutral,1,0,FinGPT-Bloom-7B1-LoRA,tfns,-10.987526893615723,0.2564639449119568,-10.175026893615723,0.5779504179954529,-11.425026893615723,0.16558557748794556
432,Rocket Lab passes key milestone in quest to recover and reuse rockets like SpaceX https://t.co/3lZ0V5SJjV,1,neutral,2,positive,positive,0,0,FinGPT-Bloom-7B1-LoRA,tfns,-12.40173625946045,0.028477491810917854,-12.40173625946045,0.028477491810917854,-8.90173625946045,0.9430450201034546
433,Rolls-Royce touts nuclear reactors as the most effective way of powering the production of carbon-neutral synthetic… https://t.co/dV4owYaY0v,1,neutral,1,neutral,neutral,1,0,FinGPT-Bloom-7B1-LoRA,tfns,-10.079116821289062,0.4598504602909088,-10.266616821289062,0.381229430437088,-11.141616821289062,0.1589200794696808
434,Royal Caribbean said few potential cruisers are asking about the coronavirus https://t.co/5DBeyXErMX,1,neutral,1,neutral,neutral,1,0,FinGPT-Bloom-7B1-LoRA,tfns,-9.97765827178955,0.30923447012901306,-10.22765827178955,0.24083206057548523,-9.60265827178955,0.4499334990978241
435,Samenvatting: Daisy wint AI Company of the Year bij de Canadese FinTech & AI Awards,1,neutral,2,positive,positive,0,0,FinGPT-Bloom-7B1-LoRA,tfns,-13.389954566955566,0.013856191188097,-13.327454566955566,0.014749838970601559,-9.139954566955566,0.9713940024375916
436,Schroders : Form 8.3 -  #Schroders #Stock #MarketScreener https://t.co/j8cE9ai6TU https://t.co/XOYpvouz9E,1,neutral,1,neutral,neutral,1,0,FinGPT-Bloom-7B1-LoRA,tfns,-11.019789695739746,0.1478041708469391,-9.394789695739746,0.7506115436553955,-11.394789695739746,0.10158422589302063
437,Season Pacific : ANNOUNCEMENT OF INTERIM RESULTS FOR THE SIX MONTHS ENDED 30 SEPTEMBER 2019 #SeasonPacific #Stock… https://t.co/c97pSCIfIB,1,neutral,1,neutral,neutral,1,0,FinGPT-Bloom-7B1-LoRA,tfns,-11.94796371459961,0.09163464605808258,-9.76046371459961,0.8167307376861572,-11.94796371459961,0.09163464605808258
438,Seazen : CONTINUING CONNECTED TRANSACTIONS 2020 SERVICES FRAMEWORK AGREEMENT #Seazen #Stock #MarketScreener… https://t.co/61yitLx18a,1,neutral,1,neutral,neutral,1,0,FinGPT-Bloom-7B1-LoRA,tfns,-11.208495140075684,0.15379059314727783,-9.645995140075684,0.7336938381195068,-11.520995140075684,0.11251559853553772
439,Semafo to restart mining at its Boungou in Q4; provides 2020 outlook,1,neutral,2,positive,positive,0,0,FinGPT-Bloom-7B1-LoRA,tfns,-13.302048683166504,0.01184905506670475,-11.927048683166504,0.046863920986652374,-8.927048683166504,0.9412870407104492
440,SHAREHOLDER UPDATE: Airtrona International Executes LOI With Canadian Based Medical Device Company.,1,neutral,1,neutral,neutral,1,0,FinGPT-Bloom-7B1-LoRA,tfns,-12.642271995544434,0.04378170520067215,-9.642271995544434,0.8793790936470032,-12.079771995544434,0.07683928310871124
441,Shutterstock launches unlimited Music plan,1,neutral,1,neutral,neutral,1,0,FinGPT-Bloom-7B1-LoRA,tfns,-10.922887802124023,0.05909615755081177,-8.297887802124023,0.8157972097396851,-10.172887802124023,0.1251065582036972
442,SIFCO Industries : 11-22-2019 SIFCO Orange Fire Update #SIFCOIndustries #Stock #MarketScreener… https://t.co/bUNAvojUs2,1,neutral,1,neutral,neutral,1,0,FinGPT-Bloom-7B1-LoRA,tfns,-12.131979942321777,0.07050945609807968,-9.631979942321777,0.8589810729026794,-12.131979942321777,0.07050945609807968
443,Simon Property Group Is Preparing Its Balance Sheet for Armageddon,1,neutral,1,neutral,neutral,1,0,FinGPT-Bloom-7B1-LoRA,tfns,-11.496430397033691,0.05571518465876579,-8.808930397033691,0.8187286853790283,-10.683930397033691,0.1255561113357544
444,SKYCITY Entertainment : NOTICE OF ON-MARKET SHARE BUY BACK #SKYCITY #Stock #MarketScreener https://t.co/PYHdNhcr3k https://t.co/5J1DH6NFBI,1,neutral,1,neutral,neutral,1,0,FinGPT-Bloom-7B1-LoRA,tfns,-11.706235885620117,0.12399016320705414,-9.893735885620117,0.7595317959785461,-11.768735885620117,0.11647798120975494
445,"So WeWork is hoping to transform into IWG which has double the revenue, 5x the members, 10x the city exposure, more… https://t.co/4Mkvur6vxJ",1,neutral,1,neutral,neutral,1,0,FinGPT-Bloom-7B1-LoRA,tfns,-11.072427749633789,0.1790020912885666,-10.072427749633789,0.4865780770778656,-10.447427749633789,0.3344199061393738
446,"Sorrento Therapeutics, Inc. Received and Rejected Unsolicited All Cash Acquisition Proposal  https://t.co/3qcx6CAeCD",1,neutral,1,neutral,neutral,1,0,FinGPT-Bloom-7B1-LoRA,tfns,-11.33649730682373,0.1126026138663292,-9.39899730682373,0.7816170454025269,-11.39899730682373,0.10578036308288574
447,Southwest Airlines Pushes Back Schedule For 737 MAX Until April,1,neutral,2,positive,positive,0,0,FinGPT-Bloom-7B1-LoRA,tfns,-11.27508544921875,0.05942462384700775,-11.15008544921875,0.06733691692352295,-8.58758544921875,0.8732384443283081
448,Sports Direct International : Notice of General Meeting #SportsDirectInternational #Stock #MarketScreener… https://t.co/3fhuqDnFQD,1,neutral,1,neutral,neutral,1,0,FinGPT-Bloom-7B1-LoRA,tfns,-12.193906784057617,0.07438044250011444,-9.756406784057617,0.8512390851974487,-12.193906784057617,0.07438044250011444
449,Standard Cognition Partners with Mars Wrigley to Help Retailers Optimize Impulse Item Sales in Autonomous Checkout… https://t.co/vWZz4yXeU3,1,neutral,1,neutral,neutral,1,0,FinGPT-Bloom-7B1-LoRA,tfns,-10.176329612731934,0.3678886592388153,-10.238829612731934,0.3455994129180908,-10.426329612731934,0.28651195764541626
450,Statement Regarding Agency Mortgage-Backed Securities Small Value Coupon Swap Exercise Results → https://t.co/pX7DhorLFL,1,neutral,1,neutral,neutral,1,0,FinGPT-Bloom-7B1-LoRA,tfns,-11.464163780212402,0.16956491768360138,-10.026663780212402,0.7138949036598206,-11.839163780212402,0.11654014140367508
451,Strike Resources : Pause in Trading #StrikeResources #Stock #MarketScreener https://t.co/YQIpscfvjm https://t.co/lw25uJ3hGn,1,neutral,1,neutral,neutral,1,0,FinGPT-Bloom-7B1-LoRA,tfns,-11.263566970825195,0.14583167433738708,-9.638566970825195,0.7405944466590881,-11.513566970825195,0.1135738417506218
452,"Struggling British luxury carmaker Aston Martin aims to rustle up a $650 million capital boost, led by Canadian bil... https://t.co/tpgeI6vmuo",1,neutral,2,positive,positive,0,0,FinGPT-Bloom-7B1-LoRA,tfns,-11.459332466125488,0.07231628894805908,-11.896832466125488,0.04669090732932091,-8.959332466125488,0.8809927701950073
453,"Sysco : Lends a Hand to the Houston Food Bank Through Financial Support, Product Donations... #Sysco #Stock… https://t.co/SMmj7Q7fUe",1,neutral,1,neutral,neutral,1,0,FinGPT-Bloom-7B1-LoRA,tfns,-11.839329719543457,0.10642410814762115,-9.901829719543457,0.7387296557426453,-11.464329719543457,0.15484614670276642
454,Tencent : ADOPTION OF RESTRICTED SHARE AWARD SCHEME #Tencent #Stock #MarketScreener https://t.co/W6zh5JYStc https://t.co/QuP4GAWkRu,1,neutral,1,neutral,neutral,1,0,FinGPT-Bloom-7B1-LoRA,tfns,-11.01965618133545,0.17440205812454224,-9.64465618133545,0.6897734999656677,-11.26965618133545,0.13582444190979004
455,Tesla fans in China can now take a test drive in a Model 3 made in Shanghai https://t.co/HJbMCXnViG,1,neutral,0,negative,negative,0,0,FinGPT-Bloom-7B1-LoRA,tfns,-8.856133460998535,0.7516300678253174,-11.981133460998535,0.033024322241544724,-10.106133460998535,0.2153456211090088
456,Tesla will top biggest battery record,1,neutral,2,positive,positive,0,0,FinGPT-Bloom-7B1-LoRA,tfns,-10.795036315917969,0.05336742848157883,-15.170036315917969,0.0006717967917211354,-7.9200358390808105,0.9459607601165771
457,"Tesla's truck, a Mustang SUV, a 304-mph Bugatti, and 11 other standouts from a wild week at the L.A. Auto Show https://t.co/EB1T7AOGMv",1,neutral,2,positive,positive,0,0,FinGPT-Bloom-7B1-LoRA,tfns,-9.662504196166992,0.3482072055339813,-10.537504196166992,0.14515435695648193,-9.287504196166992,0.5066384673118591
458,The Aliera Companies Holds Holiday Drive to Support Toys for Tots,1,neutral,2,positive,positive,0,0,FinGPT-Bloom-7B1-LoRA,tfns,-12.88381576538086,0.01752900332212448,-10.82131576538086,0.13787628710269928,-9.00881576538086,0.8445946574211121
459,The latest marker of Chinese interest in African fintech is a $120 million funding round for OPay,1,neutral,2,positive,positive,0,0,FinGPT-Bloom-7B1-LoRA,tfns,-12.971267700195312,0.012764040380716324,-11.971267700195312,0.03469625860452652,-8.658767700195312,0.9525397419929504
460,This sustainable fund already doesn't invest in fossil fuels. Now it wants all portfolio companies to align with th... https://t.co/vcxPmt4JUL,1,neutral,1,neutral,neutral,1,0,FinGPT-Bloom-7B1-LoRA,tfns,-11.024561882019043,0.19893591105937958,-9.962061882019043,0.5756401419639587,-10.899561882019043,0.2254239171743393
461,This Tiny Crypto Startup Has Lessons for Libra’s ‘Unbanked’ Dreams,1,neutral,1,neutral,neutral,1,0,FinGPT-Bloom-7B1-LoRA,tfns,-11.562658309936523,0.1755441278219223,-10.312658309936523,0.6127092242240906,-11.375158309936523,0.21174664795398712
462,TikTok exploring distancing itself from China roots - WSJ,1,neutral,1,neutral,neutral,1,0,FinGPT-Bloom-7B1-LoRA,tfns,-11.347752571105957,0.06531764566898346,-9.910252571105957,0.2749975323677063,-9.035252571105957,0.6596847772598267
463,TikTok takes on Facebook in US advertising push https://t.co/xvVfQHl8Uj,1,neutral,1,neutral,neutral,1,0,FinGPT-Bloom-7B1-LoRA,tfns,-9.662405014038086,0.44421398639678955,-10.412405014038086,0.2098318338394165,-9.912405014038086,0.34595420956611633
464,T-Mobile moves not enough to address concerns - New York AG,1,neutral,1,neutral,neutral,1,0,FinGPT-Bloom-7B1-LoRA,tfns,-10.391814231872559,0.1394219994544983,-9.204314231872559,0.45714715123176575,-9.329314231872559,0.4034309387207031
465,Total : Details Plans to Develop Waha Concessions in Libya #Total #Stock #MarketScreener https://t.co/tpVWTyuD5K https://t.co/wf7QAN9arD,1,neutral,1,neutral,neutral,1,0,FinGPT-Bloom-7B1-LoRA,tfns,-11.325298309326172,0.13918370008468628,-9.637798309326172,0.7524199485778809,-11.575298309326172,0.10839637368917465
466,Total Halts Production at Normandy Refinery After Fire,1,neutral,1,neutral,neutral,1,0,FinGPT-Bloom-7B1-LoRA,tfns,-11.78294563293457,0.059658922255039215,-9.78294563293457,0.44082310795783997,-9.65794563293457,0.4995180368423462
467,TriStar Gold : Working with GoldSpot Discoveries at CDS and Announces Brokered Private Pla... #TriStarGold #economy… https://t.co/SY3soXR2Qq,1,neutral,1,neutral,neutral,1,0,FinGPT-Bloom-7B1-LoRA,tfns,-11.707709312438965,0.12399016320705414,-9.895209312438965,0.7595317959785461,-11.770209312438965,0.11647798120975494
468,Troy Income & Growth Trust : Publication of Suppl.Prospcts  #Stock #MarketScreener https://t.co/6rYHq9nvYb https://t.co/0jjvKVppPI,1,neutral,1,neutral,neutral,1,0,FinGPT-Bloom-7B1-LoRA,tfns,-11.299981117248535,0.16027948260307312,-9.924981117248535,0.6339176297187805,-11.049981117248535,0.20580291748046875
469,Two of three SandRidge royalty trusts lose NYSE listing,1,neutral,0,negative,negative,0,0,FinGPT-Bloom-7B1-LoRA,tfns,-8.763675689697266,0.9767190217971802,-12.951175689697266,0.014830694533884525,-13.513675689697266,0.008450275287032127
470,"U.S. Congress seeks answers on patient privacy in Google, Ascension cloud deal",1,neutral,2,positive,positive,0,0,FinGPT-Bloom-7B1-LoRA,tfns,-11.963871955871582,0.018930260092020035,-12.588871955871582,0.010132637806236744,-8.026371955871582,0.9709370732307434
471,UAE says Emirates pilots did not monitor settings in 2016 crash,1,neutral,0,negative,negative,0,0,FinGPT-Bloom-7B1-LoRA,tfns,-7.649645805358887,0.983881950378418,-12.587145805358887,0.007056899834424257,-12.337145805358887,0.00906123872846365
472,Uber Declares an End to Growth at All Costs,1,neutral,2,positive,positive,0,0,FinGPT-Bloom-7B1-LoRA,tfns,-12.693097114562988,0.008033256977796555,-13.505597114562988,0.0035647358745336533,-7.8805975914001465,0.9884019494056702
473,"Uber is adding video and audio recording for more trips to make the service safer, but the move has triggered priva… https://t.co/C9jUnjSvzE",1,neutral,2,positive,positive,0,0,FinGPT-Bloom-7B1-LoRA,tfns,-10.220980644226074,0.15512776374816895,-11.220980644226074,0.057068321853876114,-8.595980644226074,0.7878038883209229
474,Uber's arrival caused binge drinking to increase up to 21.8% and a possible decrease in drunk driving. Here's a lo… https://t.co/4h7tuhLp1B,1,neutral,0,negative,negative,0,0,FinGPT-Bloom-7B1-LoRA,tfns,-8.129976272583008,0.8247782588005066,-10.692476272583008,0.0636000707745552,-10.129976272583008,0.11162160336971283
475,United Airlines' next CEO a 'details guy' who will have labor contracts and the 737 Max on his plate https://t.co/FQ54xaqF6L,1,neutral,1,neutral,neutral,1,0,FinGPT-Bloom-7B1-LoRA,tfns,-11.650251388549805,0.11976266652345657,-9.775251388549805,0.780950665473938,-11.837751388549805,0.09928672760725021
476,UPDATE 1-BT will maintain ties with skills group if it drops Prince Andrew as patron,1,neutral,0,negative,negative,0,0,FinGPT-Bloom-7B1-LoRA,tfns,-8.522546768188477,0.9731181263923645,-13.335046768188477,0.007909033447504044,-12.460046768188477,0.018972784280776978
477,UPDATE 1-Italian airline Alitalia's rescue in doubt as Atlantia backtracks,1,neutral,2,positive,positive,0,0,FinGPT-Bloom-7B1-LoRA,tfns,-9.7158784866333,0.19455033540725708,-11.4033784866333,0.03598819673061371,-8.3408784866333,0.7694615125656128
478,UPDATE 1-LivaNova to scrap mitral heart valve device as part of restructuring,1,neutral,1,neutral,neutral,1,0,FinGPT-Bloom-7B1-LoRA,tfns,-11.778627395629883,0.05625632032752037,-9.028627395629883,0.8799969553947449,-11.653627395629883,0.06374676525592804
479,UPDATE 2-Crunch talks lead to Emirates order for 30 Boeing Dreamliners,1,neutral,1,neutral,neutral,1,0,FinGPT-Bloom-7B1-LoRA,tfns,-12.078875541687012,0.05526765063405037,-9.391375541687012,0.8121522068977356,-11.203875541687012,0.1325802057981491
480,UPDATE 2-Thousands of CN Rail workers hold first strike in a decade,1,neutral,2,positive,positive,0,0,FinGPT-Bloom-7B1-LoRA,tfns,-10.36101245880127,0.10368699580430984,-10.61101245880127,0.08075151592493057,-8.29851245880127,0.8155614137649536
481,VGI Partners Global Investments : Change of Director's Interest Notice-Robert Luciano #VGI #Stock #MarketScreener… https://t.co/RdC3f43HPU,1,neutral,1,neutral,neutral,1,0,FinGPT-Bloom-7B1-LoRA,tfns,-12.133170127868652,0.08794894069433212,-9.883170127868652,0.8344363570213318,-12.258170127868652,0.0776146724820137
482,Volkswagen talks up next-gen EV wagon,1,neutral,2,positive,positive,0,0,FinGPT-Bloom-7B1-LoRA,tfns,-13.443412780761719,0.002611784264445305,-12.380912780761719,0.0075574470683932304,-7.5059123039245605,0.9898307919502258
483,"VTEX, an e-commerce platform used by Walmart, raises $140M led by SoftBank's LatAm fund https://t.co/UJ2s2wUYPD via… https://t.co/sATiJD3uQM",1,neutral,2,positive,positive,0,0,FinGPT-Bloom-7B1-LoRA,tfns,-8.920533180236816,0.43734875321388245,-10.170533180236816,0.1253025233745575,-8.920533180236816,0.43734875321388245
484,Wagners : Boral Cement Supply Agreement Update #Wagners #Stock #MarketScreener https://t.co/LFuHxWqfMI https://t.co/KjVa1a4bT7,1,neutral,1,neutral,neutral,1,0,FinGPT-Bloom-7B1-LoRA,tfns,-10.293242454528809,0.3836517333984375,-10.293242454528809,0.3836517333984375,-10.793242454528809,0.232696533203125
485,Walgreens Boots Alliance and McKesson team up in Germany,1,neutral,2,positive,positive,0,0,FinGPT-Bloom-7B1-LoRA,tfns,-12.234613418579102,0.021129164844751358,-12.172113418579102,0.022491879761219025,-8.422113418579102,0.9563790559768677
486,Walmart looks to get past dog days of in-house grocery delivery,1,neutral,2,positive,positive,0,0,FinGPT-Bloom-7B1-LoRA,tfns,-9.62424087524414,0.17336449027061462,-10.87424087524414,0.04966975376009941,-8.12424087524414,0.7769656777381897
487,Warren Buffett's Berkshire bets on a heavily shorted stock https://t.co/KGSTAcOHTL,1,neutral,0,negative,negative,0,0,FinGPT-Bloom-7B1-LoRA,tfns,-8.702926635742188,0.6013421416282654,-11.577926635742188,0.03392540290951729,-9.202926635742188,0.36473244428634644
488,"WATCH: Unilever, Henkel and as well as some buyout funds could be in the market for some of Coty's brands in a deal… https://t.co/VZFaz5oTOn",1,neutral,1,neutral,neutral,1,0,FinGPT-Bloom-7B1-LoRA,tfns,-10.706402778625488,0.15712964534759521,-10.206402778625488,0.2590629756450653,-9.393902778625488,0.5838074088096619
489,"WATCH: Unilever, Henkel as well as buyout funds including Advent and Cinven are exploring bids for some of Coty’s t… https://t.co/wc4unz3izM",1,neutral,1,neutral,neutral,1,0,FinGPT-Bloom-7B1-LoRA,tfns,-10.830900192260742,0.23752708733081818,-10.268400192260742,0.416873037815094,-10.455900192260742,0.3455999195575714
490,Wells Fargo offers real-time payments on RTP network,1,neutral,1,neutral,neutral,1,0,FinGPT-Bloom-7B1-LoRA,tfns,-11.619470596313477,0.06164569407701492,-9.056970596313477,0.7994335293769836,-10.806970596313477,0.13892070949077606
491,WeWork’s chairman outlined a 5-year turnaround plan at a meeting with employees Friday and introduced new additions… https://t.co/m0CqE1LsIx,1,neutral,1,neutral,neutral,1,0,FinGPT-Bloom-7B1-LoRA,tfns,-9.582048416137695,0.3995474874973297,-10.269548416137695,0.20090508460998535,-9.582048416137695,0.3995474874973297
492,What Top Shareholders Said in Run Up to Credit Suisse CEO Ouster,1,neutral,2,positive,positive,0,0,FinGPT-Bloom-7B1-LoRA,tfns,-11.426115036010742,0.07774091511964798,-10.176115036010742,0.2713424265384674,-9.301115036010742,0.6509166955947876
493,Will 2020 Finally Be the Year AR and VR Matter for Facebook?,1,neutral,1,neutral,neutral,1,0,FinGPT-Bloom-7B1-LoRA,tfns,-13.566320419311523,0.008962973020970821,-8.878820419311523,0.9732120633125305,-12.878820419311523,0.01782499998807907
494,Will Second-Hand Sales Add Value to Nordstrom?,1,neutral,1,neutral,neutral,1,0,FinGPT-Bloom-7B1-LoRA,tfns,-11.139579772949219,0.28125160932540894,-10.514579772949219,0.5254471898078918,-11.514579772949219,0.1933012306690216
495,WRAPUP-Airbus dominates second day of Dubai show as Boeing wins MAX order,1,neutral,2,positive,positive,0,0,FinGPT-Bloom-7B1-LoRA,tfns,-13.63332748413086,0.01234421320259571,-14.19582748413086,0.00703351991251111,-9.25832748413086,0.9806222915649414
496,WuXi AppTec : 1) ADJUSTMENTS TO THE NUMBER OF THE INCENTIVE PARTICIPANTS AND NUMBER OF RES... #Stock… https://t.co/piw3RrVBvr,1,neutral,1,neutral,neutral,1,0,FinGPT-Bloom-7B1-LoRA,tfns,-11.09715747833252,0.2319939136505127,-10.03465747833252,0.6712966561317444,-11.97215747833252,0.09670945256948471
497,Zijin Mining : Announcement in Relation to Listing of A Shares Issued under the Public Iss... #ZijinMining #Stock… https://t.co/GJHpHm4moY,1,neutral,1,neutral,neutral,1,0,FinGPT-Bloom-7B1-LoRA,tfns,-11.762870788574219,0.08551418781280518,-9.512870788574219,0.8113360404968262,-11.575370788574219,0.10314979404211044
498,Zoono : Response to ASX Price Query #Zoono #Stock #MarketScreener https://t.co/vGfeMDtA3E https://t.co/62mQHJC6x2,1,neutral,1,neutral,neutral,1,0,FinGPT-Bloom-7B1-LoRA,tfns,-10.650903701782227,0.20027339458465576,-9.400903701782227,0.6990228295326233,-11.338403701782227,0.10070379078388214
499,"A fire broke out overnight at Exxon's Baton Rouge oil refinery in Louisiana, halting production at the fifth-bigges… https://t.co/fo5UTOUNMB",1,neutral,1,neutral,neutral,1,0,FinGPT-Bloom-7B1-LoRA,tfns,-11.167217254638672,0.177825465798378,-9.917217254638672,0.6206718683242798,-11.042217254638672,0.20150265097618103
500,Hackers Breach Ring Home Security Cameras,0,negative,2,positive,positive,0,0,FinGPT-Bloom-7B1-LoRA,tfns,-9.193686485290527,0.2381150871515274,-11.318686485290527,0.028438791632652283,-8.068686485290527,0.7334461212158203
501,"Press release: cyber attack - update January 31, 2020 #Picanol #Stock #MarketScreener https://t.co/AXwQmrRC3G https://t.co/e4KSKzdmA9",0,negative,1,neutral,neutral,0,0,FinGPT-Bloom-7B1-LoRA,tfns,-11.454973220825195,0.12306568026542664,-9.642473220825195,0.7538686394691467,-11.454973220825195,0.12306568026542664
502,T-Mobile said a hacker gained access to limited information contained in prepaid accounts https://t.co/Ui6KpaVAmj,0,negative,1,neutral,neutral,0,0,FinGPT-Bloom-7B1-LoRA,tfns,-9.607394218444824,0.5019394755363464,-10.794894218444824,0.15308289229869843,-9.982394218444824,0.34497764706611633
503,Did the Russians hack WIRP?,1,neutral,1,neutral,neutral,1,0,FinGPT-Bloom-7B1-LoRA,tfns,-11.385727882385254,0.07842513918876648,-9.010727882385254,0.843149721622467,-11.385727882385254,0.07842513918876648
504,10Y Yield LOD 1.7620%,0,negative,1,neutral,neutral,0,0,FinGPT-Bloom-7B1-LoRA,tfns,-10.056783676147461,0.16425149142742157,-9.931783676147461,0.18612132966518402,-8.681783676147461,0.6496272683143616
505,30-year Treasury yield plumbs key 2% support level https://t.co/g1AUTKwOCb,0,negative,2,positive,positive,0,0,FinGPT-Bloom-7B1-LoRA,tfns,-9.645204544067383,0.25619590282440186,-11.332704544067383,0.04739147052168846,-8.645204544067383,0.6964126229286194
506,$BONDX: Overnight Treasury Market Summary https://t.co/5J3iMVcpJL,1,neutral,1,neutral,neutral,1,0,FinGPT-Bloom-7B1-LoRA,tfns,-10.738627433776855,0.09433040022850037,-8.863627433776855,0.6151114702224731,-9.613627433776855,0.2905580997467041
507,$COLL - Collegium launches convertible debt offering https://t.co/TlHbqpmywE,1,neutral,1,neutral,neutral,1,0,FinGPT-Bloom-7B1-LoRA,tfns,-11.024776458740234,0.08402203023433685,-8.837276458740234,0.7488802075386047,-10.337276458740234,0.1670977622270584
508,$ITHUF - iAnthus Defaults On Debt: What Comes Next?. https://t.co/3Tb0wenS3x #investing #economy #finance,1,neutral,1,neutral,neutral,1,0,FinGPT-Bloom-7B1-LoRA,tfns,-10.426193237304688,0.21432414650917053,-9.676193237304688,0.4537241756916046,-9.988693237304688,0.33195170760154724
509,$RILY - B. Riley offers $50M of senior notes https://t.co/p8Kqe6nSTR,1,neutral,1,neutral,neutral,1,0,FinGPT-Bloom-7B1-LoRA,tfns,-11.017316818237305,0.14484605193138123,-9.454816818237305,0.6910218596458435,-10.892316818237305,0.16413208842277527
510,$UNIT - Uniti closes $2.25B in refinancing https://t.co/NxKtfwbaZa,1,neutral,2,positive,positive,0,0,FinGPT-Bloom-7B1-LoRA,tfns,-10.390201568603516,0.1126026064157486,-10.452701568603516,0.10578035563230515,-8.452701568603516,0.7816169857978821
511,$WBA - Walgreens sets $500M revolving credit line https://t.co/jsiWkSKB7P,1,neutral,2,positive,positive,0,0,FinGPT-Bloom-7B1-LoRA,tfns,-10.085805892944336,0.16230322420597076,-9.898305892944336,0.19577504694461823,-8.710805892944336,0.6419216990470886
512,$WDAY - Workday enters new credit facility https://t.co/XBMCTYEJRi,1,neutral,1,neutral,neutral,1,0,FinGPT-Bloom-7B1-LoRA,tfns,-11.299726486206055,0.048558611422777176,-8.424726486206055,0.8607219457626343,-10.674726486206055,0.09071942418813705
513,10-year yield at 1.632%; 2-year yield at 1.450%; 30-year yield at 2.088%,1,neutral,1,neutral,neutral,1,0,FinGPT-Bloom-7B1-LoRA,tfns,-12.516737937927246,0.04333830624818802,-9.516737937927246,0.8704731464385986,-11.829237937927246,0.08618851751089096
514,8x8 -2.9% on $75M convertible note issue,1,neutral,2,positive,positive,0,0,FinGPT-Bloom-7B1-LoRA,tfns,-11.893280982971191,0.02584782987833023,-13.705780982971191,0.004219542257487774,-8.268280982971191,0.9699326753616333
515,"A group of investors agreed to a tentative plan to reduce Puerto Rico's debt by about 40%, a key hurdle in its reco… https://t.co/KZK55OaEmp",1,neutral,0,negative,negative,0,0,FinGPT-Bloom-7B1-LoRA,tfns,-7.840632915496826,0.8805943727493286,-11.340632438659668,0.02659165859222412,-10.090632438659668,0.09281400591135025
516,Archrock prices $500M of senior notes,1,neutral,2,positive,positive,0,0,FinGPT-Bloom-7B1-LoRA,tfns,-11.413715362548828,0.03829909488558769,-11.538715362548828,0.033798832446336746,-8.226215362548828,0.927902102470398
517,AT&T takes on $5.5 billion loan to boost 'financial flexibility' https://t.co/ENTHbld55o https://t.co/BsoQHzpzao,1,neutral,2,positive,positive,0,0,FinGPT-Bloom-7B1-LoRA,tfns,-11.451192855834961,0.060977574437856674,-10.076192855834961,0.2411710023880005,-9.013692855834961,0.6978514194488525
518,B. Riley offers $50M of senior notes,1,neutral,2,positive,positive,0,0,FinGPT-Bloom-7B1-LoRA,tfns,-10.994927406311035,0.0728415995836258,-10.744927406311035,0.09353046119213104,-8.557427406311035,0.8336279392242432
519,B. Riley prices upsized $115M offering of notes,1,neutral,2,positive,positive,0,0,FinGPT-Bloom-7B1-LoRA,tfns,-13.705256462097168,0.0032992828637361526,-11.767756462097168,0.022901562973856926,-8.017756462097168,0.9737991690635681
520,Chefs' Warehouse floats new debt,1,neutral,2,positive,positive,0,0,FinGPT-Bloom-7B1-LoRA,tfns,-10.452771186828613,0.07775290310382843,-11.327771186828613,0.03241223469376564,-8.015271186828613,0.8898348808288574
521,"China is planning a record sale of sovereign bonds in dollars, with a potential $6 billion offering https://t.co/zWNMQ4mXNb",1,neutral,2,positive,positive,0,0,FinGPT-Bloom-7B1-LoRA,tfns,-9.396062850952148,0.36476433277130127,-10.646062850952148,0.1045067235827446,-9.021062850952148,0.5307289361953735
522,China lines up record-breaking dollar bond https://t.co/XqtVhZcmWm,1,neutral,2,positive,positive,0,0,FinGPT-Bloom-7B1-LoRA,tfns,-13.263270378112793,0.013829031027853489,-13.075770378112793,0.016680996865034103,-9.013270378112793,0.9694899916648865
523,China’s $1.5 Trillion Pile of Bad Debt Lures Foreign Funds,1,neutral,1,neutral,neutral,1,0,FinGPT-Bloom-7B1-LoRA,tfns,-10.0626220703125,0.32546135783195496,-10.1251220703125,0.30574265122413635,-9.9376220703125,0.3687960207462311
524,"CLARIDA: DON'T THINK YIELD CURVE REFLECTS U.S. SITUATION

Yes, well, thanks to the Fed nothing reflects anything anymore",1,neutral,1,neutral,neutral,1,0,FinGPT-Bloom-7B1-LoRA,tfns,-10.857980728149414,0.16267752647399902,-10.045480728149414,0.366599440574646,-9.795480728149414,0.4707230031490326
525,Comcast redeeming all $1B in 2047 senior notes,1,neutral,1,neutral,neutral,1,0,FinGPT-Bloom-7B1-LoRA,tfns,-11.369550704956055,0.07333344221115112,-9.807050704956055,0.34985432028770447,-9.307050704956055,0.576812207698822
526,"EasyJet requests draw down of $500 million credit facility, explores more funding https://t.co/ZQZlGMNBJS https://t.co/09iTvOg2Av",1,neutral,0,negative,negative,0,0,FinGPT-Bloom-7B1-LoRA,tfns,-8.257375717163086,0.9936255216598511,-13.882375717163086,0.0035835732705891132,-14.132375717163086,0.0027908897027373314
527,Gates to offer $568M of senior notes,1,neutral,1,neutral,neutral,1,0,FinGPT-Bloom-7B1-LoRA,tfns,-11.362180709838867,0.06058552861213684,-9.674680709838867,0.32752227783203125,-9.049680709838867,0.6118921637535095
528,Kaiser Aluminum offers $500M senior notes due 2028,1,neutral,2,positive,positive,0,0,FinGPT-Bloom-7B1-LoRA,tfns,-10.824825286865234,0.07541702687740326,-13.387325286865234,0.005815536715090275,-8.324825286865234,0.9187674522399902
529,LabCorp prices $1.05B debt offering,1,neutral,1,neutral,neutral,1,0,FinGPT-Bloom-7B1-LoRA,tfns,-10.683496475219727,0.11541574448347092,-9.620996475219727,0.33396652340888977,-9.120996475219727,0.5506176948547363
530,Landsbankinn hf.: Supplement to the base prospectus for covered bond programme #Stock #MarketScreener… https://t.co/5TUTVnGSFd,1,neutral,1,neutral,neutral,1,0,FinGPT-Bloom-7B1-LoRA,tfns,-10.949760437011719,0.15600457787513733,-9.574760437011719,0.6170100569725037,-10.574760437011719,0.22698535025119781
531,Match Group announces $500M senior notes offering,1,neutral,2,positive,positive,0,0,FinGPT-Bloom-7B1-LoRA,tfns,-10.998785018920898,0.08219332247972488,-10.186285018920898,0.18522551655769348,-8.811285018920898,0.7325811386108398
532,Nasdaq prices 600M senior notes offering,1,neutral,1,neutral,neutral,1,0,FinGPT-Bloom-7B1-LoRA,tfns,-11.623381614685059,0.0632631704211235,-9.560881614685059,0.4976033866405487,-9.685881614685059,0.4391334652900696
533,New York Sports Clubs Owner Plans Debt Extension With Sweetener,1,neutral,1,neutral,neutral,1,0,FinGPT-Bloom-7B1-LoRA,tfns,-11.3732271194458,0.07070305943489075,-9.6232271194458,0.40686801075935364,-9.3732271194458,0.5224288702011108
534,"Nigeria won't seek a suspension of interest payments from its Eurobond bondholders, but will seek debt relief from… https://t.co/Bh7HUUF4kO",1,neutral,0,negative,negative,0,0,FinGPT-Bloom-7B1-LoRA,tfns,-7.579011917114258,0.8699044585227966,-10.204011917114258,0.06301566958427429,-10.141511917114258,0.06707983464002609
535,Piraeus Port Authority (ATH:PPA) Seems To Use Debt Rather Sparingly,1,neutral,0,negative,negative,0,0,FinGPT-Bloom-7B1-LoRA,tfns,-8.88731575012207,0.5246764421463013,-10.94981575012207,0.066705122590065,-9.13731575012207,0.4086184501647949
536,"Qatar began marketing U.S. dollar-denominated bonds, the first Persian Gulf state to tap the debt markets since the… https://t.co/UknSZl5wZv",1,neutral,1,neutral,neutral,1,0,FinGPT-Bloom-7B1-LoRA,tfns,-10.0913667678833,0.4349038302898407,-10.2163667678833,0.38380128145217896,-10.9663667678833,0.18129488825798035
537,"Repsol SA is the latest oil major to head to Europe's debt market for fresh financing, with other large borrowers p… https://t.co/oJrYVdaGNY",1,neutral,1,neutral,neutral,1,0,FinGPT-Bloom-7B1-LoRA,tfns,-9.731024742126465,0.47860726714134216,-10.168524742126465,0.3090120851993561,-10.543524742126465,0.21238069236278534
538,"Spanish companies, households snap up state-backed emergency credit  #Stock #MarketScreener https://t.co/o9iBDZEijE https://t.co/FQyY8WaORo",1,neutral,1,neutral,neutral,1,0,FinGPT-Bloom-7B1-LoRA,tfns,-10.397953987121582,0.13452193140983582,-9.397953987121582,0.36566847562789917,-9.085453987121582,0.4998095631599426
539,"Telenet : issues a new 6.2-year Ã‚â‚¬510.0 million revolving credit facility, further strength... #Telenet #Stock… https://t.co/6u4or9Yn9H",1,neutral,2,positive,positive,0,0,FinGPT-Bloom-7B1-LoRA,tfns,-9.905282020568848,0.2602389454841614,-10.717782020568848,0.11548033356666565,-9.030282020568848,0.6242807507514954
540,"The bond market is looking 'overbought' even in the context of coronavirus fears, analysts say https://t.co/ALSVRYK0bD",1,neutral,0,negative,negative,0,0,FinGPT-Bloom-7B1-LoRA,tfns,-7.712743282318115,0.8880821466445923,-10.837742805480957,0.039019625633955,-10.212742805480957,0.0728982537984848
541,"Two key regulators are holding off on easing Wall Street debt limits, leaving billions of dollars locked up that co… https://t.co/YvDDlEcmh2",1,neutral,1,neutral,neutral,1,0,FinGPT-Bloom-7B1-LoRA,tfns,-8.827670097351074,0.6837835907936096,-10.202670097351074,0.17288756370544434,-10.390170097351074,0.14332883059978485
542,Vereit files for senior notes offering,1,neutral,1,neutral,neutral,1,0,FinGPT-Bloom-7B1-LoRA,tfns,-11.90603256225586,0.03919271007180214,-8.78103256225586,0.892021894454956,-11.34353256225586,0.06878534704446793
543,"VF : to Draw Down $1 Billion From Credit Facility, Cuts CEO's Pay by 50% #VF #Stock #MarketScreener… https://t.co/ZWMiFpYcfy",1,neutral,0,negative,negative,0,0,FinGPT-Bloom-7B1-LoRA,tfns,-8.388021469116211,0.9872812628746033,-13.263021469116211,0.0075379847548902035,-13.638021469116211,0.005180776584893465
544,White House considering U.S. Treasury coronavirus bond: Kudlow #economy #MarketScreener https://t.co/qti2hB0N8z https://t.co/LT6g2sGH51,1,neutral,1,neutral,neutral,1,0,FinGPT-Bloom-7B1-LoRA,tfns,-10.560728073120117,0.2905580997467041,-9.810728073120117,0.6151114702224731,-11.685728073120117,0.09433040022850037
545,Yields head lower despite strong economic numbers,1,neutral,0,negative,negative,0,0,FinGPT-Bloom-7B1-LoRA,tfns,-8.764309883117676,0.9775681495666504,-14.139309883117676,0.004527038894593716,-12.764309883117676,0.01790478639304638
546,Democrats push for the Fed to buy low-rated municipal debt to ease the virus strain on state and local governments https://t.co/rFJqDxUqZM,1,neutral,1,neutral,neutral,1,0,FinGPT-Bloom-7B1-LoRA,tfns,-9.979921340942383,0.29582852125167847,-10.292421340942383,0.21643276512622833,-9.479921340942383,0.4877387583255768
547,Euro zone to consider credit line from bailout fund to fight coronavirus https://t.co/aHTraPoyIK https://t.co/Rra8KyLRGy,1,neutral,1,neutral,neutral,1,0,FinGPT-Bloom-7B1-LoRA,tfns,-9.966312408447266,0.453073114156723,-10.091312408447266,0.39983561635017395,-11.091312408447266,0.14709129929542542
548,$BEVFF - Diversified Royalty cuts dividend by ~14% https://t.co/O7QVe3IbbN,0,negative,0,negative,negative,1,0,FinGPT-Bloom-7B1-LoRA,tfns,-8.131983757019043,0.9933196306228638,-14.069483757019043,0.00262099108658731,-13.631983757019043,0.004059470258653164
549,"$CAE: CAE temporarily suspends dividend and share repurchase plan; lays off 2,600 of its 10,500 employees; to... https://t.co/8PObDJoSCb",0,negative,0,negative,negative,1,0,FinGPT-Bloom-7B1-LoRA,tfns,-8.130433082580566,0.9936256408691406,-13.630433082580566,0.0040607210248708725,-14.192933082580566,0.0023137289099395275
550,Boeing supplier Spirit cuts dividend due to 737 MAX crisis,0,negative,0,negative,negative,1,0,FinGPT-Bloom-7B1-LoRA,tfns,-8.394831657409668,0.9806520938873291,-13.457331657409668,0.0062072486616671085,-12.707331657409668,0.013140746392309666
551,$JKHY: Jack Henry increases quarterly dividend to $0.43/share from $0.40/share https://t.co/qKWFqFJW2n,2,positive,2,positive,positive,1,0,FinGPT-Bloom-7B1-LoRA,tfns,-14.067680358886719,0.009013213217258453,-13.755180358886719,0.012319602072238922,-9.380180358886719,0.9786672592163086
552,"AT&T to raise quarterly dividend by 2% to 52 cents a share, retire $100 million of stock in Q1",2,positive,2,positive,positive,1,0,FinGPT-Bloom-7B1-LoRA,tfns,-12.948562622070312,0.014550495892763138,-12.323562622070312,0.027183905243873596,-8.761062622070312,0.9582656621932983
553,International Bancshares Corporation's (NASDAQ:IBOC) 2.6% Dividend Yield Looks Pretty Interesting,2,positive,1,neutral,neutral,0,0,FinGPT-Bloom-7B1-LoRA,tfns,-10.49505615234375,0.1177990734577179,-9.30755615234375,0.38624829053878784,-9.05755615234375,0.4959526062011719
554,Suncor's dividend boost reassures analysts amid weak Q4,2,positive,2,positive,positive,1,0,FinGPT-Bloom-7B1-LoRA,tfns,-9.725090980529785,0.2853657603263855,-11.975090980529785,0.030077330768108368,-8.850090980529785,0.6845569014549255
555,$ATGFF - AltaGas declares CAD 0.08 dividend https://t.co/kw9EvOcgYY,1,neutral,1,neutral,neutral,1,0,FinGPT-Bloom-7B1-LoRA,tfns,-11.165533065795898,0.09212898463010788,-9.103033065795898,0.7246506214141846,-10.478033065795898,0.18322037160396576
556,$BANC - Banc of California declares $0.06 dividend https://t.co/T4PbSBACvo,1,neutral,0,negative,negative,0,0,FinGPT-Bloom-7B1-LoRA,tfns,-9.13994312286377,0.5019394755363464,-10.32744312286377,0.15308289229869843,-9.51494312286377,0.34497764706611633
557,$BOTJ - Bank of the James Financial Group declares $0.04 dividend https://t.co/aHMeRZPJNk,1,neutral,1,neutral,neutral,1,0,FinGPT-Bloom-7B1-LoRA,tfns,-11.15645980834961,0.1435706615447998,-9.71895980834961,0.6044549942016602,-10.59395980834961,0.25197434425354004
558,$ELY - Callaway Golf declares $0.01 dividend https://t.co/EnRdwwSBCR,1,neutral,1,neutral,neutral,1,0,FinGPT-Bloom-7B1-LoRA,tfns,-11.761916160583496,0.054970841854810715,-9.011916160583496,0.8598886728286743,-11.324416160583496,0.08514051139354706
559,$ERC - Wells Fargo Multi-Sector Income Fund declares $0.09888 dividend https://t.co/7AP9iYwPSF,1,neutral,1,neutral,neutral,1,0,FinGPT-Bloom-7B1-LoRA,tfns,-10.983919143676758,0.0886545181274414,-8.796419143676758,0.7901691794395447,-10.671419143676758,0.12117636948823929
560,$ES - Eversource Energy declares $0.535 dividend https://t.co/hgU90swNYW,1,neutral,1,neutral,neutral,1,0,FinGPT-Bloom-7B1-LoRA,tfns,-10.160974502563477,0.14630091190338135,-8.598474502563477,0.6979625821113586,-10.098474502563477,0.15573650598526
561,$JPM - JPMorgan Chase declares $0.90 dividend https://t.co/NGBRqyTMUq,1,neutral,1,neutral,neutral,1,0,FinGPT-Bloom-7B1-LoRA,tfns,-10.970673561096191,0.08306299895048141,-8.658173561096191,0.8389065265655518,-11.033173561096191,0.07803045958280563
562,$STE - Steris declares $0.37 dividend https://t.co/VkiswVp82t,1,neutral,1,neutral,neutral,1,0,FinGPT-Bloom-7B1-LoRA,tfns,-11.14633560180664,0.0849490538239479,-8.89633560180664,0.8059742450714111,-10.89633560180664,0.10907674580812454
563,$SWZ - Swiss Helvetia Fund declares $0.1404 dividend https://t.co/Aoc3efzp2w,1,neutral,1,neutral,neutral,1,0,FinGPT-Bloom-7B1-LoRA,tfns,-11.647378921508789,0.07803045958280563,-9.272378921508789,0.8389065265655518,-11.584878921508789,0.08306299895048141
564,Alaris Royalty declares CAD 0.1375 dividend,1,neutral,1,neutral,neutral,1,0,FinGPT-Bloom-7B1-LoRA,tfns,-12.011357307434082,0.05085219070315361,-9.136357307434082,0.9013766050338745,-12.073857307434082,0.047771207988262177
565,BankFinancial goes ex-dividend tomorrow,1,neutral,1,neutral,neutral,1,0,FinGPT-Bloom-7B1-LoRA,tfns,-11.46285629272461,0.059167664498090744,-8.77535629272461,0.8694624900817871,-11.27535629272461,0.07136982679367065
566,Beach Energy declares AUD 1.00 dividend,1,neutral,1,neutral,neutral,1,0,FinGPT-Bloom-7B1-LoRA,tfns,-11.912364959716797,0.04766681045293808,-9.037364959716797,0.8449143767356873,-11.099864959716797,0.10741879791021347
567,Boyd Gaming declares $0.07 dividend,1,neutral,1,neutral,neutral,1,0,FinGPT-Bloom-7B1-LoRA,tfns,-12.060880661010742,0.045859698206186295,-9.185880661010742,0.8128825426101685,-10.935880661010742,0.14125779271125793
568,Chorus Aviation declares CAD 0.04 dividend,1,neutral,1,neutral,neutral,1,0,FinGPT-Bloom-7B1-LoRA,tfns,-12.258652687072754,0.03528684750199318,-9.008652687072754,0.9100598096847534,-11.821152687072754,0.054653339087963104
569,Contact Energy declares NZ$0.16 dividend,1,neutral,1,neutral,neutral,1,0,FinGPT-Bloom-7B1-LoRA,tfns,-11.392613410949707,0.06949885934591293,-8.892613410949707,0.8466694355010986,-11.205113410949707,0.08383163064718246
570,Contango Income Generator : September 2019 Quarter Dividend #ContangoIncomeGenerator #Stock #MarketScreener… https://t.co/OU5Rh5rlLB,1,neutral,1,neutral,neutral,1,0,FinGPT-Bloom-7B1-LoRA,tfns,-12.132558822631836,0.08794894069433212,-9.882558822631836,0.8344363570213318,-12.257558822631836,0.0776146724820137
571,Dicker Data : Update - Dividend/Distribution - DDR #DickerData #Stock #MarketScreener https://t.co/xihVE978uQ https://t.co/VxJWQ2nvtH,1,neutral,1,neutral,neutral,1,0,FinGPT-Bloom-7B1-LoRA,tfns,-11.138684272766113,0.15041661262512207,-9.513684272766113,0.7638786435127258,-11.701184272766113,0.08570480346679688
572,"Digital Realty Trust, Inc. 5.2% PFD SER L declares $0.2925 dividend",1,neutral,1,neutral,neutral,1,0,FinGPT-Bloom-7B1-LoRA,tfns,-10.91921615600586,0.21991020441055298,-9.91921615600586,0.5977778434753418,-11.10671615600586,0.18231192231178284
573,"Digital Realty Trust, Inc. 6.35% PFD I CUM declares $0.396875 dividend",1,neutral,1,neutral,neutral,1,0,FinGPT-Bloom-7B1-LoRA,tfns,-10.067085266113281,0.20823073387145996,-9.629585266113281,0.3225140869617462,-9.254585266113281,0.4692552089691162
574,Equinor declares $0.27 dividend,1,neutral,1,neutral,neutral,1,0,FinGPT-Bloom-7B1-LoRA,tfns,-11.700037002563477,0.052810799330472946,-8.887537002563477,0.8793787956237793,-11.450037002563477,0.06781040877103806
575,Franklin Universal Trust declares $0.032 dividend,1,neutral,1,neutral,neutral,1,0,FinGPT-Bloom-7B1-LoRA,tfns,-13.1940279006958,0.01874248869717121,-9.2565279006958,0.9613062143325806,-13.1315279006958,0.019951272755861282
576,GasLog Partners declares $0.561 dividend,1,neutral,1,neutral,neutral,1,0,FinGPT-Bloom-7B1-LoRA,tfns,-11.5198335647583,0.06949885934591293,-9.0198335647583,0.8466694355010986,-11.3323335647583,0.08383163064718246
577,Inter Pipeline declares CAD 0.1425 dividend,1,neutral,1,neutral,neutral,1,0,FinGPT-Bloom-7B1-LoRA,tfns,-12.07352352142334,0.04210920259356499,-9.01102352142334,0.900334358215332,-11.76102352142334,0.05755645036697388
578,INVESCO Perpetual UK Smaller Investment Trust : Dividend Declaration  #Stock #MarketScreener https://t.co/ImzY3UWZed https://t.co/xPxZGkhcdl,1,neutral,1,neutral,neutral,1,0,FinGPT-Bloom-7B1-LoRA,tfns,-11.823456764221191,0.08174750208854675,-9.510956764221191,0.8256204724311829,-11.698456764221191,0.09263204783201218
579,Nexus REIT declares CAD 0.0133 dividend,1,neutral,1,neutral,neutral,1,0,FinGPT-Bloom-7B1-LoRA,tfns,-12.260534286499023,0.039798248559236526,-9.135534286499023,0.9058039784431458,-11.948034286499023,0.05439775437116623
580,Northern Star Resources : Appendix 3A.1 &ndash; Notification of Dividend #NorthernStarResources #Stock… https://t.co/1VwT4eGaXs,1,neutral,1,neutral,neutral,1,0,FinGPT-Bloom-7B1-LoRA,tfns,-12.881067276000977,0.039659108966588974,-9.756067276000977,0.9026371836662292,-12.506067276000977,0.057703662663698196
581,Northfield Bancorp goes ex-dividend tomorrow,1,neutral,1,neutral,neutral,1,0,FinGPT-Bloom-7B1-LoRA,tfns,-11.886065483093262,0.04017186537384987,-8.761065483093262,0.9143074154853821,-11.761065483093262,0.045520685613155365
582,Nuveen Pennsylvania Municipal Value Fund declares $0.038 dividend,1,neutral,1,neutral,neutral,1,0,FinGPT-Bloom-7B1-LoRA,tfns,-12.76784896850586,0.044180601835250854,-9.76784896850586,0.8873911499977112,-12.33034896850586,0.06842826306819916
583,NXP Semiconductors declares $0.375 dividend,1,neutral,1,neutral,neutral,1,0,FinGPT-Bloom-7B1-LoRA,tfns,-12.200963973999023,0.03371554985642433,-8.888463973999023,0.9256157279014587,-12.013463973999023,0.04066871479153633
584,OneMain Holdings declares $0.33 dividend,1,neutral,1,neutral,neutral,1,0,FinGPT-Bloom-7B1-LoRA,tfns,-12.634138107299805,0.031473152339458466,-9.259138107299805,0.9197803139686584,-12.196638107299805,0.04874657094478607
585,PennyMac Mortgage Investment Trust CUM RED PFD B declares $0.50 dividend,1,neutral,1,neutral,neutral,1,0,FinGPT-Bloom-7B1-LoRA,tfns,-12.152575492858887,0.027386510744690895,-8.652575492858887,0.906916618347168,-11.277575492858887,0.0656968206167221
586,PennyMac Mortgage Investment Trust PFD SER A declares $0.5078 dividend,1,neutral,1,neutral,neutral,1,0,FinGPT-Bloom-7B1-LoRA,tfns,-12.269667625427246,0.031043346971273422,-8.894667625427246,0.9072195887565613,-11.582167625427246,0.0617370679974556
587,Primerica goes ex-dividend tomorrow,1,neutral,1,neutral,neutral,1,0,FinGPT-Bloom-7B1-LoRA,tfns,-11.452099800109863,0.05361500382423401,-8.639599800109863,0.892769992351532,-11.452099800109863,0.05361500382423401
588,QIWI plc declares $0.28 dividend,1,neutral,2,positive,positive,0,0,FinGPT-Bloom-7B1-LoRA,tfns,-10.725488662719727,0.11654014140367508,-10.350488662719727,0.16956491768360138,-8.912988662719727,0.7138949036598206
589,SB One Bancorp goes ex-dividend on Monday,1,neutral,1,neutral,neutral,1,0,FinGPT-Bloom-7B1-LoRA,tfns,-12.011541366577148,0.04997638985514641,-9.136541366577148,0.8858526349067688,-11.761541366577148,0.0641709491610527
590,Schlumberger goes ex-dividend tomorrow,1,neutral,1,neutral,neutral,1,0,FinGPT-Bloom-7B1-LoRA,tfns,-11.147502899169922,0.06374676525592804,-8.522502899169922,0.8799969553947449,-11.272502899169922,0.05625632032752037
591,Southwest Airlines declares $0.18 dividend,1,neutral,1,neutral,neutral,1,0,FinGPT-Bloom-7B1-LoRA,tfns,-11.266509056091309,0.06949885934591293,-8.766509056091309,0.8466694355010986,-11.079009056091309,0.08383163064718246
592,Superior Plus Announces February 2020 Cash Dividend and Upcoming Events,1,neutral,2,positive,positive,0,0,FinGPT-Bloom-7B1-LoRA,tfns,-14.502872467041016,0.0035737119615077972,-14.065372467041016,0.0055350735783576965,-8.877872467041016,0.9908912777900696
593,Sylogist declares CAD 0.10 dividend,1,neutral,1,neutral,neutral,1,0,FinGPT-Bloom-7B1-LoRA,tfns,-12.010783195495605,0.03992984816431999,-8.885783195495605,0.9087991714477539,-11.760783195495605,0.05127094313502312
594,Tekla Healthcare Opportunities Fund declares $0.1125 dividend,1,neutral,1,neutral,neutral,1,0,FinGPT-Bloom-7B1-LoRA,tfns,-12.38642692565918,0.03561968356370926,-9.13642692565918,0.9186437129974365,-12.13642692565918,0.04573657736182213
595,Tekla World Healthcare Fund declares $0.1167 dividend,1,neutral,1,neutral,neutral,1,0,FinGPT-Bloom-7B1-LoRA,tfns,-11.947731971740723,0.053234972059726715,-9.135231971740723,0.8864418864250183,-11.822731971740723,0.06032312661409378
596,Vishay Intertechnology declares $0.095 dividend,1,neutral,1,neutral,neutral,1,0,FinGPT-Bloom-7B1-LoRA,tfns,-11.639101028442383,0.05602597817778587,-8.889101028442383,0.8763937950134277,-11.451601028442383,0.06758023053407669
597,WPT Industrial REIT declares $0.0633 dividend,1,neutral,1,neutral,neutral,1,0,FinGPT-Bloom-7B1-LoRA,tfns,-12.078384399414062,0.04210920259356499,-9.015884399414062,0.900334358215332,-11.765884399414062,0.05755645036697388
598,WVS Financial goes ex-dividend tomorrow,1,neutral,1,neutral,neutral,1,0,FinGPT-Bloom-7B1-LoRA,tfns,-11.83446979522705,0.04123849421739578,-8.77196979522705,0.8817178606987,-11.20946979522705,0.07704364508390427
599,Dish TV India Limited Just Missed Earnings With A Surprise Loss - Here Are Analysts Latest Forecasts,0,negative,0,negative,negative,1,0,FinGPT-Bloom-7B1-LoRA,tfns,-8.885802268981934,0.9810210466384888,-13.198302268981934,0.013145689852535725,-14.010802268981934,0.005833364091813564
600,Legacy Housing Corporation Earnings Missed Analyst Estimates: Here's What Analysts Are Forecasting Now,0,negative,2,positive,positive,0,0,FinGPT-Bloom-7B1-LoRA,tfns,-10.7649564743042,0.11678381264209747,-12.5149564743042,0.020293984562158585,-8.7649564743042,0.862922191619873
601,Playtech warns it will miss earnings expectations https://t.co/Zsz2VKkcrc,0,negative,0,negative,negative,1,0,FinGPT-Bloom-7B1-LoRA,tfns,-8.512499809265137,0.9898865222930908,-13.699999809265137,0.005529460962861776,-13.887499809265137,0.004584084264934063
602,Was Five Star Senior Living Inc.'s (NASDAQ:FVE) Earnings Decline Part Of A Broader Industry Downturn?,0,negative,1,neutral,neutral,0,0,FinGPT-Bloom-7B1-LoRA,tfns,-9.167142868041992,0.6693558096885681,-10.042142868041992,0.2790290117263794,-11.729642868041992,0.05161517858505249
603,Why Home Depot Stumbled on Earnings,0,negative,0,negative,negative,1,0,FinGPT-Bloom-7B1-LoRA,tfns,-9.00265884399414,0.9951037168502808,-15.25265884399414,0.0019210021710023284,-14.81515884399414,0.0029753062408417463
604,"$NVDA - After Intel And AMD, Nvidia Q4 Earnings Release Most Likely Beats. https://t.co/e87ZEOd1Z8 #business #stockmarket #markets",2,positive,2,positive,positive,1,0,FinGPT-Bloom-7B1-LoRA,tfns,-9.833150863647461,0.21656842529773712,-11.895650863647461,0.02753358520567417,-8.583150863647461,0.7558980584144592
605,Adobe Hits New Highs on Earnings - Here’s What the Charts Say - TheStreet,2,positive,2,positive,positive,1,0,FinGPT-Bloom-7B1-LoRA,tfns,-8.956891059875488,0.4777797758579254,-11.331891059875488,0.04444044083356857,-8.956891059875488,0.4777797758579254
606,Amazon rejoins $1tn club on back of blockbuster earnings https://t.co/a3rPNz6Xsn,2,positive,2,positive,positive,1,0,FinGPT-Bloom-7B1-LoRA,tfns,-9.334967613220215,0.4086184501647949,-11.147467613220215,0.066705122590065,-9.084967613220215,0.5246764421463013
607,Cineplex Inc. Just Beat Earnings Expectations: Here's What Analysts Think Will Happen Next,2,positive,2,positive,positive,1,0,FinGPT-Bloom-7B1-LoRA,tfns,-14.009428024291992,0.005828422494232655,-13.134428024291992,0.013981658965349197,-8.884428024291992,0.9801899790763855
608,"CrowdStrike strikes gain with another blow out report (CRWD)                   
https://t.co/GtK5LmJbfX $CRWD",2,positive,2,positive,positive,1,0,FinGPT-Bloom-7B1-LoRA,tfns,-14.251883506774902,0.005206460133194923,-14.939383506774902,0.0026179724372923374,-9.001883506774902,0.9921756386756897
609,Pharma ETFs Gain on Healthy Q4 Earnings,2,positive,2,positive,positive,1,0,FinGPT-Bloom-7B1-LoRA,tfns,-12.592853546142578,0.023840822279453278,-12.592853546142578,0.023840822279453278,-8.905353546142578,0.9523183107376099
610,Sonos Sounds Good After Earnings Beat,2,positive,2,positive,positive,1,0,FinGPT-Bloom-7B1-LoRA,tfns,-11.949286460876465,0.0243520587682724,-14.074286460876465,0.002908438676968217,-8.261786460876465,0.9727395176887512
611,Why Pinterest Earnings Were So Inspiring,2,positive,2,positive,positive,1,0,FinGPT-Bloom-7B1-LoRA,tfns,-10.328065872192383,0.12471179664134979,-12.890565872192383,0.00961674191057682,-8.390565872192383,0.8656713962554932
612,$AIZ - Assurant Q4 2019 Earnings Preview https://t.co/RbjIk0NRk8,1,neutral,1,neutral,neutral,1,0,FinGPT-Bloom-7B1-LoRA,tfns,-11.775936126708984,0.05578284338116646,-9.025936126708984,0.8725905418395996,-11.525936126708984,0.07162658870220184
613,$AMBA - Ambarella Q3 2020 Earnings Preview https://t.co/NR63jlJVHm,1,neutral,1,neutral,neutral,1,0,FinGPT-Bloom-7B1-LoRA,tfns,-11.14484691619873,0.08605197072029114,-8.89484691619873,0.8164383769035339,-11.01984691619873,0.09750965982675552
614,$AN - AutoNation Q4 2019 Earnings Preview https://t.co/6dXenvxdEY,1,neutral,1,neutral,neutral,1,0,FinGPT-Bloom-7B1-LoRA,tfns,-10.841031074523926,0.09214623272418976,-8.653531074523926,0.8212904334068298,-10.903531074523926,0.08656337112188339
615,$BAH - Booz Allen Hamilton Holding Corporation (BAH) CEO Horacio Rozanski on Q3 2020 Results - Earnings Call Transc... https://t.co/dNOLR4pBSn,1,neutral,1,neutral,neutral,1,0,FinGPT-Bloom-7B1-LoRA,tfns,-10.799286842346191,0.21991020441055298,-9.799286842346191,0.5977778434753418,-10.986786842346191,0.18231192231178284
616,$BPIRY $BPIRD $BPIRF - Piraeus Bank reports Q3 results https://t.co/w7GoiSjs8N,1,neutral,1,neutral,neutral,1,0,FinGPT-Bloom-7B1-LoRA,tfns,-11.169373512268066,0.08308016508817673,-8.919373512268066,0.7882426977157593,-10.731873512268066,0.12867708504199982
617,"$BR - Broadridge Financial Solutions, Inc. (BR) CEO Tim Gokey on Q2 2020 Results - Earnings Call Transcript.... https://t.co/yYrbfCRfBh",1,neutral,1,neutral,neutral,1,0,FinGPT-Bloom-7B1-LoRA,tfns,-11.397339820861816,0.13866610825061798,-9.772339820861816,0.7042046189308167,-11.272339820861816,0.15712928771972656
618,$CEIX - CONSOL Energy Q4 2019 Earnings Preview https://t.co/hNZ8OnhPhh,1,neutral,1,neutral,neutral,1,0,FinGPT-Bloom-7B1-LoRA,tfns,-10.886674880981445,0.07779257744550705,-8.574174880981445,0.7856771945953369,-10.324174880981445,0.13653022050857544
619,"$CLDR - Cloudera, Inc. (CLDR) CEO Martin Cole on Q3 2020 Results - Earnings Call Transcript. Read more and get upda… https://t.co/zgmQ7X8gvp",1,neutral,1,neutral,neutral,1,0,FinGPT-Bloom-7B1-LoRA,tfns,-11.67614459991455,0.1045067235827446,-10.05114459991455,0.5307289361953735,-10.42614459991455,0.36476433277130127
620,$CMD - Cantel Medical Corp. (CMD) CEO George Fotiades on Q1 2020 Results - Earnings Call Transcript. Continue readi… https://t.co/2ZQtrDBqqe,1,neutral,1,neutral,neutral,1,0,FinGPT-Bloom-7B1-LoRA,tfns,-11.52021598815918,0.14365924894809723,-9.89521598815918,0.7295619249343872,-11.64521598815918,0.12677884101867676
621,$CNS - Cohen & Steers reports January AUM of $73.3B https://t.co/fmpmExnIde,1,neutral,1,neutral,neutral,1,0,FinGPT-Bloom-7B1-LoRA,tfns,-10.754607200622559,0.1539839655160904,-9.317107200622559,0.6482967138290405,-10.504607200622559,0.19771932065486908
622,$CRL - Charles River Laboratories Q4 2019 Earnings Preview https://t.co/kXRc3AJodT,1,neutral,1,neutral,neutral,1,0,FinGPT-Bloom-7B1-LoRA,tfns,-11.518821716308594,0.07209917902946472,-9.018821716308594,0.8783478140830994,-11.893821716308594,0.04955299571156502
623,"$CULP - Culp, Inc. 2020 Q2 - Results - Earnings Call Presentation. Read more and get updates on any stock!… https://t.co/k65vOwaaB9",1,neutral,1,neutral,neutral,1,0,FinGPT-Bloom-7B1-LoRA,tfns,-10.422638893127441,0.4034309387207031,-10.297638893127441,0.45714715123176575,-11.485138893127441,0.1394219994544983
624,$D - Dominion Energy Q4 2019 Earnings Preview https://t.co/blwGYqai5K,1,neutral,1,neutral,neutral,1,0,FinGPT-Bloom-7B1-LoRA,tfns,-11.64353084564209,0.07050945609807968,-9.14353084564209,0.8589810729026794,-11.64353084564209,0.07050945609807968
625,$DBD - Diebold Nixdorf Q4 2019 Earnings Preview https://t.co/fbABq6ow2F,1,neutral,1,neutral,neutral,1,0,FinGPT-Bloom-7B1-LoRA,tfns,-11.393533706665039,0.08605197072029114,-9.143533706665039,0.8164383769035339,-11.268533706665039,0.09750965982675552
626,$EARN - Ellington Residential Mortgage REIT reports Q4 results https://t.co/VyLG9T1ATd,1,neutral,1,neutral,neutral,1,0,FinGPT-Bloom-7B1-LoRA,tfns,-11.948805809020996,0.06733691692352295,-9.386305809020996,0.8732384443283081,-12.073805809020996,0.05942462384700775
627,$ELY - Callaway Golf Company 2019 Q4 - Results - Earnings Call Presentation. https://t.co/57nAtnddKP #markets #trading #economy,1,neutral,2,positive,positive,0,0,FinGPT-Bloom-7B1-LoRA,tfns,-9.438111305236816,0.2620725631713867,-10.313111305236816,0.109248086810112,-8.563111305236816,0.6286793947219849
628,$EVI - EVI reports Q2 results https://t.co/JORsCDM5m7,1,neutral,1,neutral,neutral,1,0,FinGPT-Bloom-7B1-LoRA,tfns,-11.206076622009277,0.07533851265907288,-8.768576622009277,0.8622036576271057,-11.393576622009277,0.06245782598853111
629,"$FISI - Financial Institutions, Inc. (FISI) CEO Marty Birmingham on Q4 2019 Results - Earnings Call Transcript.... https://t.co/x0EUXRLkqc",1,neutral,1,neutral,neutral,1,0,FinGPT-Bloom-7B1-LoRA,tfns,-11.405190467834473,0.1597319096326828,-9.905190467834473,0.7158687710762024,-11.655190467834473,0.1243993267416954
630,$HAS - Hasbro Q4 2019 Earnings Preview https://t.co/vMIhbuEfgX,1,neutral,1,neutral,neutral,1,0,FinGPT-Bloom-7B1-LoRA,tfns,-11.3974027633667,0.08551418781280518,-9.1474027633667,0.8113360404968262,-11.2099027633667,0.10314979404211044
631,$HBAYF - Hudson's Bay Company (HBAYF) CEO Helena Foulkes on Q3 2019 Results - Earnings Call Transcript. Continue re… https://t.co/YoS5k00NYv,1,neutral,1,neutral,neutral,1,0,FinGPT-Bloom-7B1-LoRA,tfns,-11.032278060913086,0.2777884900569916,-10.407278060913086,0.518977165222168,-11.344778060913086,0.20323437452316284
632,$IFLXF - Imaflex reports Q3 results https://t.co/3rqgPSpjRZ,1,neutral,1,neutral,neutral,1,0,FinGPT-Bloom-7B1-LoRA,tfns,-10.90751838684082,0.07803045958280563,-8.53251838684082,0.8389065265655518,-10.84501838684082,0.08306299895048141
633,$IOFB - Iowa First Bancshares reports Q4 results https://t.co/jT2mbQvS4e,1,neutral,1,neutral,neutral,1,0,FinGPT-Bloom-7B1-LoRA,tfns,-11.180939674377441,0.04932364448904991,-8.305939674377441,0.8742824196815491,-10.743439674377441,0.07639394700527191
634,$IVC - Invacare Corporation (IVC) CEO Matthew Monaghan on Q4 2019 Results - Earnings Call Transcript.… https://t.co/Okr6M5SxnF,1,neutral,1,neutral,neutral,1,0,FinGPT-Bloom-7B1-LoRA,tfns,-12.074305534362793,0.09163464605808258,-9.886805534362793,0.8167307376861572,-12.074305534362793,0.09163464605808258
635,"$JBSS - John B. Sanfilippo & Son, Inc. (JBSS) CEO Jeffrey Sanfilippo on Q2 2020 Results - Earnings Call Transcript.... https://t.co/6vtzuGJJVc",1,neutral,1,neutral,neutral,1,0,FinGPT-Bloom-7B1-LoRA,tfns,-9.894867897033691,0.4077838361263275,-10.019867897033691,0.35986799001693726,-10.457367897033691,0.2323482185602188
636,$LPX - Louisiana-Pacific Q4 2019 Earnings Preview https://t.co/4vQ4G5x1Yv,1,neutral,2,positive,positive,0,0,FinGPT-Bloom-7B1-LoRA,tfns,-9.584789276123047,0.39634692668914795,-12.272289276123047,0.02697174809873104,-9.209789276123047,0.57668137550354
637,"$MELI - MercadoLibre, Inc. 2019 Q4 - Results - Earnings Call Presentation. https://t.co/KcRqfODmhA #business #markets #stockmarket",1,neutral,1,neutral,neutral,1,0,FinGPT-Bloom-7B1-LoRA,tfns,-10.316838264465332,0.29263946413993835,-10.066838264465332,0.37575653195381165,-10.191838264465332,0.3316039741039276
638,$MLM - Martin Marietta Materials Q4 2019 Earnings Preview https://t.co/jgnzxkIdqd,1,neutral,1,neutral,neutral,1,0,FinGPT-Bloom-7B1-LoRA,tfns,-10.045320510864258,0.33808648586273193,-9.670320510864258,0.49191293120384216,-10.732820510864258,0.1700005680322647
639,$NCR - NCR Q4 2019 Earnings Preview https://t.co/VDRlgyflHj,1,neutral,1,neutral,neutral,1,0,FinGPT-Bloom-7B1-LoRA,tfns,-11.155404090881348,0.1005765050649643,-9.030404090881348,0.8421167731285095,-11.717904090881348,0.05730676278471947
640,$NIU - Niu Technologies 2019 Q3 - Results - Earnings Call Presentation. Read more: https://t.co/OOWkcX2Atx #investing #stocks #stockmarket,1,neutral,1,neutral,neutral,1,0,FinGPT-Bloom-7B1-LoRA,tfns,-10.874288558959961,0.22721977531909943,-10.124288558959961,0.48102426528930664,-10.624288558959961,0.2917559742927551
641,$NNN - National Retail Properties Q4 Earnings Preview https://t.co/pyBH8YQj1p,1,neutral,1,neutral,neutral,1,0,FinGPT-Bloom-7B1-LoRA,tfns,-9.370577812194824,0.40176334977149963,-9.870577812194824,0.24368178844451904,-9.495577812194824,0.3545548915863037
642,$NSP - Insperity Q4 2019 Earnings Preview https://t.co/bhbi9TFrFi,1,neutral,1,neutral,neutral,1,0,FinGPT-Bloom-7B1-LoRA,tfns,-11.091203689575195,0.0732567235827446,-8.653703689575195,0.8383787870407104,-10.903703689575195,0.08836447447538376
643,$OMC - Omnicom Q4 2019 Earnings Preview https://t.co/RuCz38Mcy6,1,neutral,1,neutral,neutral,1,0,FinGPT-Bloom-7B1-LoRA,tfns,-11.219656944274902,0.0732567235827446,-8.782156944274902,0.8383787870407104,-11.032156944274902,0.08836447447538376
644,$PANW - Palo Alto Networks Q1 2020 Earnings Preview https://t.co/DfQXpl34fA,1,neutral,1,neutral,neutral,1,0,FinGPT-Bloom-7B1-LoRA,tfns,-11.198956489562988,0.1360556185245514,-9.698956489562988,0.6097589731216431,-10.573956489562988,0.25418534874916077
645,$PHCEF - PharmaCielo reports Q3 results https://t.co/8l2CVHznGj,1,neutral,1,neutral,neutral,1,0,FinGPT-Bloom-7B1-LoRA,tfns,-11.104000091552734,0.06707983464002609,-8.541500091552734,0.8699044585227966,-11.166500091552734,0.06301566958427429
646,$PSX - Phillips 66 2019 Q4 - Results - Earnings Call Presentation. https://t.co/lQFktaxl9V #markets #trading #stocks,1,neutral,1,neutral,neutral,1,0,FinGPT-Bloom-7B1-LoRA,tfns,-9.745774269104004,0.2777884900569916,-10.058274269104004,0.20323437452316284,-9.120774269104004,0.518977165222168
647,$PVH - Phillips-Van Heusen Q3 2020 Earnings Preview https://t.co/kNhCYwVnBX,1,neutral,2,positive,positive,0,0,FinGPT-Bloom-7B1-LoRA,tfns,-10.032373428344727,0.17712557315826416,-9.719873428344727,0.24210196733474731,-8.844873428344727,0.5807724595069885
648,"$RGCO - RGC Resources, Inc. (RGCO) CEO John D'Orazio on Q4 2019 Results - Earnings Call Transcript. Read more and g… https://t.co/UR8KXNoy1h",1,neutral,1,neutral,neutral,1,0,FinGPT-Bloom-7B1-LoRA,tfns,-11.153543472290039,0.2602389454841614,-10.278543472290039,0.6242807507514954,-11.966043472290039,0.11548033356666565
649,$RNUGF - ReNeuron Group plc (RNUGF) CEO Olav Hellebø on Q2 2020 Results - Earnings Call Transcript. Follow this and… https://t.co/mHsXKdhtCw,1,neutral,1,neutral,neutral,1,0,FinGPT-Bloom-7B1-LoRA,tfns,-10.44582748413086,0.3035481870174408,-9.94582748413086,0.5004663467407227,-10.88332748413086,0.19598543643951416
650,$UAA - Under Armour Q4 2019 Earnings Preview https://t.co/5lR80ygFWK,1,neutral,1,neutral,neutral,1,0,FinGPT-Bloom-7B1-LoRA,tfns,-11.390528678894043,0.07842513918876648,-9.015528678894043,0.843149721622467,-11.390528678894043,0.07842513918876648
651,$UNFI - United Natural Foods Inc (UNFI) CEO Steve Spinner on Q1 2020 Results - Earnings Call Transcript. Keep readi… https://t.co/9UbHS6nuQP,1,neutral,1,neutral,neutral,1,0,FinGPT-Bloom-7B1-LoRA,tfns,-11.594061851501465,0.15937139093875885,-10.156561851501465,0.6709786057472229,-11.531561851501465,0.16964995861053467
652,"$USAK - USA Truck, Inc. 2019 Q4 - Results - Earnings Call Presentation. https://t.co/VaoeaJ18mB #markets #economy #trading",1,neutral,1,neutral,neutral,1,0,FinGPT-Bloom-7B1-LoRA,tfns,-9.823745727539062,0.2786963880062103,-9.886245727539062,0.2618109881877899,-9.323745727539062,0.45949265360832214
653,$VIRT - Virtu Financial Q4 2019 Earnings Preview https://t.co/DEQoJ2KqSU,1,neutral,1,neutral,neutral,1,0,FinGPT-Bloom-7B1-LoRA,tfns,-11.334912300109863,0.0841861143708229,-9.022412300109863,0.8502496480941772,-11.584912300109863,0.06556421518325806
654,"$ZUO - Zuora, Inc. (ZUO) CEO Tien Tzuo on Q3 2020 Results - Earnings Call Transcript. Subscribe to Seeking Alpha fo… https://t.co/phrquf7Ktv",1,neutral,1,neutral,neutral,1,0,FinGPT-Bloom-7B1-LoRA,tfns,-10.903555870056152,0.29934629797935486,-10.278555870056152,0.5592525005340576,-11.653555870056152,0.14140117168426514
655,.@BruceKamich digs into Palo Alto $PANW charts ahead of earnings:   https://t.co/9bh2ztu5Yv,1,neutral,2,positive,positive,0,0,FinGPT-Bloom-7B1-LoRA,tfns,-12.572758674621582,0.016842881217598915,-13.947758674621582,0.004258547443896532,-8.510258674621582,0.9788985848426819
656,01 Communique Laboratory reports Q4 results,1,neutral,1,neutral,neutral,1,0,FinGPT-Bloom-7B1-LoRA,tfns,-11.824654579162598,0.05343024805188179,-9.012154579162598,0.889693558216095,-11.762154579162598,0.056876201182603836
657,Acura Pharmaceuticals reports Q2 results,1,neutral,1,neutral,neutral,1,0,FinGPT-Bloom-7B1-LoRA,tfns,-12.482555389404297,0.02857549674808979,-9.107555389404297,0.8350984454154968,-10.920055389404297,0.13632607460021973
658,Adhera Therapeutics reports Q3 results,1,neutral,1,neutral,neutral,1,0,FinGPT-Bloom-7B1-LoRA,tfns,-11.278080940246582,0.061837516725063324,-8.653080940246582,0.8536405563354492,-10.965580940246582,0.08452185988426208
659,Advanced Drainage Systems Announces Third Quarter Fiscal 2020 Results,1,neutral,2,positive,positive,0,0,FinGPT-Bloom-7B1-LoRA,tfns,-11.43748664855957,0.0543089434504509,-10.43748664855957,0.14762701094150543,-8.74998664855957,0.798064112663269
660,Alternus Energy reports Q3 results,1,neutral,1,neutral,neutral,1,0,FinGPT-Bloom-7B1-LoRA,tfns,-12.819291114807129,0.016596799716353416,-8.756791114807129,0.9645965099334717,-12.694291114807129,0.018806640058755875
661,Amen Properties Reports Results for Third Quarter of 2019 and Announces Dividend,1,neutral,1,neutral,neutral,1,0,FinGPT-Bloom-7B1-LoRA,tfns,-12.69508171081543,0.03803398460149765,-9.50758171081543,0.9214790463447571,-12.63258171081543,0.04048696532845497
662,B Communications reports Q3 results,1,neutral,1,neutral,neutral,1,0,FinGPT-Bloom-7B1-LoRA,tfns,-11.51988410949707,0.05035608634352684,-8.64488410949707,0.8925829529762268,-11.39488410949707,0.05706091597676277
663,Bank Hapoalim reports Q3 results,1,neutral,1,neutral,neutral,1,0,FinGPT-Bloom-7B1-LoRA,tfns,-11.528343200683594,0.0482761524617672,-8.653343200683594,0.8557152152061462,-10.840843200683594,0.09600858390331268
664,Biofrontera reports 9M results,1,neutral,1,neutral,neutral,1,0,FinGPT-Bloom-7B1-LoRA,tfns,-11.57458209991455,0.060702841728925705,-8.88708209991455,0.8920217156410217,-11.82458209991455,0.047275420278310776
665,Biorem reports Q3 results,1,neutral,1,neutral,neutral,1,0,FinGPT-Bloom-7B1-LoRA,tfns,-12.011566162109375,0.040387894958257675,-8.886566162109375,0.9192242622375488,-12.011566162109375,0.040387894958257675
666,Biotage AB reports Q4 results,1,neutral,1,neutral,neutral,1,0,FinGPT-Bloom-7B1-LoRA,tfns,-11.584428787231445,0.058896567672491074,-8.896928787231445,0.8654787540435791,-11.334428787231445,0.07562468945980072
667,"BlackBerry, Conagra, FedEx, Micron, Nike and More Earnings Coming This Week",1,neutral,2,positive,positive,0,0,FinGPT-Bloom-7B1-LoRA,tfns,-11.457447052001953,0.03644847497344017,-11.894947052001953,0.02353290468454361,-8.207447052001953,0.9400185346603394
668,"BrightSphere Reports Financial and Operating Results for the Fourth Quarter Ended December 31, 2019",1,neutral,1,neutral,neutral,1,0,FinGPT-Bloom-7B1-LoRA,tfns,-12.514615058898926,0.0776146724820137,-10.139615058898926,0.8344363570213318,-12.389615058898926,0.08794894069433212
669,Canbiola reports Q3 results,1,neutral,1,neutral,neutral,1,0,FinGPT-Bloom-7B1-LoRA,tfns,-11.700384140014648,0.05343024805188179,-8.887884140014648,0.889693558216095,-11.637884140014648,0.056876201182603836
670,Centaurus Energy reports Q3 results,1,neutral,1,neutral,neutral,1,0,FinGPT-Bloom-7B1-LoRA,tfns,-11.52481460571289,0.054970841854810715,-8.77481460571289,0.8598886728286743,-11.08731460571289,0.08514051139354706
671,ChoiceOne Financial Services reports Q4 results,1,neutral,1,neutral,neutral,1,0,FinGPT-Bloom-7B1-LoRA,tfns,-12.014037132263184,0.04485961049795151,-9.014037132263184,0.9010294079780579,-11.826537132263184,0.054111018776893616
672,Ciner Resources LP to Release 4th Quarter and Year-End 2019 Results,1,neutral,2,positive,positive,0,0,FinGPT-Bloom-7B1-LoRA,tfns,-11.865215301513672,0.0617370679974556,-12.552715301513672,0.031043346971273422,-9.177715301513672,0.9072195887565613
673,CyberOptics Fourth Quarter 2019 Earnings Conference Call Scheduled for February 19,1,neutral,1,neutral,neutral,1,0,FinGPT-Bloom-7B1-LoRA,tfns,-12.469161987304688,0.04459865018725395,-9.531661987304688,0.8415147662162781,-11.531661987304688,0.11388663947582245
674,DCP Midstream Q4 Earnings Preview,1,neutral,1,neutral,neutral,1,0,FinGPT-Bloom-7B1-LoRA,tfns,-12.017139434814453,0.05017145350575447,-9.142139434814453,0.8893102407455444,-11.829639434814453,0.06051832064986229
675,Did Thermo Fisher Scientific Inc.'s (NYSE:TMO) Recent Earnings Growth Beat The Trend?,1,neutral,2,positive,positive,0,0,FinGPT-Bloom-7B1-LoRA,tfns,-12.419208526611328,0.02921748161315918,-11.669208526611328,0.061853405088186264,-8.981708526611328,0.908929169178009
676,DSV Panalpina A/S reports FY results,1,neutral,1,neutral,neutral,1,0,FinGPT-Bloom-7B1-LoRA,tfns,-11.065465927124023,0.08947199583053589,-9.502965927124023,0.42684701085090637,-9.377965927124023,0.4836810529232025
677,Earnings heatmap https://t.co/gY9oNC5zPW,1,neutral,1,neutral,neutral,1,0,FinGPT-Bloom-7B1-LoRA,tfns,-10.535887718200684,0.11017649620771408,-8.535887718200684,0.8141003251075745,-10.910887718200684,0.07572312653064728
678,Edited Transcript of AMG earnings conference call or presentation 29-Jul-19 12:30pm GMT,1,neutral,1,neutral,neutral,1,0,FinGPT-Bloom-7B1-LoRA,tfns,-12.639636039733887,0.05552634224295616,-9.889636039733887,0.8685781359672546,-12.327136039733887,0.0758955106139183
679,Edited Transcript of BFF.MI earnings conference call or presentation 8-Nov-19 11:30am GMT,1,neutral,1,neutral,neutral,1,0,FinGPT-Bloom-7B1-LoRA,tfns,-13.194412231445312,0.03333055227994919,-9.881912231445312,0.9150460958480835,-12.756912231445312,0.05162337049841881
680,Edited Transcript of CIO earnings conference call or presentation 1-Nov-19 3:00pm GMT,1,neutral,1,neutral,neutral,1,0,FinGPT-Bloom-7B1-LoRA,tfns,-12.882309913635254,0.031270191073417664,-9.507309913635254,0.9138489365577698,-12.319809913635254,0.05488089472055435
681,Edited Transcript of DS earnings conference call or presentation 12-Nov-19 2:15pm GMT,1,neutral,1,neutral,neutral,1,0,FinGPT-Bloom-7B1-LoRA,tfns,-12.757292747497559,0.039659108966588974,-9.632292747497559,0.9026371836662292,-12.382292747497559,0.057703662663698196
682,Edited Transcript of DZSI earnings conference call or presentation 12-Nov-19 10:00pm GMT,1,neutral,1,neutral,neutral,1,0,FinGPT-Bloom-7B1-LoRA,tfns,-13.007274627685547,0.039659108966588974,-9.882274627685547,0.9026371836662292,-12.632274627685547,0.057703662663698196
683,Edited Transcript of EPR.OL earnings conference call or presentation 1-Nov-19 7:30am GMT,1,neutral,1,neutral,neutral,1,0,FinGPT-Bloom-7B1-LoRA,tfns,-13.382516860961914,0.03516290709376335,-10.132516860961914,0.9068633317947388,-12.882516860961914,0.05797382816672325
684,Edited Transcript of FALC earnings conference call or presentation 19-Nov-19 9:30pm GMT,1,neutral,1,neutral,neutral,1,0,FinGPT-Bloom-7B1-LoRA,tfns,-12.009973526000977,0.08656337112188339,-9.759973526000977,0.8212904334068298,-11.947473526000977,0.09214623272418976
685,Edited Transcript of GILT earnings conference call or presentation 19-Nov-19 2:30pm GMT,1,neutral,1,neutral,neutral,1,0,FinGPT-Bloom-7B1-LoRA,tfns,-12.756680488586426,0.039659108966588974,-9.631680488586426,0.9026371836662292,-12.381680488586426,0.057703662663698196
686,Edited Transcript of GNW earnings conference call or presentation 5-Feb-20 2:00pm GMT,1,neutral,1,neutral,neutral,1,0,FinGPT-Bloom-7B1-LoRA,tfns,-12.573822021484375,0.0579921156167984,-9.886322021484375,0.8521879315376282,-12.136322021484375,0.08981994539499283
687,Edited Transcript of GWGH earnings conference call or presentation 21-Nov-19 9:30pm GMT,1,neutral,1,neutral,neutral,1,0,FinGPT-Bloom-7B1-LoRA,tfns,-12.883830070495605,0.04997638985514641,-10.008830070495605,0.8858526349067688,-12.633830070495605,0.0641709491610527
688,Edited Transcript of KNDI earnings conference call or presentation 12-Nov-19 1:00pm GMT,1,neutral,1,neutral,neutral,1,0,FinGPT-Bloom-7B1-LoRA,tfns,-12.758235931396484,0.044180601835250854,-9.758235931396484,0.8873911499977112,-12.320735931396484,0.06842826306819916
689,Edited Transcript of MAGS earnings conference call or presentation 18-Nov-19 3:00pm GMT,1,neutral,1,neutral,neutral,1,0,FinGPT-Bloom-7B1-LoRA,tfns,-12.885003089904785,0.04955299571156502,-10.010003089904785,0.8783478140830994,-12.510003089904785,0.07209917902946472
690,Edited Transcript of MPAA earnings conference call or presentation 12-Nov-19 6:00pm GMT,1,neutral,1,neutral,neutral,1,0,FinGPT-Bloom-7B1-LoRA,tfns,-12.634210586547852,0.05602597817778587,-9.884210586547852,0.8763937950134277,-12.446710586547852,0.06758023053407669
691,Edited Transcript of NJR earnings conference call or presentation 19-Nov-19 3:00pm GMT,1,neutral,1,neutral,neutral,1,0,FinGPT-Bloom-7B1-LoRA,tfns,-13.068397521972656,0.03343512862920761,-9.755897521972656,0.9179170727729797,-12.693397521972656,0.04864782094955444
692,Edited Transcript of ORBC earnings conference call or presentation 30-Oct-19 12:30pm GMT,1,neutral,1,neutral,neutral,1,0,FinGPT-Bloom-7B1-LoRA,tfns,-12.459432601928711,0.03507952764630318,-9.271932601928711,0.8498991131782532,-11.271932601928711,0.11502133309841156
693,Edited Transcript of PLC.TO earnings conference call or presentation 13-Nov-19 2:30pm GMT,1,neutral,1,neutral,neutral,1,0,FinGPT-Bloom-7B1-LoRA,tfns,-13.132048606872559,0.035031918436288834,-9.882048606872559,0.903485119342804,-12.569548606872559,0.061482932418584824
694,Edited Transcript of QD.N earnings conference call or presentation 18-Nov-19 12:00pm GMT,1,neutral,1,neutral,neutral,1,0,FinGPT-Bloom-7B1-LoRA,tfns,-13.130894660949707,0.031566377729177475,-9.755894660949707,0.9225047826766968,-12.755894660949707,0.04592880606651306
695,Edited Transcript of SFUN earnings conference call or presentation 18-Nov-19 12:00pm GMT,1,neutral,1,neutral,neutral,1,0,FinGPT-Bloom-7B1-LoRA,tfns,-12.572166442871094,0.04178895056247711,-9.509666442871094,0.8934870958328247,-12.134666442871094,0.06472399085760117
696,Edited Transcript of SMCI earnings conference call or presentation 6-Feb-20 10:00pm GMT,1,neutral,1,neutral,neutral,1,0,FinGPT-Bloom-7B1-LoRA,tfns,-12.88206672668457,0.03919271007180214,-9.75706672668457,0.892021894454956,-12.31956672668457,0.06878534704446793
697,Edited Transcript of TOY.TO earnings conference call or presentation 6-Nov-19 2:30pm GMT,1,neutral,1,neutral,neutral,1,0,FinGPT-Bloom-7B1-LoRA,tfns,-12.346769332885742,0.06867474317550659,-9.909269332885742,0.7859408259391785,-11.596769332885742,0.14538443088531494
698,Edited Transcript of TTMI earnings conference call or presentation 30-Oct-19 8:30pm GMT,1,neutral,1,neutral,neutral,1,0,FinGPT-Bloom-7B1-LoRA,tfns,-12.464985847473145,0.03797081112861633,-9.402485847473145,0.8118517398834229,-11.089985847473145,0.150177463889122
699,Edited Transcript of WIZZ.L earnings conference call or presentation 13-Nov-19 9:00am GMT,1,neutral,1,neutral,neutral,1,0,FinGPT-Bloom-7B1-LoRA,tfns,-12.945318222045898,0.04669090732932091,-10.007818222045898,0.8809927701950073,-12.507818222045898,0.07231628894805908
700,ESI Group SA reports Q3 results,1,neutral,1,neutral,neutral,1,0,FinGPT-Bloom-7B1-LoRA,tfns,-11.777442932128906,0.04356580227613449,-8.777442932128906,0.8750425577163696,-11.152442932128906,0.08139164000749588
701,EVI reports Q2 results,1,neutral,1,neutral,neutral,1,0,FinGPT-Bloom-7B1-LoRA,tfns,-11.521340370178223,0.05017145350575447,-8.646340370178223,0.8893102407455444,-11.333840370178223,0.06051832064986229
702,Flurry of retailer earnings on tap,1,neutral,2,positive,positive,0,0,FinGPT-Bloom-7B1-LoRA,tfns,-11.681218147277832,0.028696822002530098,-11.993718147277832,0.020995041355490685,-8.181218147277832,0.9503082036972046
703,Formula Systems reports Q3 results,1,neutral,1,neutral,neutral,1,0,FinGPT-Bloom-7B1-LoRA,tfns,-11.393603324890137,0.056876201182603836,-8.643603324890137,0.889693558216095,-11.456103324890137,0.05343024805188179
704,G. Willi-Food reports Q3 results,1,neutral,1,neutral,neutral,1,0,FinGPT-Bloom-7B1-LoRA,tfns,-12.259071350097656,0.03189036622643471,-8.884071350097656,0.9319730997085571,-12.134071350097656,0.03613651916384697
705,Galaxy Next Generation reports Q1 results,1,neutral,1,neutral,neutral,1,0,FinGPT-Bloom-7B1-LoRA,tfns,-11.197480201721191,0.07572305202484131,-8.947480201721191,0.7184403538703918,-10.197480201721191,0.20583660900592804
706,General Moly reports Q3 results,1,neutral,1,neutral,neutral,1,0,FinGPT-Bloom-7B1-LoRA,tfns,-11.369484901428223,0.05479907989501953,-8.681984901428223,0.8052666187286377,-10.431984901428223,0.13993434607982635
707,Green Plains Partners Reports Fourth Quarter and Full Year 2019 Financial Results  https://t.co/Z6dgpRbycs,1,neutral,1,neutral,neutral,1,0,FinGPT-Bloom-7B1-LoRA,tfns,-12.083755493164062,0.051528993993997574,-9.271255493164062,0.8580347895622253,-11.521255493164062,0.09043619781732559
708,HanesBrands Reports Full-Year and Fourth-Quarter 2019 Financial Results,1,neutral,1,neutral,neutral,1,0,FinGPT-Bloom-7B1-LoRA,tfns,-11.716023445129395,0.10839637368917465,-9.778523445129395,0.7524199485778809,-11.466023445129395,0.13918370008468628
709,"Henry Schein to Webcast Fourth Quarter and Full-Year 2019 Conference Call on Thursday, February 20, 2020 at 10:00 A.M. ET",1,neutral,1,neutral,neutral,1,0,FinGPT-Bloom-7B1-LoRA,tfns,-12.400862693786621,0.06828451156616211,-10.025862693786621,0.7341277003288269,-11.338362693786621,0.19758780300617218
710,Héroux-Devtek reports Q3 results,1,neutral,1,neutral,neutral,1,0,FinGPT-Bloom-7B1-LoRA,tfns,-11.887445449829102,0.05017145350575447,-9.012445449829102,0.8893102407455444,-11.699945449829102,0.06051832064986229
711,How Driller Helmerich & Payne Scored a Q1 2020 Earnings Beat,1,neutral,2,positive,positive,0,0,FinGPT-Bloom-7B1-LoRA,tfns,-11.415781021118164,0.06742535531520844,-10.915781021118164,0.1111656129360199,-8.915781021118164,0.8214089870452881
712,IEH Corporation reports Q2 results,1,neutral,1,neutral,neutral,1,0,FinGPT-Bloom-7B1-LoRA,tfns,-11.70507526397705,0.047771207988262177,-8.76757526397705,0.9013766050338745,-11.64257526397705,0.05085219070315361
713,Insperity Q4 2019 Earnings Preview,1,neutral,1,neutral,neutral,1,0,FinGPT-Bloom-7B1-LoRA,tfns,-11.151799201965332,0.07879956066608429,-8.776799201965332,0.847175121307373,-11.214299201965332,0.07402534037828445
714,Intercontinental Exchange Reports Fourth Quarter & Full Year 2019,1,neutral,1,neutral,neutral,1,0,FinGPT-Bloom-7B1-LoRA,tfns,-12.333924293518066,0.036570049822330475,-9.146424293518066,0.8860111236572266,-11.583924293518066,0.07741878926753998
715,"JD.com, Inc. Reported Third-Quarter Earnings: Here's What Analysts Think Will Happen Next",1,neutral,1,neutral,neutral,1,0,FinGPT-Bloom-7B1-LoRA,tfns,-12.268790245056152,0.07717690616846085,-9.893790245056152,0.8297299742698669,-12.081290245056152,0.09309311956167221
716,Kaya Holdings reports Q3 results,1,neutral,1,neutral,neutral,1,0,FinGPT-Bloom-7B1-LoRA,tfns,-11.765947341918945,0.039798248559236526,-8.640947341918945,0.9058039784431458,-11.453447341918945,0.05439775437116623
717,Lupin reports Q3 results,1,neutral,2,positive,positive,0,0,FinGPT-Bloom-7B1-LoRA,tfns,-9.698195457458496,0.09230774641036987,-10.760695457458496,0.03190070390701294,-7.448195457458496,0.8757915496826172
718,Mechel PAO reports Q3 results,1,neutral,1,neutral,neutral,1,0,FinGPT-Bloom-7B1-LoRA,tfns,-11.585472106933594,0.0464741550385952,-8.647972106933594,0.8769029378890991,-11.085472106933594,0.07662292569875717
719,Next round of notable earnings,1,neutral,2,positive,positive,0,0,FinGPT-Bloom-7B1-LoRA,tfns,-12.578173637390137,0.01482261810451746,-13.078173637390137,0.008990371599793434,-8.390673637390137,0.9761871099472046
720,Northeast Community Bancorp reports Q4 results,1,neutral,1,neutral,neutral,1,0,FinGPT-Bloom-7B1-LoRA,tfns,-12.075554847717285,0.03803398460149765,-8.888054847717285,0.9214790463447571,-12.013054847717285,0.04048696532845497
721,Notable earnings after Monday’s close,1,neutral,1,neutral,neutral,1,0,FinGPT-Bloom-7B1-LoRA,tfns,-11.392497062683105,0.11555393785238266,-9.517497062683105,0.7535063028335571,-11.267497062683105,0.13093975186347961
722,Novoheart Holdings reports Q1 results,1,neutral,1,neutral,neutral,1,0,FinGPT-Bloom-7B1-LoRA,tfns,-12.260126113891602,0.035812146961688995,-9.010126113891602,0.9236074090003967,-12.135126113891602,0.04058047756552696
723,NVIDIA Earnings: What to Watch on Thursday,1,neutral,1,neutral,neutral,1,0,FinGPT-Bloom-7B1-LoRA,tfns,-10.811808586120605,0.15955041348934174,-9.624308586120605,0.5231456756591797,-10.124308586120605,0.3173038959503174
724,Omni-Lite Industries reports Q3 results,1,neutral,1,neutral,neutral,1,0,FinGPT-Bloom-7B1-LoRA,tfns,-11.826014518737793,0.04225655272603035,-8.763514518737793,0.9034848809242249,-11.576014518737793,0.05425848439335823
725,Orkla reports Q4 results,1,neutral,1,neutral,neutral,1,0,FinGPT-Bloom-7B1-LoRA,tfns,-11.641424179077148,0.05647443234920502,-8.891424179077148,0.883408784866333,-11.578924179077148,0.0601167231798172
726,PagSeguro Q3 2019 Earnings Preview,1,neutral,1,neutral,neutral,1,0,FinGPT-Bloom-7B1-LoRA,tfns,-11.890214920043945,0.04005427286028862,-8.765214920043945,0.9116309881210327,-11.702714920043945,0.04831467568874359
727,Park City Group Reports Financial Results for the Fiscal Second Quarter of 2020,1,neutral,1,neutral,neutral,1,0,FinGPT-Bloom-7B1-LoRA,tfns,-11.852315902709961,0.06160403788089752,-9.477315902709961,0.6623058319091797,-10.352315902709961,0.276090145111084
728,Peak Positioning Technologies reports Q3 results,1,neutral,2,positive,positive,0,0,FinGPT-Bloom-7B1-LoRA,tfns,-9.70251750946045,0.0528809130191803,-11.39001750946045,0.00978198554366827,-6.827517032623291,0.9373370409011841
729,Plato Gold reports Q3 results,1,neutral,2,positive,positive,0,0,FinGPT-Bloom-7B1-LoRA,tfns,-11.025846481323242,0.046633731573820114,-10.025846481323242,0.12676362693309784,-8.150846481323242,0.8266026377677917
730,Publicis Groupe S.A. reports FY results,1,neutral,1,neutral,neutral,1,0,FinGPT-Bloom-7B1-LoRA,tfns,-11.224078178405762,0.07965186983346939,-8.911578178405762,0.8044553995132446,-10.849078178405762,0.11589279025793076
731,Q1 Earnings Preview For Nutanix,1,neutral,1,neutral,neutral,1,0,FinGPT-Bloom-7B1-LoRA,tfns,-11.12328052520752,0.0764036476612091,-8.81078052520752,0.7716495394706726,-10.43578052520752,0.1519467830657959
732,Quinsam Capital reports Q3 results,1,neutral,1,neutral,neutral,1,0,FinGPT-Bloom-7B1-LoRA,tfns,-11.583834648132324,0.047275420278310776,-8.646334648132324,0.8920217156410217,-11.333834648132324,0.060702841728925705
733,"Ruth's Hospitality Group, Inc. to Announce Fourth Quarter and Full Year 2019 Financial Results on February 21st, 2020",1,neutral,1,neutral,neutral,1,0,FinGPT-Bloom-7B1-LoRA,tfns,-12.823376655578613,0.0812620148062706,-10.510876655578613,0.8207172751426697,-12.635876655578613,0.09802070260047913
734,"Sally Beauty Holdings, Inc. Announces First Quarter Results",1,neutral,1,neutral,neutral,1,0,FinGPT-Bloom-7B1-LoRA,tfns,-12.574502944946289,0.029622778296470642,-9.137002944946289,0.9215375781059265,-12.074502944946289,0.04883969947695732
735,"ServiceSource to Hold Fourth Quarter and Full Year 2019 Financial Results Call on February 20, 2020",1,neutral,1,neutral,neutral,1,0,FinGPT-Bloom-7B1-LoRA,tfns,-12.082056999206543,0.12399016320705414,-10.269556999206543,0.7595317959785461,-12.144556999206543,0.11647798120975494
736,"Simon Property Group, Inc. Just Reported Annual Earnings: Have Analysts Changed Their Mind On The Stock?",1,neutral,1,neutral,neutral,1,0,FinGPT-Bloom-7B1-LoRA,tfns,-11.767923355102539,0.06077810004353523,-9.142923355102539,0.839015781879425,-11.267923355102539,0.10020614415407181
737,Snap-on Announces Fourth Quarter and Full Year 2019 Results,1,neutral,1,neutral,neutral,1,0,FinGPT-Bloom-7B1-LoRA,tfns,-11.908329963684082,0.044176891446113586,-9.970829963684082,0.3066484332084656,-9.220829963684082,0.649174690246582
738,Sun Pharmaceuticals Industries reports Q3 results,1,neutral,1,neutral,neutral,1,0,FinGPT-Bloom-7B1-LoRA,tfns,-10.994067192077637,0.09611117839813232,-9.806567192077637,0.3151364326477051,-9.181567192077637,0.5887523293495178
739,"Tapestry, Inc. Reports Fiscal 2020 Second Quarter Results",1,neutral,1,neutral,neutral,1,0,FinGPT-Bloom-7B1-LoRA,tfns,-11.962448120117188,0.07488854974508286,-9.649948120117188,0.7563475370407104,-11.149948120117188,0.16876395046710968
740,The RMR Group Inc. Announces First Quarter Fiscal 2020 Results,1,neutral,1,neutral,neutral,1,0,FinGPT-Bloom-7B1-LoRA,tfns,-12.397052764892578,0.0647834986448288,-9.897052764892578,0.7892245650291443,-11.584552764892578,0.14599187672138214
741,Twitter's Q4 Earnings Preview,1,neutral,1,neutral,neutral,1,0,FinGPT-Bloom-7B1-LoRA,tfns,-11.385828018188477,0.07019027322530746,-8.885828018188477,0.8550925850868225,-11.323328018188477,0.07471715658903122
742,Universal Electronics to Host Fourth Quarter 2019 Financial Results Conference Call on February 20th,1,neutral,1,neutral,neutral,1,0,FinGPT-Bloom-7B1-LoRA,tfns,-11.831256866455078,0.09053008258342743,-9.643756866455078,0.806885838508606,-11.706256866455078,0.10258401930332184
743,Upcoming #earnings conference calls https://t.co/K4KO9JYhxN $JKS $HD $URBN $LOW $M $LB $SQM $BRC $GPS $FL $DELL $DE,1,neutral,2,positive,positive,0,0,FinGPT-Bloom-7B1-LoRA,tfns,-10.321090698242188,0.09445769339799881,-12.633590698242188,0.009352578781545162,-8.071090698242188,0.8961896896362305
744,Voya Financial Announces Fourth-Quarter and Full-Year 2019 Results,1,neutral,1,neutral,neutral,1,0,FinGPT-Bloom-7B1-LoRA,tfns,-12.580894470214844,0.040105026215314865,-9.518394470214844,0.8574832081794739,-11.643394470214844,0.10241176187992096
745,West End Indiana Bancshares : 3rd Quarter 2019 Earnings Release #WestEndIndianaBancshares #Stock #MarketScreener… https://t.co/PT0kmmpmrJ,1,neutral,1,neutral,neutral,1,0,FinGPT-Bloom-7B1-LoRA,tfns,-12.258552551269531,0.07842513918876648,-9.883552551269531,0.843149721622467,-12.258552551269531,0.07842513918876648
746,What to Watch When Micron Reports Wednesday,1,neutral,1,neutral,neutral,1,0,FinGPT-Bloom-7B1-LoRA,tfns,-11.823258399963379,0.05942462384700775,-9.135758399963379,0.8732384443283081,-11.698258399963379,0.06733691692352295
747,$TOPS The world could soon run out of space to store oil. That may plunge prices below zero https://t.co/4ZEUx6r7qj.,0,negative,0,negative,negative,1,0,FinGPT-Bloom-7B1-LoRA,tfns,-8.515966415405273,0.9860435724258423,-12.953466415405273,0.011660423129796982,-14.578466415405273,0.0022960735950618982
748,Can West Texas Intermediate crude fall beneath 50 cents a barrel? Someone thinks so https://t.co/cCYayTd9qW,0,negative,0,negative,negative,1,0,FinGPT-Bloom-7B1-LoRA,tfns,-8.654983520507812,0.9787135720252991,-12.779983520507812,0.015819432213902473,-13.842483520507812,0.005467049777507782
749,Fracking Blows Up Investors Again: Phase 2 Of The Great American Shale Oil & Gas Bust https://t.co/tsawCbV7Jn,0,negative,1,neutral,neutral,0,0,FinGPT-Bloom-7B1-LoRA,tfns,-11.722230911254883,0.08021511137485504,-9.409730911254883,0.8101438879966736,-11.409730911254883,0.10964105278253555
750,"Largest coal plant in the West shuts down, dealing financial losses to Native American tribes",0,negative,0,negative,negative,1,0,FinGPT-Bloom-7B1-LoRA,tfns,-8.758317947387695,0.9828521609306335,-13.008317947387695,0.014019632712006569,-14.508317947387695,0.003128203097730875
751,Oil companies warn Kansas City Fed there could be widespread insolvencies https://t.co/DRXouEBf0p,0,negative,0,negative,negative,1,0,FinGPT-Bloom-7B1-LoRA,tfns,-8.903952598571777,0.9787135720252991,-13.028952598571777,0.015819432213902473,-14.091452598571777,0.005467049777507782
752,Oil Slumps as Market Catches up with Empty Trade-Deal Talk,0,negative,0,negative,negative,1,0,FinGPT-Bloom-7B1-LoRA,tfns,-8.507804870605469,0.9854084849357605,-13.445304870605469,0.007067848928272724,-13.382804870605469,0.007523686159402132
753,OPEC+ Weighs Emergency Response as Oil Slumps on Virus Panic,0,negative,0,negative,negative,1,0,FinGPT-Bloom-7B1-LoRA,tfns,-8.628311157226562,0.9926199316978455,-13.878311157226562,0.005208791233599186,-14.753311157226562,0.0021713473834097385
754,Saudis Slash Oil Prices in Asia as Virus Causes Demand Shock,0,negative,0,negative,negative,1,0,FinGPT-Bloom-7B1-LoRA,tfns,-8.510483741760254,0.9828866124153137,-12.947983741760254,0.01162309106439352,-13.697983741760254,0.005490359850227833
755,"The U.S. cut its oil output forecast by more than 1 million barrels a day, days before OPEC and other producers mee… https://t.co/1ileJAr6cD",0,negative,0,negative,negative,1,0,FinGPT-Bloom-7B1-LoRA,tfns,-8.148118019104004,0.9370824098587036,-11.710618019104004,0.026582982391119003,-11.398118019104004,0.036334626376628876
756,U.K. Flash PMIs - Uncertainty Driving Economy Into Recessionary Territory. Subscribe to Seeking Alpha for more:… https://t.co/5R3pl0m4Ik,0,negative,1,neutral,neutral,0,0,FinGPT-Bloom-7B1-LoRA,tfns,-9.27470588684082,0.6711571216583252,-10.46220588684082,0.2046913355588913,-10.96220588684082,0.12415158003568649
757,U.S. Shale Producers Slash Spending Once Again,0,negative,2,positive,positive,0,0,FinGPT-Bloom-7B1-LoRA,tfns,-8.7847318649292,0.40449848771095276,-12.8472318649292,0.006959780119359493,-8.4097318649292,0.5885418057441711
758,"$ASC - Coronavirus slowing oil product demand into China, Ardmore says https://t.co/Onv6h4wcFO",0,negative,0,negative,negative,1,0,FinGPT-Bloom-7B1-LoRA,tfns,-8.632623672485352,0.9833781719207764,-12.882623672485352,0.014027135446667671,-14.570123672485352,0.0025947592221200466
759,$OIS - Waning Pricing Power Could Stymie Oil States. https://t.co/cv7dKthhRN #finance #stockmarket #economy,0,negative,2,positive,positive,0,0,FinGPT-Bloom-7B1-LoRA,tfns,-11.05987548828125,0.06641246378421783,-12.43487548828125,0.016791701316833496,-8.43487548828125,0.9167957901954651
760,$XLE $NOV $XEC - Oil slides again as traders await news on OPEC+ cuts https://t.co/fM4jMDNb9U,0,negative,0,negative,negative,1,0,FinGPT-Bloom-7B1-LoRA,tfns,-8.002751350402832,0.9967756867408752,-14.002751350402832,0.0024707599077373743,-15.190251350402832,0.0007535392069257796
761,"Damned if they do, damned if they don't: Investors are punishing major oil companies for new crude reserves-and cle… https://t.co/mILVq1M0cW",0,negative,0,negative,negative,1,0,FinGPT-Bloom-7B1-LoRA,tfns,-8.356510162353516,0.7969599366188049,-10.481510162353516,0.09518329054117203,-10.356510162353516,0.10785679519176483
762,Empty LNG tankers are idling off Qatar as China slows imports amid the virus outbreak https://t.co/Vhf6L9WRYU,0,negative,0,negative,negative,1,0,FinGPT-Bloom-7B1-LoRA,tfns,-8.642083168029785,0.973451554775238,-12.767083168029785,0.01573437824845314,-13.142083168029785,0.010814070701599121
763,Energy Down After Coronavirus-Case Estimate Revision -- Energy Roundup #economy #MarketScreener… https://t.co/VUfTEliqBC,0,negative,0,negative,negative,1,0,FinGPT-Bloom-7B1-LoRA,tfns,-7.761551380157471,0.9916011095046997,-13.324051856994629,0.003806919790804386,-13.136551856994629,0.004592021927237511
764,Gasoline futures tumbled 17%to touch 50 cents a gallon for the first time since 2001 https://t.co/IEY9r0mWBR https://t.co/VDR92rHToO,0,negative,0,negative,negative,1,0,FinGPT-Bloom-7B1-LoRA,tfns,-8.503868103027344,0.9961239695549011,-14.628868103027344,0.0021790124010294676,-14.878868103027344,0.0016970166470855474
765,GlobalData : Pemex in no position to maintain output profitably regardless of OPEC+ reques... #GlobalData #economy… https://t.co/gkm88jCriu,0,negative,1,neutral,neutral,0,0,FinGPT-Bloom-7B1-LoRA,tfns,-10.163826942443848,0.2917559742927551,-10.413826942443848,0.22721977531909943,-9.663826942443848,0.48102426528930664
766,"Natural Gas $UNG sharp sell-off past month seeing over 15,000 April $17 ITM calls open into weakness today",0,negative,0,negative,negative,1,0,FinGPT-Bloom-7B1-LoRA,tfns,-8.288546562194824,0.7880201935768127,-12.413546562194824,0.012737159617245197,-9.663546562194824,0.1992426961660385
767,Natural Gas Finally Starting To Buckle Against The Broader Market Liquidation. https://t.co/I7Uxy9MOlT #stocks #stockmarket #business,0,negative,0,negative,negative,1,0,FinGPT-Bloom-7B1-LoRA,tfns,-8.380034446716309,0.6817129850387573,-10.692534446716309,0.06749872863292694,-9.380034446716309,0.25078821182250977
768,Oil drops 5% https://t.co/QTBfZT68Ti https://t.co/JQ8jsuuMhI,0,negative,0,negative,negative,1,0,FinGPT-Bloom-7B1-LoRA,tfns,-8.14105224609375,0.9801517128944397,-13.64105224609375,0.004005656111985445,-12.26605224609375,0.015842676162719727
769,Oil drops https://t.co/xb3srmfsWj https://t.co/I5DioT0KQk,0,negative,0,negative,negative,1,0,FinGPT-Bloom-7B1-LoRA,tfns,-8.264131546020508,0.9818029403686523,-13.389131546020508,0.005838013719767332,-12.639131546020508,0.012359075248241425
770,Oil expert: 'We're looking at a worst case scenario of a $41 a barrel' https://t.co/mTxDKbjfej by @GreteSuarez https://t.co/I9FfdG1OxC,0,negative,0,negative,negative,1,0,FinGPT-Bloom-7B1-LoRA,tfns,-8.326220512390137,0.9620223641395569,-11.888720512390137,0.027290474623441696,-12.826220512390137,0.010687103495001793
771,Oil futures fall below $50 a barrel to settle at lowest in more than a year https://t.co/2bTUny1QEA,0,negative,0,negative,negative,1,0,FinGPT-Bloom-7B1-LoRA,tfns,-8.503573417663574,0.9960336089134216,-14.503573417663574,0.0024689205456525087,-15.003573417663574,0.0014974758960306644
772,Oil Prices' Hard Landing Initializing Descent. Continue reading: https://t.co/4zqKuKP70N #markets #business #economy,0,negative,2,positive,positive,0,0,FinGPT-Bloom-7B1-LoRA,tfns,-10.058927536010742,0.1568070501089096,-10.558927536010742,0.0951082780957222,-8.496427536010742,0.7480846047401428
773,"Oil spikes, U.S. stock futures sink after Iranian general killed in airstrike https://t.co/T1MV2H4a2z",0,negative,0,negative,negative,1,0,FinGPT-Bloom-7B1-LoRA,tfns,-8.265485763549805,0.9811264872550964,-13.077985763549805,0.00797412171959877,-12.765485763549805,0.010899331420660019
774,Saudi Arabia tanker power play could backfire as oil demand shrinks https://t.co/NccWYluy4I https://t.co/5u2SO81qM2,0,negative,0,negative,negative,1,0,FinGPT-Bloom-7B1-LoRA,tfns,-7.77586555480957,0.9828601479530334,-12.27586555480957,0.010918590240180492,-12.83836555480957,0.006221224553883076
775,"WTI Extends Losses After Unexpected Crude Inventory Rise, Huge Product Build https://t.co/OYinFBsrnc",0,negative,0,negative,negative,1,0,FinGPT-Bloom-7B1-LoRA,tfns,-8.324283599853516,0.6714555621147156,-10.949283599853516,0.04864007979631424,-9.199283599853516,0.2799043357372284
776,Equinor Boosts Climate Targets as Oil Output Hits Record,2,positive,2,positive,positive,1,0,FinGPT-Bloom-7B1-LoRA,tfns,-11.948934555053711,0.031053876504302025,-14.323934555053711,0.002888460410758853,-8.511434555053711,0.9660577774047852
777,"Exxon: Shale Production Growth is Through the Roof, and It's Just Getting Started",2,positive,2,positive,positive,1,0,FinGPT-Bloom-7B1-LoRA,tfns,-14.3782958984375,0.007516611833125353,-14.3157958984375,0.00800139270722866,-9.5032958984375,0.984481930732727
778,Lumber futures rally as producers cut output https://t.co/WsTaphOfvv,2,positive,0,negative,negative,0,0,FinGPT-Bloom-7B1-LoRA,tfns,-8.380812644958496,0.9919529557228088,-14.130812644958496,0.0031571690924465656,-13.693312644958496,0.004889918491244316
779,Oil - The Shale Treadmill Is Going To Be A Thing Of Beauty. https://t.co/Efdq6nuU9b #stockmarket #economy #investing,2,positive,1,neutral,neutral,0,0,FinGPT-Bloom-7B1-LoRA,tfns,-11.43445110321045,0.14601680636405945,-9.93445110321045,0.6544018983840942,-11.12195110321045,0.1995812952518463
780,Oil kicks off week with gains on fresh hopes for U.S.-China trade talks #economy #MarketScreener… https://t.co/8QB6hKz9lI,2,positive,2,positive,positive,1,0,FinGPT-Bloom-7B1-LoRA,tfns,-8.994747161865234,0.4888201355934143,-10.807247161865234,0.07979769259691238,-9.119747161865234,0.4313822388648987
781,"Oil nears three-month high as trade hopes, UK election lift sentiment",2,positive,2,positive,positive,1,0,FinGPT-Bloom-7B1-LoRA,tfns,-13.815887451171875,0.0012443410232663155,-14.940887451171875,0.00040397836710326374,-7.128387928009033,0.9983516931533813
782,Oil pared losses amid signs that Saudi Arabia and Russia are making progress toward an agreement to curb crude outp… https://t.co/d8GzSKGYQE,2,positive,0,negative,negative,0,0,FinGPT-Bloom-7B1-LoRA,tfns,-8.777341842651367,0.9643803238868713,-12.277341842651367,0.02912176214158535,-13.777341842651367,0.0064979433082044125
783,Oil rises for a second day as OPEC+ weighs coronavirus action,2,positive,2,positive,positive,1,0,FinGPT-Bloom-7B1-LoRA,tfns,-13.692346572875977,0.0102506959810853,-14.004846572875977,0.00749956863000989,-9.129846572875977,0.9822497367858887
784,U.S. Oil Prices Edge Up as Traders Look to OPEC+ Meeting #WhitingPetroleum #Stock #MarketScreener… https://t.co/DVuLjISijw,2,positive,1,neutral,neutral,0,0,FinGPT-Bloom-7B1-LoRA,tfns,-11.46837043762207,0.0841793343424797,-10.21837043762207,0.2938147783279419,-9.46837043762207,0.6220058798789978
785,"Futures for Brent crude, a global benchmark, jumped 3.3% to $68.44 per barrel during Asian trading hours on Friday,… https://t.co/lHjTlVf46c",2,positive,2,positive,positive,1,0,FinGPT-Bloom-7B1-LoRA,tfns,-11.59892749786377,0.04375734552741051,-12.34892749786377,0.02066950500011444,-8.53642749786377,0.9355732798576355
786,Guyana is set to become a top oil producer with a newly-discovered offshore oil field. Insights via @CMEGroup https://t.co/RMDfHqqRm4,2,positive,1,neutral,neutral,0,0,FinGPT-Bloom-7B1-LoRA,tfns,-11.061718940734863,0.14579643309116364,-9.624218940734863,0.6138259172439575,-10.561718940734863,0.24037766456604004
787,Investment in Canada's oil-sands is forecast to grow for the first time since prices crashed in 2014 https://t.co/DiGWq1zdvr,2,positive,2,positive,positive,1,0,FinGPT-Bloom-7B1-LoRA,tfns,-11.86986255645752,0.033798832446336746,-11.74486255645752,0.03829909488558769,-8.55736255645752,0.927902102470398
788,JUST RELEASED: Oil Price Dynamics Report Oil prices rose over the past week owing to decreased supply.… https://t.co/GDfcDZqNZ0,2,positive,2,positive,positive,1,0,FinGPT-Bloom-7B1-LoRA,tfns,-8.63025188446045,0.5121443271636963,-10.38025188446045,0.08899733424186707,-8.88025188446045,0.3988583981990814
789,Natural Gas And The Electric Power Sector: Mostly Bullish Signals. https://t.co/d1pDLS2Ej5 #markets #stocks #economy,2,positive,2,positive,positive,1,0,FinGPT-Bloom-7B1-LoRA,tfns,-10.373047828674316,0.12478450685739517,-12.998047828674316,0.009039359167218208,-8.435547828674316,0.8661760687828064
790,Oil held near $50 a barrel in New York on signs that OPEC and its allies probably won't go ahead with a much-touted… https://t.co/LXi5faZhIf,2,positive,1,neutral,neutral,0,0,FinGPT-Bloom-7B1-LoRA,tfns,-10.609095573425293,0.2100919783115387,-10.421595573425293,0.25341930985450745,-9.671595573425293,0.5364887118339539
791,"Oil prices soar after a U.S. air strike in Baghdad killed the head of Iran's elite Quds Force, raising concerns tha… https://t.co/982TZUwI2F",2,positive,0,negative,negative,0,0,FinGPT-Bloom-7B1-LoRA,tfns,-7.958441734313965,0.8984300494194031,-10.770941734313965,0.053954917937517166,-10.895941734313965,0.04761504754424095
792,"Oil prices surge after the U.S. kills Iran's top commander in an airstrike, Brent crude nears $70 a barrel.… https://t.co/H127IQcfte",2,positive,2,positive,positive,1,0,FinGPT-Bloom-7B1-LoRA,tfns,-10.862131118774414,0.10194073617458344,-10.237131118774414,0.19045035541057587,-8.924631118774414,0.7076088786125183
793,Oil rises for third day as coronavirus impact may spur output cuts #economy #MarketScreener https://t.co/8mQEa5vMRv https://t.co/AuaBTevMHr,2,positive,2,positive,positive,1,0,FinGPT-Bloom-7B1-LoRA,tfns,-10.422536849975586,0.1687639355659485,-11.235036849975586,0.07488854229450226,-8.922536849975586,0.7563474774360657
794,$UNG $WMB $XLE - U.S. oil firms vented or flared record amount of gas in 2018 https://t.co/JxF5CcvNyo,2,positive,2,positive,positive,1,0,FinGPT-Bloom-7B1-LoRA,tfns,-9.895223617553711,0.3234805762767792,-11.395223617553711,0.07217826694250107,-9.270223617553711,0.6043412089347839
795,Bipartisan Group Of US Lawmakers Introduce Bill Providing $3B To Buy Oil To Fill Strategic Petroleum Reserve $SPY… https://t.co/pBI3Mk19e7,2,positive,1,neutral,neutral,0,0,FinGPT-Bloom-7B1-LoRA,tfns,-11.499638557434082,0.13032102584838867,-10.124638557434082,0.515429675579071,-10.499638557434082,0.3542492985725403
796,$COMDX: Energy Settlement Prices https://t.co/FTQnDmL7t5,1,neutral,1,neutral,neutral,1,0,FinGPT-Bloom-7B1-LoRA,tfns,-10.25462532043457,0.1960851103067398,-9.19212532043457,0.5673910975456238,-10.06712532043457,0.23652377724647522
797,$XLE: Sector Briefing: Energy https://t.co/JU4fcO0cpl,1,neutral,1,neutral,neutral,1,0,FinGPT-Bloom-7B1-LoRA,tfns,-10.430741310119629,0.12677884101867676,-8.680741310119629,0.7295619249343872,-10.305741310119629,0.14365924894809723
798,Chinese Gas Buyer CNOOC Declares Force Majeure on LNG Contracts,1,neutral,2,positive,positive,0,0,FinGPT-Bloom-7B1-LoRA,tfns,-8.912249565124512,0.3674902021884918,-11.537249565124512,0.026620900258421898,-8.412249565124512,0.6058889031410217
799,Crude Oil Price Forecast – Could Oil Markets Take A Hit,1,neutral,2,positive,positive,0,0,FinGPT-Bloom-7B1-LoRA,tfns,-10.613849639892578,0.11811719089746475,-13.176349639892578,0.009108220227062702,-8.613849639892578,0.8727745413780212
800,"Exxon and Papua New Guinea should return to LNG negotiating table, says Total CEO",1,neutral,2,positive,positive,0,0,FinGPT-Bloom-7B1-LoRA,tfns,-15.56381607055664,0.0009686874109320343,-15.43881607055664,0.0010976666817441583,-8.62631607055664,0.9979336261749268
801,Oil Price Fundamental Daily Forecast – Lack of Details Over Trade Deal Progress Capping Prices,1,neutral,0,negative,negative,0,0,FinGPT-Bloom-7B1-LoRA,tfns,-9.004448890686035,0.9922865629196167,-14.191948890686035,0.0055428678169846535,-15.129448890686035,0.0021706181578338146
802,Oil traders and sellers are looking at floating storage as they grapple with the effects of coronavirus https://t.co/dSRKUccfEB,1,neutral,0,negative,negative,0,0,FinGPT-Bloom-7B1-LoRA,tfns,-8.534003257751465,0.7637927532196045,-11.409003257751465,0.04309023916721344,-9.909003257751465,0.19311703741550446
803,OPEC+ Extends Virus Crisis Talks as Russia Resists Oil Cuts,1,neutral,0,negative,negative,0,0,FinGPT-Bloom-7B1-LoRA,tfns,-8.52319049835205,0.8639845252037048,-12.33569049835205,0.019087903201580048,-10.52319049835205,0.11692758649587631
804,Russia Asks for Time as OPEC+ Technocrats Recommend Oil Cut,1,neutral,0,negative,negative,0,0,FinGPT-Bloom-7B1-LoRA,tfns,-9.012760162353516,0.9839741587638855,-13.887760162353516,0.007512735202908516,-13.762760162353516,0.008513044565916061
805,"Starting next year, jet fuel suppliers in Norway must blend 0.5% of biofuel in all their aviation fuel, a policy th… https://t.co/qE7kEu9aEv",1,neutral,0,negative,negative,0,0,FinGPT-Bloom-7B1-LoRA,tfns,-8.096517562866211,0.8725907802581787,-11.034017562866211,0.04624561965465546,-10.471517562866211,0.08116358518600464
806,"U.S. rig count stays flat, Baker Hughes reports",1,neutral,1,neutral,neutral,1,0,FinGPT-Bloom-7B1-LoRA,tfns,-10.890360832214355,0.07546323537826538,-9.077860832214355,0.4622683525085449,-9.077860832214355,0.4622683525085449
807,$UNG $DGAZ $UGAZ - Natural gas inventory draw in-line with estimates https://t.co/bdJKXSH7Ye,1,neutral,2,positive,positive,0,0,FinGPT-Bloom-7B1-LoRA,tfns,-10.223618507385254,0.1457725465297699,-12.473618507385254,0.015364314429461956,-8.473618507385254,0.8388631343841553
808,$USO $XLE $OIL - No oil market fix from today's G-20 meeting https://t.co/la6aPsRBh6,1,neutral,1,neutral,neutral,1,0,FinGPT-Bloom-7B1-LoRA,tfns,-11.623306274414062,0.07779257744550705,-9.310806274414062,0.7856771945953369,-11.060806274414062,0.13653022050857544
809,December bump in oil prices not enough to salvage energy earnings #Samp;P500 #economy #MarketScreener… https://t.co/oi6a3rLykt,1,neutral,2,positive,positive,0,0,FinGPT-Bloom-7B1-LoRA,tfns,-11.979148864746094,0.04977040737867355,-11.666648864746094,0.06802807748317719,-9.104148864746094,0.8822014927864075
810,"Despite OPEC+ deal collapse, Saudi oil exports yet to rise-sources https://t.co/kPGWllrMqi https://t.co/47FpVRrhMY",1,neutral,2,positive,positive,0,0,FinGPT-Bloom-7B1-LoRA,tfns,-11.426831245422363,0.05151892453432083,-10.114331245422363,0.19141602516174316,-8.739331245422363,0.7570650577545166
811,Ecuador awards 20.2 mln barrel oil supply contract to Shell unit #economy #MarketScreener https://t.co/f9C9uAR7lG https://t.co/KrI5G5eZJO,1,neutral,2,positive,positive,0,0,FinGPT-Bloom-7B1-LoRA,tfns,-10.143508911132812,0.1679527461528778,-10.893508911132812,0.07933524996042252,-8.643508911132812,0.7527119517326355
812,"In oil market standoff with Saudi Arabia, weakened rouble helps Russia #SaudiArabianOil #Stock #MarketScreener… https://t.co/wj5c7AaMXF",1,neutral,0,negative,negative,0,0,FinGPT-Bloom-7B1-LoRA,tfns,-7.825822830200195,0.948552668094635,-11.263322830200195,0.0304911769926548,-11.638322830200195,0.020956257358193398
813,LHN : Moscow Exchange to launch natural gas futures #LHN #Stock #MarketScreener https://t.co/3F477DYamU https://t.co/KrqtIuhvoO,1,neutral,1,neutral,neutral,1,0,FinGPT-Bloom-7B1-LoRA,tfns,-11.402179718017578,0.12789198756217957,-9.652179718017578,0.7359676361083984,-11.339679718017578,0.13614033162593842
814,News Highlights : Top Energy News of the Day #WTI #Stock #MarketScreener https://t.co/N5y62YFanH https://t.co/DKGKz9lvWI,1,neutral,1,neutral,neutral,1,0,FinGPT-Bloom-7B1-LoRA,tfns,-11.35338306427002,0.1850912719964981,-10.04088306427002,0.6876974701881409,-11.72838306427002,0.12721124291419983
815,News Highlights : Top Energy News of the Day #WTI #Stock #MarketScreener https://t.co/xtZKbd5J1L https://t.co/KsI3MoSvPq,1,neutral,1,neutral,neutral,1,0,FinGPT-Bloom-7B1-LoRA,tfns,-10.669777870178223,0.290499746799469,-10.107277870178223,0.5098429322242737,-11.044777870178223,0.1996573507785797
816,Oil - Low Refinery Throughput Does Not Appear To Be A Structural Issue Just Yet. Follow this and any other stock on… https://t.co/kmQg86qyXL,1,neutral,1,neutral,neutral,1,0,FinGPT-Bloom-7B1-LoRA,tfns,-9.414474487304688,0.5931168794631958,-10.289474487304688,0.24724788963794708,-10.726974487304688,0.1596352458000183
817,Oil workers from the United States are leaving Iraq after Iranian military leader Qasem Soleimani was killed in a U… https://t.co/MFcBJAERvs,1,neutral,1,neutral,neutral,1,0,FinGPT-Bloom-7B1-LoRA,tfns,-10.788722038269043,0.3385579586029053,-10.288722038269043,0.55818772315979,-11.976222038269043,0.10325434803962708
818,OPEC and Russia postponed a meeting that could end a price war and reduce a supply glut that has driven oil futures… https://t.co/FfJ65bScoJ,1,neutral,0,negative,negative,0,0,FinGPT-Bloom-7B1-LoRA,tfns,-7.977458953857422,0.9250791072845459,-11.352458953857422,0.031654465943574905,-11.039958953857422,0.043266527354717255
819,OPEC+ will adjust its output target and redistribute production cuts between its members under pressure from Saudi… https://t.co/9LLzyIDWqG,1,neutral,0,negative,negative,0,0,FinGPT-Bloom-7B1-LoRA,tfns,-8.276111602783203,0.9130832552909851,-11.526111602783203,0.03540407866239548,-11.151111602783203,0.05151263251900673
820,"Saudi Arabia and Kuwait have authorized the restart of oil production at the Wafra field from Sunday, more than fou… https://t.co/QzwNno2qrE",1,neutral,1,neutral,neutral,1,0,FinGPT-Bloom-7B1-LoRA,tfns,-10.4500150680542,0.32663494348526,-10.0750150680542,0.4752510190010071,-10.9500150680542,0.19811409711837769
821,Saudi Arabia is reviewing its plan for life after oil with Crown Prince Mohammed bin Salman said to be unsatisfied… https://t.co/oWcSqo1dE1,1,neutral,1,neutral,neutral,1,0,FinGPT-Bloom-7B1-LoRA,tfns,-10.130131721496582,0.392155259847641,-10.005131721496582,0.4443701505661011,-11.005131721496582,0.1634746491909027
822,"The FRED Blog plots the spot price of oil (West Texas Intermediate) against the 5-year, 5-year forward expected inf… https://t.co/KPO4aknMBx",1,neutral,2,positive,positive,0,0,FinGPT-Bloom-7B1-LoRA,tfns,-10.296027183532715,0.1931384801864624,-10.671027183532715,0.1327420026063919,-9.046027183532715,0.6741195321083069
823,The Oil Price War: A 3-Ring Circus. https://t.co/IBrJTQmcvM #stockmarket #trading #economy,1,neutral,1,neutral,neutral,1,0,FinGPT-Bloom-7B1-LoRA,tfns,-10.915311813354492,0.19313888251781464,-9.852811813354492,0.5588658452033997,-10.665311813354492,0.24799522757530212
824,The Oil to Toilet Paper price ratio has never been this low,1,neutral,0,negative,negative,0,0,FinGPT-Bloom-7B1-LoRA,tfns,-8.770233154296875,0.9694899916648865,-13.020233154296875,0.013829031027853489,-12.832733154296875,0.016680996865034103
825,The world's largest oil producers are groping their way toward a deal on who's willing to cut production and by how… https://t.co/zhXJENTilz,1,neutral,0,negative,negative,0,0,FinGPT-Bloom-7B1-LoRA,tfns,-8.269365310668945,0.8768156170845032,-10.956865310668945,0.05966804921627045,-10.894365310668945,0.06351631134748459
826,Trump says US will 'help Mexico along' with its OPEC+ production cuts. https://t.co/NdNXHiJV3E,1,neutral,0,negative,negative,0,0,FinGPT-Bloom-7B1-LoRA,tfns,-8.064984321594238,0.9144603610038757,-11.127484321594238,0.04276988282799721,-11.127484321594238,0.04276988282799721
827,U.S. should stop preventing Iran from selling oil - Iran foreign minister #economy #MarketScreener… https://t.co/KXV6FrmF1S,1,neutral,1,neutral,neutral,1,0,FinGPT-Bloom-7B1-LoRA,tfns,-9.414563179016113,0.5718435645103455,-10.227063179016113,0.25375404953956604,-10.602063179016113,0.1744024157524109
828,Upstream Service Sector In The New Sub-$40/bbl Brent Environment. https://t.co/AiurrUmXJP #trading #finance #markets,1,neutral,1,neutral,neutral,1,0,FinGPT-Bloom-7B1-LoRA,tfns,-11.805170059204102,0.06234940141439438,-9.992670059204102,0.3819364309310913,-9.617670059204102,0.5557141900062561
829,"$HOLX: Hologic sees Q2 below consensus, withdraws FY 20 guidance https://t.co/GXnXlLa9uZ",0,negative,0,negative,negative,1,0,FinGPT-Bloom-7B1-LoRA,tfns,-8.330153465270996,0.9051085114479065,-12.767653465270996,0.010703328996896744,-10.705153465270996,0.08418820053339005
830,$IART - Integra LifeSciences sees drop in Q1 revenue amid COVID-19 https://t.co/E7Eo6ADSvu,0,negative,0,negative,negative,1,0,FinGPT-Bloom-7B1-LoRA,tfns,-8.541139602661133,0.9724647402763367,-13.041139602661133,0.010803108103573322,-12.603639602661133,0.01673217862844467
831,$NSTG - NanoString Q1 top line shy of guidance amid COVID-19 https://t.co/zst2W9TDhE,0,negative,2,positive,positive,0,0,FinGPT-Bloom-7B1-LoRA,tfns,-9.779340744018555,0.2808399200439453,-10.591840744018555,0.12462195754051208,-9.029340744018555,0.5945380926132202
832,"$PRCP - Perceptron EPS misses by $0.02, misses on revenue https://t.co/jNVJq3onzx",0,negative,0,negative,negative,1,0,FinGPT-Bloom-7B1-LoRA,tfns,-8.503777503967285,0.9940187931060791,-14.003777503967285,0.004062327556312084,-14.753777503967285,0.00191890774294734
833,$PXLW: Pixelworks reports prelim Q1 revs below consensus https://t.co/xPleDhctYT,0,negative,0,negative,negative,1,0,FinGPT-Bloom-7B1-LoRA,tfns,-8.129227638244629,0.9941569566726685,-14.816727638244629,0.0012391122290864587,-13.504227638244629,0.004603860434144735
834,"$RLGT - Radiant Logistics EPS misses by $0.04, misses on revenue https://t.co/6PdH5dGuBC",0,negative,0,negative,negative,1,0,FinGPT-Bloom-7B1-LoRA,tfns,-8.253711700439453,0.9962931275367737,-14.128711700439453,0.0027983826585114002,-15.253711700439453,0.0009085017372854054
835,$SILC: Silicom Limited sees Q1 revs below consensus https://t.co/wGtSELbYrm,0,negative,0,negative,negative,1,0,FinGPT-Bloom-7B1-LoRA,tfns,-8.136574745178223,0.9855768084526062,-14.011574745178223,0.0027682825457304716,-12.574074745178223,0.01165490411221981
836,$SPNE: SeaSpine reports prelim Q1 revs below consensus; withdraws FY20 guidance https://t.co/260zcwPGAX,0,negative,0,negative,negative,1,0,FinGPT-Bloom-7B1-LoRA,tfns,-8.442593574523926,0.6134787201881409,-12.192593574523926,0.014427636750042439,-8.942593574523926,0.37209364771842957
837,"Affimed EPS misses by €0.03, misses on revenue",0,negative,0,negative,negative,1,0,FinGPT-Bloom-7B1-LoRA,tfns,-8.13159465789795,0.9915361404418945,-13.44409465789795,0.004887863993644714,-13.75659465789795,0.0035760377068072557
838,BJ's Wholesale lowers 2019 sales outlook to approximately $12.9 bln from $12.9 bln-$13.2 bln,0,negative,0,negative,negative,1,0,FinGPT-Bloom-7B1-LoRA,tfns,-8.256430625915527,0.9908912777900696,-13.443930625915527,0.0055350735783576965,-13.881430625915527,0.0035737119615077972
839,"Brixmor Property FFO misses by $0.01, misses on revenue",0,negative,0,negative,negative,1,0,FinGPT-Bloom-7B1-LoRA,tfns,-7.763634204864502,0.9844943881034851,-12.88863468170166,0.005854015238583088,-12.38863468170166,0.009651638567447662
840,"Brookfield Business Partners L.P. EPS misses by $1.41, misses on revenue",0,negative,0,negative,negative,1,0,FinGPT-Bloom-7B1-LoRA,tfns,-8.382879257202148,0.9863483905792236,-13.070379257202148,0.009083954617381096,-13.757879257202148,0.004567699506878853
841,"Caterpillar Inc.'s 2020 profit outlook trailed analysts' estimates, with the heavy-equipment saying continued econo... https://t.co/xbEWT86BAc",0,negative,2,positive,positive,0,0,FinGPT-Bloom-7B1-LoRA,tfns,-8.347149848937988,0.571031391620636,-11.097149848937988,0.03650481626391411,-8.722149848937988,0.3924637734889984
842,Coach owner Tapestry cuts profit forecast on coronavirus hit,0,negative,0,negative,negative,1,0,FinGPT-Bloom-7B1-LoRA,tfns,-7.9275617599487305,0.9531212449073792,-13.17756175994873,0.005001521203666925,-11.05256175994873,0.041877225041389465
843,"CoreSite Realty FFO misses by $0.01, misses on revenue",0,negative,0,negative,negative,1,0,FinGPT-Bloom-7B1-LoRA,tfns,-8.256396293640137,0.9892827272415161,-13.443896293640137,0.005526088178157806,-13.506396293640137,0.005191279109567404
844,Kellogg sees 2020 adj. currency-neutral EPS down 3%-4%,0,negative,0,negative,negative,1,0,FinGPT-Bloom-7B1-LoRA,tfns,-8.627429962158203,0.9966939687728882,-14.939929962158203,0.0018074982799589634,-15.127429962158203,0.0014984686858952045
845,Kohl's Q3 EPS 78 cents vs. 98 cents,0,negative,1,neutral,neutral,0,0,FinGPT-Bloom-7B1-LoRA,tfns,-11.149679183959961,0.08219332247972488,-8.962179183959961,0.7325811386108398,-10.337179183959961,0.18522551655769348
846,Kohl's Q3 revenue $4.625 bln vs. $4.628 bln; FactSet consensus $4.399 bln,0,negative,2,positive,positive,0,0,FinGPT-Bloom-7B1-LoRA,tfns,-11.561455726623535,0.04121548309922218,-12.248955726623535,0.020724445581436157,-8.436455726623535,0.9380601048469543
847,Macy's Q3 same-store sales down 3.5%,0,negative,0,negative,negative,1,0,FinGPT-Bloom-7B1-LoRA,tfns,-8.752845764160156,0.9933021068572998,-14.065345764160156,0.0048965695314109325,-15.065345764160156,0.0018013471271842718
848,National Oilwell Varco EPS of -$1.01,0,negative,1,neutral,neutral,0,0,FinGPT-Bloom-7B1-LoRA,tfns,-12.129584312438965,0.039841871708631516,-9.067084312438965,0.8518567085266113,-11.129584312438965,0.10830142349004745
849,"New Jersey Resources EPS misses by $0.33, misses on revenue",0,negative,0,negative,negative,1,0,FinGPT-Bloom-7B1-LoRA,tfns,-8.381804466247559,0.9892413020133972,-13.694304466247559,0.00487655121833086,-13.506804466247559,0.005882243625819683
850,New York Times sees Q1 ad revenue down about 10%,0,negative,0,negative,negative,1,0,FinGPT-Bloom-7B1-LoRA,tfns,-9.004162788391113,0.9914060831069946,-14.004162788391113,0.006680041551589966,-15.254162788391113,0.0019138639327138662
851,"Nordic American Tankers EPS misses by $0.04, misses on revenue",0,negative,0,negative,negative,1,0,FinGPT-Bloom-7B1-LoRA,tfns,-8.385211944580078,0.983881950378418,-13.072711944580078,0.00906123872846365,-13.322711944580078,0.007056899834424257
852,Penn National EPS of -$0.80,0,negative,1,neutral,neutral,0,0,FinGPT-Bloom-7B1-LoRA,tfns,-11.487945556640625,0.0636000707745552,-8.925445556640625,0.8247782588005066,-10.925445556640625,0.11162160336971283
853,"PPDAI Group EPS misses by $0.0452, misses on revenue",0,negative,0,negative,negative,1,0,FinGPT-Bloom-7B1-LoRA,tfns,-8.380107879638672,0.990752100944519,-13.630107879638672,0.005198989994823933,-13.880107879638672,0.004048977512866259
854,"Ship Finance EPS misses by $0.18, misses on revenue",0,negative,0,negative,negative,1,0,FinGPT-Bloom-7B1-LoRA,tfns,-8.01124382019043,0.9862274527549744,-13.07374382019043,0.0062425388023257256,-12.88624382019043,0.0075299390591681
855,"Suburban Propane Partners EPS misses by $0.02, misses on revenue",0,negative,0,negative,negative,1,0,FinGPT-Bloom-7B1-LoRA,tfns,-8.257349014282227,0.9892827272415161,-13.444849014282227,0.005526088178157806,-13.507349014282227,0.005191279109567404
856,Target Hospitality Corp. Just Missed EPS By 34%: Here's What Analysts Think Will Happen Next,0,negative,1,neutral,neutral,0,0,FinGPT-Bloom-7B1-LoRA,tfns,-10.819944381713867,0.13386116921901703,-10.132444381713867,0.2662146985530853,-9.319944381713867,0.5999240875244141
857,ThermoGenesis misses on revenue,0,negative,0,negative,negative,1,0,FinGPT-Bloom-7B1-LoRA,tfns,-7.656103134155273,0.9747056365013123,-12.531103134155273,0.007441968657076359,-11.656103134155273,0.017852356657385826
858,"Tyson Foods EPS misses by $0.01, misses on revenue",0,negative,0,negative,negative,1,0,FinGPT-Bloom-7B1-LoRA,tfns,-8.381064414978027,0.9895336031913757,-13.756064414978027,0.0045824502594769,-13.506064414978027,0.005883981939405203
859,Tyson Foods Q1 prepared foods sales fell 3.1% to $2.14 bln,0,negative,0,negative,negative,1,0,FinGPT-Bloom-7B1-LoRA,tfns,-8.501784324645996,0.9974827170372009,-14.814284324645996,0.001808928675018251,-15.751784324645996,0.0007083866512402892
860,"Vir Biotechnology EPS misses by $0.52, misses on revenue",0,negative,0,negative,negative,1,0,FinGPT-Bloom-7B1-LoRA,tfns,-8.258207321166992,0.9889302849769592,-13.383207321166992,0.005880394019186497,-13.508207321166992,0.005189429968595505
861,"Volkswagen cuts profit, sales forecasts as autos downturn bites",0,negative,0,negative,negative,1,0,FinGPT-Bloom-7B1-LoRA,tfns,-8.629857063293457,0.990284264087677,-13.567357063293457,0.007102820556610823,-14.567357063293457,0.0026129819452762604
862,Zynga (ZNGA) Q4 Earnings Miss Estimates - Nasdaq,0,negative,2,positive,positive,0,0,FinGPT-Bloom-7B1-LoRA,tfns,-13.443072319030762,0.013158813118934631,-14.443072319030762,0.00484085688367486,-9.130572319030762,0.9820004105567932
863,"$ANGO: AngioDynamics beats by $0.02, beats on revs; withdraws FY20 guidance https://t.co/aNS8ghvyjy",2,positive,2,positive,positive,1,0,FinGPT-Bloom-7B1-LoRA,tfns,-13.25648307800293,0.00853024423122406,-13.69398307800293,0.0055075399577617645,-8.50648307800293,0.9859622120857239
864,"$BHF - Brighthouse Financial EPS beats by $0.27, beats on revenue https://t.co/hMLskSiNCP",2,positive,2,positive,positive,1,0,FinGPT-Bloom-7B1-LoRA,tfns,-12.818917274475098,0.016822533681988716,-13.943917274475098,0.00546147720888257,-8.756417274475098,0.9777160286903381
865,"$CHGG - Chegg EPS beats by $0.06, beats on revenue https://t.co/ymtDWb33bD",2,positive,2,positive,positive,1,0,FinGPT-Bloom-7B1-LoRA,tfns,-14.320222854614258,0.0029623382724821568,-13.570222854614258,0.006271270103752613,-8.507722854614258,0.9907665252685547
866,"$IIVI - II-VI EPS in-line, beats on revenue https://t.co/CXUZw29Z3g",2,positive,2,positive,positive,1,0,FinGPT-Bloom-7B1-LoRA,tfns,-12.801018714904785,0.00825995858758688,-11.301018714904785,0.037018563598394394,-8.051018714904785,0.9547213912010193
867,"$JCOM - j2 Global EPS beats by $0.01, beats on revenue https://t.co/i7AKcjCVj2",2,positive,2,positive,positive,1,0,FinGPT-Bloom-7B1-LoRA,tfns,-13.753294944763184,0.004600163083523512,-14.565794944763184,0.0020413098391145468,-8.378294944763184,0.9933585524559021
868,"$MIME - Mimecast EPS beats by $0.02, beats on revenue https://t.co/W0BN0AakK6",2,positive,2,positive,positive,1,0,FinGPT-Bloom-7B1-LoRA,tfns,-13.628538131713867,0.004600731655955315,-14.503538131713867,0.0019178702495992184,-8.253538131713867,0.9934813976287842
869,$PSMT: PriceSmart announced that for the month of March 2020 net merchandise sales increased 17.1% to $306.1... https://t.co/fjoxrpZfZ9,2,positive,2,positive,positive,1,0,FinGPT-Bloom-7B1-LoRA,tfns,-12.082430839538574,0.04923110082745552,-12.894930839538574,0.021846169605851173,-9.144930839538574,0.928922712802887
870,"$SGH - SMART Global EPS beats by $0.02, beats on revenue https://t.co/Fyds4oELv7",2,positive,2,positive,positive,1,0,FinGPT-Bloom-7B1-LoRA,tfns,-13.129839897155762,0.006677406374365091,-14.192339897155762,0.0023076499346643686,-8.129839897155762,0.9910150170326233
871,Ã‚Â Chegg Reports 2019 Financial Results and Raises 2020 Guidance,2,positive,1,neutral,neutral,0,0,FinGPT-Bloom-7B1-LoRA,tfns,-11.094766616821289,0.18943433463573456,-9.907266616821289,0.6211313009262085,-11.094766616821289,0.18943433463573456
872,"Albany EPS beats by $0.24, beats on revenue",2,positive,2,positive,positive,1,0,FinGPT-Bloom-7B1-LoRA,tfns,-10.637829780578613,0.0031722676940262318,-13.825329780578613,0.00013093512097839266,-4.887829780578613,0.9966968297958374
873,"Becton Dickinson Earnings, Revenue Beat in Q1",2,positive,2,positive,positive,1,0,FinGPT-Bloom-7B1-LoRA,tfns,-12.58072566986084,0.016788896173238754,-13.39322566986084,0.007450026925653219,-8.51822566986084,0.9757610559463501
874,"Blackbaud EPS beats by $0.01, beats on revenue",2,positive,2,positive,positive,1,0,FinGPT-Bloom-7B1-LoRA,tfns,-12.566938400268555,0.002628966001793742,-13.504438400268555,0.0010295179672539234,-6.629438877105713,0.9963415265083313
875,Chipotle Earnings Highlight Strong Business Momentum,2,positive,2,positive,positive,1,0,FinGPT-Bloom-7B1-LoRA,tfns,-12.56808853149414,0.011656859889626503,-14.06808853149414,0.002600997220724821,-8.13058853149414,0.9857422113418579
876,"Construction Partners EPS in-line, beats on revenue",2,positive,2,positive,positive,1,0,FinGPT-Bloom-7B1-LoRA,tfns,-10.388092041015625,0.004607467446476221,-12.700592041015625,0.00045620102901011705,-5.013091564178467,0.9949363470077515
877,Equinor fourth-quarter profit beats forecast amid oilfield startup,2,positive,2,positive,positive,1,0,FinGPT-Bloom-7B1-LoRA,tfns,-13.692867279052734,0.004296731669455767,-13.067867279052734,0.008027351461350918,-8.255367279052734,0.9876759052276611
878,"Euroseas EPS beats by $0.02, beats on revenue",2,positive,2,positive,positive,1,0,FinGPT-Bloom-7B1-LoRA,tfns,-12.005982398986816,0.002182349096983671,-14.568482398986816,0.00016828469233587384,-5.880982398986816,0.9976493716239929
879,"EVI Industries Sets Records for Revenue, Gross Profit and Operating Cash Flow for Second Quarter of Fiscal 2020",2,positive,2,positive,positive,1,0,FinGPT-Bloom-7B1-LoRA,tfns,-12.278539657592773,0.044648364186286926,-10.528539657592773,0.25693362951278687,-9.528539657592773,0.6984179615974426
880,Fiat Chrysler fourth-quarter lifted by North America business to meet expectations,2,positive,2,positive,positive,1,0,FinGPT-Bloom-7B1-LoRA,tfns,-14.440330505371094,0.0026216357946395874,-14.065330505371094,0.00381445768289268,-8.502830505371094,0.9935639500617981
881,Geely's Volvo posts 18% rise in fourth-quarter profit,2,positive,2,positive,positive,1,0,FinGPT-Bloom-7B1-LoRA,tfns,-14.314725875854492,0.002047671237960458,-14.627225875854492,0.0014981082640588284,-8.127225875854492,0.9964542388916016
882,Home Depot Q3 comparable-store sales in U.S. up 3.8%,2,positive,2,positive,positive,1,0,FinGPT-Bloom-7B1-LoRA,tfns,-13.31711483001709,0.009108214639127254,-14.87961483001709,0.001909185666590929,-8.62961483001709,0.988982617855072
883,"II-VI EPS in-line, beats on revenue",2,positive,2,positive,positive,1,0,FinGPT-Bloom-7B1-LoRA,tfns,-13.757972717285156,0.002456116024404764,-12.757972717285156,0.006676415912806988,-7.7579731941223145,0.9908674955368042
884,Just Energy (JE) Tops Q3 Earnings Estimates,2,positive,2,positive,positive,1,0,FinGPT-Bloom-7B1-LoRA,tfns,-9.186664581298828,0.37605899572372437,-13.749164581298828,0.003924527671188116,-8.686664581298828,0.6200164556503296
885,"LexinFintech EPS in-line, beats on revenue",2,positive,2,positive,positive,1,0,FinGPT-Bloom-7B1-LoRA,tfns,-12.06954288482666,0.0038180043920874596,-12.88204288482666,0.0016942293150350451,-6.50704288482666,0.9944878220558167
886,Madison Square Garden Q2 EPS $3.93 vs. $3.42,2,positive,2,positive,positive,1,0,FinGPT-Bloom-7B1-LoRA,tfns,-11.059598922729492,0.0791691318154335,-10.059598922729492,0.21520400047302246,-8.872098922729492,0.7056267857551575
887,Nokia posts surprise fourth-quarter profit rise on cost cuts,2,positive,0,negative,negative,0,0,FinGPT-Bloom-7B1-LoRA,tfns,-8.23984146118164,0.6409040689468384,-11.92734146118164,0.016044719144701958,-8.86484146118164,0.3430512249469757
888,"OneMain Holdings EPS beats by $0.21, beats on revenue",2,positive,2,positive,positive,1,0,FinGPT-Bloom-7B1-LoRA,tfns,-13.565681457519531,0.003820028156042099,-14.753181457519531,0.0011650427477434278,-8.003181457519531,0.9950149655342102
889,"PJT Partners EPS beats by $0.11, beats on revenue",2,positive,2,positive,positive,1,0,FinGPT-Bloom-7B1-LoRA,tfns,-12.130850791931152,0.0017005873378366232,-15.193350791931152,7.953751628519967e-05,-5.755850791931152,0.998219907283783
890,Popeyes Chicken Sandwich Causes Sales to Jump 42% Higher,2,positive,2,positive,positive,1,0,FinGPT-Bloom-7B1-LoRA,tfns,-12.256841659545898,0.015879768878221512,-14.506841659545898,0.0016737155383452773,-8.131841659545898,0.982446551322937
891,"QIWI plc EPS beats by $0.15, beats on revenue",2,positive,2,positive,positive,1,0,FinGPT-Bloom-7B1-LoRA,tfns,-12.382022857666016,0.0011694759596139193,-16.069522857666016,2.9277258363435976e-05,-5.632022857666016,0.9988012313842773
892,Rapid7 (RPD) Q4 Earnings and Revenues Beat Estimates,2,positive,2,positive,positive,1,0,FinGPT-Bloom-7B1-LoRA,tfns,-11.261035919189453,0.020326822996139526,-15.573535919189453,0.0002723794896155596,-7.386036396026611,0.9794008135795593
893,"Regeneron Pharmaceuticals EPS beats by $0.59, beats on revenue",2,positive,2,positive,positive,1,0,FinGPT-Bloom-7B1-LoRA,tfns,-13.377626419067383,0.003169615985825658,-14.565126419067383,0.0009666781406849623,-7.627626419067383,0.995863676071167
894,"RMR Group EPS beats by $0.01, beats on revenue",2,positive,2,positive,positive,1,0,FinGPT-Bloom-7B1-LoRA,tfns,-12.941162109375,0.002049611182883382,-14.253662109375,0.0005516453529708087,-6.753661632537842,0.9973987340927124
895,"Samsung first-quarter beats estimates; chips likely to prop up virus-hit second-quarter - Reuters

https://t.co/ogYnZF6u6X",2,positive,2,positive,positive,1,0,FinGPT-Bloom-7B1-LoRA,tfns,-12.8868408203125,0.015699367970228195,-13.0743408203125,0.013015232980251312,-8.7618408203125,0.9712854623794556
896,Sanofi eyes more EPS growth this year as it narrows focus,2,positive,2,positive,positive,1,0,FinGPT-Bloom-7B1-LoRA,tfns,-13.13131332397461,0.0058763339184224606,-13.13131332397461,0.0058763339184224606,-8.00631332397461,0.9882474541664124
897,Skechers Announces Record Fourth Quarter Sales of $1.33 Billion and Record Annual Sales of $5.22 Billion in 2019,2,positive,2,positive,positive,1,0,FinGPT-Bloom-7B1-LoRA,tfns,-11.243563652038574,0.10985231399536133,-12.681063652038574,0.02609221450984478,-9.181063652038574,0.8640554547309875
898,Strong cash flow keeps Total's fourth-quarter net profit steady,2,positive,2,positive,positive,1,0,FinGPT-Bloom-7B1-LoRA,tfns,-10.486380577087402,0.05216706916689873,-11.298880577087402,0.023148996755480766,-7.611380100250244,0.9246838688850403
899,The Estée Lauder Companies Delivers Exceptional Fiscal 2020 Second Quarter Results,2,positive,1,neutral,neutral,0,0,FinGPT-Bloom-7B1-LoRA,tfns,-11.719751358032227,0.13136842846870422,-10.032251358032227,0.7101709842681885,-11.532251358032227,0.1584605723619461
900,TJX raises 2020 EPS outlook to $2.61-$2.63 from $2.56-$2.61,2,positive,2,positive,positive,1,0,FinGPT-Bloom-7B1-LoRA,tfns,-11.268218994140625,0.059684284031391144,-13.455718994140625,0.0066963909193873405,-8.518218994140625,0.9336193203926086
901,"Transurban : 1st Half Profit Up 46%, Increased Traffic Drives Toll Revenue Rise #Transurban #Stock #MarketScreener… https://t.co/246Nl7a9j3",2,positive,2,positive,positive,1,0,FinGPT-Bloom-7B1-LoRA,tfns,-11.813605308532715,0.05730676278471947,-11.251105308532715,0.1005765050649643,-9.126105308532715,0.8421167731285095
902,"Twitter notches first $1 billion quarterly revenue, beating estimates",2,positive,2,positive,positive,1,0,FinGPT-Bloom-7B1-LoRA,tfns,-13.877272605895996,0.002181352348998189,-15.127272605895996,0.0006249679136089981,-7.752272605895996,0.9971936941146851
903,"Twitter tops user, sales expectations for 4Q",2,positive,2,positive,positive,1,0,FinGPT-Bloom-7B1-LoRA,tfns,-14.62658405303955,0.004602241329848766,-15.68908405303955,0.0015904918545857072,-9.25158405303955,0.9938072562217712
904,UPDATE: New York Times beats earnings estimates for Q4 as subscriptions rise,2,positive,2,positive,positive,1,0,FinGPT-Bloom-7B1-LoRA,tfns,-15.002128601074219,0.0021748896688222885,-14.502128601074219,0.0035857870243489742,-8.877128601074219,0.994239330291748
905,UPL Q3 Results: Profit  Meets Estimates As Latin American Markets Shine,2,positive,2,positive,positive,1,0,FinGPT-Bloom-7B1-LoRA,tfns,-11.595324516296387,0.034853897988796234,-13.032824516296387,0.008278526365756989,-8.282824516296387,0.956867516040802
906,"Viomi Technology EPS beats by $0.01, beats on revenue",2,positive,2,positive,positive,1,0,FinGPT-Bloom-7B1-LoRA,tfns,-12.318351745605469,0.0012447551125660539,-15.193351745605469,7.022431964287534e-05,-5.6308512687683105,0.9986849427223206
907,"Volvo Cars posts rise in fourth-quarter profit, helped by cost cuts and sales growth",2,positive,2,positive,positive,1,0,FinGPT-Bloom-7B1-LoRA,tfns,-9.239089012145996,0.2656005620956421,-12.301589012145996,0.012422301806509495,-8.239089012145996,0.7219771146774292
908,Yum! Brands Reports Solid Fourth-Quarter Results and Completion of Strategic Transformation; System Sales Growth of 10%; Same-Store Sales Growth of 2%; GAAP Operating Profit Decline of (26)%; Core Operating Profit Growth of 14%,2,positive,2,positive,positive,1,0,FinGPT-Bloom-7B1-LoRA,tfns,-11.049409866333008,0.1283702701330185,-12.361909866333008,0.034550391137599945,-9.174409866333008,0.8370793461799622
909,"$FRT - Federal REIT FFO misses by $0.02, beats on revenue https://t.co/uldAfaa7ba",1,neutral,0,negative,negative,0,0,FinGPT-Bloom-7B1-LoRA,tfns,-7.832360744476318,0.9147506952285767,-11.707361221313477,0.01898503489792347,-10.457361221313477,0.06626429408788681
910,"$MESA - Mesa Air EPS beats by $0.01, misses on revenue https://t.co/yPRqsm3RG5",1,neutral,0,negative,negative,0,0,FinGPT-Bloom-7B1-LoRA,tfns,-8.63636302947998,0.9823846220970154,-13.26136302947998,0.009630960412323475,-13.44886302947998,0.007984346710145473
911,"$MOH - Molina Healthcare EPS beats by $0.07, misses on revenue https://t.co/a6bdVyNm88",1,neutral,0,negative,negative,0,0,FinGPT-Bloom-7B1-LoRA,tfns,-8.63090991973877,0.990537703037262,-13.75590991973877,0.005889952182769775,-14.25590991973877,0.003572436748072505
912,BJ's Wholesale Q3 adj. EPS 41 cents; FactSet consensus 40 cents,1,neutral,2,positive,positive,0,0,FinGPT-Bloom-7B1-LoRA,tfns,-10.584769248962402,0.08308016508817673,-10.147269248962402,0.12867708504199982,-8.334769248962402,0.7882426977157593
913,"CAE EPS beats by C$0.02, misses on revenue",1,neutral,0,negative,negative,0,0,FinGPT-Bloom-7B1-LoRA,tfns,-7.828139305114746,0.909677267074585,-11.890639305114746,0.01565186120569706,-10.328139305114746,0.07467085868120193
914,"Domtar EPS misses by $0.05,  revenue in-line",1,neutral,0,negative,negative,0,0,FinGPT-Bloom-7B1-LoRA,tfns,-8.150737762451172,0.9671944379806519,-12.588237762451172,0.011437524110078812,-11.963237762451172,0.021368108689785004
915,Estee Lauder Q2 adj. EPS $2.11; FactSet consensus $1.90,1,neutral,1,neutral,neutral,1,0,FinGPT-Bloom-7B1-LoRA,tfns,-11.524572372436523,0.09229373931884766,-9.587072372436523,0.6406455039978027,-10.462072372436523,0.2670607566833496
916,"FirstEnergy EPS beats by $0.05, misses on revenue",1,neutral,0,negative,negative,0,0,FinGPT-Bloom-7B1-LoRA,tfns,-7.9365739822387695,0.9113534092903137,-12.12407398223877,0.01383817009627819,-10.43657398223877,0.07480844110250473
917,Kellogg 2020 FactSet EPS consensus is $4.03; 2019 currency-neutral adj. EPS was $4.00,1,neutral,2,positive,positive,0,0,FinGPT-Bloom-7B1-LoRA,tfns,-10.472831726074219,0.11885317414999008,-11.222831726074219,0.05614226311445236,-8.535331726074219,0.825004518032074
918,"Lowe's EPS beats by $0.06, misses on revenue",1,neutral,0,negative,negative,0,0,FinGPT-Bloom-7B1-LoRA,tfns,-7.962785243988037,0.9044840335845947,-11.712785720825195,0.021271415054798126,-10.462785720825195,0.07424453645944595
919,"Molina Healthcare EPS beats by $0.07, misses on revenue",1,neutral,0,negative,negative,0,0,FinGPT-Bloom-7B1-LoRA,tfns,-8.269926071166992,0.9644503593444824,-12.707426071166992,0.011405074037611485,-11.957426071166992,0.024144543334841728
920,"Nokia EPS beats by €0.02, misses on revenue",1,neutral,0,negative,negative,0,0,FinGPT-Bloom-7B1-LoRA,tfns,-7.657793998718262,0.877048909664154,-11.532793998718262,0.01820256933569908,-9.782793998718262,0.10474855452775955
921,Philip Morris profit and sales top estimates but tobacco company offers soft guidance,1,neutral,2,positive,positive,0,0,FinGPT-Bloom-7B1-LoRA,tfns,-13.251996994018555,0.0031720788683742285,-16.064496994018555,0.0001904981181723997,-7.501996994018555,0.9966374635696411
922,SoftBank's Oyo reveals over $330 million annual loss; revenue surges https://t.co/sboVq3nnEm https://t.co/FNiIij62NJ,1,neutral,2,positive,positive,0,0,FinGPT-Bloom-7B1-LoRA,tfns,-9.846096992492676,0.25458940863609314,-11.408596992492676,0.0533648356795311,-8.846096992492676,0.6920457482337952
923,"The Buckle, Inc. Reports January 2020 Net Sales",1,neutral,2,positive,positive,0,0,FinGPT-Bloom-7B1-LoRA,tfns,-10.650659561157227,0.1438535451889038,-12.275659561157227,0.02832644432783127,-8.900659561157227,0.8278200626373291
924,"Twin River Worldwide Holdings, Inc. Just Missed EPS By 44%: Here's What Analysts Think Will Happen Next",1,neutral,1,neutral,neutral,1,0,FinGPT-Bloom-7B1-LoRA,tfns,-10.912175178527832,0.1763485074043274,-10.162175178527832,0.3733298182487488,-9.974675178527832,0.4503217041492462
925,"Virco Manufacturing EPS beats by $0.14, misses on revenue",1,neutral,0,negative,negative,0,0,FinGPT-Bloom-7B1-LoRA,tfns,-8.070964813232422,0.9169458150863647,-11.695964813232422,0.024435777217149734,-10.820964813232422,0.05861838161945343
926,AUD/USD Weekly Price Forecast – Australian Dollar Slams Into Resistance,0,negative,0,negative,negative,1,0,FinGPT-Bloom-7B1-LoRA,tfns,-9.295960426330566,0.46224695444107056,-12.795960426330566,0.013958648778498173,-9.170960426330566,0.523794412612915
927,EUR/USD Price Forecast – Euro Looks Likely To Break Down,0,negative,0,negative,negative,1,0,FinGPT-Bloom-7B1-LoRA,tfns,-8.670352935791016,0.8282618522644043,-13.232852935791016,0.008643688634037971,-10.295352935791016,0.1630944162607193
928,Euro pinned near 10-day lows as outlook bleak - SI https://t.co/kPqleNJhIY,0,negative,0,negative,negative,1,0,FinGPT-Bloom-7B1-LoRA,tfns,-8.452579498291016,0.8916130661964417,-12.577579498291016,0.014411583542823792,-10.702579498291016,0.09397532790899277
929,The Euro Is A Structural Short As BoJo’s Landslide Victory Ensures The U.K.’s Exit From the E.U.,0,negative,2,positive,positive,0,0,FinGPT-Bloom-7B1-LoRA,tfns,-11.888182640075684,0.04819018766283989,-12.013182640075684,0.0425276942551136,-8.950682640075684,0.9092821478843689
930,U.S. Dollar Index Futures (DX) Technical Analysis – Looking for Break into Retracement Zone at 97.630 to 97.472,0,negative,2,positive,positive,0,0,FinGPT-Bloom-7B1-LoRA,tfns,-10.566031455993652,0.19437435269355774,-10.503531455993652,0.20691044628620148,-9.441031455993652,0.5987151861190796
931,Canadian dollar climbs to 11-day high amid coronavirus optimism #economy #MarketScreener https://t.co/8ohQPiXekn https://t.co/z98FjTKvFr,2,positive,2,positive,positive,1,0,FinGPT-Bloom-7B1-LoRA,tfns,-12.76598834991455,0.025502387434244156,-13.14098834991455,0.017527518793940544,-9.14098834991455,0.9569700360298157
932,EUR/USD Failure of 1-2-3 Pattern Might be Bullish,2,positive,2,positive,positive,1,0,FinGPT-Bloom-7B1-LoRA,tfns,-13.192331314086914,0.014918312430381775,-14.942331314086914,0.002592414151877165,-9.004831314086914,0.9824893474578857
933,GBP/JPY Price Forecast – British Pound Gaps Higher After Election Results,2,positive,2,positive,positive,1,0,FinGPT-Bloom-7B1-LoRA,tfns,-11.294778823852539,0.09503937512636185,-14.669778823852539,0.00325206876732409,-9.044778823852539,0.9017085433006287
934,GBP/USD – Pound Soars as Conservatives Cruise to Majority,2,positive,0,negative,negative,0,0,FinGPT-Bloom-7B1-LoRA,tfns,-9.767863273620605,0.44069433212280273,-11.080363273620605,0.11861127614974976,-9.767863273620605,0.44069433212280273
935,Pound Jumps To The Highest This Year As Boris Johnson Heads For Majority,2,positive,0,negative,negative,0,0,FinGPT-Bloom-7B1-LoRA,tfns,-8.284072875976562,0.9595434665679932,-13.971572875976562,0.0032509835436940193,-11.534072875976562,0.0372055359184742
936,"South Africa's rand firmer as risk takers return, stocks up 3.29% #economy #MarketScreener https://t.co/c8xg62L0XF https://t.co/e1g8OtVhBZ",2,positive,2,positive,positive,1,0,FinGPT-Bloom-7B1-LoRA,tfns,-10.228888511657715,0.15332327783107758,-11.041388511657715,0.06803679466247559,-8.603888511657715,0.7786399126052856
937,USD/JPY Forecast: USD to Consolidate Against JPY - DailyForex.com,2,positive,2,positive,positive,1,0,FinGPT-Bloom-7B1-LoRA,tfns,-10.875308990478516,0.0650433748960495,-11.437808990478516,0.03706059604883194,-8.250308990478516,0.8978960514068604
938,USD/JPY Weekly Price Forecast – Dollar Continues To Test Resistance,2,positive,0,negative,negative,0,0,FinGPT-Bloom-7B1-LoRA,tfns,-8.963581085205078,0.6431868076324463,-12.901081085205078,0.012540146708488464,-9.588581085205078,0.34427309036254883
939,Dollar mixed versus major rivals after January jobs report,1,neutral,2,positive,positive,0,0,FinGPT-Bloom-7B1-LoRA,tfns,-11.050455093383789,0.0850021094083786,-15.362955093383789,0.0011390290455892682,-8.675455093383789,0.9138588309288025
940,"EUR/USD Mid-Session Technical Analysis for December 17, 2019",1,neutral,1,neutral,neutral,1,0,FinGPT-Bloom-7B1-LoRA,tfns,-12.153634071350098,0.04258143901824951,-9.153634071350098,0.85527104139328,-11.278634071350098,0.10214756429195404
941,EUR/USD Price Forecast – Euro Continues To Grind Towards Resistance,1,neutral,2,positive,positive,0,0,FinGPT-Bloom-7B1-LoRA,tfns,-10.212672233581543,0.13013945519924164,-12.025172233581543,0.021244682371616364,-8.337672233581543,0.848615825176239
942,Japan Seen Needing U.S. Help to Check China’s Digital Yuan,1,neutral,1,neutral,neutral,1,0,FinGPT-Bloom-7B1-LoRA,tfns,-10.356706619262695,0.33655136823654175,-10.106706619262695,0.4321405291557312,-10.731706619262695,0.23130816221237183
943,"Volatility still remains near all-time lows across some major currency pairs, including the euro versus the dollar,… https://t.co/nZbJPUWFdn",1,neutral,0,negative,negative,0,0,FinGPT-Bloom-7B1-LoRA,tfns,-8.491111755371094,0.9054068326950073,-11.803611755371094,0.03297944366931915,-11.178611755371094,0.06161370873451233
944,A Health Check of India Shadow Banks Points to Prolonged Trouble,0,negative,0,negative,negative,1,0,FinGPT-Bloom-7B1-LoRA,tfns,-8.508845329284668,0.9866006970405579,-13.383845329284668,0.007532788906246424,-13.633845329284668,0.005866541992872953
945,American farmers are already suffering for lack of exports (via @bopinion) https://t.co/kmIhRwtJ4x,0,negative,0,negative,negative,1,0,FinGPT-Bloom-7B1-LoRA,tfns,-8.474745750427246,0.948552668094635,-11.912245750427246,0.0304911769926548,-12.287245750427246,0.020956257358193398
946,Banks undergoing 'real stress test' as recession fears continue https://t.co/lY9UvWu4yE by @bcheungz https://t.co/aJbqRFxRQY,0,negative,0,negative,negative,1,0,FinGPT-Bloom-7B1-LoRA,tfns,-8.339414596557617,0.8076326847076416,-11.526914596557617,0.03333498537540436,-9.964414596557617,0.15903230011463165
947,Business tax payments will hit a record low this year,0,negative,0,negative,negative,1,0,FinGPT-Bloom-7B1-LoRA,tfns,-8.398887634277344,0.9709077477455139,-13.086387634277344,0.008941750973463058,-12.273887634277344,0.020150547847151756
948,Canada's economy could end up being the big loser as a rail strike drags on https://t.co/aGYaQzTAD8,0,negative,0,negative,negative,1,0,FinGPT-Bloom-7B1-LoRA,tfns,-8.715142250061035,0.7287182211875916,-10.840142250061035,0.0870329812169075,-10.090142250061035,0.18424881994724274
949,Caution Abounds Even as Emerging Markets Ready Year-Ending Rally,0,negative,2,positive,positive,0,0,FinGPT-Bloom-7B1-LoRA,tfns,-11.21986198425293,0.09689357876777649,-10.84486198425293,0.1409793496131897,-9.15736198425293,0.7621271014213562
950,China M&A Bankers Face Another Grim Year,0,negative,0,negative,negative,1,0,FinGPT-Bloom-7B1-LoRA,tfns,-8.93994140625,0.6169812083244324,-13.18994140625,0.008800763636827469,-9.43994140625,0.37421801686286926
951,Coronavirus pandemic has driven a very 'ample' market correction: former European Central Bank chief… https://t.co/dSD0FhQt36,0,negative,1,neutral,neutral,0,0,FinGPT-Bloom-7B1-LoRA,tfns,-10.661763191223145,0.32946115732192993,-10.474263191223145,0.3974060118198395,-10.849263191223145,0.27313289046287537
952,Coronavirus will probably destroy one of the stock market's biggest crutches https://t.co/6PAfslV0ul by @BrianSozzi https://t.co/yFTXFTKQV0,0,negative,1,neutral,neutral,0,0,FinGPT-Bloom-7B1-LoRA,tfns,-10.904218673706055,0.17980413138866425,-9.529218673706055,0.7111391425132751,-11.404218673706055,0.10905672609806061
953,Every Bubble Eventually Finds Its Pin https://t.co/E3LesbBMP1,0,negative,1,neutral,neutral,0,0,FinGPT-Bloom-7B1-LoRA,tfns,-11.080029487609863,0.11332892626523972,-9.142529487609863,0.7866585850715637,-11.205029487609863,0.1000124141573906
954,Here is a list of companies that have suspended dividends or stopped stock buybacks in April https://t.co/JUYLRQJyGp,0,negative,0,negative,negative,1,0,FinGPT-Bloom-7B1-LoRA,tfns,-8.536322593688965,0.8428913950920105,-10.848822593688965,0.08345755189657211,-10.973822593688965,0.0736510306596756
955,"Highlight: ""We're gonna see companies start to report results and I think it's gonna look ugly,"" @FBBCap's Mike Bai… https://t.co/gdtm8YBxPc",0,negative,1,neutral,neutral,0,0,FinGPT-Bloom-7B1-LoRA,tfns,-10.916193008422852,0.3306032121181488,-10.541193008422852,0.4810248017311096,-11.478693008422852,0.18837201595306396
956,New #IMFBlog by @GitaGopinath shows #COVID19 is already impacting the US economy with unprecedented speed and sever… https://t.co/1M3rfTmYSi,0,negative,0,negative,negative,1,0,FinGPT-Bloom-7B1-LoRA,tfns,-8.931971549987793,0.7228643894195557,-10.494471549987793,0.15152060985565186,-10.681971549987793,0.1256149858236313
957,"Only 11% of quant funds are ahead of their benchmark YTD, underperforming by 3.2ppt: BofA",0,negative,0,negative,negative,1,0,FinGPT-Bloom-7B1-LoRA,tfns,-8.055899620056152,0.9471827745437622,-12.493399620056152,0.011200876906514168,-11.180899620056152,0.04161630943417549
958,Small U.S. businesses were already struggling. Then coronavirus hit https://t.co/hT3SLBlI3c https://t.co/vMqjAebRe4,0,negative,0,negative,negative,1,0,FinGPT-Bloom-7B1-LoRA,tfns,-8.131085395812988,0.9947896003723145,-14.318585395812988,0.002044250490143895,-13.881085395812988,0.003166197333484888
959,Survey: 1 in 6 shoppers are still paying off last year's holiday debt https://t.co/AA08zAofod by @SJAsymkos https://t.co/di37aiduNS,0,negative,1,neutral,neutral,0,0,FinGPT-Bloom-7B1-LoRA,tfns,-8.846930503845215,0.7009607553482056,-10.221930503845215,0.1772306263446808,-10.596930503845215,0.12180870026350021
960,Tech War Set To Deepen As China Stockpiles US Chips Amid 'Silicon Curtain' Threat  https://t.co/sMw7Z0Xo3w,0,negative,0,negative,negative,1,0,FinGPT-Bloom-7B1-LoRA,tfns,-8.066288948059082,0.9656968712806702,-12.066288948059082,0.01768735609948635,-12.128788948059082,0.0166157316416502
961,"The days of extraordinary market returns are over, says BlackRock https://t.co/gJu52JoL8J",0,negative,1,neutral,neutral,0,0,FinGPT-Bloom-7B1-LoRA,tfns,-11.151695251464844,0.16320303082466125,-9.651695251464844,0.7314251661300659,-11.589195251464844,0.10537179559469223
962,"The dual shocks of the Saudi-Russian oil price war and the Covid-19 pandemic could put 500,000 Albertans out of wor… https://t.co/FUepZVgKx2",0,negative,1,neutral,neutral,0,0,FinGPT-Bloom-7B1-LoRA,tfns,-9.140737533569336,0.458524227142334,-9.765737533569336,0.2454303354024887,-9.578237533569336,0.2960454821586609
963,The Fraud That Is ESG Strikes Again: Six Of Top 10 ESG Funds Underperform The S&P500  https://t.co/rHbzc3YyMu,0,negative,0,negative,negative,1,0,FinGPT-Bloom-7B1-LoRA,tfns,-7.713302135467529,0.9547420144081116,-11.775802612304688,0.016427235677838326,-11.213302612304688,0.028830697759985924
964,"The job loss reflected in Friday's report is a shock that is unprecedented, as is the uncertainty surrounding it-wh… https://t.co/zqYuNg31Kb",0,negative,0,negative,negative,1,0,FinGPT-Bloom-7B1-LoRA,tfns,-8.899202346801758,0.9710175395011902,-12.649202346801758,0.022836145013570786,-13.961702346801758,0.006146264728158712
965,"Trader Warns ""The Rally Is Crumbling Below The Surface"" https://t.co/kdxXwZGizy",0,negative,0,negative,negative,1,0,FinGPT-Bloom-7B1-LoRA,tfns,-9.026281356811523,0.9493986964225769,-12.651281356811523,0.02530061826109886,-12.651281356811523,0.02530061826109886
966,"Turkish banks refuse to lend to Istanbul, hey here's an idea: let's open it up to the European idiots who will buy… https://t.co/oimo5fD1IB",0,negative,1,neutral,neutral,0,0,FinGPT-Bloom-7B1-LoRA,tfns,-10.764593124389648,0.24543032050132751,-10.139593124389648,0.4585241675376892,-10.577093124389648,0.2960454523563385
967,Videoconferences Zoom Toward Market-Boom Reckoning. https://t.co/kbPZdZj8DF #stocks #trading #economy,0,negative,2,positive,positive,0,0,FinGPT-Bloom-7B1-LoRA,tfns,-9.259730339050293,0.38338467478752136,-11.134730339050293,0.058793939650058746,-8.884730339050293,0.5578213930130005
968,"$USA $CRF $SCHX - U.S. is past the peak, economy to reopen shortly - JPMorgan https://t.co/V97lqc11yV",2,positive,2,positive,positive,1,0,FinGPT-Bloom-7B1-LoRA,tfns,-11.248581886291504,0.07006147503852844,-12.436081886291504,0.021367542445659637,-8.686081886291504,0.9085710048675537
969,Conditions for stock picking are improving as shares of big U.S. companies have begun to diverge https://t.co/Xrl2GkXhyW,2,positive,2,positive,positive,1,0,FinGPT-Bloom-7B1-LoRA,tfns,-12.267186164855957,0.017834683880209923,-13.017186164855957,0.008424508385360241,-8.267186164855957,0.9737407565116882
970,"Highlight: ""You're seeing some level of optimism, just because we've come way off the lows,"" @colonymktstrat says.… https://t.co/CdkwSBZK9H",2,positive,0,negative,negative,0,0,FinGPT-Bloom-7B1-LoRA,tfns,-8.496976852416992,0.839015781879425,-10.621976852416992,0.10020614415407181,-11.121976852416992,0.06077810004353523
971,"Highlight: Berenberg reiterates its 'Buy' rating on $BYND. ""I think the most exciting part is the growth potential,… https://t.co/7HhrL3mt4s",2,positive,2,positive,positive,1,0,FinGPT-Bloom-7B1-LoRA,tfns,-10.184141159057617,0.24210196733474731,-10.496641159057617,0.17712557315826416,-9.309141159057617,0.5807724595069885
972,"Highlight: Goldman Sachs predicts that gold will reach $1,600 an ounce by 2020. “$1,600 is gonna be a footnote,” sa… https://t.co/DFzhAByZ6Y",2,positive,1,neutral,neutral,0,0,FinGPT-Bloom-7B1-LoRA,tfns,-10.269100189208984,0.41360628604888916,-10.394100189208984,0.3650062680244446,-10.894100189208984,0.22138750553131104
973,Navigant Research Report Shows Commercial Lighting Controls Revenue Is Expected to Experience a 5% Compound Annual Growth Rate from 2019-2028,2,positive,2,positive,positive,1,0,FinGPT-Bloom-7B1-LoRA,tfns,-11.973003387451172,0.06417936831712723,-10.473003387451172,0.28763195872306824,-9.660503387451172,0.6481886506080627
974,Santa Claus rally,2,positive,2,positive,positive,1,0,FinGPT-Bloom-7B1-LoRA,tfns,-10.706229209899902,0.10596784204244614,-13.456229209899902,0.0067742969840765,-8.581229209899902,0.8872578740119934
975,Spirit MTA REIT (NYSE:SMTA) Shares Have Generated A Total Return Of 34% In The Last Year,2,positive,2,positive,positive,1,0,FinGPT-Bloom-7B1-LoRA,tfns,-10.057327270507812,0.1901119202375412,-11.244827270507812,0.05798086151480675,-8.682327270507812,0.751907229423523
976,The EVN (VIE:EVN) Share Price Has Gained 60% And Shareholders Are Hoping For More,2,positive,2,positive,positive,1,0,FinGPT-Bloom-7B1-LoRA,tfns,-13.19991683959961,0.01882557012140751,-13.38741683959961,0.01560694444924593,-9.26241683959961,0.9655674695968628
977,The number of customers canceling Netflix hasn’t accelerated around the debut of rival services from Disney and App… https://t.co/O7kqU5s0aM,2,positive,1,neutral,neutral,0,0,FinGPT-Bloom-7B1-LoRA,tfns,-9.677427291870117,0.4721401631832123,-10.427427291870117,0.22302323579788208,-10.114927291870117,0.30483660101890564
978,This chart shows why BlackRock is upbeat on U.S. credit despite the pandemic https://t.co/7LYUG0HLHr,2,positive,1,neutral,neutral,0,0,FinGPT-Bloom-7B1-LoRA,tfns,-10.254119873046875,0.3191677927970886,-10.129119873046875,0.36166447401046753,-10.254119873046875,0.3191677927970886
979,This Is Why Peloton Stock Remains a Buy,2,positive,2,positive,positive,1,0,FinGPT-Bloom-7B1-LoRA,tfns,-12.816597938537598,0.004899696912616491,-14.254097938537598,0.001163779990747571,-7.504097938537598,0.9939365983009338
980,"This ratio suggests the U.S. stock market will take a ‘brief pause’ then climb higher, analyst says - MarketWatch",2,positive,2,positive,positive,1,0,FinGPT-Bloom-7B1-LoRA,tfns,-12.134957313537598,0.025777269154787064,-13.447457313537598,0.006937857251614332,-8.509957313537598,0.9672849178314209
981,"U.S. banks will likely be allowed to keep paying dividends, even as the coronavirus pandemic threatens to create a… https://t.co/AjsqnpfOdJ",2,positive,0,negative,negative,0,0,FinGPT-Bloom-7B1-LoRA,tfns,-8.566102027893066,0.9331837296485901,-11.441102027893066,0.05264662578701973,-12.753602027893066,0.014169646427035332
982,Weekly portfolios report : Stress quickly erased #Weeklyportfoliosreport #portfolio #MarketScreener… https://t.co/aght48Gwte,2,positive,1,neutral,neutral,0,0,FinGPT-Bloom-7B1-LoRA,tfns,-10.257965087890625,0.27313289046287537,-9.882965087890625,0.3974060118198395,-10.070465087890625,0.32946115732192993
983,"""Cash is trash? No, cash is king! Especially when the discounts come along on high-quality stocks.""... https://t.co/7D0mmjE7xl",1,neutral,1,neutral,neutral,1,0,FinGPT-Bloom-7B1-LoRA,tfns,-11.386507034301758,0.14484605193138123,-9.824007034301758,0.6910218596458435,-11.261507034301758,0.16413208842277527
984,"""CO2 emissions aren't reducing, they are in fact increasing,"" @GretaThunberg says at #COP25. ""We have achieved noth… https://t.co/EP3atEwq2M",1,neutral,2,positive,positive,0,0,FinGPT-Bloom-7B1-LoRA,tfns,-10.400729179382324,0.11355998367071152,-11.275729179382324,0.04733884707093239,-8.400729179382324,0.8391011357307434
985,"""Convinced am I that a world without nuclear weapons is possible and necessary."" Pope Francis called for global nu… https://t.co/xL1ES2nwbw",1,neutral,1,neutral,neutral,1,0,FinGPT-Bloom-7B1-LoRA,tfns,-11.39373779296875,0.202671617269516,-10.14373779296875,0.7073934078216553,-12.20623779296875,0.08993497490882874
986,"""Freedom of speech is not freedom of reach,"" actor and comedian Sacha Baron Cohen said in a speech. ""Under this twi… https://t.co/XzJEY4pS8E",1,neutral,1,neutral,neutral,1,0,FinGPT-Bloom-7B1-LoRA,tfns,-10.223170280456543,0.4101502001285553,-10.098170280456543,0.46476104855537415,-11.410670280456543,0.12508873641490936
987,"""I am going to microsoft you"" just doesn't carry the same spark as ""I will bloomberg you""",1,neutral,2,positive,positive,0,0,FinGPT-Bloom-7B1-LoRA,tfns,-9.997380256652832,0.23962247371673584,-12.372380256652832,0.022288363426923752,-8.872380256652832,0.7380892038345337
988,"""I find this worship no different from the regular worship at a church so I am delighted.""

A church in South Korea… https://t.co/MnibZjnsFJ",1,neutral,1,neutral,neutral,1,0,FinGPT-Bloom-7B1-LoRA,tfns,-10.692031860351562,0.250031441450119,-9.942031860351562,0.5293165445327759,-10.817031860351562,0.22065196931362152
989,"""In the very best case it was a five year delay. In the worst case it was...completely collapsed it."" Here's why B… https://t.co/LNsrTCgcld",1,neutral,0,negative,negative,0,0,FinGPT-Bloom-7B1-LoRA,tfns,-8.216978073120117,0.8656612634658813,-10.466978073120117,0.09124001860618591,-11.216978073120117,0.04309873282909393
990,"""More Eco-Friendly"" Meets ""Horrors Of Capitalism"": $34 Toilet Paper 'With A Conscience' https://t.co/S3jmLnZt7Z",1,neutral,0,negative,negative,0,0,FinGPT-Bloom-7B1-LoRA,tfns,-8.423669815063477,0.8423248529434204,-11.236169815063477,0.050585538148880005,-10.486169815063477,0.1070895791053772
991,"""With self-driving cars, automakers can reimagine the interior cabin to provide passengers a holistically new and i… https://t.co/5KRYlJ8mTQ",1,neutral,1,neutral,neutral,1,0,FinGPT-Bloom-7B1-LoRA,tfns,-10.102508544921875,0.372122198343277,-10.102508544921875,0.372122198343277,-10.477508544921875,0.25575560331344604
992,"#5things
-China IP concession
-Hong Kong election
-Loads of corporate news
-Markets rise
-Coming up...… https://t.co/aSJjULIOt3",1,neutral,1,neutral,neutral,1,0,FinGPT-Bloom-7B1-LoRA,tfns,-11.354589462280273,0.13588635623455048,-10.167089462280273,0.4455542266368866,-10.229589462280273,0.4185594618320465
993,#ICYMI: Press Releases: https://t.co/4czrcfGQbt Vice Chair for Supervision Quarles Testimony:… https://t.co/1ROdwkNBSU,1,neutral,1,neutral,neutral,1,0,FinGPT-Bloom-7B1-LoRA,tfns,-11.143513679504395,0.18799211084842682,-9.893513679504395,0.6561568975448608,-11.331013679504395,0.15585093200206757
994,"$BA - Boeing plane skids off runway in Istanbul, killing one passenger https://t.co/IBHUB8yLOO",1,neutral,0,negative,negative,0,0,FinGPT-Bloom-7B1-LoRA,tfns,-8.782052993774414,0.5527921915054321,-12.282052993774414,0.0166928768157959,-9.032052993774414,0.43051499128341675
995,"$ENB - No additional risk to Lake Superior from Enbridge pipeline, Minnesota says https://t.co/3AlY719yio",1,neutral,0,negative,negative,0,0,FinGPT-Bloom-7B1-LoRA,tfns,-8.533467292785645,0.7362475395202637,-10.783467292785645,0.0775999203324318,-9.908467292785645,0.18615253269672394
996,$PBF - PBF Energy: A Mexican Billionaire Can't Get Enough Of This New Jersey Refiner. https://t.co/ouNSD0zChc #markets #finance #trading,1,neutral,1,neutral,neutral,1,0,FinGPT-Bloom-7B1-LoRA,tfns,-10.587048530578613,0.25575560331344604,-10.212048530578613,0.372122198343277,-10.212048530578613,0.372122198343277
997,$SPX There are still ZERO confirmed cases of novel #coronavirus in NYC.,1,neutral,1,neutral,neutral,1,0,FinGPT-Bloom-7B1-LoRA,tfns,-11.785969734191895,0.0593322329223156,-10.035969734191895,0.34143340587615967,-9.473469734191895,0.5992342829704285
998,".@JimCramer and @ByKatherineRoss are back in business breaking down Tiffany, TD Ameritrade and Bloomberg’s presiden… https://t.co/z517l6YmW2",1,neutral,1,neutral,neutral,1,0,FinGPT-Bloom-7B1-LoRA,tfns,-9.693459510803223,0.6151114702224731,-10.443459510803223,0.2905580997467041,-11.568459510803223,0.09433040022850037
999,.@JimCramer breaks down what this blowout jobs number is saying about the economy at large: https://t.co/c9cby6UgZD https://t.co/l12THHHGDJ,1,neutral,0,negative,negative,0,0,FinGPT-Bloom-7B1-LoRA,tfns,-8.382091522216797,0.915583610534668,-11.194591522216797,0.05498506873846054,-11.819591522216797,0.029431387782096863
1000,".@Tesla 's advertising department is an army of one, @elonmusk, with 27 million Twitter followers. Despite that, Te… https://t.co/HF1XQ7vmnt",1,neutral,1,neutral,neutral,1,0,FinGPT-Bloom-7B1-LoRA,tfns,-11.823081970214844,0.1433541476726532,-10.135581970214844,0.7749651670455933,-12.385581970214844,0.08168072253465652
1001,.@TiernanRayTech have 5 names that might be worth a second look:  https://t.co/qm2pTZO7xS,1,neutral,1,neutral,neutral,1,0,FinGPT-Bloom-7B1-LoRA,tfns,-11.517561912536621,0.07109851390123367,-9.017561912536621,0.8661572337150574,-11.642561912536621,0.06274422258138657
1002,@TicToc @bpolitics @bloom @bopinion #RecuseNow,1,neutral,1,neutral,neutral,1,0,FinGPT-Bloom-7B1-LoRA,tfns,-9.21718978881836,0.23580019176006317,-9.59218978881836,0.16206294298171997,-8.27968978881836,0.6021369099617004
1003,@tictoc oh fuck yeah Bloomberg you know about TickTock you must be something cool! here is a link to my profile wit… https://t.co/pvIL8KsEx5,1,neutral,1,neutral,neutral,1,0,FinGPT-Bloom-7B1-LoRA,tfns,-10.434009552001953,0.2917559742927551,-9.934009552001953,0.48102426528930664,-10.684009552001953,0.22721977531909943
1004,"{Free} Premium Earnings 11-25-19: Palo Alto Networks and Dollar Tree, on the blog and here https://t.co/zrIPU1I3zV $PANW $DLTR",1,neutral,0,negative,negative,0,0,FinGPT-Bloom-7B1-LoRA,tfns,-8.076035499572754,0.9272059798240662,-11.888535499572754,0.020484648644924164,-10.951035499572754,0.05230938643217087
1005,‘This is the most prosperous economy the world has ever seen’ says Jamie Dimon — and it’s going to continue https://t.co/Y6gkuTBby5,1,neutral,1,neutral,neutral,1,0,FinGPT-Bloom-7B1-LoRA,tfns,-10.144206047058105,0.31022772192955017,-9.894206047058105,0.39834028482437134,-10.206706047058105,0.2914319634437561
1006,"“Anal cancer may be one of the most rapidly accelerating causes of cancer incidence and mortality in the U.S."" https://t.co/d0VXzuZaIu",1,neutral,1,neutral,neutral,1,0,FinGPT-Bloom-7B1-LoRA,tfns,-9.976265907287598,0.41246482729911804,-10.226265907287598,0.32122793793678284,-10.413765907287598,0.2663072943687439
1007,"“I think there are important things we have to offer for free for people who need basic health care, basic educatio… https://t.co/1P7soFMbfF",1,neutral,1,neutral,neutral,1,0,FinGPT-Bloom-7B1-LoRA,tfns,-11.699577331542969,0.1409793496131897,-10.012077331542969,0.7621271014213562,-12.074577331542969,0.09689357876777649
1008,"“Periods aren't just a women's issue, it's a human issue."" Meet @nadyaokamoto, an activist whose fight for gender… https://t.co/SdXSBCjsmD",1,neutral,1,neutral,neutral,1,0,FinGPT-Bloom-7B1-LoRA,tfns,-10.535743713378906,0.28695395588874817,-9.785743713378906,0.6074815392494202,-11.535743713378906,0.10556445270776749
1009,“The Irishman” was seen by 13.2 million U.S. viewers over its first five days on Netflix. But only 18% of them ma… https://t.co/UuCfGXTC6w,1,neutral,1,neutral,neutral,1,0,FinGPT-Bloom-7B1-LoRA,tfns,-9.621866226196289,0.5122631788253784,-10.121866226196289,0.3107033371925354,-10.684366226196289,0.1770334392786026
1010,“Who Wants to be a Development Genius?” is our fun trivia challenge on development. Play along and test your knowle… https://t.co/7cXmBEeTMV,1,neutral,1,neutral,neutral,1,0,FinGPT-Bloom-7B1-LoRA,tfns,-10.54366397857666,0.2777884900569916,-9.91866397857666,0.518977165222168,-10.85616397857666,0.20323437452316284
1011,��‍♀️The Netherlands has more bicycles than people and it's now home to the world's largest bicycle park https://t.co/m2IlurcW4G,1,neutral,1,neutral,neutral,1,0,FinGPT-Bloom-7B1-LoRA,tfns,-11.97245979309082,0.12865398824214935,-10.28495979309082,0.6954968571662903,-11.65995979309082,0.17584913969039917
1012,"✅Get the best deals. 
✅Don't break the bank. 
Our guide on how to get it done: https://t.co/QrIh2UFASd https://t.co/IPxHN05zxZ",1,neutral,1,neutral,neutral,1,0,FinGPT-Bloom-7B1-LoRA,tfns,-11.656913757324219,0.09749151766300201,-9.656913757324219,0.720370352268219,-11.031913757324219,0.18213814496994019
1013,"⚡️ “Most people choose to support environment and healthcare organizations”

https://t.co/9rFXXJ2EfN",1,neutral,1,neutral,neutral,1,0,FinGPT-Bloom-7B1-LoRA,tfns,-12.164844512939453,0.0586564838886261,-9.602344512939453,0.7606688141822815,-11.039844512939453,0.1806746870279312
1014,2 Ways Government Pensions Can Reduce Your Social Security,1,neutral,1,neutral,neutral,1,0,FinGPT-Bloom-7B1-LoRA,tfns,-9.783841133117676,0.4443701505661011,-10.783841133117676,0.1634746491909027,-9.908841133117676,0.392155259847641
1015,201 books to read before the end of the year https://t.co/HgzlXonUVR #FTReadingList,1,neutral,1,neutral,neutral,1,0,FinGPT-Bloom-7B1-LoRA,tfns,-10.655072212219238,0.18322037160396576,-9.280072212219238,0.7246506214141846,-11.342572212219238,0.09212898463010788
1016,2020 Advances in Construction and Demolition Waste Recycling: Woodhead Publishing Series in Civil and Structural En… https://t.co/NDeG5e1kYs,1,neutral,1,neutral,neutral,1,0,FinGPT-Bloom-7B1-LoRA,tfns,-11.894607543945312,0.13584864139556885,-10.144607543945312,0.7817550301551819,-12.394607543945312,0.08239636570215225
1017,"20k next week this was my consolidation week. $500-$16,600 in 8 weeks. https://t.co/rxWtgDGKAT",1,neutral,2,positive,positive,0,0,FinGPT-Bloom-7B1-LoRA,tfns,-12.636056900024414,0.012381679378449917,-13.761056900024414,0.0040197428315877914,-8.261056900024414,0.9835985898971558
1018,3 Companies That Are Raising Their Dividends,1,neutral,1,neutral,neutral,1,0,FinGPT-Bloom-7B1-LoRA,tfns,-10.818471908569336,0.21160145103931427,-9.693471908569336,0.6517783999443054,-11.255971908569336,0.1366201639175415
1019,3 Lagging Long Ideas That We Still Love. https://t.co/4Lq29yLh6D #stocks #trading #markets,1,neutral,2,positive,positive,0,0,FinGPT-Bloom-7B1-LoRA,tfns,-9.56490707397461,0.2405390739440918,-12.12740707397461,0.018548382446169853,-8.43990707397461,0.7409125566482544
1020,3 Leveraged Emerging Markets Traders Should Consider in Q1,1,neutral,2,positive,positive,0,0,FinGPT-Bloom-7B1-LoRA,tfns,-11.686117172241211,0.0533648356795311,-10.123617172241211,0.25458940863609314,-9.123617172241211,0.6920457482337952
1021,"3 Mutual Fund Misfires to Avoid - November 25, 2019",1,neutral,1,neutral,neutral,1,0,FinGPT-Bloom-7B1-LoRA,tfns,-9.554098129272461,0.6196655631065369,-10.429098129272461,0.2583150267601013,-11.179098129272461,0.12201938033103943
1022,"3 Mutual Fund Misfires To Avoid In Your Retirement Portfolio - November 25, 2019",1,neutral,1,neutral,neutral,1,0,FinGPT-Bloom-7B1-LoRA,tfns,-11.167123794555664,0.3111545741558075,-10.542123794555664,0.5813132524490356,-12.229623794555664,0.10753214359283447
1023,"3 Top-Ranked Mutual Funds for Your Retirement - February 06, 2020",1,neutral,1,neutral,neutral,1,0,FinGPT-Bloom-7B1-LoRA,tfns,-12.323135375976562,0.09353046119213104,-10.135635375976562,0.8336279392242432,-12.573135375976562,0.0728415995836258
1024,"52% of Older Adults Are Making This Crucial Social Security Mistake, a Survey Shows",1,neutral,0,negative,negative,0,0,FinGPT-Bloom-7B1-LoRA,tfns,-8.869925498962402,0.42352476716041565,-11.432425498962402,0.03265872225165367,-8.619925498962402,0.5438165664672852
1025,7 Stocks to Buy to Ride the Vegan Wave,1,neutral,2,positive,positive,0,0,FinGPT-Bloom-7B1-LoRA,tfns,-12.48609733581543,0.01621454581618309,-11.54859733581543,0.041405294090509415,-8.42359733581543,0.9423801302909851
1026,A certified fraud examiner lays out three big investing red flags #investinyou (In partnership with @acorns.) https://t.co/eGvx23n4Uc,1,neutral,1,neutral,neutral,1,0,FinGPT-Bloom-7B1-LoRA,tfns,-9.359585762023926,0.5796408653259277,-10.109585762023926,0.2738029658794403,-10.734585762023926,0.14655616879463196
1027,"A couple claims a 500-pound, $280-million emerald was destroyed when their house burned down in California's worst-… https://t.co/jJFqUHN5qr",1,neutral,0,negative,negative,0,0,FinGPT-Bloom-7B1-LoRA,tfns,-8.628149032592773,0.9249548316001892,-11.378149032592773,0.059130385518074036,-12.690649032592773,0.01591472700238228
1028,A REIT Activist's New Positions In Q3. Continue reading: https://t.co/rv7TZZGn6g #business #finance #trading,1,neutral,1,neutral,neutral,1,0,FinGPT-Bloom-7B1-LoRA,tfns,-9.409749031066895,0.25418534874916077,-10.034749031066895,0.1360556185245514,-8.534749031066895,0.6097589731216431
1029,A rusty pre-WWII train car gets a second life,1,neutral,1,neutral,neutral,1,0,FinGPT-Bloom-7B1-LoRA,tfns,-12.01656436920166,0.035404082387685776,-8.76656436920166,0.9130833148956299,-11.64156436920166,0.051512639969587326
1030,A South African grieving family took a man's corpse to an insurance company to prove he's dead.  Here's why their… https://t.co/bxACoIRGV0,1,neutral,1,neutral,neutral,1,0,FinGPT-Bloom-7B1-LoRA,tfns,-9.287778854370117,0.6108639240264893,-10.287778854370117,0.22472429275512695,-10.600278854370117,0.16441179811954498
1031,'A victim of their own success': How vaccines became a casualty of misinformation in the U.S.:… https://t.co/jRQt6BxmHz,1,neutral,1,neutral,neutral,1,0,FinGPT-Bloom-7B1-LoRA,tfns,-10.136713981628418,0.44981619715690613,-10.136713981628418,0.44981619715690613,-11.636713981628418,0.10036756098270416
1032,"Accident Deaths Plunge Drastically In Few States, Union Territories Post New Motor Act: Government",1,neutral,0,negative,negative,0,0,FinGPT-Bloom-7B1-LoRA,tfns,-7.983791351318359,0.9124441146850586,-11.73379135131836,0.02145862951874733,-10.60879135131836,0.06609723716974258
1033,"Activism Rises In Japan as Firms Go Hostile, Investors Speak Out",1,neutral,2,positive,positive,0,0,FinGPT-Bloom-7B1-LoRA,tfns,-10.32906436920166,0.11162160336971283,-10.89156436920166,0.0636000707745552,-8.32906436920166,0.8247782588005066
1034,"AI Poised to Impact High-Skill U.S. Jobs Including Finance, Tech",1,neutral,2,positive,positive,0,0,FinGPT-Bloom-7B1-LoRA,tfns,-13.692662239074707,0.010286549106240273,-14.630162239074707,0.004028270486742258,-9.130162239074707,0.9856852293014526
1035,Air Water : Notice of Execution of the Business Transfer Agreement for the Acquisition of ... #AirWater #Stock… https://t.co/BgG7Fp4BcS,1,neutral,1,neutral,neutral,1,0,FinGPT-Bloom-7B1-LoRA,tfns,-11.954086303710938,0.12571071088314056,-10.141586303710938,0.7700714468955994,-12.141586303710938,0.10421784222126007
1036,Almost 1 in 5 Millennials Think They'll Be Paying Student Loans in Their 50s,1,neutral,1,neutral,neutral,1,0,FinGPT-Bloom-7B1-LoRA,tfns,-10.870747566223145,0.22721977531909943,-10.120747566223145,0.48102426528930664,-10.620747566223145,0.2917559742927551
1037,ALROSA : Supervisory Board to consider disposal of Non-State Pension Fund Almaznaya Osen #ALROSA #Stock… https://t.co/RcGh6YQY2A,1,neutral,1,neutral,neutral,1,0,FinGPT-Bloom-7B1-LoRA,tfns,-12.320060729980469,0.06733691692352295,-9.757560729980469,0.8732384443283081,-12.445060729980469,0.05942462384700775
1038,AM Best Affirms Credit Ratings of Legal & General Group Plc and Legal and General Assurance Society Limited… https://t.co/dopr5WqWYx,1,neutral,1,neutral,neutral,1,0,FinGPT-Bloom-7B1-LoRA,tfns,-11.121864318847656,0.2590629458427429,-10.309364318847656,0.5838074088096619,-11.621864318847656,0.15712963044643402
1039,America isn’t ready for longer lifespans,1,neutral,2,positive,positive,0,0,FinGPT-Bloom-7B1-LoRA,tfns,-11.475332260131836,0.0642419308423996,-9.850332260131836,0.3262474834918976,-9.225332260131836,0.6095105409622192
1040,America’s Reluctance To Tax Wealth Has Its Roots In Slavery,1,neutral,0,negative,negative,0,0,FinGPT-Bloom-7B1-LoRA,tfns,-8.80262279510498,0.559815526008606,-11.11512279510498,0.05542924627661705,-9.17762279510498,0.3847552239894867
1041,"Analysis on the World's Cognitive Collaboration Market, 2019-2024 - Increasing Need for Mobility & Collaboration Dr… https://t.co/DWGHx4ruLX",1,neutral,2,positive,positive,0,0,FinGPT-Bloom-7B1-LoRA,tfns,-11.473251342773438,0.0775999203324318,-10.598251342773438,0.18615253269672394,-9.223251342773438,0.7362475395202637
1042,Another coal-fired power plant closes its doors,1,neutral,1,neutral,neutral,1,0,FinGPT-Bloom-7B1-LoRA,tfns,-10.400651931762695,0.14515435695648193,-9.150651931762695,0.5066384673118591,-9.525651931762695,0.34820717573165894
1043,"Arm yourself with live #marketanalysis, #investmentresearch, and #investingideas. Try Briefing In Play Plus risk-fr… https://t.co/q2bLi8O81t",1,neutral,1,neutral,neutral,1,0,FinGPT-Bloom-7B1-LoRA,tfns,-9.822183609008789,0.49551060795783997,-10.134683609008789,0.36252328753471375,-11.072183609008789,0.14196616411209106
1044,"As Illinois Legalizes Marijuana, Cook County Prosecutor Vacates Over 1,000 Low-Level Cannabis Convictions",1,neutral,0,negative,negative,0,0,FinGPT-Bloom-7B1-LoRA,tfns,-8.832929611206055,0.727863609790802,-11.270429611206055,0.06360001116991043,-10.082929611206055,0.20853643119335175
1045,"As relations between the U.S. and China continue to deteriorate, one immediate risk is a “military accident or oper… https://t.co/N2fewJJeQc",1,neutral,0,negative,negative,0,0,FinGPT-Bloom-7B1-LoRA,tfns,-8.051713943481445,0.9330054521560669,-11.114213943481445,0.043637245893478394,-11.739213943481445,0.023357335478067398
1046,Asset Acquisitions and Disposals::Proposed Acquisition of Assets in Singapore Mobike Pte. Ltd. #ISOTeam #Stock… https://t.co/f6tx3DSIBR,1,neutral,1,neutral,neutral,1,0,FinGPT-Bloom-7B1-LoRA,tfns,-12.389754295349121,0.10337967425584793,-10.389754295349121,0.7638782262802124,-12.139754295349121,0.13274212181568146
1047,Australians Love Rooftop Panels. That’s a Problem for Big Solar,1,neutral,1,neutral,neutral,1,0,FinGPT-Bloom-7B1-LoRA,tfns,-12.599882125854492,0.059305671602487564,-10.037382125854492,0.7690876126289368,-11.537382125854492,0.17160664498806
1048,"Basking in the glow of a luxury-goods deal, Burberry boosts London stocks https://t.co/MTuHyI5ysO",1,neutral,2,positive,positive,0,0,FinGPT-Bloom-7B1-LoRA,tfns,-11.993494033813477,0.04317837581038475,-12.243494033813477,0.03362734988331795,-8.930994033813477,0.9231943488121033
1049,BDO Christmas party chaperones to guard against ghosts of scandals past https://t.co/HCiRkzZJGi,1,neutral,2,positive,positive,0,0,FinGPT-Bloom-7B1-LoRA,tfns,-9.628621101379395,0.3098449110984802,-10.378621101379395,0.146360382437706,-9.066121101379395,0.5437947511672974
1050,Beer Drinkers Want More Than a Typical Lager These Days,1,neutral,2,positive,positive,0,0,FinGPT-Bloom-7B1-LoRA,tfns,-9.995159149169922,0.20453141629695892,-11.745159149169922,0.035542234778404236,-8.682659149169922,0.7599263787269592
1051,Before You Say 'OK Boomer' -- or Get Angry About It -- Embrace the Value of a Multigenerational Workforce,1,neutral,1,neutral,neutral,1,0,FinGPT-Bloom-7B1-LoRA,tfns,-10.095044136047363,0.20975326001644135,-8.970044136047363,0.6460855603218079,-10.470044136047363,0.1441611796617508
1052,Beyond Meat and Impossible Foods have a new foe in the plant-based burger wars: the Ultimate Burger… https://t.co/7RHXZNGEBG,1,neutral,1,neutral,neutral,1,0,FinGPT-Bloom-7B1-LoRA,tfns,-11.748150825500488,0.07936988025903702,-9.873150825500488,0.5175566077232361,-10.123150825500488,0.4030735194683075
1053,"Billionaire investor Howard Marks says we're not in a bubble, but sees reasons to take less risk https://t.co/BoHEP6B2Hi",1,neutral,1,neutral,neutral,1,0,FinGPT-Bloom-7B1-LoRA,tfns,-9.143265724182129,0.6658257246017456,-10.330765724182129,0.20306536555290222,-10.768265724182129,0.1311088502407074
1054,"Black Friday 2019: How scammers use gift cards, hot toy deals to trick you",1,neutral,1,neutral,neutral,1,0,FinGPT-Bloom-7B1-LoRA,tfns,-10.65053653717041,0.21194157004356384,-9.65053653717041,0.5761168599128723,-10.65053653717041,0.21194157004356384
1055,Bloomberg Daybreak: Middle East Full Show (02/06/2020),1,neutral,1,neutral,neutral,1,0,FinGPT-Bloom-7B1-LoRA,tfns,-12.089849472045898,0.06737060099840164,-9.652349472045898,0.7710157036781311,-11.214849472045898,0.16161367297172546
1056,'Bloomberg The Open' Full Show (12/13/2019),1,neutral,2,positive,positive,0,0,FinGPT-Bloom-7B1-LoRA,tfns,-11.470925331115723,0.04777758568525314,-9.658425331115723,0.2926732003688812,-8.845925331115723,0.6595492362976074
1057,"Brazil's Afro-Brazilians are beginning to get their due, says @macmargolis (via @bopinion) https://t.co/tezavhCp6r",1,neutral,0,negative,negative,0,0,FinGPT-Bloom-7B1-LoRA,tfns,-8.692055702209473,0.777622640132904,-10.879555702209473,0.087246835231781,-10.442055702209473,0.13513053953647614
1058,Breaking - @NYDailyNews reports potential coronavirus patient at Elmhurst Hospital. Note: NYC Department of Health... https://t.co/U6wm1qJ4Ft,1,neutral,1,neutral,neutral,1,0,FinGPT-Bloom-7B1-LoRA,tfns,-9.50305461883545,0.564341127872467,-10.19055461883545,0.28376853466033936,-10.81555461883545,0.1518903523683548
1059,Brief calm in Hong Kong is over,1,neutral,1,neutral,neutral,1,0,FinGPT-Bloom-7B1-LoRA,tfns,-11.032236099243164,0.0908169373869896,-9.157236099243164,0.5922008156776428,-9.782236099243164,0.3169822692871094
1060,Bumrungrad Hospital Public : Notification of the joint new business model #BumrungradHospitalPublic #Stock… https://t.co/QhvKqiE4Cd,1,neutral,1,neutral,neutral,1,0,FinGPT-Bloom-7B1-LoRA,tfns,-10.683980941772461,0.1961987018585205,-9.433980941772461,0.6848007440567017,-11.183980941772461,0.11900051683187485
1061,Burger King® Restaurants Partner With DC’s Harley Quinn and the Birds of Prey to Flame-Grill Memories of Your Ex and Emancipate Your Heart This Valentine’s Day,1,neutral,1,neutral,neutral,1,0,FinGPT-Bloom-7B1-LoRA,tfns,-12.953347206115723,0.07240483164787292,-10.515847206115723,0.8286294341087341,-12.640847206115723,0.09896568208932877
1062,"By diversifying, you reduce the risk of any one company losing value and negatively affecting your portfolio.… https://t.co/fZZP7j69yG",1,neutral,0,negative,negative,0,0,FinGPT-Bloom-7B1-LoRA,tfns,-8.182604789733887,0.9661662578582764,-12.057604789733887,0.020052140578627586,-12.432604789733887,0.013781621120870113
1063,"California must sound the alarm over rising seas, an analyst says https://t.co/vExxAxSA9t",1,neutral,0,negative,negative,0,0,FinGPT-Bloom-7B1-LoRA,tfns,-8.773432731628418,0.6220058798789978,-10.773432731628418,0.0841793343424797,-9.523432731628418,0.2938147783279419
1064,Can Nostalgia Revive Star Wars?,1,neutral,1,neutral,neutral,1,0,FinGPT-Bloom-7B1-LoRA,tfns,-11.757736206054688,0.035718660801649094,-8.507736206054688,0.9211964011192322,-11.570236206054688,0.04308493062853813
1065,"Car Rams Israelis, Palestinians Die in Post-Trump Plan Violence",1,neutral,1,neutral,neutral,1,0,FinGPT-Bloom-7B1-LoRA,tfns,-10.48547649383545,0.38380128145217896,-10.36047649383545,0.4349038302898407,-11.23547649383545,0.18129488825798035
1066,Carbon Taxes Alone Aren't Good Climate Policy: Gernot Wagner,1,neutral,1,neutral,neutral,1,0,FinGPT-Bloom-7B1-LoRA,tfns,-11.274725914001465,0.11203718930482864,-9.962225914001465,0.41626861691474915,-9.837225914001465,0.4716941714286804
1067,"Carolina Panthers owner David Tepper is close to adding another sports team to his empire, as Major League Soccer m… https://t.co/dvCe5VNlmL",1,neutral,1,neutral,neutral,1,0,FinGPT-Bloom-7B1-LoRA,tfns,-11.009912490844727,0.1394219845533371,-9.947412490844727,0.40343087911605835,-9.822412490844727,0.45714709162712097
1068,"Cash is king, and these investors are hoarding it in case of a recession 
https://t.co/YQemHWVfpv",1,neutral,2,positive,positive,0,0,FinGPT-Bloom-7B1-LoRA,tfns,-10.237189292907715,0.20369727909564972,-10.424689292907715,0.1688709706068039,-9.112189292907715,0.6274318099021912
1069,CDC: 6 Confirmed coronavirus cases in U.S.,1,neutral,1,neutral,neutral,1,0,FinGPT-Bloom-7B1-LoRA,tfns,-12.012762069702148,0.08794894069433212,-9.762762069702148,0.8344363570213318,-12.137762069702148,0.0776146724820137
1070,CH Robinson's Growth Is Fueled By Tech Investment,1,neutral,2,positive,positive,0,0,FinGPT-Bloom-7B1-LoRA,tfns,-11.316211700439453,0.07842513918876648,-11.316211700439453,0.07842513918876648,-8.941211700439453,0.843149721622467
1071,"China Gangs Spreading Rumors to Exploit Pork Crisis, Report Says",1,neutral,0,negative,negative,0,0,FinGPT-Bloom-7B1-LoRA,tfns,-8.843714714050293,0.49486470222473145,-12.718714714050293,0.010270589031279087,-8.843714714050293,0.49486470222473145
1072,China Today Is Like Japan In 1989 https://t.co/xsAIxibRYL,1,neutral,1,neutral,neutral,1,0,FinGPT-Bloom-7B1-LoRA,tfns,-11.392085075378418,0.13584864139556885,-9.642085075378418,0.7817550301551819,-11.892085075378418,0.08239636570215225
1073,China Scrutinizes U.S. Bid to Control Chinese Chipmaker,1,neutral,2,positive,positive,0,0,FinGPT-Bloom-7B1-LoRA,tfns,-9.259108543395996,0.38338467478752136,-11.134108543395996,0.058793939650058746,-8.884108543395996,0.5578213930130005
1074,China’s Drug Patent Grab Makes Coronavirus Scary for Pharma,1,neutral,2,positive,positive,0,0,FinGPT-Bloom-7B1-LoRA,tfns,-10.018514633178711,0.26271340250968933,-11.393514633178711,0.06642435491085052,-9.081014633178711,0.6708621978759766
1075,"China’s IP crackdown, pro-democracy forces win big in Hong Kong, and big M&A news. Here’s what’s moving markets https://t.co/w0sI8qpNU0",1,neutral,1,neutral,neutral,1,0,FinGPT-Bloom-7B1-LoRA,tfns,-10.537707328796387,0.29962652921676636,-10.662707328796387,0.26441946625709534,-10.162707328796387,0.4359540045261383
1076,Chinese Ambassador to EU Says Economic Impact of Virus Is Limited,1,neutral,1,neutral,neutral,1,0,FinGPT-Bloom-7B1-LoRA,tfns,-12.574814796447754,0.07240483164787292,-10.137314796447754,0.8286294341087341,-12.262314796447754,0.09896568208932877
1077,Choking Haze Is Turning Sydney Into the World’s Laboratory,1,neutral,0,negative,negative,0,0,FinGPT-Bloom-7B1-LoRA,tfns,-8.042545318603516,0.9446406364440918,-14.167545318603516,0.002066392917186022,-10.917545318603516,0.053292978554964066
1078,Consummate New York City insider Kriegel dies at 79 https://t.co/iCYz8QnhNV,1,neutral,1,neutral,neutral,1,0,FinGPT-Bloom-7B1-LoRA,tfns,-11.267932891845703,0.08913170546293259,-9.017932891845703,0.8456581234931946,-11.580432891845703,0.06521015614271164
1079,CoreCivic : Inmate Students Earn College Degrees from Ashland University #CoreCivic #Stock #MarketScreener… https://t.co/ZjvZFvLif6,1,neutral,1,neutral,neutral,1,0,FinGPT-Bloom-7B1-LoRA,tfns,-12.380908012390137,0.07136982679367065,-9.880908012390137,0.8694624900817871,-12.568408012390137,0.059167664498090744
1080,"Coronavirus case tally: 565 deaths, 28,256 cases",1,neutral,0,negative,negative,0,0,FinGPT-Bloom-7B1-LoRA,tfns,-8.279706954956055,0.9655674695968628,-12.217206954956055,0.01882557012140751,-12.404706954956055,0.01560694444924593
1081,"Coronavirus continues to spread, retailers are feeling the impact",1,neutral,2,positive,positive,0,0,FinGPT-Bloom-7B1-LoRA,tfns,-12.214930534362793,0.044357333332300186,-14.027430534362793,0.007241134997457266,-9.152430534362793,0.9484015703201294
1082,Coronavirus Threat Looms Over Fragile African Health Systems,1,neutral,0,negative,negative,0,0,FinGPT-Bloom-7B1-LoRA,tfns,-9.006234169006348,0.9901767373085022,-14.006234169006348,0.006671758368611336,-14.756234169006348,0.003151515731588006
1083,Create a Song in the Palm of Your Hand With Orba by Artiphon,1,neutral,1,neutral,neutral,1,0,FinGPT-Bloom-7B1-LoRA,tfns,-12.151958465576172,0.03137451410293579,-8.776958465576172,0.916897714138031,-11.651958465576172,0.05172783136367798
1084,CVC/European football: round numbers https://t.co/SBZqSrERpS,1,neutral,1,neutral,neutral,1,0,FinGPT-Bloom-7B1-LoRA,tfns,-10.83176040649414,0.16619715094566345,-9.33176040649414,0.7448439002037048,-11.45676040649414,0.08895891904830933
1085,Daily Insider Ratings Round Up 12/2/19. Subscribe to Seeking Alpha for more: https://t.co/5yEVpyN3jt #trading #investing #economy,1,neutral,2,positive,positive,0,0,FinGPT-Bloom-7B1-LoRA,tfns,-9.24160099029541,0.3131950795650482,-10.36660099029541,0.10167954862117767,-8.61660099029541,0.5851254463195801
1086,"David Vélez founded Nubank to offer financial services to Brazilians who had never had a bank account before. Now,… https://t.co/S665GCSUwu",1,neutral,1,neutral,neutral,1,0,FinGPT-Bloom-7B1-LoRA,tfns,-11.342687606811523,0.17191913723945618,-9.905187606811523,0.723806619644165,-11.842687606811523,0.10427423566579819
1087,Death of a Hero Doctor Sparks Crisis of Confidence in Xi’s China,1,neutral,1,neutral,neutral,1,0,FinGPT-Bloom-7B1-LoRA,tfns,-10.990118980407715,0.17098112404346466,-9.677618980407715,0.6352719068527222,-10.865118980407715,0.19374696910381317
1088,"Dennis Gartman, who’s closing down his daily newsletter, had some parting advice for investors: sell https://t.co/GwcaDQjWJJ",1,neutral,0,negative,negative,0,0,FinGPT-Bloom-7B1-LoRA,tfns,-7.990871906280518,0.9526582956314087,-11.490872383117676,0.028767773881554604,-11.928372383117676,0.01857387088239193
1089,"Desalination can provide safe drinking water, but it also creates other environmental concerns like brine. Watch th… https://t.co/yLIMmQdmp5",1,neutral,1,neutral,neutral,1,0,FinGPT-Bloom-7B1-LoRA,tfns,-9.99418830871582,0.5149207711219788,-10.24418830871582,0.40102067589759827,-11.80668830871582,0.0840585008263588
1090,"Despite the Talk of Coal’s Demise, It Still Powers the World",1,neutral,1,neutral,neutral,1,0,FinGPT-Bloom-7B1-LoRA,tfns,-9.50121784210205,0.4607432186603546,-10.43871784210205,0.1804296374320984,-9.75121784210205,0.3588271737098694
1091,Do money woes leave you sleepless? You’re not alone. Here are the money fears that keep people awake at night.… https://t.co/56kJBsl625,1,neutral,1,neutral,neutral,1,0,FinGPT-Bloom-7B1-LoRA,tfns,-9.358434677124023,0.63166743516922,-10.420934677124023,0.21829843521118164,-10.795934677124023,0.15003417432308197
1092,Do U.S. consumers still have enough disposable income to drive growth? Bloomberg's Vincent Cignarella discusses… https://t.co/yWZOqTa1Tj,1,neutral,1,neutral,neutral,1,0,FinGPT-Bloom-7B1-LoRA,tfns,-10.317720413208008,0.3127303719520569,-10.255220413208008,0.3328997492790222,-10.192720413208008,0.3543699383735657
1093,Do you believe in a Santa rally? https://t.co/1NMmDSiQ6A,1,neutral,1,neutral,neutral,1,0,FinGPT-Bloom-7B1-LoRA,tfns,-11.51242446899414,0.13614033162593842,-9.82492446899414,0.7359676361083984,-11.57492446899414,0.12789198756217957
1094,Do you qualify as a business owner? Here's what you need to know before applying for a business credit card. https://t.co/DDDXvyqMSp,1,neutral,1,neutral,neutral,1,0,FinGPT-Bloom-7B1-LoRA,tfns,-11.468160629272461,0.1126026138663292,-9.530660629272461,0.7816170454025269,-11.530660629272461,0.10578036308288574
1095,Does the stock market even need a U.S.-China trade deal with the jobs report this hot? https://t.co/WZnyfq6jp8,1,neutral,2,positive,positive,0,0,FinGPT-Bloom-7B1-LoRA,tfns,-10.606297492980957,0.09248650074005127,-11.731297492980957,0.030025972053408623,-8.356297492980957,0.8774875402450562
1096,"Don't be a Turkey
Only Price Pays! https://t.co/Z44GkSaAgM",1,neutral,1,neutral,neutral,1,0,FinGPT-Bloom-7B1-LoRA,tfns,-11.394790649414062,0.10848239809274673,-9.394790649414062,0.8015825748443604,-11.582290649414062,0.0899350643157959
1097,Duke University was built on a tobacco fortune. Now a tense showdown over college vaping and its health risks is ro… https://t.co/W38Vt442IL,1,neutral,1,neutral,neutral,1,0,FinGPT-Bloom-7B1-LoRA,tfns,-9.639938354492188,0.5985884666442871,-10.264938354492188,0.3204013407230377,-11.639938354492188,0.08101014047861099
1098,Eaton Vance was one of my favorite fundamental finds to start 2019..gets little recognition but simple thematic pla… https://t.co/3EW07tiRJj,1,neutral,1,neutral,neutral,1,0,FinGPT-Bloom-7B1-LoRA,tfns,-10.443460464477539,0.34820717573165894,-10.068460464477539,0.5066384673118591,-11.318460464477539,0.14515435695648193
1099,Elevated Valuations Are New Normal In PE: Karen Davies (Radio),1,neutral,1,neutral,neutral,1,0,FinGPT-Bloom-7B1-LoRA,tfns,-11.381389617919922,0.09966634958982468,-9.631389617919922,0.5735402703285217,-10.193889617919922,0.326793372631073
1100,Enfindus sceglie gli inverter SolarEdge per 1 GW di progetti fotovoltaici in Europa,1,neutral,1,neutral,neutral,1,0,FinGPT-Bloom-7B1-LoRA,tfns,-12.529303550720215,0.046633731573820114,-9.654303550720215,0.8266026377677917,-11.529303550720215,0.12676362693309784
1101,Equity rotations and the value of industrials https://t.co/OCR2NRSE87,1,neutral,1,neutral,neutral,1,0,FinGPT-Bloom-7B1-LoRA,tfns,-11.57909870147705,0.09309311956167221,-9.39159870147705,0.8297299742698669,-11.76659870147705,0.07717690616846085
1102,Europe is set to stake its economic future on an environmental clean-up that will overhaul the way the world’s bigg… https://t.co/slU8gPy5AE,1,neutral,1,neutral,neutral,1,0,FinGPT-Bloom-7B1-LoRA,tfns,-10.196084976196289,0.4132823646068573,-10.071084976196289,0.46831029653549194,-11.446084976196289,0.11840738356113434
1103,Evacuation of Canadians from Virus Zone Is ‘Underway’ in China,1,neutral,1,neutral,neutral,1,0,FinGPT-Bloom-7B1-LoRA,tfns,-11.534598350524902,0.17288756370544434,-10.159598350524902,0.6837835907936096,-11.722098350524902,0.14332883059978485
1104,"Everybody likes a deal, and now some investors have decided that means they like junk bonds. https://t.co/jTwZwrqL9c",1,neutral,1,neutral,neutral,1,0,FinGPT-Bloom-7B1-LoRA,tfns,-10.565536499023438,0.3173038959503174,-10.065536499023438,0.5231456756591797,-11.253036499023438,0.15955041348934174
1105,Ex-JPMorgan Banker’s Career Gamble Pays Off in Muni-Bond Blitz,1,neutral,1,neutral,neutral,1,0,FinGPT-Bloom-7B1-LoRA,tfns,-10.884940147399902,0.11050203442573547,-9.322440147399902,0.5271757245063782,-9.697440147399902,0.36232224106788635
1106,Expense report fraud opening the door to bigger financial losses,1,neutral,0,negative,negative,0,0,FinGPT-Bloom-7B1-LoRA,tfns,-8.881278991699219,0.9870071411132812,-13.381278991699219,0.010964659042656422,-15.068778991699219,0.002028257818892598
1107,Explains the recent put buying or part of the reason?,1,neutral,1,neutral,neutral,1,0,FinGPT-Bloom-7B1-LoRA,tfns,-11.326126098632812,0.10541646927595139,-10.013626098632812,0.39166969060897827,-9.763626098632812,0.5029138326644897
1108,"EY has put 100 jobs in its financial consulting unit at risk of redundancy
https://t.co/d63wR7xMfR",1,neutral,2,positive,positive,0,0,FinGPT-Bloom-7B1-LoRA,tfns,-9.439702033996582,0.3125893771648407,-11.939702033996582,0.025658898055553436,-8.689702033996582,0.6617516875267029
1109,"Fed Inequality, China IP Crackdown, Canada Rail Strike: Eco Day",1,neutral,0,negative,negative,0,0,FinGPT-Bloom-7B1-LoRA,tfns,-8.756426811218262,0.9907665252685547,-13.818926811218262,0.006271270103752613,-14.568926811218262,0.0029623382724821568
1110,Federal Prohibition Of Cannabis (Not Vitamin E Acetate) Is The Real Cause Of The Vaping Crisis,1,neutral,1,neutral,neutral,1,0,FinGPT-Bloom-7B1-LoRA,tfns,-9.927628517150879,0.6720890998840332,-11.052628517150879,0.218195378780365,-11.740128517150879,0.1097155287861824
1111,FedEx CEO calls out NYT over tax bill report,1,neutral,1,neutral,neutral,1,0,FinGPT-Bloom-7B1-LoRA,tfns,-10.825648307800293,0.12180869281291962,-9.075648307800293,0.7009606957435608,-10.450648307800293,0.1772306114435196
1112,FedEx CEO hits back at New York Times tax-bill exposé,1,neutral,0,negative,negative,0,0,FinGPT-Bloom-7B1-LoRA,tfns,-8.592832565307617,0.8988671898841858,-12.530332565307617,0.017525121569633484,-10.967832565307617,0.08360767364501953
1113,Financial Planning Just Got A Whole Lot Harder. Subscribe to Seeking Alpha for more: https://t.co/Q9ZQPgCQjK… https://t.co/UGPLharNlL,1,neutral,1,neutral,neutral,1,0,FinGPT-Bloom-7B1-LoRA,tfns,-10.86811351776123,0.2889251410961151,-10.18061351776123,0.5745962858200073,-11.61811351776123,0.13647858798503876
1114,Flu Season Is Starting Off Early: 10 Things You Need to Know,1,neutral,1,neutral,neutral,1,0,FinGPT-Bloom-7B1-LoRA,tfns,-10.801776885986328,0.12339961528778076,-9.364276885986328,0.5195317268371582,-9.739276885986328,0.35706859827041626
1115,For every winner....  https://t.co/1pm4UFoCE2,1,neutral,1,neutral,neutral,1,0,FinGPT-Bloom-7B1-LoRA,tfns,-11.452261924743652,0.0728415995836258,-9.014761924743652,0.8336279392242432,-11.202261924743652,0.09353046119213104
1116,Foroohar: 2020 Election Poses Risk To Silicon Valley Tech Giants. Get more updates here: https://t.co/9UzZfKJoGd #business #finance #economy,1,neutral,1,neutral,neutral,1,0,FinGPT-Bloom-7B1-LoRA,tfns,-9.340665817260742,0.5807724595069885,-10.215665817260742,0.24210196733474731,-10.528165817260742,0.17712557315826416
1117,France's Richest Man Gets a Free Lunch From the ECB,1,neutral,1,neutral,neutral,1,0,FinGPT-Bloom-7B1-LoRA,tfns,-11.4454927444458,0.06289001554250717,-8.9454927444458,0.7661572098731995,-10.4454927444458,0.17095279693603516
1118,"Frank Barlow, former Pearson chief executive, 1930-2019 https://t.co/JZE8bGgJct",1,neutral,1,neutral,neutral,1,0,FinGPT-Bloom-7B1-LoRA,tfns,-12.259649276733398,0.05809759721159935,-9.509649276733398,0.9087993502616882,-12.822149276733398,0.03310301527380943
1119,Free agent Antonio Brown says it&apos;s time to ghost white women,1,neutral,1,neutral,neutral,1,0,FinGPT-Bloom-7B1-LoRA,tfns,-10.74495792388916,0.1394219994544983,-9.55745792388916,0.45714715123176575,-9.68245792388916,0.4034309387207031
1120,"French Private Equity Has a Problem With Equality, Firms Warned",1,neutral,0,negative,negative,0,0,FinGPT-Bloom-7B1-LoRA,tfns,-8.577922821044922,0.48925188183784485,-11.702922821044922,0.021496227011084557,-8.577922821044922,0.48925188183784485
1121,Fresh tensions over USMCA enforcement?,1,neutral,1,neutral,neutral,1,0,FinGPT-Bloom-7B1-LoRA,tfns,-10.766764640808105,0.10848239809274673,-8.766764640808105,0.8015825748443604,-10.954264640808105,0.0899350643157959
1122,"Friendship doesn't only make you happier — a good friend is worth more than $150,000. Here's why.… https://t.co/SrVlBcVoI3",1,neutral,1,neutral,neutral,1,0,FinGPT-Bloom-7B1-LoRA,tfns,-9.74481201171875,0.4499334990978241,-10.11981201171875,0.30923447012901306,-10.36981201171875,0.24083206057548523
1123,"From the turkey and casseroles to the mashed potatoes, here's a helpful guide detailing the TSA-approved items you… https://t.co/nHdZIH6Zoj",1,neutral,1,neutral,neutral,1,0,FinGPT-Bloom-7B1-LoRA,tfns,-9.869394302368164,0.3130401372909546,-10.306894302368164,0.20211388170719147,-9.431894302368164,0.4848460257053375
1124,"From Trump to Bolsonaro, Climate Skeptics Stir Green Activism",1,neutral,1,neutral,neutral,1,0,FinGPT-Bloom-7B1-LoRA,tfns,-11.084449768066406,0.2585151195526123,-10.459449768066406,0.48296982049942017,-11.084449768066406,0.2585151195526123
1125,Germany: Consumption Is The New Export. Get more info on Seeking Alpha: https://t.co/uNytzzpWSE #trading #stocks #stockmarket,1,neutral,1,neutral,neutral,1,0,FinGPT-Bloom-7B1-LoRA,tfns,-10.182144165039062,0.23914895951747894,-10.119644165039062,0.25457271933555603,-9.432144165039062,0.5062783360481262
1126,Get LIVE #analysis of the #equitymarkets featuring sophisticated #investing and #swingtrading ideas. Totally… https://t.co/gbWGLEa611,1,neutral,1,neutral,neutral,1,0,FinGPT-Bloom-7B1-LoRA,tfns,-10.20330810546875,0.4257885813713074,-10.45330810546875,0.3316044807434082,-10.76580810546875,0.2426069974899292
1127,Goldperson Sachs,1,neutral,1,neutral,neutral,1,0,FinGPT-Bloom-7B1-LoRA,tfns,-11.367633819580078,0.059658922255039215,-9.242633819580078,0.4995180368423462,-9.367633819580078,0.44082310795783997
1128,Got a tip? Click for a secure and anonymous link to Bloomberg reporters https://t.co/dPwBoTbrNr https://t.co/BY9EdJI9rE,1,neutral,1,neutral,neutral,1,0,FinGPT-Bloom-7B1-LoRA,tfns,-11.511988639831543,0.11976266652345657,-9.636988639831543,0.780950665473938,-11.699488639831543,0.09928672760725021
1129,"Gundlach: ""those cynics out there who call it quantitative easing, they do have a point""",1,neutral,1,neutral,neutral,1,0,FinGPT-Bloom-7B1-LoRA,tfns,-10.316720008850098,0.16697394847869873,-8.879220008850098,0.7029865980148315,-10.566720008850098,0.13003943860530853
1130,"Guyana defends Exxon deal, attacks critics",1,neutral,2,positive,positive,0,0,FinGPT-Bloom-7B1-LoRA,tfns,-8.451258659362793,0.2868407070636749,-10.888758659362793,0.025063863024115562,-7.576258182525635,0.6880954504013062
1131,Hannah Elliott on the Future of Luxury Cars (Podcast),1,neutral,1,neutral,neutral,1,0,FinGPT-Bloom-7B1-LoRA,tfns,-11.954134941101074,0.04923681914806366,-9.516634941101074,0.5634855628013611,-9.891634941101074,0.38727760314941406
1132,Has bitcoin become 'digital gold?' @KitcoNewsNOW sat down with @mikemcglone11:  https://t.co/Sg3a5Xwpfj,1,neutral,1,neutral,neutral,1,0,FinGPT-Bloom-7B1-LoRA,tfns,-8.422233581542969,0.8309884071350098,-10.422233581542969,0.11246205121278763,-11.109733581542969,0.056549470871686935
1133,"Has Disney's ""Star Wars"" Acquisition Been a Failure?",1,neutral,0,negative,negative,0,0,FinGPT-Bloom-7B1-LoRA,tfns,-8.707054138183594,0.9493048191070557,-12.269554138183594,0.02692970633506775,-12.394554138183594,0.023765383288264275
1134,"Have a great weekened everyone !!! Dont forget : It’s good to have money and the things that money can buy, but it’… https://t.co/echs3JqWSX",1,neutral,1,neutral,neutral,1,0,FinGPT-Bloom-7B1-LoRA,tfns,-10.798019409179688,0.25070589780807495,-10.110519409179688,0.4985882043838501,-10.798019409179688,0.25070589780807495
1135,Health insurance industry eyes federal aid amid coronavirus pandemic https://t.co/xyXJtq7gwE by @AnjKhem and… https://t.co/kaopnmSfQW,1,neutral,1,neutral,neutral,1,0,FinGPT-Bloom-7B1-LoRA,tfns,-11.02818489074707,0.2670607566833496,-10.15318489074707,0.6406455039978027,-12.09068489074707,0.09229373931884766
1136,"Heavy coffee drinkers live longer, study says. ☕: https://t.co/90JAiq6Dpo https://t.co/dZAiT3pjsb",1,neutral,1,neutral,neutral,1,0,FinGPT-Bloom-7B1-LoRA,tfns,-9.424755096435547,0.46689873933792114,-10.049755096435547,0.24991288781166077,-9.924755096435547,0.2831884026527405
1137,"Hedge Fund CIO: ""We Are Playing The Game Called Institutional Investor"" https://t.co/oiQjnbJBj7",1,neutral,1,neutral,neutral,1,0,FinGPT-Bloom-7B1-LoRA,tfns,-11.183902740478516,0.18978415429592133,-9.933902740478516,0.6624118089675903,-11.433902740478516,0.14780405163764954
1138,"Helping to build new airports was a natural next step in creating a better flying experience for customers, says De… https://t.co/n67VG7MVhr",1,neutral,1,neutral,neutral,1,0,FinGPT-Bloom-7B1-LoRA,tfns,-10.705745697021484,0.18042995035648346,-10.205745697021484,0.29747867584228516,-9.643245697021484,0.5220913887023926
1139,Here is the 30th Most Popular Stocks Among 752 Hedge Funds,1,neutral,2,positive,positive,0,0,FinGPT-Bloom-7B1-LoRA,tfns,-10.37086296081543,0.16320301592350006,-10.80836296081543,0.10537178814411163,-8.87086296081543,0.7314251065254211
1140,Here’s how to get married in style https://t.co/BLvOGQSyrR,1,neutral,1,neutral,neutral,1,0,FinGPT-Bloom-7B1-LoRA,tfns,-10.896270751953125,0.13513053953647614,-9.146270751953125,0.777622640132904,-11.333770751953125,0.087246835231781
1141,"Here's why British comedian Sacha Baron Cohen calls social media ""the greatest propaganda machine in history"" https://t.co/fJ2EAQEAmF",1,neutral,1,neutral,neutral,1,0,FinGPT-Bloom-7B1-LoRA,tfns,-11.38965892791748,0.1371767520904541,-9.63965892791748,0.7893977761268616,-12.01465892791748,0.07342542707920074
1142,Here's Why You Need To Hedge Your Stock Investments - Seeking Alpha,1,neutral,2,positive,positive,0,0,FinGPT-Bloom-7B1-LoRA,tfns,-10.70948314666748,0.08385893702507019,-12.45948314666748,0.014572499319911003,-8.33448314666748,0.901568591594696
1143,"Highlight: ""An authentic digital presence is what makes you different and what you have to offer that other people… https://t.co/Ba7fCa7R5v",1,neutral,1,neutral,neutral,1,0,FinGPT-Bloom-7B1-LoRA,tfns,-11.15084171295166,0.24182955920696259,-10.15084171295166,0.657360851764679,-12.02584171295166,0.10080955177545547
1144,"Highlight: ""This year, you've had three things in your favor,"" @amundipioneer says about the high-yield bond market… https://t.co/ywPLWmNHWb",1,neutral,1,neutral,neutral,1,0,FinGPT-Bloom-7B1-LoRA,tfns,-10.838235855102539,0.19222226738929749,-9.900735855102539,0.490856796503067,-10.338235855102539,0.3169209659099579
1145,Highlight: @bankrategreg on why Americans are behind on their retirement savings: https://t.co/bKazTWGZvB,1,neutral,1,neutral,neutral,1,0,FinGPT-Bloom-7B1-LoRA,tfns,-11.611845016479492,0.07438044250011444,-9.174345016479492,0.8512390851974487,-11.611845016479492,0.07438044250011444
1146,Highlight: @jessicaasmith8 on new legislation related to insider trading: “Right now there is no specific insider t… https://t.co/DKxVVEWgIK,1,neutral,1,neutral,neutral,1,0,FinGPT-Bloom-7B1-LoRA,tfns,-11.21462345123291,0.2091303914785385,-10.02712345123291,0.6857122182846069,-11.90212345123291,0.10515737533569336
1147,Highlight: @julialaroche breaks down Jamie Dimon's letter to $JPM shareholders: https://t.co/x527rcLWml,1,neutral,1,neutral,neutral,1,0,FinGPT-Bloom-7B1-LoRA,tfns,-9.421350479125977,0.39554688334465027,-9.858850479125977,0.25538426637649536,-9.546350479125977,0.34906890988349915
1148,"Highlight: “I think it does give him more leverage in the trade war,” @rickjnewman says about the jobs report being… https://t.co/N46Fd7Y4Eq",1,neutral,1,neutral,neutral,1,0,FinGPT-Bloom-7B1-LoRA,tfns,-10.241866111755371,0.372122198343277,-10.241866111755371,0.372122198343277,-10.616866111755371,0.25575560331344604
1149,Highlight: “Kin is actually designed to deliver a feeling at the bar. It’s the first non-alcoholic beverage that’s… https://t.co/h5zMXyU2sg,1,neutral,1,neutral,neutral,1,0,FinGPT-Bloom-7B1-LoRA,tfns,-10.744105339050293,0.2740686237812042,-10.244105339050293,0.45186275243759155,-10.744105339050293,0.2740686237812042
1150,"Highlight: “The average investor is already trading probably for free right now,” @spyjared says about the Schwab-T… https://t.co/cVauFbGE1W",1,neutral,1,neutral,neutral,1,0,FinGPT-Bloom-7B1-LoRA,tfns,-9.772316932678223,0.51113361120224,-10.147316932678223,0.35129666328430176,-11.084816932678223,0.13756974041461945
1151,Highlight: “We have very lean standard operating procedures that can be replicated— and that's the core of any fran… https://t.co/Q2QNWaGV9y,1,neutral,1,neutral,neutral,1,0,FinGPT-Bloom-7B1-LoRA,tfns,-10.70596694946289,0.3233662545681,-10.20596694946289,0.5331408381462097,-11.51846694946289,0.1434929072856903
1152,"Highlight: “When growth is scarce, investors seem very willing to pay up for growth stock"" @PNCBank's… https://t.co/rO4fBOkBG9",1,neutral,1,neutral,neutral,1,0,FinGPT-Bloom-7B1-LoRA,tfns,-11.182079315185547,0.11203718930482864,-9.869579315185547,0.41626861691474915,-9.744579315185547,0.4716941714286804
1153,Highlight: “When you don’t have organic growth because of overall economic activity on a global basis kind of being… https://t.co/E9BPwBKx5E,1,neutral,1,neutral,neutral,1,0,FinGPT-Bloom-7B1-LoRA,tfns,-10.56705093383789,0.3182401955127716,-10.19205093383789,0.46303674578666687,-10.94205093383789,0.21872307360172272
1154,"Highlight: '10 years ago... it was the big reveal at the Super Bowl to see the ads for the first time,â€... https://t.co/MPiTNca3kw",1,neutral,1,neutral,neutral,1,0,FinGPT-Bloom-7B1-LoRA,tfns,-10.445195198059082,0.3191677927970886,-10.445195198059082,0.3191677927970886,-10.320195198059082,0.36166447401046753
1155,Highlight: Fed Chair Jerome Powell shares a few words about Paul Volcker: “He accomplished many things during his l… https://t.co/9GRYrEObjt,1,neutral,1,neutral,neutral,1,0,FinGPT-Bloom-7B1-LoRA,tfns,-10.90522575378418,0.22236640751361847,-9.90522575378418,0.604454517364502,-11.15522575378418,0.17317911982536316
1156,"Highlight: Miller Tabak + Co. Chief Market Strategist Matt Maley: ""You can never pick the exact low in the market.… https://t.co/hnQkPa1P6u",1,neutral,1,neutral,neutral,1,0,FinGPT-Bloom-7B1-LoRA,tfns,-9.393317222595215,0.6891846656799316,-10.455817222595215,0.23817585408687592,-11.643317222595215,0.07263952493667603
1157,Highlight: Pictet Asset Management Chief Strategist @luca_paolini on the UK elections: “If the Labour Party does we… https://t.co/BsIJZU3JEb,1,neutral,1,neutral,neutral,1,0,FinGPT-Bloom-7B1-LoRA,tfns,-10.184444427490234,0.34160494804382324,-9.809444427490234,0.4970322549343109,-10.934444427490234,0.16136273741722107
1158,Highlight: 'What we see as the number one problem right now in implementing some of these AI solutions” in detecti... https://t.co/bn1qMWihcp,1,neutral,1,neutral,neutral,1,0,FinGPT-Bloom-7B1-LoRA,tfns,-10.450032234191895,0.32663494348526,-10.075032234191895,0.4752510190010071,-10.950032234191895,0.19811409711837769
1159,Hong Kong Protesters Clash With Police as Lam Visits Beijing,1,neutral,2,positive,positive,0,0,FinGPT-Bloom-7B1-LoRA,tfns,-11.221839904785156,0.07019027322530746,-11.159339904785156,0.07471715658903122,-8.721839904785156,0.8550925850868225
1160,"Hong Kong Protesters Get A Win, Setting Stage For Foggy China Relations",1,neutral,2,positive,positive,0,0,FinGPT-Bloom-7B1-LoRA,tfns,-10.167275428771973,0.1695527583360672,-12.229775428771973,0.02155621349811554,-8.604775428771973,0.8088909983634949
1161,Hong Kong’s anti-government demonstrations have exposed deep schisms within the territory’s Catholic church. ‘We ar… https://t.co/YOiFws0mPz,1,neutral,1,neutral,neutral,1,0,FinGPT-Bloom-7B1-LoRA,tfns,-10.454399108886719,0.4716941714286804,-10.579399108886719,0.41626861691474915,-11.891899108886719,0.11203718930482864
1162,"How a 29-year-old YouTube millionaire making up to $220,000 a month spends his money. (via @CNBCMakeIt)… https://t.co/G2bYoMnim9",1,neutral,1,neutral,neutral,1,0,FinGPT-Bloom-7B1-LoRA,tfns,-10.784283638000488,0.2966410517692566,-10.159283638000488,0.5541984438896179,-11.471783638000488,0.1491604894399643
1163,"How likely is it that the U.S. will enter a recession? Our updating tracker will tell you. 

Sign up to get the lat… https://t.co/5w0lwFHRCF",1,neutral,2,positive,positive,0,0,FinGPT-Bloom-7B1-LoRA,tfns,-10.93063735961914,0.09413473308086395,-12.93063735961914,0.012739750556647778,-8.68063735961914,0.8931254744529724
1164,"How much you can expect to get from Social Security if you make $45,000 a year #investinyou (In partnership with… https://t.co/TKqvDtWH0t",1,neutral,1,neutral,neutral,1,0,FinGPT-Bloom-7B1-LoRA,tfns,-10.298186302185059,0.2639360725879669,-9.485686302185059,0.5947890877723694,-10.923186302185059,0.14127479493618011
1165,How the world’s biggest companies got millions of people to let temps analyze some very sensitive recordings https://t.co/PlHP1ub2i9,1,neutral,1,neutral,neutral,1,0,FinGPT-Bloom-7B1-LoRA,tfns,-11.69749641418457,0.10368700325489044,-9.63499641418457,0.8155615329742432,-11.94749641418457,0.08075152337551117
1166,"HP Doesn’t Need Xerox, Which May Have Been the Point",1,neutral,0,negative,negative,0,0,FinGPT-Bloom-7B1-LoRA,tfns,-9.41252326965332,0.3542964458465576,-11.16252326965332,0.061567485332489014,-8.91252326965332,0.5841360688209534
1167,'I can't afford that': Woman in student loan limbo since 1997 decries a muddy system,1,neutral,2,positive,positive,0,0,FinGPT-Bloom-7B1-LoRA,tfns,-12.217862129211426,0.04350196197628975,-12.717862129211426,0.026385271921753883,-9.155362129211426,0.930112898349762
1168,"I got $10,000 more when I negotiated my salary—here's the exact script I used. (via @CNBCMakeIt) https://t.co/M2jCPARYdx",1,neutral,1,neutral,neutral,1,0,FinGPT-Bloom-7B1-LoRA,tfns,-11.062821388244629,0.13727496564388275,-9.437821388244629,0.6971397995948792,-10.875321388244629,0.1655852198600769
1169,I have some advice for anyone who dares to write about the latest Social Security cost-of-living adjustment: Don’t. https://t.co/MFOCzn0Whx,1,neutral,1,neutral,neutral,1,0,FinGPT-Bloom-7B1-LoRA,tfns,-11.767102241516113,0.08704935014247894,-9.517102241516113,0.8259012699127197,-11.767102241516113,0.08704935014247894
1170,I quit caring when a fancy chocolatier near us tried to convince me to try chocolate with horseradish. Seriously. T… https://t.co/csZFMNlhSD,1,neutral,1,neutral,neutral,1,0,FinGPT-Bloom-7B1-LoRA,tfns,-11.087237358093262,0.25070589780807495,-10.399737358093262,0.4985882043838501,-11.087237358093262,0.25070589780807495
1171,I Sabotaged My Boss With Ransomware From the Dark Web,1,neutral,0,negative,negative,0,0,FinGPT-Bloom-7B1-LoRA,tfns,-8.908098220825195,0.6697381138801575,-12.783098220825195,0.013899970799684525,-9.658098220825195,0.3163619041442871
1172,I think Billions jumped the shark a season ago.,1,neutral,2,positive,positive,0,0,FinGPT-Bloom-7B1-LoRA,tfns,-12.262764930725098,0.022896690294146538,-14.137764930725098,0.0035113210324198008,-8.512764930725098,0.9735919833183289
1173,ICYMI: The famous Rockefeller Center Christmas tree in New York lights up to welcome the holiday season 🎄 https://t.co/Wo7kQwFbns,1,neutral,1,neutral,neutral,1,0,FinGPT-Bloom-7B1-LoRA,tfns,-10.357331275939941,0.32649585604667664,-10.107331275939941,0.4192289710044861,-10.607331275939941,0.25427523255348206
1174,"If we ever get back to the moon, we could be living in inflatable habitats. https://t.co/7fMoB4YuYt https://t.co/qPC69ZcD7a",1,neutral,0,negative,negative,0,0,FinGPT-Bloom-7B1-LoRA,tfns,-8.68575668334961,0.7960131764411926,-10.62325668334961,0.1146765723824501,-10.87325668334961,0.08931019902229309
1175,If you are throwing deep you definitely want to be targeting Blake Jarwin lol,1,neutral,1,neutral,neutral,1,0,FinGPT-Bloom-7B1-LoRA,tfns,-11.769775390625,0.08551418781280518,-9.519775390625,0.8113360404968262,-11.582275390625,0.10314979404211044
1176,If you make your dream a priority long enough... it comes true. https://t.co/mk5TSWxly6,1,neutral,1,neutral,neutral,1,0,FinGPT-Bloom-7B1-LoRA,tfns,-10.382814407348633,0.25538426637649536,-9.945314407348633,0.39554688334465027,-10.070314407348633,0.34906890988349915
1177,"In 1994, #Rwanda faced the Tutsi genocide claiming the lives  of 1m+ people. In the aftermath, several @WBG_IDA pro… https://t.co/PkgnSSSe7D",1,neutral,0,negative,negative,0,0,FinGPT-Bloom-7B1-LoRA,tfns,-8.217657089233398,0.9472723007202148,-11.655157089233398,0.030450019985437393,-11.967657089233398,0.0222777109593153
1178,In case you need another reason to delete your Facebook: https://t.co/SGVxYSwjo0,1,neutral,1,neutral,neutral,1,0,FinGPT-Bloom-7B1-LoRA,tfns,-11.268793106079102,0.11017649620771408,-9.268793106079102,0.8141003251075745,-11.643793106079102,0.07572312653064728
1179,Industry Experts at Infiniti Research Weigh the Pros and Cons of Medical Device Outsourcing in Their Latest Article,1,neutral,1,neutral,neutral,1,0,FinGPT-Bloom-7B1-LoRA,tfns,-10.45323371887207,0.2786959409713745,-10.07823371887207,0.4055001735687256,-10.32823371887207,0.3158038556575775
1180,Infrastructure Funds: Definition and Examples,1,neutral,1,neutral,neutral,1,0,FinGPT-Bloom-7B1-LoRA,tfns,-12.574475288391113,0.033219948410987854,-9.261975288391113,0.912009596824646,-12.074475288391113,0.05477043613791466
1181,Inovalon’s stock renaissance returns CEO to the billionaire club https://t.co/0ebuLqVjDs,1,neutral,1,neutral,neutral,1,0,FinGPT-Bloom-7B1-LoRA,tfns,-11.276726722717285,0.12117636948823929,-9.401726722717285,0.7901691794395447,-11.589226722717285,0.0886545181274414
1182,Internet Initiative Japan reports 9M results,1,neutral,1,neutral,neutral,1,0,FinGPT-Bloom-7B1-LoRA,tfns,-11.762816429138184,0.06351631134748459,-9.137816429138184,0.8768156170845032,-11.825316429138184,0.05966804921627045
1183,Investors shrugged off a WSJ report that said the US and China are working on a deal to delay the next round of Ame… https://t.co/D4CJFfE98t,1,neutral,0,negative,negative,0,0,FinGPT-Bloom-7B1-LoRA,tfns,-8.476851463317871,0.8998228907585144,-11.039351463317871,0.06938689202070236,-11.851851463317871,0.030790245160460472
1184,"Iran to Seek Advanced Arms as UN Embargo Expires, Pentagon Says",1,neutral,1,neutral,neutral,1,0,FinGPT-Bloom-7B1-LoRA,tfns,-12.19821834564209,0.04831467568874359,-9.26071834564209,0.9116309881210327,-12.38571834564209,0.04005427286028862
1185,Is Inflation Really Under Control? https://t.co/B86ntFUj2h,1,neutral,0,negative,negative,0,0,FinGPT-Bloom-7B1-LoRA,tfns,-8.814401626586914,0.9268566370010376,-12.251901626586914,0.029793759807944298,-11.876901626586914,0.04334966465830803
1186,Is it really possible that only 14% of families own stocks outright? @JimCramer has a few reasons:  https://t.co/pxA4SfyBtM,1,neutral,1,neutral,neutral,1,0,FinGPT-Bloom-7B1-LoRA,tfns,-10.244088172912598,0.2777884900569916,-9.619088172912598,0.518977165222168,-10.556588172912598,0.20323437452316284
1187,Is Pelosi Rushing Impeachment Because Dems Know They Have Failed?  https://t.co/49HRcpAw7T,1,neutral,0,negative,negative,0,0,FinGPT-Bloom-7B1-LoRA,tfns,-8.960664749145508,0.8580347895622253,-11.210664749145508,0.09043619781732559,-11.773164749145508,0.051528993993997574
1188,Is Tesla Shoving It In Trump's Face By Producing Cars In China To Skirt Tariffs? https://t.co/9KXPAYNuhr,1,neutral,1,neutral,neutral,1,0,FinGPT-Bloom-7B1-LoRA,tfns,-9.743030548095703,0.5142093896865845,-10.493030548095703,0.24289532005786896,-10.493030548095703,0.24289532005786896
1189,Is this the end of the road for Uber in London? https://t.co/D8QDe2OkRd,1,neutral,1,neutral,neutral,1,0,FinGPT-Bloom-7B1-LoRA,tfns,-11.577835083007812,0.10419677942991257,-9.515335083007812,0.8195711970329285,-11.890335083007812,0.07623199373483658
1190,It doesn't pay to be a stock picker anymore. https://t.co/amkOz3dTxj https://t.co/6e50u9TPuU,1,neutral,1,neutral,neutral,1,0,FinGPT-Bloom-7B1-LoRA,tfns,-11.45967960357666,0.14010381698608398,-9.77217960357666,0.7573940753936768,-11.77217960357666,0.10250213742256165
1191,"It's cold outside, but White Claw summer lives on https://t.co/4JdNqODTOj",1,neutral,1,neutral,neutral,1,0,FinGPT-Bloom-7B1-LoRA,tfns,-10.948981285095215,0.2447284758090973,-9.948981285095215,0.6652408838272095,-11.948981285095215,0.09003056585788727
1192,"Japan Post Probe Finds 9,000 Cases of Missold Insurance: Yomiuri",1,neutral,1,neutral,neutral,1,0,FinGPT-Bloom-7B1-LoRA,tfns,-10.465978622436523,0.15454743802547455,-9.153478622436523,0.5742133855819702,-9.903478622436523,0.27123919129371643
1193,Jason Garrett’s job security in picture form https://t.co/CBpCNx3Frg,1,neutral,0,negative,negative,0,0,FinGPT-Bloom-7B1-LoRA,tfns,-8.730306625366211,0.7217516303062439,-11.042806625366211,0.07146308571100235,-9.980306625366211,0.20678530633449554
1194,"John B. Sanfilippo & Son, Inc. Mourns the Passing of Former Chairman and CEO, Jasper B. Sanfilippo, Sr.",1,neutral,1,neutral,neutral,1,0,FinGPT-Bloom-7B1-LoRA,tfns,-13.756147384643555,0.01541864313185215,-9.631147384643555,0.9539176821708679,-13.068647384643555,0.030663635581731796
1195,"Joseph Stiglitz, a Nobel-Prize winning economist, says cryptocurrencies should be shut down. Here's why.… https://t.co/qpEnoXPS96",1,neutral,1,neutral,neutral,1,0,FinGPT-Bloom-7B1-LoRA,tfns,-8.56152629852295,0.8241239786148071,-10.43652629852295,0.12638351321220398,-11.37402629852295,0.0494924932718277
1196,"Just received a full briefing on the tragic shooting at NAS Pensacola in Florida, and spoke to @GovRonDeSantis. My… https://t.co/Em3f4rgehW",1,neutral,1,neutral,neutral,1,0,FinGPT-Bloom-7B1-LoRA,tfns,-9.265907287597656,0.5126545429229736,-10.453407287597656,0.15635079145431519,-9.703407287597656,0.3309946656227112
1197,Justin Bieber wants to sell his $8.5 million Beverly Hills home on Instagram. Here's a look inside. (via… https://t.co/kwqjstwso6,1,neutral,1,neutral,neutral,1,0,FinGPT-Bloom-7B1-LoRA,tfns,-10.94197940826416,0.3262022137641907,-10.44197940826416,0.5378165245056152,-11.81697940826416,0.13598130643367767
1198,Justin Fox on Christmas's New York Roots (Podcast),1,neutral,1,neutral,neutral,1,0,FinGPT-Bloom-7B1-LoRA,tfns,-11.9024658203125,0.04625556617975235,-9.0274658203125,0.8198994994163513,-10.8399658203125,0.13384491205215454
1199,Key Events In The Holiday Shortened Week https://t.co/n7Q9OeE5yu,1,neutral,2,positive,positive,0,0,FinGPT-Bloom-7B1-LoRA,tfns,-9.723478317260742,0.2419424206018448,-12.660978317260742,0.012822478078305721,-8.598478317260742,0.7452351450920105
1200,"Known as the ""most beautiful café in the world,"" the New York Café is nothing short of spectacular. (PS -- it's not… https://t.co/laxpn15BP7",1,neutral,1,neutral,neutral,1,0,FinGPT-Bloom-7B1-LoRA,tfns,-9.670467376708984,0.5448543429374695,-10.482967376708984,0.24177764356136322,-10.607967376708984,0.2133680284023285
1201,Last day to sign up for a discount to our community. Will be limiting alerts and charts here. Price already settled… https://t.co/qFjitpKlKo,1,neutral,0,negative,negative,0,0,FinGPT-Bloom-7B1-LoRA,tfns,-8.400138854980469,0.8247780203819275,-10.775138854980469,0.07671630382537842,-10.525138854980469,0.09850569069385529
1202,Launch of new generic drugs in U.S. still lags - WSJ,1,neutral,0,negative,negative,0,0,FinGPT-Bloom-7B1-LoRA,tfns,-8.38208293914795,0.9884670972824097,-13.69458293914795,0.004872734658420086,-13.38208293914795,0.006660238839685917
1203,Leaks offer glimpse inside China’s detention camps https://t.co/hqKYf75c5V,1,neutral,1,neutral,neutral,1,0,FinGPT-Bloom-7B1-LoRA,tfns,-10.059439659118652,0.36476433277130127,-9.684439659118652,0.5307289361953735,-11.309439659118652,0.1045067235827446
1204,Let’s Talk Donald Trump and Coronavirus,1,neutral,1,neutral,neutral,1,0,FinGPT-Bloom-7B1-LoRA,tfns,-11.522292137145996,0.18978415429592133,-10.272292137145996,0.6624118089675903,-11.772292137145996,0.14780405163764954
1205,"LISTEN NOW: Trade news is in focus today, as progress is made on the USMCA and China tariffs reportedly could be de… https://t.co/FWS9MkuY65",1,neutral,1,neutral,neutral,1,0,FinGPT-Bloom-7B1-LoRA,tfns,-9.676000595092773,0.5695827603340149,-10.363500595092773,0.28640419244766235,-11.051000595092773,0.14401307702064514
1206,Looking for a play on $CVX?  https://t.co/yGYLAiHwO3,1,neutral,2,positive,positive,0,0,FinGPT-Bloom-7B1-LoRA,tfns,-11.669276237487793,0.05277447775006294,-13.169276237487793,0.011775577440857887,-8.794276237487793,0.9354499578475952
1207,Major League Baseball Is Ushering in a New Era of Sports Streaming,1,neutral,1,neutral,neutral,1,0,FinGPT-Bloom-7B1-LoRA,tfns,-11.469999313354492,0.06058553233742714,-9.157499313354492,0.6118921637535095,-9.782499313354492,0.32752230763435364
1208,"Make the Most of Your Retirement with These Top-Ranked Mutual Funds - February 06, 2020",1,neutral,1,neutral,neutral,1,0,FinGPT-Bloom-7B1-LoRA,tfns,-12.14005184173584,0.13653022050857544,-10.39005184173584,0.7856771945953369,-12.70255184173584,0.07779257744550705
1209,Man vs. Microbe: We’re Not Ready for the Next Global Virus Outbreak,1,neutral,1,neutral,neutral,1,0,FinGPT-Bloom-7B1-LoRA,tfns,-10.226239204406738,0.37475502490997314,-10.101239204406738,0.4246530830860138,-10.851239204406738,0.20059192180633545
1210,Mandiri Warns of Risk to Loan Growth From Virus Outbreak,1,neutral,0,negative,negative,0,0,FinGPT-Bloom-7B1-LoRA,tfns,-8.549717903137207,0.7187020182609558,-12.299717903137207,0.016902251169085503,-9.549717903137207,0.26439571380615234
1211,Market Movers: What changed for D-Street while you were sleeping - Economic Times,1,neutral,1,neutral,neutral,1,0,FinGPT-Bloom-7B1-LoRA,tfns,-11.644806861877441,0.06912512332201004,-9.144806861877441,0.8421164155006409,-11.394806861877441,0.08875841647386551
1212,Marvel Comics 1 torches record with $1.26M sale at auction https://t.co/ZCIXTnGfPG via @FoxBusiness https://t.co/09Sj0PfU9H,1,neutral,0,negative,negative,0,0,FinGPT-Bloom-7B1-LoRA,tfns,-8.634370803833008,0.5848338603973389,-10.071870803833008,0.1389102190732956,-9.384370803833008,0.2762559652328491
1213,"Meet Bread and Butter, two turkeys slated to receive a presidential pardon this week https://t.co/gVMwhszyuH",1,neutral,0,negative,negative,0,0,FinGPT-Bloom-7B1-LoRA,tfns,-9.004591941833496,0.743022620677948,-11.379591941833496,0.06911186873912811,-10.379591941833496,0.18786554038524628
1214,Mexico’s former top police official has been arrested in the U.S. for allegedly taking millions in bribes to help t… https://t.co/gumELPl8zp,1,neutral,1,neutral,neutral,1,0,FinGPT-Bloom-7B1-LoRA,tfns,-10.533041000366211,0.3406892418861389,-10.033041000366211,0.5617015957832336,-11.783041000366211,0.09760909527540207
1215,"MILLION DOLLAR MARVEL: The 1939 comic book that laid the groundwork for the Avengers, Spider-Man, and the X-Men has… https://t.co/DfpVefYXH0",1,neutral,1,neutral,neutral,1,0,FinGPT-Bloom-7B1-LoRA,tfns,-11.028578758239746,0.2583150267601013,-10.153578758239746,0.6196655631065369,-11.778578758239746,0.12201938033103943
1216,Ministers risk NHS pension tax breach in bid to avert pre-poll crisis https://t.co/hw8VhL3IgU,1,neutral,0,negative,negative,0,0,FinGPT-Bloom-7B1-LoRA,tfns,-8.617192268371582,0.7676796913146973,-11.617192268371582,0.038220521062612534,-9.992192268371582,0.19409982860088348
1217,Monday's big rally is premature: financial advisor #economy #MarketScreener https://t.co/Ld6fdzqgQd https://t.co/nqWvTA19gR,1,neutral,1,neutral,neutral,1,0,FinGPT-Bloom-7B1-LoRA,tfns,-11.174814224243164,0.12612822651863098,-9.737314224243164,0.5310196876525879,-10.174814224243164,0.34285208582878113
1218,"More than 140,000 people died from measles last year, according to new estimates from the World Health Organization… https://t.co/hdvfswYuFA",1,neutral,0,negative,negative,0,0,FinGPT-Bloom-7B1-LoRA,tfns,-8.76239013671875,0.6242807507514954,-10.44989013671875,0.11548033356666565,-9.63739013671875,0.2602389454841614
1219,Mother of Jailed Israeli Appeals to Putin as Netanyahu Stumbles,1,neutral,1,neutral,neutral,1,0,FinGPT-Bloom-7B1-LoRA,tfns,-9.833443641662598,0.5434061288833618,-10.458443641662598,0.29086434841156006,-11.020943641662598,0.16572949290275574
1220,Mountain America’s Free Adoption Event Saves Over 160 Pets at the Humane Society of Utah  https://t.co/SAkC0zncke,1,neutral,1,neutral,neutral,1,0,FinGPT-Bloom-7B1-LoRA,tfns,-11.955317497253418,0.12932807207107544,-10.142817497253418,0.792230486869812,-12.455317497253418,0.07844144105911255
1221,"MURKOWSKI WILL VOTE ``NO'' ON WITNESSES, WASH. POST SAYS",1,neutral,1,neutral,neutral,1,0,FinGPT-Bloom-7B1-LoRA,tfns,-12.017376899719238,0.06912512332201004,-9.517376899719238,0.8421164155006409,-11.767376899719238,0.08875841647386551
1222,"My wife is 61 and earns $50,000. I’m 65 and earn $400,000 and will work until 71. Should my wife take her Social Se… https://t.co/XBkIQCDPzD",1,neutral,1,neutral,neutral,1,0,FinGPT-Bloom-7B1-LoRA,tfns,-11.15169906616211,0.2369043380022049,-10.15169906616211,0.6439726948738098,-11.83919906616211,0.11912297457456589
1223,Myanmar Asks Tour Firms to Suspend Services for Chinese Visitors,1,neutral,2,positive,positive,0,0,FinGPT-Bloom-7B1-LoRA,tfns,-10.838909149169922,0.11396707594394684,-10.338909149169922,0.18789994716644287,-9.026409149169922,0.6981329917907715
1224,National Cattlemen Beef Association of United St : Kansas Corn Encouraged by Bipartisan Ef... #economy… https://t.co/YFY2qzqpWw,1,neutral,1,neutral,neutral,1,0,FinGPT-Bloom-7B1-LoRA,tfns,-10.93443489074707,0.2369043380022049,-9.93443489074707,0.6439726948738098,-11.62193489074707,0.11912297457456589
1225,"NBA should trim schedule to 68 games, says Washington University sports business director https://t.co/GGXMbWQjbV",1,neutral,0,negative,negative,0,0,FinGPT-Bloom-7B1-LoRA,tfns,-9.312803268432617,0.6652408838272095,-10.312803268432617,0.2447284758090973,-11.312803268432617,0.09003056585788727
1226,NBC’s Today Co-anchors Savannah Guthrie and Hoda Kotb to Be Honored at 2020 Outstanding Mother Awards,1,neutral,2,positive,positive,0,0,FinGPT-Bloom-7B1-LoRA,tfns,-12.685945510864258,0.03210381045937538,-10.685945510864258,0.23721684515476227,-9.560945510864258,0.7306793332099915
1227,Nevada casinos record big Super Bowl win,1,neutral,0,negative,negative,0,0,FinGPT-Bloom-7B1-LoRA,tfns,-9.147055625915527,0.7235137224197388,-13.397055625915527,0.010320369154214859,-10.147055625915527,0.2661658525466919
1228,Never lose sight of the big picture. @JimCramer breaks down how he's approaching a market obsessed with the headlin… https://t.co/L49D4iPLH2,1,neutral,0,negative,negative,0,0,FinGPT-Bloom-7B1-LoRA,tfns,-8.442748069763184,0.9693254232406616,-12.192748069763184,0.022796349599957466,-13.255248069763184,0.007878207601606846
1229,New Cortec PE fund biggest winner from latest Texas CDRS pension commitments,1,neutral,1,neutral,neutral,1,0,FinGPT-Bloom-7B1-LoRA,tfns,-11.604629516601562,0.0632631704211235,-9.667129516601562,0.4391334652900696,-9.542129516601562,0.4976033866405487
1230,New Dungeons & Dragons game announced,1,neutral,1,neutral,neutral,1,0,FinGPT-Bloom-7B1-LoRA,tfns,-12.081145286560059,0.03706059604883194,-8.893645286560059,0.8978960514068604,-11.518645286560059,0.0650433748960495
1231,New England Patriots acknowledge team video crew filmed opposing team’s sideline during game https://t.co/Hrrt5qmCsT,1,neutral,1,neutral,neutral,1,0,FinGPT-Bloom-7B1-LoRA,tfns,-11.332740783691406,0.1305311918258667,-9.520240783691406,0.7996004819869995,-11.957740783691406,0.0698683112859726
1232,New for subscribers:  This mutual fund returned over 400% last decade. Here are the stocks it's betting on now... https://t.co/8H17ZdXvNJ,1,neutral,1,neutral,neutral,1,0,FinGPT-Bloom-7B1-LoRA,tfns,-10.215171813964844,0.39278164505958557,-10.715171813964844,0.23823411762714386,-10.277671813964844,0.3689842224121094
1233,New markets for the C-390 Millennium,1,neutral,1,neutral,neutral,1,0,FinGPT-Bloom-7B1-LoRA,tfns,-11.968438148498535,0.045484282076358795,-9.030938148498535,0.8582254648208618,-11.218438148498535,0.096290223300457
1234,New Special Effects Lighting at Aviva Stadium Takes Entertainment Experience to the Next Level,1,neutral,1,neutral,neutral,1,0,FinGPT-Bloom-7B1-LoRA,tfns,-10.048819541931152,0.3035481870174408,-10.486319541931152,0.19598543643951416,-9.548819541931152,0.5004663467407227
1235,New York Governor Cuomo notes hospitalizations down sharply @Street_Insider $SPY,1,neutral,0,negative,negative,0,0,FinGPT-Bloom-7B1-LoRA,tfns,-8.50362777709961,0.9930503368377686,-13.69112777709961,0.005547134205698967,-15.06612777709961,0.0014025351265445352
1236,"New York Knicks fire head coach David Fizdale, report says https://t.co/SjxbaVIfmR",1,neutral,1,neutral,neutral,1,0,FinGPT-Bloom-7B1-LoRA,tfns,-11.517837524414062,0.12463154643774033,-9.642837524414062,0.8126997351646423,-12.205337524414062,0.06266867369413376
1237,Nintendo Download: Wage War in the World of The Witcher,1,neutral,1,neutral,neutral,1,0,FinGPT-Bloom-7B1-LoRA,tfns,-12.207253456115723,0.07965186983346939,-9.894753456115723,0.8044553995132446,-11.832253456115723,0.11589279025793076
1238,"No Insurance Policy? Lisa Page Sues FBI, DOJ For ""Unlawful"" Disclosure Of Strozk Texts https://t.co/0nqyroM0jD",1,neutral,1,neutral,neutral,1,0,FinGPT-Bloom-7B1-LoRA,tfns,-11.276779174804688,0.18522551655769348,-9.901779174804688,0.7325811386108398,-12.089279174804688,0.08219332247972488
1239,Not every advance in electric-vehicle technology takes place inside the sterile calm of a research laboratory https://t.co/FgNwoVF270,1,neutral,1,neutral,neutral,1,0,FinGPT-Bloom-7B1-LoRA,tfns,-11.35667610168457,0.18789994716644287,-10.04417610168457,0.6981329917907715,-11.85667610168457,0.11396707594394684
1240,Oliver has had this figured out for months.,1,neutral,1,neutral,neutral,1,0,FinGPT-Bloom-7B1-LoRA,tfns,-12.226207733154297,0.05654947832226753,-9.538707733154297,0.8309885263442993,-11.538707733154297,0.11246206611394882
1241,"On this day in 1994 Orange County, California filed for bankruptcy protection after interest rate swaps imploded in… https://t.co/NatWmeuiIg",1,neutral,0,negative,negative,0,0,FinGPT-Bloom-7B1-LoRA,tfns,-8.066780090332031,0.9282804727554321,-10.879280090332031,0.05574757605791092,-12.129280090332031,0.015971947461366653
1242,One California teacher says he has learned the hard way how the deck can be stacked against teachers’ retirement sa… https://t.co/DTpFqNo2FO,1,neutral,1,neutral,neutral,1,0,FinGPT-Bloom-7B1-LoRA,tfns,-10.649765014648438,0.2670607566833496,-9.774765014648438,0.6406455039978027,-11.712265014648438,0.09229373931884766
1243,One Conscious Objector. Follow this and any other stock on Seeking Alpha! https://t.co/HUiIlURifS #business #finance #investing,1,neutral,1,neutral,neutral,1,0,FinGPT-Bloom-7B1-LoRA,tfns,-11.405620574951172,0.1621014028787613,-9.905620574951172,0.7264880537986755,-11.780620574951172,0.11141055822372437
1244,"One in four mammals are traded internationally – alive and dead, whole and in pieces – by legal operations, crimina… https://t.co/g2yzN2gsD9",1,neutral,1,neutral,neutral,1,0,FinGPT-Bloom-7B1-LoRA,tfns,-9.92705249786377,0.4191135764122009,-9.80205249786377,0.4749179184436798,-11.30205249786377,0.10596851259469986
1245,One of the largest coal-fired power plants in the Western US has just closed for good,1,neutral,2,positive,positive,0,0,FinGPT-Bloom-7B1-LoRA,tfns,-12.73047161102295,0.020293984562158585,-10.98047161102295,0.11678381264209747,-8.98047161102295,0.862922191619873
1246,One of the world's rarest butterflies is thriving in an unlikely place: a military artillery range https://t.co/D262xE8iFP,1,neutral,1,neutral,neutral,1,0,FinGPT-Bloom-7B1-LoRA,tfns,-10.828845977783203,0.1543426215648651,-9.953845977783203,0.3702487051486969,-9.703845977783203,0.47540873289108276
1247,Only 35 Shopping Days Until Christmas,1,neutral,1,neutral,neutral,1,0,FinGPT-Bloom-7B1-LoRA,tfns,-11.515532493591309,0.06274422258138657,-8.890532493591309,0.8661572337150574,-11.390532493591309,0.07109851390123367
1248,OPEC Considers Oil Output Cut; Tesla Shuts Stores: Virus Update,1,neutral,0,negative,negative,0,0,FinGPT-Bloom-7B1-LoRA,tfns,-8.50381851196289,0.9927505254745483,-13.75381851196289,0.005209476687014103,-14.69131851196289,0.0020400602370500565
1249,"Pantone's 2020 Color of the Year is Classic Blue, chosen for its calming, reassuring vibes https://t.co/Z0KQG6EDZu",1,neutral,1,neutral,neutral,1,0,FinGPT-Bloom-7B1-LoRA,tfns,-9.35129165649414,0.5959083437919617,-10.28879165649414,0.23336106538772583,-10.60129165649414,0.1707306057214737
1250,Partnering with Costco is the latest major expansion for Beyond Meat https://t.co/TEcFCWg7Ej,1,neutral,2,positive,positive,0,0,FinGPT-Bloom-7B1-LoRA,tfns,-11.646876335144043,0.03195516765117645,-9.459376335144043,0.2848132848739624,-8.584376335144043,0.6832315921783447
1251,Parts with passports: how free trade drives GM's engines,1,neutral,2,positive,positive,0,0,FinGPT-Bloom-7B1-LoRA,tfns,-11.396269798278809,0.054111018776893616,-11.583769798278809,0.04485961049795151,-8.583769798278809,0.9010294079780579
1252,Passing The Torch … Or Should I Say The Flashlight App?,1,neutral,1,neutral,neutral,1,0,FinGPT-Bloom-7B1-LoRA,tfns,-11.38715934753418,0.09580937772989273,-9.26215934753418,0.8022021055221558,-11.32465934753418,0.1019885465502739
1253,Paul Krugman Is More Than One Toke Over The Line https://t.co/SPM4T5j22Y,1,neutral,1,neutral,neutral,1,0,FinGPT-Bloom-7B1-LoRA,tfns,-9.62757396697998,0.6192958950996399,-10.69007396697998,0.2140229344367981,-10.94007396697998,0.1666812300682068
1254,"Pearl Harbor vet’s interment to be last on sunken Arizona
https://t.co/kpn5NiTrWC",1,neutral,0,negative,negative,0,0,FinGPT-Bloom-7B1-LoRA,tfns,-8.71222972869873,0.6162794828414917,-11.14972972869873,0.053849902004003525,-9.33722972869873,0.32987067103385925
1255,"Philip Moulin, an expert on counterfeit wine, is charged with keeping bogus Bordeaux and Burgundies out of Berry Br… https://t.co/tstX3Y0f66",1,neutral,1,neutral,neutral,1,0,FinGPT-Bloom-7B1-LoRA,tfns,-10.344880104064941,0.4338427484035492,-10.344880104064941,0.4338427484035492,-11.532380104064941,0.1323145478963852
1256,Pilita Clark: Any employer who can offer sabbatical leave will always be a step ahead of the rest https://t.co/wtvLnRCKOX,1,neutral,1,neutral,neutral,1,0,FinGPT-Bloom-7B1-LoRA,tfns,-11.214961051940918,0.16612477600574493,-9.839961051940918,0.6570362448692322,-11.152461051940918,0.1768389195203781
1257,"Power Rankings: Chicken clash, Crocs comeback & end zone exec — top moments from the week https://t.co/2pd0UX0DBq",1,neutral,1,neutral,neutral,1,0,FinGPT-Bloom-7B1-LoRA,tfns,-10.2283935546875,0.4094594120979309,-10.2908935546875,0.3846515119075775,-10.9158935546875,0.20588912069797516
1258,Private equity firms are increasingly turning to an obscure type of loan to fund larger and larger buyouts. That'… https://t.co/DZBVZnwj0C,1,neutral,2,positive,positive,0,0,FinGPT-Bloom-7B1-LoRA,tfns,-10.396904945373535,0.21174664795398712,-10.584404945373535,0.1755441278219223,-9.334404945373535,0.6127092242240906
1259,Put Your Smaller Bonus to Better Use on Things That Will Appreciate,1,neutral,2,positive,positive,0,0,FinGPT-Bloom-7B1-LoRA,tfns,-11.270310401916504,0.0841861143708229,-11.520310401916504,0.06556421518325806,-8.957810401916504,0.8502496480941772
1260,Q4 2019 Investment Style Ratings For ETFs And Mutual Funds. Keep reading: https://t.co/ULtBNLURe7 #economy #investing #markets,1,neutral,1,neutral,neutral,1,0,FinGPT-Bloom-7B1-LoRA,tfns,-11.19149398803711,0.23652377724647522,-10.31649398803711,0.5673910975456238,-11.37899398803711,0.1960851103067398
1261,Qatar Not in Talks Yet With U.A.E. Over Healing Rift,1,neutral,1,neutral,neutral,1,0,FinGPT-Bloom-7B1-LoRA,tfns,-10.763280868530273,0.14515435695648193,-9.888280868530273,0.3482072055339813,-9.513280868530273,0.5066384673118591
1262,Read like Bill Gates: His 5 picks of 2019 https://t.co/Gyp8FvcuDD,1,neutral,1,neutral,neutral,1,0,FinGPT-Bloom-7B1-LoRA,tfns,-10.685707092285156,0.25197434425354004,-9.810707092285156,0.6044549942016602,-11.248207092285156,0.1435706615447998
1263,Real estate secondaries: Deals where ‘both parties walk away happy’,1,neutral,1,neutral,neutral,1,0,FinGPT-Bloom-7B1-LoRA,tfns,-12.822725296020508,0.03706059604883194,-9.635225296020508,0.8978960514068604,-12.260225296020508,0.0650433748960495
1264,RECAP 1/31 TRUMPSAYS: THE BEST IS YET TO COME! Live Breaking trading news https://t.co/yChRCoaR8v,1,neutral,0,negative,negative,0,0,FinGPT-Bloom-7B1-LoRA,tfns,-8.492284774780273,0.8104853630065918,-11.304784774780273,0.04867342859506607,-10.242284774780273,0.14084123075008392
1265,Record Demand For Fixed Income ETFs,1,neutral,2,positive,positive,0,0,FinGPT-Bloom-7B1-LoRA,tfns,-10.834774017333984,0.08895891904830933,-10.209774017333984,0.16619715094566345,-8.709774017333984,0.7448439002037048
1266,Remastering Volatility: Reducing Noise In Equity Allocations. Read more: https://t.co/EpjNmsSKIM #trading #economy #markets,1,neutral,1,neutral,neutral,1,0,FinGPT-Bloom-7B1-LoRA,tfns,-9.99177074432373,0.39099133014678955,-10.24177074432373,0.3045043647289276,-10.24177074432373,0.3045043647289276
1267,"Residents play #SocialDistancing Bingo in Dublin, Ireland #COVID19ireland #coronavirus https://t.co/k7MEKlKttQ",1,neutral,1,neutral,neutral,1,0,FinGPT-Bloom-7B1-LoRA,tfns,-12.19505786895752,0.06652168929576874,-9.63255786895752,0.8626663088798523,-12.13255786895752,0.07081196457147598
1268,Resumen: ProAmpac y nkd LIFE son reconocidos en los premios mundiales de la innovación en bebidas,1,neutral,2,positive,positive,0,0,FinGPT-Bloom-7B1-LoRA,tfns,-11.416637420654297,0.08384699374437332,-10.479137420654297,0.21411077678203583,-9.291637420654297,0.7020422220230103
1269,"Retail earnings, Fed minutes, impeachment hearings: 3 things to watch for Wednesday",1,neutral,1,neutral,neutral,1,0,FinGPT-Bloom-7B1-LoRA,tfns,-10.144000053405762,0.25538426637649536,-9.706500053405762,0.39554688334465027,-9.831500053405762,0.34906890988349915
1270,Retirement expert: The 'easiest' crack to fix in the system is workplace access https://t.co/MHHzY6X8Dh by… https://t.co/9sLWOOQsHP,1,neutral,1,neutral,neutral,1,0,FinGPT-Bloom-7B1-LoRA,tfns,-9.69748592376709,0.515429675579071,-10.07248592376709,0.35424932837486267,-11.07248592376709,0.13032104074954987
1271,"Roger Federer, preparing for life after tennis, buys stake in Swiss sneaker company after Nike contract expires https://t.co/oNmlohXmfL",1,neutral,1,neutral,neutral,1,0,FinGPT-Bloom-7B1-LoRA,tfns,-10.565988540649414,0.20434871315956116,-9.503488540649414,0.5913025736808777,-10.565988540649414,0.20434871315956116
1272,"Romania's health-care system is one of the worst in Europe, so much so that a team of people took matters into thei... https://t.co/dkQoUmUia4",1,neutral,1,neutral,neutral,1,0,FinGPT-Bloom-7B1-LoRA,tfns,-9.088750839233398,0.718204140663147,-10.276250839233398,0.21903987228870392,-11.526250839233398,0.06275597959756851
1273,Russia Is Readying For Robot Wars https://t.co/YpKCkpSrTG,1,neutral,1,neutral,neutral,1,0,FinGPT-Bloom-7B1-LoRA,tfns,-11.414166450500488,0.12117636948823929,-9.539166450500488,0.7901691794395447,-11.726666450500488,0.0886545181274414
1274,Russia Says Lives Lost in Joint Operation With Turkey in Syria,1,neutral,2,positive,positive,0,0,FinGPT-Bloom-7B1-LoRA,tfns,-9.700125694274902,0.38727763295173645,-11.762625694274902,0.04923682287335396,-9.325125694274902,0.5634856224060059
1275,Russia Seeks to Lift Ban on ‘Blood Diamonds’ From African Ally,1,neutral,2,positive,positive,0,0,FinGPT-Bloom-7B1-LoRA,tfns,-12.390458106994629,0.02618076652288437,-9.827958106994629,0.33951735496520996,-9.202958106994629,0.6343019008636475
1276,Saudi Arabia arrested at least 8 intellectuals last week as it extended a crackdown on political dissent https://t.co/Da4AfKxDMn,1,neutral,0,negative,negative,0,0,FinGPT-Bloom-7B1-LoRA,tfns,-8.145263671875,0.8901866674423218,-11.332763671875,0.03674239292740822,-10.645263671875,0.07307097315788269
1277,Scientists are using realistic-looking fake penguins to convince real ones to move to safer habitats https://t.co/duMa8nLPzD,1,neutral,1,neutral,neutral,1,0,FinGPT-Bloom-7B1-LoRA,tfns,-9.453878402709961,0.546549379825592,-9.953878402709961,0.3314989507198334,-10.953878402709961,0.12195165455341339
1278,Secret Chinese documents reveal inner workings of Muslim detention camps. https://t.co/mpAg6qq6BX https://t.co/avWP2G04uC,1,neutral,1,neutral,neutral,1,0,FinGPT-Bloom-7B1-LoRA,tfns,-11.636466026306152,0.12183074653148651,-9.761466026306152,0.7944362163543701,-12.011466026306152,0.0837329626083374
1279,"Snap CEO Evan Spiegel Talks TikTok, Politics And Earnings",1,neutral,1,neutral,neutral,1,0,FinGPT-Bloom-7B1-LoRA,tfns,-11.647319793701172,0.12180869281291962,-9.897319793701172,0.7009606957435608,-11.272319793701172,0.1772306114435196
1280,So Halsey needs a shower,1,neutral,1,neutral,neutral,1,0,FinGPT-Bloom-7B1-LoRA,tfns,-11.246333122253418,0.06867474317550659,-8.808833122253418,0.7859408259391785,-10.496333122253418,0.14538443088531494
1281,Soccer-Mancini spoilt for choice as record-breaking Italy head to Euros - Nasdaq,1,neutral,1,neutral,neutral,1,0,FinGPT-Bloom-7B1-LoRA,tfns,-10.220901489257812,0.2831884026527405,-9.720901489257812,0.46689873933792114,-10.345901489257812,0.24991288781166077
1282,SolarEdge dostarczy Enfindus falowniki dla Europejskiego projektu solarnego o mocy 1GW.,1,neutral,1,neutral,neutral,1,0,FinGPT-Bloom-7B1-LoRA,tfns,-12.448834419250488,0.058610700070858,-9.761334419250488,0.8612779974937439,-12.136334419250488,0.08011132478713989
1283,Some universities have pledged not to set exam questions on topics that have been hit by strike disruption https://t.co/HBD2kg7nMI,1,neutral,0,negative,negative,0,0,FinGPT-Bloom-7B1-LoRA,tfns,-9.288912773132324,0.5685464143753052,-10.538912773132324,0.16289128363132477,-10.038912773132324,0.26856231689453125
1284,"-Spaghetti with a sweet banana ketchup sauce and hotdog chunks
-Sweet burger steaks
-Buckets of fried chicken 
The… https://t.co/Pvy1ytdlSY",1,neutral,1,neutral,neutral,1,0,FinGPT-Bloom-7B1-LoRA,tfns,-13.703048706054688,0.02261229231953621,-10.015548706054688,0.9032447934150696,-12.515548706054688,0.07414285093545914
1285,"Special Reports: Weekly Options Volatility Analysis Ahead of Earnings -- $CDMO, $ORCL seeing high relative volatili… https://t.co/A1YCdejDbS",1,neutral,2,positive,positive,0,0,FinGPT-Bloom-7B1-LoRA,tfns,-11.244153022766113,0.0783143863081932,-12.369153022766113,0.025424961000680923,-8.806653022766113,0.8962607383728027
1286,Stock market crashes happen more than you think. The key to surviving them is being prepared.  https://t.co/1DutJov1m0,1,neutral,0,negative,negative,0,0,FinGPT-Bloom-7B1-LoRA,tfns,-8.697627067565918,0.7994335889816284,-11.260127067565918,0.06164570152759552,-10.447627067565918,0.13892072439193726
1287,Stocks Are Writing Checks the Economic Data Can’t Cash,1,neutral,1,neutral,neutral,1,0,FinGPT-Bloom-7B1-LoRA,tfns,-11.642470359802246,0.09750965982675552,-9.517470359802246,0.8164383769035339,-11.767470359802246,0.08605197072029114
1288,Supreme Court Takes Cognisance Of Infant’s Death During Shaheen Bagh Protest,1,neutral,1,neutral,neutral,1,0,FinGPT-Bloom-7B1-LoRA,tfns,-9.810389518737793,0.5685464143753052,-10.560389518737793,0.26856231689453125,-11.060389518737793,0.16289128363132477
1289,Supreme Court won't give Adnan Syed new trial in 'Serial' podcast murder case https://t.co/gUbF5AO9EI,1,neutral,1,neutral,neutral,1,0,FinGPT-Bloom-7B1-LoRA,tfns,-11.400826454162598,0.13513053953647614,-9.650826454162598,0.777622640132904,-11.838326454162598,0.087246835231781
1290,Sydney's smoke-filled air from the bushfires is so bad it's setting off fire alarms. @SybillaGross explains just h… https://t.co/Ss3reLWhlW,1,neutral,0,negative,negative,0,0,FinGPT-Bloom-7B1-LoRA,tfns,-8.514028549194336,0.8178525567054749,-10.514028549194336,0.11068430542945862,-10.951528549194336,0.07146315276622772
1291,"Taylor Swift sings 'Love Story', 'Blank Space' and more during American Music Awards performance https://t.co/qgEfuSM5xp",1,neutral,1,neutral,neutral,1,0,FinGPT-Bloom-7B1-LoRA,tfns,-10.240760803222656,0.1634746491909027,-9.240760803222656,0.4443701505661011,-9.365760803222656,0.392155259847641
1292,Tension in Hong Kong simmers on,1,neutral,1,neutral,neutral,1,0,FinGPT-Bloom-7B1-LoRA,tfns,-11.827520370483398,0.05529918894171715,-9.202520370483398,0.7633817195892334,-10.640020370483398,0.18131905794143677
1293,The 16 most innovative new companies of the 2010s https://t.co/oFcdKQkRMu by @ewolffmann https://t.co/wzisb9VNvh,1,neutral,1,neutral,neutral,1,0,FinGPT-Bloom-7B1-LoRA,tfns,-10.83715534210205,0.21194157004356384,-9.83715534210205,0.5761168599128723,-10.83715534210205,0.21194157004356384
1294,"The Afghanistan Papers Reveal a Tragedy, Not a Crime",1,neutral,0,negative,negative,0,0,FinGPT-Bloom-7B1-LoRA,tfns,-8.57911491394043,0.825004518032074,-11.26661491394043,0.05614226311445236,-10.51661491394043,0.11885317414999008
1295,"The African grey parrot is an intelligent animal capable of mimicking human speech, which can live in captivity up… https://t.co/1UX49C10l7",1,neutral,1,neutral,neutral,1,0,FinGPT-Bloom-7B1-LoRA,tfns,-11.041041374206543,0.2100919783115387,-10.103541374206543,0.5364887118339539,-10.853541374206543,0.25341930985450745
1296,The backlash over Peloton's much-maligned holiday ad could be a good thing for the company in the long run https://t.co/VTjv9gaE5Y,1,neutral,0,negative,negative,0,0,FinGPT-Bloom-7B1-LoRA,tfns,-8.870387077331543,0.546549379825592,-10.370387077331543,0.12195165455341339,-9.370387077331543,0.3314989507198334
1297,"The Best Apple Watch Black Friday Deals (2019): List of Apple Watch Series 3, 4 & 5 GPS & Cellular Savings Shared by Save Bubble",1,neutral,1,neutral,neutral,1,0,FinGPT-Bloom-7B1-LoRA,tfns,-11.128829002380371,0.24543032050132751,-10.503829002380371,0.4585241675376892,-10.941329002380371,0.2960454523563385
1298,The Big Dirty Secret Behind Wind Power,1,neutral,1,neutral,neutral,1,0,FinGPT-Bloom-7B1-LoRA,tfns,-10.805152893066406,0.13598130643367767,-9.930152893066406,0.3262022137641907,-9.430152893066406,0.5378165245056152
1299,The Big Picture: More to the good employment report than job growth $SPY $TNX-- https://t.co/w4dAzYCmAz… https://t.co/6a6tdtLR2k,1,neutral,2,positive,positive,0,0,FinGPT-Bloom-7B1-LoRA,tfns,-10.509620666503906,0.20908360183238983,-10.447120666503906,0.2225683033466339,-9.509620666503906,0.5683481097221375
1300,The biggest holdup in the U.S.-China negotiations is Washington’s demand that China guarantee its pledge to buy mor… https://t.co/FIbhm2SNtj,1,neutral,1,neutral,neutral,1,0,FinGPT-Bloom-7B1-LoRA,tfns,-10.785625457763672,0.27491018176078796,-10.223125457763672,0.4824824035167694,-10.910625457763672,0.24260738492012024
1301,The Billionaire's Big Job of Restoring Aston Martin,1,neutral,0,negative,negative,0,0,FinGPT-Bloom-7B1-LoRA,tfns,-8.412742614746094,0.9671612977981567,-12.975242614746094,0.010093234479427338,-12.162742614746094,0.02274545468389988
1302,The CDC says Americans don't have to wear facemasks because of coronavirus https://t.co/uOZUXtZJxt,1,neutral,1,neutral,neutral,1,0,FinGPT-Bloom-7B1-LoRA,tfns,-10.648509979248047,0.22594745457172394,-9.523509979248047,0.6959671974182129,-11.711009979248047,0.07808534801006317
1303,The companies all deserve credit for conscientiously reconsidering the consequences of their design choices https://t.co/U8xZNmVfZQ,1,neutral,1,neutral,neutral,1,0,FinGPT-Bloom-7B1-LoRA,tfns,-10.460195541381836,0.3446420729160309,-9.960195541381836,0.5682187080383301,-11.835195541381836,0.08713916689157486
1304,The consequences of ultra-low US unemployment https://t.co/sfRBlPKbuY,1,neutral,1,neutral,neutral,1,0,FinGPT-Bloom-7B1-LoRA,tfns,-9.702224731445312,0.5687015056610107,-10.327224731445312,0.30440402030944824,-11.202224731445312,0.12689447402954102
1305,The End of Econ Blogging’s Golden Age,1,neutral,1,neutral,neutral,1,0,FinGPT-Bloom-7B1-LoRA,tfns,-12.239401817321777,0.10070379078388214,-10.301901817321777,0.6990228295326233,-11.551901817321777,0.20027339458465576
1306,The family behind Krispy Kreme Doughnuts and Panera Bread is adding a member of the Kardashian clan to its portfolio https://t.co/0h1f7I0IyY,1,neutral,1,neutral,neutral,1,0,FinGPT-Bloom-7B1-LoRA,tfns,-11.546611785888672,0.08270492404699326,-9.421611785888672,0.6924798488616943,-10.546611785888672,0.2248152792453766
1307,"The FT View: Jair Bolsonaro should keep his nerve and seize Brazil’s chance to change
https://t.co/4QkSKpohll",1,neutral,1,neutral,neutral,1,0,FinGPT-Bloom-7B1-LoRA,tfns,-10.566499710083008,0.3092344403266907,-10.191499710083008,0.4499334692955017,-10.816499710083008,0.24083203077316284
1308,The Infinite Energy Resource We’re Overlooking,1,neutral,2,positive,positive,0,0,FinGPT-Bloom-7B1-LoRA,tfns,-12.528131484985352,0.020052140578627586,-12.903131484985352,0.013781621120870113,-8.653131484985352,0.9661662578582764
1309,The IRS has a new tax form out and wants to know all about your cryptocurrency https://t.co/dgAgh1v040,1,neutral,1,neutral,neutral,1,0,FinGPT-Bloom-7B1-LoRA,tfns,-11.952651977539062,0.06521015614271164,-9.390151977539062,0.8456581234931946,-11.640151977539062,0.08913170546293259
1310,"The JEDI suit isn't about Star Wars.

Amazon is suing the Pentagon because it gave Microsoft a cloud computing cont… https://t.co/VAQytv4kJ3",1,neutral,0,negative,negative,0,0,FinGPT-Bloom-7B1-LoRA,tfns,-8.988619804382324,0.7741757035255432,-10.551119804382324,0.16227604448795319,-11.488619804382324,0.06354821473360062
1311,The Least Expensive Car Of 2019,1,neutral,1,neutral,neutral,1,0,FinGPT-Bloom-7B1-LoRA,tfns,-10.84115982055664,0.2831884026527405,-10.34115982055664,0.46689873933792114,-10.96615982055664,0.24991288781166077
1312,The man once dubbed 'Britain's Bill Gates' could be one step closer to a US jail,1,neutral,1,neutral,neutral,1,0,FinGPT-Bloom-7B1-LoRA,tfns,-10.340304374694824,0.17137134075164795,-9.590304374694824,0.36279308795928955,-9.340304374694824,0.4658355414867401
1313,The Markets Speak: The Lesson Has Been Harsh. https://t.co/89QRsOfn53 #business #stocks #stockmarket,1,neutral,1,neutral,neutral,1,0,FinGPT-Bloom-7B1-LoRA,tfns,-9.980764389038086,0.3191677927970886,-9.855764389038086,0.36166447401046753,-9.980764389038086,0.3191677927970886
1314,"The most patient investors may want some commodities in their portfolio, says @jasonzweigwsj https://t.co/iPzo9hUxaj",1,neutral,0,negative,negative,0,0,FinGPT-Bloom-7B1-LoRA,tfns,-8.985901832580566,0.6954969167709351,-10.673401832580566,0.12865400314331055,-10.360901832580566,0.17584915459156036
1315,The most successful money maker in modern finance has one simple rule of thumb for investing: remove all emotion. https://t.co/MBtciNVHrn,1,neutral,2,positive,positive,0,0,FinGPT-Bloom-7B1-LoRA,tfns,-10.939247131347656,0.08757181465625763,-10.001747131347656,0.22362247109413147,-8.876747131347656,0.6888056993484497
1316,The MTA's 2020 resolution: bring contactless payments to all subway stations and buses by the end of the year. https://t.co/5OJSrin71m,1,neutral,1,neutral,neutral,1,0,FinGPT-Bloom-7B1-LoRA,tfns,-11.141583442687988,0.18424881994724274,-9.766583442687988,0.7287182211875916,-11.891583442687988,0.0870329812169075
1317,"The New England Patriots admitted that a crew last Sunday ""unknowingly violated a league policy by filming the fiel… https://t.co/3VK3izjuim",1,neutral,0,negative,negative,0,0,FinGPT-Bloom-7B1-LoRA,tfns,-8.505727767944336,0.8534168601036072,-10.505727767944336,0.1154974102973938,-11.818227767944336,0.031085707247257233
1318,The number of new coronavirus cases in Indonesia surges by more than 200 for second consecutive day https://t.co/bdhN2NroqM,1,neutral,2,positive,positive,0,0,FinGPT-Bloom-7B1-LoRA,tfns,-10.74072551727295,0.11647798120975494,-10.67822551727295,0.12399016320705414,-8.86572551727295,0.7595317959785461
1319,"The Oxford Word of the Year 2019 is what the UN secretary-general called ""the defining issue of our time"" https://t.co/CG7TmQCOW5",1,neutral,1,neutral,neutral,1,0,FinGPT-Bloom-7B1-LoRA,tfns,-11.574569702148438,0.12994563579559326,-9.762069702148438,0.7960135340690613,-12.137069702148438,0.07404079288244247
1320,The Protected Principal Retirement Portfolio: Preliminary Rebalancing - Part II. Read more: https://t.co/FqgNC2brWZ… https://t.co/4os0EzLBOA,1,neutral,1,neutral,neutral,1,0,FinGPT-Bloom-7B1-LoRA,tfns,-10.897424697875977,0.18978415429592133,-9.647424697875977,0.6624118089675903,-11.147424697875977,0.14780405163764954
1321,The retail winners and losers for when we can spend again: https://t.co/qLtOPsBmME,1,neutral,0,negative,negative,0,0,FinGPT-Bloom-7B1-LoRA,tfns,-8.406590461730957,0.8297299742698669,-10.594090461730957,0.09309311956167221,-10.781590461730957,0.07717690616846085
1322,The search for the Alzheimer's drug is costly and frustratingly unpredictable. But it's actually a calculated gambl… https://t.co/wh7v9OAq23,1,neutral,0,negative,negative,0,0,FinGPT-Bloom-7B1-LoRA,tfns,-7.914641380310059,0.9804373383522034,-12.352141380310059,0.011594126932322979,-12.727141380310059,0.007968519814312458
1323,"The U.S. may not be able to stop China and Russia from selling arms to Iran next year, says @GhoshWorld… https://t.co/llJ1jsbDiz",1,neutral,1,neutral,neutral,1,0,FinGPT-Bloom-7B1-LoRA,tfns,-9.295625686645508,0.5519900918006897,-10.108125686645508,0.24494411051273346,-10.295625686645508,0.20306582748889923
1324,"The U.S. Navy says a second victim is dead in addition to the shooter at Naval Air Station Pensacola in Florida, th… https://t.co/cns2vm5dvN",1,neutral,1,neutral,neutral,1,0,FinGPT-Bloom-7B1-LoRA,tfns,-10.25330638885498,0.4257885813713074,-10.50330638885498,0.3316044807434082,-10.81580638885498,0.2426069974899292
1325,"The U.S. reopening its market to Brazilian fresh beef is a matter of when, not if https://t.co/Jr2lcHzJOr",1,neutral,1,neutral,neutral,1,0,FinGPT-Bloom-7B1-LoRA,tfns,-11.169190406799316,0.1961987018585205,-9.919190406799316,0.6848007440567017,-11.669190406799316,0.11900051683187485
1326,The US has added waiters and bartenders in 112 of the past 11 7 months https://t.co/b1LS0U7EUi,1,neutral,2,positive,positive,0,0,FinGPT-Bloom-7B1-LoRA,tfns,-9.681120872497559,0.2316027730703354,-11.118620872497559,0.05501048266887665,-8.556120872497559,0.7133867740631104
1327,The US has crazy-low taxes and this is why https://t.co/rOJq3Bp5r6 via @bopinion,1,neutral,0,negative,negative,0,0,FinGPT-Bloom-7B1-LoRA,tfns,-8.144818305969238,0.8659266233444214,-12.082318305969238,0.0168828833848238,-10.144818305969238,0.11719042807817459
1328,The Web Might Be a Monopolist’s Best Friend,1,neutral,1,neutral,neutral,1,0,FinGPT-Bloom-7B1-LoRA,tfns,-10.47668170928955,0.20090508460998535,-9.78918170928955,0.3995474874973297,-9.78918170928955,0.3995474874973297
1329,"The Week Ahead: Monetary Policy, Stats and an Impeachment in Focus",1,neutral,1,neutral,neutral,1,0,FinGPT-Bloom-7B1-LoRA,tfns,-9.84062671661377,0.24083206057548523,-9.59062671661377,0.30923447012901306,-9.21562671661377,0.4499334990978241
1330,There are 'a lot of predators' in the fashion industry: Kathy Ireland,1,neutral,1,neutral,neutral,1,0,FinGPT-Bloom-7B1-LoRA,tfns,-12.516816139221191,0.03137451410293579,-9.141816139221191,0.916897714138031,-12.016816139221191,0.05172783136367798
1331,"There has been a lot conversation about why companies are staying private longer, but not enough conversation on th… https://t.co/wpIl7U9TJ9",1,neutral,1,neutral,neutral,1,0,FinGPT-Bloom-7B1-LoRA,tfns,-10.718954086303711,0.3173038959503174,-10.218954086303711,0.5231456756591797,-11.406454086303711,0.15955041348934174
1332,These three retail innovators challenge the conventional wisdom of brick and mortar https://t.co/45B2Hlbm32,1,neutral,1,neutral,neutral,1,0,FinGPT-Bloom-7B1-LoRA,tfns,-11.620570182800293,0.1054166704416275,-9.933070182800293,0.5698771476745605,-10.495570182800293,0.32470619678497314
1333,This app recommends stocks based on your Zodiac sign. But it's not what you think,1,neutral,2,positive,positive,0,0,FinGPT-Bloom-7B1-LoRA,tfns,-10.393848419189453,0.09602075815200806,-9.331348419189453,0.27784526348114014,-8.518848419189453,0.6261339783668518
1334,This is a great and well reseached book on Justice K. The Ruth Marcus book is a badly written & reseached disaster.… https://t.co/vS6EEFdMEj,1,neutral,1,neutral,neutral,1,0,FinGPT-Bloom-7B1-LoRA,tfns,-10.049195289611816,0.5687015056610107,-11.549195289611816,0.12689447402954102,-10.674195289611816,0.30440402030944824
1335,This Is When Your Favorite Stores Open on Black Friday,1,neutral,1,neutral,neutral,1,0,FinGPT-Bloom-7B1-LoRA,tfns,-11.235406875610352,0.11796215921640396,-9.610406875610352,0.5990613102912903,-10.360406875610352,0.28297653794288635
1336,This man is making millions selling testicular implants for everything from a dog to an elephant.… https://t.co/yDYQvADflP,1,neutral,1,neutral,neutral,1,0,FinGPT-Bloom-7B1-LoRA,tfns,-10.335183143615723,0.45256826281547546,-10.335183143615723,0.45256826281547546,-11.897683143615723,0.09486345946788788
1337,This map shows the U.S. cities where robots are impacting jobs the most. (via @CNBCMakeIt) https://t.co/75r14auc32 https://t.co/dolkFZtPxx,1,neutral,0,negative,negative,0,0,FinGPT-Bloom-7B1-LoRA,tfns,-8.491571426391602,0.8627620935440063,-11.304071426391602,0.05181289091706276,-10.804071426391602,0.0854250118136406
1338,Three breakfast reads https://t.co/VHJwACKpI8,1,neutral,1,neutral,neutral,1,0,FinGPT-Bloom-7B1-LoRA,tfns,-11.201569557189941,0.08618851751089096,-8.889069557189941,0.8704731464385986,-11.889069557189941,0.04333830624818802
1339,Three Things You Should Check Before Buying Avery Dennison Corporation (NYSE:AVY) For Its Dividend,1,neutral,1,neutral,neutral,1,0,FinGPT-Bloom-7B1-LoRA,tfns,-11.94132137298584,0.0647834986448288,-9.44132137298584,0.7892245650291443,-11.12882137298584,0.14599187672138214
1340,"Thyssenkrupp, Kone discuss multi-billion euro break-up fee - sources",1,neutral,1,neutral,neutral,1,0,FinGPT-Bloom-7B1-LoRA,tfns,-10.171778678894043,0.16136276721954346,-9.421778678894043,0.34160497784614563,-9.046778678894043,0.4970323145389557
1341,TicToc Good news...the minority male turtles can handle it]... they are  required to pay child support.,1,neutral,1,neutral,neutral,1,0,FinGPT-Bloom-7B1-LoRA,tfns,-11.305726051330566,0.23862658441066742,-10.305726051330566,0.6486542224884033,-12.055726051330566,0.11271919310092926
1342,"TicToc https://t.co/EOsKuYWXOv tarafından ⚡️ “Iman, the last Sumatran rhinoceros in Malaysia, has died at 25”",1,neutral,1,neutral,neutral,1,0,FinGPT-Bloom-7B1-LoRA,tfns,-10.566652297973633,0.3140720725059509,-10.066652297973633,0.5178173184394836,-11.191652297973633,0.168110653758049
1343,Tiger Woods and U.S. Team Score Another Presidents Cup Win,1,neutral,1,neutral,neutral,1,0,FinGPT-Bloom-7B1-LoRA,tfns,-12.572958946228027,0.04689637944102287,-9.635458946228027,0.8848697543144226,-12.197958946228027,0.06823383271694183
1344,Time to drive pensions sharks out of the water for good https://t.co/0B8FXfEjvI,1,neutral,1,neutral,neutral,1,0,FinGPT-Bloom-7B1-LoRA,tfns,-10.587775230407715,0.12827637791633606,-9.462775230407715,0.3951190710067749,-9.275275230407715,0.47660455107688904
1345,Today millions of people around the world continue to suffer in poverty. #Data and #technology can enable governmen… https://t.co/6uirAecyyP,1,neutral,1,neutral,neutral,1,0,FinGPT-Bloom-7B1-LoRA,tfns,-8.931724548339844,0.7771679759025574,-10.494224548339844,0.16290324926376343,-11.494224548339844,0.059928759932518005
1346,Top trending: Assange rape investigation dropped; Chick-Fil-A bans donating to anti-LGBTQ groups,1,neutral,0,negative,negative,0,0,FinGPT-Bloom-7B1-LoRA,tfns,-8.424325942993164,0.9547213912010193,-11.674325942993164,0.037018563598394394,-13.174325942993164,0.00825995858758688
1347,"Trade war. Possible recession. Presidential election.

Here are the 3 stocks you need heading into 2020. 

https://t.co/fdcXiqwKpw",1,neutral,2,positive,positive,0,0,FinGPT-Bloom-7B1-LoRA,tfns,-11.771242141723633,0.041741788387298584,-13.396242141723633,0.008219445124268532,-8.646242141723633,0.9500386714935303
1348,"Travel Restrictions Won't Help Contain Virus, Johns Hopkins' Nuzzo Says",1,neutral,2,positive,positive,0,0,FinGPT-Bloom-7B1-LoRA,tfns,-10.95180606842041,0.1185818612575531,-14.07680606842041,0.005210123024880886,-8.95180606842041,0.8762080073356628
1349,"Troops are reinforcing the police in Bogota, after outbreaks of looting and vandalism https://t.co/tGzHJL5v84",1,neutral,0,negative,negative,0,0,FinGPT-Bloom-7B1-LoRA,tfns,-8.87850570678711,0.5090141892433167,-11.37850570678711,0.041782427579164505,-9.00350570678711,0.4492034316062927
1350,Two More Bankers Arrested in Germany Over Tax Scandal Investigation,1,neutral,0,negative,negative,0,0,FinGPT-Bloom-7B1-LoRA,tfns,-8.615382194519043,0.7661571502685547,-11.115382194519043,0.06289000809192657,-10.115382194519043,0.17095276713371277
1351,"Two people in custody after vehicle breaches checkpoints at Trump's Mar-a-Lago resort, police say https://t.co/rz7EV9ncJw",1,neutral,1,neutral,neutral,1,0,FinGPT-Bloom-7B1-LoRA,tfns,-9.983107566833496,0.4438842535018921,-9.983107566833496,0.4438842535018921,-11.358107566833496,0.11223151534795761
1352,Ukraine still hasn't received $35 million of approved military aid: report https://t.co/N0yrGxtdQl via @HuffPost https://t.co/58RXm3xu0f,1,neutral,1,neutral,neutral,1,0,FinGPT-Bloom-7B1-LoRA,tfns,-11.272923469543457,0.10337967425584793,-9.272923469543457,0.7638782262802124,-11.022923469543457,0.13274212181568146
1353,"Unlock our award-winning LIVE #investmentresearch, fundamental and #technicalanalysis, #market flow, #earnings cove… https://t.co/1G5gqkLBzM",1,neutral,1,neutral,neutral,1,0,FinGPT-Bloom-7B1-LoRA,tfns,-11.462541580200195,0.20624269545078278,-10.275041580200195,0.676243782043457,-12.025041580200195,0.11751353740692139
1354,Venture capital doesn't work for everyone. There's another way https://t.co/kp76Buetao,1,neutral,1,neutral,neutral,1,0,FinGPT-Bloom-7B1-LoRA,tfns,-11.821544647216797,0.05343024805188179,-9.009044647216797,0.889693558216095,-11.759044647216797,0.056876201182603836
1355,Venture capitalists are embracing direct listings and curbing fees for bankers https://t.co/Xm3d9qsGhl,1,neutral,0,negative,negative,0,0,FinGPT-Bloom-7B1-LoRA,tfns,-8.81557846069336,0.7112690806388855,-10.94057846069336,0.08494897931814194,-10.06557846069336,0.20378200709819794
1356,Virus Hits Hong Kong Insurers Already Reeling From Protests,1,neutral,0,negative,negative,0,0,FinGPT-Bloom-7B1-LoRA,tfns,-8.370664596557617,0.8876222372055054,-13.308164596557617,0.00636647641658783,-10.495664596557617,0.10601136088371277
1357,Voters left in the dark over money behind online election ads https://t.co/84RDNVsRKP,1,neutral,1,neutral,neutral,1,0,FinGPT-Bloom-7B1-LoRA,tfns,-10.91234302520752,0.12360019981861115,-9.03734302520752,0.805974543094635,-11.47484302520752,0.07042526453733444
1358,Waiting for your Equifax settlement cash? Don’t hold your breath https://t.co/60naM4i2NO,1,neutral,1,neutral,neutral,1,0,FinGPT-Bloom-7B1-LoRA,tfns,-11.832132339477539,0.07471715658903122,-9.394632339477539,0.8550925850868225,-11.894632339477539,0.07019027322530746
1359,Wall Street Breakfast: Merger Monday. Get more updates here: https://t.co/jl4re63yZs #investing #markets #business,1,neutral,1,neutral,neutral,1,0,FinGPT-Bloom-7B1-LoRA,tfns,-10.93305778503418,0.25197434425354004,-10.05805778503418,0.6044549942016602,-11.49555778503418,0.1435706615447998
1360,"Wall Street Has Plans for Newspapers, and They Aren't Pretty",1,neutral,1,neutral,neutral,1,0,FinGPT-Bloom-7B1-LoRA,tfns,-11.403632164001465,0.0908169373869896,-9.528632164001465,0.5922008156776428,-10.153632164001465,0.3169822692871094
1361,Wall Street's Finest Walk Into a $2 Trillion Mess on Saudi Aramco,1,neutral,2,positive,positive,0,0,FinGPT-Bloom-7B1-LoRA,tfns,-12.465170860290527,0.021210728213191032,-12.590170860290527,0.018718402832746506,-8.652670860290527,0.9600709080696106
1362,Warren Buffett: Growth vs. Cash Generation,1,neutral,2,positive,positive,0,0,FinGPT-Bloom-7B1-LoRA,tfns,-13.130964279174805,0.010954550467431545,-14.443464279174805,0.0029483770485967398,-8.630964279174805,0.9860971570014954
1363,Watch Live: Shots Fired At Mar-a-Lago https://t.co/kxZiY2weRW,1,neutral,1,neutral,neutral,1,0,FinGPT-Bloom-7B1-LoRA,tfns,-12.011482238769531,0.06301566958427429,-9.386482238769531,0.8699044585227966,-11.948982238769531,0.06707983464002609
1364,WATCH: A sea of fans filled the streets of Rio de Janeiro to celebrate Flamengo's win over River Plate in the Copa… https://t.co/U0spDtnEzr,1,neutral,1,neutral,neutral,1,0,FinGPT-Bloom-7B1-LoRA,tfns,-10.624324798583984,0.25341930985450745,-9.874324798583984,0.5364887118339539,-10.811824798583984,0.2100919783115387
1365,"Watchdog faults FBI in Trump campaign probe, but sees no bias https://t.co/ntqbKnWfWJ",1,neutral,1,neutral,neutral,1,0,FinGPT-Bloom-7B1-LoRA,tfns,-10.12749195098877,0.46831029653549194,-10.25249195098877,0.4132823646068573,-11.50249195098877,0.11840738356113434
1366,"What are Kimberly Esterkin's top priorities as an #IRO? 

✅ ""Staying ahead of the best practices in my industry"" 
✅… https://t.co/JDyJevXsED",1,neutral,1,neutral,neutral,1,0,FinGPT-Bloom-7B1-LoRA,tfns,-11.497097969055176,0.1387227326631546,-10.497097969055176,0.37708744406700134,-10.247097969055176,0.48418986797332764
1367,What Can the 1991 Recession and S&L Crisis Tell Us About Today?,1,neutral,1,neutral,neutral,1,0,FinGPT-Bloom-7B1-LoRA,tfns,-11.457717895507812,0.12799128890037537,-9.645217895507812,0.784041702747345,-11.832717895507812,0.08796703815460205
1368,What is the age of the ‘Instagram face’?,1,neutral,1,neutral,neutral,1,0,FinGPT-Bloom-7B1-LoRA,tfns,-11.385332107543945,0.05552634224295616,-8.635332107543945,0.8685781359672546,-11.072832107543945,0.0758955106139183
1369,"What to watch in the markets: Thursday, Feb 6",1,neutral,1,neutral,neutral,1,0,FinGPT-Bloom-7B1-LoRA,tfns,-12.008625984191895,0.04977040737867355,-9.133625984191895,0.8822014927864075,-11.696125984191895,0.06802807748317719
1370,What was the top cryptocurrency of 2019?,1,neutral,1,neutral,neutral,1,0,FinGPT-Bloom-7B1-LoRA,tfns,-11.882071495056152,0.039659108966588974,-8.757071495056152,0.9026371836662292,-11.507071495056152,0.057703662663698196
1371,When Can You Afford to Retire? Ask Yourself These 4 Questions,1,neutral,1,neutral,neutral,1,0,FinGPT-Bloom-7B1-LoRA,tfns,-11.464312553405762,0.11645478010177612,-9.526812553405762,0.8083563446998596,-11.901812553405762,0.07518885284662247
1372,"When companies buy their own shares, executives are quick to cash out https://t.co/19bF83Xoi7 via @BW",1,neutral,1,neutral,neutral,1,0,FinGPT-Bloom-7B1-LoRA,tfns,-11.00964641571045,0.19075696170330048,-10.19714641571045,0.42987746000289917,-10.32214641571045,0.3793655037879944
1373,"When in doubt, follow the Oracle of Omaha?  https://t.co/eG7b0eXXit",1,neutral,1,neutral,neutral,1,0,FinGPT-Bloom-7B1-LoRA,tfns,-11.514527320861816,0.07019027322530746,-9.014527320861816,0.8550925850868225,-11.452027320861816,0.07471715658903122
1374,"Which way will the markets be headed next week before traders head home for Thanksgiving? On @MadMoneyOnCNBC,… https://t.co/q4NtFLbrmV",1,neutral,2,positive,positive,0,0,FinGPT-Bloom-7B1-LoRA,tfns,-10.820125579833984,0.14401307702064514,-10.132625579833984,0.28640419244766235,-9.445125579833984,0.5695827603340149
1375,Whn you've lost Tom Lee...,1,neutral,0,negative,negative,0,0,FinGPT-Bloom-7B1-LoRA,tfns,-8.759780883789062,0.9817749261856079,-13.759780883789062,0.006615147460252047,-13.197280883789062,0.011609944514930248
1376,Why Accelerated Approval Could Be Huge for This Ovarian Cancer Study,1,neutral,2,positive,positive,0,0,FinGPT-Bloom-7B1-LoRA,tfns,-12.94597053527832,0.02155609428882599,-15.00847053527832,0.002740550320595503,-9.13347053527832,0.9757034182548523
1377,why macro funds are shutting down left and right https://t.co/gVYowOBmqe,1,neutral,0,negative,negative,0,0,FinGPT-Bloom-7B1-LoRA,tfns,-8.279746055603027,0.9727731347084045,-12.404746055603027,0.015723412856459618,-12.717246055603027,0.011503494344651699
1378,Why paying down your mortgage faster could be a good investment strategy https://t.co/mUrPzoRwaf,1,neutral,0,negative,negative,0,0,FinGPT-Bloom-7B1-LoRA,tfns,-8.149478912353516,0.9773225784301758,-12.774478912353516,0.009581333957612514,-12.461978912353516,0.013096130453050137
1379,Why some critics are questioning KKR’s ‘responsible investing’ posture https://t.co/XcwjDUvvDQ,1,neutral,1,neutral,neutral,1,0,FinGPT-Bloom-7B1-LoRA,tfns,-10.572336196899414,0.3090115189552307,-9.947336196899414,0.5773094892501831,-11.572336196899414,0.11367897689342499
1380,Why the Coronavirus Is Making It Cheaper to Fuel Planes,1,neutral,2,positive,positive,0,0,FinGPT-Bloom-7B1-LoRA,tfns,-12.758049964904785,0.01790478639304638,-14.133049964904785,0.004527038894593716,-8.758049964904785,0.9775681495666504
1381,"Why the Equal Rights Amendment, a 1972 Ideal, Is Back",1,neutral,1,neutral,neutral,1,0,FinGPT-Bloom-7B1-LoRA,tfns,-11.246504783630371,0.11396707594394684,-9.434004783630371,0.6981329917907715,-10.746504783630371,0.18789994716644287
1382,Why This Is a Huge Win Against Prostate Cancer,1,neutral,2,positive,positive,0,0,FinGPT-Bloom-7B1-LoRA,tfns,-11.46829891204834,0.0501692108809948,-14.21829891204834,0.003207210451364517,-8.53079891204834,0.9466235637664795
1383,Why You're Probably Underestimating How Much You'll Need in Retirement,1,neutral,2,positive,positive,0,0,FinGPT-Bloom-7B1-LoRA,tfns,-11.309569358825684,0.10550419241189957,-13.559569358825684,0.011120060458779335,-9.184569358825684,0.8833757638931274
1384,"Wildfires are still raging across New South Wales, Australia.

Australian firefighters are battling 6 emergency-lev… https://t.co/8KQ9JZVd3L",1,neutral,0,negative,negative,0,0,FinGPT-Bloom-7B1-LoRA,tfns,-8.422893524169922,0.8672506809234619,-11.235393524169922,0.052082452923059464,-10.797893524169922,0.08066687732934952
1385,Will the yen see a decline in popularity as more countries enter zero-rate territory? Insights via @CMEGroup https://t.co/zPR2qSO8Pq,1,neutral,0,negative,negative,0,0,FinGPT-Bloom-7B1-LoRA,tfns,-8.197832107543945,0.833845317363739,-10.947832107543945,0.05330594629049301,-10.197832107543945,0.1128486916422844
1386,Wish you could only work 4 days a week? Here's why this company made the switch to a shorter workweek.… https://t.co/SHNefqcV1o,1,neutral,1,neutral,neutral,1,0,FinGPT-Bloom-7B1-LoRA,tfns,-10.806532859802246,0.22733083367347717,-9.931532859802246,0.5453383326530457,-10.806532859802246,0.22733083367347717
1387,Witch Hunt!,1,neutral,1,neutral,neutral,1,0,FinGPT-Bloom-7B1-LoRA,tfns,-10.773845672607422,0.09640508145093918,-8.648845672607422,0.8071898221969604,-10.773845672607422,0.09640508145093918
1388,With #YFPremium you can get a heatmap view of your portfolio. Examine sector- and company-level contribution to ret… https://t.co/lq5EJGZ3tg,1,neutral,1,neutral,neutral,1,0,FinGPT-Bloom-7B1-LoRA,tfns,-10.790980339050293,0.25197434425354004,-9.915980339050293,0.6044549942016602,-11.353480339050293,0.1435706615447998
1389,Woodford’s Bet on U.K. Plc Comes Good Too Late for Investors,1,neutral,2,positive,positive,0,0,FinGPT-Bloom-7B1-LoRA,tfns,-12.336370468139648,0.024263596162199974,-13.648870468139648,0.006530458107590675,-8.648870468139648,0.969205915927887
1390,World’s Biggest Reservoir May Stop Power Output Amid Drought,1,neutral,2,positive,positive,0,0,FinGPT-Bloom-7B1-LoRA,tfns,-9.801689147949219,0.3160785734653473,-12.864189147949219,0.014783189631998539,-9.051689147949219,0.6691383123397827
1391,Worried about a recession? Here’s how to prepare your retirement nest egg,1,neutral,2,positive,positive,0,0,FinGPT-Bloom-7B1-LoRA,tfns,-9.530646324157715,0.26648902893066406,-12.905646324157715,0.009118752554059029,-8.530646324157715,0.7243921756744385
1392,Wuhan Doctor’s Death A Massive Headwind For China Coronavirus Sentiment,1,neutral,0,negative,negative,0,0,FinGPT-Bloom-7B1-LoRA,tfns,-9.189413070678711,0.6431868076324463,-13.126913070678711,0.012540146708488464,-9.814413070678711,0.34427309036254883
1393,You Can Own a Fraction of a Warhol. But Should You?,1,neutral,1,neutral,neutral,1,0,FinGPT-Bloom-7B1-LoRA,tfns,-12.321174621582031,0.026385270059108734,-8.758674621582031,0.9301127791404724,-11.821174621582031,0.04350195452570915
1394,You should always buy these 4 things in bulk. (via @CNBCMakeIt) https://t.co/Dujz63MaP5,1,neutral,1,neutral,neutral,1,0,FinGPT-Bloom-7B1-LoRA,tfns,-11.829957008361816,0.09214623272418976,-9.642457008361816,0.8212904334068298,-11.892457008361816,0.08656337112188339
1395,Your 70s can be tricky — how do you increase your resources while using them wisely? Here's how to invest for a lif… https://t.co/iVyGisOsaA,1,neutral,1,neutral,neutral,1,0,FinGPT-Bloom-7B1-LoRA,tfns,-10.785776138305664,0.22422705590724945,-9.973276138305664,0.5053034424781799,-10.598276138305664,0.27046945691108704
1396,"Your future portfolio might be stocks, bonds, and a bit of basketball https://t.co/6Dmyj8s9aJ via @BW",1,neutral,1,neutral,neutral,1,0,FinGPT-Bloom-7B1-LoRA,tfns,-11.23953914642334,0.12941397726535797,-9.61453914642334,0.6572184562683105,-10.73953914642334,0.21336758136749268
1397,"🖥️ Google new quantum computer that can perform computations in 200 seconds that otherwise would take 10,000 years https://t.co/wxZxiFnotV",1,neutral,1,neutral,neutral,1,0,FinGPT-Bloom-7B1-LoRA,tfns,-11.39781379699707,0.18424881994724274,-10.02281379699707,0.7287182211875916,-12.14781379699707,0.0870329812169075
1398,Gold Price Forecast – Gold Markets Decline Into The Weekend,0,negative,0,negative,negative,1,0,FinGPT-Bloom-7B1-LoRA,tfns,-8.967487335205078,0.8950750827789307,-13.404987335205078,0.010584678500890732,-11.217487335205078,0.09434022009372711
1399,Brazil's Vale loses spot as world's top iron ore producer to Rio Tinto https://t.co/YFpdog1bsu https://t.co/QYFVJa50go,0,negative,0,negative,negative,1,0,FinGPT-Bloom-7B1-LoRA,tfns,-8.4329833984375,0.8866381645202637,-11.1829833984375,0.05668088048696518,-11.1829833984375,0.05668088048696518
1400,India's gold imports declined for the fifth month as the slowest economic growth in six years curbed demand during… https://t.co/y6BgL5cSPj,0,negative,0,negative,negative,1,0,FinGPT-Bloom-7B1-LoRA,tfns,-8.140389442443848,0.9835107326507568,-12.702889442443848,0.010263856500387192,-13.202889442443848,0.006225342862308025
1401,Gold Falls After Strong Jobless Report #Silver #Stock #MarketScreener https://t.co/3ztxIAtUKP https://t.co/v92anbNxu3,0,negative,0,negative,negative,1,0,FinGPT-Bloom-7B1-LoRA,tfns,-8.695995330810547,0.7581884264945984,-10.008495330810547,0.20406365394592285,-11.695995330810547,0.037747979164123535
1402,Gold Edges Lower With Investors Eyeing Economic Data #Silver #Stock #MarketScreener https://t.co/7goZcHKZGW https://t.co/9oGCWjeq0J,0,negative,1,neutral,neutral,0,0,FinGPT-Bloom-7B1-LoRA,tfns,-10.909266471862793,0.04880663752555847,-9.034266471862793,0.31825926899909973,-8.346766471862793,0.6329340934753418
1403,Gold Edges Lower With Investors Eyeing Economic Data #Silver #Stock #MarketScreener https://t.co/i53u7vaynH https://t.co/XI4WdZLCZf,0,negative,1,neutral,neutral,0,0,FinGPT-Bloom-7B1-LoRA,tfns,-10.498217582702637,0.07171528041362762,-8.873217582702637,0.36420029401779175,-8.435717582702637,0.5640844106674194
1404,$FCX $BHP $SCCO - Copper drops again; LME closes Ring for first time since WW II https://t.co/79bmc5AC7W,0,negative,0,negative,negative,1,0,FinGPT-Bloom-7B1-LoRA,tfns,-8.006718635559082,0.9908231496810913,-13.381718635559082,0.0045884218998253345,-13.381718635559082,0.0045884218998253345
1405,CME : Volatility in New York gold prices impacting liquidity in London - LBMA #CME #Stock #MarketScreener… https://t.co/8ILGYoJHzS,0,negative,0,negative,negative,1,0,FinGPT-Bloom-7B1-LoRA,tfns,-9.094560623168945,0.6624118089675903,-10.594560623168945,0.14780405163764954,-10.344560623168945,0.18978415429592133
1406,"$XAUUSD:CUR $GLD $IAU - Gold closing in on $1,700 https://t.co/dlF56Hes3D",2,positive,2,positive,positive,1,0,FinGPT-Bloom-7B1-LoRA,tfns,-10.499688148498535,0.14674252271652222,-13.312188148498535,0.008812574669718742,-8.749688148498535,0.8444449305534363
1407,"Dec. gold climbs $2.40, or 0.2%, to settle at $1,474.30/oz",2,positive,2,positive,positive,1,0,FinGPT-Bloom-7B1-LoRA,tfns,-12.692922592163086,0.02439342811703682,-15.692922592163086,0.0012144772335886955,-9.005422592163086,0.9743919968605042
1408,"Feb. gold climbs $8.90, or 0.6%, to settle at $1,481.20/oz",2,positive,2,positive,positive,1,0,FinGPT-Bloom-7B1-LoRA,tfns,-12.941634178161621,0.019108952954411507,-16.129133224487305,0.0007887213723734021,-9.004134178161621,0.9801022410392761
1409,"Gold futures climb nearly 3%, settling at the highest level since December 2012 https://t.co/um1vukp9mc",2,positive,2,positive,positive,1,0,FinGPT-Bloom-7B1-LoRA,tfns,-11.028220176696777,0.0663406252861023,-12.340720176696777,0.017855336889624596,-8.403220176696777,0.9158039689064026
1410,Gold Soars To 8-Year Highs As Stocks Melt-Up On Massive Short-Squeeze  https://t.co/80904NqvN0,2,positive,2,positive,positive,1,0,FinGPT-Bloom-7B1-LoRA,tfns,-12.635910034179688,0.02562292292714119,-13.323410034179688,0.012884015217423439,-9.010910034179688,0.9614930748939514
1411,Silver Weekly Price Forecast – Silver Markets Rally Significantly,2,positive,2,positive,positive,1,0,FinGPT-Bloom-7B1-LoRA,tfns,-10.731637954711914,0.14682090282440186,-13.606637954711914,0.008283070288598537,-8.981637954711914,0.8448960781097412
1412,Gold rises https://t.co/pCFxistRTq https://t.co/EccKbrGpHF,2,positive,2,positive,positive,1,0,FinGPT-Bloom-7B1-LoRA,tfns,-11.565744400024414,0.0641709491610527,-11.815744400024414,0.04997638985514641,-8.940744400024414,0.8858526349067688
1413,Gold: Prepare For Bull Market To Begin Any Day. https://t.co/H54NIPOiww #business #finance #economy,2,positive,1,neutral,neutral,0,0,FinGPT-Bloom-7B1-LoRA,tfns,-11.90478801727295,0.050977177917957306,-9.52978801727295,0.5480563044548035,-9.84228801727295,0.4009665548801422
1414,Best And Worst Q1 2020: Basic Materials ETFs And Mutual Funds. https://t.co/IPnvVdskQZ #business #finance #markets,1,neutral,1,neutral,neutral,1,0,FinGPT-Bloom-7B1-LoRA,tfns,-10.225712776184082,0.3793655037879944,-10.100712776184082,0.42987746000289917,-10.913212776184082,0.19075696170330048
1415,Catalyst Metals : Joint Venture with St Barbara on Drummartin project #CatalystMetals #Stock #MarketScreener… https://t.co/hs4iuvtDbN,1,neutral,1,neutral,neutral,1,0,FinGPT-Bloom-7B1-LoRA,tfns,-12.757070541381836,0.04997638985514641,-9.882070541381836,0.8858526349067688,-12.507070541381836,0.0641709491610527
1416,The diamond industry is working to build a carbon-neutral mine within the next decade. Insights via @DPAssociation https://t.co/bkqWR2d1aX,1,neutral,1,neutral,neutral,1,0,FinGPT-Bloom-7B1-LoRA,tfns,-11.341998100280762,0.12583893537521362,-9.716998100280762,0.6390628814697266,-10.716998100280762,0.23509812355041504
1417,$COMDX: Metals Settlement Prices https://t.co/hcbCEY76s8,1,neutral,1,neutral,neutral,1,0,FinGPT-Bloom-7B1-LoRA,tfns,-9.903238296508789,0.21563532948493958,-9.403238296508789,0.3555225729942322,-9.215738296508789,0.42884206771850586
1418,$COMDX: Metals Settlement Prices https://t.co/klzxoYZMDh,1,neutral,1,neutral,neutral,1,0,FinGPT-Bloom-7B1-LoRA,tfns,-9.933913230895996,0.20823073387145996,-9.496413230895996,0.3225140869617462,-9.121413230895996,0.4692552089691162
1419,Nickel Monthly News For The Month Of January 2020. https://t.co/dqgOlMmJMl #markets #economy #stocks,1,neutral,1,neutral,neutral,1,0,FinGPT-Bloom-7B1-LoRA,tfns,-10.491825103759766,0.2740686237812042,-9.991825103759766,0.45186275243759155,-10.491825103759766,0.2740686237812042
1420,$COMDX: Metals Settlement Prices https://t.co/UultNDoj0j,1,neutral,1,neutral,neutral,1,0,FinGPT-Bloom-7B1-LoRA,tfns,-9.643796920776367,0.28297704458236694,-9.893796920776367,0.22038276493549347,-9.081296920776367,0.49664023518562317
1421,$COMDX: Metals Settlement Prices https://t.co/FdbGhOjvKi,1,neutral,1,neutral,neutral,1,0,FinGPT-Bloom-7B1-LoRA,tfns,-10.046053886413574,0.1910584717988968,-9.296053886413574,0.4044707715511322,-9.296053886413574,0.4044707715511322
1422,$COMDX: Metals Settlement Prices https://t.co/zZXI6yitLs,1,neutral,0,negative,negative,0,0,FinGPT-Bloom-7B1-LoRA,tfns,-9.148860931396484,0.4068678021430969,-10.273860931396484,0.13209064304828644,-9.023860931396484,0.4610416293144226
1423,#IPOs expected/Priced this week https://t.co/CUVLFGPBiP #IPOCalendar $CAN $PINE $SITM,1,neutral,1,neutral,neutral,1,0,FinGPT-Bloom-7B1-LoRA,tfns,-9.822547912597656,0.19577504694461823,-10.010047912597656,0.16230322420597076,-8.635047912597656,0.6419216990470886
1424,A year in which the IPO market sobered up https://t.co/bgpuGK5XpJ,1,neutral,2,positive,positive,0,0,FinGPT-Bloom-7B1-LoRA,tfns,-13.447620391845703,0.006170355249196291,-12.322620391845703,0.0190060343593359,-8.385120391845703,0.974823534488678
1425,"Casper prices its IPO at $12 a share, the low end of range",1,neutral,0,negative,negative,0,0,FinGPT-Bloom-7B1-LoRA,tfns,-7.8423075675964355,0.7706452012062073,-12.342307090759277,0.008561099879443645,-9.092307090759277,0.22079364955425262
1426,"For International Funds Considering The Aramco IPO, A Short-Term Strategy That Might Play Out",1,neutral,2,positive,positive,0,0,FinGPT-Bloom-7B1-LoRA,tfns,-9.838635444641113,0.2663324177265167,-13.151135444641113,0.009701156057417393,-8.838635444641113,0.7239664793014526
1427,Fortinet Makes an Acquisition for One of the Fastest-Growing Segments of Cybersecurity,1,neutral,2,positive,positive,0,0,FinGPT-Bloom-7B1-LoRA,tfns,-11.73564624786377,0.03436506167054176,-12.17314624786377,0.02218775264918804,-8.42314624786377,0.9434472322463989
1428,"Inszone Insurance Acquires James Swiniuch Agency, Inc",1,neutral,1,neutral,neutral,1,0,FinGPT-Bloom-7B1-LoRA,tfns,-10.963236808776855,0.08578664809465408,-9.025736808776855,0.595477283000946,-9.650736808776855,0.3187360465526581
1429,Meritex Enters Dallas Market With Acquisition of Jetstar 114 Business Center,1,neutral,1,neutral,neutral,1,0,FinGPT-Bloom-7B1-LoRA,tfns,-12.879868507385254,0.025607891380786896,-9.442368507385254,0.7966381311416626,-10.942368507385254,0.1777539998292923
1430,OneWater Marine raised $55.4 mln in the IPO,1,neutral,2,positive,positive,0,0,FinGPT-Bloom-7B1-LoRA,tfns,-12.02301025390625,0.04258143901824951,-11.14801025390625,0.10214756429195404,-9.02301025390625,0.85527104139328
1431,"PPD's stock indicated in early going to open at $30, or 11% above $27 IPO price",1,neutral,2,positive,positive,0,0,FinGPT-Bloom-7B1-LoRA,tfns,-12.819747924804688,0.014907334931194782,-14.319747924804688,0.0033262763172388077,-8.632247924804688,0.981766402721405
1432,$ALGN - Align loses patent case against 3Shape https://t.co/2HgNiksWgy,0,negative,0,negative,negative,1,0,FinGPT-Bloom-7B1-LoRA,tfns,-8.130147933959961,0.9937584400177002,-14.380147933959961,0.0019184050615876913,-13.567647933959961,0.004323192406445742
1433,Alstom's U.K. unit fined 15 million pounds in connection with bribes paid in Tunisia https://t.co/wAS04f4bOb,0,negative,0,negative,negative,1,0,FinGPT-Bloom-7B1-LoRA,tfns,-8.899515151977539,0.9728319048881531,-12.774515151977539,0.02019048109650612,-13.837015151977539,0.0069776433520019054
1434,"Amazon files suit, challenging Pentagon’s $10 billion cloud contract to Microsoft https://t.co/bhI1vQg91J",0,negative,0,negative,negative,1,0,FinGPT-Bloom-7B1-LoRA,tfns,-8.205697059631348,0.9362395405769348,-12.205697059631348,0.01714782603085041,-11.205697059631348,0.04661262035369873
1435,Amazon's Third-Party Marketplace Faces Fresh Regulatory Headwinds,0,negative,2,positive,positive,0,0,FinGPT-Bloom-7B1-LoRA,tfns,-11.608990669250488,0.08003726601600647,-14.608990669250488,0.003984821029007435,-9.171490669250488,0.9159780144691467
1436,Auto parts supplier Prevent sues Volkswagen for suppressing competition,0,negative,0,negative,negative,1,0,FinGPT-Bloom-7B1-LoRA,tfns,-8.018502235412598,0.9802680015563965,-14.331002235412598,0.0017777099274098873,-12.018502235412598,0.017954234033823013
1437,EU probes Qualcomm over radio-frequency chips,0,negative,0,negative,negative,1,0,FinGPT-Bloom-7B1-LoRA,tfns,-8.493878364562988,0.8885894417762756,-13.618878364562988,0.005283745937049389,-10.618878364562988,0.10612688213586807
1438,India's state-run banks report fraud of more than $13 billion in 6 months,0,negative,0,negative,negative,1,0,FinGPT-Bloom-7B1-LoRA,tfns,-8.465006828308105,0.8879647254943848,-13.465006828308105,0.005983059294521809,-10.590006828308105,0.10605226457118988
1439,"Madhya Pradesh Vyapam Scam: Man Gets 10 Years, 30 Others Get 7 Years In Jail",0,negative,1,neutral,neutral,0,0,FinGPT-Bloom-7B1-LoRA,tfns,-12.395217895507812,0.06077810004353523,-9.770217895507812,0.839015781879425,-11.895217895507812,0.10020614415407181
1440,New York hits Juul with a lawsuit,0,negative,0,negative,negative,1,0,FinGPT-Bloom-7B1-LoRA,tfns,-8.676538467407227,0.6962048411369324,-12.614038467407227,0.013573833741247654,-9.551538467407227,0.29022133350372314
1441,Rio Tinto faces Mongolia lawsuit over Oyu Tolgoi mine,0,negative,0,negative,negative,1,0,FinGPT-Bloom-7B1-LoRA,tfns,-8.50368595123291,0.9940094947814941,-14.06618595123291,0.0038161680568009615,-14.62868595123291,0.00217438698746264
1442,Sanctions-hit refiner Nynas handed administrator by Swedish court,0,negative,2,positive,positive,0,0,FinGPT-Bloom-7B1-LoRA,tfns,-9.402778625488281,0.24970120191574097,-10.652778625488281,0.07154057919979095,-8.402778625488281,0.6787581443786621
1443,U.S. agency probes 12th Tesla crash tied to possible Autopilot use,0,negative,0,negative,negative,1,0,FinGPT-Bloom-7B1-LoRA,tfns,-7.768009185791016,0.9802595973014832,-12.768009185791016,0.006604937370866537,-12.080509185791016,0.013135487213730812
1444,UK regulator orders recall of fire-risk Whirlpool washing machines,0,negative,2,positive,positive,0,0,FinGPT-Bloom-7B1-LoRA,tfns,-12.96360969543457,0.012957455590367317,-12.52610969543457,0.020068898797035217,-8.65110969543457,0.9669737219810486
1445,"United was sued by a passenger for refusing to issue refunds, just days after U.S. regulators ordered airlines to r… https://t.co/JvGcITvqPf",0,negative,0,negative,negative,1,0,FinGPT-Bloom-7B1-LoRA,tfns,-8.444183349609375,0.9329403638839722,-11.444183349609375,0.04644836485385895,-12.256683349609375,0.020611336454749107
1446,UPDATE 1-Italian police search ArcelorMittal offices over Ilva probe,0,negative,1,neutral,neutral,0,0,FinGPT-Bloom-7B1-LoRA,tfns,-10.144706726074219,0.26262855529785156,-10.207206726074219,0.2467166930437088,-9.519706726074219,0.49065473675727844
1447,Walmart employee's family files wrongful death lawsuit after man dies of coronavirus complications https://t.co/cXYG6iXeL0,0,negative,0,negative,negative,1,0,FinGPT-Bloom-7B1-LoRA,tfns,-8.015792846679688,0.9910940527915955,-12.953292846679688,0.007108628749847412,-14.328292846679688,0.0017973429057747126
1448,WeWork Faces Another Investigation Over Neumann,0,negative,2,positive,positive,0,0,FinGPT-Bloom-7B1-LoRA,tfns,-11.309038162231445,0.05953802913427353,-13.184038162231445,0.009130452759563923,-8.559038162231445,0.9313315153121948
1449,$TEVA - Teva in talks with DoJ to end generics probes - Bloomberg https://t.co/a47OmArrQY,2,positive,1,neutral,neutral,0,0,FinGPT-Bloom-7B1-LoRA,tfns,-10.139782905578613,0.250031441450119,-9.389782905578613,0.5293165445327759,-10.264782905578613,0.22065196931362152
1450,BPH Energy : Settlement of Litigation #BPHEnergy #Stock #MarketScreener https://t.co/DD5IfT4zgo https://t.co/sZfkzFWMcP,2,positive,1,neutral,neutral,0,0,FinGPT-Bloom-7B1-LoRA,tfns,-11.28853988647461,0.1931384801864624,-10.03853988647461,0.6741195321083069,-11.66353988647461,0.1327420026063919
1451,Enterprise Wins Favorable Ruling From Texas Supreme Court,2,positive,2,positive,positive,1,0,FinGPT-Bloom-7B1-LoRA,tfns,-9.489529609680176,0.37421801686286926,-13.239529609680176,0.008800763636827469,-8.989529609680176,0.6169812083244324
1452,Fiat reaches settlement with Italy tax agency over Chrysler value claim,2,positive,2,positive,positive,1,0,FinGPT-Bloom-7B1-LoRA,tfns,-10.46097183227539,0.10564222931861877,-12.83597183227539,0.00982625875622034,-8.33597183227539,0.884531557559967
1453,GM not liable for punitive damages in ignition switch cases: U.S. appeals court,2,positive,2,positive,positive,1,0,FinGPT-Bloom-7B1-LoRA,tfns,-9.050387382507324,0.32752230763435364,-10.737887382507324,0.06058553233742714,-8.425387382507324,0.6118921637535095
1454,Gm wins key legal victory over pre-bankruptcy liability,2,positive,2,positive,positive,1,0,FinGPT-Bloom-7B1-LoRA,tfns,-11.645499229431152,0.04194282367825508,-14.145499229431152,0.0034428767394274473,-8.520499229431152,0.9546142816543579
1455,HSBC makes last-minute settlement with ex-currencies head https://t.co/uqYy01pnBL,2,positive,1,neutral,neutral,0,0,FinGPT-Bloom-7B1-LoRA,tfns,-9.37964153289795,0.36166447401046753,-9.50464153289795,0.3191677927970886,-9.50464153289795,0.3191677927970886
1456,Alphabet Seeks Quiet End to Investor Suits Over Sex Harassment,1,neutral,2,positive,positive,0,0,FinGPT-Bloom-7B1-LoRA,tfns,-10.487621307373047,0.1257106065750122,-10.050121307373047,0.19470439851284027,-8.800121307373047,0.6795850992202759
1457,"Amazon seeks to depose Trump, Esper in lawsuit over cloud computing contract",1,neutral,0,negative,negative,0,0,FinGPT-Bloom-7B1-LoRA,tfns,-8.286961555480957,0.9564391374588013,-12.599461555480957,0.01281629130244255,-11.724461555480957,0.030744686722755432
1458,Bayer seeks reversal of $86M Roundup cancer verdict,1,neutral,2,positive,positive,0,0,FinGPT-Bloom-7B1-LoRA,tfns,-10.98979377746582,0.05613328889012337,-12.80229377746582,0.00916350819170475,-8.17729377746582,0.9347032308578491
1459,"California to stop buying GM, Toyota and Fiat Chrysler vehicles over emissions fight",1,neutral,2,positive,positive,0,0,FinGPT-Bloom-7B1-LoRA,tfns,-14.6929292678833,0.002607721136882901,-13.4429292678833,0.009101840667426586,-8.7554292678833,0.988290548324585
1460,CN meets U.S. federal requirement to operate Positive Train Control on all required tracks ahead of schedule  https://t.co/79kRLNp5Ip,1,neutral,1,neutral,neutral,1,0,FinGPT-Bloom-7B1-LoRA,tfns,-12.27736759185791,0.05602133274078369,-10.58986759185791,0.3028484880924225,-9.83986759185791,0.6411302089691162
1461,Department of Justice Blames China for Equifax Data Breach: What You Need to Know,1,neutral,1,neutral,neutral,1,0,FinGPT-Bloom-7B1-LoRA,tfns,-11.472146034240723,0.11019862443208694,-9.534646034240723,0.764930009841919,-11.347146034240723,0.1248713955283165
1462,DOJ moves to scrap decades-old movie distribution rules,1,neutral,1,neutral,neutral,1,0,FinGPT-Bloom-7B1-LoRA,tfns,-11.516435623168945,0.06274422258138657,-8.891435623168945,0.8661572337150574,-11.391435623168945,0.07109851390123367
1463,DOJ seeks to reverse the ruling against Qualcomm,1,neutral,2,positive,positive,0,0,FinGPT-Bloom-7B1-LoRA,tfns,-9.362401962280273,0.3355206251144409,-11.549901962280273,0.03764437139034271,-8.737401962280273,0.6268350481987
1464,FAA chief weighs changes to plane approval process: WSJ,1,neutral,1,neutral,neutral,1,0,FinGPT-Bloom-7B1-LoRA,tfns,-11.090498924255371,0.10650688409805298,-9.215498924255371,0.6945120692253113,-10.465498924255371,0.19898104667663574
1465,"JetBlue founder was a ""death knell"" for this Canada carrier, a lawsuit says https://t.co/14JYSa5ahV",1,neutral,0,negative,negative,0,0,FinGPT-Bloom-7B1-LoRA,tfns,-8.432527542114258,0.9520350098609924,-11.807527542114258,0.03257684409618378,-12.557527542114258,0.01538821216672659
1466,"NEW: A federal appeals court in Washington upheld regulations by the FDA saying ""e-cigarettes are indisputably high… https://t.co/fM0DaAKGK6",1,neutral,1,neutral,neutral,1,0,FinGPT-Bloom-7B1-LoRA,tfns,-10.013239860534668,0.31022775173187256,-10.075739860534668,0.2914319932460785,-9.763239860534668,0.3983403146266937
1467,NEW: Teva and other generic drugmakers have held talks with the U.S. about resolving a long-running probe of allege… https://t.co/CmycwwREYa,1,neutral,0,negative,negative,0,0,FinGPT-Bloom-7B1-LoRA,tfns,-8.050662994384766,0.8742824196815491,-10.488162994384766,0.07639394700527191,-10.925662994384766,0.04932364448904991
1468,Roche's Small Spark Deal Holds a Big Regulatory Warning,1,neutral,0,negative,negative,0,0,FinGPT-Bloom-7B1-LoRA,tfns,-8.412858009338379,0.9620870351791382,-13.100358009338379,0.008860514499247074,-11.912858009338379,0.029052510857582092
1469,SEC investigator https://t.co/xn4CBYig52,1,neutral,1,neutral,neutral,1,0,FinGPT-Bloom-7B1-LoRA,tfns,-10.4010009765625,0.13778972625732422,-8.6510009765625,0.792925238609314,-11.0885009765625,0.06928502768278122
1470,U.S. arrests three in alleged $722 million cryptocurrency fraud https://t.co/r7JbcAUepE https://t.co/I6DBZ4xKzB,1,neutral,1,neutral,neutral,1,0,FinGPT-Bloom-7B1-LoRA,tfns,-8.884347915649414,0.7295619249343872,-10.634347915649414,0.12677884101867676,-10.509347915649414,0.14365924894809723
1471,UPDATE 1-Swedbank pledges prompt release of money laundering probe,1,neutral,0,negative,negative,0,0,FinGPT-Bloom-7B1-LoRA,tfns,-9.11121654510498,0.5460444092750549,-11.04871654510498,0.07866515964269638,-9.48621654510498,0.3752904534339905
1472,$AMTD - Ameritrade: Charles Schwab's Offer In Line With Our Valuation. Keep reading: https://t.co/soth7CVICV #business #finance #stocks,1,neutral,1,neutral,neutral,1,0,FinGPT-Bloom-7B1-LoRA,tfns,-11.54122543334961,0.12941397726535797,-9.91622543334961,0.6572184562683105,-11.04122543334961,0.21336758136749268
1473,$AMTD $SCHW - Schwab to buy TD Ameritrade in $26B all-stock deal https://t.co/eycEc0Nye9,1,neutral,1,neutral,neutral,1,0,FinGPT-Bloom-7B1-LoRA,tfns,-12.024923324584961,0.037393976002931595,-9.712423324584961,0.37766581773757935,-9.274923324584961,0.5849402546882629
1474,$BYND - Susquehanna holds stake in Beyond Meat https://t.co/RIuPccbwsX,1,neutral,2,positive,positive,0,0,FinGPT-Bloom-7B1-LoRA,tfns,-9.288119316101074,0.2981051802635193,-10.725619316101074,0.07080617547035217,-8.538119316101074,0.6310886144638062
1475,"$CBS: CBS/Viacom (VIAB) expect to close merger on Wednesday, December 4th https://t.co/UuC8Oj9MAP",1,neutral,1,neutral,neutral,1,0,FinGPT-Bloom-7B1-LoRA,tfns,-10.005154609680176,0.3434125781059265,-9.880154609680176,0.3891374468803406,-10.255154609680176,0.2674500048160553
1476,$GATX: GATX enters into stock purchase agreement for the sale of its American Steamship Company business to Rand... https://t.co/FgdxBcYBd9,1,neutral,1,neutral,neutral,1,0,FinGPT-Bloom-7B1-LoRA,tfns,-11.601700782775879,0.13386087119579315,-9.914200782775879,0.723645031452179,-11.539200782775879,0.14249414205551147
1477,$INFY: Infosys to acquire cloud solutions company Simplus; terms not disclosed https://t.co/yYMwyRYblI,1,neutral,1,neutral,neutral,1,0,FinGPT-Bloom-7B1-LoRA,tfns,-10.476448059082031,0.09852571040391922,-8.413948059082031,0.7749648094177246,-10.226448059082031,0.12650953233242035
1478,$LCII - LCI Industries lands Polyplastic https://t.co/t6omAq06sK,1,neutral,2,positive,positive,0,0,FinGPT-Bloom-7B1-LoRA,tfns,-9.637985229492188,0.2850135266780853,-10.575485229492188,0.11161290109157562,-8.887985229492188,0.6033735871315002
1479,$NVS - Novartis: Swiss Pharmaceutical Titan On Sale. https://t.co/FI5wU6MyeC #investing #markets #stocks,1,neutral,1,neutral,neutral,1,0,FinGPT-Bloom-7B1-LoRA,tfns,-11.95986270904541,0.08021511137485504,-9.64736270904541,0.8101438879966736,-11.64736270904541,0.10964105278253555
1480,$RMLRF $TRYUF - Ramelius Resources to scoop up Spectrum Metals https://t.co/5gqMvy0sSS,1,neutral,2,positive,positive,0,0,FinGPT-Bloom-7B1-LoRA,tfns,-11.056459426879883,0.06245782598853111,-10.868959426879883,0.07533851265907288,-8.431459426879883,0.8622036576271057
1481,$SRNE: Sorrento Therapeutics says rejects cash acquisition proposal for between $3.00-5.00/share https://t.co/ib0vORvPPF,1,neutral,1,neutral,neutral,1,0,FinGPT-Bloom-7B1-LoRA,tfns,-9.89538860321045,0.242606982588768,-9.33288860321045,0.4257885217666626,-9.58288860321045,0.3316044509410858
1482,$TCO: Taubman Centers: Simon Property Group to acquire TCO for $52.50 per share in cash https://t.co/WbnGpQwuiR,1,neutral,1,neutral,neutral,1,0,FinGPT-Bloom-7B1-LoRA,tfns,-10.706839561462402,0.16477303206920624,-10.019339561462402,0.32769033312797546,-9.581839561462402,0.5075367093086243
1483,$TD $SCHW $AMTD - TD Bank to own 13% Schwab stake after Ameritrade deal https://t.co/oqmaKzAJTW,1,neutral,2,positive,positive,0,0,FinGPT-Bloom-7B1-LoRA,tfns,-11.052734375,0.06119748204946518,-11.490234375,0.039512064307928085,-8.365234375,0.8992904424667358
1484,"$TIF: Tiffany & Co confirms agreement to be acquired by LVMH (LVMUY) for $135/share in cash, or approximately $16.2… https://t.co/xhNzqZ8PVx",1,neutral,1,neutral,neutral,1,0,FinGPT-Bloom-7B1-LoRA,tfns,-11.052017211914062,0.19009838998317719,-9.989517211914062,0.5500679016113281,-10.739517211914062,0.2598336935043335
1485,AE Industrial Partners buys American Pacific from Jon M Huntsman family office,1,neutral,1,neutral,neutral,1,0,FinGPT-Bloom-7B1-LoRA,tfns,-11.41335678100586,0.0642419382929802,-9.16335678100586,0.6095105409622192,-9.78835678100586,0.32624751329421997
1486,Alkermes acquires Rodin Therapeutics for up to $950M,1,neutral,2,positive,positive,0,0,FinGPT-Bloom-7B1-LoRA,tfns,-12.933575630187988,0.008240285329520702,-11.371075630187988,0.0393122062087059,-8.183575630187988,0.9524474740028381
1487,Ayala Yields Control of Manila Water to Billionaire Razon,1,neutral,1,neutral,neutral,1,0,FinGPT-Bloom-7B1-LoRA,tfns,-12.394305229187012,0.06742535531520844,-9.894305229187012,0.8214089870452881,-11.894305229187012,0.1111656129360199
1488,Barrick Gold denies Freeport-McMoran tie-up in the works,1,neutral,2,positive,positive,0,0,FinGPT-Bloom-7B1-LoRA,tfns,-9.953926086425781,0.12889355421066284,-11.391426086425781,0.030614901334047318,-8.078926086425781,0.840491533279419
1489,BlackRock slashes stake in Peabody Energy,1,neutral,0,negative,negative,0,0,FinGPT-Bloom-7B1-LoRA,tfns,-8.317437171936035,0.9172523021697998,-13.129937171936035,0.0074549829587340355,-10.817437171936035,0.07529265433549881
1490,CBS and Viacom to close merger on Dec. 4,1,neutral,1,neutral,neutral,1,0,FinGPT-Bloom-7B1-LoRA,tfns,-11.249469757080078,0.0926961749792099,-9.249469757080078,0.6849372386932373,-10.374469757080078,0.2223665714263916
1491,CBS and Viacom to close merger on Dec. 4 https://t.co/V6yhhhQkOu https://t.co/mG8Ri2LR71,1,neutral,1,neutral,neutral,1,0,FinGPT-Bloom-7B1-LoRA,tfns,-11.584324836730957,0.15379059314727783,-10.021824836730957,0.7336938381195068,-11.896824836730957,0.11251559853553772
1492,CBS Corporation and Viacom Inc. Announce Expected Closing Date of Merger,1,neutral,1,neutral,neutral,1,0,FinGPT-Bloom-7B1-LoRA,tfns,-11.51187801361084,0.07324273139238358,-9.19937801361084,0.7397254109382629,-10.57437801361084,0.18703186511993408
1493,Charles Schwab to buy TD Ameritrade in $26 billion all-stock deal https://t.co/1wEXNU4RV0,1,neutral,1,neutral,neutral,1,0,FinGPT-Bloom-7B1-LoRA,tfns,-12.10462760925293,0.08219332247972488,-9.91712760925293,0.7325811386108398,-11.29212760925293,0.18522551655769348
1494,Charles Schwab to buy TD Ameritrade in $26-billion blockbuster brokerage deal,1,neutral,1,neutral,neutral,1,0,FinGPT-Bloom-7B1-LoRA,tfns,-12.670722961425781,0.026730624958872795,-9.483222961425781,0.6476237177848816,-10.170722961425781,0.32564565539360046
1495,Chinese dairy giant Mengniu agrees to buy Kirin's Australian beverage unit Lion for $419 million https://t.co/O3gL3uOfY8,1,neutral,1,neutral,neutral,1,0,FinGPT-Bloom-7B1-LoRA,tfns,-11.952313423156738,0.07979768514633179,-10.264813423156738,0.4313821792602539,-10.139813423156738,0.48882007598876953
1496,Chubb to buy stake in China's Huatai Insurance for $1.53 billion #economy #MarketScreener https://t.co/sUAx6evkmj https://t.co/DVUL8EMQ0t,1,neutral,1,neutral,neutral,1,0,FinGPT-Bloom-7B1-LoRA,tfns,-11.0809326171875,0.1434929072856903,-9.7684326171875,0.5331408381462097,-10.2684326171875,0.3233662545681
1497,Coty Acquires $600M Majority Stake In Kylie Jenner's Cosmetics Company,1,neutral,2,positive,positive,0,0,FinGPT-Bloom-7B1-LoRA,tfns,-11.396585464477539,0.04761504754424095,-11.271585464477539,0.053954917937517166,-8.459085464477539,0.8984300494194031
1498,"CVC Capital said to consider strategic options for Elsan, sale could reach €3bn",1,neutral,1,neutral,neutral,1,0,FinGPT-Bloom-7B1-LoRA,tfns,-13.014214515686035,0.02018153853714466,-9.764214515686035,0.5204887390136719,-9.889214515686035,0.4593297243118286
1499,Duravant To Acquire WECO,1,neutral,1,neutral,neutral,1,0,FinGPT-Bloom-7B1-LoRA,tfns,-11.267650604248047,0.09212898463010788,-9.205150604248047,0.7246506214141846,-10.580150604248047,0.18322037160396576
1500,Edgewell Personal Care is ditching its bid to acquire shaving-supply maker Harry's -- reminding big consumer compan… https://t.co/WIlJz1fbNc,1,neutral,1,neutral,neutral,1,0,FinGPT-Bloom-7B1-LoRA,tfns,-9.96529769897461,0.38913795351982117,-10.52779769897461,0.22172410786151886,-9.96529769897461,0.38913795351982117
1501,"Edgewell Personal Care, which owns Schick, said it is no longer pursuing the $1.4 billion deal to buy Harry's Razor… https://t.co/P3wTZL4p3t",1,neutral,1,neutral,neutral,1,0,FinGPT-Bloom-7B1-LoRA,tfns,-10.79179573059082,0.17220227420330048,-9.85429573059082,0.43973392248153687,-9.97929573059082,0.38806381821632385
1502,Elliott Capital sells its stake in XPO Logistics Europe,1,neutral,1,neutral,neutral,1,0,FinGPT-Bloom-7B1-LoRA,tfns,-12.032028198242188,0.03459329158067703,-8.782028198242188,0.8921727538108826,-11.282028198242188,0.07323399931192398
1503,EVI Industries to acquire Commercial Laundry Equipment Company,1,neutral,1,neutral,neutral,1,0,FinGPT-Bloom-7B1-LoRA,tfns,-11.713701248168945,0.046892452985048294,-9.088701248168945,0.6473303437232971,-9.838701248168945,0.3057771921157837
1504,Exclusive: Daimler seeks majority control of its main China joint venture - sources,1,neutral,1,neutral,neutral,1,0,FinGPT-Bloom-7B1-LoRA,tfns,-12.140449523925781,0.06274422258138657,-9.515449523925781,0.8661572337150574,-12.015449523925781,0.07109851390123367
1505,Factbox: M&As in vogue for luxury retailers seeking growth,1,neutral,2,positive,positive,0,0,FinGPT-Bloom-7B1-LoRA,tfns,-14.128510475158691,0.004589697811752558,-14.191010475158691,0.004311622120440006,-8.753510475158691,0.9910987019538879
1506,Forescout expects deal to close in Q2,1,neutral,1,neutral,neutral,1,0,FinGPT-Bloom-7B1-LoRA,tfns,-9.515067100524902,0.2877883017063141,-10.015067100524902,0.17455242574214935,-8.890067100524902,0.5376593470573425
1507,Formula Systems acquires Unique Software Industries,1,neutral,1,neutral,neutral,1,0,FinGPT-Bloom-7B1-LoRA,tfns,-11.63912582397461,0.05053078010678291,-8.76412582397461,0.8956794738769531,-11.57662582397461,0.053789734840393066
1508,France's LVMH close to buying Tiffany after sweetening offer: sources https://t.co/5HyHxPhyqL https://t.co/eofnMyZ54Q,1,neutral,1,neutral,neutral,1,0,FinGPT-Bloom-7B1-LoRA,tfns,-12.469817161560059,0.04427345469594002,-9.532317161560059,0.8353787660598755,-11.469817161560059,0.12034773081541061
1509,Harsco (HSC) to Buy Stericycle's Environmental Solutions,1,neutral,2,positive,positive,0,0,FinGPT-Bloom-7B1-LoRA,tfns,-13.067843437194824,0.012994171120226383,-10.755343437194824,0.1312364786863327,-8.880343437194824,0.8557693362236023
1510,"Hg to buy electronic trading software business smartTrade from Keensight Capital, Pléiade Venture",1,neutral,2,positive,positive,0,0,FinGPT-Bloom-7B1-LoRA,tfns,-13.602010726928711,0.009540009312331676,-10.977010726928711,0.13169576227664948,-9.102010726928711,0.8587642312049866
1511,Hologic to sell Cynosure aesthetics unit for net $138M,1,neutral,1,neutral,neutral,1,0,FinGPT-Bloom-7B1-LoRA,tfns,-10.280394554138184,0.11541574448347092,-9.217894554138184,0.33396652340888977,-8.717894554138184,0.5506176948547363
1512,HP is open to exploring bid from Xerox: RTR,1,neutral,1,neutral,neutral,1,0,FinGPT-Bloom-7B1-LoRA,tfns,-11.01706314086914,0.11203718930482864,-9.57956314086914,0.4716941714286804,-9.70456314086914,0.41626861691474915
1513,HP reiterates its rejection of Xerox's offer to buy the company https://t.co/9qYk413PZE https://t.co/WLdlx9gnjf,1,neutral,1,neutral,neutral,1,0,FinGPT-Bloom-7B1-LoRA,tfns,-11.160628318786621,0.08899732679128647,-9.660628318786621,0.39885836839675903,-9.410628318786621,0.5121442675590515
1514,IBP scoops up Premier Building Supply,1,neutral,2,positive,positive,0,0,FinGPT-Bloom-7B1-LoRA,tfns,-12.327942848205566,0.018930260092020035,-12.952942848205566,0.010132637806236744,-8.390442848205566,0.9709370732307434
1515,IFF Said to Near $26 Billion Deal for DuPont Nutrition Unit,1,neutral,2,positive,positive,0,0,FinGPT-Bloom-7B1-LoRA,tfns,-11.726998329162598,0.027271680533885956,-12.601998329162598,0.011368527077138424,-8.164498329162598,0.9613598585128784
1516,Japan Exchange : Announcement of completed acquisition of the balancer business from Schmi... #JapanExchange #Stock… https://t.co/3mODefuFt0,1,neutral,1,neutral,neutral,1,0,FinGPT-Bloom-7B1-LoRA,tfns,-11.760461807250977,0.10785679519176483,-9.760461807250977,0.7969599366188049,-11.885461807250977,0.09518329054117203
1517,"Kirkland Lake is buying Detour for $3.7 billion, the latest deal in a wave of consolidation among gold miners https://t.co/peEFjKDxeV",1,neutral,2,positive,positive,0,0,FinGPT-Bloom-7B1-LoRA,tfns,-12.170196533203125,0.03669692575931549,-10.920196533203125,0.12808485329151154,-9.045196533203125,0.8352181911468506
1518,LVMH nears deal to buy Tiffany for $16.3 billion https://t.co/SlI2ZpyYhH,1,neutral,1,neutral,neutral,1,0,FinGPT-Bloom-7B1-LoRA,tfns,-12.571846961975098,0.026730624958872795,-9.384346961975098,0.6476237177848816,-10.071846961975098,0.32564565539360046
1519,M&A Monday: Charles Schwab to buy TD Ameritrade https://t.co/MF0tOYzLjI https://t.co/bwWCGuIzCY,1,neutral,1,neutral,neutral,1,0,FinGPT-Bloom-7B1-LoRA,tfns,-11.837718963623047,0.1146765872836113,-9.900218963623047,0.7960132360458374,-12.087718963623047,0.08931020647287369
1520,"Mairs and Power Sells UPS, Abbott Labs",1,neutral,1,neutral,neutral,1,0,FinGPT-Bloom-7B1-LoRA,tfns,-9.455690383911133,0.40920761227607727,-10.268190383911133,0.18158477544784546,-9.455690383911133,0.40920761227607727
1521,Mall Operator Simon Property Buying a Major Competitor,1,neutral,2,positive,positive,0,0,FinGPT-Bloom-7B1-LoRA,tfns,-12.639266967773438,0.013951826840639114,-13.201766967773438,0.00794951245188713,-8.389266967773438,0.9780986309051514
1522,Mediawan Acquires the Black Dynamite Label to Expand Its Premium Documentary Offer,1,neutral,2,positive,positive,0,0,FinGPT-Bloom-7B1-LoRA,tfns,-12.298541069030762,0.026154164224863052,-10.486041069030762,0.1602136641740799,-8.861041069030762,0.8136321902275085
1523,Medicines : Novartis to buy U.S. biotech The Medicines Co. for $9.7 billion #Medicines #Stock #MarketScreener… https://t.co/TA05wVBHcd,1,neutral,1,neutral,neutral,1,0,FinGPT-Bloom-7B1-LoRA,tfns,-12.259126663208008,0.05075288191437721,-9.759126663208008,0.6182966828346252,-10.384126663208008,0.33095037937164307
1524,"Merger Monday roars back — LVMH buys Tiffany, Charles Schwab buys TD Ameritrade",1,neutral,2,positive,positive,0,0,FinGPT-Bloom-7B1-LoRA,tfns,-12.845932960510254,0.021157996729016304,-12.845932960510254,0.021157996729016304,-9.033432960510254,0.9576840996742249
1525,MGM officially in pursuit of Osaka casino,1,neutral,1,neutral,neutral,1,0,FinGPT-Bloom-7B1-LoRA,tfns,-10.508828163146973,0.3092344403266907,-10.133828163146973,0.4499334692955017,-10.758828163146973,0.24083203077316284
1526,"NOVARTIS : CHF0.50(REGD) Novartis To Acquire The Medicines Company For Usd 9.7 Bn, Adding ... #Novartis #Stock… https://t.co/TEgmm5XKnN",1,neutral,1,neutral,neutral,1,0,FinGPT-Bloom-7B1-LoRA,tfns,-11.587794303894043,0.13614033162593842,-9.900294303894043,0.7359676361083984,-11.650294303894043,0.12789198756217957
1527,"PayPal has struck a deal to acquire Honey, a shopping platform that offers online shoppers discounts and rewards, f… https://t.co/D9FqQbl3Tb",1,neutral,1,neutral,neutral,1,0,FinGPT-Bloom-7B1-LoRA,tfns,-9.190834045410156,0.6206719279289246,-10.440834045410156,0.17782548069953918,-10.315834045410156,0.20150266587734222
1528,Razor maker Edgewell calls off $1.7bn plans to buy rival Harry's https://t.co/m57n68T5WK,1,neutral,2,positive,positive,0,0,FinGPT-Bloom-7B1-LoRA,tfns,-12.255026817321777,0.020724445581436157,-11.567526817321777,0.04121548309922218,-8.442526817321777,0.9380601048469543
1529,Rexford Industrial acquires two industrial properties for $99.7M,1,neutral,1,neutral,neutral,1,0,FinGPT-Bloom-7B1-LoRA,tfns,-11.683306694030762,0.04356580227613449,-8.683306694030762,0.8750425577163696,-11.058306694030762,0.08139164000749588
1530,Shell to buy operating stakes in three oil blocks offshore Colombia,1,neutral,2,positive,positive,0,0,FinGPT-Bloom-7B1-LoRA,tfns,-12.144028663635254,0.041933514177799225,-14.581528663635254,0.0036641096230596304,-9.019028663635254,0.9544023871421814
1531,"Simon's Taubman Deal Shows Mall REITs Undervalued, Analyst Says",1,neutral,1,neutral,neutral,1,0,FinGPT-Bloom-7B1-LoRA,tfns,-10.649567604064941,0.1434929072856903,-9.337067604064941,0.5331408381462097,-9.837067604064941,0.3233662545681
1532,SIX Group Offers to Buy Spanish Exchange BME for $3.1 Billion,1,neutral,2,positive,positive,0,0,FinGPT-Bloom-7B1-LoRA,tfns,-13.380620002746582,0.009648001752793789,-13.818120002746582,0.006229217164218426,-8.755620002746582,0.9841228723526001
1533,Swiss pharma company Novartis has reached a deal to purchase cholesterol drugmaker The Medicines Company for $9.7 b… https://t.co/AmTfZh6WEG,1,neutral,2,positive,positive,0,0,FinGPT-Bloom-7B1-LoRA,tfns,-10.028914451599121,0.2598336935043335,-10.341414451599121,0.19009838998317719,-9.278914451599121,0.5500679016113281
1534,"U.S. Fed approves merger between BB&T, SunTrust Banks",1,neutral,1,neutral,neutral,1,0,FinGPT-Bloom-7B1-LoRA,tfns,-11.655271530151367,0.06912512332201004,-9.155271530151367,0.8421164155006409,-11.405271530151367,0.08875841647386551
1535,UPDATE 1-PSA trade unions give the nod to merger with Fiat,1,neutral,2,positive,positive,0,0,FinGPT-Bloom-7B1-LoRA,tfns,-12.788649559020996,0.01709642820060253,-11.726149559020996,0.04947015643119812,-8.788649559020996,0.9334333539009094
1536,Warner Music Group is teaming up with private equity giant Providence Equity Partners on a new fund to acquire musi… https://t.co/ADPCaF4x9i,1,neutral,1,neutral,neutral,1,0,FinGPT-Bloom-7B1-LoRA,tfns,-11.09596061706543,0.21715028584003448,-10.22096061706543,0.5209164619445801,-10.90846061706543,0.26193323731422424
1537,"WhiteWater Express Acquires Quick N Clean Location, Launching Dedicated Expansion Into Austin",1,neutral,2,positive,positive,0,0,FinGPT-Bloom-7B1-LoRA,tfns,-12.122268676757812,0.0413808710873127,-10.997268676757812,0.12746207416057587,-9.122268676757812,0.8311570286750793
1538,Yum! Tries to Reboot Slumping Pizza Hut,1,neutral,0,negative,negative,0,0,FinGPT-Bloom-7B1-LoRA,tfns,-8.881568908691406,0.9868914484977722,-14.256568908691406,0.004570214543491602,-13.631568908691406,0.008538284339010715
1539,America's manufacturing sector is in a recession. But that is only part of the story. The industry has expanded by... https://t.co/YUtP2dQsAj,0,negative,0,negative,negative,1,0,FinGPT-Bloom-7B1-LoRA,tfns,-8.512341499328613,0.6888056993484497,-10.574841499328613,0.08757181465625763,-9.637341499328613,0.22362247109413147
1540,"Argentina's story: 
⏩ Leaders spend 
⏩ Investors sour 
⏩ Inflation spikes 
⏩ Recession hits
🔃 Repeat 
(via… https://t.co/2AnRzFq7MM",0,negative,1,neutral,neutral,0,0,FinGPT-Bloom-7B1-LoRA,tfns,-9.682014465332031,0.5761168599128723,-10.682014465332031,0.21194157004356384,-10.682014465332031,0.21194157004356384
1541,Brazil coffee production falls 20%,0,negative,0,negative,negative,1,0,FinGPT-Bloom-7B1-LoRA,tfns,-8.62863826751709,0.9951373934745789,-14.37863826751709,0.0031673042103648186,-15.00363826751709,0.0016953358426690102
1542,Brazil is losing one of its most reliable growth drivers as consumer demand plummets https://t.co/pvvdLfR07D,0,negative,0,negative,negative,1,0,FinGPT-Bloom-7B1-LoRA,tfns,-7.582727432250977,0.9222835898399353,-12.020227432250977,0.010906431823968887,-10.207727432250977,0.0668099969625473
1543,Builder confidence slips in November,0,negative,0,negative,negative,1,0,FinGPT-Bloom-7B1-LoRA,tfns,-8.256336212158203,0.9911177158355713,-14.881336212158203,0.001314995577558875,-13.131336212158203,0.007567276246845722
1544,"Canada’s job market unexpectedly weakened for a second-straight month, registering the biggest drop in employment s… https://t.co/YEeyGW71ek",0,negative,0,negative,negative,1,0,FinGPT-Bloom-7B1-LoRA,tfns,-8.066963195800781,0.9681508541107178,-12.379463195800781,0.01297322940081358,-12.004463195800781,0.018875937908887863
1545,China braces for a wave of soured loans with a new bad-debt manager https://t.co/9iDZNKljqu,0,negative,2,positive,positive,0,0,FinGPT-Bloom-7B1-LoRA,tfns,-10.147455215454102,0.21960696578025818,-10.147455215454102,0.21960696578025818,-9.209955215454102,0.5607860684394836
1546,China delays trade data; S&P cuts growth forecast,0,negative,0,negative,negative,1,0,FinGPT-Bloom-7B1-LoRA,tfns,-8.754995346069336,0.9892413020133972,-13.879995346069336,0.005882243625819683,-14.067495346069336,0.00487655121833086
1547,China's first-quarter smartphone sales may halve due to coronavirus: analysts,0,negative,0,negative,negative,1,0,FinGPT-Bloom-7B1-LoRA,tfns,-8.439603805541992,0.9295811057090759,-12.877103805541992,0.010992729105055332,-11.189603805541992,0.05942613258957863
1548,Eurozone PMI Shows Economy Close To Stagnation. Sign up for updates on Seeking Alpha! https://t.co/h0OGX7AT9k #economy #finance #business,0,negative,1,neutral,neutral,0,0,FinGPT-Bloom-7B1-LoRA,tfns,-9.855347633361816,0.26262855529785156,-9.917847633361816,0.2467166930437088,-9.230347633361816,0.49065473675727844
1549,Fitch Ratings adds to the drumbeat of credit assessors warning Oman about its precarious public finances https://t.co/4qw624Ecw2,0,negative,0,negative,negative,1,0,FinGPT-Bloom-7B1-LoRA,tfns,-8.053203582763672,0.9449998736381531,-12.303203582763672,0.013479698449373245,-11.178203582763672,0.04152039811015129
1550,German Economic Weakness Exposed Again as Industry Slumps,0,negative,0,negative,negative,1,0,FinGPT-Bloom-7B1-LoRA,tfns,-8.879810333251953,0.9889302849769592,-14.004810333251953,0.005880394019186497,-14.129810333251953,0.005189429968595505
1551,Germany’s machine makers warned that concerns over investments from China into Europe’s largest economy are at risk… https://t.co/Uwi0ksH0pd,0,negative,0,negative,negative,1,0,FinGPT-Bloom-7B1-LoRA,tfns,-8.522330284118652,0.9155028462409973,-11.084830284118652,0.07059600204229355,-12.709830284118652,0.013901175931096077
1552,Gig workers could increase unemployment claims by another 10%: economist  by @KristinReports https://t.co/NA63QEl64P https://t.co/brqpXRi6De,0,negative,2,positive,positive,0,0,FinGPT-Bloom-7B1-LoRA,tfns,-12.818639755249023,0.015862634405493736,-10.443639755249023,0.17053939402103424,-8.881139755249023,0.8135979175567627
1553,Goldman Sachs sees China lowering its economic growth target for 2020 to 'around 6%' https://t.co/L4v0LbULsq,0,negative,0,negative,negative,1,0,FinGPT-Bloom-7B1-LoRA,tfns,-8.511651039123535,0.9832778573036194,-12.824151039123535,0.013175930827856064,-14.136651039123535,0.003546253778040409
1554,"Half of small businesses fall behind on April rent, poll finds - WSJ https://t.co/mcpS5eh1ao",0,negative,0,negative,negative,1,0,FinGPT-Bloom-7B1-LoRA,tfns,-8.62969970703125,0.9933196306228638,-14.12969970703125,0.004059470258653164,-14.56719970703125,0.00262099108658731
1555,Jobless claims hits 2.5 months high,0,negative,2,positive,positive,0,0,FinGPT-Bloom-7B1-LoRA,tfns,-12.87897777557373,0.004609289579093456,-17.191478729248047,6.176448368933052e-05,-7.503978252410889,0.9953289031982422
1556,Lackluster U.S. retail sales dim fourth quarter economic growth outlook,0,negative,0,negative,negative,1,0,FinGPT-Bloom-7B1-LoRA,tfns,-7.634399890899658,0.9939841628074646,-14.7593994140625,0.0007998922374099493,-12.8843994140625,0.005215953104197979
1557,Larry Kudlow says Dec. 15 tariffs are 'still on the table' https://t.co/ft8Avs632w,0,negative,1,neutral,neutral,0,0,FinGPT-Bloom-7B1-LoRA,tfns,-9.391536712646484,0.6206719279289246,-10.641536712646484,0.17782548069953918,-10.516536712646484,0.20150266587734222
1558,Lebanon Turns to IMF as Fitch Sounds Alarm on Default,0,negative,2,positive,positive,0,0,FinGPT-Bloom-7B1-LoRA,tfns,-9.437907218933105,0.32872897386550903,-11.187907218933105,0.05712452530860901,-8.812907218933105,0.6141465306282043
1559,"March 2020 SCE records a substantial deterioration in financial and economic expectations, including sharp declines… https://t.co/fIdRZPXfcI",0,negative,0,negative,negative,1,0,FinGPT-Bloom-7B1-LoRA,tfns,-8.510516166687012,0.9860435724258423,-13.135516166687012,0.009666831232607365,-13.948016166687012,0.004289630334824324
1560,March SCE results show a sharp deterioration in consumer expectations. Check out the findings at the Center for Mic… https://t.co/FX6qV9aJA7,0,negative,0,negative,negative,1,0,FinGPT-Bloom-7B1-LoRA,tfns,-8.142183303833008,0.9760773777961731,-12.454683303833008,0.013079444877803326,-12.642183303833008,0.010843240655958652
1561,Mass layoffs push Canada consumer confidence to all-time low https://t.co/GVK9N8RK22,0,negative,0,negative,negative,1,0,FinGPT-Bloom-7B1-LoRA,tfns,-8.134347915649414,0.9881565570831299,-13.571847915649414,0.004298822488635778,-13.009347915649414,0.007544667925685644
1562,"Mortgage forbearance requests jump nearly 2,000% as borrowers seek relief during coronavirus outbreak https://t.co/MJ1exQ1C7K",0,negative,2,positive,positive,0,0,FinGPT-Bloom-7B1-LoRA,tfns,-10.037029266357422,0.19311703741550446,-11.537029266357422,0.04309023916721344,-8.662029266357422,0.7637927532196045
1563,Our microeconomists take a look at the substantial deterioration in consumer expectations in March as a result of t… https://t.co/CPp5g9xcpr,0,negative,0,negative,negative,1,0,FinGPT-Bloom-7B1-LoRA,tfns,-7.7635087966918945,0.9885552525520325,-13.013508796691895,0.005187462083995342,-12.826008796691895,0.006257273256778717
1564,Retail sales falls short of expectation,0,negative,0,negative,negative,1,0,FinGPT-Bloom-7B1-LoRA,tfns,-8.627825736999512,0.9947097301483154,-14.690325736999512,0.0023162532597780228,-14.440325736999512,0.0029741283506155014
1565,Revised Mexican data paints an even bleaker picture of a stagnant economy https://t.co/It97z86YO1,0,negative,0,negative,negative,1,0,FinGPT-Bloom-7B1-LoRA,tfns,-8.286771774291992,0.9622441530227661,-12.661771774291992,0.012112867087125778,-11.911771774291992,0.025642938911914825
1566,San Francisco Faces Budget Gap as $6 Billion Can’t Meet Costs,0,negative,2,positive,positive,0,0,FinGPT-Bloom-7B1-LoRA,tfns,-9.595307350158691,0.3717477321624756,-12.782807350158691,0.015343861654400826,-9.095307350158691,0.6129083633422852
1567,Sentiment among U.S. small businesses collapsed in March by the most on record https://t.co/KnB8Bq8MtF https://t.co/stAz2xPazT,0,negative,0,negative,negative,1,0,FinGPT-Bloom-7B1-LoRA,tfns,-8.442465782165527,0.9183053374290466,-12.129965782165527,0.02298932522535324,-11.192465782165527,0.05870529264211655
1568,Spanish Farmers Rise Up Against Unfair Prices Amidst The Worst Agri-Food Crisis In Decades,0,negative,0,negative,negative,1,0,FinGPT-Bloom-7B1-LoRA,tfns,-8.041373252868652,0.9574310779571533,-12.291373252868652,0.013657020404934883,-11.541373252868652,0.028911912813782692
1569,Stock Market Update: November retail sales increase less than expected,0,negative,2,positive,positive,0,0,FinGPT-Bloom-7B1-LoRA,tfns,-12.394524574279785,0.04729118198156357,-15.207024574279785,0.002840056549757719,-9.394524574279785,0.9498688578605652
1570,Substantial deterioration' in consumer expectations: NY Fed survey https://t.co/VxqxsYW0yb by @bcheungz https://t.co/cGQuyU85as,0,negative,0,negative,negative,1,0,FinGPT-Bloom-7B1-LoRA,tfns,-7.742724895477295,0.7633457779884338,-11.492725372314453,0.01795216277241707,-8.992725372314453,0.21870210766792297
1571,Texas manufacturing activity weakens slightly https://t.co/MMbMlGel5P,0,negative,0,negative,negative,1,0,FinGPT-Bloom-7B1-LoRA,tfns,-7.879415035247803,0.9967069029808044,-14.316915512084961,0.0015951315872371197,-14.254415512084961,0.0016980087384581566
1572,The real estate market in downtown Los Angeles is taking a hit as Chinese cash dries up https://t.co/Wg3Roxe9pk,0,negative,2,positive,positive,0,0,FinGPT-Bloom-7B1-LoRA,tfns,-12.093057632446289,0.03864968940615654,-12.530557632446289,0.024954114109277725,-8.905557632446289,0.9363961815834045
1573,The U.S. budget deficit widened in November to $208.8 billion https://t.co/PsXjeUbXvP,0,negative,0,negative,negative,1,0,FinGPT-Bloom-7B1-LoRA,tfns,-8.630096435546875,0.6555809378623962,-11.567596435546875,0.034744516015052795,-9.380096435546875,0.30967453122138977
1574,"U.S. coal production will fall even more sharply than expected this year, dragging down demand for electricity https://t.co/EyVWpQmpUr",0,negative,0,negative,negative,1,0,FinGPT-Bloom-7B1-LoRA,tfns,-8.377884864807129,0.9967233538627625,-14.502884864807129,0.0021803234703838825,-15.190384864807129,0.0010963354725390673
1575,"U.S. economy is in a contraction, says Larry Kudlow, adding that it could reopen in four to eight weeks https://t.co/tgwRWgau7k",0,negative,0,negative,negative,1,0,FinGPT-Bloom-7B1-LoRA,tfns,-8.621217727661133,0.7111391425132751,-10.496217727661133,0.10905672609806061,-9.996217727661133,0.17980413138866425
1576,"U.S. retail sales rise slightly, cast shadow on Q4 economic growth",0,negative,2,positive,positive,0,0,FinGPT-Bloom-7B1-LoRA,tfns,-8.536348342895508,0.48925188183784485,-11.661348342895508,0.021496227011084557,-8.536348342895508,0.48925188183784485
1577,U.S. Stocks Drop on Economic Growth Concerns #SP500 #index #MarketScreener https://t.co/f2nxgBZJfU https://t.co/0IcsN3843x,0,negative,0,negative,negative,1,0,FinGPT-Bloom-7B1-LoRA,tfns,-8.473753929138184,0.8790867328643799,-11.911253929138184,0.028258198872208595,-10.723753929138184,0.09265506267547607
1578,US Proved Oil & Gas Reserves Hit New Record High,0,negative,2,positive,positive,0,0,FinGPT-Bloom-7B1-LoRA,tfns,-13.004000663757324,0.010979698970913887,-15.816500663757324,0.0006593821453861892,-8.504000663757324,0.9883610010147095
1579,Diesel Demand Slump Signals Manufacturing Recession Is Still Raging https://t.co/yKe9QbFfKO,0,negative,0,negative,negative,1,0,FinGPT-Bloom-7B1-LoRA,tfns,-7.9153547286987305,0.9588924646377563,-12.66535472869873,0.00829604547470808,-11.29035472869873,0.032811496406793594
1580,$ECONX: December University of Michigan Consumer Sentiment- Prelim 99.2 vs 96.5 https://t.co/M9gpUZQoF7 consensus;… https://t.co/fmehvuGCH2,2,positive,1,neutral,neutral,0,0,FinGPT-Bloom-7B1-LoRA,tfns,-10.938715934753418,0.25341930985450745,-10.188715934753418,0.5364887118339539,-11.126215934753418,0.2100919783115387
1581,$ECONX: November Nonfarm Payrolls 266K vs 182K https://t.co/M9gpUZQoF7 consensus https://t.co/uPsOqomWWO,2,positive,1,neutral,neutral,0,0,FinGPT-Bloom-7B1-LoRA,tfns,-11.457804679870605,0.07965186983346939,-9.145304679870605,0.8044553995132446,-11.082804679870605,0.11589279025793076
1582,$ECONX: October Wholesale Inventories M/M -0.7% vs +0.2% https://t.co/M9gpUZQoF7 consensus https://t.co/FnLMSxNhlq,2,positive,2,positive,positive,1,0,FinGPT-Bloom-7B1-LoRA,tfns,-10.580334663391113,0.09310487657785416,-11.955334663391113,0.023540599271655083,-8.330334663391113,0.8833544850349426
1583,12.23 Lakh New Jobs Created In September: ESIC Payroll Data,2,positive,2,positive,positive,1,0,FinGPT-Bloom-7B1-LoRA,tfns,-10.943683624267578,0.10550419241189957,-13.193683624267578,0.011120060458779335,-8.818683624267578,0.8833757638931274
1584,"At 11.2%, Air Passenger Growth Returns To Double-Digits In November",2,positive,2,positive,positive,1,0,FinGPT-Bloom-7B1-LoRA,tfns,-13.194381713867188,0.014907334931194782,-14.694381713867188,0.0033262763172388077,-9.006881713867188,0.981766402721405
1585,"Austria is planning the first steps to restart its economy as soon as next week, the first European country to do so https://t.co/wpN1WMrcW5",2,positive,1,neutral,neutral,0,0,FinGPT-Bloom-7B1-LoRA,tfns,-12.519388198852539,0.024141835048794746,-9.206888198852539,0.6627820730209351,-9.956888198852539,0.31307610869407654
1586,Booming London Defies Weak Second Quarter for Britain’s Economy,2,positive,0,negative,negative,0,0,FinGPT-Bloom-7B1-LoRA,tfns,-8.385038375854492,0.98875892162323,-13.760038375854492,0.004578862804919481,-13.385038375854492,0.0066622053273022175
1587,Building permits rise 5% in October to 1.461 million rate,2,positive,2,positive,positive,1,0,FinGPT-Bloom-7B1-LoRA,tfns,-14.12868881225586,0.010909554548561573,-14.56618881225586,0.007043736986815929,-9.62868881225586,0.9820467233657837
1588,Canadian builders began 2020 with a strong rebound in housing starts that is good news for the nation's increasingl… https://t.co/r6YX9IpI51,2,positive,2,positive,positive,1,0,FinGPT-Bloom-7B1-LoRA,tfns,-12.587542533874512,0.018806640058755875,-12.712542533874512,0.016596799716353416,-8.650042533874512,0.9645965099334717
1589,China is buying more U.S. soybeans as both countries try to reach an initial agreement on trade. https://t.co/AXVjY70Yoc,2,positive,2,positive,positive,1,0,FinGPT-Bloom-7B1-LoRA,tfns,-11.859196662902832,0.0325656421482563,-11.046696662902832,0.07338780909776688,-8.546696662902832,0.8940465450286865
1590,"China is in the process of waiving retaliatory tariffs on imports of U.S. pork and soy by domestic companies, a pro… https://t.co/08mZU9TrBX",2,positive,1,neutral,neutral,0,0,FinGPT-Bloom-7B1-LoRA,tfns,-9.419132232666016,0.6442480087280273,-10.294132232666016,0.2685624957084656,-11.419132232666016,0.08718948066234589
1591,"Consumer credit $18.9BN, Exp. $16BN, Last $9.6BN",2,positive,2,positive,positive,1,0,FinGPT-Bloom-7B1-LoRA,tfns,-11.650128364562988,0.037161219865083694,-13.775128364562988,0.004438275005668402,-8.400128364562988,0.9584004878997803
1592,Corporate venture capital deals hit new record as banks invest in fintech competitors https://t.co/yNdMmEYskR,2,positive,0,negative,negative,0,0,FinGPT-Bloom-7B1-LoRA,tfns,-9.055800437927246,0.6043412089347839,-11.180800437927246,0.07217826694250107,-9.680800437927246,0.3234805762767792
1593,"Dubai Economy Grew 2.1% in First Half of 2019, Says Media Office",2,positive,2,positive,positive,1,0,FinGPT-Bloom-7B1-LoRA,tfns,-9.421539306640625,0.4185107946395874,-11.671539306640625,0.04411071538925171,-9.171539306640625,0.5373784899711609
1594,Fannie boosts 2020 real GDP outlook on housing strength,2,positive,2,positive,positive,1,0,FinGPT-Bloom-7B1-LoRA,tfns,-13.69266414642334,0.011604993604123592,-14.19266414642334,0.007038784679025412,-9.25516414642334,0.9813562631607056
1595,Global air passenger traffic has grown at 4% YoY in 2019 ytd while air freight volumes contracted 4% over the same period: BofA,2,positive,2,positive,positive,1,0,FinGPT-Bloom-7B1-LoRA,tfns,-11.839442253112793,0.044042013585567474,-12.964442253112793,0.01429834682494402,-8.776942253112793,0.9416597485542297
1596,"Global Economy Won't See Recession in 2020, Says Quilvest",2,positive,2,positive,positive,1,0,FinGPT-Bloom-7B1-LoRA,tfns,-12.895636558532715,0.014257848262786865,-11.708136558532715,0.04674968495965004,-8.708136558532715,0.9389925003051758
1597,GlobalData : Global sales of psychiatric drugs could reach more than $40bn by 2025 due to ... #GlobalData #Stock… https://t.co/rKWo7oKcgD,2,positive,1,neutral,neutral,0,0,FinGPT-Bloom-7B1-LoRA,tfns,-10.324270248413086,0.3995474874973297,-10.324270248413086,0.3995474874973297,-11.011770248413086,0.20090508460998535
1598,Goldman: Go Long On Fracking,2,positive,2,positive,positive,1,0,FinGPT-Bloom-7B1-LoRA,tfns,-12.198708534240723,0.01163401734083891,-13.136208534240723,0.004555946681648493,-7.761209011077881,0.9838100671768188
1599,Here Is The Main Reason For Today's Blockbuster Jobs Report https://t.co/KEB3cegJ7E,2,positive,1,neutral,neutral,0,0,FinGPT-Bloom-7B1-LoRA,tfns,-11.134621620178223,0.1434929072856903,-9.822121620178223,0.5331408381462097,-10.322121620178223,0.3233662545681
1600,Housing starts climb 3.8% in October to 1.314 million rate,2,positive,2,positive,positive,1,0,FinGPT-Bloom-7B1-LoRA,tfns,-14.19003963470459,0.004327050410211086,-15.62753963470459,0.0010277645196765661,-8.75253963470459,0.9946452379226685
1601,"IHS Markit sees global GDP growth stabilizing at 2.5% in 2020, rising to 2.7% in 2021",2,positive,2,positive,positive,1,0,FinGPT-Bloom-7B1-LoRA,tfns,-12.757454872131348,0.025753475725650787,-13.944954872131348,0.007854367606341839,-9.132454872131348,0.9663920998573303
1602,"Job Growth Surges In January, Beating Wall Street Expectations",2,positive,2,positive,positive,1,0,FinGPT-Bloom-7B1-LoRA,tfns,-8.913688659667969,0.3189471662044525,-12.913688659667969,0.005841720849275589,-8.163688659667969,0.6752110719680786
1603,Job growth swells in January,2,positive,2,positive,positive,1,0,FinGPT-Bloom-7B1-LoRA,tfns,-11.134531021118164,0.012425662018358707,-14.384531021118164,0.00048179522855207324,-6.759531021118164,0.9870926141738892
1604,Jobs Report Should Bolster Fed Confidence: Riccadonna (Radio),2,positive,2,positive,positive,1,0,FinGPT-Bloom-7B1-LoRA,tfns,-12.452019691467285,0.027482684701681137,-14.452019691467285,0.0037193770986050367,-8.889519691467285,0.968798041343689
1605,Mild weather boosts U.S. job growth; but benchmark revisions show ebbing momentum,2,positive,2,positive,positive,1,0,FinGPT-Bloom-7B1-LoRA,tfns,-13.008408546447754,0.025816889479756355,-14.570908546447754,0.005411514081060886,-9.383408546447754,0.9687716364860535
1606,Mnuchin says trade deal with China to boost global economy,2,positive,2,positive,positive,1,0,FinGPT-Bloom-7B1-LoRA,tfns,-14.57114028930664,0.004832389764487743,-13.44614028930664,0.014884809032082558,-9.25864028930664,0.9802829027175903
1607,"RECAP 11/22 TRUMPSAYS:
China deal is coming along very well

Live Breaking trading news
https://t.co/yChRCoaR8v",2,positive,0,negative,negative,0,0,FinGPT-Bloom-7B1-LoRA,tfns,-8.671562194824219,0.6282679438591003,-11.546562194824219,0.03544445335865021,-9.296562194824219,0.33628761768341064
1608,Saudi Arabia's Unemployment Falls to Lowest in Over Three Years,2,positive,0,negative,negative,0,0,FinGPT-Bloom-7B1-LoRA,tfns,-8.388375282287598,0.9849305152893066,-13.325875282287598,0.007064420729875565,-13.200875282287598,0.00800503883510828
1609,"Small Business Roundtable with President Trump: Regulatory Relief is Boosting Revenues, Job Growth and Entrepreneur… https://t.co/5DucI1Vn14",2,positive,1,neutral,neutral,0,0,FinGPT-Bloom-7B1-LoRA,tfns,-9.045953750610352,0.6910218596458435,-10.608453750610352,0.14484605193138123,-10.483453750610352,0.16413208842277527
1610,"Stock Market Update: Housing starts, building permits pick up in October",2,positive,2,positive,positive,1,0,FinGPT-Bloom-7B1-LoRA,tfns,-12.979191780090332,0.009676462039351463,-11.104191780090332,0.06309846043586731,-8.416691780090332,0.9272250533103943
1611,U.K. House Prices Rise 0.4% With Signs of Strengthening Economy,2,positive,2,positive,positive,1,0,FinGPT-Bloom-7B1-LoRA,tfns,-12.818192481994629,0.016882872208952904,-15.005692481994629,0.0018942058086395264,-8.755692481994629,0.981222927570343
1612,U.S. factory and services activity quicken in November: Markit https://t.co/Uvnds2WdjP https://t.co/NlVK9IhoJ1,2,positive,1,neutral,neutral,0,0,FinGPT-Bloom-7B1-LoRA,tfns,-10.341373443603516,0.2786959409713745,-10.216373443603516,0.3158038854598999,-9.966373443603516,0.405500203371048
1613,UMich Consumer Confidence Surges In Early December Read https://t.co/u0HvOhY3Ri,2,positive,2,positive,positive,1,0,FinGPT-Bloom-7B1-LoRA,tfns,-12.304157257080078,0.019493291154503822,-11.554157257080078,0.04126729816198349,-8.429157257080078,0.9392393827438354
1614,United States: JOLTS Job Openings better than estimates at 6.88M #economy #MarketScreener https://t.co/DFfgeUsoXi https://t.co/t52IA8Ih3K,2,positive,0,negative,negative,0,0,FinGPT-Bloom-7B1-LoRA,tfns,-8.122385025024414,0.7892241477966309,-11.247385025024414,0.03467608988285065,-9.622385025024414,0.1760997176170349
1615,"US industrial production snaps back, rises 1.1% in November",2,positive,2,positive,positive,1,0,FinGPT-Bloom-7B1-LoRA,tfns,-13.25302791595459,0.006677406374365091,-14.31552791595459,0.0023076499346643686,-8.25302791595459,0.9910150170326233
1616,WRAPUP 1-U.S. housing starts rise; permits highest in over 12 years,2,positive,2,positive,positive,1,0,FinGPT-Bloom-7B1-LoRA,tfns,-12.87834358215332,0.005216443911194801,-14.87834358215332,0.0007059688214212656,-7.6283440589904785,0.9940776824951172
1617,Zimbabwe to the IMF: “Our fundamentals are now sound” https://t.co/HSSo4iqk7M,2,positive,1,neutral,neutral,0,0,FinGPT-Bloom-7B1-LoRA,tfns,-11.5836820602417,0.1601768434047699,-10.0211820602417,0.7641609907150269,-12.3336820602417,0.07566218823194504
1618,Argentina Hikes Export Taxes to Fund New Leader’s Spending,1,neutral,1,neutral,neutral,1,0,FinGPT-Bloom-7B1-LoRA,tfns,-10.289061546325684,0.2715931236743927,-10.164061546325684,0.3077552914619446,-9.851561546325684,0.4206516444683075
1619,Banque national de Belgique : Press release - Business confidence indicator (2019-11) PDF ...… https://t.co/GpWUf01E3a,1,neutral,1,neutral,neutral,1,0,FinGPT-Bloom-7B1-LoRA,tfns,-10.315638542175293,0.39983558654785156,-10.190638542175293,0.45307305455207825,-11.315638542175293,0.14709128439426422
1620,"Before the coronavirus struck, U.S. job openings stood at nearly 7 million https://t.co/gEijFZ3crn",1,neutral,0,negative,negative,0,0,FinGPT-Bloom-7B1-LoRA,tfns,-8.247272491455078,0.8187286853790283,-10.934772491455078,0.05571518465876579,-10.122272491455078,0.1255561113357544
1621,Britain seeking far-reaching tariff cuts in post Brexit U.S. trade deal,1,neutral,0,negative,negative,0,0,FinGPT-Bloom-7B1-LoRA,tfns,-8.269073486328125,0.9752546548843384,-12.769073486328125,0.01083410158753395,-12.519073486328125,0.013911260291934013
1622,Canada readies Alberta aid package as Frontier deadline nears - Reuters,1,neutral,1,neutral,neutral,1,0,FinGPT-Bloom-7B1-LoRA,tfns,-11.532256126403809,0.1190006360411644,-9.657256126403809,0.775981605052948,-11.657256126403809,0.10501769185066223
1623,China and U.S. 'very close' to phase one trade deal - Global Times https://t.co/t4idLxj9Bz https://t.co/oLkqruR3gU,1,neutral,1,neutral,neutral,1,0,FinGPT-Bloom-7B1-LoRA,tfns,-11.534083366394043,0.177825465798378,-10.284083366394043,0.6206718683242798,-11.409083366394043,0.20150265097618103
1624,"China Delays Trade Statistics, Merges January and February Data",1,neutral,0,negative,negative,0,0,FinGPT-Bloom-7B1-LoRA,tfns,-9.195082664489746,0.4664040505886078,-11.132582664489746,0.06719187647104263,-9.195082664489746,0.4664040505886078
1625,China likely considering disaster clause in Phase 1 deal with U.S.: Global Times,1,neutral,1,neutral,neutral,1,0,FinGPT-Bloom-7B1-LoRA,tfns,-9.320204734802246,0.4068678021430969,-10.445204734802246,0.13209064304828644,-9.195204734802246,0.4610416293144226
1626,"China to raise penalties on IP theft in trade war compromise - SCMP

https://t.co/hVY3zAtMg0",1,neutral,0,negative,negative,0,0,FinGPT-Bloom-7B1-LoRA,tfns,-8.477287292480469,0.8999166488647461,-11.727287292480469,0.03489355370402336,-11.102287292480469,0.06518974155187607
1627,China's mutant pigs could help save the nation from a pork apocalypse. That's if the U.S. doesn't create super swin… https://t.co/wcwdQAmpK4,1,neutral,1,neutral,neutral,1,0,FinGPT-Bloom-7B1-LoRA,tfns,-9.883954048156738,0.4554433524608612,-10.133954048156738,0.35469964146614075,-10.758954048156738,0.18985703587532043
1628,Economy Week Ahead : U.S. Inflation and Chinese Manufacturing Data #EconomyWeekAhead #economy #MarketScreener… https://t.co/v3NCaFfyNy,1,neutral,1,neutral,neutral,1,0,FinGPT-Bloom-7B1-LoRA,tfns,-10.968196868896484,0.21620632708072662,-9.905696868896484,0.6256137490272522,-11.280696868896484,0.15817992389202118
1629,EU trade chief Hogan returns to Washington as auto tariffs loom,1,neutral,2,positive,positive,0,0,FinGPT-Bloom-7B1-LoRA,tfns,-10.704706192016602,0.10186780244112015,-11.517206192016602,0.0452035628259182,-8.579706192016602,0.852928638458252
1630,France’s Le Maire Says Retirement Age Could Be Negotiable,1,neutral,1,neutral,neutral,1,0,FinGPT-Bloom-7B1-LoRA,tfns,-10.107151985168457,0.49065473675727844,-10.794651985168457,0.2467166930437088,-10.732151985168457,0.26262855529785156
1631,"Grain Prices To Hold Steady, Trade Within A Range After A Neutral Inspections Report. Keep reading:… https://t.co/561iJ6W4Kg",1,neutral,1,neutral,neutral,1,0,FinGPT-Bloom-7B1-LoRA,tfns,-11.523641586303711,0.14365924894809723,-9.898641586303711,0.7295619249343872,-11.648641586303711,0.12677884101867676
1632,Greenhouse gas emissions in the U.S. are forecast to decline by a whopping 7.5% this year https://t.co/MjBXKkouHy,1,neutral,0,negative,negative,0,0,FinGPT-Bloom-7B1-LoRA,tfns,-8.172429084777832,0.9430450201034546,-11.672429084777832,0.028477491810917854,-11.672429084777832,0.028477491810917854
1633,IFA Irish Farmers Association : EU COMMISSION INDICATE THAT CAP TRANSITIONAL RULES FACILITATE THE REOPENING OF GLAS… https://t.co/mcHUiy15CH,1,neutral,1,neutral,neutral,1,0,FinGPT-Bloom-7B1-LoRA,tfns,-11.265364646911621,0.17980413138866425,-9.890364646911621,0.7111391425132751,-11.765364646911621,0.10905672609806061
1634,Immigration in Emerging Countries: A Macroeconomic Perspective #Stock #MarketScreener https://t.co/4kg5Pcsr1Q https://t.co/4NJamVTUeX,1,neutral,1,neutral,neutral,1,0,FinGPT-Bloom-7B1-LoRA,tfns,-11.762957572937012,0.10785679519176483,-9.762957572937012,0.7969599366188049,-11.887957572937012,0.09518329054117203
1635,"In Apparent Trade War Compromise, China Issues Guidelines For IP Theft https://t.co/bAIXnkHG0u",1,neutral,1,neutral,neutral,1,0,FinGPT-Bloom-7B1-LoRA,tfns,-11.364716529846191,0.16102652251720428,-9.927216529846191,0.6779469847679138,-11.364716529846191,0.16102652251720428
1636,India is reviewing trade and goods agreements with its Southeast Asian neighbors after opting out of a China-backed… https://t.co/JUB0UJL4SP,1,neutral,1,neutral,neutral,1,0,FinGPT-Bloom-7B1-LoRA,tfns,-9.980727195739746,0.4321405291557312,-10.230727195739746,0.33655136823654175,-10.605727195739746,0.23130816221237183
1637,India Plans Incentives to Bring In Foreign Manufacturers From Tesla to Glaxo,1,neutral,2,positive,positive,0,0,FinGPT-Bloom-7B1-LoRA,tfns,-10.620491027832031,0.11762971431016922,-12.807991027832031,0.01319768838584423,-8.620491027832031,0.8691725730895996
1638,Kenya trade deal seen helping apparel industry,1,neutral,2,positive,positive,0,0,FinGPT-Bloom-7B1-LoRA,tfns,-14.009919166564941,0.005833364091813564,-13.197419166564941,0.013145689852535725,-8.884919166564941,0.9810210466384888
1639,Mexico's economy minister tries to dispel concerns over labor reform #economy #MarketScreener… https://t.co/dZ3UhEBzkv,1,neutral,1,neutral,neutral,1,0,FinGPT-Bloom-7B1-LoRA,tfns,-9.329032897949219,0.6602428555488586,-10.516532897949219,0.20136268436908722,-10.891532897949219,0.13839441537857056
1640,Mnuchin: 'The deficit right now as a percentage of GDP is manageable',1,neutral,1,neutral,neutral,1,0,FinGPT-Bloom-7B1-LoRA,tfns,-11.550065994262695,0.06114935129880905,-8.925065994262695,0.8441407084465027,-11.112565994262695,0.09470996260643005
1641,"Morgan Stanley Sees Lower Truck Capacity, Higher Rates In 2020",1,neutral,0,negative,negative,0,0,FinGPT-Bloom-7B1-LoRA,tfns,-8.354705810546875,0.7615253925323486,-11.979705810546875,0.020293964073061943,-9.604705810546875,0.21818068623542786
1642,Nearly 148 Million Americans Plan to Shop Super Saturday,1,neutral,1,neutral,neutral,1,0,FinGPT-Bloom-7B1-LoRA,tfns,-12.056172370910645,0.04912053793668747,-9.306172370910645,0.768374502658844,-10.743672370910645,0.18250495195388794
1643,Personal Consumption Driving U.S. Market: BBH's Clemons (Radio),1,neutral,1,neutral,neutral,1,0,FinGPT-Bloom-7B1-LoRA,tfns,-11.122028350830078,0.14332883059978485,-9.559528350830078,0.6837835907936096,-10.934528350830078,0.17288756370544434
1644,Q4 GDP: Trudging Along. https://t.co/IQebEf5ooz #business #stockmarket #stocks,1,neutral,1,neutral,neutral,1,0,FinGPT-Bloom-7B1-LoRA,tfns,-10.091879844665527,0.1910584717988968,-9.341879844665527,0.4044707715511322,-9.341879844665527,0.4044707715511322
1645,"Retail Loans To Double To Rs 96 Lakh-Crore In Five Years, Says Crisil",1,neutral,2,positive,positive,0,0,FinGPT-Bloom-7B1-LoRA,tfns,-9.677263259887695,0.2671428322792053,-13.364763259887695,0.006687788758426905,-8.677263259887695,0.7261694073677063
1646,"Robert Tombs: 'There may be some short-term disturbance. But Brexit is economically rational' 
https://t.co/GznnjuD55S",1,neutral,0,negative,negative,0,0,FinGPT-Bloom-7B1-LoRA,tfns,-9.342181205749512,0.7638782262802124,-11.342181205749512,0.10337967425584793,-11.092181205749512,0.13274212181568146
1647,The U.S. and China are reportedly taking steps to delay the next round of American tariffs set for Sunday as they s… https://t.co/HWzU8RAkIt,1,neutral,1,neutral,neutral,1,0,FinGPT-Bloom-7B1-LoRA,tfns,-8.445276260375977,0.8247780203819275,-10.570276260375977,0.09850569069385529,-10.820276260375977,0.07671630382537842
1648,Top economist lowers recession risk for 2020 but says hurdles remain via @TradingNation) https://t.co/0uYhHyIugr,1,neutral,0,negative,negative,0,0,FinGPT-Bloom-7B1-LoRA,tfns,-8.277737617492676,0.9712854623794556,-12.590237617492676,0.013015232980251312,-12.402737617492676,0.015699367970228195
1649,U.S. consumer credit increased at faster pace in February https://t.co/VvjV1lEi7x,1,neutral,2,positive,positive,0,0,FinGPT-Bloom-7B1-LoRA,tfns,-11.762312889099121,0.037018563598394394,-13.262312889099121,0.00825995858758688,-8.512312889099121,0.9547213912010193
1650,US GDP over time https://t.co/HQRrC4a1Pt,1,neutral,0,negative,negative,0,0,FinGPT-Bloom-7B1-LoRA,tfns,-9.482369422912598,0.4499340355396271,-10.294869422912598,0.19965702295303345,-9.732369422912598,0.35040897130966187
1651,Worker and environment safeguards among changes in new USMCA trade deal #economy #MarketScreener… https://t.co/GbXqn0s4Pa,1,neutral,1,neutral,neutral,1,0,FinGPT-Bloom-7B1-LoRA,tfns,-10.422364234924316,0.3316044509410858,-10.172364234924316,0.4257885217666626,-10.734864234924316,0.242606982588768
1652,Poland's reserve assets in March 2020 #Stock #MarketScreener https://t.co/sTZKhR4svG https://t.co/HFyO8rcjDZ,1,neutral,1,neutral,neutral,1,0,FinGPT-Bloom-7B1-LoRA,tfns,-11.014716148376465,0.14958974719047546,-9.389716148376465,0.7596794962882996,-11.514716148376465,0.09073077887296677
1653,New Zealand's resurgent housing market could get a rate-cut boost https://t.co/OMD3CqZ03T,1,neutral,2,positive,positive,0,0,FinGPT-Bloom-7B1-LoRA,tfns,-11.731184959411621,0.06938689202070236,-12.543684959411621,0.030790245160460472,-9.168684959411621,0.8998228907585144
1654,Richmond Fed Business Survey Shockingly Rises... Here's Why  https://t.co/c4DsjNAHPS,1,neutral,0,negative,negative,0,0,FinGPT-Bloom-7B1-LoRA,tfns,-8.517704963684082,0.9826962947845459,-13.080204963684082,0.010255356319248676,-13.455204963684082,0.007048395927995443
1655,Asia markets mostly fall as China's trade data gets delayed - CNBC,0,negative,0,negative,negative,1,0,FinGPT-Bloom-7B1-LoRA,tfns,-8.883357048034668,0.9835985898971558,-13.258357048034668,0.012381679378449917,-14.383357048034668,0.0040197428315877914
1656,China Risks Exporting Market Volatility Like Never Before,0,negative,0,negative,negative,1,0,FinGPT-Bloom-7B1-LoRA,tfns,-8.2941255569458,0.9500883221626282,-12.2941255569458,0.017401475459337234,-11.6691255569458,0.03251023218035698
1657,"Dow closes about 102 points, 0.4%, lower",0,negative,0,negative,negative,1,0,FinGPT-Bloom-7B1-LoRA,tfns,-8.380675315856934,0.9927132725715637,-13.818175315856934,0.004318645689636469,-14.193175315856934,0.0029681590385735035
1658,Dow falls 0.5%;S&P 500 falls 0.3% at Friday's open,0,negative,0,negative,negative,1,0,FinGPT-Bloom-7B1-LoRA,tfns,-8.6275053024292,0.9962931275367737,-15.6275053024292,0.0009085017372854054,-14.5025053024292,0.0027983826585114002
1659,Dow is down over 500 points. Here's what you need to know now:  https://t.co/hvgRljuQji,0,negative,1,neutral,neutral,0,0,FinGPT-Bloom-7B1-LoRA,tfns,-7.9727559089660645,0.6849371194839478,-9.972755432128906,0.09269621223211288,-9.097755432128906,0.22236663103103638
1660,Dow Jones Industrial Average 8 points lower,0,negative,0,negative,negative,1,0,FinGPT-Bloom-7B1-LoRA,tfns,-8.753798484802246,0.9930596351623535,-14.191298484802246,0.004320152569562197,-14.691298484802246,0.002620304934680462
1661,Final-hour selloff costs stocks all their gains Tuesday as the Dow ends down 26 https://t.co/Sc6WQUz66L https://t.co/OGoPceRsWB,0,negative,0,negative,negative,1,0,FinGPT-Bloom-7B1-LoRA,tfns,-8.510804176330566,0.9832136631011963,-12.948304176330566,0.011626958847045898,-13.760804176330566,0.00515943206846714
1662,Futures extend declines after January jobs data,0,negative,0,negative,negative,1,0,FinGPT-Bloom-7B1-LoRA,tfns,-8.753661155700684,0.993365466594696,-14.816161155700684,0.00231312308460474,-14.191161155700684,0.004321482963860035
1663,Higher tariffs threat weigh on global markets,0,negative,0,negative,negative,1,0,FinGPT-Bloom-7B1-LoRA,tfns,-8.128740310668945,0.996208906173706,-14.753740310668945,0.0013217504601925611,-14.128740310668945,0.002469355007633567
1664,"Japanese shares fall led by IT sector, as Trump warns of more tariffs",0,negative,0,negative,negative,1,0,FinGPT-Bloom-7B1-LoRA,tfns,-9.131414413452148,0.9878987669944763,-13.693914413452148,0.010309649631381035,-15.443914413452148,0.001791548216715455
1665,"Nasdaq-100 futures fall 20 points, or 0.2%",0,negative,0,negative,negative,1,0,FinGPT-Bloom-7B1-LoRA,tfns,-8.502765655517578,0.9940094947814941,-14.190265655517578,0.003367756260558963,-14.440265655517578,0.002622811356559396
1666,S&P Futures Crater 40 Points In One Tick On Huge For Sell Closing Imbalance  https://t.co/CFb8vKL8Hu,0,negative,2,positive,positive,0,0,FinGPT-Bloom-7B1-LoRA,tfns,-10.864109992980957,0.08796703070402145,-10.489109992980957,0.12799127399921417,-8.676609992980957,0.7840416431427002
1667,Stock Market Live Updates: Markets lower as US-China trade optimism dissipates,0,negative,0,negative,negative,1,0,FinGPT-Bloom-7B1-LoRA,tfns,-8.883654594421387,0.9829582571983337,-13.571154594421387,0.009052732028067112,-13.696154594421387,0.007989008910953999
1668,"Stock Market Update: Asia closes mixed, Asia trades lower",0,negative,0,negative,negative,1,0,FinGPT-Bloom-7B1-LoRA,tfns,-8.879173278808594,0.9918426275253296,-14.066673278808594,0.0055403877049684525,-14.816673278808594,0.0026170937344431877
1669,Stock Market Update: Futures slip lower following trade tweet from CNBC reporter,0,negative,0,negative,negative,1,0,FinGPT-Bloom-7B1-LoRA,tfns,-8.753360748291016,0.9949401617050171,-14.315860748291016,0.0038197410758584738,-15.440860748291016,0.0012400883715599775
1670,Stock Market Update: Semiconductor stocks pull back after Qualcomm earnings,0,negative,0,negative,negative,1,0,FinGPT-Bloom-7B1-LoRA,tfns,-8.981778144836426,0.6749568581581116,-13.669278144836426,0.006216137204319239,-9.731778144836426,0.3188270628452301
1671,Stock-index futures turn negative,0,negative,2,positive,positive,0,0,FinGPT-Bloom-7B1-LoRA,tfns,-12.010321617126465,0.015888085588812828,-14.635321617126465,0.0011509290197864175,-7.885321617126465,0.9829609990119934
1672,Stocks hit lows of the day as oil briefly plunges more than 9% https://t.co/JhUWpIRPRb https://t.co/hqK9nGcKy1,0,negative,0,negative,negative,1,0,FinGPT-Bloom-7B1-LoRA,tfns,-7.8826189041137695,0.9936624765396118,-13.57011890411377,0.0033665806986391544,-13.69511890411377,0.0029709970112890005
1673,Stocks hit lows of the day as oil plunges briefly plunges more than 9% https://t.co/JhUWpIRPRb https://t.co/WS7bbpWEQh,0,negative,0,negative,negative,1,0,FinGPT-Bloom-7B1-LoRA,tfns,-7.8832268714904785,0.9940999150276184,-13.508227348327637,0.0035852824803441763,-13.945727348327637,0.002314832294359803
1674,Stocks open lower on trade deal skepticism,0,negative,0,negative,negative,1,0,FinGPT-Bloom-7B1-LoRA,tfns,-8.878511428833008,0.9929730892181396,-14.691011428833008,0.0029689359944313765,-14.378511428833008,0.004058054182678461
1675,The Dow is down more than 500 points as Friday's selloff intensifies https://t.co/tK5DeT4k4V,0,negative,0,negative,negative,1,0,FinGPT-Bloom-7B1-LoRA,tfns,-7.89953088760376,0.9767546057701111,-12.774531364440918,0.007457609288394451,-12.024531364440918,0.01578775979578495
1676,"The S&P 500's chart is signaling a near-term pullback, technical analyst warns (via @TradingNation) https://t.co/VxNKIV5SRR",0,negative,0,negative,negative,1,0,FinGPT-Bloom-7B1-LoRA,tfns,-8.636626243591309,0.9881565570831299,-13.511626243591309,0.007544667925685644,-14.074126243591309,0.004298822488635778
1677,"Trade, U.S. Elections Are Top Market Risks, Says Goldman Sachs's Moe",0,negative,0,negative,negative,1,0,FinGPT-Bloom-7B1-LoRA,tfns,-8.51968765258789,0.9729781746864319,-12.70718765258789,0.014773892238736153,-12.89468765258789,0.01224798709154129
1678,$XLF $BAC $C - Fed fires a dud as financial sector plunges https://t.co/OwDNvwPYyd,0,negative,0,negative,negative,1,0,FinGPT-Bloom-7B1-LoRA,tfns,-8.130805015563965,0.9957965612411499,-14.005805015563965,0.00279698777012527,-14.693305015563965,0.0014064137358218431
1679,$SUMRX: Overnight Summary -- World markets extending gains overnight https://t.co/pjuCZNd5jf,2,positive,2,positive,positive,1,0,FinGPT-Bloom-7B1-LoRA,tfns,-12.384604454040527,0.0290681142359972,-13.634604454040527,0.008328153751790524,-8.884604454040527,0.9626036882400513
1680,$TALKX: Market Briefing: Market still riding hope of COVID-19 plateauing https://t.co/P3bUqinQVx,2,positive,2,positive,positive,1,0,FinGPT-Bloom-7B1-LoRA,tfns,-9.902253150939941,0.22362247109413147,-10.839753150939941,0.08757181465625763,-8.777253150939941,0.6888056993484497
1681,All three benchmarks trade in record territory,2,positive,1,neutral,neutral,0,0,FinGPT-Bloom-7B1-LoRA,tfns,-12.82848072052002,0.025028686970472336,-9.89098072052002,0.47225669026374817,-9.82848072052002,0.5027146339416504
1682,Asian markets gain amid fresh hopes for U.S.-China trade deal https://t.co/NPIyhoJPU1,2,positive,2,positive,positive,1,0,FinGPT-Bloom-7B1-LoRA,tfns,-12.581341743469238,0.03441132232546806,-13.081341743469238,0.020871521905064583,-9.268841743469238,0.9447172284126282
1683,Asian shares advance after Fed keeps interest rates steady,2,positive,2,positive,positive,1,0,FinGPT-Bloom-7B1-LoRA,tfns,-12.508833885192871,0.01793355494737625,-14.321333885192871,0.0029275724664330482,-8.508833885192871,0.9791389107704163
1684,Bulletproof stock market shakes off negative trade headlines and keeps marching to records,2,positive,2,positive,positive,1,0,FinGPT-Bloom-7B1-LoRA,tfns,-9.694311141967773,0.37241920828819275,-13.006811141967773,0.0135653680190444,-9.194311141967773,0.6140154600143433
1685,"Dow ends nearly 1,600 points higher on hopes coronavirus peak is near https://t.co/XgNjVJHoqW",2,positive,2,positive,positive,1,0,FinGPT-Bloom-7B1-LoRA,tfns,-12.819093704223633,0.01681661047041416,-13.881593704223633,0.005811664741486311,-8.756593704223633,0.9773717522621155
1686,"Dow Industrials Surge 1,200 Points at Start of Challenging Week #MarriottInternational #Stock #MarketScreener… https://t.co/jOKR9otBgR",2,positive,2,positive,positive,1,0,FinGPT-Bloom-7B1-LoRA,tfns,-9.534079551696777,0.276090145111084,-11.034079551696777,0.06160403788089752,-8.659079551696777,0.6623058319091797
1687,"Dow jumps 170 points, Amazon leads S&P 500 and Nasdaq to record highs - CNBC",2,positive,2,positive,positive,1,0,FinGPT-Bloom-7B1-LoRA,tfns,-14.501832962036133,0.004066206980496645,-15.939332962036133,0.0009658086928538978,-9.001832962036133,0.9949679970741272
1688,Dow scores triple-digit gain on rosier investor view of U.S.-China trade talks https://t.co/Dh7QlYLIjn,2,positive,2,positive,positive,1,0,FinGPT-Bloom-7B1-LoRA,tfns,-11.689373970031738,0.05139528214931488,-12.001873970031738,0.037601590156555176,-8.814373970031738,0.9110031127929688
1689,"Dow up 26 points, or 0.1%; S&P 500 adds 1 point",2,positive,2,positive,positive,1,0,FinGPT-Bloom-7B1-LoRA,tfns,-13.440960884094238,0.00141027697827667,-16.628461837768555,5.820905425935052e-05,-6.8784613609313965,0.9985314607620239
1690,Emerging Markets Get Fresh Boost of Hope Over Trade Deal,2,positive,2,positive,positive,1,0,FinGPT-Bloom-7B1-LoRA,tfns,-13.133103370666504,0.01792273297905922,-14.758103370666504,0.0035291954409331083,-9.133103370666504,0.9785480499267578
1691,European shares extend winning streak; Qiagen jumps as company explores sale,2,positive,2,positive,positive,1,0,FinGPT-Bloom-7B1-LoRA,tfns,-12.255622863769531,0.010979698970913887,-15.068122863769531,0.0006593821453861892,-7.755622863769531,0.9883610010147095
1692,Futures climb on China plan to cut tariffs on U.S. products,2,positive,0,negative,negative,0,0,FinGPT-Bloom-7B1-LoRA,tfns,-7.811934947967529,0.8388630747795105,-11.811934471130371,0.015364320017397404,-9.561934471130371,0.14577260613441467
1693,Futures Fly On Trade Optimism Amid Barrage Of Megamergers https://t.co/zcIHhcFH6d,2,positive,2,positive,positive,1,0,FinGPT-Bloom-7B1-LoRA,tfns,-11.858270645141602,0.03668691962957382,-9.858270645141602,0.27108168601989746,-8.920770645141602,0.6922313570976257
1694,"Global stocks gain after China cuts U.S. import tariffs, virus fears wane",2,positive,0,negative,negative,0,0,FinGPT-Bloom-7B1-LoRA,tfns,-8.512137413024902,0.851709246635437,-11.762137413024902,0.03302435204386711,-10.512137413024902,0.11526631563901901
1695,Here's what has futures higher to kick off the holiday week https://t.co/uSCSLhgCrA,2,positive,2,positive,positive,1,0,FinGPT-Bloom-7B1-LoRA,tfns,-13.879254341125488,0.005202591419219971,-14.316754341125488,0.0033590453676879406,-8.629254341125488,0.9914383888244629
1696,Hong Kong Stocks Nearly Recover Post-Holiday Losses With Rally,2,positive,0,negative,negative,0,0,FinGPT-Bloom-7B1-LoRA,tfns,-8.164396286010742,0.9588924646377563,-12.914396286010742,0.00829604547470808,-11.539396286010742,0.032811496406793594
1697,Industrials Up As Global Growth Fears Subside -- Industrials Roundup #economy #MarketScreener… https://t.co/xfOVrpXf6N,2,positive,2,positive,positive,1,0,FinGPT-Bloom-7B1-LoRA,tfns,-11.695557594299316,0.06274422258138657,-11.570557594299316,0.07109851390123367,-9.070557594299316,0.8661572337150574
1698,Muni-Bond Bankers Brace For Record Year In 2020: Mysak (Radio),2,positive,2,positive,positive,1,0,FinGPT-Bloom-7B1-LoRA,tfns,-9.997602462768555,0.17918892204761505,-12.310102462768555,0.017742104828357697,-8.497602462768555,0.803068995475769
1699,Nasdaq hits record at closing bell as investors digest  phase onetrade deal,2,positive,2,positive,positive,1,0,FinGPT-Bloom-7B1-LoRA,tfns,-13.193153381347656,0.01167533453553915,-15.630653381347656,0.0010201793629676104,-8.755653381347656,0.9873045086860657
1700,"Nasdaq-100 futures rise 18 points, or 0.2%",2,positive,2,positive,positive,1,0,FinGPT-Bloom-7B1-LoRA,tfns,-14.12786865234375,0.005874107126146555,-14.06536865234375,0.006252954248338938,-9.00286865234375,0.9878729581832886
1701,NYSI buy signal that triggered last week remains modestly above the 8 EMA level https://t.co/Lbo5oN8Mjn,2,positive,2,positive,positive,1,0,FinGPT-Bloom-7B1-LoRA,tfns,-12.400793075561523,0.02688485197722912,-11.275793075561523,0.08281116932630539,-8.900793075561523,0.8903039693832397
1702,S&P 500 Price Forecast – Stock Markets Break To A Fresh New High - Yahoo Finance,2,positive,2,positive,positive,1,0,FinGPT-Bloom-7B1-LoRA,tfns,-11.649405479431152,0.06715036183595657,-14.086905479431152,0.005867532920092344,-9.024405479431152,0.9269821047782898
1703,"S&P 500, Nasdaq Composite post record close as stocks rise",2,positive,2,positive,positive,1,0,FinGPT-Bloom-7B1-LoRA,tfns,-13.57703685760498,0.004743875935673714,-11.63953685760498,0.03292902559041977,-8.26453685760498,0.9623271822929382
1704,"S&P 500, Nasdaq hit record closing highs; Chinese workers return",2,positive,2,positive,positive,1,0,FinGPT-Bloom-7B1-LoRA,tfns,-14.378046035766602,0.0031527902465313673,-13.690546035766602,0.006270071491599083,-8.628046035766602,0.990577220916748
1705,"S&P 500, Nasdaq reach record closing highs; Chinese workers return",2,positive,2,positive,positive,1,0,FinGPT-Bloom-7B1-LoRA,tfns,-13.819297790527344,0.003787494730204344,-12.881797790527344,0.009671706706285477,-8.256797790527344,0.9865408539772034
1706,"S&P 500, Nasdaq see closing highs; Slack halted for coming news https://t.co/cMizm4ImP6 https://t.co/vlKQ67OJDo",2,positive,0,negative,negative,0,0,FinGPT-Bloom-7B1-LoRA,tfns,-7.8968682289123535,0.9795548319816589,-12.459368705749512,0.01022256724536419,-12.459368705749512,0.01022256724536419
1707,S&P rises 5% https://t.co/YKsHWgtNcP https://t.co/CqiMPLAknF,2,positive,2,positive,positive,1,0,FinGPT-Bloom-7B1-LoRA,tfns,-10.254587173461914,0.24026742577552795,-11.067087173461914,0.1066180169582367,-9.254587173461914,0.6531144976615906
1708,"So far, the train is coming in right on schedule; Dow up 25% off the lows. $BA consolidating its run up.",2,positive,0,negative,negative,0,0,FinGPT-Bloom-7B1-LoRA,tfns,-7.840624809265137,0.8526225686073303,-11.778124809265137,0.016623495146632195,-9.715624809265137,0.13075390458106995
1709,Stock Market Heads Off A Correction – For Now.,2,positive,1,neutral,neutral,0,0,FinGPT-Bloom-7B1-LoRA,tfns,-11.395834922790527,0.11912297457456589,-9.708334922790527,0.6439726948738098,-10.708334922790527,0.2369043380022049
1710,"Stock market live updates: Dow futures up 800 points, set to add to 1,600-point Monday rally https://t.co/kOL2DaUNTc",2,positive,2,positive,positive,1,0,FinGPT-Bloom-7B1-LoRA,tfns,-13.004822731018066,0.015838585793972015,-14.317322731018066,0.004262897651642561,-8.879822731018066,0.9798985719680786
1711,Stock Market Update: Global stocks begin the week on higher note,2,positive,2,positive,positive,1,0,FinGPT-Bloom-7B1-LoRA,tfns,-11.949694633483887,0.0026308961678296328,-14.137194633483887,0.0002951785281766206,-6.0121941566467285,0.9970740079879761
1712,"Stock Market Update: Global stocks gain, with indices in Hong Kong and the UK outperforming",2,positive,2,positive,positive,1,0,FinGPT-Bloom-7B1-LoRA,tfns,-13.066773414611816,0.006289027631282806,-16.879274368286133,0.0001389426033711061,-8.004273414611816,0.9935719966888428
1713,Stock Market Update: S&P 500 financials sector up more than 4% this month,2,positive,2,positive,positive,1,0,FinGPT-Bloom-7B1-LoRA,tfns,-13.06559944152832,0.006284551694989204,-15.06559944152832,0.0008505216101184487,-8.00309944152832,0.9928648471832275
1714,Stock Market Update: Stock market drifts in record territory,2,positive,2,positive,positive,1,0,FinGPT-Bloom-7B1-LoRA,tfns,-12.121031761169434,0.03870820999145508,-12.621031761169434,0.023477716371417046,-8.933531761169434,0.9378140568733215
1715,"Stock Market Update: Stock market posts incremental gains, closes at new highs",2,positive,2,positive,positive,1,0,FinGPT-Bloom-7B1-LoRA,tfns,-13.752941131591797,0.004609287716448307,-18.065441131591797,6.176448368933052e-05,-8.377941131591797,0.9953289031982422
1716,StockBeat - Chip Stocks Rise as Huawei Granted Another Reprieve on Trade Ban,2,positive,2,positive,positive,1,0,FinGPT-Bloom-7B1-LoRA,tfns,-11.162959098815918,0.10550419241189957,-13.412959098815918,0.011120060458779335,-9.037959098815918,0.8833757638931274
1717,"Stock-index futures extend gains after jobless claims, productivity data",2,positive,2,positive,positive,1,0,FinGPT-Bloom-7B1-LoRA,tfns,-12.69219970703125,0.006285986863076687,-15.00469970703125,0.000622396997641772,-7.62969970703125,0.9930915832519531
1718,Stocks aim for back-to-back gains as investors focus on coronavirus case tally https://t.co/QBhdB4ipyD,2,positive,2,positive,positive,1,0,FinGPT-Bloom-7B1-LoRA,tfns,-12.77304458618164,0.019951272755861282,-12.83554458618164,0.01874248869717121,-8.89804458618164,0.9613062143325806
1719,"STOCKS AT THE OPEN:
- Dow up 3.90% 
- Nasdaq up 2.68% 
- S&P up 2.76% https://t.co/xVranG4Mbz",2,positive,2,positive,positive,1,0,FinGPT-Bloom-7B1-LoRA,tfns,-12.026082038879395,0.04126729816198349,-12.776082038879395,0.019493291154503822,-8.901082038879395,0.9392393827438354
1720,Stocks open higher as major indexes extend push into record territory,2,positive,2,positive,positive,1,0,FinGPT-Bloom-7B1-LoRA,tfns,-13.440703392028809,0.008045592345297337,-14.815703392028809,0.002034243894740939,-8.628203392028809,0.9899201393127441
1721,"Stocks open higher on rosy data, waning virus fears",2,positive,2,positive,positive,1,0,FinGPT-Bloom-7B1-LoRA,tfns,-13.876866340637207,0.004605392459779978,-15.501866340637207,0.0009068555082194507,-8.501866340637207,0.9944878220558167
1722,Stocks perk up after Fed decision https://t.co/ZB8lFGcKVJ,2,positive,2,positive,positive,1,0,FinGPT-Bloom-7B1-LoRA,tfns,-13.697237014770508,0.0077643911354243755,-10.447237014770508,0.20024627447128296,-9.072237014770508,0.7919893860816956
1723,"Stocks rose after China moves to step up intellectual property protection, a step that investors hope may address k… https://t.co/8zp2mKCwub",2,positive,2,positive,positive,1,0,FinGPT-Bloom-7B1-LoRA,tfns,-11.253067016601562,0.09452575445175171,-11.065567016601562,0.11401982605457306,-9.128067016601562,0.7914544343948364
1724,"STOCKS SURGE INTO THE CLOSE:
- Dow up 7.59% 
- Nasdaq up 7.35% 
- S&P up 6.95% https://t.co/jPsgrFNxpg",2,positive,2,positive,positive,1,0,FinGPT-Bloom-7B1-LoRA,tfns,-11.24038028717041,0.07006147503852844,-12.42788028717041,0.021367542445659637,-8.67788028717041,0.9085710048675537
1725,Tech stocks led all three major U.S. stock averages marginally into the black following upbeat statements on the U.… https://t.co/S2BkUCDmcx,2,positive,0,negative,negative,0,0,FinGPT-Bloom-7B1-LoRA,tfns,-8.582170486450195,0.7161876559257507,-10.644670486450195,0.09105303883552551,-9.894670486450195,0.19275930523872375
1726,The market bounced back after President Trump said the US and China are “potentially very close” on a trade deal. T… https://t.co/VC5V93JFh4,2,positive,1,neutral,neutral,0,0,FinGPT-Bloom-7B1-LoRA,tfns,-10.346590995788574,0.23652377724647522,-10.534090995788574,0.1960851103067398,-9.471590995788574,0.5673910975456238
1727,TSX opens higher on signs of coronavirus slowdown #TSX #economy #MarketScreener https://t.co/VfqXgfaNR8 https://t.co/myrDnZCInx,2,positive,0,negative,negative,0,0,FinGPT-Bloom-7B1-LoRA,tfns,-8.39489459991455,0.9780986309051514,-12.64489459991455,0.013951826840639114,-13.20739459991455,0.00794951245188713
1728,U.S. Stock Futures Extend Gain on China’s Tariff Olive Branch,2,positive,2,positive,positive,1,0,FinGPT-Bloom-7B1-LoRA,tfns,-14.004081726074219,0.008546924218535423,-14.879081726074219,0.00356288836337626,-9.254081726074219,0.9878901839256287
1729,U.S. Stocks Rise as China Calls for Better Communication on Trade #SP500 #index #MarketScreener… https://t.co/CjoXFIEvMP,2,positive,2,positive,positive,1,0,FinGPT-Bloom-7B1-LoRA,tfns,-10.697273254394531,0.14260292053222656,-11.197273254394531,0.08649303764104843,-9.009773254394531,0.7709040641784668
1730,U.S. stocks surged the most in more than a week on Monday after death tolls in some of the hardest-hit areas showed… https://t.co/DV1WcXSaWi,2,positive,0,negative,negative,0,0,FinGPT-Bloom-7B1-LoRA,tfns,-8.745235443115234,0.6614004969596863,-10.682735443115234,0.09528378397226334,-9.745235443115234,0.2433156669139862
1731,Wall Street closes up more than 7% on hopes of slowing coronavirus deaths https://t.co/6LFK79ATeS https://t.co/P5K3BNR7Uf,2,positive,0,negative,negative,0,0,FinGPT-Bloom-7B1-LoRA,tfns,-8.194249153137207,0.9430450201034546,-11.694249153137207,0.028477491810917854,-11.694249153137207,0.028477491810917854
1732,Wall Street scraps its recession assumptions after robust jobs data https://t.co/oOuPFD2gWp https://t.co/4yICZnGl4z,2,positive,0,negative,negative,0,0,FinGPT-Bloom-7B1-LoRA,tfns,-8.600211143493652,0.7068886160850525,-11.662711143493652,0.033061619848012924,-9.600211143493652,0.26004981994628906
1733,While market strain triggered by the coronavirus pandemic has eased since the Federal Reserve's historic interventi… https://t.co/ZFb0jzOH7h,2,positive,0,negative,negative,0,0,FinGPT-Bloom-7B1-LoRA,tfns,-8.295682907104492,0.8279687166213989,-10.920682907104492,0.059977855533361435,-10.295682907104492,0.11205337941646576
1734,Why the markets 'look clean' into 2019 year-end,2,positive,2,positive,positive,1,0,FinGPT-Bloom-7B1-LoRA,tfns,-10.618365287780762,0.11251559108495712,-10.305865287780762,0.15379057824611664,-8.743365287780762,0.7336937785148621
1735,"As Stocks Soar, Credit Markets Are Starting To CCCrack https://t.co/hitGrlXQTA",1,neutral,1,neutral,neutral,1,0,FinGPT-Bloom-7B1-LoRA,tfns,-10.078569412231445,0.4192289710044861,-10.328569412231445,0.32649585604667664,-10.578569412231445,0.25427523255348206
1736,At the open (11/25/2019) https://t.co/ttg1gN94y0,1,neutral,1,neutral,neutral,1,0,FinGPT-Bloom-7B1-LoRA,tfns,-11.572587966918945,0.06733691692352295,-9.010087966918945,0.8732384443283081,-11.697587966918945,0.05942462384700775
1737,"Banks, Energy, Metals lag just about every day...mega-strong day for growth w/ Software, Biotech, Payments leading",1,neutral,0,negative,negative,0,0,FinGPT-Bloom-7B1-LoRA,tfns,-8.762811660766602,0.9806222915649414,-13.137811660766602,0.01234421320259571,-13.700311660766602,0.00703351991251111
1738,Bloomberg Markets: China Open Full Show (02/07/2020),1,neutral,1,neutral,neutral,1,0,FinGPT-Bloom-7B1-LoRA,tfns,-11.310474395751953,0.07866515964269638,-9.747974395751953,0.3752904534339905,-9.372974395751953,0.5460444092750549
1739,Dow- Chemically Speaking,1,neutral,1,neutral,neutral,1,0,FinGPT-Bloom-7B1-LoRA,tfns,-9.337275505065918,0.2877883017063141,-9.837275505065918,0.17455242574214935,-8.712275505065918,0.5376593470573425
1740,Dow Jones News: Apple Production Problems; Boeing Upgraded,1,neutral,0,negative,negative,0,0,FinGPT-Bloom-7B1-LoRA,tfns,-8.7557954788208,0.7727140188217163,-13.6307954788208,0.0058997441083192825,-10.0057954788208,0.22138628363609314
1741,General Announcement::Notice of Special General Meeting #SingaporeExchange #Stock #MarketScreener… https://t.co/l8vypusOGz,1,neutral,1,neutral,neutral,1,0,FinGPT-Bloom-7B1-LoRA,tfns,-12.1319580078125,0.07081196457147598,-9.6319580078125,0.8626663088798523,-12.1944580078125,0.06652168929576874
1742,London Stock Exchange : Directorate Changes #LondonStockExchange #Stock #MarketScreener https://t.co/iHF2CmkWmV https://t.co/DXnGasOWPn,1,neutral,1,neutral,neutral,1,0,FinGPT-Bloom-7B1-LoRA,tfns,-11.44846248626709,0.1110386922955513,-9.51096248626709,0.770761251449585,-11.38596248626709,0.11820007115602493
1743,London Stock Exchange : Euronext Dublin Market Notice Replacement #LondonStockExchange #Stock #MarketScreener… https://t.co/D6vaZQOvk5,1,neutral,1,neutral,neutral,1,0,FinGPT-Bloom-7B1-LoRA,tfns,-11.449451446533203,0.11260250210762024,-9.636951446533203,0.6897739768028259,-10.886951446533203,0.19762355089187622
1744,London Stock Exchange : Notice of Satisfaction and Discharge #LondonStockExchange #Stock #MarketScreener… https://t.co/Y5wqz33i9o,1,neutral,1,neutral,neutral,1,0,FinGPT-Bloom-7B1-LoRA,tfns,-12.755890846252441,0.05647443234920502,-10.005890846252441,0.883408784866333,-12.693390846252441,0.0601167231798172
1745,"Market Recap: Friday, Dec. 13",1,neutral,1,neutral,neutral,1,0,FinGPT-Bloom-7B1-LoRA,tfns,-10.908164024353027,0.09311216324567795,-8.783164024353027,0.7796186208724976,-10.595664024353027,0.12726923823356628
1746,News Highlights : Top Global Markets News of the Day #NewsHighlights #economy #MarketScreener… https://t.co/70WlBhNOkd,1,neutral,1,neutral,neutral,1,0,FinGPT-Bloom-7B1-LoRA,tfns,-11.17758560180664,0.18978415429592133,-9.92758560180664,0.6624118089675903,-11.42758560180664,0.14780405163764954
1747,NYSE Closing Bell 🔔:     Telecom Argentina (NYSE: TEO) celebrates their 25th Anniversary Listing https://t.co/EemF9wG8iW,1,neutral,1,neutral,neutral,1,0,FinGPT-Bloom-7B1-LoRA,tfns,-11.525233268737793,0.14583167433738708,-9.900233268737793,0.7405944466590881,-11.775233268737793,0.1135738417506218
1748,On the hour,1,neutral,1,neutral,neutral,1,0,FinGPT-Bloom-7B1-LoRA,tfns,-11.268952369689941,0.06274422258138657,-8.643952369689941,0.8661572337150574,-11.143952369689941,0.07109851390123367
1749,On the hour https://t.co/A3Li2E7VIs,1,neutral,1,neutral,neutral,1,0,FinGPT-Bloom-7B1-LoRA,tfns,-11.761382102966309,0.057235538959503174,-9.011382102966309,0.8953145146369934,-11.948882102966309,0.047449931502342224
1750,On the hour https://t.co/G9BZLeFZTD,1,neutral,1,neutral,neutral,1,0,FinGPT-Bloom-7B1-LoRA,tfns,-11.14172649383545,0.08092222362756729,-8.76672649383545,0.8699959516525269,-11.64172649383545,0.049081817269325256
1751,Stock Market Update: Defensive-minded investors,1,neutral,1,neutral,neutral,1,0,FinGPT-Bloom-7B1-LoRA,tfns,-10.171181678771973,0.19811409711837769,-9.296181678771973,0.4752510190010071,-9.671181678771973,0.32663494348526
1752,Stock Market Update: Stocks hold steady; UK rallies on Conservative Party victory,1,neutral,2,positive,positive,0,0,FinGPT-Bloom-7B1-LoRA,tfns,-13.1237154006958,0.014169646427035332,-11.8112154006958,0.05264662578701973,-8.9362154006958,0.9331837296485901
1753,"Stocks Rally, Oil Drops at Start of Challenging Week #SP500 #index #MarketScreener https://t.co/zvaSvRqcdt https://t.co/Pw0UVqFuo3",1,neutral,0,negative,negative,0,0,FinGPT-Bloom-7B1-LoRA,tfns,-8.54637336730957,0.7081995606422424,-10.98387336730957,0.06188178434967995,-9.67137336730957,0.2299187332391739
1754,UPDATE 2-European stocks end flat as defensive gains offset auto slide,1,neutral,2,positive,positive,0,0,FinGPT-Bloom-7B1-LoRA,tfns,-12.205945014953613,0.044357333332300186,-14.018445014953613,0.007241134997457266,-9.143445014953613,0.9484015703201294
1755,Utilities Flat On Mixed Trade Signals -- Utilities Roundup #economy #MarketScreener https://t.co/5L2LBQYBZd https://t.co/I2k8OZxnCh,1,neutral,2,positive,positive,0,0,FinGPT-Bloom-7B1-LoRA,tfns,-10.038106918334961,0.11526631563901901,-11.288106918334961,0.03302435204386711,-8.038106918334961,0.851709246635437
1756,Wall Street flat with all eyes on China news briefing,1,neutral,2,positive,positive,0,0,FinGPT-Bloom-7B1-LoRA,tfns,-11.13129711151123,0.05942462384700775,-11.00629711151123,0.06733691692352295,-8.44379711151123,0.8732384443283081
1757,Week ahead on Wall Street #economy #MarketScreener https://t.co/gSr3hoOMQT https://t.co/sNnufj18DG,1,neutral,0,negative,negative,0,0,FinGPT-Bloom-7B1-LoRA,tfns,-9.029486656188965,0.4749179184436798,-10.529486656188965,0.10596851259469986,-9.154486656188965,0.4191135764122009
1758,"YTD Performance:
Dow Jones: Red
30Y: +9%

https://t.co/scCDfO2eUv https://t.co/sO1bMzirbY",1,neutral,2,positive,positive,0,0,FinGPT-Bloom-7B1-LoRA,tfns,-9.768701553344727,0.24106448888778687,-12.456201553344727,0.016404643654823303,-8.643701553344727,0.7425309419631958
1759,$EWW $MXF $MXE - White House is pushing to get USMCA through Congress this year https://t.co/YoGu0kKCCp,1,neutral,2,positive,positive,0,0,FinGPT-Bloom-7B1-LoRA,tfns,-8.87983512878418,0.4266066253185272,-11.69233512878418,0.025619719177484512,-8.62983512878418,0.5477737188339233
1760,"95% Approval Rate in the Republican Party, a record! Thank you!",1,neutral,2,positive,positive,0,0,FinGPT-Bloom-7B1-LoRA,tfns,-9.901010513305664,0.18122132122516632,-13.213510513305664,0.006600986700505018,-8.401010513305664,0.8121775984764099
1761,"Ahead of the election, Johnson and Corbyn will go head-to-head one final time https://t.co/JBpUPSYX28",1,neutral,1,neutral,neutral,1,0,FinGPT-Bloom-7B1-LoRA,tfns,-11.155173301696777,0.1931384801864624,-9.905173301696777,0.6741195321083069,-11.530173301696777,0.1327420026063919
1762,"AOC to Trump: ""Try to keep up."" https://t.co/e8eaVUSivO",1,neutral,1,neutral,neutral,1,0,FinGPT-Bloom-7B1-LoRA,tfns,-11.141616821289062,0.13186293840408325,-9.391616821289062,0.7588188648223877,-11.329116821289062,0.10931822657585144
1763,At Least One Republican Still Knows Right From Wrong,1,neutral,1,neutral,neutral,1,0,FinGPT-Bloom-7B1-LoRA,tfns,-10.230902671813965,0.250031441450119,-9.480902671813965,0.5293165445327759,-10.355902671813965,0.22065196931362152
1764,"Attorney General William Barr said Jeffrey Epstein's death was a ""perfect storm of screw-ups"" in an interview with… https://t.co/uhYQ9CcGIR",1,neutral,1,neutral,neutral,1,0,FinGPT-Bloom-7B1-LoRA,tfns,-10.124385833740234,0.4438842535018921,-10.124385833740234,0.4438842535018921,-11.499385833740234,0.11223151534795761
1765,Barr acknowledges for the first time that Rudy Giuliani has been giving the Justice Department information he colle… https://t.co/IfJxvcsYnF,1,neutral,1,neutral,neutral,1,0,FinGPT-Bloom-7B1-LoRA,tfns,-11.017860412597656,0.20678530633449554,-9.767860412597656,0.7217516303062439,-12.080360412597656,0.07146308571100235
1766,Barr says DOJ will review information from Trump lawyer Giuliani's probe of Bidens in Ukraine https://t.co/T6DEg719nu,1,neutral,1,neutral,neutral,1,0,FinGPT-Bloom-7B1-LoRA,tfns,-10.917163848876953,0.35975831747055054,-10.542163848876953,0.5234452486038208,-12.042163848876953,0.11679642647504807
1767,Bernie Sanders Campaign Calls for Recalculation of Iowa Caucus Results,1,neutral,1,neutral,neutral,1,0,FinGPT-Bloom-7B1-LoRA,tfns,-12.029243469238281,0.07572312653064728,-9.654243469238281,0.8141003251075745,-11.654243469238281,0.11017649620771408
1768,"Bloomberg takes untested path to 2020, skipping key contests https://t.co/q6Kk8BhQul",1,neutral,1,neutral,neutral,1,0,FinGPT-Bloom-7B1-LoRA,tfns,-10.721152305603027,0.14952333271503448,-9.221152305603027,0.6701170802116394,-10.533652305603027,0.18035957217216492
1769,Boris Johnson's Brexit Is More “Slow Deal” Than “No Deal”,1,neutral,0,negative,negative,0,0,FinGPT-Bloom-7B1-LoRA,tfns,-9.251749038696289,0.7327851057052612,-10.689249038696289,0.17405173182487488,-11.314249038696289,0.09316316246986389
1770,Brazil minister says it's 'impossible' to put value on Eletrobras privatization #Stock #MarketScreener… https://t.co/1E69L1a2YD,1,neutral,1,neutral,neutral,1,0,FinGPT-Bloom-7B1-LoRA,tfns,-9.115554809570312,0.6624122858047485,-10.240554809570312,0.21505378186702728,-10.803054809570312,0.12253396213054657
1771,Brazil’s President Jair Bolsonaro launched a new prospective political party on Thursday after resigning from the S… https://t.co/tbD5UIfAfX,1,neutral,1,neutral,neutral,1,0,FinGPT-Bloom-7B1-LoRA,tfns,-9.351476669311523,0.6136342883110046,-10.476476669311523,0.19921787083148956,-10.538976669311523,0.18714787065982819
1772,Brexit or Corbyn? U.K. Business Agonizes Over Election Choice,1,neutral,2,positive,positive,0,0,FinGPT-Bloom-7B1-LoRA,tfns,-9.652200698852539,0.2554152309894562,-11.277200698852539,0.05029423534870148,-8.652200698852539,0.6942905187606812
1773,"Buchanan: Democrats' Diversity - But, Only In The Back Of The Bus https://t.co/qV0eC7uXHd",1,neutral,1,neutral,neutral,1,0,FinGPT-Bloom-7B1-LoRA,tfns,-12.069405555725098,0.0758955106139183,-9.631905555725098,0.8685781359672546,-12.381905555725098,0.05552634224295616
1774,Buttigieg officially wins largest delegate count at Iowa,1,neutral,2,positive,positive,0,0,FinGPT-Bloom-7B1-LoRA,tfns,-13.16561508178711,0.010471334680914879,-11.66561508178711,0.046929262578487396,-8.66561508178711,0.9425994157791138
1775,Canada rail workers’ strike tests weakened Trudeau https://t.co/158wnVBdda,1,neutral,0,negative,negative,0,0,FinGPT-Bloom-7B1-LoRA,tfns,-8.399016380310059,0.985156774520874,-12.961516380310059,0.0102810338139534,-13.774016380310059,0.004562181420624256
1776,"Chinese President Xi Jinping makes his first public appearance in almost two weeks, as public anger over the corona… https://t.co/NlHHyxVrKj",1,neutral,1,neutral,neutral,1,0,FinGPT-Bloom-7B1-LoRA,tfns,-10.305821418762207,0.4034309387207031,-10.180821418762207,0.45714715123176575,-11.368321418762207,0.1394219994544983
1777,Congress may finally have a definition for insider trading https://t.co/CFdwMhlgp0 by @bcheungz https://t.co/UfdeFYiKXA,1,neutral,1,neutral,neutral,1,0,FinGPT-Bloom-7B1-LoRA,tfns,-9.17083740234375,0.41360628604888916,-9.29583740234375,0.3650062680244446,-9.79583740234375,0.22138750553131104
1778,Conservative party manifesto plays down rightwing populism https://t.co/5zVnaDLs3R,1,neutral,0,negative,negative,0,0,FinGPT-Bloom-7B1-LoRA,tfns,-8.690858840942383,0.9706661105155945,-12.503358840942383,0.021444806829094887,-13.503358840942383,0.007889104075729847
1779,Conservatives make very modest spending pledges https://t.co/AN39zlwf9x,1,neutral,1,neutral,neutral,1,0,FinGPT-Bloom-7B1-LoRA,tfns,-10.546591758728027,0.26207253336906433,-9.671591758728027,0.6286793351173401,-11.421591758728027,0.1092480793595314
1780,Corbyn effect? British utility debt boosted by nationalisation bet,1,neutral,2,positive,positive,0,0,FinGPT-Bloom-7B1-LoRA,tfns,-14.002961158752441,0.005205580964684486,-14.627961158752441,0.002786346711218357,-8.752961158752441,0.9920080900192261
1781,Defiant Netanyahu on the attack over bribery charges as opponents circle https://t.co/fusfekaylD,1,neutral,1,neutral,neutral,1,0,FinGPT-Bloom-7B1-LoRA,tfns,-10.921549797058105,0.25078821182250977,-9.921549797058105,0.6817129850387573,-12.234049797058105,0.06749872863292694
1782,"Democrats are desperate to catch up with the Trump campaign, and are investing heavily in an array of campaigning t… https://t.co/coWOf2D8s5",1,neutral,1,neutral,neutral,1,0,FinGPT-Bloom-7B1-LoRA,tfns,-10.312980651855469,0.4301718473434448,-10.312980651855469,0.4301718473434448,-11.437980651855469,0.13965635001659393
1783,Democrats going back to their Districts for Thanksgiving are getting absolutely hammered by their constituents over… https://t.co/IXzP5VLroK,1,neutral,0,negative,negative,0,0,FinGPT-Bloom-7B1-LoRA,tfns,-8.71230411529541,0.6544018983840942,-10.21230411529541,0.14601680636405945,-9.89980411529541,0.1995812952518463
1784,Divided Hong Kong to hold its first elections since the protests began https://t.co/EvKKblxVNy,1,neutral,1,neutral,neutral,1,0,FinGPT-Bloom-7B1-LoRA,tfns,-10.631057739257812,0.2966410517692566,-10.006057739257812,0.5541984438896179,-11.318557739257812,0.1491604894399643
1785,Former impeachment witness Monica Lewinsky has thoughts about today's vote. https://t.co/HXpdNVJOVU,1,neutral,1,neutral,neutral,1,0,FinGPT-Bloom-7B1-LoRA,tfns,-11.029221534729004,0.18940365314483643,-9.654221534729004,0.7491059899330139,-12.154221534729004,0.061490364372730255
1786,Former PM Blair: Don't hold your breath for UK-U.S. trade deal https://t.co/z1Dgv1wuu8 https://t.co/gGZHw8JLbf,1,neutral,1,neutral,neutral,1,0,FinGPT-Bloom-7B1-LoRA,tfns,-11.760358810424805,0.06188178434967995,-9.322858810424805,0.7081995606422424,-10.447858810424805,0.2299187332391739
1787,"Former U.S. Treasury Secretary Hank Paulson says calls to oust Chinese companies from U.S. stock indexes was a ""ter… https://t.co/DnZPvA3iem",1,neutral,1,neutral,neutral,1,0,FinGPT-Bloom-7B1-LoRA,tfns,-10.56860065460205,0.43973392248153687,-10.69360065460205,0.38806381821632385,-11.50610065460205,0.17220227420330048
1788,Giuliani associate wants to testify that Nunes aides hid Ukraine meetings from Schiff https://t.co/C6piHsuV86,1,neutral,1,neutral,neutral,1,0,FinGPT-Bloom-7B1-LoRA,tfns,-11.261831283569336,0.13892070949077606,-9.511831283569336,0.7994335293769836,-12.074331283569336,0.06164569407701492
1789,Gloves Off In the Dem Primary,1,neutral,2,positive,positive,0,0,FinGPT-Bloom-7B1-LoRA,tfns,-12.381085395812988,0.010968462564051151,-14.256085395812988,0.001682068221271038,-7.881085395812988,0.9873494505882263
1790,Governments are now using the fine print of financial regulations to fight climate change https://t.co/RHswy7NjwW,1,neutral,1,neutral,neutral,1,0,FinGPT-Bloom-7B1-LoRA,tfns,-9.940820693969727,0.4865780174732208,-10.315820693969727,0.3344198763370514,-10.940820693969727,0.1790020763874054
1791,Here’s the status of impeachment—and all the other Trump investigations—right now https://t.co/OVfzlrjhoD,1,neutral,1,neutral,neutral,1,0,FinGPT-Bloom-7B1-LoRA,tfns,-10.307045936584473,0.3714003562927246,-9.932045936584473,0.5403843522071838,-11.744545936584473,0.08821531385183334
1792,"He's in to ""defeat Donald Trump and rebuild America."" https://t.co/yjMVTaO1Zy",1,neutral,1,neutral,neutral,1,0,FinGPT-Bloom-7B1-LoRA,tfns,-12.32883071899414,0.12994563579559326,-10.51633071899414,0.7960135340690613,-12.89133071899414,0.07404079288244247
1793,"Highlight: @jessicaasmith8 on impeachment: 'At 1pm today, they are set to start debating on the call for witnesses.... https://t.co/bmlxbClUk2",1,neutral,1,neutral,neutral,1,0,FinGPT-Bloom-7B1-LoRA,tfns,-10.331626892089844,0.3802836239337921,-10.081626892089844,0.48829385638237,-11.394126892089844,0.1314225047826767
1794,"Hillary should give it another try, but this time don’t forget Wisconsin, Pennsylvania, Michigan, North Carolina &… https://t.co/NqyY73nZwh",1,neutral,1,neutral,neutral,1,0,FinGPT-Bloom-7B1-LoRA,tfns,-12.381168365478516,0.10092692822217941,-10.256168365478516,0.8450508117675781,-13.006168365478516,0.05402228981256485
1795,"Hong Kong, China, And U.K. Election Hopes Fan Modest Risk-Taking. Read more and sign up for updates:… https://t.co/NezVnEBTQu",1,neutral,1,neutral,neutral,1,0,FinGPT-Bloom-7B1-LoRA,tfns,-9.737164497375488,0.5278618335723877,-10.299664497375488,0.30076658725738525,-10.862164497375488,0.17137163877487183
1796,"House Democrats are starting to compress weeks of depositions, documents and testimony into a report almost certain… https://t.co/YVq2saxmBU",1,neutral,1,neutral,neutral,1,0,FinGPT-Bloom-7B1-LoRA,tfns,-10.64788818359375,0.24182955920696259,-9.64788818359375,0.657360851764679,-11.52288818359375,0.10080955177545547
1797,House Democrats roll out articles of impeachment against Trump https://t.co/HRjKKXqIUZ,1,neutral,1,neutral,neutral,1,0,FinGPT-Bloom-7B1-LoRA,tfns,-11.066071510314941,0.2850135266780853,-10.316071510314941,0.6033735871315002,-12.003571510314941,0.11161290109157562
1798,How Bernie Sanders is helping Mike Bloomberg,1,neutral,1,neutral,neutral,1,0,FinGPT-Bloom-7B1-LoRA,tfns,-11.490178108215332,0.06366956233978271,-9.115178108215332,0.6845123767852783,-10.115178108215332,0.25181806087493896
1799,"India, Maldives To Hold Joint Commission Meeting On Friday After Gap Of Over Four Years",1,neutral,2,positive,positive,0,0,FinGPT-Bloom-7B1-LoRA,tfns,-11.073407173156738,0.12067142128944397,-12.135907173156738,0.04170292243361473,-9.135907173156738,0.8376256227493286
1800,"Irish PM Varadkar Set to Lose Power, Betting Odds Signal",1,neutral,0,negative,negative,0,0,FinGPT-Bloom-7B1-LoRA,tfns,-8.811291694641113,0.9087598919868469,-12.811291694641113,0.016644518822431564,-11.311291694641113,0.07459555566310883
1801,Is @BernieSanders the nightmare China never saw coming? Read @JimCramer's full take on @RealMoney:… https://t.co/B6Stje9N0Q,1,neutral,1,neutral,neutral,1,0,FinGPT-Bloom-7B1-LoRA,tfns,-10.900849342346191,0.28297653794288635,-10.150849342346191,0.5990613102912903,-11.775849342346191,0.11796215921640396
1802,Japan’s Abe Says Olympics Won’t Be Postponed Amid Virus Fears,1,neutral,2,positive,positive,0,0,FinGPT-Bloom-7B1-LoRA,tfns,-11.422722816467285,0.09483929723501205,-14.297722816467285,0.005350467283278704,-9.172722816467285,0.899810254573822
1803,"Joe Biden really called a young woman a 'lying, dog-faced pony soldier' https://t.co/Op3dEnYE7J",1,neutral,1,neutral,neutral,1,0,FinGPT-Bloom-7B1-LoRA,tfns,-10.511686325073242,0.4922131299972534,-10.761686325073242,0.3833359479904175,-11.886686325073242,0.12445096671581268
1804,"Joe Biden says Lindsey Graham, his longtime friend and Senate colleague, will regret pursuing an investigation of t… https://t.co/ssRfufKbNq",1,neutral,0,negative,negative,0,0,FinGPT-Bloom-7B1-LoRA,tfns,-8.237800598144531,0.9388911128044128,-11.300300598144531,0.04391252249479294,-12.237800598144531,0.01719639077782631
1805,"Joe Leahy: The elections in Hong Kong are unlikely to put a stop to the months of often violent demonstrations
https://t.co/qkkbaHCyhm",1,neutral,0,negative,negative,0,0,FinGPT-Bloom-7B1-LoRA,tfns,-8.62480354309082,0.9206305742263794,-11.93730354309082,0.0335339680314064,-11.62480354309082,0.04583549499511719
1806,Joe Walsh to Back ‘Any Democrat’ Over Trump After Ending GOP Bid,1,neutral,1,neutral,neutral,1,0,FinGPT-Bloom-7B1-LoRA,tfns,-10.41818904876709,0.28571540117263794,-10.29318904876709,0.32375797629356384,-10.10568904876709,0.3905266523361206
1807,Johnson Offers Business an Olive Branch as U.K. Election Revs Up,1,neutral,2,positive,positive,0,0,FinGPT-Bloom-7B1-LoRA,tfns,-13.405733108520508,0.012131714262068272,-12.718233108520508,0.024126796051859856,-9.030733108520508,0.9637414813041687
1808,"Kerry said Biden can put back together ""the world Donald Trump has smashed apart.” https://t.co/oWEJtFQtfH",1,neutral,1,neutral,neutral,1,0,FinGPT-Bloom-7B1-LoRA,tfns,-9.766992568969727,0.48829385638237,-10.016992568969727,0.3802836239337921,-11.079492568969727,0.1314225047826767
1809,LIVE: Trump speaks at the White House Summit on Human Trafficking https://t.co/hOfqfruYnn,1,neutral,1,neutral,neutral,1,0,FinGPT-Bloom-7B1-LoRA,tfns,-11.887727737426758,0.11017649620771408,-9.887727737426758,0.8141003251075745,-12.262727737426758,0.07572312653064728
1810,Merkel Demands an End to CDU’s ‘Unforgivable’ Far-Right Deal,1,neutral,1,neutral,neutral,1,0,FinGPT-Bloom-7B1-LoRA,tfns,-11.2912015914917,0.18522551655769348,-9.9162015914917,0.7325811386108398,-12.1037015914917,0.08219332247972488
1811,Mike Bloomberg's $300 million campaign ad blitz has been a boon for local TV broadcasters. https://t.co/XBxs3SzFrZ https://t.co/JKkMJzQKw0,1,neutral,0,negative,negative,0,0,FinGPT-Bloom-7B1-LoRA,tfns,-8.823125839233398,0.6401338577270508,-10.260625839233398,0.1520451307296753,-9.948125839233398,0.2078210413455963
1812,Ocasio-Cortez smacks Trump with her political resume after the president calls out the ‘Do Nothing Democrats’ https://t.co/1DDdgmocj6,1,neutral,1,neutral,neutral,1,0,FinGPT-Bloom-7B1-LoRA,tfns,-10.772868156433105,0.2447284758090973,-9.772868156433105,0.6652408838272095,-11.772868156433105,0.09003056585788727
1813,Pelosi’s attempt to chew gum and walk with Trump https://t.co/yCkgA84SXQ,1,neutral,1,neutral,neutral,1,0,FinGPT-Bloom-7B1-LoRA,tfns,-11.022829055786133,0.20483624935150146,-9.772829055786133,0.7149487137794495,-11.960329055786133,0.08021502196788788
1814,Pete Buttigieg has a big new plan to shake up the retirement system https://t.co/O57CHHZ7vr by @benwerschkul https://t.co/WyoQrR7scs,1,neutral,1,neutral,neutral,1,0,FinGPT-Bloom-7B1-LoRA,tfns,-10.753698348999023,0.15635079145431519,-10.003698348999023,0.3309946358203888,-9.566198348999023,0.5126545429229736
1815,Pete Buttigieg sees surge in support from business execs after his strong showing in Iowa https://t.co/ZFfMXbQuBV,1,neutral,2,positive,positive,0,0,FinGPT-Bloom-7B1-LoRA,tfns,-13.602762222290039,0.007669366896152496,-10.977762222290039,0.10587234795093536,-8.852762222290039,0.8864582777023315
1816,President of Russia : Meeting with First Vice-President of Azerbaijan Mehriban Aliyeva #PresidentofRussia #economy… https://t.co/zeu0FK5NhH,1,neutral,1,neutral,neutral,1,0,FinGPT-Bloom-7B1-LoRA,tfns,-11.143488883972168,0.167952761054039,-9.643488883972168,0.7527120113372803,-11.893488883972168,0.07933525741100311
1817,Presidential campaigns are paying millions to Big Tech companies (while also bashing them),1,neutral,1,neutral,neutral,1,0,FinGPT-Bloom-7B1-LoRA,tfns,-10.24158000946045,0.3588271737098694,-9.99158000946045,0.4607432186603546,-10.92908000946045,0.1804296374320984
1818,Prime Minister Defends Citizenship Amendment Act; Says His Government Kept Prices Under Check,1,neutral,1,neutral,neutral,1,0,FinGPT-Bloom-7B1-LoRA,tfns,-10.116913795471191,0.24368178844451904,-9.616913795471191,0.40176334977149963,-9.741913795471191,0.3545548915863037
1819,Prince Andrew Opens the Door to a Slimmed-Down Monarchy,1,neutral,0,negative,negative,0,0,FinGPT-Bloom-7B1-LoRA,tfns,-8.865837097167969,0.8833544850349426,-12.490837097167969,0.023540599271655083,-11.115837097167969,0.09310487657785416
1820,"Ruth Bader Ginsburg was hospitalized Friday night with chills and a fever, but her condition has improved and she e… https://t.co/Uzz8z59JRO",1,neutral,2,positive,positive,0,0,FinGPT-Bloom-7B1-LoRA,tfns,-12.359461784362793,0.02091512829065323,-11.921961784362793,0.032393984496593475,-8.546961784362793,0.9466909766197205
1821,Schumer warns of reckoning for Republican senators who vote against witnesses in impeachment trial https://t.co/pNoCeqhkiu,1,neutral,0,negative,negative,0,0,FinGPT-Bloom-7B1-LoRA,tfns,-8.860381126403809,0.8962607383728027,-11.297881126403809,0.0783143863081932,-12.422881126403809,0.025424961000680923
1822,Scotland's first minister has sought to reassure restive members of her Scottish National party that Brexit will pa... https://t.co/4KDYlhWfdJ,1,neutral,1,neutral,neutral,1,0,FinGPT-Bloom-7B1-LoRA,tfns,-9.6450834274292,0.4077838361263275,-10.2075834274292,0.2323482185602188,-9.7700834274292,0.35986799001693726
1823,Singapore’s Democratic Party Forced To Correct “Fake News” By Its Government,1,neutral,0,negative,negative,0,0,FinGPT-Bloom-7B1-LoRA,tfns,-8.744458198547363,0.5922008156776428,-10.619458198547363,0.0908169373869896,-9.369458198547363,0.3169822692871094
1824,"Sinn Fein surged to take 25% of the popular vote in Ireland's election on Saturday.

But the popular vote is not re… https://t.co/Q9lBBk9AsS",1,neutral,2,positive,positive,0,0,FinGPT-Bloom-7B1-LoRA,tfns,-11.168983459472656,0.07443060725927353,-12.543983459472656,0.01881900243461132,-8.668983459472656,0.9067503809928894
1825,Tory manifesto leaves door open to no-deal Brexit https://t.co/Qca426gTj9,1,neutral,1,neutral,neutral,1,0,FinGPT-Bloom-7B1-LoRA,tfns,-10.55862045288086,0.28297653794288635,-9.80862045288086,0.5990613102912903,-11.43362045288086,0.11796215921640396
1826,"Trump Attends Army-Navy Game, Tells Players to ‘Make a Fortune’",1,neutral,1,neutral,neutral,1,0,FinGPT-Bloom-7B1-LoRA,tfns,-11.90021800994873,0.11735960841178894,-10.02521800994873,0.7652807235717773,-11.90021800994873,0.11735960841178894
1827,Trump Budget Would Ax Loan Program Sought to Revive Lordstown Plant,1,neutral,1,neutral,neutral,1,0,FinGPT-Bloom-7B1-LoRA,tfns,-11.24685001373291,0.1596352458000183,-9.93435001373291,0.5931168794631958,-10.80935001373291,0.24724788963794708
1828,"Trump budget would cut loan program used by Tesla, Ford https://t.co/7MnkFWUnrp",1,neutral,0,negative,negative,0,0,FinGPT-Bloom-7B1-LoRA,tfns,-8.404870986938477,0.9720519185066223,-12.779870986938477,0.012236327864229679,-12.529870986938477,0.01571175642311573
1829,Trump Impeachment Win Clears Path for Emboldened President,1,neutral,1,neutral,neutral,1,0,FinGPT-Bloom-7B1-LoRA,tfns,-12.201168060302734,0.058896567672491074,-9.513668060302734,0.8654787540435791,-11.951168060302734,0.07562468945980072
1830,Trump is pitting public-health advocates against vaping proponents and tobacco executives in an unusual White House… https://t.co/WQXxSDufKW,1,neutral,1,neutral,neutral,1,0,FinGPT-Bloom-7B1-LoRA,tfns,-10.580974578857422,0.40920761227607727,-10.580974578857422,0.40920761227607727,-11.393474578857422,0.18158477544784546
1831,Trump is rolling back regulations enacted after industry disasters—setting off alarm bells with public safety advoc… https://t.co/kwqWfHZC2Z,1,neutral,1,neutral,neutral,1,0,FinGPT-Bloom-7B1-LoRA,tfns,-9.533510208129883,0.4896801710128784,-10.283510208129883,0.23130853474140167,-10.096010208129883,0.2790113389492035
1832,Trump Plays the Game of Gaming the Presidential Debates,1,neutral,1,neutral,neutral,1,0,FinGPT-Bloom-7B1-LoRA,tfns,-11.58956241607666,0.1520451158285141,-10.15206241607666,0.640133798122406,-11.27706241607666,0.20782102644443512
1833,Trump questions the downsides of banning flavored e-cigarettes in heated meeting https://t.co/O6IdEw5BWm,1,neutral,0,negative,negative,0,0,FinGPT-Bloom-7B1-LoRA,tfns,-7.896008014678955,0.9810402989387512,-12.271008491516113,0.012349468655884266,-12.896008491516113,0.0066101946868002415
1834,Trump said Secretary of State Michael Pompeo would “win in a landslide” if he runs for the U.S. Senate in Kansas https://t.co/wglRqHIeT8,1,neutral,1,neutral,neutral,1,0,FinGPT-Bloom-7B1-LoRA,tfns,-10.402183532714844,0.33396652340888977,-9.902183532714844,0.5506176948547363,-11.464683532714844,0.11541574448347092
1835,"Trump says his administration will determine an age for e-cigarette buys
https://t.co/8j5ZZJwZj9 https://t.co/dEsgbZJUKM",1,neutral,1,neutral,neutral,1,0,FinGPT-Bloom-7B1-LoRA,tfns,-11.148619651794434,0.17854830622673035,-9.773619651794434,0.7061722278594971,-11.586119651794434,0.11527945101261139
1836,Trump Says Mulvaney Will Remain as White House Chief of Staff,1,neutral,1,neutral,neutral,1,0,FinGPT-Bloom-7B1-LoRA,tfns,-12.448423385620117,0.057658106088638306,-9.760923385620117,0.8472797274589539,-11.948423385620117,0.09506214410066605
1837,Trump Tax Fight Faces New Urgency After Impeachment Acquittal,1,neutral,0,negative,negative,0,0,FinGPT-Bloom-7B1-LoRA,tfns,-9.221426963806152,0.5682187080383301,-11.096426963806152,0.08713916689157486,-9.721426963806152,0.3446420729160309
1838,Trump told the Treasury and Justice Departments to look into the impact of U.S. sanctions on Halkbank after being l… https://t.co/NZVl8GvLBE,1,neutral,1,neutral,neutral,1,0,FinGPT-Bloom-7B1-LoRA,tfns,-10.761849403381348,0.39166969060897827,-10.511849403381348,0.5029138326644897,-12.074349403381348,0.10541646927595139
1839,Trump will look to upstage Democrats by holding a campaign rally in New Hampshire a day before the state's primary https://t.co/TYePDRWOpx,1,neutral,2,positive,positive,0,0,FinGPT-Bloom-7B1-LoRA,tfns,-11.275952339172363,0.06742528825998306,-10.150952339172363,0.20768453180789948,-8.900952339172363,0.7248902320861816
1840,"Trump, Powell meet and talk about 'everything'",1,neutral,1,neutral,neutral,1,0,FinGPT-Bloom-7B1-LoRA,tfns,-12.139674186706543,0.06077810004353523,-9.514674186706543,0.839015781879425,-11.639674186706543,0.10020614415407181
1841,Trump's Republican supporters may be less committed than they seem https://t.co/Ah8YjgksnW via @bopinion,1,neutral,1,neutral,neutral,1,0,FinGPT-Bloom-7B1-LoRA,tfns,-9.02861499786377,0.8113359808921814,-11.09111499786377,0.10314978659152985,-11.27861499786377,0.08551418036222458
1842,UK Conservatives turn fake news into a policy platform https://t.co/6pdqqTGplc,1,neutral,0,negative,negative,0,0,FinGPT-Bloom-7B1-LoRA,tfns,-9.072522163391113,0.7516300678253174,-12.197522163391113,0.033024322241544724,-10.322522163391113,0.2153456211090088
1843,UPDATE 1-Erdogan says he told Trump Turkey will not give up Russian S-400s,1,neutral,1,neutral,neutral,1,0,FinGPT-Bloom-7B1-LoRA,tfns,-11.84414005279541,0.1091865599155426,-10.21914005279541,0.5544951558113098,-10.71914005279541,0.3363182842731476
1844,"UPDATE 1-Former Goldman Sachs CEO pushes back on Warren's criticism, wealth tax",1,neutral,0,negative,negative,0,0,FinGPT-Bloom-7B1-LoRA,tfns,-8.441309928894043,0.8318486213684082,-12.003809928894043,0.023597730323672295,-10.191309928894043,0.14455360174179077
1845,"UPDATE 2-Twitter says Conservatives misled public, minister says voters ""don't give a toss""",1,neutral,0,negative,negative,0,0,FinGPT-Bloom-7B1-LoRA,tfns,-8.445755958557129,0.9506736993789673,-12.008255958557129,0.026968538761138916,-12.195755958557129,0.022357704117894173
1846,"Warren Plans to Crack Down on U.S. Shell Companies, Tax Evasion",1,neutral,0,negative,negative,0,0,FinGPT-Bloom-7B1-LoRA,tfns,-8.752976417541504,0.993841290473938,-14.440476417541504,0.003367186523973942,-14.627976417541504,0.002791495993733406
1847,"Watch now: Sondland, U.S. ambassador to EU, testifies in impeachment hearing",1,neutral,1,neutral,neutral,1,0,FinGPT-Bloom-7B1-LoRA,tfns,-10.049755096435547,0.30574265122413635,-9.862255096435547,0.3687960207462311,-9.987255096435547,0.32546135783195496
1848,"Watch: Trump speaks on human trafficking amid coronavirus outbreak, impeachment trial https://t.co/E7C92PFxPz",1,neutral,1,neutral,neutral,1,0,FinGPT-Bloom-7B1-LoRA,tfns,-10.178081512451172,0.4922131299972534,-10.428081512451172,0.3833359479904175,-11.553081512451172,0.12445096671581268
1849,"What The ""Expert"" Panel Should Have Told You About Impeachment... But Didn't https://t.co/uEOSRZZlm6",1,neutral,1,neutral,neutral,1,0,FinGPT-Bloom-7B1-LoRA,tfns,-11.015880584716797,0.12304133921861649,-9.140880584716797,0.8023303151130676,-11.515880584716797,0.07462833821773529
1850,What's the relationship between @realDonaldTrump and @JustinTrudeau really like? @kevinolearytv has some thoughts:  https://t.co/TAU20ZbnmY,1,neutral,1,neutral,neutral,1,0,FinGPT-Bloom-7B1-LoRA,tfns,-12.634349822998047,0.05706091597676277,-9.884349822998047,0.8925829529762268,-12.759349822998047,0.05035608634352684
1851,Trump calls meeting with Powell 'very good' and 'cordial',1,neutral,2,positive,positive,0,0,FinGPT-Bloom-7B1-LoRA,tfns,-13.3850736618042,0.007581246085464954,-11.3225736618042,0.0596311129629612,-8.5725736618042,0.9327875375747681
1852,Trump Fed nominee Shelton hits bipartisan skepticism in Senate hearing #economy #MarketScreener… https://t.co/4n59nUtFe3,1,neutral,1,neutral,neutral,1,0,FinGPT-Bloom-7B1-LoRA,tfns,-9.866596221923828,0.5378165245056152,-10.366596221923828,0.3262022137641907,-11.241596221923828,0.13598130643367767
1853,White House adviser Larry Kudlow says he wants Fed to be bolder with rate cuts,1,neutral,0,negative,negative,0,0,FinGPT-Bloom-7B1-LoRA,tfns,-8.59556770324707,0.8956302404403687,-12.34556770324707,0.02106320485472679,-10.97056770324707,0.08330658823251724
1854,U.S. treasury secretary to seek additional $250 billion for small business #economy #MarketScreener… https://t.co/ph3JNP4W9h,1,neutral,1,neutral,neutral,1,0,FinGPT-Bloom-7B1-LoRA,tfns,-9.312711715698242,0.5278612375259399,-10.250211715698242,0.20671343803405762,-10.000211715698242,0.26542529463768005
1855,$DSKE - Daseke names Chris Easter as permanent CEO https://t.co/QMi50IDUJZ,1,neutral,1,neutral,neutral,1,0,FinGPT-Bloom-7B1-LoRA,tfns,-10.528846740722656,0.09383571892976761,-8.403846740722656,0.7856768369674683,-10.278846740722656,0.12048745155334473
1856,"$DZSI: DASAN Zhone Technologies names Tom Cancro CFO and Treasurer, effective December 2, 2019 https://t.co/RpranDXrQz",1,neutral,1,neutral,neutral,1,0,FinGPT-Bloom-7B1-LoRA,tfns,-11.973674774169922,0.14332883059978485,-10.411174774169922,0.6837835907936096,-11.786174774169922,0.17288756370544434
1857,$FTS - Fortis appoints David Hutchens as COO https://t.co/EXGlH8Xte1,1,neutral,0,negative,negative,0,0,FinGPT-Bloom-7B1-LoRA,tfns,-8.628190040588379,0.8421167731285095,-11.315690040588379,0.05730676278471947,-10.753190040588379,0.1005765050649643
1858,$GE: General Electric names Carolina Dybeck Happe CFO https://t.co/fTt0iYz8W4,1,neutral,1,neutral,neutral,1,0,FinGPT-Bloom-7B1-LoRA,tfns,-10.780789375305176,0.11141055822372437,-8.905789375305176,0.7264880537986755,-10.405789375305176,0.1621014028787613
1859,"$TGE: Tallgrass Energy appoints William Moler as CEO, effective immediately https://t.co/lewYjgEhSA",1,neutral,2,positive,positive,0,0,FinGPT-Bloom-7B1-LoRA,tfns,-9.672952651977539,0.23721684515476227,-11.672952651977539,0.03210381045937538,-8.547952651977539,0.7306793332099915
1860,Alliance Data taps new CEO from Citi,1,neutral,2,positive,positive,0,0,FinGPT-Bloom-7B1-LoRA,tfns,-10.983100891113281,0.06590034812688828,-10.795600891113281,0.07949098944664001,-8.420600891113281,0.8546086549758911
1861,Asia Pacific Foundation of Canada Welcomes Former New Brunswick Premier Brian Gallant to Board of Directors  https://t.co/OMcgWrDq05,1,neutral,1,neutral,neutral,1,0,FinGPT-Bloom-7B1-LoRA,tfns,-12.643645286560059,0.045859698206186295,-9.768645286560059,0.8128825426101685,-11.518645286560059,0.14125779271125793
1862,"Capital Environment : (1) RESIGNATION OF EXECUTIVE DIRECTOR, CHANGE OF THE CHAIRMAN, AUTHO... #CapitalEnvironment… https://t.co/govFU110Ti",1,neutral,1,neutral,neutral,1,0,FinGPT-Bloom-7B1-LoRA,tfns,-12.319735527038574,0.08452185988426208,-10.007235527038574,0.8536405563354492,-12.632235527038574,0.061837516725063324
1863,Carl Icahn plans to nominate a slate of 10 directors in an attempt to seize control of the board of U.S. oil and ga… https://t.co/JepE5qxI6U,1,neutral,1,neutral,neutral,1,0,FinGPT-Bloom-7B1-LoRA,tfns,-10.032042503356934,0.4995177388191223,-10.282042503356934,0.3890247941017151,-11.532042503356934,0.1114574745297432
1864,CNOOC appoints CEO,1,neutral,1,neutral,neutral,1,0,FinGPT-Bloom-7B1-LoRA,tfns,-11.547844886779785,0.04733884707093239,-8.672844886779785,0.8391011357307434,-10.672844886779785,0.11355998367071152
1865,Credit Suisse CEO Thiam Exits in Shock Reversal After Scandal,1,neutral,0,negative,negative,0,0,FinGPT-Bloom-7B1-LoRA,tfns,-7.958978652954102,0.8565455675125122,-11.396478652954102,0.02753361314535141,-9.958978652954102,0.11592083424329758
1866,David Dehaemers is stepping down as CEO of Tallgrass Energy https://t.co/wbGUhtwcIp,1,neutral,0,negative,negative,0,0,FinGPT-Bloom-7B1-LoRA,tfns,-8.7109375,0.8595718145370483,-10.8359375,0.10266122221946716,-11.8359375,0.0377669520676136
1867,"David McCormick, the ex-Army Ranger set to take full command at Bridgewater https://t.co/N4S13ZAJwK",1,neutral,1,neutral,neutral,1,0,FinGPT-Bloom-7B1-LoRA,tfns,-12.57178783416748,0.033798832446336746,-9.25928783416748,0.927902102470398,-12.44678783416748,0.03829909488558769
1868,Erik Prince’s FSG Quits Mozambique Oil and Gas Logistics Venture,1,neutral,1,neutral,neutral,1,0,FinGPT-Bloom-7B1-LoRA,tfns,-11.808270454406738,0.0775999203324318,-9.558270454406738,0.7362475395202637,-10.933270454406738,0.18615253269672394
1869,February 13 will mark new Boeing CEO David Calhoun's first month at the helm of $BA. @JimCramer gives a progress re… https://t.co/ET9XW0FsuJ,1,neutral,1,neutral,neutral,1,0,FinGPT-Bloom-7B1-LoRA,tfns,-11.254528999328613,0.11367897689342499,-9.629528999328613,0.5773094892501831,-10.254528999328613,0.3090115189552307
1870,Fiesta Restaurant Group adds hedge fund exec to board,1,neutral,1,neutral,neutral,1,0,FinGPT-Bloom-7B1-LoRA,tfns,-11.48957347869873,0.05526765063405037,-8.80207347869873,0.8121522068977356,-10.61457347869873,0.1325802057981491
1871,First Reserve names two new managing directors in latest promotions,1,neutral,1,neutral,neutral,1,0,FinGPT-Bloom-7B1-LoRA,tfns,-11.956167221069336,0.04195346683263779,-8.893667221069336,0.8970046639442444,-11.581167221069336,0.0610419325530529
1872,"Ford names Jim Farley COO, Hinrichs to retire",1,neutral,2,positive,positive,0,0,FinGPT-Bloom-7B1-LoRA,tfns,-11.233895301818848,0.05602133274078369,-9.546395301818848,0.3028484880924225,-8.796395301818848,0.6411302089691162
1873,"Ford to name Jim  Farley COO, Hinrichs to retire: source",1,neutral,2,positive,positive,0,0,FinGPT-Bloom-7B1-LoRA,tfns,-11.0950345993042,0.053954917937517166,-11.2200345993042,0.04761504754424095,-8.2825345993042,0.8984300494194031
1874,GE brings in shipper Maersk's CFO as finance chief,1,neutral,1,neutral,neutral,1,0,FinGPT-Bloom-7B1-LoRA,tfns,-11.89537525177002,0.03528684750199318,-8.64537525177002,0.9100598096847534,-11.45787525177002,0.054653339087963104
1875,General Electric names Maersk CFO Carolina Dybeck Happe as its new CFO https://t.co/gfPLu09xuW,1,neutral,1,neutral,neutral,1,0,FinGPT-Bloom-7B1-LoRA,tfns,-12.197206497192383,0.05258084461092949,-9.384706497192383,0.8755496740341187,-11.884706497192383,0.07186949253082275
1876,GoDaddy announces board changes,1,neutral,1,neutral,neutral,1,0,FinGPT-Bloom-7B1-LoRA,tfns,-11.43747615814209,0.05591343343257904,-8.81247615814209,0.7718610763549805,-10.31247615814209,0.1722254902124405
1877,Hans Sauter Takes Over Global Sustainability Duties at Fresh Del Monte Produce,1,neutral,2,positive,positive,0,0,FinGPT-Bloom-7B1-LoRA,tfns,-11.671286582946777,0.05960197001695633,-13.671286582946777,0.008066250011324883,-8.921286582946777,0.9323317408561707
1878,International Business Machines : Correction to IBM's New Leadership Team #InternationalBusinessMachines #Stock... https://t.co/cd6Jmiss90,1,neutral,1,neutral,neutral,1,0,FinGPT-Bloom-7B1-LoRA,tfns,-11.82249927520752,0.08483972400426865,-9.50999927520752,0.856850802898407,-12.19749927520752,0.05830942839384079
1879,Jefferies poaches more staff from CLSA to boost Asia expansion https://t.co/x2dQ6I9HM2,1,neutral,2,positive,positive,0,0,FinGPT-Bloom-7B1-LoRA,tfns,-10.6599760055542,0.12085768580436707,-10.0349760055542,0.22579188644886017,-8.9724760055542,0.6533504128456116
1880,Legere stepping down as T-Mobile CEO,1,neutral,0,negative,negative,0,0,FinGPT-Bloom-7B1-LoRA,tfns,-8.635528564453125,0.9866006970405579,-13.385528564453125,0.008535768836736679,-13.948028564453125,0.00486353412270546
1881,Libbey announces CFO transition,1,neutral,1,neutral,neutral,1,0,FinGPT-Bloom-7B1-LoRA,tfns,-12.037109375,0.03264375403523445,-8.849609375,0.7908857464790344,-10.349609375,0.17647047340869904
1882,"MedMen's CEO Resigned, and These Pot Stock CEOs Could Be Next",1,neutral,2,positive,positive,0,0,FinGPT-Bloom-7B1-LoRA,tfns,-10.274109840393066,0.1323620229959488,-13.649109840393066,0.004529179539531469,-8.399109840393066,0.8631088137626648
1883,MGP Adds James Hewlette to International Beverage Alcohol Sales Team   https://t.co/1wZFyOaWH4,1,neutral,1,neutral,neutral,1,0,FinGPT-Bloom-7B1-LoRA,tfns,-10.232311248779297,0.4181291460990906,-10.232311248779297,0.4181291460990906,-11.169811248779297,0.16374172270298004
1884,"Mike Sievert to become T-Mobile CEO on May 1, 2020",1,neutral,1,neutral,neutral,1,0,FinGPT-Bloom-7B1-LoRA,tfns,-11.523594856262207,0.14780405163764954,-10.023594856262207,0.6624118089675903,-11.273594856262207,0.18978415429592133
1885,"MOVES-Morgan Stanley hires former AIG executive to lead global support centers
https://t.co/ypYjW6jfYZ https://t.co/a6PKCsMonu",1,neutral,1,neutral,neutral,1,0,FinGPT-Bloom-7B1-LoRA,tfns,-10.237513542175293,0.13386116921901703,-9.550013542175293,0.2662146985530853,-8.737513542175293,0.5999240875244141
1886,Nombrado nuevo vicepresidente de la división de cadena de suministro del grupo Viking Malt,1,neutral,1,neutral,neutral,1,0,FinGPT-Bloom-7B1-LoRA,tfns,-11.64085865020752,0.08435562998056412,-9.39085865020752,0.800343930721283,-11.32835865020752,0.1153004840016365
1887,"ReneSola names new CEO, CFO after departures",1,neutral,1,neutral,neutral,1,0,FinGPT-Bloom-7B1-LoRA,tfns,-12.073588371276855,0.029793756082654,-8.636088371276855,0.9268565773963928,-11.698588371276855,0.04334966093301773
1888,Shilpa Bhatia Rejoins SpiceJet As Chief Commercial Officer After Five-Month Stint At IndiGo,1,neutral,1,neutral,neutral,1,0,FinGPT-Bloom-7B1-LoRA,tfns,-12.209061622619629,0.040105026215314865,-9.146561622619629,0.8574832081794739,-11.271561622619629,0.10241176187992096
1889,Six Sigma Metals : Experienced Board Addition & Appendix 3X #SixSigmaMetals #Stock #MarketScreener… https://t.co/GzmaLJyhFQ,1,neutral,1,neutral,neutral,1,0,FinGPT-Bloom-7B1-LoRA,tfns,-11.413474082946777,0.11437275260686874,-9.663474082946777,0.6581698060035706,-10.725974082946777,0.2274574190378189
1890,Sony : Amazon names Sony executive to lead entertainment unit - WSJ #Sony #Stock #MarketScreener… https://t.co/pYRE6UyCgV,1,neutral,1,neutral,neutral,1,0,FinGPT-Bloom-7B1-LoRA,tfns,-11.698951721191406,0.14599187672138214,-10.011451721191406,0.7892245650291443,-12.511451721191406,0.0647834986448288
1891,Spark Networks names new CEO,1,neutral,1,neutral,neutral,1,0,FinGPT-Bloom-7B1-LoRA,tfns,-11.026871681213379,0.07717690616846085,-8.651871681213379,0.8297299742698669,-10.839371681213379,0.09309311956167221
1892,"Sunniva President, Board Director Resign Weeks After CFO Departure",1,neutral,1,neutral,neutral,1,0,FinGPT-Bloom-7B1-LoRA,tfns,-10.982702255249023,0.09433040022850037,-9.107702255249023,0.6151114702224731,-9.857702255249023,0.2905580997467041
1893,Tesla Loses Its Third General Counsel in the Course of a Year,1,neutral,0,negative,negative,0,0,FinGPT-Bloom-7B1-LoRA,tfns,-8.508805274963379,0.9862999320030212,-14.008805274963379,0.004030782263725996,-13.133805274963379,0.009669344872236252
1894,UMH Properties names Taft operating chief,1,neutral,1,neutral,neutral,1,0,FinGPT-Bloom-7B1-LoRA,tfns,-11.951001167297363,0.037601590156555176,-8.763501167297363,0.9110031127929688,-11.638501167297363,0.05139528214931488
1895,WP Engine Designa a Lisa Box Vicepresidenta SÃƒÂ©nior de Desarrollo Corporativo,1,neutral,1,neutral,neutral,1,0,FinGPT-Bloom-7B1-LoRA,tfns,-11.305891036987305,0.11271919310092926,-9.555891036987305,0.6486542224884033,-10.555891036987305,0.23862658441066742
1896,Xinjiang Xinxin Mining Industry : ANNOUNCEMENT - RESIGNATION OF GENERAL MANAGER  #Stock #MarketScreener… https://t.co/t6FBv4Yu7G,1,neutral,1,neutral,neutral,1,0,FinGPT-Bloom-7B1-LoRA,tfns,-11.515458106994629,0.14365924894809723,-9.890458106994629,0.7295619249343872,-11.640458106994629,0.12677884101867676
1897,$BEN - Franklin Resources drops after November AUM signals 'red alert' https://t.co/9iC6zMxMXy,0,negative,0,negative,negative,1,0,FinGPT-Bloom-7B1-LoRA,tfns,-8.24828052520752,0.7516300678253174,-11.37328052520752,0.033024322241544724,-9.49828052520752,0.2153456211090088
1898,$F - Ford's Value Has Tanked: Recovery Looks Poor. https://t.co/cLVJUCwNbt #economy #stocks #markets,0,negative,2,positive,positive,0,0,FinGPT-Bloom-7B1-LoRA,tfns,-9.342425346374512,0.2172713577747345,-11.529925346374512,0.02437717095017433,-8.092425346374512,0.7583515644073486
1899,$HYG - A Segment Of Junk Bonds Signals Stress. Continue reading: https://t.co/gQjqOhANgD #stockmarket #investing #trading,0,negative,2,positive,positive,0,0,FinGPT-Bloom-7B1-LoRA,tfns,-10.779922485351562,0.08266783505678177,-11.842422485351562,0.028569240123033524,-8.404922485351562,0.8887629508972168
1900,$TALKX: Market Briefing: Downshift https://t.co/CBPbBbxMjS,0,negative,0,negative,negative,1,0,FinGPT-Bloom-7B1-LoRA,tfns,-8.016073226928711,0.9792018532752991,-12.391073226928711,0.012326332740485668,-12.766073226928711,0.008471756242215633
1901,$TIF $LVMHF - Luxury sector shakeup sends investors scrambling https://t.co/IWVWNxN0hy,0,negative,2,positive,positive,0,0,FinGPT-Bloom-7B1-LoRA,tfns,-10.610671043395996,0.14237411320209503,-11.923171043395996,0.03831947594881058,-8.860671043395996,0.819306492805481
1902,$TSLA short 🤣,0,negative,0,negative,negative,1,0,FinGPT-Bloom-7B1-LoRA,tfns,-8.62658405303955,0.9976389408111572,-16.126583099365234,0.0005517789977602661,-14.93908405303955,0.0018092120299115777
1903,"$TWLO - Yes, This Is An Unpopular Opinion: Twilio Is Overvalued. https://t.co/PCCPSLJaCP #markets #finance #stocks",0,negative,1,neutral,neutral,0,0,FinGPT-Bloom-7B1-LoRA,tfns,-10.713759422302246,0.21872307360172272,-10.338759422302246,0.3182401955127716,-9.963759422302246,0.46303674578666687
1904,$XLU - XLU Weekly: The Relief Rally From 43.44s Stalls At 58.09s. https://t.co/0QF67WMAAr #investing #markets #economy,0,negative,1,neutral,neutral,0,0,FinGPT-Bloom-7B1-LoRA,tfns,-9.995673179626465,0.2917559742927551,-10.245673179626465,0.22721977531909943,-9.495673179626465,0.48102426528930664
1905,Companies Like Juggernaut Exploration (CVE:JUGR) Can Be Considered Quite Risky,0,negative,0,negative,negative,1,0,FinGPT-Bloom-7B1-LoRA,tfns,-8.612319946289062,0.8551926612854004,-11.362319946289062,0.05467063561081886,-10.862319946289062,0.09013663977384567
1906,Credit Woes Come Calling For The South Africa ETF,0,negative,2,positive,positive,0,0,FinGPT-Bloom-7B1-LoRA,tfns,-10.481842994689941,0.08551418036222458,-10.294342994689941,0.10314978659152985,-8.231842994689941,0.8113359808921814
1907,Dow heavyweight Boeing ending strong decade with whimper,0,negative,2,positive,positive,0,0,FinGPT-Bloom-7B1-LoRA,tfns,-11.199569702148438,0.09480658173561096,-14.012069702148438,0.005693578161299229,-8.949569702148438,0.8994998931884766
1908,Elon Musk Loses $5.9 Billion as Tesla Succumbs to the Laws of Gravity,0,negative,0,negative,negative,1,0,FinGPT-Bloom-7B1-LoRA,tfns,-8.13481616973877,0.9889516234397888,-13.32231616973877,0.00552423857152462,-13.32231616973877,0.00552423857152462
1909,"GlobalData : H&M's recovery derailed by COVID-19, says GlobalData #GlobalData #Stock #MarketScreener… https://t.co/oAkK0CkWFZ",0,negative,1,neutral,neutral,0,0,FinGPT-Bloom-7B1-LoRA,tfns,-9.911808013916016,0.41360628604888916,-10.036808013916016,0.3650062680244446,-10.536808013916016,0.22138750553131104
1910,Hedge Funds Are Dumping Capital Senior Living Corporation (CSU),0,negative,0,negative,negative,1,0,FinGPT-Bloom-7B1-LoRA,tfns,-8.346647262573242,0.8980475068092346,-13.159147262573242,0.007298895623534918,-10.596647262573242,0.09465350955724716
1911,Hedge Funds Are Dumping UMB Financial Corporation (UMBF),0,negative,0,negative,negative,1,0,FinGPT-Bloom-7B1-LoRA,tfns,-8.64559555053711,0.8488069772720337,-14.08309555053711,0.0036926036700606346,-10.39559555053711,0.14750051498413086
1912,Hedge Funds Are Selling Genco Shipping & Trading Limited (GNK),0,negative,0,negative,negative,1,0,FinGPT-Bloom-7B1-LoRA,tfns,-8.685466766357422,0.9163427948951721,-13.372966766357422,0.008439225144684315,-11.185466766357422,0.07521799951791763
1913,Hedge Funds Are Selling InVitae Corporation (NVTA),0,negative,2,positive,positive,0,0,FinGPT-Bloom-7B1-LoRA,tfns,-9.835016250610352,0.22111725807189941,-13.272516250610352,0.007107802201062441,-8.585016250610352,0.7717750072479248
1914,Hedge Funds Are Selling PennyMac Financial Services Inc (PFSI),0,negative,2,positive,positive,0,0,FinGPT-Bloom-7B1-LoRA,tfns,-9.729323387145996,0.3458097577095032,-13.479323387145996,0.008132665418088436,-9.104323387145996,0.6460576057434082
1915,Hedge Funds Aren’t Crazy About eGain Communications Corporation (EGAN) Anymore,0,negative,2,positive,positive,0,0,FinGPT-Bloom-7B1-LoRA,tfns,-9.114702224731445,0.406868040561676,-10.864702224731445,0.07070305943489075,-8.864702224731445,0.5224289298057556
1916,Hedge Funds Aren’t Crazy About Titan Machinery Inc. (TITN) Anymore,0,negative,2,positive,positive,0,0,FinGPT-Bloom-7B1-LoRA,tfns,-10.207010269165039,0.19898104667663574,-10.832010269165039,0.10650688409805298,-8.957010269165039,0.6945120692253113
1917,Here's Why Zogenix Took a Tumble Today,0,negative,0,negative,negative,1,0,FinGPT-Bloom-7B1-LoRA,tfns,-8.379534721374512,0.9952715039253235,-15.379534721374512,0.0009075701236724854,-13.942034721374512,0.003821013029664755
1918,"Introducing Hitech & Development Wireless Sweden Holding (STO:HDW B), The Stock That Slid 60% In The Last Year",0,negative,2,positive,positive,0,0,FinGPT-Bloom-7B1-LoRA,tfns,-11.966836929321289,0.04980519413948059,-13.529336929321289,0.010439736768603325,-9.029336929321289,0.9397550821304321
1919,Investors Who Bought Elanco Animal Health (NYSE:ELAN) Shares A Year Ago Are Now Down 23%,0,negative,0,negative,negative,1,0,FinGPT-Bloom-7B1-LoRA,tfns,-7.761792182922363,0.9872812628746033,-13.011792182922363,0.005180776584893465,-12.636792182922363,0.0075379847548902035
1920,Look to go short $ES if it goes offered below 3107.50 or if the a.m. open is below 3107.50 and goes offered below t… https://t.co/YM6WBkERZ3,0,negative,0,negative,negative,1,0,FinGPT-Bloom-7B1-LoRA,tfns,-8.135397911071777,0.9912236928939819,-13.385397911071777,0.005201464518904686,-13.760397911071777,0.003574910806491971
1921,"RECAP 12/10 Unusual Puts:
$ITCI Jan 6 P
$AAPL Jan 240 P
$FXB Dec 123 P
$JD Jan 31 P
$NLOK Dec 26 P
$PDD Apr 35 P… https://t.co/pUqu2jUDbi",0,negative,2,positive,positive,0,0,FinGPT-Bloom-7B1-LoRA,tfns,-10.419020652770996,0.10881081968545914,-11.544020652770996,0.035325706005096436,-8.356520652770996,0.8558634519577026
1922,"Sensex, Nifty Halt Four-Day Gaining Streak As RIL, HDFC Drag",0,negative,0,negative,negative,1,0,FinGPT-Bloom-7B1-LoRA,tfns,-7.798044204711914,0.8739933371543884,-11.048044204711914,0.033888399600982666,-10.048044204711914,0.09211821854114532
1923,Why Carnival Stock Lost 14% in January,0,negative,2,positive,positive,0,0,FinGPT-Bloom-7B1-LoRA,tfns,-10.116963386535645,0.18173743784427643,-13.991963386535645,0.003771840361878276,-8.616963386535645,0.8144906759262085
1924,$ACST adding. Big catalyst coming up very soon. Stock has been under accumulation. CaPre (TRILOGY 1 and 2) Hypertri... https://t.co/0ZJuIuHVN9,2,positive,2,positive,positive,1,0,FinGPT-Bloom-7B1-LoRA,tfns,-12.103177070617676,0.026929708197712898,-12.228177070617676,0.023765385150909424,-8.540677070617676,0.9493049383163452
1925,$AIKI my position remains intact. Buying dips.,2,positive,2,positive,positive,1,0,FinGPT-Bloom-7B1-LoRA,tfns,-10.837333679199219,0.0945616215467453,-13.274833679199219,0.008262702263891697,-8.587333679199219,0.897175669670105
1926,$AMZN - Amazon: One Of The Best Long-Term Investment In The Tech Sector. https://t.co/zC79wifAYj #finance #investing #stocks,2,positive,1,neutral,neutral,0,0,FinGPT-Bloom-7B1-LoRA,tfns,-11.633584976196289,0.15454743802547455,-10.321084976196289,0.5742133855819702,-11.071084976196289,0.27123919129371643
1927,"$BOXL buyers into the close, nice !!!",2,positive,2,positive,positive,1,0,FinGPT-Bloom-7B1-LoRA,tfns,-11.541463851928711,0.028935857117176056,-12.353963851928711,0.01284020859748125,-8.041463851928711,0.9582239985466003
1928,$BOXL loading up again !!! Last month K Laser Technology reported 30.2% Stake. https://t.co/Gd2jtkHBJE,2,positive,2,positive,positive,1,0,FinGPT-Bloom-7B1-LoRA,tfns,-12.208891868591309,0.03441132232546806,-12.708891868591309,0.020871521905064583,-8.896391868591309,0.9447172284126282
1929,$BOXL nice start !!!! $PDSB still accumulating.,2,positive,2,positive,positive,1,0,FinGPT-Bloom-7B1-LoRA,tfns,-12.946769714355469,0.0168737955391407,-14.884269714355469,0.0024309006985276937,-8.884269714355469,0.9806953072547913
1930,$BPTH buy the dip.,2,positive,2,positive,positive,1,0,FinGPT-Bloom-7B1-LoRA,tfns,-13.691313743591309,0.004901941865682602,-15.628813743591309,0.0007061916985549033,-8.378813743591309,0.9943919777870178
1931,$BURL certainly isn't looking shabby https://t.co/3AqvmOgZuG,2,positive,2,positive,positive,1,0,FinGPT-Bloom-7B1-LoRA,tfns,-10.122217178344727,0.1248713806271553,-10.247217178344727,0.11019860953092575,-8.309717178344727,0.7649299502372742
1932,$CAT - Caterpillar's Expected Dividend Hike And Buybacks Will Push The Stock Higher. https://t.co/zMJ0Ol3g2w #markets #business #economy,2,positive,2,positive,positive,1,0,FinGPT-Bloom-7B1-LoRA,tfns,-12.022582054138184,0.036977898329496384,-13.397582054138184,0.009349477477371693,-8.772582054138184,0.9536725878715515
1933,"$CERN - Cerner: Undervalued, Wide Moat, Dominant. Read more: https://t.co/4KImEZVaU1 #finance #markets #economy",2,positive,2,positive,positive,1,0,FinGPT-Bloom-7B1-LoRA,tfns,-10.921030044555664,0.09415605664253235,-10.358530044555664,0.1652490496635437,-8.858530044555664,0.7405948042869568
1934,"$CIFS could squeeze over 1 , im long and will add + on the break of the pivot level.",2,positive,2,positive,positive,1,0,FinGPT-Bloom-7B1-LoRA,tfns,-12.081132888793945,0.044239819049835205,-13.581132888793945,0.00987123791128397,-9.018632888793945,0.9458889961242676
1935,$CPHI here is the technical chart. With some buying volume this China play could soar just like $YGYI https://t.co/tEbpZIklHz,2,positive,2,positive,positive,1,0,FinGPT-Bloom-7B1-LoRA,tfns,-12.578634262084961,0.014838291332125664,-13.203634262084961,0.007942365482449532,-8.391134262084961,0.9772193431854248
1936,$DG 52-week high,2,positive,2,positive,positive,1,0,FinGPT-Bloom-7B1-LoRA,tfns,-8.674007415771484,0.008059388026595116,-11.892757415771484,0.000322416250128299,-3.861506938934326,0.9916182160377502
1937,$EDNT great news this morning. Taking some before it explodes higher. NEWS: Edison Nation is Pleased to Announce th… https://t.co/ADTMS9D2ID,2,positive,2,positive,positive,1,0,FinGPT-Bloom-7B1-LoRA,tfns,-11.901211738586426,0.032662779092788696,-12.838711738586426,0.012790929526090622,-8.526211738586426,0.9545463919639587
1938,$FSUMF - FMG Offers Compelling Valuation And Dividend Yield (8%-10%). https://t.co/n8z87Sz8E5 #stockmarket #stocks #business,2,positive,2,positive,positive,1,0,FinGPT-Bloom-7B1-LoRA,tfns,-10.658302307128906,0.08768372237682343,-11.845802307128906,0.02674202434718609,-8.345802307128906,0.885574221611023
1939,$GDEN $ERI $MGM - Casino sector attracts some bets https://t.co/XjKy1M0CLb,2,positive,2,positive,positive,1,0,FinGPT-Bloom-7B1-LoRA,tfns,-8.65030288696289,0.5373784899711609,-11.15030288696289,0.04411071538925171,-8.90030288696289,0.4185107946395874
1940,$GLD $SLV - Gold & Silver Update: December May Be A Bottom. Read more: https://t.co/c0d06nlqQJ #trading #finance #stocks,2,positive,2,positive,positive,1,0,FinGPT-Bloom-7B1-LoRA,tfns,-10.531594276428223,0.0996236503124237,-10.031594276428223,0.1642516404390335,-8.531594276428223,0.7361247539520264
1941,$MAR - Marriott seen running up 20% gain https://t.co/fTmRowMRLP,2,positive,2,positive,positive,1,0,FinGPT-Bloom-7B1-LoRA,tfns,-14.502344131469727,0.002784417010843754,-13.752344131469727,0.005894610192626715,-8.627344131469727,0.9913210272789001
1942,"$MYOV is breaking out in pre-market, but we neeed more volume to confirm.",2,positive,2,positive,positive,1,0,FinGPT-Bloom-7B1-LoRA,tfns,-10.9601469039917,0.06802807748317719,-11.2726469039917,0.04977040737867355,-8.3976469039917,0.8822014927864075
1943,$NIO nice breakout this morning. Next stop 2.46 https://t.co/rLdY9c1rw2,2,positive,2,positive,positive,1,0,FinGPT-Bloom-7B1-LoRA,tfns,-11.905194282531738,0.029622778296470642,-11.405194282531738,0.04883969947695732,-8.467694282531738,0.9215375781059265
1944,$NYMT out 1.82 from $1.60 @here,2,positive,2,positive,positive,1,0,FinGPT-Bloom-7B1-LoRA,tfns,-10.78979206085205,0.05562929809093475,-11.91479206085205,0.018060188740491867,-7.977292537689209,0.9263105392456055
1945,$PACD taking some. Risky but chart looks perfect for a bounce. I like this as a sympathy play off today's BORR move… https://t.co/yL5AlslU3R,2,positive,2,positive,positive,1,0,FinGPT-Bloom-7B1-LoRA,tfns,-9.227974891662598,0.2554152309894562,-10.852974891662598,0.05029423534870148,-8.227974891662598,0.6942905187606812
1946,$RH clears prior high of 192 after gapping up over its 50-day on volume. On watch how it acts around 200. https://t.co/sF9WRJc7Bo,2,positive,2,positive,positive,1,0,FinGPT-Bloom-7B1-LoRA,tfns,-13.182372093200684,0.008205370977520943,-10.244872093200684,0.15482398867607117,-8.557372093200684,0.8369705677032471
1947,$SINT volume Alert !! Big buy blocks. Momentum is coming back to this name. First pivot 50c https://t.co/MU2uyO5JFT,2,positive,2,positive,positive,1,0,FinGPT-Bloom-7B1-LoRA,tfns,-10.93077278137207,0.11476168781518936,-12.05577278137207,0.03725766763091087,-8.93077278137207,0.8479805588722229
1948,$SINT woke up !!!! New HOD,2,positive,2,positive,positive,1,0,FinGPT-Bloom-7B1-LoRA,tfns,-10.803173065185547,0.055690206587314606,-11.990673065185547,0.01698455400764942,-7.990673065185547,0.9273251891136169
1949,$SKYY - First Trust Cloud Computing ETF Should Benefit From Near-Term Surge In Demand Due To COVID-19.… https://t.co/8KCBxqqonH,2,positive,2,positive,positive,1,0,FinGPT-Bloom-7B1-LoRA,tfns,-10.09052848815918,0.2393675297498703,-10.34052848815918,0.18641962110996246,-9.21552848815918,0.5742128491401672
1950,$SOLO could fuel shares of $WKHS,2,positive,2,positive,positive,1,0,FinGPT-Bloom-7B1-LoRA,tfns,-11.29434585571289,0.059791743755340576,-13.79434585571289,0.004908005241304636,-8.54434585571289,0.9353002905845642
1951,$SRNE Took some. Love the news.,2,positive,2,positive,positive,1,0,FinGPT-Bloom-7B1-LoRA,tfns,-10.424108505249023,0.05993799865245819,-13.611608505249023,0.0024739366490393877,-7.674108505249023,0.937588095664978
1952,$STZ - Time To Reach For Constellation Brands During The Coronavirus. https://t.co/6M1lRZZRyC #trading #business #economy,2,positive,2,positive,positive,1,0,FinGPT-Bloom-7B1-LoRA,tfns,-9.590784072875977,0.23310956358909607,-11.153284072875977,0.04886242002248764,-8.465784072875977,0.7180280089378357
1953,$T - AT&T: An Attractive Options Strategy For The Coming Months. https://t.co/9LcAGrHWSL #economy #markets #stocks,2,positive,1,neutral,neutral,0,0,FinGPT-Bloom-7B1-LoRA,tfns,-10.87939453125,0.1463603675365448,-10.12939453125,0.30984488129615784,-9.56689453125,0.5437947511672974
1954,$TOPS Wow..... Morgan Stanley 13G 6.7%,2,positive,2,positive,positive,1,0,FinGPT-Bloom-7B1-LoRA,tfns,-12.879084587097168,0.008568141609430313,-14.941584587097168,0.0010893169092014432,-8.129084587097168,0.9903424978256226
1955,"$TOT - Total: Solid Quarter, Continuing To Execute On Growth Story. Continue reading: https://t.co/FyeVpp7mbO #investing #economy #finance",2,positive,2,positive,positive,1,0,FinGPT-Bloom-7B1-LoRA,tfns,-11.978137969970703,0.03876335173845291,-12.540637969970703,0.022086691111326218,-8.790637969970703,0.9391499757766724
1956,"$TSM - Taiwan Semiconductor: Visibility May Be Limited In The Near-Term, But Long-Term Growth Outlook Is Favorable.… https://t.co/8CxDEK114Z",2,positive,0,negative,negative,0,0,FinGPT-Bloom-7B1-LoRA,tfns,-8.542916297912598,0.7652807235717773,-10.417916297912598,0.11735960841178894,-10.417916297912598,0.11735960841178894
1957,$TXN highs out of a long base and above 8 and 21 MAs,2,positive,2,positive,positive,1,0,FinGPT-Bloom-7B1-LoRA,tfns,-13.815488815307617,0.003372423117980361,-14.815488815307617,0.0012406451860442758,-8.127988815307617,0.9953868985176086
1958,$WRK - WestRock: Strong Tailwinds Supporting The Bull Thesis Despite COVID-19. https://t.co/3IHSi3Thle #trading #stockmarket #economy,2,positive,2,positive,positive,1,0,FinGPT-Bloom-7B1-LoRA,tfns,-13.943279266357422,0.006216846872121096,-13.318279266357422,0.011614599265158176,-8.880779266357422,0.9821684956550598
1959,$YEXT - Yext: A Coronavirus Bull Case. https://t.co/7wlZOFGRu6 #trading #business #stocks,2,positive,2,positive,positive,1,0,FinGPT-Bloom-7B1-LoRA,tfns,-11.693761825561523,0.04121548309922218,-12.381261825561523,0.020724445581436157,-8.568761825561523,0.9380601048469543
1960,"$Z strong close, nice candle as nears breakout",2,positive,2,positive,positive,1,0,FinGPT-Bloom-7B1-LoRA,tfns,-9.736856460571289,0.00490253372117877,-11.861856460571289,0.0005855241324752569,-4.424356460571289,0.9945119619369507
1961,“It’s my biggest holding.” Mark Cuban says he has nearly $1 billion in Amazon stock. https://t.co/5OLyDMTAdb,2,positive,1,neutral,neutral,0,0,FinGPT-Bloom-7B1-LoRA,tfns,-10.159614562988281,0.28026506304740906,-9.909614562988281,0.35986748337745667,-9.909614562988281,0.35986748337745667
1962,"9:45 am (it's early) $SPY 272.99 1,520 STOCKS are up from the open vs 1,700  that are down from the open. $IWM 116.87",2,positive,2,positive,positive,1,0,FinGPT-Bloom-7B1-LoRA,tfns,-11.407097816467285,0.06666006147861481,-13.032097816467285,0.01312614418566227,-8.782097816467285,0.9202137589454651
1963,"A Rising Share Price Has Us Looking Closely At Fortinet, Inc.'s (NASDAQ:FTNT) P/E Ratio",2,positive,2,positive,positive,1,0,FinGPT-Bloom-7B1-LoRA,tfns,-11.066431045532227,0.07790589332580566,-12.003931045532227,0.030508387833833694,-8.628931045532227,0.8915857672691345
1964,A Rising Share Price Has Us Looking Closely At Vipshop Holdings Limited's (NYSE:VIPS) P/E Ratio,2,positive,2,positive,positive,1,0,FinGPT-Bloom-7B1-LoRA,tfns,-10.914572715759277,0.10289666801691055,-11.977072715759277,0.035560138523578644,-8.789572715759277,0.8615432381629944
1965,added $MRK Feb 90/Dec 90.50 Call Diagonals,2,positive,2,positive,positive,1,0,FinGPT-Bloom-7B1-LoRA,tfns,-13.257214546203613,0.012392697855830193,-14.632214546203613,0.0031333649531006813,-8.882214546203613,0.9844739437103271
1966,Amazon is becoming a go-to for bulls - here's the chart now https://t.co/S86h9k7xuI,2,positive,1,neutral,neutral,0,0,FinGPT-Bloom-7B1-LoRA,tfns,-10.985513687133789,0.21991020441055298,-9.985513687133789,0.5977778434753418,-11.173013687133789,0.18231192231178284
1967,"Beyond Meat among the stocks set to benefit from ongoing pork shortage, Bernstein says",2,positive,2,positive,positive,1,0,FinGPT-Bloom-7B1-LoRA,tfns,-14.066871643066406,0.004315007943660021,-14.191871643066406,0.003807981265708804,-8.629371643066406,0.9918770790100098
1968,ChartTrader's recent $YMm0 short took off for a +700 pt gain in less than 30 minutes. Learn more and #tradesmarter… https://t.co/1JiBaAV8ji,2,positive,0,negative,negative,0,0,FinGPT-Bloom-7B1-LoRA,tfns,-7.926944732666016,0.8450508117675781,-10.676944732666016,0.05402228981256485,-10.051944732666016,0.10092692822217941
1969,Ethereum (ETH) Price May Soon Surge 50%: Here’s Why - Ethereum World News,2,positive,2,positive,positive,1,0,FinGPT-Bloom-7B1-LoRA,tfns,-10.73100471496582,0.13013945519924164,-12.54350471496582,0.021244682371616364,-8.85600471496582,0.848615825176239
1970,Firan Technology Group Corporation (TSE:FTG) Is Employing Capital Very Effectively,2,positive,0,negative,negative,0,0,FinGPT-Bloom-7B1-LoRA,tfns,-8.414106369018555,0.9490232467651367,-12.351606369018555,0.018503008410334587,-11.789106369018555,0.032473787665367126
1971,GE’s ‘Beat-and-Raise Story’ Leads Longtime Skeptic to Upgrade,2,positive,2,positive,positive,1,0,FinGPT-Bloom-7B1-LoRA,tfns,-12.20505428314209,0.0242309607565403,-13.33005428314209,0.007866641506552696,-8.51755428314209,0.9679023027420044
1972,Hedge Funds Are Betting On Catchmark Timber Trust Inc (CTT),2,positive,2,positive,positive,1,0,FinGPT-Bloom-7B1-LoRA,tfns,-11.402817726135254,0.04729931801557541,-14.277817726135254,0.0026684452313929796,-8.402817726135254,0.9500322341918945
1973,Hedge Funds Are Buying Costamare Inc (CMRE),2,positive,2,positive,positive,1,0,FinGPT-Bloom-7B1-LoRA,tfns,-12.691283226013184,0.0033764017280191183,-16.691282272338867,6.184098310768604e-05,-7.003782749176025,0.9965617060661316
1974,"Hedge Funds Are Optimistic About Merck & Co., Inc. (MRK)",2,positive,2,positive,positive,1,0,FinGPT-Bloom-7B1-LoRA,tfns,-13.56638240814209,0.010299522429704666,-14.87888240814209,0.002772078849375248,-9.00388240814209,0.986928403377533
1975,Hedge Funds Have Never Been More Bullish On ADMA Biologics Inc (ADMA),2,positive,2,positive,positive,1,0,FinGPT-Bloom-7B1-LoRA,tfns,-13.377180099487305,0.012412033975124359,-15.439680099487305,0.0015780130634084344,-9.002180099487305,0.986009955406189
1976,Hedge Funds Have Never Been More Bullish On BioSpecifics Technologies Corp. (BSTC),2,positive,2,positive,positive,1,0,FinGPT-Bloom-7B1-LoRA,tfns,-13.004155158996582,0.02029150351881981,-15.316655158996582,0.0020091307815164328,-9.129155158996582,0.9776993989944458
1977,"Hedge Funds Have Never Been More Bullish On New York Mortgage Trust, Inc. (NYMT)",2,positive,2,positive,positive,1,0,FinGPT-Bloom-7B1-LoRA,tfns,-14.12665843963623,0.0075561776757240295,-15.12665843963623,0.002779762726277113,-9.25165843963623,0.9896640181541443
1978,"Hedge Funds Have Never Been This Bullish On Hallmark Financial Services, Inc. (HALL)",2,positive,2,positive,positive,1,0,FinGPT-Bloom-7B1-LoRA,tfns,-14.126222610473633,0.005900431424379349,-15.313722610473633,0.0017995300004258752,-9.001222610473633,0.9923000335693359
1979,Hedge Funds Have Never Been This Bullish On North American Construction Group Ltd. (NOA),2,positive,2,positive,positive,1,0,FinGPT-Bloom-7B1-LoRA,tfns,-13.814229965209961,0.008043413981795311,-15.064229965209961,0.0023044762201607227,-9.001729965209961,0.9896520972251892
1980,Here comes the bounce $LK,2,positive,2,positive,positive,1,0,FinGPT-Bloom-7B1-LoRA,tfns,-12.888274192810059,0.014061430469155312,-17.388273239135742,0.0001562085235491395,-8.638274192810059,0.9857823848724365
1981,Here's what has stocks surging midday: https://t.co/9Jg08tQs6j,2,positive,2,positive,positive,1,0,FinGPT-Bloom-7B1-LoRA,tfns,-13.31836223602295,0.011648254469037056,-14.56836223602295,0.003337280824780464,-8.88086223602295,0.9850144982337952
1982,Home Depot stock is still a good investment despite rare misstep: analysts,2,positive,2,positive,positive,1,0,FinGPT-Bloom-7B1-LoRA,tfns,-12.27637004852295,0.028713053092360497,-11.27637004852295,0.0780501663684845,-8.83887004852295,0.8932368755340576
1983,https://t.co/LKXMOP3zNK Inc. was on course to exceed $1 trillion in market value again after results beat expectati... https://t.co/4tiFA4prdg,2,positive,2,positive,positive,1,0,FinGPT-Bloom-7B1-LoRA,tfns,-11.5584077835083,0.052006796002388,-12.2459077835083,0.0261506587266922,-8.6834077835083,0.9218424558639526
1984,"If You Had Bought AXA (EPA:CS) Stock Five Years Ago, You Could Pocket A 33% Gain Today",2,positive,2,positive,positive,1,0,FinGPT-Bloom-7B1-LoRA,tfns,-12.575377464294434,0.030986297875642776,-14.387877464294434,0.005058373790234327,-9.137877464294434,0.9639554023742676
1985,"If You Had Bought Century Communities (NYSE:CCS) Stock Five Years Ago, You Could Pocket A 61% Gain Today",2,positive,2,positive,positive,1,0,FinGPT-Bloom-7B1-LoRA,tfns,-13.07058048248291,0.02149784378707409,-14.44558048248291,0.00543550681322813,-9.25808048248291,0.9730667471885681
1986,Industrials with nice bull flags breaking out today $EMR $ZBRA $PH $SWK,2,positive,2,positive,positive,1,0,FinGPT-Bloom-7B1-LoRA,tfns,-14.004240036010742,0.004037456586956978,-13.316740036010742,0.00802944228053093,-8.504240036010742,0.9879330992698669
1987,Investors Who Bought Profile Systems & Software A.E (ATH:PROF) Shares Three Years Ago Are Now Up 739%,2,positive,2,positive,positive,1,0,FinGPT-Bloom-7B1-LoRA,tfns,-14.252153396606445,0.006684042047709227,-15.877153396606445,0.0013161659007892013,-9.252153396606445,0.9919997453689575
1988,Investors Who Bought Zogenix (NASDAQ:ZGNX) Shares Five Years Ago Are Now Up 411%,2,positive,2,positive,positive,1,0,FinGPT-Bloom-7B1-LoRA,tfns,-13.132411003112793,0.010936852544546127,-14.007411003112793,0.004559158347547054,-8.632411003112793,0.984503984451294
1989,Knoll (NYSE:KNL) Has A Pretty Healthy Balance Sheet,2,positive,1,neutral,neutral,0,0,FinGPT-Bloom-7B1-LoRA,tfns,-12.150369644165039,0.061502259224653244,-9.525369644165039,0.8490124344825745,-11.775369644165039,0.08948525041341782
1990,"Prudential Financial, Inc. Just Beat EPS By 11%: Here's What Analysts Think Will Happen Next",2,positive,2,positive,positive,1,0,FinGPT-Bloom-7B1-LoRA,tfns,-13.567233085632324,0.013166302815079689,-14.692233085632324,0.004274472594261169,-9.254733085632324,0.982559323310852
1991,Publicis Groupe (EPA:PUB) Has A Pretty Healthy Balance Sheet,2,positive,1,neutral,neutral,0,0,FinGPT-Bloom-7B1-LoRA,tfns,-12.03198528289795,0.05909615755081177,-9.40698528289795,0.8157972097396851,-11.28198528289795,0.1251065582036972
1992,"RECAP 12/10 +Pos Comments:
$HUYA + Hedgeye
$TSLA + Rosenblatt
$TXMD + CJS
$INFY + BofAML",2,positive,0,negative,negative,0,0,FinGPT-Bloom-7B1-LoRA,tfns,-8.264538764953613,0.9220297336578369,-14.264538764953613,0.002285483293235302,-10.764538764953613,0.0756848081946373
1993,Scalp Trader's recent $CVNA swing long ripped higher for a +90% gain in just one week. Learn more and #tradesmarter… https://t.co/w5NlaycODq,2,positive,2,positive,positive,1,0,FinGPT-Bloom-7B1-LoRA,tfns,-10.738666534423828,0.10157168656587601,-11.488666534423828,0.047979068011045456,-8.613666534423828,0.85044926404953
1994,"Shareholders Are Loving LeMaitre Vascular, Inc.'s (NASDAQ:LMAT) 1.0% Yield",2,positive,1,neutral,neutral,0,0,FinGPT-Bloom-7B1-LoRA,tfns,-11.769735336303711,0.0776146724820137,-9.394735336303711,0.8344363570213318,-11.644735336303711,0.08794894069433212
1995,Stock Market Update: Apple continues to outperform,2,positive,2,positive,positive,1,0,FinGPT-Bloom-7B1-LoRA,tfns,-12.819869995117188,0.00555399339646101,-16.319869995117188,0.00016771606169641018,-7.6323699951171875,0.9942783117294312
1996,Stock Market Update: Apple supplier Synaptics impresses investors,2,positive,2,positive,positive,1,0,FinGPT-Bloom-7B1-LoRA,tfns,-11.578320503234863,0.019114894792437553,-15.265820503234863,0.0004785320779774338,-7.6408209800720215,0.980406641960144
1997,Stock Traders Are Dumping Virus Hedges After ‘Peak Fear’ Passes,2,positive,0,negative,negative,0,0,FinGPT-Bloom-7B1-LoRA,tfns,-8.659972190856934,0.9528139233589172,-13.847472190856934,0.00532237533479929,-11.784972190856934,0.04186372086405754
1998,"Tesla $TSLA with 1400 January 2022 $1280 calls bought to open $33.50 to $36 for around $5M

And with that, I am off... https://t.co/uiJ0iHFoUw",2,positive,0,negative,negative,0,0,FinGPT-Bloom-7B1-LoRA,tfns,-8.0526123046875,0.9620870351791382,-12.7401123046875,0.008860514499247074,-11.5526123046875,0.029052510857582092
1999,The Bull Case for Shopify Stock Is More Relevant Than Ever,2,positive,2,positive,positive,1,0,FinGPT-Bloom-7B1-LoRA,tfns,-13.361879348754883,0.01621454581618309,-12.424379348754883,0.041405294090509415,-9.299379348754883,0.9423801302909851
2000,The Knight-Swift Transportation Holdings (NYSE:KNX) Share Price Is Up 16% And Shareholders Are Holding On,2,positive,2,positive,positive,1,0,FinGPT-Bloom-7B1-LoRA,tfns,-14.381837844848633,0.005151457153260708,-13.444337844848633,0.013154706917703152,-9.131837844848633,0.9816939234733582
2001,The Maxim Integrated Products (NASDAQ:MXIM) Share Price Has Gained 100% And Shareholders Are Hoping For More,2,positive,2,positive,positive,1,0,FinGPT-Bloom-7B1-LoRA,tfns,-8.751975059509277,0.5667645931243896,-11.314475059509277,0.04370419308543205,-9.126975059509277,0.3895312547683716
2002,We have been following $PGNY closely all week; added it to our Buy Alert list on Tuesday. Today it's ripping to new… https://t.co/BFM1RLzOjG,2,positive,2,positive,positive,1,0,FinGPT-Bloom-7B1-LoRA,tfns,-10.643378257751465,0.12895567715168,-10.643378257751465,0.12895567715168,-8.893378257751465,0.7420887351036072
2003,Why Capri Holdings Is a Buy This Season,2,positive,2,positive,positive,1,0,FinGPT-Bloom-7B1-LoRA,tfns,-12.69074535369873,0.00337436911650002,-14.31574535369873,0.0006644526729360223,-7.0032453536987305,0.9959612488746643
2004,"Why Ebix, Inc. (NASDAQ:EBIX) Should Be In Your Dividend Portfolio",2,positive,1,neutral,neutral,0,0,FinGPT-Bloom-7B1-LoRA,tfns,-12.479853630065918,0.04281013086438179,-9.542353630065918,0.8077678680419922,-11.229853630065918,0.1494220346212387
2005,Why Has Cree’s Revenue Jumped 40% In The Past 2 Years?,2,positive,2,positive,positive,1,0,FinGPT-Bloom-7B1-LoRA,tfns,-10.308585166931152,0.21829842031002045,-10.683585166931152,0.15003415942192078,-9.246085166931152,0.6316673755645752
2006,Why Shares of TransDigm Group Soared in January,2,positive,2,positive,positive,1,0,FinGPT-Bloom-7B1-LoRA,tfns,-11.948606491088867,0.02754973992705345,-15.011106491088867,0.0012885184260085225,-8.386106491088867,0.9711617827415466
2007,Why Snap Stock Jumped Today,2,positive,2,positive,positive,1,0,FinGPT-Bloom-7B1-LoRA,tfns,-11.510335922241211,0.006692171096801758,-15.697835922241211,0.00010161524551222101,-6.510335922241211,0.993206262588501
2008,Why Visa's Stock Price Could Keep Rising,2,positive,2,positive,positive,1,0,FinGPT-Bloom-7B1-LoRA,tfns,-12.132061958312988,0.015882892534136772,-14.507061958312988,0.0014773390721529722,-8.007061958312988,0.9826397895812988
2009,"Why You Should Like Aena S.M.E., S.A.’s (BME:AENA) ROCE",2,positive,1,neutral,neutral,0,0,FinGPT-Bloom-7B1-LoRA,tfns,-11.032044410705566,0.13598130643367767,-9.657044410705566,0.5378165245056152,-10.157044410705566,0.3262022137641907
2010,"With EPS Growth And More, Robertet (EPA:RBT) Is Interesting",2,positive,1,neutral,neutral,0,0,FinGPT-Bloom-7B1-LoRA,tfns,-12.514965057373047,0.033024322241544724,-9.389965057373047,0.7516300678253174,-10.639965057373047,0.2153456211090088
2011,$ACRGF - Acreage Holdings: The Best Investment In The Cannabis Space. Subscribe to Seeking Alpha for more:… https://t.co/qmq8yM9GFa,1,neutral,1,neutral,neutral,1,0,FinGPT-Bloom-7B1-LoRA,tfns,-10.135719299316406,0.4499340355396271,-10.385719299316406,0.35040897130966187,-10.948219299316406,0.19965702295303345
2012,$CEI Long-term chart. Everything is possible here. Full of shorts. Can run 400% like in July or doing nothing. But… https://t.co/JJMEup4XH3,1,neutral,1,neutral,neutral,1,0,FinGPT-Bloom-7B1-LoRA,tfns,-10.409668922424316,0.31959205865859985,-10.347168922424316,0.3402039706707001,-10.347168922424316,0.3402039706707001
2013,$CEI non stop ion after-hours. $GBR deserves some attention,1,neutral,2,positive,positive,0,0,FinGPT-Bloom-7B1-LoRA,tfns,-11.381690979003906,0.01590079627931118,-15.194190979003906,0.0003512943221721798,-7.256690502166748,0.9837478995323181
2014,"$CLLS took profits here .. 

Maybe they'll get bought out soon .. that's what happens lol https://t.co/CnPQQKSZpk",1,neutral,2,positive,positive,0,0,FinGPT-Bloom-7B1-LoRA,tfns,-12.20623779296875,0.02153933048248291,-14.01873779296875,0.003516199067234993,-8.39373779296875,0.974944531917572
2015,"$DAN - Dana Slogging Through Some End-Market Challenges, But The Longer-Term Outlook Is Better. Continue reading:… https://t.co/Yhw34F3a2O",1,neutral,1,neutral,neutral,1,0,FinGPT-Bloom-7B1-LoRA,tfns,-10.09143352508545,0.34133490920066833,-10.52893352508545,0.22038237750530243,-9.84143352508545,0.43828269839286804
2016,$DNKN - Dunkin' Brands: A Long-Term Analysis. Follow this and any other stock on Seeking Alpha!… https://t.co/5C75MjETME,1,neutral,1,neutral,neutral,1,0,FinGPT-Bloom-7B1-LoRA,tfns,-10.860419273376465,0.2135428637266159,-9.985419273376465,0.5122627019882202,-10.610419273376465,0.27419447898864746
2017,$EB - Eventbrite Needs To Find Acquisitions. Get more info on Seeking Alpha: https://t.co/O3GeF4Q2TE #trading #stockmarket #economy,1,neutral,2,positive,positive,0,0,FinGPT-Bloom-7B1-LoRA,tfns,-11.10848617553711,0.07566218078136444,-10.35848617553711,0.1601768285036087,-8.79598617553711,0.7641609311103821
2018,$ES equilibrium is 3107.50-3108  Long if either open is above 3108 and goes bid above the open. Look for some resis… https://t.co/ifVCk5Vh6r,1,neutral,2,positive,positive,0,0,FinGPT-Bloom-7B1-LoRA,tfns,-10.268381118774414,0.22362247109413147,-11.205881118774414,0.08757181465625763,-9.143381118774414,0.6888056993484497
2019,$ES_F $SPY https://t.co/BJ5eisxxwe,1,neutral,1,neutral,neutral,1,0,FinGPT-Bloom-7B1-LoRA,tfns,-9.697972297668457,0.17301201820373535,-9.635472297668457,0.18417033553123474,-8.385472297668457,0.6428176164627075
2020,$GDP - Goodrich Petroleum Corp.: A Solid Play. https://t.co/spGL5EIBuG #stockmarket #economy #stocks,1,neutral,2,positive,positive,0,0,FinGPT-Bloom-7B1-LoRA,tfns,-11.609254837036133,0.03040633164346218,-11.859254837036133,0.02368047460913658,-8.171754837036133,0.9459131956100464
2021,"$GOOG $GOOGL - Alphabet: Flying Right To $1,700. Read more and get updates on any stock! https://t.co/cdftwzEnYJ #economy #finance #markets",1,neutral,1,neutral,neutral,1,0,FinGPT-Bloom-7B1-LoRA,tfns,-10.191202163696289,0.20908360183238983,-10.128702163696289,0.2225683033466339,-9.191202163696289,0.5683481097221375
2022,$GPRO strong action.,1,neutral,2,positive,positive,0,0,FinGPT-Bloom-7B1-LoRA,tfns,-10.304473876953125,0.08476172387599945,-13.366973876953125,0.003964358940720558,-7.929474353790283,0.9112740159034729
2023,"$HSIC 
Brought to my attention by fellow AOT member @Radim7204 !
Really liking how this one is setting up going int… https://t.co/jcQsKjL6Ok",1,neutral,2,positive,positive,0,0,FinGPT-Bloom-7B1-LoRA,tfns,-11.29605770111084,0.06990756839513779,-10.35855770111084,0.1785152405500412,-8.92105770111084,0.7515771985054016
2024,$IRM - Iron Mountain Building A Fortress With Data Centers. Sign up for updates on Seeking Alpha!… https://t.co/M4VPqzEtJq,1,neutral,1,neutral,neutral,1,0,FinGPT-Bloom-7B1-LoRA,tfns,-10.650403022766113,0.2585151195526123,-10.025403022766113,0.48296982049942017,-10.650403022766113,0.2585151195526123
2025,"$JCP - J.C. Penney: Q3 Impresses, But Headwinds Remain. Get more updates here: https://t.co/nRuoADTjLN #business #trading #markets",1,neutral,2,positive,positive,0,0,FinGPT-Bloom-7B1-LoRA,tfns,-9.413269996643066,0.3169822692871094,-10.663269996643066,0.0908169373869896,-8.788269996643066,0.5922008156776428
2026,$KERN guess what? Great alert this week....... https://t.co/6aNynTGnoP,1,neutral,1,neutral,neutral,1,0,FinGPT-Bloom-7B1-LoRA,tfns,-10.930952072143555,0.08986379951238632,-8.805952072143555,0.7524203658103943,-10.368452072143555,0.15771587193012238
2027,$KRUS fresh breakout and at resistance. https://t.co/alBaL6qf4i,1,neutral,2,positive,positive,0,0,FinGPT-Bloom-7B1-LoRA,tfns,-12.701069831848145,0.021504925563931465,-14.138569831848145,0.005107867997139692,-8.888569831848145,0.9733873009681702
2028,$LB: L Brands feeling mall-based pressure https://t.co/qdD9K6QOy9,1,neutral,0,negative,negative,0,0,FinGPT-Bloom-7B1-LoRA,tfns,-8.278966903686523,0.833246111869812,-11.341466903686523,0.038971442729234695,-10.153966903686523,0.1277824342250824
2029,$LK $NTES $PDD - NetEase's Bright 2020; Pinduoduo Is No Luckin Coffee. Continue reading: https://t.co/CTznXqFM0n… https://t.co/TCLXHfhCjf,1,neutral,1,neutral,neutral,1,0,FinGPT-Bloom-7B1-LoRA,tfns,-10.176197052001953,0.34736379981040955,-10.238697052001953,0.32631808519363403,-10.238697052001953,0.32631808519363403
2030,$MAXR - How To Play Both Sides Of The Maxar Technologies Recovery Story. Subscribe to Seeking Alpha for more:… https://t.co/OYzd6jPzfC,1,neutral,1,neutral,neutral,1,0,FinGPT-Bloom-7B1-LoRA,tfns,-10.438704490661621,0.34497764706611633,-10.063704490661621,0.5019394755363464,-11.251204490661621,0.15308289229869843
2031,$MTB - M&T Bank: Too Soon To Call The Turn. Read more and get updates on any stock! https://t.co/Ys82ZwdFPl #business #economy #stocks,1,neutral,0,negative,negative,0,0,FinGPT-Bloom-7B1-LoRA,tfns,-8.688277244567871,0.5183314681053162,-11.750777244567871,0.024242686107754707,-8.813277244567871,0.45742589235305786
2032,$MTN - Vail Resorts missing snow in early part of season https://t.co/K76oI960UO,1,neutral,0,negative,negative,0,0,FinGPT-Bloom-7B1-LoRA,tfns,-8.755844116210938,0.7321033477783203,-11.943344116210938,0.03021751530468464,-9.880844116210938,0.2376791536808014
2033,"$NVDA $UBER - Beware The Ides Of December, Current Events Should Boost Markets Now; Sell Uber And Tesla. Get more u… https://t.co/BcYnGhPTG3",1,neutral,1,neutral,neutral,1,0,FinGPT-Bloom-7B1-LoRA,tfns,-10.134340286254883,0.24289532005786896,-10.134340286254883,0.24289532005786896,-9.384340286254883,0.5142093896865845
2034,"$OPGN took a big position for next week. Early this month. CVI Investments, Inc. purchased 200k shares. https://t.co/7y83Nbob1Z",1,neutral,1,neutral,neutral,1,0,FinGPT-Bloom-7B1-LoRA,tfns,-11.072586059570312,0.08270492404699326,-8.947586059570312,0.6924798488616943,-10.072586059570312,0.2248152792453766
2035,$PFG - Principal Financial Group: The Beaten Down Giant. Follow this and any other stock on Seeking Alpha!… https://t.co/BtTxNYCCmJ,1,neutral,0,negative,negative,0,0,FinGPT-Bloom-7B1-LoRA,tfns,-8.696678161621094,0.8502498865127563,-10.884178161621094,0.09539539366960526,-11.446678161621094,0.05435465648770332
2036,"$PIXY with just 1.1M shares float, if volume comes in again , the bounce could be explosive. U know how this stock works. Great entry point.",1,neutral,2,positive,positive,0,0,FinGPT-Bloom-7B1-LoRA,tfns,-11.280550956726074,0.05918745696544647,-12.655550956726074,0.014964932575821877,-8.530550956726074,0.925847589969635
2037,$PLNT $PTON - Gym-off trade unwinds a bit https://t.co/6KQrxKSjLE,1,neutral,2,positive,positive,0,0,FinGPT-Bloom-7B1-LoRA,tfns,-13.818211555480957,0.007074103225022554,-13.880711555480957,0.0066455053165555,-8.880711555480957,0.9862804412841797
2038,$PLUG - Plug Power Raises Some Much-Needed Cash - The Right Move At The Right Time. Read more:… https://t.co/8u9YMYHnLp,1,neutral,1,neutral,neutral,1,0,FinGPT-Bloom-7B1-LoRA,tfns,-10.540350914001465,0.3773617148399353,-10.352850914001465,0.45518508553504944,-11.352850914001465,0.16745325922966003
2039,$RF - Regions Financial On Target With Its Conservative Approach. Subscribe to Seeking Alpha for more:… https://t.co/0XIItIX3aB,1,neutral,1,neutral,neutral,1,0,FinGPT-Bloom-7B1-LoRA,tfns,-11.125175476074219,0.23336106538772583,-10.187675476074219,0.5959083437919617,-11.437675476074219,0.1707306057214737
2040,$RTTR waking up !!!!!!!!!!,1,neutral,2,positive,positive,0,0,FinGPT-Bloom-7B1-LoRA,tfns,-12.014245986938477,0.02011345513164997,-12.639245986938477,0.01076595764607191,-8.139245986938477,0.9691205620765686
2041,$SCANX: Stocks/ETFs that traded to new 52 week highs/lows this session - New highs (37) outpacing new lows (30) https://t.co/mozUwgcLn9,1,neutral,2,positive,positive,0,0,FinGPT-Bloom-7B1-LoRA,tfns,-11.028085708618164,0.0854250118136406,-11.528085708618164,0.05181289091706276,-8.715585708618164,0.8627620935440063
2042,$SCANX: Today's most active stocks https://t.co/fEt4nYC2bE,1,neutral,1,neutral,neutral,1,0,FinGPT-Bloom-7B1-LoRA,tfns,-10.541400909423828,0.11820007115602493,-8.666400909423828,0.770761251449585,-10.603900909423828,0.1110386922955513
2043,$SCHV - SCHV: Volatility Reminds Me To Stay Focused On Value. https://t.co/rTJ55Qtu22 #stockmarket #stocks #business,1,neutral,2,positive,positive,0,0,FinGPT-Bloom-7B1-LoRA,tfns,-10.609245300292969,0.08369653671979904,-12.234245300292969,0.01648082584142685,-8.234245300292969,0.8998225927352905
2044,$SE tried to break above its 38 cup pivot but was unable to clear it. It continues to consolidate around its earnin… https://t.co/3EDbxL0qB4,1,neutral,2,positive,positive,0,0,FinGPT-Bloom-7B1-LoRA,tfns,-11.022623062133789,0.08704935014247894,-11.022623062133789,0.08704935014247894,-8.772623062133789,0.8259012699127197
2045,$SIVR - SIVR Weekly: Spec Short-Covering More Than Offsets ETF Profit-Taking. Keep reading: https://t.co/loj6ZeIs4G… https://t.co/aVPpngWYd1,1,neutral,0,negative,negative,0,0,FinGPT-Bloom-7B1-LoRA,tfns,-7.923277378082275,0.9032447934150696,-11.610777854919434,0.022612281143665314,-10.423277854919434,0.07414281368255615
2046,$SPY $AAPL $ZM,1,neutral,2,positive,positive,0,0,FinGPT-Bloom-7B1-LoRA,tfns,-9.989903450012207,0.09405742585659027,-11.927403450012207,0.013550255447626114,-7.739902973175049,0.8923923969268799
2047,$SPY $AMTD $SCHW $EBAY,1,neutral,2,positive,positive,0,0,FinGPT-Bloom-7B1-LoRA,tfns,-10.86876392364502,0.049866363406181335,-12.55626392364502,0.009224350564181805,-7.9312639236450195,0.9409092664718628
2048,$SPY $IWM $TNA - Small caps aim to retake some ground https://t.co/lRTT9N8kdA,1,neutral,2,positive,positive,0,0,FinGPT-Bloom-7B1-LoRA,tfns,-10.14262866973877,0.13186293840408325,-10.33012866973877,0.10931822657585144,-8.39262866973877,0.7588188648223877
2049,$SPY $XLF $XLI $XLV $XLK $XLRE $XLU $XLY $TSLA,1,neutral,2,positive,positive,0,0,FinGPT-Bloom-7B1-LoRA,tfns,-10.020264625549316,0.22194963693618774,-14.207764625549316,0.00337012717500329,-8.770264625549316,0.7746803164482117
2050,$SPY been my road map for the overall market.  Oscillators looking for a full unwind/reset?  Would be healthy and s... https://t.co/u1L0z7i71A,1,neutral,2,positive,positive,0,0,FinGPT-Bloom-7B1-LoRA,tfns,-10.24081802368164,0.17160664498806,-11.30331802368164,0.059305671602487564,-8.74081802368164,0.7690876126289368
2051,$SRAX what a call !!! https://t.co/MVNBcRTTjP,1,neutral,1,neutral,neutral,1,0,FinGPT-Bloom-7B1-LoRA,tfns,-10.457456588745117,0.14579643309116364,-9.019956588745117,0.6138259172439575,-9.957456588745117,0.24037766456604004
2052,$TQQQ - TQQQ: No Risk No Reward. https://t.co/K6xMoV7bMM #economy #business #stocks,1,neutral,2,positive,positive,0,0,FinGPT-Bloom-7B1-LoRA,tfns,-9.02120590209961,0.16326019167900085,-12.08370590209961,0.007635780610144138,-7.396205425262451,0.8291040658950806
2053,$UDIRF $UDIRY - An Acquisition Of Tele Columbus Makes Sense For United Internet AG. Follow this and any other stock… https://t.co/Ue7x1kVSlW,1,neutral,1,neutral,neutral,1,0,FinGPT-Bloom-7B1-LoRA,tfns,-11.147208213806152,0.1468421220779419,-9.522208213806152,0.7457258701324463,-11.459708213806152,0.10743200778961182
2054,$VZ - Verizon Communications: Featured Stock In November's Safest Dividend Yields Model Portfolio. Sign up for upda… https://t.co/Y7lMkLQQ7a,1,neutral,1,neutral,neutral,1,0,FinGPT-Bloom-7B1-LoRA,tfns,-10.533616065979004,0.21080181002616882,-9.846116065979004,0.4192294776439667,-9.971116065979004,0.3699687123298645
2055,"$WEBK $KLXE $SNDE - TRNX, YEXT, BIG and CGIX among midday movers https://t.co/ZHa4KS7iks",1,neutral,1,neutral,neutral,1,0,FinGPT-Bloom-7B1-LoRA,tfns,-11.623549461364746,0.07580479979515076,-9.436049461364746,0.6756408214569092,-10.436049461364746,0.24855439364910126
2056,$XSLV - The Low Vol Mix In The New 60/40. https://t.co/iceGLtsIvz #trading #stocks #stockmarket,1,neutral,2,positive,positive,0,0,FinGPT-Bloom-7B1-LoRA,tfns,-9.656737327575684,0.26548051834106445,-10.656737327575684,0.09766482561826706,-8.781737327575684,0.6368546485900879
2057,$XYL - Xylem: Headwinds To Continue Over Several Quarters. Read more and sign up for updates:… https://t.co/uD2LB5E7NG,1,neutral,2,positive,positive,0,0,FinGPT-Bloom-7B1-LoRA,tfns,-10.815665245056152,0.13720346987247467,-10.940665245056152,0.1210816353559494,-9.128165245056152,0.7417148947715759
2058,"“It is all about liquidity for Uber and Lyft,” @p_ferragu tells @TheStreet’s @nelwang $UBER $LYFT https://t.co/dDsaSSzb82",1,neutral,2,positive,positive,0,0,FinGPT-Bloom-7B1-LoRA,tfns,-9.361364364624023,0.2850135266780853,-10.298864364624023,0.11161290109157562,-8.611364364624023,0.6033735871315002
2059,10 Most Heavily Traded ETFs of 2019,1,neutral,1,neutral,neutral,1,0,FinGPT-Bloom-7B1-LoRA,tfns,-11.543869018554688,0.05862314999103546,-8.918869018554688,0.8092675805091858,-10.731369018554688,0.13210929930210114
2060,11 Foreign Stocks With The Lowest Earnings Multiples,1,neutral,0,negative,negative,0,0,FinGPT-Bloom-7B1-LoRA,tfns,-8.663161277770996,0.9623271822929382,-13.975661277770996,0.004743875935673714,-12.038161277770996,0.03292902559041977
2061,2 Days To Buy 3M Company (NYSE:MMM) Before The Ex-Dividend Date,1,neutral,1,neutral,neutral,1,0,FinGPT-Bloom-7B1-LoRA,tfns,-13.640830039978027,0.01324718352407217,-9.828330039978027,0.5996133685112,-10.265830039978027,0.3871394693851471
2062,2 Top Small-Cap Stocks to Buy In February,1,neutral,2,positive,positive,0,0,FinGPT-Bloom-7B1-LoRA,tfns,-13.525334358215332,0.008356696926057339,-12.400334358215332,0.02574043720960617,-8.775334358215332,0.9659028053283691
2063,3 Great Semiconductor Stocks to Invest In for 2020,1,neutral,1,neutral,neutral,1,0,FinGPT-Bloom-7B1-LoRA,tfns,-12.016471862792969,0.0439864806830883,-9.016471862792969,0.8834920525550842,-11.516471862792969,0.07252144813537598
2064,3 Lord Abbett Funds to Snap Up Now,1,neutral,1,neutral,neutral,1,0,FinGPT-Bloom-7B1-LoRA,tfns,-11.1722412109375,0.08947199583053589,-9.6097412109375,0.42684701085090637,-9.4847412109375,0.4836810529232025
2065,3 Stocks to Enhance the Quality of Your Portfolio,1,neutral,1,neutral,neutral,1,0,FinGPT-Bloom-7B1-LoRA,tfns,-10.775802612304688,0.11223151534795761,-9.400802612304688,0.4438842535018921,-9.400802612304688,0.4438842535018921
2066,3 Surprising Stocks Hitting New Lows Last Week,1,neutral,0,negative,negative,0,0,FinGPT-Bloom-7B1-LoRA,tfns,-8.63343334197998,0.988006055355072,-15.00843334197998,0.001683186856098473,-13.19593334197998,0.010310769081115723
2067,3 Top Small-Cap Stocks to Buy in February,1,neutral,2,positive,positive,0,0,FinGPT-Bloom-7B1-LoRA,tfns,-13.469596862792969,0.007812872529029846,-12.094596862792969,0.030900508165359497,-8.657096862792969,0.9612866044044495
2068,"3M : Science, Technology & Sustainability Committee #3M #Stock #MarketScreener https://t.co/v00aEuNutb https://t.co/wMEmDMgf3i",1,neutral,1,neutral,neutral,1,0,FinGPT-Bloom-7B1-LoRA,tfns,-11.823970794677734,0.10419677942991257,-9.761470794677734,0.8195711970329285,-12.136470794677734,0.07623199373483658
2069,40% YTD Return On 18 Stocks: Andersen Capital Mgmt. (Radio),1,neutral,0,negative,negative,0,0,FinGPT-Bloom-7B1-LoRA,tfns,-9.126785278320312,0.6129083633422852,-12.814285278320312,0.015343861654400826,-9.626785278320312,0.3717477321624756
2070,42 Stocks Moving In Tuesday's Mid-Day Session,1,neutral,1,neutral,neutral,1,0,FinGPT-Bloom-7B1-LoRA,tfns,-11.018436431884766,0.1045067235827446,-9.393436431884766,0.5307289361953735,-9.768436431884766,0.36476433277130127
2071,5 Cheap Dividend Stocks With High Yields And Annual Increases,1,neutral,2,positive,positive,0,0,FinGPT-Bloom-7B1-LoRA,tfns,-12.941418647766113,0.01168002374470234,-15.878918647766113,0.0006190185667946935,-8.503918647766113,0.9877009987831116
2072,5 Stocks With January Bounce-Back Potential,1,neutral,2,positive,positive,0,0,FinGPT-Bloom-7B1-LoRA,tfns,-12.818211555480957,0.00911630317568779,-15.005711555480957,0.0010228209430351853,-8.130711555480957,0.9898608922958374
2073,6 Guru Stocks Beating the Market,1,neutral,0,negative,negative,0,0,FinGPT-Bloom-7B1-LoRA,tfns,-7.880910873413086,0.9930031895637512,-14.693410873413086,0.0010922434739768505,-13.005910873413086,0.005904612597078085
2074,"8 Stocks To Watch For December 12, 2019",1,neutral,1,neutral,neutral,1,0,FinGPT-Bloom-7B1-LoRA,tfns,-11.38947582244873,0.09697148203849792,-9.26447582244873,0.8119322657585144,-11.45197582244873,0.09109626710414886
2075,A Note On Metro Inc.'s (TSE:MRU) ROE and Debt To Equity,1,neutral,1,neutral,neutral,1,0,FinGPT-Bloom-7B1-LoRA,tfns,-10.568329811096191,0.2352859079837799,-9.818329811096191,0.49810025095939636,-10.443329811096191,0.2666138708591461
2076,Add Up The Parts: The First Trust Large Cap Value AlphaDEX Fund ETF Could Be Worth $62,1,neutral,2,positive,positive,0,0,FinGPT-Bloom-7B1-LoRA,tfns,-12.518324851989746,0.02502085268497467,-11.205824851989746,0.09296374022960663,-8.955824851989746,0.8820154070854187
2077,ADTRAN (NASDAQ:ADTN) Has Debt But No Earnings; Should You Worry?,1,neutral,1,neutral,neutral,1,0,FinGPT-Bloom-7B1-LoRA,tfns,-11.323888778686523,0.07471715658903122,-8.886388778686523,0.8550925850868225,-11.386388778686523,0.07019027322530746
2078,AEMD,1,neutral,1,neutral,neutral,1,0,FinGPT-Bloom-7B1-LoRA,tfns,-11.453085899353027,0.06707983464002609,-8.890585899353027,0.8699044585227966,-11.515585899353027,0.06301566958427429
2079,Amazon investors ignore these facts in the $1 trillion market cap frenzy https://t.co/7ifHd44bj3 by @BrianSozzi https://t.co/490crLdUXa,1,neutral,1,neutral,neutral,1,0,FinGPT-Bloom-7B1-LoRA,tfns,-9.638167381286621,0.5254471302032471,-10.263167381286621,0.28125160932540894,-10.638167381286621,0.1933012157678604
2080,Anyone catching any of this Gap and Run? And I’m not talking about an Inside Gap which means absolutely nothing. On… https://t.co/ROI0JBYpBf,1,neutral,1,neutral,neutral,1,0,FinGPT-Bloom-7B1-LoRA,tfns,-11.083732604980469,0.2274574190378189,-10.021232604980469,0.6581698060035706,-11.771232604980469,0.11437275260686874
2081,Are Investors Undervaluing Public Joint Stock Company Magnit (MCX:MGNT) By 28%?,1,neutral,1,neutral,neutral,1,0,FinGPT-Bloom-7B1-LoRA,tfns,-11.129487991333008,0.18231192231178284,-9.941987991333008,0.5977778434753418,-10.941987991333008,0.21991020441055298
2082,Are Investors Undervaluing Scientific Games Corporation (NASDAQ:SGMS) By 45%?,1,neutral,1,neutral,neutral,1,0,FinGPT-Bloom-7B1-LoRA,tfns,-11.833402633666992,0.1019885465502739,-9.770902633666992,0.8022021055221558,-11.895902633666992,0.09580937772989273
2083,Are Kinross Gold Corporation’s (TSE:K) High Returns Really That Great?,1,neutral,0,negative,negative,0,0,FinGPT-Bloom-7B1-LoRA,tfns,-8.653848648071289,0.7314251065254211,-10.591348648071289,0.10537178814411163,-10.153848648071289,0.16320301592350006
2084,Best Stocks for 2020: Energy Transfer Is Poised for an Epic Rally,1,neutral,2,positive,positive,0,0,FinGPT-Bloom-7B1-LoRA,tfns,-12.954249382019043,0.021257484331727028,-13.204249382019043,0.016555344685912132,-9.141749382019043,0.9621872305870056
2085,Best Stocks for 2020: Housing Trend Will Boost PennyMac Financial,1,neutral,2,positive,positive,0,0,FinGPT-Bloom-7B1-LoRA,tfns,-13.319404602050781,0.010274793021380901,-14.006904602050781,0.005166490096598864,-8.756904602050781,0.9845587611198425
2086,Better Buy: AbbVie vs. Merck,1,neutral,2,positive,positive,0,0,FinGPT-Bloom-7B1-LoRA,tfns,-12.196809768676758,0.0029681590385735035,-11.821809768676758,0.004318645689636469,-6.384309768676758,0.9927132725715637
2087,Big day for Cronos Group after Altria filing,1,neutral,1,neutral,neutral,1,0,FinGPT-Bloom-7B1-LoRA,tfns,-11.44214916229248,0.06058553233742714,-9.12964916229248,0.6118921637535095,-9.75464916229248,0.32752230763435364
2088,BNTC,1,neutral,1,neutral,neutral,1,0,FinGPT-Bloom-7B1-LoRA,tfns,-10.841314315795898,0.08264707773923874,-8.528814315795898,0.8347058892250061,-10.841314315795898,0.08264707773923874
2089,Can $MSFT head higher?  https://t.co/V5l6NINYrr,1,neutral,2,positive,positive,0,0,FinGPT-Bloom-7B1-LoRA,tfns,-14.68959903717041,0.0015943634789437056,-14.37709903717041,0.0021792363841086626,-8.25209903717041,0.99622642993927
2090,Can Cronos Stock Break Out of Its Downtrend?,1,neutral,2,positive,positive,0,0,FinGPT-Bloom-7B1-LoRA,tfns,-9.520133972167969,0.39415448904037476,-12.020133972167969,0.03235417231917381,-9.145133972167969,0.5734913945198059
2091,Can The North West Company Inc. (TSE:NWC) Maintain Its Strong Returns?,1,neutral,1,neutral,neutral,1,0,FinGPT-Bloom-7B1-LoRA,tfns,-12.42180061340332,0.0413808710873127,-9.42180061340332,0.8311570286750793,-11.29680061340332,0.12746207416057587
2092,Congratulations to @ServiceNow on being added to the S&P 500 https://t.co/MzojJ6sPLS,1,neutral,1,neutral,neutral,1,0,FinGPT-Bloom-7B1-LoRA,tfns,-10.120957374572754,0.2135428637266159,-9.870957374572754,0.27419447898864746,-9.245957374572754,0.5122627019882202
2093,Consider Aphria Stock as the Cannabisphere Burns,1,neutral,2,positive,positive,0,0,FinGPT-Bloom-7B1-LoRA,tfns,-10.963785171508789,0.0812620148062706,-10.776285171508789,0.09802070260047913,-8.651285171508789,0.8207172751426697
2094,"Could Envision Solar International, Inc.'s (NASDAQ:EVSI) Investor Composition Influence The Stock Price?",1,neutral,1,neutral,neutral,1,0,FinGPT-Bloom-7B1-LoRA,tfns,-11.527993202209473,0.08895891904830933,-9.402993202209473,0.7448439002037048,-10.902993202209473,0.16619715094566345
2095,Could The Colonial Coal International Corp. (CVE:CAD) Ownership Structure Tell Us Something Useful?,1,neutral,1,neutral,neutral,1,0,FinGPT-Bloom-7B1-LoRA,tfns,-10.095747947692871,0.35986799001693726,-9.970747947692871,0.4077838361263275,-10.533247947692871,0.2323482185602188
2096,Could The KONE Oyj (HEL:KNEBV) Ownership Structure Tell Us Something Useful?,1,neutral,1,neutral,neutral,1,0,FinGPT-Bloom-7B1-LoRA,tfns,-10.671682357788086,0.20782102644443512,-9.546682357788086,0.640133798122406,-10.984182357788086,0.1520451158285141
2097,Could The Occidental Petroleum Corporation (NYSE:OXY) Ownership Structure Tell Us Something Useful?,1,neutral,1,neutral,neutral,1,0,FinGPT-Bloom-7B1-LoRA,tfns,-10.22674560546875,0.3344199061393738,-9.85174560546875,0.4865780770778656,-10.85174560546875,0.1790020912885666
2098,Did Business Growth Power CGI's (TSE:GIB.A) Share Price Gain of 163%?,1,neutral,2,positive,positive,0,0,FinGPT-Bloom-7B1-LoRA,tfns,-11.536768913269043,0.032473787665367126,-12.099268913269043,0.018503008410334587,-8.161768913269043,0.9490232467651367
2099,Did Business Growth Power Maya Gold and Silver's (TSE:MYA) Share Price Gain of 296%?,1,neutral,2,positive,positive,0,0,FinGPT-Bloom-7B1-LoRA,tfns,-11.473409652709961,0.06436584889888763,-11.785909652709961,0.047091055661439896,-8.848409652709961,0.8885430693626404
2100,"Did You Own The Decade's Best Stock? It's Up 3,743%",1,neutral,2,positive,positive,0,0,FinGPT-Bloom-7B1-LoRA,tfns,-12.107304573059082,0.019109752029180527,-9.482304573059082,0.26380202174186707,-8.482304573059082,0.7170881628990173
2101,"Do Hedge Funds Love Kirkland’s, Inc. (KIRK)?",1,neutral,1,neutral,neutral,1,0,FinGPT-Bloom-7B1-LoRA,tfns,-11.153785705566406,0.1394219845533371,-10.091285705566406,0.40343087911605835,-9.966285705566406,0.45714709162712097
2102,"Do Insiders Own Lots Of Shares In The Meet Group, Inc. (NASDAQ:MEET)?",1,neutral,1,neutral,neutral,1,0,FinGPT-Bloom-7B1-LoRA,tfns,-12.393622398376465,0.030025972053408623,-9.018622398376465,0.8774875402450562,-11.268622398376465,0.09248650074005127
2103,Does China XD Plastics Company Limited (NASDAQ:CXDC) Have A High Beta?,1,neutral,1,neutral,neutral,1,0,FinGPT-Bloom-7B1-LoRA,tfns,-11.392417907714844,0.13136842846870422,-9.704917907714844,0.7101709842681885,-11.204917907714844,0.1584605723619461
2104,Does K3 Capital Group PLC (LON:K3C) Have A Particularly Volatile Share Price?,1,neutral,0,negative,negative,0,0,FinGPT-Bloom-7B1-LoRA,tfns,-8.95862102508545,0.5541984438896179,-10.27112102508545,0.1491605043411255,-9.58362102508545,0.296641081571579
2105,Does Page Industries (NSE:PAGEIND) Have A Healthy Balance Sheet?,1,neutral,1,neutral,neutral,1,0,FinGPT-Bloom-7B1-LoRA,tfns,-11.395389556884766,0.06831774860620499,-8.895389556884766,0.8322805166244507,-11.020389556884766,0.09940173476934433
2106,"Does Pieris Pharmaceuticals, Inc.'s (NASDAQ:PIRS) CEO Pay Matter?",1,neutral,1,neutral,neutral,1,0,FinGPT-Bloom-7B1-LoRA,tfns,-12.762090682983398,0.0173264741897583,-8.762090682983398,0.9459934234619141,-12.012090682983398,0.03668014332652092
2107,Does The Teradata Corporation (NYSE:TDC) Share Price Fall With The Market?,1,neutral,0,negative,negative,0,0,FinGPT-Bloom-7B1-LoRA,tfns,-8.749933242797852,0.9150460958480835,-11.624933242797852,0.05162337049841881,-12.062433242797852,0.03333055227994919
2108,Don't Sell AMA Group Limited (ASX:AMA) Before You Read This,1,neutral,2,positive,positive,0,0,FinGPT-Bloom-7B1-LoRA,tfns,-11.275230407714844,0.043812207877635956,-12.087730407714844,0.019441548734903336,-8.212730407714844,0.9367462992668152
2109,"EOS, Ethereum and Ripple’s XRP – Daily Tech Analysis – 07/02/20",1,neutral,1,neutral,neutral,1,0,FinGPT-Bloom-7B1-LoRA,tfns,-11.534632682800293,0.1135738417506218,-9.659632682800293,0.7405944466590881,-11.284632682800293,0.14583167433738708
2110,Estimating The Fair Value Of Oshkosh Corporation (NYSE:OSK),1,neutral,2,positive,positive,0,0,FinGPT-Bloom-7B1-LoRA,tfns,-11.533553123474121,0.06667562574148178,-10.596053123474121,0.1702621877193451,-9.096053123474121,0.7630621790885925
2111,Estimating The Intrinsic Value Of Ceres Global Ag Corp. (TSE:CRP),1,neutral,2,positive,positive,0,0,FinGPT-Bloom-7B1-LoRA,tfns,-10.877552032470703,0.09571058303117752,-11.502552032470703,0.051230188459157944,-8.690052032470703,0.8530592322349548
2112,Ethereum and Stellar’s Lumen Daily Tech Analysis – 18/11/19,1,neutral,1,neutral,neutral,1,0,FinGPT-Bloom-7B1-LoRA,tfns,-11.788691520690918,0.09156060218811035,-9.663691520690918,0.7666275501251221,-11.351191520690918,0.14181184768676758
2113,Ethereum and Stellar’s Lumen Daily Tech Analysis – 19/11/19,1,neutral,1,neutral,neutral,1,0,FinGPT-Bloom-7B1-LoRA,tfns,-11.910659790039062,0.08239636570215225,-9.660659790039062,0.7817550301551819,-11.410659790039062,0.13584864139556885
2114,Flotek Industries Inc (FTK): Hedge Fund Sentiment Unchanged,1,neutral,2,positive,positive,0,0,FinGPT-Bloom-7B1-LoRA,tfns,-10.54650592803955,0.0837329626083374,-10.17150592803955,0.12183074653148651,-8.29650592803955,0.7944362163543701
2115,FOMO time we project SP 500 target 4000 before end of Bull Market,1,neutral,2,positive,positive,0,0,FinGPT-Bloom-7B1-LoRA,tfns,-14.38499641418457,0.0065656970255076885,-13.32249641418457,0.01899847388267517,-9.38499641418457,0.9744358062744141
2116,FSCT,1,neutral,1,neutral,neutral,1,0,FinGPT-Bloom-7B1-LoRA,tfns,-11.025251388549805,0.07915456593036652,-8.650251388549805,0.8509917855262756,-11.150251388549805,0.06985365599393845
2117,Go $WKHS,1,neutral,2,positive,positive,0,0,FinGPT-Bloom-7B1-LoRA,tfns,-10.091804504394531,0.11629708111286163,-11.654304504394531,0.024377193301916122,-8.091804504394531,0.859325647354126
2118,Golden Rim Resources : Tabuteau to advance New Zealand's trade and political interests wit... #GoldenRimResources… https://t.co/9RRPcgdgAZ,1,neutral,2,positive,positive,0,0,FinGPT-Bloom-7B1-LoRA,tfns,-11.457243919372559,0.053995609283447266,-10.144743919372559,0.20061802864074707,-8.832243919372559,0.7453863620758057
2119,"Hedge Fund Darlings vs. Republic Services, Inc. (RSG) In 2019",1,neutral,2,positive,positive,0,0,FinGPT-Bloom-7B1-LoRA,tfns,-10.487166404724121,0.15994387865066528,-12.237166404724121,0.02779407799243927,-8.862166404724121,0.8122620582580566
2120,"Hedge Funds Cashed Out Of Simpson Manufacturing Co, Inc. (SSD) Too Early",1,neutral,2,positive,positive,0,0,FinGPT-Bloom-7B1-LoRA,tfns,-10.91596508026123,0.06733397394418716,-13.97846508026123,0.003149251686409116,-8.29096508026123,0.9295167326927185
2121,Hedge Funds Dropped The Ball On 2U Inc (TWOU),1,neutral,0,negative,negative,0,0,FinGPT-Bloom-7B1-LoRA,tfns,-8.389184951782227,0.9833436608314514,-13.826684951782227,0.0042778849601745605,-12.764184951782227,0.012378470040857792
2122,Hedge Funds Dropped The Ball On Continental Building Products Inc (CBPX),1,neutral,0,negative,negative,0,0,FinGPT-Bloom-7B1-LoRA,tfns,-8.30297565460205,0.9552866220474243,-12.67797565460205,0.012025284580886364,-11.67797565460205,0.03268811106681824
2123,Hedge Funds Had Impeccable Timing Buying Myovant Sciences Ltd. (MYOV),1,neutral,2,positive,positive,0,0,FinGPT-Bloom-7B1-LoRA,tfns,-13.753681182861328,0.005888595245778561,-14.191181182861328,0.0038019632920622826,-8.628681182861328,0.9903095364570618
2124,Hedge Funds Love These 3 Peers Way More Than China Petroleum & Chemical Corp (SNP),1,neutral,2,positive,positive,0,0,FinGPT-Bloom-7B1-LoRA,tfns,-10.318774223327637,0.20014604926109314,-13.506274223327637,0.008261014707386494,-8.943774223327637,0.7915929555892944
2125,Here is What Hedge Funds Think About First Busey Corporation (BUSE),1,neutral,2,positive,positive,0,0,FinGPT-Bloom-7B1-LoRA,tfns,-11.692341804504395,0.05906975269317627,-12.942341804504395,0.01692376844584942,-8.942341804504395,0.9240064024925232
2126,Here is What Hedge Funds Think About Focus Financial Partners Inc. (FOCS),1,neutral,2,positive,positive,0,0,FinGPT-Bloom-7B1-LoRA,tfns,-11.390137672424316,0.06206648796796799,-12.265137672424316,0.02587316185235977,-8.702637672424316,0.9120603799819946
2127,Here is What Hedge Funds Think About Wipro Limited (WIT),1,neutral,2,positive,positive,0,0,FinGPT-Bloom-7B1-LoRA,tfns,-11.05851936340332,0.07854904979467392,-12.30851936340332,0.02250468172132969,-8.62101936340332,0.8989462852478027
2128,Here’s What Hedge Funds Think Evolution Petroleum Corporation (EPM),1,neutral,1,neutral,neutral,1,0,FinGPT-Bloom-7B1-LoRA,tfns,-11.810193061828613,0.07866515964269638,-10.247693061828613,0.3752904534339905,-9.872693061828613,0.5460444092750549
2129,Here's What Analysts Are Forecasting For Cummins Inc. After Its Annual Results,1,neutral,1,neutral,neutral,1,0,FinGPT-Bloom-7B1-LoRA,tfns,-10.385096549987793,0.1700005680322647,-9.322596549987793,0.49191293120384216,-9.697596549987793,0.33808648586273193
2130,Here's What We Like About DCC plc (LON:DCC)'s Upcoming Dividend,1,neutral,2,positive,positive,0,0,FinGPT-Bloom-7B1-LoRA,tfns,-14.06871223449707,0.0037937676534056664,-13.31871223449707,0.008031406439840794,-8.50621223449707,0.9881747961044312
2131,Highlight: 'Amgen's been a rocket ship of a stock ... we just think that latest move is just assuming too much ... we'r... https://t.co/xIHky138yC,1,neutral,1,neutral,neutral,1,0,FinGPT-Bloom-7B1-LoRA,tfns,-11.30379581451416,0.1679239571094513,-9.92879581451416,0.6641521453857422,-11.30379581451416,0.1679239571094513
2132,Hong Kong ETF May Not Turn Around Anytime Soon,1,neutral,2,positive,positive,0,0,FinGPT-Bloom-7B1-LoRA,tfns,-10.181906700134277,0.17100316286087036,-12.744406700134277,0.013186348602175713,-8.619406700134277,0.81581050157547
2133,"How Does Investing In Seres Therapeutics, Inc. (NASDAQ:MCRB) Impact The Volatility Of Your Portfolio?",1,neutral,1,neutral,neutral,1,0,FinGPT-Bloom-7B1-LoRA,tfns,-11.893662452697754,0.062155816704034805,-9.268662452697754,0.8580345511436462,-11.643662452697754,0.07980964332818985
2134,How Good Is Kambi Group plc (STO:KAMBI) At Creating Shareholder Value?,1,neutral,1,neutral,neutral,1,0,FinGPT-Bloom-7B1-LoRA,tfns,-11.920989036560059,0.09857936203479767,-9.920989036560059,0.7284084558486938,-11.358489036560059,0.17301218211650848
2135,How Many Wheaton Precious Metals Corp. (TSE:WPM) Shares Do Institutions Own?,1,neutral,1,neutral,neutral,1,0,FinGPT-Bloom-7B1-LoRA,tfns,-11.576628684997559,0.06590034812688828,-9.014128684997559,0.8546086549758911,-11.389128684997559,0.07949098944664001
2136,"How Much Did Prologis, Inc.'s (NYSE:PLD) CEO Pocket Last Year?",1,neutral,1,neutral,neutral,1,0,FinGPT-Bloom-7B1-LoRA,tfns,-11.835368156433105,0.09053008258342743,-9.647868156433105,0.806885838508606,-11.710368156433105,0.10258401930332184
2137,How Much Have Harley-Davidson’s Shipments Fallen Since 2014?,1,neutral,1,neutral,neutral,1,0,FinGPT-Bloom-7B1-LoRA,tfns,-10.034627914428711,0.4349038302898407,-10.159627914428711,0.38380128145217896,-10.909627914428711,0.18129488825798035
2138,"How Much Of Daseke, Inc. (NASDAQ:DSKE) Do Institutions Own?",1,neutral,1,neutral,neutral,1,0,FinGPT-Bloom-7B1-LoRA,tfns,-11.699479103088379,0.026454996317625046,-8.136979103088379,0.93257075548172,-11.261979103088379,0.04097430035471916
2139,How Should Investors React To Poxel SA's (EPA:POXEL) CEO Pay?,1,neutral,1,neutral,neutral,1,0,FinGPT-Bloom-7B1-LoRA,tfns,-11.57658863067627,0.052082452923059464,-8.76408863067627,0.8672506809234619,-11.13908863067627,0.08066687732934952
2140,How Should Investors React To Select Medical Holdings Corporation's (NYSE:SEM) CEO Pay?,1,neutral,1,neutral,neutral,1,0,FinGPT-Bloom-7B1-LoRA,tfns,-11.449590682983398,0.057658106088638306,-8.762090682983398,0.8472797274589539,-10.949590682983398,0.09506214410066605
2141,Howard Bancorp (NASDAQ:HBMD) Shareholders Have Enjoyed A 54% Share Price Gain,1,neutral,2,positive,positive,0,0,FinGPT-Bloom-7B1-LoRA,tfns,-9.307483673095703,0.3701346814632416,-12.244983673095703,0.019616419449448586,-8.807483673095703,0.6102489233016968
2142,Imagine Owning Apex Global Brands (NASDAQ:APEX) And Taking A 98% Loss Square On The Chin,1,neutral,0,negative,negative,0,0,FinGPT-Bloom-7B1-LoRA,tfns,-8.318178176879883,0.6436758041381836,-12.318178176879883,0.011789334006607533,-8.943178176879883,0.34453484416007996
2143,Immersion Corporation (IMMR): Hedge Funds In Wait-and-See Mode,1,neutral,2,positive,positive,0,0,FinGPT-Bloom-7B1-LoRA,tfns,-9.582395553588867,0.3057771921157837,-11.457395553588867,0.046892452985048294,-8.832395553588867,0.6473303437232971
2144,Is Amicus Therapeutics (NASDAQ:FOLD) A Risky Investment?,1,neutral,1,neutral,neutral,1,0,FinGPT-Bloom-7B1-LoRA,tfns,-11.288277626037598,0.2223665714263916,-10.163277626037598,0.6849372386932373,-12.163277626037598,0.0926961749792099
2145,Is Autolus Therapeutics plc (AUTL) A Good Stock To Buy?,1,neutral,2,positive,positive,0,0,FinGPT-Bloom-7B1-LoRA,tfns,-11.166910171508789,0.10421782732009888,-10.979410171508789,0.12571069598197937,-9.166910171508789,0.7700713872909546
2146,Is CBIZ's (NYSE:CBZ) Share Price Gain Of 200% Well Earned?,1,neutral,2,positive,positive,0,0,FinGPT-Bloom-7B1-LoRA,tfns,-12.33051586151123,0.024126796051859856,-13.01801586151123,0.012131714262068272,-8.64301586151123,0.9637414813041687
2147,Is Gilat Satellite Networks Ltd.'s (NASDAQ:GILT) 6.1% Dividend Worth Your Time?,1,neutral,1,neutral,neutral,1,0,FinGPT-Bloom-7B1-LoRA,tfns,-10.930578231811523,0.250031441450119,-10.180578231811523,0.5293165445327759,-11.055578231811523,0.22065196931362152
2148,Is Grifols (BME:GRF) A Risky Investment?,1,neutral,1,neutral,neutral,1,0,FinGPT-Bloom-7B1-LoRA,tfns,-10.7208890914917,0.3890247941017151,-10.4708890914917,0.4995177388191223,-11.9708890914917,0.1114574745297432
2149,"Is Hawaiian Holdings, Inc. (HA) A Good Stock To Buy?",1,neutral,1,neutral,neutral,1,0,FinGPT-Bloom-7B1-LoRA,tfns,-12.82735824584961,0.045354392379522324,-10.07735824584961,0.7094621062278748,-11.13985824584961,0.2451835423707962
2150,Is HighPoint Resources Corporation (HPR) Going to Burn These Hedge Funds?,1,neutral,1,neutral,neutral,1,0,FinGPT-Bloom-7B1-LoRA,tfns,-10.633929252624512,0.27419447898864746,-10.008929252624512,0.5122627019882202,-10.883929252624512,0.2135428637266159
2151,Is Houghton Mifflin Harcourt Co (HMHC) Going to Burn These Hedge Funds?,1,neutral,1,neutral,neutral,1,0,FinGPT-Bloom-7B1-LoRA,tfns,-10.930598258972168,0.21735452115535736,-9.930598258972168,0.5908308029174805,-11.055598258972168,0.19181467592716217
2152,Is iQiyi Stock a Breakout Buy Right Now?,1,neutral,2,positive,positive,0,0,FinGPT-Bloom-7B1-LoRA,tfns,-11.82139778137207,0.008042218163609505,-13.00889778137207,0.00245273788459599,-7.00889778137207,0.9895050525665283
2153,"Is It Smart To Buy Strategic Education, Inc. (NASDAQ:STRA) Before It Goes Ex-Dividend?",1,neutral,1,neutral,neutral,1,0,FinGPT-Bloom-7B1-LoRA,tfns,-13.479125022888184,0.01572299376130104,-9.416625022888184,0.913811445236206,-11.979125022888184,0.0704655721783638
2154,Is It Too Late To Consider Buying Canadian Imperial Bank of Commerce (TSE:CM)?,1,neutral,1,neutral,neutral,1,0,FinGPT-Bloom-7B1-LoRA,tfns,-12.032910346984863,0.08331591635942459,-10.532910346984863,0.37339603900909424,-10.157910346984863,0.543287992477417
2155,Is It Worth Buying Cognizant Technology Solutions Corporation (NASDAQ:CTSH) For Its 1.3% Dividend Yield?,1,neutral,1,neutral,neutral,1,0,FinGPT-Bloom-7B1-LoRA,tfns,-12.968503952026367,0.04427345469594002,-10.031003952026367,0.8353787660598755,-11.968503952026367,0.12034773081541061
2156,Is James River Group Holdings Ltd (JRVR) Going To Burn These Hedge Funds ?,1,neutral,1,neutral,neutral,1,0,FinGPT-Bloom-7B1-LoRA,tfns,-12.086087226867676,0.11332892626523972,-10.148587226867676,0.7866585850715637,-12.211087226867676,0.1000124141573906
2157,Is Luckin Coffee (NASDAQ:LK) A Risky Investment?,1,neutral,1,neutral,neutral,1,0,FinGPT-Bloom-7B1-LoRA,tfns,-11.052534103393555,0.26856252551078796,-10.177534103393555,0.6442480087280273,-12.177534103393555,0.08718948811292648
2158,Is Magnolia Bostad AB (publ)'s (STO:MAG) ROE Of 6.1% Concerning?,1,neutral,1,neutral,neutral,1,0,FinGPT-Bloom-7B1-LoRA,tfns,-11.07469367980957,0.17455241084098816,-9.94969367980957,0.5376592874526978,-10.57469367980957,0.2877883017063141
2159,Is Mullen Group (TSE:MTL) Using Too Much Debt?,1,neutral,1,neutral,neutral,1,0,FinGPT-Bloom-7B1-LoRA,tfns,-11.532015800476074,0.13093975186347961,-9.782015800476074,0.7535063028335571,-11.657015800476074,0.11555393785238266
2160,Is Now An Opportune Moment To Examine AAC Technologies Holdings Inc. (HKG:2018)?,1,neutral,1,neutral,neutral,1,0,FinGPT-Bloom-7B1-LoRA,tfns,-11.168304443359375,0.16870246827602386,-9.980804443359375,0.5531541705131531,-10.668304443359375,0.27814337611198425
2161,"Is Now The Time To Look At Buying Houlihan Lokey, Inc. (NYSE:HLI)?",1,neutral,1,neutral,neutral,1,0,FinGPT-Bloom-7B1-LoRA,tfns,-12.588218688964844,0.052728116512298584,-10.150718688964844,0.6034413576126099,-10.713218688964844,0.34383049607276917
2162,Is Ritchie Bros. Auctioneers (RBA) Going to Burn These Hedge Funds?,1,neutral,1,neutral,neutral,1,0,FinGPT-Bloom-7B1-LoRA,tfns,-10.976119041442871,0.16697394847869873,-9.538619041442871,0.7029865980148315,-11.226119041442871,0.13003943860530853
2163,Is Seritage Growth Properties (SRG) A Good Stock To Buy?,1,neutral,2,positive,positive,0,0,FinGPT-Bloom-7B1-LoRA,tfns,-11.814658164978027,0.044090740382671356,-10.439658164978027,0.1743822544813156,-8.939658164978027,0.781527042388916
2164,"Is SiteOne Landscape Supply, Inc. (SITE) A Good Stock To Buy?",1,neutral,2,positive,positive,0,0,FinGPT-Bloom-7B1-LoRA,tfns,-11.964799880981445,0.05760977789759636,-11.027299880981445,0.14711172878742218,-9.339799880981445,0.7952784299850464
2165,"Is There Now An Opportunity In Solaria Energía y Medio Ambiente, S.A. (BME:SLR)?",1,neutral,1,neutral,neutral,1,0,FinGPT-Bloom-7B1-LoRA,tfns,-12.75938892364502,0.03528684750199318,-9.50938892364502,0.9100598096847534,-12.32188892364502,0.054653339087963104
2166,Is Vanguard Growth & Income Admiral (VGIAX) a Strong Mutual Fund Pick Right Now?,1,neutral,1,neutral,neutral,1,0,FinGPT-Bloom-7B1-LoRA,tfns,-12.470812797546387,0.03436911478638649,-10.033312797546387,0.39333370327949524,-9.658312797546387,0.5722971558570862
2167,"Is Viking Therapeutics, Inc. (VKTX) A Good Stock To Buy?",1,neutral,2,positive,positive,0,0,FinGPT-Bloom-7B1-LoRA,tfns,-11.44906997680664,0.06245782598853111,-11.26156997680664,0.07533851265907288,-8.82406997680664,0.8622036576271057
2168,Is WH Group Limited (HKG:288) Better Than Average At Deploying Capital?,1,neutral,2,positive,positive,0,0,FinGPT-Bloom-7B1-LoRA,tfns,-9.6292085647583,0.36708864569664,-10.9417085647583,0.09880056977272034,-9.2542085647583,0.5341108441352844
2169,Is Zafgen Inc (ZFGN) A Good Stock To Buy?,1,neutral,2,positive,positive,0,0,FinGPT-Bloom-7B1-LoRA,tfns,-12.027755737304688,0.03935672715306282,-11.527755737304688,0.06488827615976334,-8.902755737304688,0.8957549333572388
2170,Is Zhou Hei Ya International Holdings Company Limited (HKG:1458) Trading At A 32% Discount?,1,neutral,1,neutral,neutral,1,0,FinGPT-Bloom-7B1-LoRA,tfns,-11.21610164642334,0.15937139093875885,-9.77860164642334,0.6709786057472229,-11.15360164642334,0.16964995861053467
2171,J&J Brand Most Valuable Among Pharmaceutical Companies,1,neutral,2,positive,positive,0,0,FinGPT-Bloom-7B1-LoRA,tfns,-11.51634693145752,0.02295560948550701,-14.70384693145752,0.0009474912076257169,-7.766347408294678,0.9760969281196594
2172,"Macy's has shrunk to the size of Beyond Meat. It's going to get worse, technician says $M $BYND (via @TradingNation) https://t.co/h86IfyLmqy",1,neutral,0,negative,negative,0,0,FinGPT-Bloom-7B1-LoRA,tfns,-8.25490665435791,0.9929730892181396,-13.75490665435791,0.004058054182678461,-14.06740665435791,0.0029689359944313765
2173,"More Is Needed To Break Through: EZCORP, Inc. (EZPW), Gannett Co., Inc. (GCI) - TechnoRecorder",1,neutral,1,neutral,neutral,1,0,FinGPT-Bloom-7B1-LoRA,tfns,-12.028190612792969,0.0669453889131546,-9.528190612792969,0.815561830997467,-11.465690612792969,0.11749282479286194
2174,"More Is Needed To Break Through: Las Vegas Sands Corp. (LVS), Enterprise Products Partners L.P. (EPD) - TechnoRecorder",1,neutral,1,neutral,neutral,1,0,FinGPT-Bloom-7B1-LoRA,tfns,-12.646577835083008,0.0377669520676136,-9.521577835083008,0.8595718145370483,-11.646577835083008,0.10266122221946716
2175,"More Is Needed To Break Through: McDonald’s Corporation (MCD), ADT Inc. (ADT) - TechnoRecorder",1,neutral,1,neutral,neutral,1,0,FinGPT-Bloom-7B1-LoRA,tfns,-12.017389297485352,0.08551418781280518,-9.767389297485352,0.8113360404968262,-11.829889297485352,0.10314979404211044
2176,NAOV,1,neutral,1,neutral,neutral,1,0,FinGPT-Bloom-7B1-LoRA,tfns,-10.780895233154297,0.08605197072029114,-8.530895233154297,0.8164383769035339,-10.655895233154297,0.09750965982675552
2177,Nexstar Media : Andy Alford #NexstarMedia #Stock #MarketScreener https://t.co/7676Cby6JX https://t.co/mCQbFmgJrt,1,neutral,1,neutral,neutral,1,0,FinGPT-Bloom-7B1-LoRA,tfns,-11.016613960266113,0.16320303082466125,-9.516613960266113,0.7314251661300659,-11.454113960266113,0.10537179559469223
2178,"One Thing To Remember About The Allscripts Healthcare Solutions, Inc. (NASDAQ:MDRX) Share Price",1,neutral,1,neutral,neutral,1,0,FinGPT-Bloom-7B1-LoRA,tfns,-12.450967788696289,0.047091055661439896,-9.513467788696289,0.8885430693626404,-12.138467788696289,0.06436584889888763
2179,Options Trader Bets on Monster Micron Move,1,neutral,2,positive,positive,0,0,FinGPT-Bloom-7B1-LoRA,tfns,-11.421067237854004,0.05591343343257904,-10.296067237854004,0.1722254902124405,-8.796067237854004,0.7718610763549805
2180,PLUG Stock Remains Tantalizing and Vexing,1,neutral,0,negative,negative,0,0,FinGPT-Bloom-7B1-LoRA,tfns,-9.026805877685547,0.4825230836868286,-11.651805877685547,0.03495385870337486,-9.026805877685547,0.4825230836868286
2181,PTVCA,1,neutral,1,neutral,neutral,1,0,FinGPT-Bloom-7B1-LoRA,tfns,-10.481589317321777,0.10537179559469223,-8.544089317321777,0.7314251661300659,-10.044089317321777,0.16320303082466125
2182,Saudi Aramco shares to start trading Dec. 11 - Tadawul exchange https://t.co/RW1cipUUmB https://t.co/HwDW4fo0AN,1,neutral,1,neutral,neutral,1,0,FinGPT-Bloom-7B1-LoRA,tfns,-11.642317771911621,0.11735960841178894,-9.767317771911621,0.7652807235717773,-11.642317771911621,0.11735960841178894
2183,"Setups and Watch List, 11/24: $STNE $SE $PAYC $NOW $SPLK $DOCU $RH $ROKU $AAXN $NVCR 

Following charts courtesy of… https://t.co/tCFycIVckn",1,neutral,2,positive,positive,0,0,FinGPT-Bloom-7B1-LoRA,tfns,-9.679162979125977,0.18405064940452576,-11.179162979125977,0.04106724634766579,-8.241662979125977,0.7748821377754211
2184,"Shareholders Rejoice? HBC, Canfor Proxy Wins Do Little for Stock",1,neutral,2,positive,positive,0,0,FinGPT-Bloom-7B1-LoRA,tfns,-12.704302787780762,0.02129891701042652,-13.079302787780762,0.01463851798325777,-8.891802787780762,0.9640626311302185
2185,Should Community Bankers Trust (NASDAQ:ESXB) Be Disappointed With Their 99% Profit?,1,neutral,1,neutral,neutral,1,0,FinGPT-Bloom-7B1-LoRA,tfns,-11.079312324523926,0.19898104667663574,-9.829312324523926,0.6945120692253113,-11.704312324523926,0.10650688409805298
2186,Should CorEnergy Infrastructure Trust (NYSE:CORR) Be Disappointed With Their 39% Profit?,1,neutral,1,neutral,neutral,1,0,FinGPT-Bloom-7B1-LoRA,tfns,-10.4470853805542,0.3107033371925354,-9.9470853805542,0.5122631788253784,-11.0095853805542,0.1770334392786026
2187,Should We Be Cautious About Franklin Street Properties Corp.'s (NYSEMKT:FSP) ROE Of 0.5%?,1,neutral,1,neutral,neutral,1,0,FinGPT-Bloom-7B1-LoRA,tfns,-11.071905136108398,0.17980413138866425,-9.696905136108398,0.7111391425132751,-11.571905136108398,0.10905672609806061
2188,"Should You Add These 3 Top-Performing Mutual Funds to Your Portfolio? - February 06, 2020",1,neutral,1,neutral,neutral,1,0,FinGPT-Bloom-7B1-LoRA,tfns,-12.637039184570312,0.06985365599393845,-10.137039184570312,0.8509917855262756,-12.512039184570312,0.07915456593036652
2189,"Should You Avoid Sykes Enterprises, Incorporated (SYKE)?",1,neutral,1,neutral,neutral,1,0,FinGPT-Bloom-7B1-LoRA,tfns,-11.88574504852295,0.06274422258138657,-9.26074504852295,0.8661572337150574,-11.76074504852295,0.07109851390123367
2190,Should You Be Excited About Allianz SE's (ETR:ALV) 10% Return On Equity?,1,neutral,1,neutral,neutral,1,0,FinGPT-Bloom-7B1-LoRA,tfns,-11.839691162109375,0.07146315276622772,-9.402191162109375,0.8178525567054749,-11.402191162109375,0.11068430542945862
2191,"Should You Be Excited About PulteGroup, Inc.'s (NYSE:PHM) 18% Return On Equity?",1,neutral,1,neutral,neutral,1,0,FinGPT-Bloom-7B1-LoRA,tfns,-11.870698928833008,0.07146308571100235,-9.558198928833008,0.7217516303062439,-10.808198928833008,0.20678530633449554
2192,"Should You Be Tempted To Sell Galp Energia, SGPS, S.A. (ELI:GALP) Because Of Its P/E Ratio?",1,neutral,1,neutral,neutral,1,0,FinGPT-Bloom-7B1-LoRA,tfns,-11.550002098083496,0.1256149858236313,-9.800002098083496,0.7228643894195557,-11.362502098083496,0.15152060985565186
2193,Should You Be Tempted To Sell Michelmersh Brick Holdings plc (LON:MBH) Because Of Its P/E Ratio?,1,neutral,1,neutral,neutral,1,0,FinGPT-Bloom-7B1-LoRA,tfns,-10.97510814666748,0.20323437452316284,-10.03760814666748,0.518977165222168,-10.66260814666748,0.2777884900569916
2194,"Should You Be Worried About Mistras Group, Inc.'s (NYSE:MG) 1.5% Return On Equity?",1,neutral,1,neutral,neutral,1,0,FinGPT-Bloom-7B1-LoRA,tfns,-10.575639724731445,0.25668662786483765,-9.825639724731445,0.5434055924415588,-10.825639724731445,0.19990776479244232
2195,Should You Buy Harmony Gold Mining Co.  (HMY)?,1,neutral,2,positive,positive,0,0,FinGPT-Bloom-7B1-LoRA,tfns,-12.63359546661377,0.028592266142368317,-10.75859546661377,0.18644499778747559,-9.32109546661377,0.7849627733230591
2196,Should You Buy Netgear on This Short-Term Guidance Miss?,1,neutral,2,positive,positive,0,0,FinGPT-Bloom-7B1-LoRA,tfns,-12.540580749511719,0.03189036622643471,-12.415580749511719,0.03613651916384697,-9.165580749511719,0.9319730997085571
2197,"Should You Buy Weis Markets, Inc. (WMK)?",1,neutral,1,neutral,neutral,1,0,FinGPT-Bloom-7B1-LoRA,tfns,-12.751112937927246,0.041549310088157654,-10.063612937927246,0.6105626225471497,-10.626112937927246,0.3478880822658539
2198,Should You Worry About NVE Corporation's (NASDAQ:NVEC) CEO Salary Level?,1,neutral,1,neutral,neutral,1,0,FinGPT-Bloom-7B1-LoRA,tfns,-12.756834030151367,0.019748136401176453,-8.881834030151367,0.9515184760093689,-12.381834030151367,0.02873336896300316
2199,"Stks often pause at key res/sup levels. 1st touch of key level often fails, esp w/steep run into it. Let it consoli… https://t.co/cN0G1UYeKI",1,neutral,1,neutral,neutral,1,0,FinGPT-Bloom-7B1-LoRA,tfns,-9.204033851623535,0.6544018387794495,-10.391533851623535,0.19958128035068512,-10.704033851623535,0.14601679146289825
2200,Stock Market News: Netflix Climbs on Subscriber Data; Johnson & Johnson Looks Healthy,1,neutral,2,positive,positive,0,0,FinGPT-Bloom-7B1-LoRA,tfns,-13.427062034606934,0.00930367037653923,-11.927062034606934,0.041696157306432724,-8.802062034606934,0.9490001201629639
2201,"Stock Performance Summary :: Intercontinental Exchange, Inc., (NYSE: ICE) - Times Of New York",1,neutral,1,neutral,neutral,1,0,FinGPT-Bloom-7B1-LoRA,tfns,-11.897762298583984,0.03690265491604805,-9.772762298583984,0.30898213386535645,-9.022762298583984,0.6541152000427246
2202,"Stocks To Watch: Bharti Airtel, HUL, L&T Finance, NMDC, Tata Motors, Vodafone Idea",1,neutral,1,neutral,neutral,1,0,FinGPT-Bloom-7B1-LoRA,tfns,-11.53358268737793,0.08578664809465408,-9.59608268737793,0.595477283000946,-10.22108268737793,0.3187360465526581
2203,Taking A Look At Eastman Chemical Company's (NYSE:EMN) ROE,1,neutral,1,neutral,neutral,1,0,FinGPT-Bloom-7B1-LoRA,tfns,-11.022858619689941,0.06289001554250717,-8.522858619689941,0.7661572098731995,-10.022858619689941,0.17095279693603516
2204,The 3 Biggest Risks to Momo’s Stock,1,neutral,0,negative,negative,0,0,FinGPT-Bloom-7B1-LoRA,tfns,-9.235917091369629,0.5076462030410767,-11.673417091369629,0.04435763135552406,-9.360917091369629,0.44799619913101196
2205,There goes $ACST,1,neutral,0,negative,negative,0,0,FinGPT-Bloom-7B1-LoRA,tfns,-8.28577709197998,0.6778854727745056,-14.16077709197998,0.0019040409242734313,-9.03577709197998,0.32021045684814453
2206,These Stocks Could Bounce High in January and Beyond,1,neutral,2,positive,positive,0,0,FinGPT-Bloom-7B1-LoRA,tfns,-12.879070281982422,0.006690165493637323,-15.691570281982422,0.0004017756727989763,-7.87907075881958,0.9929081201553345
2207,This Dividend Hero’s Too Cheap To Miss Right Now,1,neutral,2,positive,positive,0,0,FinGPT-Bloom-7B1-LoRA,tfns,-11.040889739990234,0.07209917902946472,-11.415889739990234,0.04955299571156502,-8.540889739990234,0.8783478140830994
2208,Three stocks to buy during the coronavirus crash - besides the usual suspects https://t.co/00GgjoZr9U,1,neutral,1,neutral,neutral,1,0,FinGPT-Bloom-7B1-LoRA,tfns,-10.852079391479492,0.15510645508766174,-9.914579391479492,0.3960781693458557,-9.789579391479492,0.44881537556648254
2209,Top 5 Buys of John Rogers' Ariel Investment,1,neutral,2,positive,positive,0,0,FinGPT-Bloom-7B1-LoRA,tfns,-12.107994079589844,0.03333498537540436,-10.545494079589844,0.15903230011463165,-8.920494079589844,0.8076326847076416
2210,Top Technology Holdings of Warren Buffett's Berkshire Hathaway,1,neutral,2,positive,positive,0,0,FinGPT-Bloom-7B1-LoRA,tfns,-11.33923053741455,0.04336994141340256,-9.65173053741455,0.23445568978786469,-8.52673053741455,0.7221744060516357
2211,"Toyota, AB InBev, Funko: Companies to Watch",1,neutral,1,neutral,neutral,1,0,FinGPT-Bloom-7B1-LoRA,tfns,-11.970538139343262,0.06737060099840164,-9.533038139343262,0.7710157036781311,-11.095538139343262,0.16161367297172546
2212,"Trade Alert: The Independent Director Of Cerus Corporation (NASDAQ:CERS), Franklin Witney, Has Just Spent US$100k Buying Shares",1,neutral,2,positive,positive,0,0,FinGPT-Bloom-7B1-LoRA,tfns,-12.53117847442627,0.019901609048247337,-12.46867847442627,0.02118515409529209,-8.65617847442627,0.958913266658783
2213,"Translate Bio, Inc. (TBIO): Are Hedge Funds Right About This Stock?",1,neutral,1,neutral,neutral,1,0,FinGPT-Bloom-7B1-LoRA,tfns,-10.177372932434082,0.1968419998884201,-9.052372932434082,0.6063160300254822,-10.177372932434082,0.1968419998884201
2214,Two Firms Are Clashing About the Fate of U.S. Small-Cap Stocks,1,neutral,1,neutral,neutral,1,0,FinGPT-Bloom-7B1-LoRA,tfns,-10.53365707397461,0.13398194313049316,-9.09615707397461,0.564085066318512,-9.72115707397461,0.3019329905509949
2215,VIS Containers Manufacturing (ATH:VIS) Has Debt But No Earnings; Should You Worry?,1,neutral,1,neutral,neutral,1,0,FinGPT-Bloom-7B1-LoRA,tfns,-11.573225975036621,0.08306299895048141,-9.260725975036621,0.8389065265655518,-11.635725975036621,0.07803045958280563
2216,What Does KPS AG's (ETR:KSC) Share Price Indicate?,1,neutral,1,neutral,neutral,1,0,FinGPT-Bloom-7B1-LoRA,tfns,-11.41535472869873,0.13357879221439362,-9.66535472869873,0.7686929106712341,-11.72785472869873,0.09772832691669464
2217,"What Does Reading International, Inc.'s (NASDAQ:RDI) Share Price Indicate?",1,neutral,1,neutral,neutral,1,0,FinGPT-Bloom-7B1-LoRA,tfns,-11.390518188476562,0.09580937772989273,-9.265518188476562,0.8022021055221558,-11.328018188476562,0.1019885465502739
2218,What To Know Before Buying Flushing Financial Corporation (NASDAQ:FFIC) For Its Dividend,1,neutral,1,neutral,neutral,1,0,FinGPT-Bloom-7B1-LoRA,tfns,-12.224910736083984,0.045484282076358795,-9.287410736083984,0.8582254648208618,-11.474910736083984,0.096290223300457
2219,What You Must Know About Hingham Institution for Savings's (NASDAQ:HIFS) Beta Value,1,neutral,1,neutral,neutral,1,0,FinGPT-Bloom-7B1-LoRA,tfns,-11.46125316619873,0.08174750208854675,-9.14875316619873,0.8256204724311829,-11.33625316619873,0.09263204783201218
2220,Why value stocks surged more than growth stocks in 2019,1,neutral,2,positive,positive,0,0,FinGPT-Bloom-7B1-LoRA,tfns,-14.065792083740234,0.0038099130615592003,-14.065792083740234,0.0038099130615592003,-8.503292083740234,0.9923802614212036
2221,"Would Xiamen International Port Co., Ltd (HKG:3378) Be Valuable To Income Investors?",1,neutral,1,neutral,neutral,1,0,FinGPT-Bloom-7B1-LoRA,tfns,-11.3126859664917,0.20150265097618103,-10.1876859664917,0.6206718683242798,-11.4376859664917,0.177825465798378
2222,$AQST - Aquestive readies equity offering; shares down 7% after hours https://t.co/mTUhau6lCg,0,negative,0,negative,negative,1,0,FinGPT-Bloom-7B1-LoRA,tfns,-8.128876686096191,0.995660126209259,-13.816376686096191,0.0033733488526195288,-15.066376686096191,0.000966480583883822
2223,$CBAY - CymaBat halts trial of seladelpar; shares dip 4% https://t.co/0XHQXzW5ai,0,negative,0,negative,negative,1,0,FinGPT-Bloom-7B1-LoRA,tfns,-8.16346263885498,0.9500386714935303,-12.91346263885498,0.008219445124268532,-11.28846263885498,0.041741788387298584
2224,$CIM (-1.8% pre) Chimera Investment (CIM) Announces Public Offering of Convertible Senior Notes - SI https://t.co/icZf07FFnY,0,negative,1,neutral,neutral,0,0,FinGPT-Bloom-7B1-LoRA,tfns,-11.37678050994873,0.06610477715730667,-9.62678050994873,0.3804067373275757,-9.25178050994873,0.553488552570343
2225,$LNN - Lindsay -2% as COVID-19 impact 'remains uncertain' https://t.co/X5HppJ6i0k,0,negative,0,negative,negative,1,0,FinGPT-Bloom-7B1-LoRA,tfns,-8.557127952575684,0.7817550301551819,-10.807127952575684,0.08239636570215225,-10.307127952575684,0.13584864139556885
2226,$MRNA - Moderna files for mixed shelf; shares down 8% after hours https://t.co/O9O0jyiytg,0,negative,0,negative,negative,1,0,FinGPT-Bloom-7B1-LoRA,tfns,-8.377494812011719,0.9963636994361877,-14.377494812011719,0.0024697387125343084,-15.127494812011719,0.0011666219215840101
2227,$TBPH - Theravance readies $150M stock offering; shares down 5% after hours https://t.co/YgYqnXrOnQ,0,negative,0,negative,negative,1,0,FinGPT-Bloom-7B1-LoRA,tfns,-8.00345516204834,0.997107207775116,-14.25345516204834,0.0019248697208240628,-14.94095516204834,0.0009678851929493248
2228,$UBER shares down 3.7% after company loses London licence over safety failures https://t.co/mwRK6XOrbS https://t.co/l7lFNGWDRh,0,negative,0,negative,negative,1,0,FinGPT-Bloom-7B1-LoRA,tfns,-8.127967834472656,0.9961064457893372,-14.002967834472656,0.0027978583239018917,-14.940467834472656,0.001095656887628138
2229,$WORK - Slack -5% after statement on IBM https://t.co/L71kecX7LL,0,negative,2,positive,positive,0,0,FinGPT-Bloom-7B1-LoRA,tfns,-8.590121269226074,0.6109750270843506,-12.090121269226074,0.018449848517775536,-9.090121269226074,0.37057510018348694
2230,Abiomed down 8% on guidance cut,0,negative,0,negative,negative,1,0,FinGPT-Bloom-7B1-LoRA,tfns,-8.127327919006348,0.9973002076148987,-15.689827919006348,0.000518171931616962,-14.252327919006348,0.0021815854124724865
2231,Adamis Pharma -61% on FDA's Zimhi rejection,0,negative,1,neutral,neutral,0,0,FinGPT-Bloom-7B1-LoRA,tfns,-10.922401428222656,0.12445119768381119,-9.984901428222656,0.3177972435951233,-9.422401428222656,0.5577515363693237
2232,Afya -3.4% on offering of class A common shares,0,negative,2,positive,positive,0,0,FinGPT-Bloom-7B1-LoRA,tfns,-11.764175415039062,0.02286723628640175,-13.326675415039062,0.004793232772499323,-8.014175415039062,0.9723395705223083
2233,Akoustis down 13% on pricing equity offering,0,negative,0,negative,negative,1,0,FinGPT-Bloom-7B1-LoRA,tfns,-8.25581169128418,0.9923173189163208,-14.81831169128418,0.0014014998450875282,-13.31831169128418,0.00628108624368906
2234,Applied Genetic Tech down 7% premarket after pricing equity offering,0,negative,0,negative,negative,1,0,FinGPT-Bloom-7B1-LoRA,tfns,-8.377453804016113,0.9962730407714844,-14.439953804016113,0.002319893566891551,-14.939953804016113,0.0014070866163820028
2235,"As Kohl's shares plunge, Cramer calls out CEO for glossing over why earnings missed estimates",0,negative,0,negative,negative,1,0,FinGPT-Bloom-7B1-LoRA,tfns,-8.063042640686035,0.9380601048469543,-11.875542640686035,0.020724445581436157,-11.188042640686035,0.04121548309922218
2236,Athenex down 17% on oral paclitaxel data,0,negative,0,negative,negative,1,0,FinGPT-Bloom-7B1-LoRA,tfns,-8.630645751953125,0.9888661503791809,-13.568145751953125,0.00709264911711216,-14.130645751953125,0.004041269887238741
2237,Becton Dickinson's stock tumbles 11% premarket after Q1 results,0,negative,0,negative,negative,1,0,FinGPT-Bloom-7B1-LoRA,tfns,-8.128510475158691,0.9947298765182495,-15.441010475158691,0.0006636311882175505,-13.503510475158691,0.004606513772159815
2238,"Becton Dickinson's stock tumbles, as lowered earnings guidance offsets profit beat",0,negative,0,negative,negative,1,0,FinGPT-Bloom-7B1-LoRA,tfns,-8.252996444702148,0.9947298765182495,-15.565496444702148,0.0006636311882175505,-13.627996444702148,0.004606513772159815
2239,"Becton, Dickinson slips 9% on lowered guidance",0,negative,0,negative,negative,1,0,FinGPT-Bloom-7B1-LoRA,tfns,-8.882439613342285,0.9826962947845459,-13.819939613342285,0.007048395927995443,-13.444939613342285,0.010255356319248676
2240,Cabot Microelectronics tanks on soft guidance,0,negative,0,negative,negative,1,0,FinGPT-Bloom-7B1-LoRA,tfns,-7.523824691772461,0.9691821932792664,-13.961324691772461,0.001551081775687635,-11.023824691772461,0.02926676534116268
2241,Checkpoint Therapeutics down 14% after hours on equity offering,0,negative,0,negative,negative,1,0,FinGPT-Bloom-7B1-LoRA,tfns,-8.752413749694824,0.9954867959022522,-14.939913749694824,0.002045683329924941,-14.752413749694824,0.0024675652384757996
2242,Ciena Corp. shares slide after earnings miss,0,negative,0,negative,negative,1,0,FinGPT-Bloom-7B1-LoRA,tfns,-8.629094123840332,0.9914160370826721,-14.691594123840332,0.0023085838183760643,-13.691594123840332,0.006275380961596966
2243,Ether Turns Negative For the Year as Crypto Sell-Off Accelerates,0,negative,2,positive,positive,0,0,FinGPT-Bloom-7B1-LoRA,tfns,-11.177373886108398,0.10622283816337585,-14.364873886108398,0.004384339787065983,-9.052373886108398,0.8893929123878479
2244,GoPro's stock tumbles 13% premarket after Q4 results late Wednesday,0,negative,0,negative,negative,1,0,FinGPT-Bloom-7B1-LoRA,tfns,-8.502462387084961,0.9960743188858032,-16.00246238708496,0.0005509131005965173,-14.189962387084961,0.0033747521229088306
2245,"Irish bank and real-estate stocks fall after a strong electoral showing for Sinn in, a left-wing nationalist part... https://t.co/dfReOhhlBX",0,negative,0,negative,negative,1,0,FinGPT-Bloom-7B1-LoRA,tfns,-8.177123069763184,0.9576048851013184,-12.052123069763184,0.0198744535446167,-11.927123069763184,0.022520707920193672
2246,"JUST IN: Slack shares halted for pending news.

https://t.co/jn8limUSe7",0,negative,0,negative,negative,1,0,FinGPT-Bloom-7B1-LoRA,tfns,-8.760087013244629,0.985748827457428,-13.822587013244629,0.006239509209990501,-13.572587013244629,0.00801168940961361
2247,"KL, CBAY among premarket losers",0,negative,0,negative,negative,1,0,FinGPT-Bloom-7B1-LoRA,tfns,-8.165148735046387,0.9513757228851318,-13.102648735046387,0.00682374881580472,-11.290148735046387,0.04180053249001503
2248,Kohl's -11% after profit view slashed,0,negative,0,negative,negative,1,0,FinGPT-Bloom-7B1-LoRA,tfns,-8.1558198928833,0.9621872305870056,-12.2183198928833,0.016555344685912132,-11.9683198928833,0.021257484331727028
2249,Kohl's stock drops 10% after it cuts guidance,0,negative,0,negative,negative,1,0,FinGPT-Bloom-7B1-LoRA,tfns,-8.08276653289795,0.9184229373931885,-13.08276653289795,0.006188285071402788,-10.58276653289795,0.07538874447345734
2250,Macy’s shares sink after date-breach reports,0,negative,0,negative,negative,1,0,FinGPT-Bloom-7B1-LoRA,tfns,-7.808391571044922,0.8167421221733093,-14.495891571044922,0.0010179831879213452,-9.308391571044922,0.18223980069160461
2251,Mahindra & Mahindra shares head for their steepest decline in more than a decade after surprise drop in earnings https://t.co/RyNmr09Ei7,0,negative,0,negative,negative,1,0,FinGPT-Bloom-7B1-LoRA,tfns,-8.160025596618652,0.9600709080696106,-11.972525596618652,0.021210728213191032,-12.097525596618652,0.018718402832746506
2252,Myriad Genetics slips 27% premarket after weak FQ2 and guidance cut,0,negative,0,negative,negative,1,0,FinGPT-Bloom-7B1-LoRA,tfns,-8.633207321166992,0.9819138646125793,-13.320707321166992,0.009043113328516483,-13.320707321166992,0.009043113328516483
2253,New York Mortgage Trust sinks 2.7% after announcing capital raise,0,negative,2,positive,positive,0,0,FinGPT-Bloom-7B1-LoRA,tfns,-9.545350074768066,0.2649218738079071,-12.420350074768066,0.014945867471396923,-8.545350074768066,0.7201322317123413
2254,"Nio's stock falls after January deliveries decline on coronavirus, New Years holiday timing effects",0,negative,0,negative,negative,1,0,FinGPT-Bloom-7B1-LoRA,tfns,-8.752083778381348,0.9966296553611755,-14.939583778381348,0.0020480318926274776,-15.377083778381348,0.0013223086716607213
2255,Organogenesis -8.9% amid 9M-share offering,0,negative,2,positive,positive,0,0,FinGPT-Bloom-7B1-LoRA,tfns,-11.95267391204834,0.027482684701681137,-13.95267391204834,0.0037193770986050367,-8.39017391204834,0.968798041343689
2256,PagSeguro slides 4.5% after Q3 disappoints,0,negative,0,negative,negative,1,0,FinGPT-Bloom-7B1-LoRA,tfns,-8.627674102783203,0.9943450689315796,-15.065174102783203,0.0015913525130599737,-14.127674102783203,0.0040636612102389336
2257,Post Holdings -4% after earnings miss,0,negative,0,negative,negative,1,0,FinGPT-Bloom-7B1-LoRA,tfns,-8.135773658752441,0.985156774520874,-14.135773658752441,0.0024419596884399652,-12.510773658752441,0.012401293963193893
2258,PTC Therapeutics down 6% premarket on risidplam data,0,negative,0,negative,negative,1,0,FinGPT-Bloom-7B1-LoRA,tfns,-8.38499927520752,0.984481930732727,-13.19749927520752,0.00800139270722866,-13.25999927520752,0.007516611833125353
2259,"QD, HEXO among premarket losers",0,negative,0,negative,negative,1,0,FinGPT-Bloom-7B1-LoRA,tfns,-7.952930927276611,0.827800452709198,-12.45293140411377,0.009196029044687748,-9.57793140411377,0.16300350427627563
2260,Roku -5.1% after filing to offer up to 1M shares,0,negative,2,positive,positive,0,0,FinGPT-Bloom-7B1-LoRA,tfns,-12.787610054016113,0.022086691111326218,-12.225110054016113,0.03876335173845291,-9.037610054016113,0.9391499757766724
2261,Roku shares dropped after it notified users that FOX channels will be not accessible for the Super Bowl https://t.co/W8JTisSnaC,0,negative,0,negative,negative,1,0,FinGPT-Bloom-7B1-LoRA,tfns,-8.644904136657715,0.7201605439186096,-10.769904136657715,0.08601091802120209,-9.957404136657715,0.19382858276367188
2262,Roku stock falls after disclosure of shareholder resales,0,negative,0,negative,negative,1,0,FinGPT-Bloom-7B1-LoRA,tfns,-8.254644393920898,0.9939929842948914,-14.817144393920898,0.001403866452164948,-13.629644393920898,0.004603100940585136
2263,SES shares tumble 20% after FCC chairman voices support for public airwaves sale,0,negative,0,negative,negative,1,0,FinGPT-Bloom-7B1-LoRA,tfns,-8.627606391906738,0.9953645467758179,-14.690106391906738,0.002317778067663312,-14.690106391906738,0.002317778067663312
2264,Slack shares slump as Microsoft continues to make corporate inroads,0,negative,0,negative,negative,1,0,FinGPT-Bloom-7B1-LoRA,tfns,-7.883668899536133,0.9920624494552612,-14.071168899536133,0.0020386462565511465,-13.008668899536133,0.005899018608033657
2265,SunPower's stock sinks after plans to sell 22 million shares to the public,0,negative,0,negative,negative,1,0,FinGPT-Bloom-7B1-LoRA,tfns,-7.755844593048096,0.8790868520736694,-11.193345069885254,0.02825818583369255,-10.005845069885254,0.09265503287315369
2266,"Synthetic Biologics, Inc. (SYN) Sinks -4.79% Today: Breaking Down The Root Causes - Find News",0,negative,0,negative,negative,1,0,FinGPT-Bloom-7B1-LoRA,tfns,-7.515567779541016,0.9818437695503235,-13.578067779541016,0.0022862940095365047,-11.640567779541016,0.015870025381445885
2267,"Taco Bell, KFC parent Yum Brands' stock drops after profit misses but revenue beat",0,negative,0,negative,negative,1,0,FinGPT-Bloom-7B1-LoRA,tfns,-8.765114784240723,0.9722102284431458,-13.077614784240723,0.013027625158429146,-12.952614784240723,0.014762232080101967
2268,Tesla -3% as China slowdown factors in,0,negative,0,negative,negative,1,0,FinGPT-Bloom-7B1-LoRA,tfns,-8.754655838012695,0.990284264087677,-14.692155838012695,0.0026129819452762604,-13.692155838012695,0.007102820556610823
2269,Tesla falls more than 6% after Cybertruck flub—Cramer and other pros talk prospects $TSLA (via @TradingNation) https://t.co/6KwIqJa65g,0,negative,0,negative,negative,1,0,FinGPT-Bloom-7B1-LoRA,tfns,-8.502811431884766,0.9966296553611755,-14.690311431884766,0.0020480318926274776,-15.127811431884766,0.0013223086716607213
2270,"Tesla's stock falls again, extends pullback to 22%",0,negative,0,negative,negative,1,0,FinGPT-Bloom-7B1-LoRA,tfns,-8.135847091674805,0.9846609234809875,-13.948347091674805,0.0029440829530358315,-12.510847091674805,0.01239505223929882
2271,"Twilio Crushes Q4 Expectations, Shares Fall 7% on Modest Bottom-Line Guidance",0,negative,2,positive,positive,0,0,FinGPT-Bloom-7B1-LoRA,tfns,-8.401959419250488,0.5233232975006104,-11.964459419250488,0.01484554074704647,-8.526959419250488,0.4618312120437622
2272,"Tyson Foods -4% after chicken, beef sales disappoint",0,negative,0,negative,negative,1,0,FinGPT-Bloom-7B1-LoRA,tfns,-7.772116184234619,0.9763014912605286,-14.959616661071777,0.000738060858566314,-11.522116661071777,0.022960400208830833
2273,"Uber's $UBER share price is down approximately 29% since its IPO in May 2019, while the S&P 500 is up nearly 8% dur… https://t.co/V7eqP2opTW",0,negative,0,negative,negative,1,0,FinGPT-Bloom-7B1-LoRA,tfns,-8.253968238830566,0.9197803139686584,-11.628968238830566,0.031473152339458466,-11.191468238830566,0.04874657094478607
2274,Varonis -6% on wider-than-expected loss forecast,0,negative,0,negative,negative,1,0,FinGPT-Bloom-7B1-LoRA,tfns,-7.791448593139648,0.9536817073822021,-13.166448593139648,0.0044164229184389114,-10.916448593139648,0.0419018492102623
2275,Woodward ~6% post Q4 earnings miss,0,negative,0,negative,negative,1,0,FinGPT-Bloom-7B1-LoRA,tfns,-8.378379821777344,0.9949159622192383,-14.878379821777344,0.0014957955572754145,-14.003379821777344,0.0035882273223251104
2276,WWE -3.1% amid two-notch cut at Wells Fargo,0,negative,0,negative,negative,1,0,FinGPT-Bloom-7B1-LoRA,tfns,-8.388242721557617,0.9806221723556519,-13.138242721557617,0.00848404411226511,-12.888242721557617,0.010893729515373707
2277,WWE Plunges After Sales Forecast Uncovers Dismal Fan Engagement,0,negative,0,negative,negative,1,0,FinGPT-Bloom-7B1-LoRA,tfns,-8.009417533874512,0.9912019968032837,-14.384417533874512,0.001688631484284997,-12.946917533874512,0.007109403144568205
2278,"Zoom shares slip over security concerns, rising competition https://t.co/9LgzbL552F https://t.co/VSENzzofYP",0,negative,0,negative,negative,1,0,FinGPT-Bloom-7B1-LoRA,tfns,-7.752330780029297,0.9982979893684387,-15.439830780029297,0.0004577426298055798,-14.439830780029297,0.0012442735023796558
2279,"Zoom shares slip over security concerns, rising competition https://t.co/u0l97LVQDa https://t.co/dcVT5Zzh2L",0,negative,0,negative,negative,1,0,FinGPT-Bloom-7B1-LoRA,tfns,-7.752810001373291,0.9979766011238098,-14.81531047821045,0.0008549001067876816,-14.50281047821045,0.0011685099452733994
2280,$AAPL (+0.2% pre) Apple to expand operations in India: IT minister https://t.co/1DmAytdTR0,2,positive,2,positive,positive,1,0,FinGPT-Bloom-7B1-LoRA,tfns,-12.884422302246094,0.010930217802524567,-13.634422302246094,0.005163068883121014,-8.384422302246094,0.9839067459106445
2281,"$AAXN gapped up on earnings, up 24.57% on 6x average volume. It cleared the top of its earnings gap up at 71. On wa… https://t.co/1e7NB4TsUa",2,positive,2,positive,positive,1,0,FinGPT-Bloom-7B1-LoRA,tfns,-12.269156455993652,0.025502387434244156,-12.644156455993652,0.017527518793940544,-8.644156455993652,0.9569700360298157
2282,$AVDL (+2.7% pre) Avadel Pharmaceuticals Achieves Enrollment Target in REST-ON Phase 3 Pivotal Trial of FT218 for E… https://t.co/sz4WqZbAac,2,positive,2,positive,positive,1,0,FinGPT-Bloom-7B1-LoRA,tfns,-10.512028694152832,0.15617503225803375,-11.637028694152832,0.05070261284708977,-8.887028694152832,0.7931222915649414
2283,$BXRX - Baudax Bio +7% premarket on Anjeso launch in U.S. https://t.co/2hI5uKFCHw,2,positive,2,positive,positive,1,0,FinGPT-Bloom-7B1-LoRA,tfns,-11.122143745422363,0.08796011656522751,-12.434643745422363,0.023674143478274345,-8.809643745422363,0.8883656859397888
2284,$CANF (+20.3% pre) Can-Fite BioPharma (CANF) Announces Positive Top Line Results from its Phase II NASH Study with… https://t.co/HLKZq00QPy,2,positive,2,positive,positive,1,0,FinGPT-Bloom-7B1-LoRA,tfns,-12.34464168548584,0.026798367500305176,-12.28214168548584,0.028526712208986282,-8.78214168548584,0.9446749687194824
2285,$CC $MMM $DD - PFAS chemical makers climb as Congress makes no decision https://t.co/cthudaPdFL,2,positive,2,positive,positive,1,0,FinGPT-Bloom-7B1-LoRA,tfns,-12.709674835205078,0.014692017808556557,-12.522174835205078,0.017721956595778465,-8.522174835205078,0.9675860404968262
2286,$CGC - Canopy Growth +4% premarket on new cannabis license for Smiths Falls facility https://t.co/FYvMKq9dAf,2,positive,2,positive,positive,1,0,FinGPT-Bloom-7B1-LoRA,tfns,-10.822021484375,0.11476168781518936,-11.947021484375,0.03725766763091087,-8.822021484375,0.8479805588722229
2287,$DPW (+90.0% pre) DPW Holdings Announces That Its Coolisys Power Electronics Business Sees Increased Offshore Manuf… https://t.co/DwW8Lz0dDd,2,positive,2,positive,positive,1,0,FinGPT-Bloom-7B1-LoRA,tfns,-11.28248119354248,0.0727815255522728,-10.59498119354248,0.14474335312843323,-8.90748119354248,0.7824751734733582
2288,$ENOB (+17.5% pre) Enochian Biosciences (ENOB) Expands Infectious Disease Pipeline by Entering Pact to Acquire Excl… https://t.co/NP7PYIkHtt,2,positive,2,positive,positive,1,0,FinGPT-Bloom-7B1-LoRA,tfns,-8.935577392578125,0.4922131299972534,-10.310577392578125,0.12445096671581268,-9.185577392578125,0.3833359479904175
2289,"$HCHC (+5.7% pre) HC2 Holdings (HCHC) in Advanced Discussions to Sell Continental Insurance, Retains Advisor to Exp… https://t.co/a36tqbUnUy",2,positive,2,positive,positive,1,0,FinGPT-Bloom-7B1-LoRA,tfns,-10.5120210647583,0.14084123075008392,-11.5745210647583,0.04867342859506607,-8.7620210647583,0.8104853630065918
2290,$ICPT - FDA OKs Intercept’s NDA for obeticholic acid; shares up 5% premarket https://t.co/VgfLhFDoWm,2,positive,2,positive,positive,1,0,FinGPT-Bloom-7B1-LoRA,tfns,-12.179813385009766,0.02475678361952305,-11.554813385009766,0.04625175893306732,-8.554813385009766,0.928991436958313
2291,"$JAN (+92.2% pre) JanOne entered into a Patent and Know How License Agreement with UAB Research Foundation, TheraVa… https://t.co/lNeVmJnG1c",2,positive,1,neutral,neutral,0,0,FinGPT-Bloom-7B1-LoRA,tfns,-9.630205154418945,0.5531541705131531,-10.317705154418945,0.27814337611198425,-10.817705154418945,0.16870246827602386
2292,"$JKHY day highs and clearing resistance, name not far from its record highs",2,positive,2,positive,positive,1,0,FinGPT-Bloom-7B1-LoRA,tfns,-11.883166313171387,0.004069081041961908,-14.633166313171387,0.0002601275045890361,-6.383166790008545,0.9956707954406738
2293,$KOD $REGN - Kodiak Sciences up 9% on positive early-stage KSI-301 data https://t.co/Dixe4svpxG,2,positive,2,positive,positive,1,0,FinGPT-Bloom-7B1-LoRA,tfns,-13.628881454467773,0.006673032883554697,-14.441381454467773,0.0029611403588205576,-8.628881454467773,0.9903658628463745
2294,"$LIVX (+16.8% pre) LiveXLive Media (LIVX), Samsung Announce Production And Distribution Partnership - SI - SI https://t.co/us7jsZ5apN",2,positive,2,positive,positive,1,0,FinGPT-Bloom-7B1-LoRA,tfns,-9.232821464538574,0.3733960688114166,-10.732821464538574,0.08331592381000519,-8.857821464538574,0.5432880520820618
2295,$LMNX - Luminex Q1 revenue tops guidance; shares up 7% after hours https://t.co/plWYnRO6A1,2,positive,2,positive,positive,1,0,FinGPT-Bloom-7B1-LoRA,tfns,-14.25301742553711,0.006660238839685917,-14.56551742553711,0.004872734658420086,-9.25301742553711,0.9884670972824097
2296,"$M (+11.7% pre) Macy's finance chief Paula Price to step down in May - SI

https://t.co/qKgwR2a9Ft",2,positive,0,negative,negative,0,0,FinGPT-Bloom-7B1-LoRA,tfns,-8.056502342224121,0.877048909664154,-11.931502342224121,0.01820256933569908,-10.181502342224121,0.10474855452775955
2297,"$MGI (+4.2% pre) Ripple Makes Investment in MoneyGram Equity to Complete Original Investment Commitment, Expansion… https://t.co/CbJ8u15z83",2,positive,2,positive,positive,1,0,FinGPT-Bloom-7B1-LoRA,tfns,-9.65899658203125,0.25619590282440186,-11.34649658203125,0.04739147052168846,-8.65899658203125,0.6964126229286194
2298,$MTH - Meritage Homes 1Q20 orders rise 23% Y/Y; shares up ~20% https://t.co/wByVa9hi30,2,positive,2,positive,positive,1,0,FinGPT-Bloom-7B1-LoRA,tfns,-14.443893432617188,0.003779955208301544,-13.318893432617188,0.011643080972135067,-8.881393432617188,0.9845770001411438
2299,$NSPR - InspireMD chief to step down; shares up 3% https://t.co/nw4ii9SQFu,2,positive,2,positive,positive,1,0,FinGPT-Bloom-7B1-LoRA,tfns,-8.821662902832031,0.47906967997550964,-11.259162902832031,0.04186064004898071,-8.821662902832031,0.47906967997550964
2300,$NTLA $EDIT $CRSP - Intellia up 5% on new data from CRSPR/Cas9 programs https://t.co/We4Yiy0bs8,2,positive,2,positive,positive,1,0,FinGPT-Bloom-7B1-LoRA,tfns,-14.503630638122559,0.004570214543491602,-13.878630638122559,0.008538284339010715,-9.128630638122559,0.9868914484977722
2301,$NVCR shows institutional accumulation with blue skyscraper last week and closing near highs. Forms a cup base with… https://t.co/s6fdABDVVW,2,positive,2,positive,positive,1,0,FinGPT-Bloom-7B1-LoRA,tfns,-9.58172607421875,0.3131950795650482,-10.70672607421875,0.10167954862117767,-8.95672607421875,0.5851254463195801
2302,$ONVO - Organovo stockholders nix Tarveda merger; shares up 2% after hours https://t.co/3tGA8kVpl2,2,positive,2,positive,positive,1,0,FinGPT-Bloom-7B1-LoRA,tfns,-11.510092735290527,0.03837768733501434,-11.697592735290527,0.03181621804833412,-8.322592735290527,0.9298061728477478
2303,$PACD Added + shares on pullback. BORR +130% they will find this sympathy play very soon. Money will flow into this… https://t.co/0PTZlnV1ps,2,positive,2,positive,positive,1,0,FinGPT-Bloom-7B1-LoRA,tfns,-9.312854766845703,0.32752230763435364,-11.000354766845703,0.06058553233742714,-8.687854766845703,0.6118921637535095
2304,"$PSTI (+56.3% pre) Pluristem Reports Preliminary Data from its COVID-19 Compassionate Use Program, Treating Seven P… https://t.co/hke1zV8mkt",2,positive,0,negative,negative,0,0,FinGPT-Bloom-7B1-LoRA,tfns,-8.59675407409668,0.6990228295326233,-10.53425407409668,0.10070379078388214,-9.84675407409668,0.20027339458465576
2305,$SRNE (+36.3% pre) Sorrento Therapeutics shares soar 25% after it rejects offer from two companies - MW https://t.co/5WB1nxwKVn,2,positive,0,negative,negative,0,0,FinGPT-Bloom-7B1-LoRA,tfns,-8.464078903198242,0.7132171392440796,-11.839078903198242,0.024404946714639664,-9.464078903198242,0.26237794756889343
2306,"$SSL $CHMI $CANF - RTX, SKT among premarket gainers https://t.co/YC36Ef6fZt",2,positive,2,positive,positive,1,0,FinGPT-Bloom-7B1-LoRA,tfns,-14.005199432373047,0.0066455053165555,-13.942699432373047,0.007074103225022554,-9.005199432373047,0.9862804412841797
2307,"$STZ (+4.9% pre) UBS Upgrades Constellation Brands (STZ) to Buy, $180 PT

https://t.co/y3Tfnn7kfo",2,positive,2,positive,positive,1,0,FinGPT-Bloom-7B1-LoRA,tfns,-12.507411003112793,0.01095246709883213,-13.757411003112793,0.0031379342544823885,-8.007411003112793,0.985909640789032
2308,"$TIF (+5.6% pre) LVMH aims to restore Tiffany's sparkle with $16.2 billion takeover - Reuters

https://t.co/6rlL3xPZWj",2,positive,2,positive,positive,1,0,FinGPT-Bloom-7B1-LoRA,tfns,-13.381975173950195,0.009630960412323475,-13.569475173950195,0.007984346710145473,-8.756975173950195,0.9823846220970154
2309,$TSLA +7% in pm (BLOG IDEA). Breaking out of the bullish flag that i mentioned several times last week.,2,positive,2,positive,positive,1,0,FinGPT-Bloom-7B1-LoRA,tfns,-9.150049209594727,0.3439948856830597,-12.400049209594727,0.013338128104805946,-8.525049209594727,0.6426669955253601
2310,"$VRNS (+0.0% pre) Varonis Systems reports preliminary Q1 - SA

https://t.co/ORtdEEogHg",2,positive,2,positive,positive,1,0,FinGPT-Bloom-7B1-LoRA,tfns,-11.788204193115234,0.02899951860308647,-12.788204193115234,0.01066832710057497,-8.288204193115234,0.9603321552276611
2311,"$XOM (+5.8% pre) Exxon cuts full-year capex forecast by 30%, maintains long-term outlook - SA

https://t.co/zXwoE1Emyq",2,positive,2,positive,positive,1,0,FinGPT-Bloom-7B1-LoRA,tfns,-9.200214385986328,0.28910672664642334,-12.012714385986328,0.017362210899591446,-8.325214385986328,0.6935310363769531
2312,$ZIOP (+6.4% pre) Ziopharm Oncology Presents Encouraging Clinical Data for Controlled IL-12 for the Treatment of Re… https://t.co/F5WFn7CrP6,2,positive,2,positive,positive,1,0,FinGPT-Bloom-7B1-LoRA,tfns,-10.805843353271484,0.12048745155334473,-11.055843353271484,0.09383571892976761,-8.930843353271484,0.7856768369674683
2313,"$ZS (+3.6% pre) BofA/Merrill Lynch Upgrades Zscaler (ZS) to Buy; Cyber Security Opportunity Too Big to Ignore, $68… https://t.co/CJBmEfW5tG",2,positive,2,positive,positive,1,0,FinGPT-Bloom-7B1-LoRA,tfns,-10.182047843933105,0.20150282979011536,-10.932047843933105,0.09518319368362427,-8.932047843933105,0.7033140063285828
2314,AbbVie stock jumps 2.6% premarket,2,positive,2,positive,positive,1,0,FinGPT-Bloom-7B1-LoRA,tfns,-13.128301620483398,0.004068280104547739,-15.315801620483398,0.00045644838246516883,-7.628301620483398,0.9954753518104553
2315,AIA's announcement of a new CEO sends shares higher in Hong Kong https://t.co/vVmrVJVl90 https://t.co/6sb0BnZHx6,2,positive,2,positive,positive,1,0,FinGPT-Bloom-7B1-LoRA,tfns,-11.929072380065918,0.04583549499511719,-12.241572380065918,0.0335339680314064,-8.929072380065918,0.9206305742263794
2316,AMC Entertainment rallies after big Frozen 2 weekend,2,positive,2,positive,positive,1,0,FinGPT-Bloom-7B1-LoRA,tfns,-14.63007640838623,0.0035542603582143784,-13.50507640838623,0.010947893373668194,-9.00507640838623,0.9854978322982788
2317,"ArcelorMittal shares surge on higher operating profit, dividend than expected",2,positive,2,positive,positive,1,0,FinGPT-Bloom-7B1-LoRA,tfns,-14.502732276916504,0.002172676846385002,-13.752732276916504,0.0045995572581887245,-8.377732276916504,0.9932277798652649
2318,Argo Group gains 2.2% after moving to refresh board,2,positive,2,positive,positive,1,0,FinGPT-Bloom-7B1-LoRA,tfns,-14.064448356628418,0.003820028156042099,-15.251948356628418,0.0011650427477434278,-8.501948356628418,0.9950149655342102
2319,Athenex up 28% on expected positive data on oral paclitaxel,2,positive,2,positive,positive,1,0,FinGPT-Bloom-7B1-LoRA,tfns,-13.081379890441895,0.007984346710145473,-12.893879890441895,0.009630960412323475,-8.268879890441895,0.9823846220970154
2320,Aurora beefs up leadership team; shares up 3% premarket,2,positive,2,positive,positive,1,0,FinGPT-Bloom-7B1-LoRA,tfns,-13.194700241088867,0.0033579187002032995,-12.694700241088867,0.005536272190511227,-7.507200241088867,0.991105854511261
2321,Bill.com +72% in trading debut,2,positive,1,neutral,neutral,0,0,FinGPT-Bloom-7B1-LoRA,tfns,-11.832764625549316,0.06483743339776993,-9.270264625549316,0.8408246040344238,-11.457764625549316,0.09433790296316147
2322,BioLineRx reports data on triple combination arm of COMBAT/KEYNOTE-202 study; shares up 21% premarket,2,positive,2,positive,positive,1,0,FinGPT-Bloom-7B1-LoRA,tfns,-14.568072319030762,0.005501292180269957,-14.005572319030762,0.009655068628489971,-9.380572319030762,0.9848436713218689
2323,Brazil broker XP surges in debut after $1.96 billion U.S. IPO https://t.co/JCpfrpsjX4 via @business https://t.co/WTr4j8LUbO,2,positive,2,positive,positive,1,0,FinGPT-Bloom-7B1-LoRA,tfns,-11.903223037719727,0.03668013960123062,-12.653223037719727,0.01732647232711315,-8.653223037719727,0.9459933042526245
2324,Bristol-Myers +3% premarket on Q4 beat,2,positive,2,positive,positive,1,0,FinGPT-Bloom-7B1-LoRA,tfns,-12.442098617553711,0.006286852527409792,-15.004598617553711,0.00048479007091373205,-7.379598617553711,0.9932283759117126
2325,Canopy Growth +4% premarket on new cannabis license for Smiths Falls facility,2,positive,2,positive,positive,1,0,FinGPT-Bloom-7B1-LoRA,tfns,-11.89776611328125,0.037161219865083694,-14.02276611328125,0.004438275005668402,-8.64776611328125,0.9584004878997803
2326,Carnival's stock soars after Saudi sovereign wealth fund takes stake in the crippled cruise company https://t.co/IFYPXCDpja,2,positive,0,negative,negative,0,0,FinGPT-Bloom-7B1-LoRA,tfns,-9.018532752990723,0.6920457482337952,-11.581032752990723,0.0533648356795311,-10.018532752990723,0.25458940863609314
2327,Co-Diagnostics up 36% on coronavirus test sales,2,positive,2,positive,positive,1,0,FinGPT-Bloom-7B1-LoRA,tfns,-13.253582954406738,0.00218046922236681,-14.003582954406738,0.0010299808345735073,-7.1285834312438965,0.9967895150184631
2328,Eidos up 13% on sustained benefit of AG10 in ATTR-CM,2,positive,2,positive,positive,1,0,FinGPT-Bloom-7B1-LoRA,tfns,-13.318282127380371,0.00802944228053093,-14.005782127380371,0.004037456586956978,-8.505782127380371,0.9879330992698669
2329,Endonovo up 35% on SofPulse collaboration,2,positive,2,positive,positive,1,0,FinGPT-Bloom-7B1-LoRA,tfns,-12.447558403015137,0.0026307939551770687,-14.510058403015137,0.00033446791348978877,-6.510058403015137,0.9970347881317139
2330,Extreme Networks stock up 2.6% premarket,2,positive,2,positive,positive,1,0,FinGPT-Bloom-7B1-LoRA,tfns,-12.256148338317871,0.004603492561727762,-13.506148338317871,0.001318922615610063,-6.881148338317871,0.9940775632858276
2331,"Gap ticks higher despite lowered full-year comps, which point to a bah humbug holiday quarter https://t.co/M4f8u4Zza2 $GPS",2,positive,0,negative,negative,0,0,FinGPT-Bloom-7B1-LoRA,tfns,-8.308892250061035,0.85527104139328,-11.308892250061035,0.04258143901824951,-10.433892250061035,0.10214756429195404
2332,Intelsat +10%; Height expects C-band payout to rise,2,positive,2,positive,positive,1,0,FinGPT-Bloom-7B1-LoRA,tfns,-13.379321098327637,0.004594079218804836,-13.691821098327637,0.003361100098118186,-8.004321098327637,0.9920448064804077
2333,"Intelsat's stock bounces 6.6% premarket, after plummeting 55% over the past 2 days to 19-mo. low",2,positive,0,negative,negative,0,0,FinGPT-Bloom-7B1-LoRA,tfns,-8.382734298706055,0.9862913489341736,-13.132734298706055,0.008533092215657234,-13.632734298706055,0.005175582133233547
2334,Kodiak Sciences up 9% on positive early-stage KSI-301 data,2,positive,2,positive,positive,1,0,FinGPT-Bloom-7B1-LoRA,tfns,-14.938645362854004,0.002321298699826002,-16.00114631652832,0.0008022186812013388,-8.876145362854004,0.9968764781951904
2335,LiveXLive +23% on Samsung tie-up,2,positive,2,positive,positive,1,0,FinGPT-Bloom-7B1-LoRA,tfns,-12.505897521972656,0.006655923556536436,-12.693397521972656,0.005517954472452402,-7.5058979988098145,0.9878261685371399
2336,"Marriott Up Over 14%, on Pace for Largest Percent Increase Since December 2008 -- Data Tal...… https://t.co/WMIRbwXDRt",2,positive,2,positive,positive,1,0,FinGPT-Bloom-7B1-LoRA,tfns,-11.592170715332031,0.07186949253082275,-11.904670715332031,0.05258084461092949,-9.092170715332031,0.8755496740341187
2337,"Medtronic's stock surges after earnings rise above expectations, and outlook raised",2,positive,2,positive,positive,1,0,FinGPT-Bloom-7B1-LoRA,tfns,-13.502094268798828,0.004062799736857414,-14.314594268798828,0.001802856451831758,-8.002094268798828,0.9941343665122986
2338,National Oilwell Varco +10% after Q4 results,2,positive,2,positive,positive,1,0,FinGPT-Bloom-7B1-LoRA,tfns,-12.887252807617188,0.01776658371090889,-13.262252807617188,0.012210782617330551,-8.887252807617188,0.9700226187705994
2339,Nio Shares Continue Higher Despite Predictions Of Record Plunge In Chinese Auto Sales,2,positive,2,positive,positive,1,0,FinGPT-Bloom-7B1-LoRA,tfns,-13.502050399780273,0.004067599307745695,-15.377050399780273,0.0006237864727154374,-8.002050399780273,0.9953086972236633
2340,One Medical parent 1Life Healthcare stock soars 38% in early debut trading https://t.co/dRNcVEH6ob,2,positive,1,neutral,neutral,0,0,FinGPT-Bloom-7B1-LoRA,tfns,-11.674454689025879,0.09857936203479767,-9.674454689025879,0.7284084558486938,-11.111954689025879,0.17301218211650848
2341,Qiagen shares surge as diagnostics group says open to takeover talks,2,positive,2,positive,positive,1,0,FinGPT-Bloom-7B1-LoRA,tfns,-11.390922546386719,0.012381679378449917,-12.515922546386719,0.0040197428315877914,-7.015922546386719,0.9835985898971558
2342,RealNetworks CEO Rob Glaser to invest into the Company; shares +12%,2,positive,2,positive,positive,1,0,FinGPT-Bloom-7B1-LoRA,tfns,-9.78231430053711,0.24025167524814606,-12.28231430053711,0.019721059128642082,-8.65731430053711,0.7400272488594055
2343,Sanofi Q4 top-line up 7%; shares up 3% premarket,2,positive,2,positive,positive,1,0,FinGPT-Bloom-7B1-LoRA,tfns,-13.568143844604492,0.004310346208512783,-13.443143844604492,0.004884262103587389,-8.130643844604492,0.990805447101593
2344,ServiceNow stock up 4% on news it is joining the S&P 500,2,positive,2,positive,positive,1,0,FinGPT-Bloom-7B1-LoRA,tfns,-13.75268268585205,0.008569737896323204,-16.002681732177734,0.0009032445959746838,-9.00268268585205,0.9905270338058472
2345,Shares of SoftBank-backed OneConnect rise 5% in U.S. market debut,2,positive,2,positive,positive,1,0,FinGPT-Bloom-7B1-LoRA,tfns,-13.943299293518066,0.009068758226931095,-14.318299293518066,0.0062328604981303215,-9.255799293518066,0.9846983551979065
2346,Splunk boosted on FCF potential; shares +3.4%,2,positive,2,positive,positive,1,0,FinGPT-Bloom-7B1-LoRA,tfns,-13.252850532531738,0.008570646867156029,-15.627850532531738,0.0007971943123266101,-8.502850532531738,0.9906320571899414
2347,Splunk sees its biggest surge in a year after reporting strong third-quarter sales. Bloomberg's Taylor Riggs… https://t.co/oAFf2pMKTX,2,positive,2,positive,positive,1,0,FinGPT-Bloom-7B1-LoRA,tfns,-12.30936336517334,0.019588274881243706,-11.68436336517334,0.03659571707248688,-8.43436336517334,0.9438159465789795
2348,Starbucks climbs as Pershing reinvests with $720 million stake https://t.co/AZQ6aJrAQM,2,positive,2,positive,positive,1,0,FinGPT-Bloom-7B1-LoRA,tfns,-13.144133567810059,0.015474398620426655,-12.581633567810059,0.02715841680765152,-9.019133567810059,0.9573671817779541
2349,Stock Market Update: Amazon and Microsoft hit new highs,2,positive,2,positive,positive,1,0,FinGPT-Bloom-7B1-LoRA,tfns,-12.780055046081543,0.01911153271794319,-16.15505599975586,0.0006539599853567779,-8.842555046081543,0.9802345633506775
2350,"Tesla Tops $900 in Parabolic Surge, Spurring Analyst Downgrade",2,positive,0,negative,negative,0,0,FinGPT-Bloom-7B1-LoRA,tfns,-8.5090970993042,0.9839067459106445,-13.7590970993042,0.005163068883121014,-13.0090970993042,0.010930217802524567
2351,"Tesla's stock ticks up after Deutsche Bank lifts price target, which implies an 18% decline",2,positive,0,negative,negative,0,0,FinGPT-Bloom-7B1-LoRA,tfns,-8.37710952758789,0.7500326633453369,-11.43960952758789,0.03507949411869049,-9.62710952758789,0.21488794684410095
2352,Transocean up 4% on new $91M contract,2,positive,2,positive,positive,1,0,FinGPT-Bloom-7B1-LoRA,tfns,-12.816001892089844,0.006285732612013817,-15.066001892089844,0.0006625113310292363,-7.7535014152526855,0.9930518865585327
2353,Trevena refiles U.S. application for IV oliceridine; shares up 6%,2,positive,2,positive,positive,1,0,FinGPT-Bloom-7B1-LoRA,tfns,-14.191319465637207,0.0033590453676879406,-13.753819465637207,0.005202591419219971,-8.503819465637207,0.9914383888244629
2354,Unisys's stock soars 16% premarket after sale of U.S. Federal business for $1.2 bln,2,positive,2,positive,positive,1,0,FinGPT-Bloom-7B1-LoRA,tfns,-12.334736824035645,0.02401989884674549,-12.709736824035645,0.016508618369698524,-8.647236824035645,0.9594714641571045
2355,Wayfair soared as much as 51% after the online home-goods retailer said first-quarter net revenue growth would at l… https://t.co/aGZUiKSDvu,2,positive,2,positive,positive,1,0,FinGPT-Bloom-7B1-LoRA,tfns,-10.995534896850586,0.08066687732934952,-11.433034896850586,0.052082452923059464,-8.620534896850586,0.8672506809234619
2356,$SCANX: Today's biggest % gainers/losers https://t.co/DmtfA3iwPi,1,neutral,2,positive,positive,0,0,FinGPT-Bloom-7B1-LoRA,tfns,-13.636344909667969,0.010791461914777756,-13.136344909667969,0.01779211312532425,-9.136344909667969,0.9714164137840271
2357,"$SUMRX: Gapping up/down: ABB +4%, MCHP +3%, NVO +3%, HUM +2% and CMG +1.6% after earnings, RDS.A +2% and TOL +2%... https://t.co/P30bZdswdX",1,neutral,0,negative,negative,0,0,FinGPT-Bloom-7B1-LoRA,tfns,-7.820921421051025,0.7571612000465393,-11.195921897888184,0.02590862102806568,-9.070921897888184,0.21693021059036255
2358,"$SUMRX: Gapping up/down: DOCU +10.5%, ULTA +9%, AOBC +7%, BIG +7%, CLDR +6.5% and CRWD +5% after earnings, TTD +5%.… https://t.co/a5vlQXPdji",1,neutral,0,negative,negative,0,0,FinGPT-Bloom-7B1-LoRA,tfns,-7.813969612121582,0.8104853630065918,-10.626469612121582,0.04867342859506607,-9.563969612121582,0.14084123075008392
2359,Darling Ingredients and Vertex Energy among industrial gainers; DMC Global tops losers,1,neutral,0,negative,negative,0,0,FinGPT-Bloom-7B1-LoRA,tfns,-8.37258243560791,0.7843553423881531,-12.18508243560791,0.017328666523098946,-9.74758243560791,0.1983160823583603
2360,Dixie Group leads industrial gainers; Ballard Power Systems among the losers,1,neutral,2,positive,positive,0,0,FinGPT-Bloom-7B1-LoRA,tfns,-10.344983100891113,0.14476057887077332,-12.219983100891113,0.022199755534529686,-8.594983100891113,0.8330397009849548
2361,Forescout shares halted for the news,1,neutral,0,negative,negative,0,0,FinGPT-Bloom-7B1-LoRA,tfns,-8.754392623901367,0.9913744330406189,-14.191892623901367,0.004312821198254824,-14.191892623901367,0.004312821198254824
2362,Iconix Brand leads consumer gainers; Pitney Bowes leads the losers,1,neutral,2,positive,positive,0,0,FinGPT-Bloom-7B1-LoRA,tfns,-10.023065567016602,0.16203689575195312,-12.398065567016602,0.015071779489517212,-8.398065567016602,0.8228912949562073
2363,Lithium Americas and Gulf Resources among Energy/Materials gainers; ION Geophysical and Contura Energy among losers,1,neutral,2,positive,positive,0,0,FinGPT-Bloom-7B1-LoRA,tfns,-9.456850051879883,0.3219816982746124,-10.894350051879883,0.07647734880447388,-8.831850051879883,0.6015409827232361
2364,Marvell Technology (MRVL) Gains As Market Dips: What You Should Know - Nasdaq,1,neutral,2,positive,positive,0,0,FinGPT-Bloom-7B1-LoRA,tfns,-13.26560115814209,0.010851839557290077,-13.14060115814209,0.012296744622290134,-8.76560115814209,0.9768514037132263
2365,Peloton Interactive among consumer gainers; Pyxus International among losers,1,neutral,2,positive,positive,0,0,FinGPT-Bloom-7B1-LoRA,tfns,-12.581372261047363,0.024242516607046127,-13.768872261047363,0.0073935491964221,-8.893872261047363,0.968363881111145
2366,Sarepta Therapeutics leads healthcare gainers; OncoSec Medical among losers,1,neutral,2,positive,positive,0,0,FinGPT-Bloom-7B1-LoRA,tfns,-10.368401527404785,0.17095276713371277,-11.368401527404785,0.06289000809192657,-8.868401527404785,0.7661571502685547
2367,Stabilis Energy and Yuma Energy among Energy/Materials gainers; Trilogy Metals  and Range Resources among losers,1,neutral,2,positive,positive,0,0,FinGPT-Bloom-7B1-LoRA,tfns,-9.638640403747559,0.265988826751709,-12.826140403747559,0.010978668928146362,-8.638640403747559,0.723032534122467
2368,"Stocks making the biggest moves midday: TD Ameritrade, Tiffany, Uber, Hasbro & more https://t.co/gJM9nLZlzL",1,neutral,1,neutral,neutral,1,0,FinGPT-Bloom-7B1-LoRA,tfns,-12.13700008392334,0.05668088048696518,-9.38700008392334,0.8866381645202637,-12.13700008392334,0.05668088048696518
2369,"Stocks making the biggest moves premarket: Fitbit, Xerox, Ford, Five Below, TripAdvisor & more",1,neutral,1,neutral,neutral,1,0,FinGPT-Bloom-7B1-LoRA,tfns,-11.275776863098145,0.053849898278713226,-8.838276863098145,0.6162794828414917,-9.463276863098145,0.32987064123153687
2370,"Stocks making the biggest moves premarket: Home Depot, Kohl's, Disney, Broadcom & more",1,neutral,2,positive,positive,0,0,FinGPT-Bloom-7B1-LoRA,tfns,-11.425336837768555,0.05661172792315483,-9.925336837768555,0.25371620059013367,-8.925336837768555,0.68967205286026
2371,"Stocks making the biggest moves premarket: TD Ameritrade, Charles Schwab, Tesla & more https://t.co/gvK766Jmmm",1,neutral,2,positive,positive,0,0,FinGPT-Bloom-7B1-LoRA,tfns,-10.384698867797852,0.14780405163764954,-10.134698867797852,0.18978415429592133,-8.884698867797852,0.6624118089675903
2372,"TCO, NNVC, GPOR and JE among midday movers",1,neutral,1,neutral,neutral,1,0,FinGPT-Bloom-7B1-LoRA,tfns,-11.25188159942627,0.07979768514633179,-9.56438159942627,0.4313821792602539,-9.43938159942627,0.48882007598876953
