index,sentence,gold_id,gold_label,pred_id,pred_label,raw_output,correct,unparseable,model,dataset,logprob_negative,score_negative,logprob_neutral,score_neutral,logprob_positive,score_positive
0,"The e-commerce site and flagship will be managed by Marimekko North America Retail LLC , a subsidiary established in the U.S. last year .",1,neutral,1,neutral,neutral,1,0,FinGPT-Bloom-7B1-LoRA,fpb_decontam,-10.77462387084961,0.2323482185602188,-10.33712387084961,0.35986799001693726,-10.21212387084961,0.4077838361263275
1,"The Costanza light , with an aluminum base and washable shade , comes in white , pistachio , orange , blue and red .",1,neutral,1,neutral,neutral,1,0,FinGPT-Bloom-7B1-LoRA,fpb_decontam,-11.652137756347656,0.17584913969039917,-10.277137756347656,0.6954968571662903,-11.964637756347656,0.12865398824214935
2,The fair value of the company 's investment properties went down to EUR2 .769 bn at the end of September 2009 from EUR2 .878 bn a year earlier .,0,negative,0,negative,negative,1,0,FinGPT-Bloom-7B1-LoRA,fpb_decontam,-8.73476791381836,0.910900354385376,-11.17226791381836,0.07959358394145966,-13.29726791381836,0.009506098926067352
3,"HELSINKI ( AFX ) - Shares closed higher , led by Nokia after it announced plans to team up with Sanyo to manufacture 3G handsets , and by Nokian Tyres after its fourth-quarter earnings report beat analysts ' expectations , dealers said .",2,positive,2,positive,positive,1,0,FinGPT-Bloom-7B1-LoRA,fpb_decontam,-10.776346206665039,0.10070387274026871,-10.713846206665039,0.10719871520996094,-8.713846206665039,0.7920973300933838
4,Electronic versions require 24-48 hours as each copy is customized to the client with digital controls and custom watermarks .,1,neutral,1,neutral,neutral,1,0,FinGPT-Bloom-7B1-LoRA,fpb_decontam,-12.633541107177734,0.05668088048696518,-9.883541107177734,0.8866381645202637,-12.633541107177734,0.05668088048696518
5,Amanda Capital has investments in 22 private equity funds and in over 200 unquoted companies mainly in Europe .,1,neutral,1,neutral,neutral,1,0,FinGPT-Bloom-7B1-LoRA,fpb_decontam,-12.391363143920898,0.10501769185066223,-10.391363143920898,0.775981605052948,-12.266363143920898,0.1190006360411644
6,"Rohwedder Group is an automotive supplies , telecommunications and electronics industry provider for customers in Europe , North America and Asia .",1,neutral,1,neutral,neutral,1,0,FinGPT-Bloom-7B1-LoRA,fpb_decontam,-10.89193058013916,0.20823071897029877,-10.07943058013916,0.46925514936447144,-10.45443058013916,0.32251405715942383
7,"It generated an operating loss of EUR 96.3 mn , down from a profit of EUR 43.9 mn .",0,negative,0,negative,negative,1,0,FinGPT-Bloom-7B1-LoRA,fpb_decontam,-8.514425277709961,0.9850704669952393,-13.201925277709961,0.00907218549400568,-13.639425277709961,0.00585744297131896
8,Okmetic expects its net sales for the first half of 2009 to be less than in 2008 .,0,negative,1,neutral,neutral,0,0,FinGPT-Bloom-7B1-LoRA,fpb_decontam,-10.794221878051758,0.36867326498031616,-10.481721878051758,0.5039166212081909,-11.856721878051758,0.12741008400917053
9,"The Inventors are Ridge Justin , Bao Yiliang and Karczewicz Marta .",1,neutral,1,neutral,neutral,1,0,FinGPT-Bloom-7B1-LoRA,fpb_decontam,-12.820765495300293,0.05258084461092949,-10.008265495300293,0.8755496740341187,-12.508265495300293,0.07186949253082275
10,"The decision reflects the underutilisation of the line , which produces nonwovens used in medical and wipes applications as well as for the automotive industry .",1,neutral,1,neutral,neutral,1,0,FinGPT-Bloom-7B1-LoRA,fpb_decontam,-11.042216300964355,0.17130404710769653,-9.667216300964355,0.6775206327438354,-11.167216300964355,0.15117529034614563
11,Net sales in 2007 are expected to be 10 % up on 2006 .,2,positive,2,positive,positive,1,0,FinGPT-Bloom-7B1-LoRA,fpb_decontam,-12.845723152160645,0.01653267815709114,-12.533223152160645,0.02259749360382557,-8.783223152160645,0.9608698487281799
12,"Both operating profit and turnover for the three-month period increased , respectively from EUR0 .9 m and EUR8 .3 m , as compared to the corresponding period in 2005 .",2,positive,2,positive,positive,1,0,FinGPT-Bloom-7B1-LoRA,fpb_decontam,-11.939668655395508,0.05127094313502312,-12.189668655395508,0.03992984816431999,-9.064668655395508,0.9087991714477539
13,"Currently the Terminator lures are produced in a subcontract facility in Mexico but the manufacturing will be transferred to Rapala 's factory in Shenzhen , China .",1,neutral,1,neutral,neutral,1,0,FinGPT-Bloom-7B1-LoRA,fpb_decontam,-11.598544120788574,0.1688709706068039,-10.286044120788574,0.6274317502975464,-11.411044120788574,0.20369726419448853
14,The net sales of the Power Plants business were EUR 710.3 million in 2005 .,1,neutral,1,neutral,neutral,1,0,FinGPT-Bloom-7B1-LoRA,fpb_decontam,-13.3193359375,0.037477366626262665,-10.1318359375,0.9079934358596802,-12.9443359375,0.05452924221754074
15,The Group also has a strong global position in other fishing categories .,2,positive,2,positive,positive,1,0,FinGPT-Bloom-7B1-LoRA,fpb_decontam,-12.581942558288574,0.026410527527332306,-10.831942558288574,0.15198208391666412,-9.144442558288574,0.8216073513031006
16,The project is expected to be completed in 2009 .,1,neutral,1,neutral,neutral,1,0,FinGPT-Bloom-7B1-LoRA,fpb_decontam,-12.570294380187988,0.037477366626262665,-9.382794380187988,0.9079934358596802,-12.195294380187988,0.05452924221754074
17,The share of the share capital of both above mentioned shareholders remains below 5 % .,1,neutral,1,neutral,neutral,1,0,FinGPT-Bloom-7B1-LoRA,fpb_decontam,-10.589380264282227,0.4132823646068573,-10.464380264282227,0.46831029653549194,-11.839380264282227,0.11840738356113434
18,"Following the issue , the new shares will constitute 10 percent of the firm 's capital .",1,neutral,1,neutral,neutral,1,0,FinGPT-Bloom-7B1-LoRA,fpb_decontam,-11.829071044921875,0.11332892626523972,-9.891571044921875,0.7866585850715637,-11.954071044921875,0.1000124141573906
19,The first stage of the contract covers 133 stores and 600 cash registers .,1,neutral,1,neutral,neutral,1,0,FinGPT-Bloom-7B1-LoRA,fpb_decontam,-13.008366584777832,0.031473152339458466,-9.633366584777832,0.9197803139686584,-12.570866584777832,0.04874657094478607
20,Currency conversions are based on exchange rates at the time of the deal .,1,neutral,1,neutral,neutral,1,0,FinGPT-Bloom-7B1-LoRA,fpb_decontam,-12.132946014404297,0.07136982679367065,-9.632946014404297,0.8694624900817871,-12.320446014404297,0.059167664498090744
21,Mobile communication and wireless broadband provider Nokia Inc NYSE : NOK today set new financial targets and forecasts for Nokia and the mobile device industry and also for Nokia Siemens Networks and the mobile and fixed infrastructure and related services market .,1,neutral,1,neutral,neutral,1,0,FinGPT-Bloom-7B1-LoRA,fpb_decontam,-11.359728813171387,0.09337347000837326,-9.984728813171387,0.3692992627620697,-9.609728813171387,0.537327229976654
22,"According to preliminary data from Slovakia 's Statistics Office , goods worth E36 .4 million were imported from Finland between January and October 2010 , making up 0.1 percent of Slovakia 's total imports .",1,neutral,1,neutral,neutral,1,0,FinGPT-Bloom-7B1-LoRA,fpb_decontam,-10.976669311523438,0.2917559742927551,-10.476669311523438,0.48102426528930664,-11.226669311523438,0.22721977531909943
23,Oriola-KD is a spin-off of Finnish pharmaceutical group Orion Oyj 's wholesale division .,1,neutral,1,neutral,neutral,1,0,FinGPT-Bloom-7B1-LoRA,fpb_decontam,-11.975807189941406,0.11654014140367508,-10.163307189941406,0.7138949036598206,-11.600807189941406,0.16956491768360138
24,"( ADP News ) - Dec 11 , 2008 - Finnish construction and engineering company Outotec Oyj ( OMX : OTE1V ) said today it won a EUR 28 million ( USD 36.8 m ) order to expand the phosphate concentrator in Siilinjarvi of Norwegian minera",2,positive,2,positive,positive,1,0,FinGPT-Bloom-7B1-LoRA,fpb_decontam,-12.756950378417969,0.015819432213902473,-13.819450378417969,0.005467049777507782,-8.631950378417969,0.9787135720252991
25,"It comes complete with an LCD touch screen system for selection of your chosen function and prices start at around the pounds 4,805 mark .",1,neutral,1,neutral,neutral,1,0,FinGPT-Bloom-7B1-LoRA,fpb_decontam,-11.587541580200195,0.17191913723945618,-10.150041580200195,0.723806619644165,-12.087541580200195,0.10427423566579819
26,The non-recurring costs caused to Talentum 's Premedia business area by the restructuring will amount to 2.0 mln euro $ 2.7 mln and will be included in the company 's financial results for the second quarter of 2007 .,1,neutral,1,neutral,neutral,1,0,FinGPT-Bloom-7B1-LoRA,fpb_decontam,-10.865110397338867,0.23336106538772583,-9.927610397338867,0.5959083437919617,-11.177610397338867,0.1707306057214737
27,"German Commerzbank AG 's Hamburg Branch and US JP Morgan ( NYSE : JPM ) participated as arrangers , and Dutch ING ( AMS : INGA ) as co-arranger .",1,neutral,1,neutral,neutral,1,0,FinGPT-Bloom-7B1-LoRA,fpb_decontam,-12.581377029418945,0.07844144105911255,-10.268877029418945,0.792230486869812,-12.081377029418945,0.12932807207107544
28,"Finnish shipping company Finnlines ' pretax loss totalled EUR 6.5 mn in the third quarter of 2009 , compared to a profit of EUR 0.3 mn in the third quarter of 2008 .",0,negative,2,positive,positive,0,0,FinGPT-Bloom-7B1-LoRA,fpb_decontam,-8.31351089477539,0.559815526008606,-10.62601089477539,0.05542924627661705,-8.68851089477539,0.3847552239894867
29,The investments and operational changes enable additional optimisation of the working hours and thereby further cost savings of some 7 % -9 % .,2,positive,1,neutral,neutral,0,0,FinGPT-Bloom-7B1-LoRA,fpb_decontam,-9.784850120544434,0.48296982049942017,-10.409850120544434,0.2585151195526123,-10.409850120544434,0.2585151195526123
30,"Revenue in July to September grew 14 percent to ( EURO ) 467 million from a year earlier , the company said Thursday .",2,positive,2,positive,positive,1,0,FinGPT-Bloom-7B1-LoRA,fpb_decontam,-12.024019241333008,0.036718688905239105,-12.836519241333008,0.01629381813108921,-8.774019241333008,0.9469874501228333
31,EUR 152.4 mn of this was net interest income .,1,neutral,1,neutral,neutral,1,0,FinGPT-Bloom-7B1-LoRA,fpb_decontam,-12.272306442260742,0.08836447447538376,-10.022306442260742,0.8383787870407104,-12.459806442260742,0.0732567235827446
32,The business section also includes Ahlstrom 's sustainability report .,1,neutral,1,neutral,neutral,1,0,FinGPT-Bloom-7B1-LoRA,fpb_decontam,-12.13357925415039,0.05035608634352684,-9.25857925415039,0.8925829529762268,-12.00857925415039,0.05706091597676277
33,The contract value amounts to EUR 2.4 million .,1,neutral,1,neutral,neutral,1,0,FinGPT-Bloom-7B1-LoRA,fpb_decontam,-12.072193145751953,0.06590034812688828,-9.509693145751953,0.8546086549758911,-11.884693145751953,0.07949098944664001
34,"A. Le Coq Special was developed for the bicentenary of the company and the trade mark , the brewer said .",1,neutral,1,neutral,neutral,1,0,FinGPT-Bloom-7B1-LoRA,fpb_decontam,-11.268380165100098,0.12689447402954102,-9.768380165100098,0.5687015056610107,-10.393380165100098,0.30440402030944824
35,The expanded plant is scheduled to be operational by the middle of October 2009 .,1,neutral,1,neutral,neutral,1,0,FinGPT-Bloom-7B1-LoRA,fpb_decontam,-12.632203102111816,0.05706091597676277,-9.882203102111816,0.8925829529762268,-12.757203102111816,0.05035608634352684
36,In 2007 Etteplan reported a turnover of EUR125 .2 m.,1,neutral,2,positive,positive,0,0,FinGPT-Bloom-7B1-LoRA,fpb_decontam,-11.608503341674805,0.08877458423376083,-10.733503341674805,0.2129591554403305,-9.546003341674805,0.6982662081718445
37,Both Mr Walden and Mr Ignatius will be responsible also for the newspapers ' business result .,1,neutral,1,neutral,neutral,1,0,FinGPT-Bloom-7B1-LoRA,fpb_decontam,-12.50753402709961,0.07162658870220184,-10.00753402709961,0.8725905418395996,-12.75753402709961,0.05578284338116646
38,AffectoGenimap builds highly customised IT solutions for its customers in Finland and the Baltic countries .,1,neutral,1,neutral,neutral,1,0,FinGPT-Bloom-7B1-LoRA,fpb_decontam,-12.961750030517578,0.050238557159900665,-10.149250030517578,0.8365470767021179,-12.149250030517578,0.11321433633565903
39,No decision on such sale of the now issued or existing treasury shares to YA Global has been made yet .,1,neutral,1,neutral,neutral,1,0,FinGPT-Bloom-7B1-LoRA,fpb_decontam,-13.257245063781738,0.024826353415846825,-9.632245063781738,0.9316020607948303,-12.694745063781738,0.04357161000370979
40,"Lassila & Tikanoja 's operating profit excluding non-recurring and imputed items for the second quarter was EUR11 .3 m , down from EUR13 .8 m a year ago .",0,negative,0,negative,negative,1,0,FinGPT-Bloom-7B1-LoRA,fpb_decontam,-8.133880615234375,0.9869800806045532,-12.758880615234375,0.009676012210547924,-13.821380615234375,0.003343940246850252
41,The fixed acquisition price amounts to NOK 70 ( approximately EUR 8.7 ) million and additional price NOK 15 ( EUR 1.8 ) million at maximum .,1,neutral,1,neutral,neutral,1,0,FinGPT-Bloom-7B1-LoRA,fpb_decontam,-11.714616775512695,0.13614033162593842,-10.027116775512695,0.7359676361083984,-11.777116775512695,0.12789198756217957
42,The exercise originated in Finland in the early 1930s as a training method for cross-country skiers .,1,neutral,1,neutral,neutral,1,0,FinGPT-Bloom-7B1-LoRA,fpb_decontam,-13.19454288482666,0.04761504754424095,-10.25704288482666,0.8984300494194031,-13.06954288482666,0.053954917937517166
43,"The huge bridge girders will be delivered to the site from our plant in Ylivieska , Finland .",1,neutral,1,neutral,neutral,1,0,FinGPT-Bloom-7B1-LoRA,fpb_decontam,-11.24817943572998,0.18714787065982819,-10.06067943572998,0.6136342883110046,-11.18567943572998,0.19921787083148956
44,"no compensation for its news , opinions or distributions .",1,neutral,1,neutral,neutral,1,0,FinGPT-Bloom-7B1-LoRA,fpb_decontam,-11.946136474609375,0.053789734840393066,-9.133636474609375,0.8956794738769531,-12.008636474609375,0.05053078010678291
45,The writing and publication of Lemmink+ñinen -¦ s history is a continuation of earlier collaboration between Antti Tuuri and the company .,1,neutral,1,neutral,neutral,1,0,FinGPT-Bloom-7B1-LoRA,fpb_decontam,-10.856775283813477,0.24037766456604004,-9.919275283813477,0.6138259172439575,-11.356775283813477,0.14579643309116364
46,"HUHTAMAKI OYJ STOCK EXCHANGE RELEASE , 16.9.2008 AT 13.32 Huhtamaki 's Capital Markets Day for institutional investors and analysts is held in Espoo , September 16 , 2008 starting at 13.30 pm Finnish time .",1,neutral,1,neutral,neutral,1,0,FinGPT-Bloom-7B1-LoRA,fpb_decontam,-12.087798118591309,0.09212898463010788,-10.025298118591309,0.7246506214141846,-11.400298118591309,0.18322037160396576
47,The deliveries are scheduled for the summer and autumn of 2008 .,1,neutral,1,neutral,neutral,1,0,FinGPT-Bloom-7B1-LoRA,fpb_decontam,-12.758511543273926,0.057235538959503174,-10.008511543273926,0.8953145146369934,-12.946011543273926,0.047449931502342224
48,"The contract covers the manufacturing , surface-treatment and installation of the steel structures .",1,neutral,1,neutral,neutral,1,0,FinGPT-Bloom-7B1-LoRA,fpb_decontam,-11.896951675415039,0.07342542707920074,-9.521951675415039,0.7893977761268616,-11.271951675415039,0.1371767520904541
49,"`` The number of collection errors fell considerably , and operations speeded up .",2,positive,0,negative,negative,0,0,FinGPT-Bloom-7B1-LoRA,fpb_decontam,-8.885961532592773,0.9909791946411133,-13.823461532592773,0.007107804995030165,-15.135961532592773,0.0019130398286506534
50,Operating profit improved by 27 % to EUR 579.8 mn from EUR 457.2 mn in 2006 .,2,positive,2,positive,positive,1,0,FinGPT-Bloom-7B1-LoRA,fpb_decontam,-12.758895874023438,0.0052002654410898685,-13.071395874023438,0.003804595675319433,-7.5088958740234375,0.9909952282905579
51,"The business had gross written premiums of EUR152 .4 m (  91.5 m ) in 2000 , a net combined ratio of 133 % and 175 staff in total with offices in the UK , Germany and Benelux .",1,neutral,1,neutral,neutral,1,0,FinGPT-Bloom-7B1-LoRA,fpb_decontam,-11.384915351867676,0.11861127614974976,-10.072415351867676,0.44069433212280273,-10.072415351867676,0.44069433212280273
52,Cameco typically prices sales contracts using a 40:60 ratio of fixed prices and spot prices .,1,neutral,1,neutral,neutral,1,0,FinGPT-Bloom-7B1-LoRA,fpb_decontam,-12.047639846801758,0.09640508145093918,-9.922639846801758,0.8071898221969604,-12.047639846801758,0.09640508145093918
53,"The value of the contract is about EUR1 .0 m. Poyry , headquartered in Vantaa , Finland provides consulting and engineering services to the energy , forestry and infrastructure & environment sectors .",1,neutral,1,neutral,neutral,1,0,FinGPT-Bloom-7B1-LoRA,fpb_decontam,-11.706876754760742,0.14140117168426514,-10.331876754760742,0.5592525005340576,-10.956876754760742,0.29934629797935486
54,"The inaugural speech will be given by Hannu Kyrolainen , Finland 's Ambassador to the Czech Republic .",1,neutral,1,neutral,neutral,1,0,FinGPT-Bloom-7B1-LoRA,fpb_decontam,-12.445331573486328,0.07533851265907288,-10.007831573486328,0.8622036576271057,-12.632831573486328,0.06245782598853111
55,"The financial impact is estimated to be some 1.5 MEUR annual improvement in the division 's result , starting from fiscal year 2007 .",2,positive,2,positive,positive,1,0,FinGPT-Bloom-7B1-LoRA,fpb_decontam,-13.094769477844238,0.014618436805903912,-12.657269477844238,0.02264147810637951,-8.907269477844238,0.9627401232719421
56,"Samsung currently occupies third place and lost ground during the quarter , dropping by 1.8 % to an 11.1 % share overall .",0,negative,0,negative,negative,1,0,FinGPT-Bloom-7B1-LoRA,fpb_decontam,-8.634878158569336,0.9852136969566345,-13.072378158569336,0.011650609783828259,-14.384878158569336,0.0031357193365693092
57,Tiimari operates 194 stores in six countries -- including its core Finnish market -- and generated a turnover of 76.5 mln eur in 2005 .,1,neutral,1,neutral,neutral,1,0,FinGPT-Bloom-7B1-LoRA,fpb_decontam,-11.41412353515625,0.23320546746253967,-10.41412353515625,0.6339181065559387,-11.97662353515625,0.132876455783844
58,"The Whitehall Street Real Estate Funds invest in real estate and real estate related assets , principally through the acquisition of real estate companies , real property and mortgage loans .",1,neutral,1,neutral,neutral,1,0,FinGPT-Bloom-7B1-LoRA,fpb_decontam,-11.333722114562988,0.20306536555290222,-10.146222114562988,0.6658257246017456,-11.771222114562988,0.1311088502407074
59,"Consisting of seven interconnected units , Mega Image 's logistics center will be 347 metres in length and 12 metres in height .",1,neutral,1,neutral,neutral,1,0,FinGPT-Bloom-7B1-LoRA,fpb_decontam,-12.882767677307129,0.05017145350575447,-10.007767677307129,0.8893102407455444,-12.695267677307129,0.06051832064986229
60,"In December alone , the members of the Lithuanian Brewers ' Association sold a total of 20.3 million liters of beer , an increase of 1.9 percent from the sales of 19.92 million liters in December 2004 .",2,positive,2,positive,positive,1,0,FinGPT-Bloom-7B1-LoRA,fpb_decontam,-11.18161678314209,0.14223699271678925,-10.74411678314209,0.22030097246170044,-9.68161678314209,0.6374619603157043
61,Diluted earnings per share ( EPS ) rose to EUR 0.52 versus EUR 0.09 .,2,positive,2,positive,positive,1,0,FinGPT-Bloom-7B1-LoRA,fpb_decontam,-12.43215560913086,0.03189036622643471,-12.30715560913086,0.03613651916384697,-9.05715560913086,0.9319730997085571
62,"Previously , Grimaldi held a 46.43 pct stake in the Finnish company following the takeover bid launched in November 2006 .",1,neutral,2,positive,positive,0,0,FinGPT-Bloom-7B1-LoRA,fpb_decontam,-10.650808334350586,0.11976265162229538,-10.838308334350586,0.09928672015666962,-8.775808334350586,0.7809506058692932
63,Operating profit was EUR 1.6 mn in 2005 compared to EUR 5.9 mn in 2004 .,0,negative,2,positive,positive,0,0,FinGPT-Bloom-7B1-LoRA,fpb_decontam,-11.788450241088867,0.07623199373483658,-11.475950241088867,0.10419677942991257,-9.413450241088867,0.8195711970329285
64,"Foundries division reports its sales increased by 9.7 % to EUR 63.1 mn from EUR 57.5 mn in the corresponding period in 2006 , and sales of the Machine Shop division increased by 16.4 % to EUR 41.2 mn from EUR 35.4 mn in the corresponding period in 2006 .",2,positive,2,positive,positive,1,0,FinGPT-Bloom-7B1-LoRA,fpb_decontam,-11.092291831970215,0.10020614415407181,-11.592291831970215,0.06077810004353523,-8.967291831970215,0.839015781879425
65,The studies are expected to start in 2008 .,1,neutral,1,neutral,neutral,1,0,FinGPT-Bloom-7B1-LoRA,fpb_decontam,-12.445661544799805,0.05942462384700775,-9.758161544799805,0.8732384443283081,-12.320661544799805,0.06733691692352295
66,Stichting Pensioenfonds ABP : 4 118 122 shares representing 5.19 % of the share capital and voting rights .,1,neutral,1,neutral,neutral,1,0,FinGPT-Bloom-7B1-LoRA,fpb_decontam,-11.212810516357422,0.17077068984508514,-9.775310516357422,0.7189714312553406,-11.650310516357422,0.11025784909725189
67,"The Web-Marela application handles invitations to quote , quote comparisons , agreements , purchases , invoice inspections , inventory management , and deliveries .",1,neutral,1,neutral,neutral,1,0,FinGPT-Bloom-7B1-LoRA,fpb_decontam,-11.333786964416504,0.12994563579559326,-9.521286964416504,0.7960135340690613,-11.896286964416504,0.07404079288244247
68,"mn , and pretax profit to EUR 46.4 mn from EUR 35.8 mn in the third quarter of 2006 .",2,positive,1,neutral,neutral,0,0,FinGPT-Bloom-7B1-LoRA,fpb_decontam,-12.51279067993164,0.07842513918876648,-10.13779067993164,0.843149721622467,-12.51279067993164,0.07842513918876648
69,"Finnish Suominen Corporation that makes wipes , nonwovens , and flexible packaging , expects changes in the market situation to reduce sales of Suominen 's nonwovens and wet wipes from the previously estimated volumes .",0,negative,1,neutral,neutral,0,0,FinGPT-Bloom-7B1-LoRA,fpb_decontam,-9.265241622924805,0.5293165445327759,-10.140241622924805,0.22065196931362152,-10.015241622924805,0.250031441450119
70,Rapala aims to move the distribution unit Ragot from Loudeac in Bretagne and the distribution unit Waterqueen and the fishing line supplier Tortue from Saint Marcel in Central France to Morvillars .,1,neutral,1,neutral,neutral,1,0,FinGPT-Bloom-7B1-LoRA,fpb_decontam,-11.310820579528809,0.18066167831420898,-10.185820579528809,0.5564771294593811,-10.935820579528809,0.2628611922264099
71,Almost the entire office building will be occupied by Metso .,1,neutral,1,neutral,neutral,1,0,FinGPT-Bloom-7B1-LoRA,fpb_decontam,-12.571381568908691,0.023477716371417046,-8.883881568908691,0.9378140568733215,-12.071381568908691,0.03870820999145508
72,"The price of the 10,000 kroon par value bonds was 9663,51 kroons in the primary issue .",1,neutral,1,neutral,neutral,1,0,FinGPT-Bloom-7B1-LoRA,fpb_decontam,-11.348690032958984,0.21047134697437286,-10.161190032958984,0.6901090145111084,-12.098690032958984,0.09941963851451874
73,"Ahlstrom 's 5,700 employees serve customers via sales offices and production facilities in more than 20 countries on six continents .",1,neutral,1,neutral,neutral,1,0,FinGPT-Bloom-7B1-LoRA,fpb_decontam,-12.588330268859863,0.08021511137485504,-10.275830268859863,0.8101438879966736,-12.275830268859863,0.10964105278253555
74,- Counter your competitor 's strengths and target their weaknesses .,1,neutral,1,neutral,neutral,1,0,FinGPT-Bloom-7B1-LoRA,fpb_decontam,-10.779969215393066,0.25427523255348206,-10.529969215393066,0.32649585604667664,-10.279969215393066,0.4192289710044861
75,"Satama 's net profit for the third quarter of 2007 rose to 275,000 euro ( $ 395,000 ) from 270,000 euro ( $ 388,000 ) for the same period of 2006 .",2,positive,2,positive,positive,1,0,FinGPT-Bloom-7B1-LoRA,fpb_decontam,-12.228096961975098,0.038127511739730835,-12.228096961975098,0.038127511739730835,-9.040596961975098,0.9237450361251831
76,Shares will be acquired in accordance with section 5 of the rules of NASDAQ OMX Helsinki and other rules applicable to the acquisition of own shares .,1,neutral,1,neutral,neutral,1,0,FinGPT-Bloom-7B1-LoRA,fpb_decontam,-12.207008361816406,0.1007038801908493,-10.144508361816406,0.7920974493026733,-12.144508361816406,0.10719873011112213
77,"Some 3.8 mln euro ( $ 5.2 mln ) of the base acquisition price will be paid in cash and the rest through a subscription offering of a total of 850,000 new Ixonos shares .",1,neutral,1,neutral,neutral,1,0,FinGPT-Bloom-7B1-LoRA,fpb_decontam,-10.899626731872559,0.19075699150562286,-10.212126731872559,0.37936556339263916,-10.087126731872559,0.42987748980522156
78,"`` The industry is coming to an interesting fork in the road as both handset manufacturers and wireless carriers attempt to serve as the portal for Web-based service to your wireless handset , '' he wrote .",1,neutral,1,neutral,neutral,1,0,FinGPT-Bloom-7B1-LoRA,fpb_decontam,-10.843952178955078,0.26262855529785156,-10.218952178955078,0.49065473675727844,-10.906452178955078,0.2467166930437088
79,"CS Cabot exports 55 % of its production mainly to Goodyear , Bridgestone and Michelin plants in Poland , as well as to Germany 's Michelin or Italy 's Pirelli through the company 's logistics center in Paris , Stefan said .",1,neutral,1,neutral,neutral,1,0,FinGPT-Bloom-7B1-LoRA,fpb_decontam,-10.239130020141602,0.3543699383735657,-10.364130020141602,0.3127303719520569,-10.301630020141602,0.3328997492790222
80,"TietoEnator was down 1.13 pct to 18.38 , extending recent lows after last week 's second-quarter report , dealers said .",0,negative,0,negative,negative,1,0,FinGPT-Bloom-7B1-LoRA,fpb_decontam,-8.065328598022461,0.8940465450286865,-10.565328598022461,0.07338780909776688,-11.377828598022461,0.0325656421482563
81,Microsoft last week also issued the first patch for the Windows 7 operating system beta it had released days earlier .,1,neutral,1,neutral,neutral,1,0,FinGPT-Bloom-7B1-LoRA,fpb_decontam,-11.551309585571289,0.20602130889892578,-10.676309585571289,0.49421945214271545,-11.176309585571289,0.29975923895835876
82,The EUR 0.7 million non-recurring expenses have been recorded for the third quarter .,1,neutral,1,neutral,neutral,1,0,FinGPT-Bloom-7B1-LoRA,fpb_decontam,-10.990610122680664,0.3344199061393738,-10.615610122680664,0.4865780770778656,-11.615610122680664,0.1790020912885666
83,Salonen added that data shows producers ' pulp inventories in North America are declining . ',0,negative,0,negative,negative,1,0,FinGPT-Bloom-7B1-LoRA,fpb_decontam,-9.007277488708496,0.9810934662818909,-13.194777488708496,0.014897116459906101,-14.507277488708496,0.0040095048025250435
84,From Merisatama to the far corners of the world Asfaltti Osakeyhti+Â Lemmink+ñinen was established in 1910 by a group of master builders in Helsinki as a specialist business and subcontractor .,1,neutral,1,neutral,neutral,1,0,FinGPT-Bloom-7B1-LoRA,fpb_decontam,-12.5899019241333,0.08402203023433685,-10.4024019241333,0.7488802075386047,-11.9024019241333,0.1670977622270584
85,"CapMan has four investment areas ( CapMan Buyout , CapMan Technology , CapMan Life Science and CapMan Real Estate ) , and each of them has a dedicated team .",1,neutral,1,neutral,neutral,1,0,FinGPT-Bloom-7B1-LoRA,fpb_decontam,-11.129158973693848,0.2618109881877899,-10.566658973693848,0.45949265360832214,-11.066658973693848,0.2786963880062103
86,"The business has sales of about ( Euro ) 35 million ( $ 44million ) , and has been responsible for sales and marketing of Lanxess 's paper chemicals business , which Kemira bought for ( Euro ) 88 million early this year ( CW , Jan. 11 , p. 22 ) .",1,neutral,1,neutral,neutral,1,0,FinGPT-Bloom-7B1-LoRA,fpb_decontam,-11.2616605758667,0.18231192231178284,-10.0741605758667,0.5977778434753418,-11.0741605758667,0.21991020441055298
87,Basware finances the acquisition with a bank loan .,1,neutral,1,neutral,neutral,1,0,FinGPT-Bloom-7B1-LoRA,fpb_decontam,-12.257412910461426,0.05113925039768219,-9.382412910461426,0.9064648747444153,-12.444912910461426,0.042395927011966705
88,"Net sales of Kyro 's main business area , Glaston Technologies , a manufacturer of glass processing machines , decreased to EUR 161.5 mn from EUR 164.1 mn in January-September 2005 .",0,negative,0,negative,negative,1,0,FinGPT-Bloom-7B1-LoRA,fpb_decontam,-8.307714462280273,0.9478260278701782,-11.432714462280273,0.04164456948637962,-12.807714462280273,0.010529396124184132
89,Operating profit totaled EUR 17.7 mn compared to EUR 17.6 mn in the corresponding period in 2007 .,2,positive,2,positive,positive,1,0,FinGPT-Bloom-7B1-LoRA,fpb_decontam,-10.480792999267578,0.20150282979011536,-11.230792999267578,0.09518319368362427,-9.230792999267578,0.7033140063285828
90,The company 's model is based on developer contracting construction projects and customer focused project management .,1,neutral,1,neutral,neutral,1,0,FinGPT-Bloom-7B1-LoRA,fpb_decontam,-11.534086227416992,0.19470438361167908,-10.284086227416992,0.6795850396156311,-11.971586227416992,0.125710591673851
91,Technical indicators for the stock are bullish and S&P gives NOK a positive 4 STARS out of 5 buy ranking .,2,positive,2,positive,positive,1,0,FinGPT-Bloom-7B1-LoRA,fpb_decontam,-11.85869312286377,0.05534537509083748,-12.73369312286377,0.02307138592004776,-9.04619312286377,0.9215832352638245
92,Operating profit increased by 145.1 % to EUR 8.3 mn from EUR 3.4 mn .,2,positive,2,positive,positive,1,0,FinGPT-Bloom-7B1-LoRA,fpb_decontam,-13.140015602111816,0.013868584297597408,-13.140015602111816,0.013868584297597408,-8.890015602111816,0.9722628593444824
93,Cash Flow from Operations for the most recent quarter also reached a eight year low .,0,negative,0,negative,negative,1,0,FinGPT-Bloom-7B1-LoRA,fpb_decontam,-8.412898063659668,0.9591582417488098,-11.850398063659668,0.030832093209028244,-12.975398063659668,0.01000971533358097
94,"Payment for acquired shares will be made in cash , and the price per share will be EUR 1 plus an administration fee .",1,neutral,1,neutral,neutral,1,0,FinGPT-Bloom-7B1-LoRA,fpb_decontam,-11.705972671508789,0.14181184768676758,-10.018472671508789,0.7666275501251221,-12.143472671508789,0.09156060218811035
95,"Cargotec 's sales totalled EUR 3.4 billion in 2008 and it employs approximately 11,000 people .",1,neutral,1,neutral,neutral,1,0,FinGPT-Bloom-7B1-LoRA,fpb_decontam,-11.405640602111816,0.18100006878376007,-10.030640602111816,0.7158691883087158,-11.968140602111816,0.10313073545694351
96,The mill is concentrating on getting the supercalendered line running satisfactorily before restarting its older newsprint line .,1,neutral,1,neutral,neutral,1,0,FinGPT-Bloom-7B1-LoRA,fpb_decontam,-12.298266410827637,0.05465999245643616,-9.673266410827637,0.7545579075813293,-11.048266410827637,0.1907821148633957
97,"As of July 2 , 2007 , the market cap segments will be updated according to the average price in May 2007 .",1,neutral,1,neutral,neutral,1,0,FinGPT-Bloom-7B1-LoRA,fpb_decontam,-11.118010520935059,0.2590629458427429,-10.305510520935059,0.5838074088096619,-11.618010520935059,0.15712963044643402
98,"About 36 % of this came from Aspo Chemicals , 39 % from Aspo Shipping and 25 % from Aspo Systems .",1,neutral,1,neutral,neutral,1,0,FinGPT-Bloom-7B1-LoRA,fpb_decontam,-11.77299976348877,0.09452575445175171,-9.64799976348877,0.7914544343948364,-11.58549976348877,0.11401982605457306
99,`` Our Vaalipalvelu-service was especially developed for use by communities and organizations .,1,neutral,1,neutral,neutral,1,0,FinGPT-Bloom-7B1-LoRA,fpb_decontam,-11.733036994934082,0.14484605193138123,-10.170536994934082,0.6910218596458435,-11.608036994934082,0.16413208842277527
100,Pertti Ervi is independent from the Company and its major shareholders .,1,neutral,1,neutral,neutral,1,0,FinGPT-Bloom-7B1-LoRA,fpb_decontam,-13.19437313079834,0.03333055227994919,-9.88187313079834,0.9150460958480835,-12.75687313079834,0.05162337049841881
101,"The sale of Savcor FACE to Cencorp will result in a profit or loss which can not yet be determined , owing to factors including the valuation of the consideration shares to be received and prevailing exchange rates .",1,neutral,1,neutral,neutral,1,0,FinGPT-Bloom-7B1-LoRA,fpb_decontam,-9.894980430603027,0.4721401631832123,-10.332480430603027,0.30483660101890564,-10.644980430603027,0.22302323579788208
102,A 2001 agreement expired earlier this month .,1,neutral,1,neutral,neutral,1,0,FinGPT-Bloom-7B1-LoRA,fpb_decontam,-11.791142463684082,0.1447712481021881,-10.166142463684082,0.7352091073989868,-11.978642463684082,0.1200195923447609
103,"The company operates a U.S. division in Lisle , Ill. .",1,neutral,1,neutral,neutral,1,0,FinGPT-Bloom-7B1-LoRA,fpb_decontam,-13.007279396057129,0.044180601835250854,-10.007279396057129,0.8873911499977112,-12.569779396057129,0.06842826306819916
104,"In October , UPM reported a third-quarter net loss of euro86 million $ 110 million compared with a net profit of euro120 million in 2007 .",0,negative,1,neutral,neutral,0,0,FinGPT-Bloom-7B1-LoRA,fpb_decontam,-9.846070289611816,0.41360628604888916,-10.471070289611816,0.22138750553131104,-9.971070289611816,0.3650062680244446
105,"ADP News - Feb 25 , 2009 - Finnish printed circuit board PCB maker Aspocomp Group Oyj HEL : ACG1V said today it swung to a net profit of EUR 300,000 USD 385,000 for 2008 versus a net loss of EUR 65.3 million",2,positive,2,positive,positive,1,0,FinGPT-Bloom-7B1-LoRA,fpb_decontam,-11.364964485168457,0.08618851751089096,-12.052464485168457,0.04333830624818802,-9.052464485168457,0.8704731464385986
106,An EU law on the issue may be introduced around 2010 .,1,neutral,1,neutral,neutral,1,0,FinGPT-Bloom-7B1-LoRA,fpb_decontam,-12.135658264160156,0.07915456593036652,-9.760658264160156,0.8509917855262756,-12.260658264160156,0.06985365599393845
107,The value of the multi-year agreement is over EUR 2mn a year .,1,neutral,1,neutral,neutral,1,0,FinGPT-Bloom-7B1-LoRA,fpb_decontam,-11.835347175598145,0.1013622060418129,-9.772847175598145,0.7972755432128906,-11.835347175598145,0.1013622060418129
108,"Profit before taxes was EUR 4.0 mn , down from EUR 4.9 mn .",0,negative,0,negative,negative,1,0,FinGPT-Bloom-7B1-LoRA,fpb_decontam,-8.256967544555664,0.993395984172821,-13.819467544555664,0.0038138125091791153,-14.131967544555664,0.002790244994685054
109,"In the fourth quarter of 2008 , net sales increased by 2 % to EUR 1,050.7 mn from EUR 1,027.0 mn in the fourth quarter of 2007 .",2,positive,2,positive,positive,1,0,FinGPT-Bloom-7B1-LoRA,fpb_decontam,-12.237384796142578,0.038127511739730835,-12.237384796142578,0.038127511739730835,-9.049884796142578,0.9237450361251831
110,Finnish waste management and cleaning group Lassila & Tikanoja Oyj ( L&T ) net profit went down to 32.2 mln euro ( $ 47.7 mln ) for 2007 from 35.3 mln euro ( $ 52.3 mln ) for 2006 .,0,negative,0,negative,negative,1,0,FinGPT-Bloom-7B1-LoRA,fpb_decontam,-7.921661376953125,0.8195711970329285,-9.984161376953125,0.10419677942991257,-10.296661376953125,0.07623199373483658
111,The MET is located in the Central Business District ( CBD ) of Bangkok .,1,neutral,1,neutral,neutral,1,0,FinGPT-Bloom-7B1-LoRA,fpb_decontam,-12.696531295776367,0.05258084461092949,-9.884031295776367,0.8755496740341187,-12.384031295776367,0.07186949253082275
112,"Nordic banks have already had to write off sizable loans in Latvia , with Swedbank , Nordea , DnB NOR and SEB reporting combined losses in excess of $ 1.35 billion in the period 2007 to 2010 against a backdrop of near economic meltdown in Latvia .",0,negative,0,negative,negative,1,0,FinGPT-Bloom-7B1-LoRA,fpb_decontam,-7.39891242980957,0.9744883179664612,-11.21141242980957,0.02152925170958042,-12.89891242980957,0.0039825113490223885
113,"At the moment , there are approximately 20 Vianor sales offices in Russia .",1,neutral,1,neutral,neutral,1,0,FinGPT-Bloom-7B1-LoRA,fpb_decontam,-12.698023796081543,0.05942462384700775,-10.010523796081543,0.8732384443283081,-12.573023796081543,0.06733691692352295
114,"The company said that 80 % of the shares of the holding company will be sold to Meadville Holdings Limited , a Hong Kong listed parent company of the Meadville Group .",1,neutral,1,neutral,neutral,1,0,FinGPT-Bloom-7B1-LoRA,fpb_decontam,-12.326863288879395,0.1013622060418129,-10.264363288879395,0.7972755432128906,-12.326863288879395,0.1013622060418129
115,Net sales dropped by 6 % year-on-year to EUR 11.9 million .,0,negative,0,negative,negative,1,0,FinGPT-Bloom-7B1-LoRA,fpb_decontam,-8.888449668884277,0.9852396249771118,-13.638449668884277,0.008523993194103241,-13.950949668884277,0.0062362863682210445
116,"The second variant offers complete final finishing of any selected apartment with foreign high quality materials ( Finland , Denmark , Germany , France ) .",1,neutral,1,neutral,neutral,1,0,FinGPT-Bloom-7B1-LoRA,fpb_decontam,-11.202371597290039,0.10753214359283447,-9.514871597290039,0.5813132524490356,-10.139871597290039,0.3111545741558075
117,EBIT excluding non-recurring items was estimated to increase from 2009 .,2,positive,2,positive,positive,1,0,FinGPT-Bloom-7B1-LoRA,fpb_decontam,-10.966286659240723,0.10785679519176483,-11.091286659240723,0.09518329054117203,-8.966286659240723,0.7969599366188049
118,Runway Visual Range is a calculated assessment of the distance that a pilot can see down a runway .,1,neutral,0,negative,negative,0,0,FinGPT-Bloom-7B1-LoRA,fpb_decontam,-8.129904747009277,0.9013766050338745,-11.067404747009277,0.047771207988262177,-11.004904747009277,0.05085219070315361
119,The company will propose a dividend of EUR0 .12 per share for 2008 .,1,neutral,1,neutral,neutral,1,0,FinGPT-Bloom-7B1-LoRA,fpb_decontam,-12.943862915039062,0.05361500382423401,-10.131362915039062,0.892769992351532,-12.943862915039062,0.05361500382423401
120,"Finland-based Elcoteq SE , a privately held provider of electronics manufacturing services to communications companies , said Thursday it signed a long-term manufacturing supply deal with communications equipment company Andrew Corp. .",2,positive,2,positive,positive,1,0,FinGPT-Bloom-7B1-LoRA,fpb_decontam,-11.762152671813965,0.05954751372337341,-11.074652671813965,0.11842437833547592,-9.137152671813965,0.8220280408859253
121,The company slipped to an operating loss of EUR 2.6 million from a profit of EUR 1.3 million .,0,negative,0,negative,negative,1,0,FinGPT-Bloom-7B1-LoRA,fpb_decontam,-8.51642894744873,0.9742379784584045,-12.51642894744873,0.017843792214989662,-13.32892894744873,0.00791813526302576
122,"Konecranes Oyj KCR1V FH fell 5.5 percent to 20.51 euros , the biggest fall since June .",0,negative,0,negative,negative,1,0,FinGPT-Bloom-7B1-LoRA,fpb_decontam,-8.52704906463623,0.9793426990509033,-12.65204906463623,0.015829600393772125,-13.83954906463623,0.004827755503356457
123,"When the product is manufactured in Finland , it is also packed in the country .",1,neutral,1,neutral,neutral,1,0,FinGPT-Bloom-7B1-LoRA,fpb_decontam,-12.635013580322266,0.06374676525592804,-10.010013580322266,0.8799969553947449,-12.760013580322266,0.05625632032752037
124,The parties have agreed not to disclose the transaction value .,1,neutral,1,neutral,neutral,1,0,FinGPT-Bloom-7B1-LoRA,fpb_decontam,-12.259669303894043,0.07050945609807968,-9.759669303894043,0.8589810729026794,-12.259669303894043,0.07050945609807968
125,Lieksaare Oy has earlier been regarded under the control of Saarelainen Oy and the individual shareholders under the shareholder agreement .,1,neutral,1,neutral,neutral,1,0,FinGPT-Bloom-7B1-LoRA,fpb_decontam,-11.621907234191895,0.13478079438209534,-10.059407234191895,0.6430032253265381,-11.121907234191895,0.22221598029136658
126,Sanoma announced the Stock Option Scheme 2008 on 19 December 2008 .,1,neutral,1,neutral,neutral,1,0,FinGPT-Bloom-7B1-LoRA,fpb_decontam,-13.192468643188477,0.03793492913246155,-10.004968643188477,0.9190791249275208,-13.067468643188477,0.04298590496182442
127,Cargotec 's business areas also include the container handling solutions business area Kalmar and the marine cargo handling and offshore load handling solutions business area MacGREGOR .,1,neutral,1,neutral,neutral,1,0,FinGPT-Bloom-7B1-LoRA,fpb_decontam,-12.954554557800293,0.0764036476612091,-10.642054557800293,0.7716495394706726,-12.267054557800293,0.1519467830657959
128,"The company 's net profit amounted to EE 55.5 mn , which was 36 % more than in 2004 .",2,positive,1,neutral,neutral,0,0,FinGPT-Bloom-7B1-LoRA,fpb_decontam,-11.310640335083008,0.28297653794288635,-10.560640335083008,0.5990613102912903,-12.185640335083008,0.11796215921640396
129,"The reason for this is St. Petersburg status as a capital , one of the participants in the meeting quoted Chikunov as saying .",1,neutral,1,neutral,neutral,1,0,FinGPT-Bloom-7B1-LoRA,fpb_decontam,-10.931379318237305,0.28297653794288635,-10.181379318237305,0.5990613102912903,-11.806379318237305,0.11796215921640396
130,"The company said that paper demand increased in all of its main markets , including of publication papers , and that it increased average paper prices by 4 percent compared with last year .",2,positive,2,positive,positive,1,0,FinGPT-Bloom-7B1-LoRA,fpb_decontam,-10.721091270446777,0.16619715094566345,-11.346091270446777,0.08895891904830933,-9.221091270446777,0.7448439002037048
131,"Tieto 's service is also used to send , process and receive materials related to absentee voting .",1,neutral,1,neutral,neutral,1,0,FinGPT-Bloom-7B1-LoRA,fpb_decontam,-11.034278869628906,0.24026742577552795,-10.034278869628906,0.6531144976615906,-11.846778869628906,0.1066180169582367
132,"An  of the invention , released by the Patent Office , said : `` The chambers are pressurized .",1,neutral,1,neutral,neutral,1,0,FinGPT-Bloom-7B1-LoRA,fpb_decontam,-10.993881225585938,0.2662146985530853,-10.181381225585938,0.5999240875244141,-11.681381225585938,0.13386116921901703
133,The value of the order is EUR 4mn .,1,neutral,1,neutral,neutral,1,0,FinGPT-Bloom-7B1-LoRA,fpb_decontam,-12.135473251342773,0.06245782598853111,-9.510473251342773,0.8622036576271057,-11.947973251342773,0.07533851265907288
134,"The business area has operations in Finland , Sweden , Denmark , Estonia , Latvia and Lithuania .",1,neutral,1,neutral,neutral,1,0,FinGPT-Bloom-7B1-LoRA,fpb_decontam,-11.51748275756836,0.1621014028787613,-10.01748275756836,0.7264880537986755,-11.89248275756836,0.11141055822372437
135,Her last position in Nokia Siemens Networks was head of Business Human Resources NSN global IT .,1,neutral,1,neutral,neutral,1,0,FinGPT-Bloom-7B1-LoRA,fpb_decontam,-12.81894302368164,0.0425276942551136,-9.75644302368164,0.9092821478843689,-12.69394302368164,0.04819018766283989
136,"Typically , the transmission power level can be decreased when the interference noise is above a predefined value .",1,neutral,0,negative,negative,0,0,FinGPT-Bloom-7B1-LoRA,fpb_decontam,-8.251358032226562,0.7818628549575806,-10.751358032226562,0.06417921185493469,-9.876358032226562,0.15395791828632355
137,"The contractor of the shopping center , China State Construction Engineering Corporation , has previously built e.g. airports , hotels and factories for large international customers in different parts of the world .",1,neutral,1,neutral,neutral,1,0,FinGPT-Bloom-7B1-LoRA,fpb_decontam,-11.124895095825195,0.18231192231178284,-9.937395095825195,0.5977778434753418,-10.937395095825195,0.21991020441055298
138,"The order includes a log handling line , peeling line and drying line for the production of parquet base layer veneer for Plyfa 's Hassela mill , central Sweden .",1,neutral,1,neutral,neutral,1,0,FinGPT-Bloom-7B1-LoRA,fpb_decontam,-11.173991203308105,0.177825465798378,-9.923991203308105,0.6206718683242798,-11.048991203308105,0.20150265097618103
139,The products have a low salt and fat content .,1,neutral,1,neutral,neutral,1,0,FinGPT-Bloom-7B1-LoRA,fpb_decontam,-9.81692886352539,0.5053035020828247,-10.62942886352539,0.22422707080841064,-10.44192886352539,0.2704694867134094
140,"ADP News - Nov 13 , 2008 - Finnish printed circuit board PCB maker Aspocomp Group Oyj OMX : ACG1V said today that its net loss narrowed to EUR 2 million USD 2.5 m in the first nine months of 2008 from EUR 57",2,positive,2,positive,positive,1,0,FinGPT-Bloom-7B1-LoRA,fpb_decontam,-11.737217903137207,0.048543140292167664,-12.049717903137207,0.03551492094993591,-8.799717903137207,0.9159418940544128
141,Finnish cutlery and hand tools maker Fiskars Oyj Abp ( HEL : FISAS ) said today its net profit rose to EUR 24.1 million ( USD 33.6 m ) in the third quarter of 2010 from EUR 17.9 million a year earlier .,2,positive,2,positive,positive,1,0,FinGPT-Bloom-7B1-LoRA,fpb_decontam,-8.203557014465332,0.5903502702713013,-10.641057014465332,0.05158422887325287,-8.703557014465332,0.35806554555892944
142,SCANIA Morgan Stanley lifted the share target on Swedish heavy-duty truck and bus maker Scania AB to 330 crowns ( $ 42.4 - 35.2 euro ) from 310 crowns ( $ 39.8 - 33.1 euro ) .,2,positive,2,positive,positive,1,0,FinGPT-Bloom-7B1-LoRA,fpb_decontam,-11.531850814819336,0.053028665482997894,-11.344350814819336,0.06396478414535522,-8.719350814819336,0.8830065131187439
143,"The reorganisation will be carried out by transferring HKScan Corporation 's production-related property , plant and equipment in Finland as well as its holdings in subsidiaries and associates to HKScan Finland Oy , a holding company wholly owned by HKScan Corporation .",1,neutral,1,neutral,neutral,1,0,FinGPT-Bloom-7B1-LoRA,fpb_decontam,-10.85633373260498,0.23580019176006317,-9.91883373260498,0.6021369099617004,-11.23133373260498,0.16206294298171997
144,"In Middle East & North Africa , Tecnotree has grown considerably in the recent years .",2,positive,2,positive,positive,1,0,FinGPT-Bloom-7B1-LoRA,fpb_decontam,-13.190402030944824,0.0154186449944973,-12.502902030944824,0.030663637444376945,-9.065402030944824,0.9539178013801575
145,Finnish automation solutions developer Cencorp Corporation ( OMX Helsinki : CNC1V ) issued on Thursday ( 18 September ) a profit warning for the third quarter of 2008 .,0,negative,0,negative,negative,1,0,FinGPT-Bloom-7B1-LoRA,fpb_decontam,-8.168977737426758,0.9598281383514404,-11.543977737426758,0.032843511551618576,-13.043977737426758,0.007328377570956945
146,Ruukki 's order book at the end of 2010 was 30 % up year-on-year and 10 % up quarter-on-quarter .,2,positive,2,positive,positive,1,0,FinGPT-Bloom-7B1-LoRA,fpb_decontam,-13.574333190917969,0.007989008910953999,-13.449333190917969,0.009052732028067112,-8.761833190917969,0.9829582571983337
147,The transactions would increase earnings per share in the first quarter by some EUR0 .28 .,2,positive,2,positive,positive,1,0,FinGPT-Bloom-7B1-LoRA,fpb_decontam,-12.841239929199219,0.027899662032723427,-10.841239929199219,0.20615217089653015,-9.528739929199219,0.7659481763839722
148,"Finnish plumbing and heating systems supplier Uponor 's net sales in continuing business operations decreased to EUR 249.1 mn in July-September 2008 , compared to EUR 262.1 mn in the third quarter of 2007 .",0,negative,0,negative,negative,1,0,FinGPT-Bloom-7B1-LoRA,fpb_decontam,-8.152796745300293,0.956071674823761,-11.402796745300293,0.03707091882824898,-13.090296745300293,0.006857430562376976
149,"The business units of the InvestLesProm Group cover the full forest industry chain , and the Group owns forests , sawmills , paper and pulp mills , and other processing plants .",1,neutral,1,neutral,neutral,1,0,FinGPT-Bloom-7B1-LoRA,fpb_decontam,-12.458624839782715,0.06803679466247559,-10.021124839782715,0.7786399126052856,-11.646124839782715,0.15332327783107758
150,"The acquisition was financed with $ 2.56 billion of debt arranged by Goldman , Sachs & Co. .",1,neutral,1,neutral,neutral,1,0,FinGPT-Bloom-7B1-LoRA,fpb_decontam,-12.233445167541504,0.10194073617458344,-10.295945167541504,0.7076088786125183,-11.608445167541504,0.19045035541057587
151,"The contract covers turnkey deliveries to all five airports operated by the authority -- John F Kennedy , LaGuardia , Newark , Teterboro and Stewart International .",1,neutral,1,neutral,neutral,1,0,FinGPT-Bloom-7B1-LoRA,fpb_decontam,-10.933239936828613,0.20602130889892578,-10.058239936828613,0.49421945214271545,-10.558239936828613,0.29975923895835876
152,at 9:00 EET Alma Media 's Annual Report for 2009 is scheduled to be published in calendar week 9 .,1,neutral,1,neutral,neutral,1,0,FinGPT-Bloom-7B1-LoRA,fpb_decontam,-13.007269859313965,0.04470359906554222,-10.007269859313965,0.8978958129882812,-12.757269859313965,0.05740055814385414
153,"Profit for the period was EUR 9.8 mn , up from EUR 6.0 mn in 2004 .",2,positive,2,positive,positive,1,0,FinGPT-Bloom-7B1-LoRA,fpb_decontam,-13.259446144104004,0.005191279109567404,-13.196946144104004,0.005526088178157806,-8.009446144104004,0.9892827272415161
154,"HK Ruokatalo produces many turkey products , such as cold cuts .",1,neutral,1,neutral,neutral,1,0,FinGPT-Bloom-7B1-LoRA,fpb_decontam,-11.365065574645996,0.21829843521118164,-10.302565574645996,0.63166743516922,-11.740065574645996,0.15003417432308197
155,Le Lay succeeds Walter G++nter and will be based in Finland .,1,neutral,1,neutral,neutral,1,0,FinGPT-Bloom-7B1-LoRA,fpb_decontam,-11.775239944458008,0.13437442481517792,-10.025239944458008,0.7732714414596558,-12.150239944458008,0.09235410392284393
156,"In Q1 of 2009 , the company 's operating loss totalled EUR 0.3 mn , compared to a profit of EUR 3.6 mn in Q1 of 2008 .",0,negative,0,negative,negative,1,0,FinGPT-Bloom-7B1-LoRA,fpb_decontam,-7.738030433654785,0.8311570286750793,-10.738030433654785,0.0413808710873127,-9.613030433654785,0.12746207416057587
157,"EXEL COMPOSITES IN BRIEF Exel Composites is a technology company which designs , manufactures and markets composite profiles and tubes for industrial applications .",1,neutral,1,neutral,neutral,1,0,FinGPT-Bloom-7B1-LoRA,fpb_decontam,-12.359064102172852,0.087246835231781,-10.171564102172852,0.777622640132904,-11.921564102172852,0.13513053953647614
158,The terms of the transactions remained undisclosed .,1,neutral,1,neutral,neutral,1,0,FinGPT-Bloom-7B1-LoRA,fpb_decontam,-11.75838851928711,0.07949098944664001,-9.38338851928711,0.8546086549758911,-11.94588851928711,0.06590034812688828
159,"26 January 2011 - Finnish metal products company Componenta Oyj ( HEL : CTH1V ) said yesterday its net loss narrowed to EUR500 ,000 in the last quarter of 2010 from EUR5 .3 m for the same period a year earlier .",2,positive,2,positive,positive,1,0,FinGPT-Bloom-7B1-LoRA,fpb_decontam,-10.146564483642578,0.17388777434825897,-11.459064483642578,0.046801257878541946,-8.646564483642578,0.779310941696167
160,Feed companies Suomen Rehu and Raisio do no import GMO feed .,1,neutral,1,neutral,neutral,1,0,FinGPT-Bloom-7B1-LoRA,fpb_decontam,-12.882331848144531,0.02803925983607769,-9.382331848144531,0.9285327196121216,-12.444831848144531,0.04342805594205856
161,Symphony Services provides development services for Aldata GOLD .,1,neutral,1,neutral,neutral,1,0,FinGPT-Bloom-7B1-LoRA,fpb_decontam,-11.28608512878418,0.12180869281291962,-9.53608512878418,0.7009606957435608,-10.91108512878418,0.1772306114435196
162,All depends on financing .,1,neutral,1,neutral,neutral,1,0,FinGPT-Bloom-7B1-LoRA,fpb_decontam,-11.758285522460938,0.05602597817778587,-9.008285522460938,0.8763937950134277,-11.570785522460938,0.06758023053407669
163,"The first phase of the logistics complex envisages the completion of some 70,000 sq m of logistics premises and the gatehouse building in November 2008 .",1,neutral,1,neutral,neutral,1,0,FinGPT-Bloom-7B1-LoRA,fpb_decontam,-12.078289031982422,0.11401982605457306,-10.140789031982422,0.7914544343948364,-12.265789031982422,0.09452575445175171
164,Finnish communication electronics components supplier Scanfil Oyj Tuesday said sales in the first half of 2006 will be 15 % lower than during the same period a year ago .,0,negative,0,negative,negative,1,0,FinGPT-Bloom-7B1-LoRA,fpb_decontam,-8.832427024841309,0.9452442526817322,-11.769927024841309,0.05009610950946808,-14.144927024841309,0.004659663885831833
165,"Before Kemira 's installation NordAlu was producing 3,500 tons of liquid and solid aluminum waste per year .",1,neutral,1,neutral,neutral,1,0,FinGPT-Bloom-7B1-LoRA,fpb_decontam,-12.092517852783203,0.10743200778961182,-10.155017852783203,0.7457258701324463,-11.780017852783203,0.1468421220779419
166,"cents The profile contains business operations , the company history , major products and services , prospects , key competitors , structure and key employees , locations and subsidiaries .",1,neutral,1,neutral,neutral,1,0,FinGPT-Bloom-7B1-LoRA,fpb_decontam,-11.055872917175293,0.20369726419448853,-9.930872917175293,0.6274317502975464,-11.243372917175293,0.1688709706068039
167,Net sales decreased to EUR 91.6 mn from EUR 109mn in the corresponding period in 2005 .,0,negative,0,negative,negative,1,0,FinGPT-Bloom-7B1-LoRA,fpb_decontam,-9.006839752197266,0.9912837743759155,-14.006839752197266,0.006679217331111431,-15.194339752197266,0.002037046244367957
168,The Insolvency Act regulates the amount of debt that borrowers are permitted to write off .,1,neutral,1,neutral,neutral,1,0,FinGPT-Bloom-7B1-LoRA,fpb_decontam,-10.928694725036621,0.35706859827041626,-10.553694725036621,0.5195317268371582,-11.991194725036621,0.12339961528778076
169,Operating income rose to EUR 696.4 mn from EUR 600.3 mn in 2009 .,2,positive,2,positive,positive,1,0,FinGPT-Bloom-7B1-LoRA,fpb_decontam,-12.822602272033691,0.0271313413977623,-13.322602272033691,0.016455989331007004,-9.260102272033691,0.9564127326011658
170,"Profit before taxes amounted to EUR 56.5 mn , down from EUR 232.9 mn a year ago .",0,negative,0,negative,negative,1,0,FinGPT-Bloom-7B1-LoRA,fpb_decontam,-8.629719734191895,0.993841290473938,-14.317219734191895,0.003367186523973942,-14.504719734191895,0.002791495993733406
171,The value of the three-year contract is estimated at EUR40m .,1,neutral,1,neutral,neutral,1,0,FinGPT-Bloom-7B1-LoRA,fpb_decontam,-11.750391960144043,0.1688709706068039,-10.437891960144043,0.6274317502975464,-11.562891960144043,0.20369726419448853
172,The per-share subscription price of the shares subscribed with the option rights was EUR 1.35 .,1,neutral,1,neutral,neutral,1,0,FinGPT-Bloom-7B1-LoRA,fpb_decontam,-12.137063980102539,0.09896568208932877,-10.012063980102539,0.8286294341087341,-12.449563980102539,0.07240483164787292
173,"`` The biggest challenge was to make the piece look raw , '' Hansen said .",1,neutral,1,neutral,neutral,1,0,FinGPT-Bloom-7B1-LoRA,fpb_decontam,-11.356673240661621,0.224045529961586,-10.294173240661621,0.6482971906661987,-11.919173240661621,0.12765727937221527
174,"- The Group -¦ s cumulative sales during the review period were EUR 48.2 million EUR 53.1 million , 1-9/2007 and profit before taxes was EUR 1.2 1.4 million .",1,neutral,1,neutral,neutral,1,0,FinGPT-Bloom-7B1-LoRA,fpb_decontam,-11.159653663635254,0.218195378780365,-10.034653663635254,0.6720890998840332,-11.847153663635254,0.1097155287861824
175,"RAPALA TOURNAMENT FISHING : With all the major titles already out for the holidays , bargain-priced games such as Rapala aim for a smaller audience .",1,neutral,1,neutral,neutral,1,0,FinGPT-Bloom-7B1-LoRA,fpb_decontam,-10.955843925476074,0.21080181002616882,-10.268343925476074,0.4192294776439667,-10.393343925476074,0.3699687123298645
176,"ADP News - Nov 6 , 2008 - Finnish retail software developer Aldata Solution Oyj OMX : ALD1V said today that it swung to a net profit of EUR 2.1 million USD 2.7 m for the first nine months of 2008 versus a net loss of EU",2,positive,2,positive,positive,1,0,FinGPT-Bloom-7B1-LoRA,fpb_decontam,-11.403568267822266,0.07434038072824478,-12.716068267822266,0.02000844106078148,-8.903568267822266,0.9056512117385864
177,"A total of 1,800,000 stock options were issued in the 2003 stock option scheme .",1,neutral,1,neutral,neutral,1,0,FinGPT-Bloom-7B1-LoRA,fpb_decontam,-12.943949699401855,0.037601590156555176,-9.756449699401855,0.9110031127929688,-12.631449699401855,0.05139528214931488
178,Operating profit rose to EUR 1.6 mn from EUR 1.1 mn in the corresponding period in 2006 .,2,positive,2,positive,positive,1,0,FinGPT-Bloom-7B1-LoRA,fpb_decontam,-13.074928283691406,0.02393839880824089,-13.262428283691406,0.0198456272482872,-9.387428283691406,0.9562159180641174
179,Risk exposure by Non-life Insurance  Moving 12-month  Expenses by function in Non-life Insurance excluding expenses for investment management and expenses for other services rendered Non-life Insurance investment portfolio by allocation,1,neutral,2,positive,positive,0,0,FinGPT-Bloom-7B1-LoRA,fpb_decontam,-10.129538536071777,0.21505378186702728,-10.692038536071777,0.12253396213054657,-9.004538536071777,0.6624122858047485
180,`` The combined activities will create value for shareholders and be good for our employees and customers .,2,positive,1,neutral,neutral,0,0,FinGPT-Bloom-7B1-LoRA,fpb_decontam,-12.039790153503418,0.07799893617630005,-9.977290153503418,0.6135092377662659,-10.664790153503418,0.3084918260574341
181,"Tikkurila Powder Coatings has some 50 employees at its four paint plants , which generated revenues of EUR2 .4 m USD3 .3 m in 2010 .",1,neutral,1,neutral,neutral,1,0,FinGPT-Bloom-7B1-LoRA,fpb_decontam,-12.126888275146484,0.09528379142284393,-10.189388275146484,0.661400556564331,-11.189388275146484,0.2433156967163086
182,"The company is also seeking possibilities to relocate the Luumaki personnel , some 50 people , to other UPM mills .",1,neutral,1,neutral,neutral,1,0,FinGPT-Bloom-7B1-LoRA,fpb_decontam,-11.959573745727539,0.11183962225914001,-10.022073745727539,0.7763208150863647,-11.959573745727539,0.11183962225914001
183,"Target company : Tieto Corporation , Business Identity Code : 0101138-5 Date of change in holding : 22 January 2010 Portion of the shares and votes : The current group holding of OP-Pohjola Group Central Cooperative ( OPK ) is 2982 587 shares , which represents 4.14 % of the shares and voting rights .",1,neutral,1,neutral,neutral,1,0,FinGPT-Bloom-7B1-LoRA,fpb_decontam,-13.194104194641113,0.053789734840393066,-10.381604194641113,0.8956794738769531,-13.256604194641113,0.05053078010678291
184,"Danske Bank A-S DANSKE DC jumped 3.7 percent to 133.4 kroner , rebounding from yesterday s 3.5 percent slide .",2,positive,0,negative,negative,0,0,FinGPT-Bloom-7B1-LoRA,fpb_decontam,-8.01989459991455,0.9048113226890564,-11.20739459991455,0.03734602406620979,-10.76989459991455,0.05784264951944351
185,The new factory working model and reorganisations would decrease Nokian Tyres ' costs in the factory by EUR 30 million ( USD 38.7 m ) .,2,positive,0,negative,negative,0,0,FinGPT-Bloom-7B1-LoRA,fpb_decontam,-8.503010749816895,0.9367462992668152,-11.565510749816895,0.043812207877635956,-12.378010749816895,0.019441548734903336
186,Sales in Finland rose by 3.9 % and international growth was 0.7 % .,2,positive,2,positive,positive,1,0,FinGPT-Bloom-7B1-LoRA,fpb_decontam,-12.163447380065918,0.04601681977510452,-12.600947380065918,0.029710693284869194,-9.163447380065918,0.9242725372314453
187,Tielinja generated net sales of 7.5 mln euro $ 9.6 mln in 2005 .,1,neutral,1,neutral,neutral,1,0,FinGPT-Bloom-7B1-LoRA,fpb_decontam,-11.677549362182617,0.1289556622505188,-9.927549362182617,0.7420886754989624,-11.677549362182617,0.1289556622505188
188,"comparable operating profit totaled EUR 854mn , up from EUR 730mn in 2004 .",2,positive,2,positive,positive,1,0,FinGPT-Bloom-7B1-LoRA,fpb_decontam,-13.453729629516602,0.008952680975198746,-12.703729629516602,0.018952826038002968,-8.766229629516602,0.9720945358276367
189,"The group 's operating loss was EUR 0.8 mn , down from a profit of EUR 2.5 mn in 2004 .",0,negative,0,negative,negative,1,0,FinGPT-Bloom-7B1-LoRA,fpb_decontam,-8.509929656982422,0.9909536838531494,-13.634929656982422,0.005892425775527954,-14.259929656982422,0.00315398839302361
190,The sellers were EOSS Innovationsmanagement and a group of private individuals .,1,neutral,1,neutral,neutral,1,0,FinGPT-Bloom-7B1-LoRA,fpb_decontam,-12.520180702209473,0.07109851390123367,-10.020180702209473,0.8661572337150574,-12.645180702209473,0.06274422258138657
191,Finnish investment company Neomarkka is the main owner of Kuitu Finland 's successor .,1,neutral,1,neutral,neutral,1,0,FinGPT-Bloom-7B1-LoRA,fpb_decontam,-12.758161544799805,0.05017145350575447,-9.883161544799805,0.8893102407455444,-12.570661544799805,0.06051832064986229
192,"In January-September 2007 , the group 's net sales from continuing operations rose to EUR 213.1 mn from EUR 172.6 mn in the corresponding period in 2006 .",2,positive,2,positive,positive,1,0,FinGPT-Bloom-7B1-LoRA,fpb_decontam,-11.665888786315918,0.05832446366548538,-12.353388786315918,0.029327385127544403,-8.915888786315918,0.9123481512069702
193,"The five-storey , eco-efficient building will have a gross floor area of about 15,000 sq m. It will also include apartments .",1,neutral,1,neutral,neutral,1,0,FinGPT-Bloom-7B1-LoRA,fpb_decontam,-10.539193153381348,0.4185594618320465,-10.476693153381348,0.4455542266368866,-11.664193153381348,0.13588635623455048
194,"Panostaja owns a 68.77 pct of share capital and the voting rights of Suomen Helasto shares following an exchange of shares which was carried out on May 30 , 2007 .",1,neutral,1,neutral,neutral,1,0,FinGPT-Bloom-7B1-LoRA,fpb_decontam,-10.629514694213867,0.3484721779823303,-10.317014694213867,0.4763050377368927,-11.317014694213867,0.17522284388542175
195,The bank sees a potential for Getinge share to rise .,2,positive,2,positive,positive,1,0,FinGPT-Bloom-7B1-LoRA,fpb_decontam,-12.496696472167969,0.026890752837061882,-10.871696472167969,0.1365624964237213,-9.059196472167969,0.8365467190742493
196,The share subscription period will expire on 30 September 2007 .,1,neutral,1,neutral,neutral,1,0,FinGPT-Bloom-7B1-LoRA,fpb_decontam,-12.319808006286621,0.07503625750541687,-9.882308006286621,0.8587445020675659,-12.444808006286621,0.0662192702293396
197,The value of the order is EUR 2.5 mn .,1,neutral,1,neutral,neutral,1,0,FinGPT-Bloom-7B1-LoRA,fpb_decontam,-12.073432922363281,0.07402534037828445,-9.635932922363281,0.847175121307373,-12.010932922363281,0.07879956066608429
198,"The aim of the CEO 's Q&A sessions is to give further clarity on information , which has been made public already earlier .",1,neutral,1,neutral,neutral,1,0,FinGPT-Bloom-7B1-LoRA,fpb_decontam,-11.25110912322998,0.21620632708072662,-10.18860912322998,0.6256137490272522,-11.56360912322998,0.15817992389202118
199,Finnish silicon wafers manufacturer Okmetic Oyj said it swung to a net profit of 4.9 mln euro $ 6.3 mln in the first nine months of 2006 from a net loss of 1.8 mln euro $ 2.3 mln a year earlier .,2,positive,2,positive,positive,1,0,FinGPT-Bloom-7B1-LoRA,fpb_decontam,-8.509997367858887,0.5200574398040771,-10.447497367858887,0.0749213844537735,-8.759997367858887,0.40502116084098816
200,"Water Treatment Products In Australia Today , Global Research & Data Services is going to publish a market analysis about the market for chemical water treatment products in Australia .",1,neutral,1,neutral,neutral,1,0,FinGPT-Bloom-7B1-LoRA,fpb_decontam,-12.524728775024414,0.0647834986448288,-10.024728775024414,0.7892245650291443,-11.712228775024414,0.14599187672138214
201,"Altona stated that the private company of Altona chairman Kevin Maloney , Tulla Resources , would take up its entitlement in full .",1,neutral,1,neutral,neutral,1,0,FinGPT-Bloom-7B1-LoRA,fpb_decontam,-11.999794006347656,0.12253394722938538,-10.312294006347656,0.6624122858047485,-11.437294006347656,0.2150537669658661
202,"SRV will also build an aqua park with wellness area , a restaurant and a multifunctional ice arena .",1,neutral,1,neutral,neutral,1,0,FinGPT-Bloom-7B1-LoRA,fpb_decontam,-11.522910118103027,0.1289556622505188,-9.772910118103027,0.7420886754989624,-11.522910118103027,0.1289556622505188
203,Almost two thirds of Olvi 's net sales come from outside Finland .,1,neutral,1,neutral,neutral,1,0,FinGPT-Bloom-7B1-LoRA,fpb_decontam,-12.324300765991211,0.06590034812688828,-9.761800765991211,0.8546086549758911,-12.136800765991211,0.07949098944664001
204,"Berling Capital , Umo Capital and Veikko Laine are the biggest shareholders in Amanda Capital .",1,neutral,1,neutral,neutral,1,0,FinGPT-Bloom-7B1-LoRA,fpb_decontam,-12.285744667053223,0.07263952493667603,-10.035744667053223,0.6891846656799316,-11.098244667053223,0.23817585408687592
205,"Operating loss totalled EUR 0.9 mn , down from a profit of EUR 2.7 mn .",0,negative,0,negative,negative,1,0,FinGPT-Bloom-7B1-LoRA,fpb_decontam,-8.381855010986328,0.991357684135437,-13.881855010986328,0.004051452502608299,-13.756855010986328,0.0045908973552286625
206,"The transaction will have a positive impact of around EUR2m on earnings , which Ruukki will recognize during the fourth quarter of this year .",2,positive,1,neutral,neutral,0,0,FinGPT-Bloom-7B1-LoRA,fpb_decontam,-11.970553398132324,0.09212898463010788,-9.908053398132324,0.7246506214141846,-11.283053398132324,0.18322037160396576
207,"YIT CORPORATION SEPT. 24 , 2007 at 13:30 CORPORATE RELEASE STOCK EXCHANGE RELEASE YIT 'S CAPITAL MARKETS DAY IN LONDON , SEPT. 26 , 2007 On Wednesday , September 26 , 2007 , YIT will hold a Capital Markets Day for investors and analysts in London .",1,neutral,1,neutral,neutral,1,0,FinGPT-Bloom-7B1-LoRA,fpb_decontam,-11.719474792480469,0.16413208842277527,-10.281974792480469,0.6910218596458435,-11.844474792480469,0.14484605193138123
208,"Operating profits in the half were  0.8 m , down from  0.9 m as Glisten invested in the brand and the management team .",0,negative,0,negative,negative,1,0,FinGPT-Bloom-7B1-LoRA,fpb_decontam,-8.137086868286133,0.9836877584457397,-12.449586868286133,0.013181423768401146,-13.887086868286133,0.003130862722173333
209,"Revenue grew by 2 percent to  x20ac 580 million $ 743 million , from  x20ac 569 million .",2,positive,2,positive,positive,1,0,FinGPT-Bloom-7B1-LoRA,fpb_decontam,-12.229920387268066,0.031513385474681854,-11.042420387268066,0.10332842171192169,-8.917420387268066,0.8651582598686218
210,A merger between UPM and Finnish-Swedish Stora Enso is not likely either .,1,neutral,1,neutral,neutral,1,0,FinGPT-Bloom-7B1-LoRA,fpb_decontam,-12.571036338806152,0.05966804921627045,-9.883536338806152,0.8768156170845032,-12.508536338806152,0.06351631134748459
211,EBIT margin was up from 1.4 % to 5.1 % .,2,positive,2,positive,positive,1,0,FinGPT-Bloom-7B1-LoRA,fpb_decontam,-11.407172203063965,0.06274422258138657,-11.282172203063965,0.07109851390123367,-8.782172203063965,0.8661572337150574
212,"Metsa-Botnia will finance the payment of dividends , the repayment of capital and the repurchase of its own shares with the funds deriving from its divestment of the Uruguay operations , and shares in Pohjolan Voima , and by utilising its existing financing facilities .",1,neutral,1,neutral,neutral,1,0,FinGPT-Bloom-7B1-LoRA,fpb_decontam,-12.14125919342041,0.10785679519176483,-10.14125919342041,0.7969599366188049,-12.26625919342041,0.09518329054117203
213,"`` We have a license agreement with Nokia Corp. which in part expires on April 9 , 2007 .",1,neutral,1,neutral,neutral,1,0,FinGPT-Bloom-7B1-LoRA,fpb_decontam,-11.709639549255371,0.1558510810136795,-10.147139549255371,0.7435239553451538,-12.147139549255371,0.10062502324581146
214,"Raisio 's bid to buy Glisten is a `` win-win '' deal for both companies , the chairman of the UK snacks firm told just-food today 10 February .",2,positive,1,neutral,neutral,0,0,FinGPT-Bloom-7B1-LoRA,fpb_decontam,-11.518448829650879,0.104506716132164,-10.268448829650879,0.3647643029689789,-9.893448829650879,0.5307289361953735
215,The adjustments concern staff in both the Specialty Papers and the Fiber Composites segments .,1,neutral,1,neutral,neutral,1,0,FinGPT-Bloom-7B1-LoRA,fpb_decontam,-12.092538833618164,0.07844144105911255,-9.780038833618164,0.792230486869812,-11.592538833618164,0.12932807207107544
216,"With this , the company will exit the contract manufacturing service segment .",1,neutral,1,neutral,neutral,1,0,FinGPT-Bloom-7B1-LoRA,fpb_decontam,-11.906580924987793,0.08605197072029114,-9.656580924987793,0.8164383769035339,-11.781580924987793,0.09750965982675552
217,"In Q1 of 2010 , Bank of +àland 's net interest income increased from EUR 9.1 mn to EUR 9.7 mn .",2,positive,2,positive,positive,1,0,FinGPT-Bloom-7B1-LoRA,fpb_decontam,-12.183344841003418,0.04048696532845497,-12.245844841003418,0.03803398460149765,-9.058344841003418,0.9214790463447571
218,"Professional and consumer applications include personal navigation , personal safety , field and workflow management , and asset tracking .",1,neutral,1,neutral,neutral,1,0,FinGPT-Bloom-7B1-LoRA,fpb_decontam,-11.33923625946045,0.1558510810136795,-9.77673625946045,0.7435239553451538,-11.77673625946045,0.10062502324581146
219,"Profit after taxes was EUR 0.1 mn , compared to EUR -0.4 mn the previous year .",2,positive,2,positive,positive,1,0,FinGPT-Bloom-7B1-LoRA,fpb_decontam,-11.102998733520508,0.09353046119213104,-11.352998733520508,0.0728415995836258,-8.915498733520508,0.8336279392242432
220,Cision says the sale will return its U.K. operation to profitability .,2,positive,1,neutral,neutral,0,0,FinGPT-Bloom-7B1-LoRA,fpb_decontam,-12.152639389038086,0.06610477715730667,-10.027639389038086,0.5534884929656982,-10.402639389038086,0.3804067075252533
221,GyPSii service supports ten different languages including Korean and Russian .,1,neutral,1,neutral,neutral,1,0,FinGPT-Bloom-7B1-LoRA,fpb_decontam,-11.018987655639648,0.2917559742927551,-10.518987655639648,0.48102426528930664,-11.268987655639648,0.22721977531909943
222,"After non-recurring items of EUR 177mn , profit amounted to EUR 20mn .",1,neutral,1,neutral,neutral,1,0,FinGPT-Bloom-7B1-LoRA,fpb_decontam,-11.060675621032715,0.2562980651855469,-10.185675621032715,0.6148271560668945,-11.748175621032715,0.1288747638463974
223,The sellers were the founders of the company .,1,neutral,1,neutral,neutral,1,0,FinGPT-Bloom-7B1-LoRA,fpb_decontam,-11.157008171081543,0.1772306114435196,-9.782008171081543,0.7009606957435608,-11.532008171081543,0.12180869281291962
224,"The company serves customers in various industries , including process and resources , industrial machinery , architecture , building , construction , electrical , transportation , electronics , chemical , petrochemical , energy , and information technology , as well as catering and households .",1,neutral,1,neutral,neutral,1,0,FinGPT-Bloom-7B1-LoRA,fpb_decontam,-12.013545989990234,0.09850569069385529,-9.888545989990234,0.8247780203819275,-12.263545989990234,0.07671630382537842
225,"The new Kroksberg railway tunnel will be built on a new section of track between Harnosand and Veda , forming part of the line that follows the coast of the Gulf of Bothnia .",1,neutral,1,neutral,neutral,1,0,FinGPT-Bloom-7B1-LoRA,fpb_decontam,-11.080109596252441,0.16136276721954346,-10.330109596252441,0.34160497784614563,-9.955109596252441,0.4970323145389557
226,L&T 's net profit for the whole 2010 dropped to EUR 36 million from EUR 45 million for 2009 .,0,negative,0,negative,negative,1,0,FinGPT-Bloom-7B1-LoRA,fpb_decontam,-8.819047927856445,0.9427098035812378,-12.006547927856445,0.03891028091311455,-12.756547927856445,0.01837991550564766
227,"The guidance has been set at 90 basis points over mid-swaps , the report said .",1,neutral,1,neutral,neutral,1,0,FinGPT-Bloom-7B1-LoRA,fpb_decontam,-12.011466026306152,0.09850569069385529,-9.886466026306152,0.8247780203819275,-12.261466026306152,0.07671630382537842
228,"For Q2 2010 , consolidated earnings before tax totaled EUR4 .5 m , compared to EUR3 .9 m , and net profit was EUR3 .2 m , compared to EUR2 .9 m in the previous year .",2,positive,2,positive,positive,1,0,FinGPT-Bloom-7B1-LoRA,fpb_decontam,-11.356584548950195,0.062163930386304855,-12.294084548950195,0.024343745782971382,-8.669084548950195,0.9134923219680786
229,SRV lowered its net sales estimate for the whole of 2008 due to uncertainties in housing sales .,0,negative,0,negative,negative,1,0,FinGPT-Bloom-7B1-LoRA,fpb_decontam,-8.88465690612793,0.9870942234992981,-13.44715690612793,0.010301252827048302,-14.82215690612793,0.0026045646518468857
230,After 1 April 2007 Cencorp will not have any own employees in the territory .,1,neutral,1,neutral,neutral,1,0,FinGPT-Bloom-7B1-LoRA,fpb_decontam,-12.696365356445312,0.047771207988262177,-9.758865356445312,0.9013766050338745,-12.633865356445312,0.05085219070315361
231,Olli-Pekka Laine has been appointed as the Chairman and Erkki Pehu-Lehtonen as the Vice Chairman of the Board .,1,neutral,1,neutral,neutral,1,0,FinGPT-Bloom-7B1-LoRA,fpb_decontam,-11.27294921875,0.17288756370544434,-9.89794921875,0.6837835907936096,-11.46044921875,0.14332883059978485
232,"Operating loss of the Pulp & Paper Machinery unit was over EUR 3mn in September 2007 - August 2008 , compared to a profit of EUR 3.7 mn a year earlier .",0,negative,0,negative,negative,1,0,FinGPT-Bloom-7B1-LoRA,fpb_decontam,-8.85927963256836,0.4357043206691742,-13.35927963256836,0.004840238019824028,-8.60927963256836,0.5594554543495178
233,The financial details of the transaction were not disclosed .,1,neutral,1,neutral,neutral,1,0,FinGPT-Bloom-7B1-LoRA,fpb_decontam,-12.319743156433105,0.053789734840393066,-9.507243156433105,0.8956794738769531,-12.382243156433105,0.05053078010678291
234,Each share is entitled to one vote .,1,neutral,1,neutral,neutral,1,0,FinGPT-Bloom-7B1-LoRA,fpb_decontam,-12.007293701171875,0.05625632032752037,-9.257293701171875,0.8799969553947449,-11.882293701171875,0.06374676525592804
235,He confirmed his view on July 6 .,1,neutral,1,neutral,neutral,1,0,FinGPT-Bloom-7B1-LoRA,fpb_decontam,-11.88629150390625,0.08836447447538376,-9.63629150390625,0.8383787870407104,-12.07379150390625,0.0732567235827446
236,The company will be part of Teleste 's Video and Broadband Solutions business area .,1,neutral,1,neutral,neutral,1,0,FinGPT-Bloom-7B1-LoRA,fpb_decontam,-12.882577896118164,0.035031918436288834,-9.632577896118164,0.903485119342804,-12.320077896118164,0.061482932418584824
237,The original contract was signed last summer .,1,neutral,2,positive,positive,0,0,FinGPT-Bloom-7B1-LoRA,fpb_decontam,-12.091667175292969,0.04932364448904991,-11.654167175292969,0.07639394700527191,-9.216667175292969,0.8742824196815491
238,Decisions are to be made as quickly as possible .,1,neutral,1,neutral,neutral,1,0,FinGPT-Bloom-7B1-LoRA,fpb_decontam,-11.702214241027832,0.07471715658903122,-9.264714241027832,0.8550925850868225,-11.764714241027832,0.07019027322530746
239,The credit covers approximately 70 % of the ship 's price .,1,neutral,1,neutral,neutral,1,0,FinGPT-Bloom-7B1-LoRA,fpb_decontam,-11.574620246887207,0.09214623272418976,-9.387120246887207,0.8212904334068298,-11.637120246887207,0.08656337112188339
240,"As much biomass will be used as can be sourced locally , with the rest of the plant 's fuel needs met by peat .",1,neutral,1,neutral,neutral,1,0,FinGPT-Bloom-7B1-LoRA,fpb_decontam,-12.326447486877441,0.10468026250600815,-10.263947486877441,0.8233740925788879,-12.701447486877441,0.07194563001394272
241,"The platform is based built on Intel s second-generation MID platform , called Moorestown .",1,neutral,1,neutral,neutral,1,0,FinGPT-Bloom-7B1-LoRA,fpb_decontam,-11.69887638092041,0.10368700325489044,-9.63637638092041,0.8155615329742432,-11.94887638092041,0.08075152337551117
242,Finnair 's total traffic decreased by 8.7 % in terms of revenue passenger kilometres .,0,negative,0,negative,negative,1,0,FinGPT-Bloom-7B1-LoRA,fpb_decontam,-9.02080249786377,0.9764267206192017,-12.89580249786377,0.020265089347958565,-14.70830249786377,0.0033081851433962584
243,Affecto expects its net sales for the whole 2010 to increase from the 2009 level when they reached EUR 103 million .,2,positive,2,positive,positive,1,0,FinGPT-Bloom-7B1-LoRA,fpb_decontam,-11.908977508544922,0.03343512862920761,-11.533977508544922,0.04864782094955444,-8.596477508544922,0.9179170727729797
244,Kone shares dropped 4.1 percent to  x20ac 43 US$ 55.77 in Helsinki .,0,negative,0,negative,negative,1,0,FinGPT-Bloom-7B1-LoRA,fpb_decontam,-8.390345573425293,0.9258837699890137,-11.640345573425293,0.035900410264730453,-11.577845573425293,0.03821578994393349
245,"However , sales volumes in the food industry are expected to remain at relatively good levels in Finland and in Scandinavia , Atria said .",2,positive,2,positive,positive,1,0,FinGPT-Bloom-7B1-LoRA,fpb_decontam,-11.717976570129395,0.08021502196788788,-10.780476570129395,0.20483624935150146,-9.530476570129395,0.7149487137794495
246,The value of the contract is in total USD12m .,1,neutral,1,neutral,neutral,1,0,FinGPT-Bloom-7B1-LoRA,fpb_decontam,-12.197163581848145,0.07438044250011444,-9.759663581848145,0.8512390851974487,-12.197163581848145,0.07438044250011444
247,Production capacity will increase from 36 000 to 85 000 tonnes per year and the raw material will continue to be recycled paper and board .,2,positive,1,neutral,neutral,0,0,FinGPT-Bloom-7B1-LoRA,fpb_decontam,-12.28318977355957,0.051084768027067184,-10.72068977355957,0.24371179938316345,-9.65818977355957,0.7052034735679626
248,"The record date for dividend distribution is March 14 , 2008 .",1,neutral,1,neutral,neutral,1,0,FinGPT-Bloom-7B1-LoRA,fpb_decontam,-12.444018363952637,0.06051832064986229,-9.756518363952637,0.8893102407455444,-12.631518363952637,0.05017145350575447
249,"The fair value of the investment properties totaled EUR 2,534.9 mn , up from EUR 2,455.1 mn in 2006 .",2,positive,2,positive,positive,1,0,FinGPT-Bloom-7B1-LoRA,fpb_decontam,-12.864948272705078,0.023291783407330513,-12.177448272705078,0.046321239322423935,-9.177448272705078,0.9303869605064392
250,No financial information was provided .,1,neutral,1,neutral,neutral,1,0,FinGPT-Bloom-7B1-LoRA,fpb_decontam,-12.192448616027832,0.03402160853147507,-8.879948616027832,0.934018075466156,-12.254948616027832,0.031960342079401016
251,"In the third quarter of 2007 , net sales totaled EUR 25.95 mn , and operating profit EUR 3.88 mn .",1,neutral,1,neutral,neutral,1,0,FinGPT-Bloom-7B1-LoRA,fpb_decontam,-11.95846176147461,0.12306568026542664,-10.14596176147461,0.7538686394691467,-11.95846176147461,0.12306568026542664
252,Operating profit rose to EUR 13.1 mn from EUR 8.7 mn in the corresponding period in 2007 representing 7.7 % of net sales .,2,positive,2,positive,positive,1,0,FinGPT-Bloom-7B1-LoRA,fpb_decontam,-12.463508605957031,0.03441132232546806,-12.963508605957031,0.020871521905064583,-9.151008605957031,0.9447172284126282
253,The group 's net sales in 2007 were EUR683 .6 m.,1,neutral,1,neutral,neutral,1,0,FinGPT-Bloom-7B1-LoRA,fpb_decontam,-13.385283470153809,0.021846169605851173,-9.635283470153809,0.928922712802887,-12.572783470153809,0.04923110082745552
254,"In Finland , the city of Forssa has said it will not pay compensation to food industry companies HK Ruokatalo and Atria for the lye leak into tap water that occurred in March 2008 .",0,negative,1,neutral,neutral,0,0,FinGPT-Bloom-7B1-LoRA,fpb_decontam,-9.742098808288574,0.5813133120536804,-10.367098808288574,0.3111546039581299,-11.429598808288574,0.10753215104341507
255,"The inventors are Mukkavilli Krishna Kiran , Sabharwal Ashutosh and Aazhang Behnaam .",1,neutral,1,neutral,neutral,1,0,FinGPT-Bloom-7B1-LoRA,fpb_decontam,-11.58438491821289,0.12399016320705414,-9.77188491821289,0.7595317959785461,-11.64688491821289,0.11647798120975494
256,Consolidated operating profit from continuing operations decreased by 62.3 % to EUR 51.2 mn from EUR 135.7 mn in 2007 .,0,negative,0,negative,negative,1,0,FinGPT-Bloom-7B1-LoRA,fpb_decontam,-8.883478164672852,0.9858027696609497,-13.258478164672852,0.012409426271915436,-15.195978164672852,0.0017877472564578056
257,Finnish Bank of +àland reports its operating profit fell to EUR 4.9 mn in the third quarter of 2007 from EUR 5.6 mn in the third quarter of 2006 .,0,negative,0,negative,negative,1,0,FinGPT-Bloom-7B1-LoRA,fpb_decontam,-8.900052070617676,0.9811030626296997,-12.962552070617676,0.016880810260772705,-15.087552070617676,0.0020161252468824387
258,"Cost cutting measures , which have produced around EUR70m of savings over the past nine months , have dampened the airline 's loss , Finnair said .",2,positive,0,negative,negative,0,0,FinGPT-Bloom-7B1-LoRA,fpb_decontam,-8.412291526794434,0.8672506809234619,-11.224791526794434,0.052082452923059464,-10.787291526794434,0.08066687732934952
259,The new location is n't the only change Wellmont has in store for its air transport service .,1,neutral,1,neutral,neutral,1,0,FinGPT-Bloom-7B1-LoRA,fpb_decontam,-11.649721145629883,0.11735960841178894,-9.774721145629883,0.7652807235717773,-11.649721145629883,0.11735960841178894
260,The agreement includes the entire process of managing Mercator 's supply chain in all regions where the company is currently present .,1,neutral,1,neutral,neutral,1,0,FinGPT-Bloom-7B1-LoRA,fpb_decontam,-12.261578559875488,0.06912512332201004,-9.761578559875488,0.8421164155006409,-12.011578559875488,0.08875841647386551
261,"Cargotec Corporation , Press Release , August 26 , 2008 at 10 a.m. Finnish time Cargotec 's MacGREGOR business area providing marine cargo handling and offshore load handling solutions has received significant offshore crane retrofit order .",2,positive,1,neutral,neutral,0,0,FinGPT-Bloom-7B1-LoRA,fpb_decontam,-10.884960174560547,0.22707785665988922,-10.322460174560547,0.39853405952453613,-10.384960174560547,0.37438809871673584
262,"Both operating profit and net sales for the 12-month period increased , respectively from EUR10 .5 m and EUR28 .8 m , as compared to the financial year 2004 .",2,positive,2,positive,positive,1,0,FinGPT-Bloom-7B1-LoRA,fpb_decontam,-12.712018013000488,0.02393839880824089,-12.899518013000488,0.0198456272482872,-9.024518013000488,0.9562159180641174
263,Alfa group will have 43.9 % of voting stock in the new company and Telenor 35.4 % with a free float of 20.7 % .,1,neutral,1,neutral,neutral,1,0,FinGPT-Bloom-7B1-LoRA,fpb_decontam,-12.69603443145752,0.05361500382423401,-9.88353443145752,0.892769992351532,-12.69603443145752,0.05361500382423401
264,"`` After a long , unprofitable period the Food Division posted a profitable result , which speaks of a healthier cost structure and a new approach in business operations , '' Rihko said .",2,positive,1,neutral,neutral,0,0,FinGPT-Bloom-7B1-LoRA,fpb_decontam,-10.485926628112793,0.2875422239303589,-10.673426628112793,0.23838086426258087,-9.985926628112793,0.4740769565105438
265,"Vaahto Pulp & Paper , of Finnish Vaahto Group , has been awarded an order to renovate Finnish-Swedish forest industry company Stora Enso 's paperboard machine at the Ingerois Board Mill in Finland .",2,positive,2,positive,positive,1,0,FinGPT-Bloom-7B1-LoRA,fpb_decontam,-12.72727108001709,0.016125645488500595,-11.66477108001709,0.046661101281642914,-8.66477108001709,0.9372133016586304
266,"Profit per share was EUR 1.03 , up from EUR 0.87 .",2,positive,2,positive,positive,1,0,FinGPT-Bloom-7B1-LoRA,fpb_decontam,-12.952611923217773,0.007071072701364756,-12.952611923217773,0.007071072701364756,-8.015111923217773,0.9858579635620117
267,"During the strike , Finnair estimates to incur a net loss of between EUR2m and EUR2 .5 m per day .",0,negative,2,positive,positive,0,0,FinGPT-Bloom-7B1-LoRA,fpb_decontam,-9.908746719360352,0.24734511971473694,-11.033746719360352,0.0803011953830719,-8.908746719360352,0.6723536849021912
268,"The prerequisite for inclusion in the program and for receipt of any gains is that key employees acquire Aspo shares to the amount determined by the Board in advance , in the maximum .",1,neutral,1,neutral,neutral,1,0,FinGPT-Bloom-7B1-LoRA,fpb_decontam,-10.829343795776367,0.13598130643367767,-9.954343795776367,0.3262022137641907,-9.454343795776367,0.5378165245056152
269,"Profit for the period was EUR 5.9 mn , up from EUR 1.3 mn .",2,positive,2,positive,positive,1,0,FinGPT-Bloom-7B1-LoRA,fpb_decontam,-13.196118354797363,0.006261089351028204,-13.508618354797363,0.004580711480230093,-8.133618354797363,0.9891581535339355
270,"When dialing in , the participants should quote 877417 as conference ID .",1,neutral,1,neutral,neutral,1,0,FinGPT-Bloom-7B1-LoRA,fpb_decontam,-12.257856369018555,0.07136982679367065,-9.757856369018555,0.8694624900817871,-12.445356369018555,0.059167664498090744
271,Competition authorities will have to approve the deal before it can be finalized .,1,neutral,1,neutral,neutral,1,0,FinGPT-Bloom-7B1-LoRA,fpb_decontam,-11.396208763122559,0.1519467830657959,-9.771208763122559,0.7716495394706726,-12.083708763122559,0.0764036476612091
272,"Mr Ashley , deputy executive chairman of Sports Direct , sold a 43pc stake in the company for more than pounds 900m at the time of the float .",1,neutral,1,neutral,neutral,1,0,FinGPT-Bloom-7B1-LoRA,fpb_decontam,-12.325296401977539,0.1013622060418129,-10.262796401977539,0.7972755432128906,-12.325296401977539,0.1013622060418129
273,Kauko-Telko 's centralized administration will be dissolved and appropriate parts of it will be transferred to operating activities and Group administration by the end of the year .,1,neutral,1,neutral,neutral,1,0,FinGPT-Bloom-7B1-LoRA,fpb_decontam,-12.322628021240234,0.10513855516910553,-10.260128021240234,0.826978862285614,-12.760128021240234,0.06788256019353867
274,"The orders are for 26 machine-room-less KONE MonoSpace elevators , which would be installed during 2006 .",1,neutral,1,neutral,neutral,1,0,FinGPT-Bloom-7B1-LoRA,fpb_decontam,-11.360334396362305,0.23914895951747894,-10.610334396362305,0.5062783360481262,-11.297834396362305,0.25457271933555603
275,The original patent was filed in Finland under application No. .,1,neutral,0,negative,negative,0,0,FinGPT-Bloom-7B1-LoRA,fpb_decontam,-8.704437255859375,0.847175121307373,-11.141937255859375,0.07402534037828445,-11.079437255859375,0.07879956066608429
276,"The total size of the complex is around 25,000 m2 and the project will be constructed in stages .",1,neutral,1,neutral,neutral,1,0,FinGPT-Bloom-7B1-LoRA,fpb_decontam,-12.571372985839844,0.05966804921627045,-9.883872985839844,0.8768156170845032,-12.508872985839844,0.06351631134748459
277,Talvivaara is listed on the London Stock Exchange Main Market and NASDAQ OMX Helsinki and is included in the FTSE 250 Index .,1,neutral,1,neutral,neutral,1,0,FinGPT-Bloom-7B1-LoRA,fpb_decontam,-12.27286434173584,0.10062502324581146,-10.27286434173584,0.7435239553451538,-11.83536434173584,0.1558510810136795
278,"The Baltimore Police and Fire Pension , which has about $ 1.5 billion , lost about $ 3.5 million in Madoff Ponzi scheme .",0,negative,0,negative,negative,1,0,FinGPT-Bloom-7B1-LoRA,fpb_decontam,-8.306879043579102,0.9583797454833984,-11.681879043579102,0.03279395028948784,-12.994379043579102,0.00882637221366167
279,It is estimated that the consolidated turnover of Kausta Guder will reach Lt 53mn US$ 22.53 mn EUR 15.35 mn in 2007 .,1,neutral,1,neutral,neutral,1,0,FinGPT-Bloom-7B1-LoRA,fpb_decontam,-11.032005310058594,0.22138747572898865,-10.407005310058594,0.4136062562465668,-10.532005310058594,0.3650062382221222
280,BioTie North-American licensing partner Somaxon Pharmaceuticals started a phase II-III clinical study in patients suffering from pathological gambling and a pilot phase II study in nicotine addiction smoking cessation .,1,neutral,1,neutral,neutral,1,0,FinGPT-Bloom-7B1-LoRA,fpb_decontam,-11.188672065734863,0.30440402030944824,-10.563672065734863,0.5687015056610107,-12.063672065734863,0.12689447402954102
281,"In the fourth quarter of 2008 , net sales decreased to EUR 121.4 mn from EUR 165.5 mn in the fourth quarter of 2007 .",0,negative,0,negative,negative,1,0,FinGPT-Bloom-7B1-LoRA,fpb_decontam,-8.891857147216797,0.9762184619903564,-12.766857147216797,0.0202607661485672,-14.516857147216797,0.003520793514326215
282,"Finnish power supply solutions and systems provider Efore Oyj said its net loss widened to 3.2 mln euro $ 4.2 mln for the first quarter of fiscal 2006-2007 ending October 31 , 2007 from 900,000 euro $ 1.2 mln for the same period of fiscal 2005-06 .",0,negative,2,positive,positive,0,0,FinGPT-Bloom-7B1-LoRA,fpb_decontam,-10.004502296447754,0.21965549886226654,-10.754502296447754,0.10375791788101196,-8.879502296447754,0.6765865683555603
283,"Equipment will be manufactured in Vaahto 's workshop in Hollola , Finland and is scheduled for shipments during the first quarter of 2009 .",1,neutral,1,neutral,neutral,1,0,FinGPT-Bloom-7B1-LoRA,fpb_decontam,-13.393766403198242,0.0439864806830883,-10.393766403198242,0.8834920525550842,-12.893766403198242,0.07252144813537598
284,"Sampo Housing Loan Bank , a unit of Finland 's Sampo Bank , has priced its EUR1bn ( USD1 .3 bn ) bond at 99.889 % , Reuters reported .",1,neutral,1,neutral,neutral,1,0,FinGPT-Bloom-7B1-LoRA,fpb_decontam,-11.776815414428711,0.1597319096326828,-10.276815414428711,0.7158687710762024,-12.026815414428711,0.1243993267416954
285,The total capital of funds managed by the bank decreased by 28 % to EUR 284mn by the end of September 2008 .,0,negative,0,negative,negative,1,0,FinGPT-Bloom-7B1-LoRA,fpb_decontam,-9.046195030212402,0.9660651087760925,-12.546195030212402,0.029172638431191444,-14.358695030212402,0.004762302152812481
286,"Founded in 1985 , Quatrocon 's clientele consists of public sector builders , central trading companies and major construction firms .",1,neutral,1,neutral,neutral,1,0,FinGPT-Bloom-7B1-LoRA,fpb_decontam,-11.71246337890625,0.12306568026542664,-9.89996337890625,0.7538686394691467,-11.71246337890625,0.12306568026542664
287,"In its financial report , published on Friday , SEB said its net profit soared to SEK6 .745 bn in 2010 from a year-earlier SEK1 .114 bn and proposed a 50 % dividend increase to SEK1 .50 per share .",2,positive,1,neutral,neutral,0,0,FinGPT-Bloom-7B1-LoRA,fpb_decontam,-10.521993637084961,0.2133680284023285,-10.396993637084961,0.24177764356136322,-9.584493637084961,0.5448543429374695
288,ASSA ABLOY Kaupthing Bank gave a ` neutral ' recommendation and a share price target of 174 crowns $ 24.7 - 19 euro on Swedish lock maker Assa Abloy AB .,1,neutral,1,neutral,neutral,1,0,FinGPT-Bloom-7B1-LoRA,fpb_decontam,-10.889798164367676,0.21563532948493958,-10.202298164367676,0.42884206771850586,-10.389798164367676,0.3555225729942322
289,"Previously , EB delivered a custom solution for LG Electronics and now is making it commercially available for other mobile terminal vendors as well as to wireless operators .",2,positive,1,neutral,neutral,0,0,FinGPT-Bloom-7B1-LoRA,fpb_decontam,-10.193058013916016,0.4721401631832123,-10.630558013916016,0.30483660101890564,-10.943058013916016,0.22302323579788208
290,"Sullivan said some of the boards `` really involve a lot of work , and people should get paid for their time . ''",1,neutral,1,neutral,neutral,1,0,FinGPT-Bloom-7B1-LoRA,fpb_decontam,-11.659209251403809,0.20378199219703674,-10.409209251403809,0.7112690210342407,-12.534209251403809,0.08494897186756134
291,"schwalm ( at ) outotec.com Eila Paatela , Vice President - Corporate Communications tel. +358 20 529 2004 , mobile +358 400 817198 e-mail eila .",1,neutral,1,neutral,neutral,1,0,FinGPT-Bloom-7B1-LoRA,fpb_decontam,-12.26402759552002,0.07671630382537842,-9.88902759552002,0.8247780203819275,-12.01402759552002,0.09850569069385529
292,The company now estimates its net sales in 2010 to increase considerably from 2009 and its operating result to be clearly positive .,2,positive,2,positive,positive,1,0,FinGPT-Bloom-7B1-LoRA,fpb_decontam,-11.433740615844727,0.07338780909776688,-12.246240615844727,0.0325656421482563,-8.933740615844727,0.8940465450286865
293,"The fair value of the property portfolio doubled as a result of the Kapiteeli acquisition and totalled EUR 2,686.2 1,259.7 million .",2,positive,2,positive,positive,1,0,FinGPT-Bloom-7B1-LoRA,fpb_decontam,-11.051511764526367,0.06351631134748459,-11.114011764526367,0.05966804921627045,-8.426511764526367,0.8768156170845032
294,"Cencorp would focus on the development , manufacture and marketing of standard products for production automation .",1,neutral,1,neutral,neutral,1,0,FinGPT-Bloom-7B1-LoRA,fpb_decontam,-12.037324905395508,0.10158422589302063,-10.037324905395508,0.7506115436553955,-11.662324905395508,0.1478041708469391
295,The contract is worth some EUR 1 million .,1,neutral,1,neutral,neutral,1,0,FinGPT-Bloom-7B1-LoRA,fpb_decontam,-11.95086669921875,0.0899350643157959,-9.76336669921875,0.8015825748443604,-11.76336669921875,0.10848239809274673
296,"For 2009 , net profit was EUR 3 million and the company paid a dividend of EUR 1.30 apiece .",1,neutral,1,neutral,neutral,1,0,FinGPT-Bloom-7B1-LoRA,fpb_decontam,-11.731684684753418,0.18920639157295227,-10.419184684753418,0.702987015247345,-12.294184684753418,0.10780655592679977
297,"The mill will have capacity to produce 500,000 tonnes of pulp per year .",1,neutral,1,neutral,neutral,1,0,FinGPT-Bloom-7B1-LoRA,fpb_decontam,-12.57271957397461,0.05258084461092949,-9.76021957397461,0.8755496740341187,-12.26021957397461,0.07186949253082275
298,"Nokia shares hit 13.21 euros on Friday , down 50 percent from the start of the year in part because of the slow introduction of touch-screen models .",0,negative,0,negative,negative,1,0,FinGPT-Bloom-7B1-LoRA,fpb_decontam,-8.010107040405273,0.9925806522369385,-13.510107040405273,0.004056450445204973,-13.697607040405273,0.0033629154786467552
299,Cash flow from operations in January-December 2008 was a negative EUR 18.1 mn compared to EUR 39.0 mn in the corresponding period in 2007 .,0,negative,2,positive,positive,0,0,FinGPT-Bloom-7B1-LoRA,fpb_decontam,-10.331451416015625,0.15332327783107758,-11.143951416015625,0.06803679466247559,-8.706451416015625,0.7786399126052856
300,"Once your plants are in the ground they will continue to grow , but the success of any garden lies in how well it 's maintained .",1,neutral,2,positive,positive,0,0,FinGPT-Bloom-7B1-LoRA,fpb_decontam,-11.836915969848633,0.04733879864215851,-10.336915969848633,0.21215778589248657,-9.086915969848633,0.7405034303665161
301,The increase range will vary up to 10 % .,1,neutral,2,positive,positive,0,0,FinGPT-Bloom-7B1-LoRA,fpb_decontam,-12.603216171264648,0.022145932540297508,-11.165716171264648,0.09323785454034805,-8.915716171264648,0.8846161365509033
302,The company operates power plants in the Tyumen and Chelyabinsk regions and in the Khanty-Mansi Autonomous District .,1,neutral,1,neutral,neutral,1,0,FinGPT-Bloom-7B1-LoRA,fpb_decontam,-13.006421089172363,0.039512064307928085,-9.881421089172363,0.8992904424667358,-12.568921089172363,0.06119748204946518
303,"Net cash from operating activities was a negative EUR 0.3 mn , compared to EUR 30.9 mn in 2009 .",0,negative,2,positive,positive,0,0,FinGPT-Bloom-7B1-LoRA,fpb_decontam,-10.630257606506348,0.18213814496994019,-11.255257606506348,0.09749151766300201,-9.255257606506348,0.720370352268219
304,"The flagship will open this fall in Manhattan 's Flatiron District in the `` Toy Building , '' at 200 Fifth Avenue .",1,neutral,0,negative,negative,0,0,FinGPT-Bloom-7B1-LoRA,fpb_decontam,-8.35833740234375,0.8207172751426697,-10.48333740234375,0.09802070260047913,-10.67083740234375,0.0812620148062706
305,All YIT Capital Markets Day materials will be available on the company 's Internet site at www.yitgroup.com/investors at 10:30 on September 26 .,1,neutral,1,neutral,neutral,1,0,FinGPT-Bloom-7B1-LoRA,fpb_decontam,-13.629528045654297,0.02803925983607769,-10.129528045654297,0.9285327196121216,-13.192028045654297,0.04342805594205856
306,Export declined by 6 percent to 16.4 million liters .,0,negative,0,negative,negative,1,0,FinGPT-Bloom-7B1-LoRA,fpb_decontam,-8.789905548095703,0.9603321552276611,-12.289905548095703,0.02899951860308647,-13.289905548095703,0.01066832710057497
307,"The biggest sellers in the chain 's supermarkets in Finland are organic Pirkka tomatoes , carrots , eggs , and meat products .",1,neutral,1,neutral,neutral,1,0,FinGPT-Bloom-7B1-LoRA,fpb_decontam,-11.006007194519043,0.228174090385437,-10.068507194519043,0.5826629400253296,-11.193507194519043,0.1891629695892334
308,The company continued the development of a fully human antibody in its VAP-1 antibody program .,1,neutral,1,neutral,neutral,1,0,FinGPT-Bloom-7B1-LoRA,fpb_decontam,-12.030853271484375,0.10421784222126007,-10.030853271484375,0.7700714468955994,-11.843353271484375,0.12571071088314056
309,"Cardona slowed her vehicle , turned around and returned to the intersection , where she called 911 .",1,neutral,0,negative,negative,0,0,FinGPT-Bloom-7B1-LoRA,fpb_decontam,-8.311090469360352,0.9740898013114929,-12.436090469360352,0.01574469543993473,-12.873590469360352,0.01016553957015276
310,"We know that it exists , '' Artemyev said .",1,neutral,1,neutral,neutral,1,0,FinGPT-Bloom-7B1-LoRA,fpb_decontam,-12.319046020507812,0.06087721139192581,-9.631546020507812,0.894584059715271,-12.631546020507812,0.0445387177169323
311,Finnish metal products company Componenta Oyj net profit went slightly down to 25.1 mln euro ( $ 40.2 mln ) for the first half of 2008 from 25.4 mln euro ( $ 40.7 mln ) for the same period of 2007 .,0,negative,0,negative,negative,1,0,FinGPT-Bloom-7B1-LoRA,fpb_decontam,-7.693922519683838,0.8990522623062134,-10.19392204284668,0.07379873842000961,-11.19392204284668,0.02714904025197029
312,"The subsidiary will be responsible for filter sales , local assembly of filters and after market services in China .",1,neutral,1,neutral,neutral,1,0,FinGPT-Bloom-7B1-LoRA,fpb_decontam,-11.8978271484375,0.13274212181568146,-10.1478271484375,0.7638782262802124,-12.1478271484375,0.10337967425584793
313,Sports equipment sales also progressed well owing to the prolonged winter season .,2,positive,2,positive,positive,1,0,FinGPT-Bloom-7B1-LoRA,fpb_decontam,-12.709619522094727,0.030633175745606422,-13.334619522094727,0.01639675535261631,-9.272119522094727,0.9529700875282288
314,Finnish food industry company L+ñnnen Tehtaat is planning changes to its fish product business .,1,neutral,1,neutral,neutral,1,0,FinGPT-Bloom-7B1-LoRA,fpb_decontam,-12.013976097106934,0.0849490538239479,-9.763976097106934,0.8059742450714111,-11.763976097106934,0.10907674580812454
315,"The contract also includes installation work in a new multistorey carpark for close on 1,000 vehicles .",1,neutral,1,neutral,neutral,1,0,FinGPT-Bloom-7B1-LoRA,fpb_decontam,-11.659966468811035,0.0996236503124237,-9.659966468811035,0.7361247539520264,-11.159966468811035,0.1642516404390335
316,RL-Nordic is a part of Raiffeisen-Banking-Group Austria and is a subsidiary to Raiffeisen-Leasing GmbH in Austria .,1,neutral,1,neutral,neutral,1,0,FinGPT-Bloom-7B1-LoRA,fpb_decontam,-11.770234107971191,0.1652490645647049,-10.270234107971191,0.7405948638916016,-12.332734107971191,0.09415606409311295
317,Filmiteollisuus Fine Ab will be transferred to Talentum Oyj in the form of a subsidiary .,1,neutral,1,neutral,neutral,1,0,FinGPT-Bloom-7B1-LoRA,fpb_decontam,-11.589189529418945,0.1759781539440155,-10.151689529418945,0.7408956289291382,-12.339189529418945,0.08312618732452393
318,Return on investment ROI was 4.1 % compared to 43.8 % in the first half of 2008 .,0,negative,2,positive,positive,0,0,FinGPT-Bloom-7B1-LoRA,fpb_decontam,-10.533988952636719,0.25457271933555603,-10.596488952636719,0.23914895951747894,-9.846488952636719,0.5062783360481262
319,The annual net sales of the unit is some EUR 5 million and it currently employs some 55 people .,1,neutral,1,neutral,neutral,1,0,FinGPT-Bloom-7B1-LoRA,fpb_decontam,-11.288217544555664,0.18443939089775085,-10.350717544555664,0.47098249197006226,-10.663217544555664,0.3445781469345093
320,The company will release its 2010 results on 11 February 2011 .,1,neutral,1,neutral,neutral,1,0,FinGPT-Bloom-7B1-LoRA,fpb_decontam,-12.070842742919922,0.0841861143708229,-9.758342742919922,0.8502496480941772,-12.320842742919922,0.06556421518325806
321,"Tiimari , the Finnish retailer , reported to have geenrated quarterly revenues totalling EUR 1.3 mn in the 4th quarter 2009 , up from EUR 0.3 mn loss in 2008 .",2,positive,2,positive,positive,1,0,FinGPT-Bloom-7B1-LoRA,fpb_decontam,-10.450837135314941,0.12863954901695251,-11.825837135314941,0.03252517059445381,-8.575837135314941,0.8388352394104004
322,The purchase sum is about EUR 10mn US$ 12.97 mn .,1,neutral,1,neutral,neutral,1,0,FinGPT-Bloom-7B1-LoRA,fpb_decontam,-11.955930709838867,0.12867708504199982,-10.143430709838867,0.7882426977157593,-12.393430709838867,0.08308016508817673
323,The bank VTB24 provides mortgage loans to buy apartments in the complex at 11-13 % per annum in rubles .,1,neutral,1,neutral,neutral,1,0,FinGPT-Bloom-7B1-LoRA,fpb_decontam,-12.048027992248535,0.08229414373636246,-10.110527992248535,0.5712345838546753,-10.610527992248535,0.34647127985954285
324,"The buildings , with about 40 condominiums each , will be built in 4 or 5 stages .",1,neutral,1,neutral,neutral,1,0,FinGPT-Bloom-7B1-LoRA,fpb_decontam,-12.695761680603027,0.04288099706172943,-9.633261680603027,0.9168360829353333,-12.758261680603027,0.0402829647064209
325,`` Marimekko operates in an industry in which changes in the business climate are reflected in consumer demand .,1,neutral,1,neutral,neutral,1,0,FinGPT-Bloom-7B1-LoRA,fpb_decontam,-11.52451229095459,0.20169055461883545,-10.46201229095459,0.5836109519004822,-11.46201229095459,0.21469849348068237
326,"Tecnomen , headquartered in Espoo , Finland , develops messaging and charging solutions for telecomms operators and service providers worldwide .",1,neutral,1,neutral,neutral,1,0,FinGPT-Bloom-7B1-LoRA,fpb_decontam,-12.289586067199707,0.08895891904830933,-10.164586067199707,0.7448439002037048,-11.664586067199707,0.16619715094566345
327,Ixonos will finance the acquisition through a 3.8 mln euro $ 5.2 mln loan .,1,neutral,1,neutral,neutral,1,0,FinGPT-Bloom-7B1-LoRA,fpb_decontam,-11.952936172485352,0.09214623272418976,-9.765436172485352,0.8212904334068298,-12.015436172485352,0.08656337112188339
328,"Finnish Exel Composites , a technology company that designs , manufactures , and markets composite profiles and tubes for various industrial applications , reports its net sales decreased by 0.6 % in the second quarter of 2010 to EUR 19.2 mn from EUR 19.3 mn in the corresponding period in 2009 .",0,negative,0,negative,negative,1,0,FinGPT-Bloom-7B1-LoRA,fpb_decontam,-7.669241428375244,0.9294431209564209,-10.544241905212402,0.05243556946516037,-11.606741905212402,0.018121246248483658
329,The issue came up in connection with discussion with local municipalities concerning the sale of water to industrial facilities .,1,neutral,1,neutral,neutral,1,0,FinGPT-Bloom-7B1-LoRA,fpb_decontam,-12.580842018127441,0.07194563001394272,-10.143342018127441,0.8233740925788879,-12.205842018127441,0.10468026250600815
330,Pretax profit rose to EUR 0.6 mn from EUR 0.4 mn in the corresponding period in 2005 .,2,positive,2,positive,positive,1,0,FinGPT-Bloom-7B1-LoRA,fpb_decontam,-13.197629928588867,0.018890785053372383,-13.635129928588867,0.012196807190775871,-9.260129928588867,0.9689123630523682
331,Terms of the acquisition were not disclosed .,1,neutral,1,neutral,neutral,1,0,FinGPT-Bloom-7B1-LoRA,fpb_decontam,-12.320056915283203,0.0668083131313324,-9.757556915283203,0.8663833737373352,-12.320056915283203,0.0668083131313324
332,"Elcoteq Dongguan was established in 1999 in the Nancheng District of Dongguan , China and is one of Elcoteq s four volume manufacturing plants in the Asia-Pacific region .",1,neutral,1,neutral,neutral,1,0,FinGPT-Bloom-7B1-LoRA,fpb_decontam,-11.976536750793457,0.12253394722938538,-10.289036750793457,0.6624122858047485,-11.414036750793457,0.2150537669658661
333,The Bank is also examining the benefits of transferring the Swedish business to operate as a branch office so that the operations would be governed by Finland 's laws .,1,neutral,1,neutral,neutral,1,0,FinGPT-Bloom-7B1-LoRA,fpb_decontam,-10.986711502075195,0.2639360725879669,-10.174211502075195,0.5947890877723694,-11.611711502075195,0.14127479493618011
334,"The order comprises all production lines for a plywood mill , company said in a statement received by Lesprom Network .",1,neutral,1,neutral,neutral,1,0,FinGPT-Bloom-7B1-LoRA,fpb_decontam,-11.225689888000488,0.17455241084098816,-10.100689888000488,0.5376592874526978,-10.725689888000488,0.2877883017063141
335,A huge issue for us is the button placement .,1,neutral,1,neutral,neutral,1,0,FinGPT-Bloom-7B1-LoRA,fpb_decontam,-11.821107864379883,0.06652168929576874,-9.258607864379883,0.8626663088798523,-11.758607864379883,0.07081196457147598
336,"Construction work on the Helsinki Music Centre is to start this autumn , with the total cost of the project estimated at 140 million euros .",1,neutral,1,neutral,neutral,1,0,FinGPT-Bloom-7B1-LoRA,fpb_decontam,-10.630027770996094,0.4044707715511322,-10.630027770996094,0.4044707715511322,-11.380027770996094,0.1910584717988968
337,"LEED is an internationally recognized green building certification system , developed by the U.S. Green Building Council .",1,neutral,1,neutral,neutral,1,0,FinGPT-Bloom-7B1-LoRA,fpb_decontam,-12.055267333984375,0.08270492404699326,-9.930267333984375,0.6924798488616943,-11.055267333984375,0.2248152792453766
338,Finnish developer and manufacturer of mobile phone chargers Salcomp Plc OMX Helsinki : SAL1V on Wednesday 19 November lowered its full-year net sales estimate .,0,negative,0,negative,negative,1,0,FinGPT-Bloom-7B1-LoRA,fpb_decontam,-8.834040641784668,0.9521390795707703,-11.959040641784668,0.04183407127857208,-13.896540641784668,0.006026769056916237
339,"Products include Consumer Electronics devices such as mobile phones and their accessories , set-top boxes , flat panel TVs as well as System Solutions products such as infrastructure systems , modules and other industrial segment products .",1,neutral,1,neutral,neutral,1,0,FinGPT-Bloom-7B1-LoRA,fpb_decontam,-11.645994186401367,0.1447712481021881,-10.020994186401367,0.7352091073989868,-11.833494186401367,0.1200195923447609
340,Sales increased due to growing market rates and increased operations .,2,positive,2,positive,positive,1,0,FinGPT-Bloom-7B1-LoRA,fpb_decontam,-11.187821388244629,0.09191732853651047,-12.125321388244629,0.03599534556269646,-8.937821388244629,0.872087299823761
341,"Finnish Talentum reports its operating profit increased to EUR 20.5 mn in 2005 from EUR 9.3 mn in 2004 , and net sales totaled EUR 103.3 mn , up from EUR 96.4 mn .",2,positive,2,positive,positive,1,0,FinGPT-Bloom-7B1-LoRA,fpb_decontam,-11.71016788482666,0.04400143772363663,-12.77266788482666,0.015206488780677319,-8.64766788482666,0.9407921433448792
342,"In the first quarter of 2008 , Sacanfil 's net sales totalled EUR 50.0 mn and its operating profit EUR 4.7 mn .",1,neutral,1,neutral,neutral,1,0,FinGPT-Bloom-7B1-LoRA,fpb_decontam,-11.53874397277832,0.1399988979101181,-9.91374397277832,0.7109730839729309,-11.47624397277832,0.14902806282043457
343,"Tallink Silja attributes the significant drop to problems with the booking system that was taken into operation in October , the sale of trailer ferry ` Sky Wind ' and the route between Stockholm and Riga , which has won passengers from the Helsinki-Stockholm route .",0,negative,2,positive,positive,0,0,FinGPT-Bloom-7B1-LoRA,fpb_decontam,-11.612382888793945,0.0865633636713028,-11.549882888793945,0.09214621782302856,-9.362382888793945,0.8212903738021851
344,No financial details were disclosed .,1,neutral,1,neutral,neutral,1,0,FinGPT-Bloom-7B1-LoRA,fpb_decontam,-12.37969970703125,0.031960342079401016,-9.00469970703125,0.934018075466156,-12.31719970703125,0.03402160853147507
345,"Finnish airline Finnair has won a deal with the UK public sector to be the official airline for flights from London Heathrow to Osaka in Japan , as well as flights between Manchester in the UK and Helsinki in Finland .",2,positive,2,positive,positive,1,0,FinGPT-Bloom-7B1-LoRA,fpb_decontam,-13.227217674255371,0.012705344706773758,-12.102217674255371,0.03913521766662598,-8.914717674255371,0.9481595158576965
346,"Meanwhile , Alfa owns 25.1 % of MegaFon through Altimo , and 4.99 % of Turkcell via an 18.5 % stake in Cukurova Holding .",1,neutral,1,neutral,neutral,1,0,FinGPT-Bloom-7B1-LoRA,fpb_decontam,-12.324310302734375,0.10258401930332184,-10.261810302734375,0.806885838508606,-12.449310302734375,0.09053008258342743
347,"Kemira , headquartered in Helsinki , Finland , is an international chemicals group comprising the business areas Kemira Pulp & Paper , Kemira Water , Kemira Specialty and Kemira Coatings .",1,neutral,1,neutral,neutral,1,0,FinGPT-Bloom-7B1-LoRA,fpb_decontam,-11.74769401550293,0.06058552861213684,-10.06019401550293,0.32752227783203125,-9.43519401550293,0.6118921637535095
348,The order is related to renewing the network of the telecommunications operator .,1,neutral,1,neutral,neutral,1,0,FinGPT-Bloom-7B1-LoRA,fpb_decontam,-11.896830558776855,0.10501769185066223,-9.896830558776855,0.775981605052948,-11.771830558776855,0.1190006360411644
349,"In addition , the contract includes modification of the effluent treatment plant at Follum .",1,neutral,1,neutral,neutral,1,0,FinGPT-Bloom-7B1-LoRA,fpb_decontam,-11.832053184509277,0.10258401930332184,-9.769553184509277,0.806885838508606,-11.957053184509277,0.09053008258342743
350,"Seven-month sales of Ragutis , which is controlled by the Finnish brewery Olvi , declined by 11.2 percent , to 15.41 million liters , and the company held 9.89 percent of the market .",0,negative,0,negative,negative,1,0,FinGPT-Bloom-7B1-LoRA,fpb_decontam,-7.885762691497803,0.915314257144928,-10.385762214660645,0.07513360679149628,-12.448262214660645,0.009552164934575558
351,Pharmaceutical market in Belgium Global Research & Data Services published recently a market analysis about the pharmaceutical markets in Belgium .,1,neutral,1,neutral,neutral,1,0,FinGPT-Bloom-7B1-LoRA,fpb_decontam,-11.496857643127441,0.15003417432308197,-10.059357643127441,0.63166743516922,-11.121857643127441,0.21829843521118164
352,"Founded in 1923 , Finnair is one of the world 's oldest airlines and flies to 60 destinations with a fleet of 63 aircraft , employing 9,500 people .",1,neutral,1,neutral,neutral,1,0,FinGPT-Bloom-7B1-LoRA,fpb_decontam,-11.320358276367188,0.19665221869945526,-10.320358276367188,0.5345560908317566,-11.007858276367188,0.26879167556762695
353,Panostaja Oyj 's Board also decided at its organisational meeting held upon completion of the AGM to implement the AGM decision concerning Board member fees paid as shares in such a way that shares are transferred on a quarterly basis on the date following publication of the quarterly-annual report .,1,neutral,1,neutral,neutral,1,0,FinGPT-Bloom-7B1-LoRA,fpb_decontam,-11.168615341186523,0.2150537669658661,-10.043615341186523,0.6624122858047485,-11.731115341186523,0.12253394722938538
354,"Operating profit totaled EUR 37,7 mn , up slightly from EUR 37.2 mn in the corresponding period in 2006 .",2,positive,2,positive,positive,1,0,FinGPT-Bloom-7B1-LoRA,fpb_decontam,-11.522135734558105,0.041696157306432724,-13.022135734558105,0.00930367037653923,-8.397135734558105,0.9490001201629639
355,Rapala Fishing Frenzy 2009 .,1,neutral,1,neutral,neutral,1,0,FinGPT-Bloom-7B1-LoRA,fpb_decontam,-12.259689331054688,0.044364530593156815,-9.259689331054688,0.8910854458808899,-11.884689331054688,0.0645500123500824
356,"In January-September 2007 , Finnlines ' net sales rose to EUR 505.4 mn from EUR 473.5 mn in the corresponding period in 2006 .",2,positive,2,positive,positive,1,0,FinGPT-Bloom-7B1-LoRA,fpb_decontam,-12.461796760559082,0.03858758509159088,-12.836796760559082,0.026520833373069763,-9.274296760559082,0.9348915219306946
357,"L+ñnnen Tehtaat 's Food Division was reorganised into two strategic business units , Apetit Frozen Foods and Jams , and Apetit Fish .",1,neutral,1,neutral,neutral,1,0,FinGPT-Bloom-7B1-LoRA,fpb_decontam,-12.447725296020508,0.08264707773923874,-10.135225296020508,0.8347058892250061,-12.447725296020508,0.08264707773923874
358,The Department Store Division reported an increase in sales of 4 per cent .,2,positive,2,positive,positive,1,0,FinGPT-Bloom-7B1-LoRA,fpb_decontam,-12.174805641174316,0.05798086151480675,-10.987305641174316,0.1901119202375412,-9.612305641174316,0.751907229423523
359,BM4 middle layer headbox will be equipped with a dilution control system .,1,neutral,1,neutral,neutral,1,0,FinGPT-Bloom-7B1-LoRA,fpb_decontam,-10.926874160766602,0.3733298182487488,-10.739374160766602,0.4503217041492462,-11.676874160766602,0.1763485074043274
360,`` The issues identified by Stonesoft affect a range of content inspection technology .,1,neutral,0,negative,negative,0,0,FinGPT-Bloom-7B1-LoRA,fpb_decontam,-8.429422378540039,0.9094430208206177,-11.429422378540039,0.04527850076556206,-11.429422378540039,0.04527850076556206
361,Raute is listed on the Nordic exchange in Helsinki .,1,neutral,1,neutral,neutral,1,0,FinGPT-Bloom-7B1-LoRA,fpb_decontam,-12.758512496948242,0.06274422258138657,-10.133512496948242,0.8661572337150574,-12.633512496948242,0.07109851390123367
362,"Finnair 's Tallinn-based subsidiary , Aero AS , carried 23,335 passengers , a decline of 60.8 % , on routes between Helsinki and the Baltic capitals and within Southern Finland .",0,negative,1,neutral,neutral,0,0,FinGPT-Bloom-7B1-LoRA,fpb_decontam,-9.358697891235352,0.6942910552024841,-10.546197891235352,0.21174679696559906,-11.358697891235352,0.09396208077669144
363,Pretax profit rose to EUR 17.8 mn from EUR 14.9 mn in 2005 .,2,positive,2,positive,positive,1,0,FinGPT-Bloom-7B1-LoRA,fpb_decontam,-13.882010459899902,0.008504536934196949,-13.882010459899902,0.008504536934196949,-9.132010459899902,0.9829908609390259
364,"The facility will have a lettable area of some 19,000 sq m. The plot for the plant , located in the Ratasmaki business park , will be purchased from the City of Forssa .",1,neutral,1,neutral,neutral,1,0,FinGPT-Bloom-7B1-LoRA,fpb_decontam,-11.470514297485352,0.1768389195203781,-10.158014297485352,0.6570362448692322,-11.533014297485352,0.16612477600574493
365,"Honkarakenne also decided yesterday to sell 88,500 of its B series shares to key staff members for EUR2 .9 per share .",1,neutral,1,neutral,neutral,1,0,FinGPT-Bloom-7B1-LoRA,fpb_decontam,-11.53911304473877,0.17584913969039917,-10.16411304473877,0.6954968571662903,-11.85161304473877,0.12865398824214935
366,Number of offers received for this contract is two .,1,neutral,1,neutral,neutral,1,0,FinGPT-Bloom-7B1-LoRA,fpb_decontam,-12.198097229003906,0.05830942839384079,-9.510597229003906,0.856850802898407,-11.823097229003906,0.08483972400426865
367,The percentages of shares and voting rights have been calculated in proportion to the total number of shares registered with the Trade Register and the total number of voting rights related to them .,1,neutral,1,neutral,neutral,1,0,FinGPT-Bloom-7B1-LoRA,fpb_decontam,-11.453855514526367,0.15939901769161224,-9.891355514526367,0.7604501843452454,-12.141355514526367,0.08015085756778717
368,Finnish-Swedish TietoEnator is expanding its business quickly in Russia .,2,positive,2,positive,positive,1,0,FinGPT-Bloom-7B1-LoRA,fpb_decontam,-12.960591316223145,0.013096130453050137,-13.273091316223145,0.009581333957612514,-8.648091316223145,0.9773225784301758
369,Major Order in India Comptel Corporation has received a significant long-term order for mediation and provisioning solutions being used by a leading operator in India .,2,positive,2,positive,positive,1,0,FinGPT-Bloom-7B1-LoRA,fpb_decontam,-11.088261604309082,0.10258401930332184,-11.213261604309082,0.09053008258342743,-9.025761604309082,0.806885838508606
370,The extracted filtrates are very high in clarity while the dried filter cakes meet required transport moisture limits (TMLs)for their ore grades .,1,neutral,1,neutral,neutral,1,0,FinGPT-Bloom-7B1-LoRA,fpb_decontam,-11.298134803771973,0.22639408707618713,-10.673134803771973,0.4229598343372345,-10.860634803771973,0.3506460189819336
371,"You need to be ready when the window opens up , Rosberg said .",1,neutral,1,neutral,neutral,1,0,FinGPT-Bloom-7B1-LoRA,fpb_decontam,-11.876911163330078,0.08912457525730133,-9.939411163330078,0.6186471581459045,-10.689411163330078,0.29222825169563293
372,"`` Over the years , the color orange has become synonymous with quality .",1,neutral,1,neutral,neutral,1,0,FinGPT-Bloom-7B1-LoRA,fpb_decontam,-11.674149513244629,0.15573650598526,-10.174149513244629,0.6979625821113586,-11.736649513244629,0.14630091190338135
373,"Tyrvaan Sanomat , published twice a week by Tyrvaan Sanomat Oy , appears in Sastamala and Kiikoinen .",1,neutral,1,neutral,neutral,1,0,FinGPT-Bloom-7B1-LoRA,fpb_decontam,-12.261462211608887,0.11162160336971283,-10.261462211608887,0.8247782588005066,-12.823962211608887,0.0636000707745552
374,"The company 's set of services include digital printing , printing preparation , offset-printing , after-treatment services and send out services .",1,neutral,1,neutral,neutral,1,0,FinGPT-Bloom-7B1-LoRA,fpb_decontam,-12.135139465332031,0.08948525041341782,-9.885139465332031,0.8490124344825745,-12.510139465332031,0.061502259224653244
375,"It is necessary to strengthen the company 's operations , however .",1,neutral,2,positive,positive,0,0,FinGPT-Bloom-7B1-LoRA,fpb_decontam,-11.190362930297852,0.09263204038143158,-11.315362930297852,0.08174749463796616,-9.002862930297852,0.8256204128265381
376,"According to CapMan Plc 's Corporate Governance , the majority of the committees ' members shall be independent of the Company .",1,neutral,1,neutral,neutral,1,0,FinGPT-Bloom-7B1-LoRA,fpb_decontam,-12.26292610168457,0.12245196104049683,-10.38792610168457,0.7984870672225952,-12.70042610168457,0.07906092703342438
377,"In 2006 , 452 million tonnes CO2 of EUA ( EU Allowance ; emissions credit in EU ) was traded with an underlying market value approx .",1,neutral,1,neutral,neutral,1,0,FinGPT-Bloom-7B1-LoRA,fpb_decontam,-11.60120677947998,0.19009838998317719,-10.53870677947998,0.5500679016113281,-11.28870677947998,0.2598336935043335
378,"At the same time profit of the company increased by 10 % in H1 and reached Ls 79,000 .",2,positive,2,positive,positive,1,0,FinGPT-Bloom-7B1-LoRA,fpb_decontam,-12.712876319885254,0.026749154552817345,-12.587876319885254,0.03031076304614544,-9.150376319885254,0.9429401755332947
379,Operating profit rose to EUR 27.8 mn from EUR 17.5 mn in 2008 .,2,positive,2,positive,positive,1,0,FinGPT-Bloom-7B1-LoRA,fpb_decontam,-13.44723892211914,0.01666613109409809,-13.57223892211914,0.014707810245454311,-9.38473892211914,0.968626081943512
380,"Finnish financial software solutions developer BasWare Oyj said its net profit fell to 884,000 euro ( $ 1.2 mln ) for the first quarter of 2007 from 2.0 mln euro ( $ 2.7 mln ) a year earlier .",0,negative,0,negative,negative,1,0,FinGPT-Bloom-7B1-LoRA,fpb_decontam,-8.02768325805664,0.966343879699707,-11.52768325805664,0.02918105758726597,-13.40268325805664,0.004475060384720564
381,The arrangements do not apply to the group 's units outside Finland .,1,neutral,1,neutral,neutral,1,0,FinGPT-Bloom-7B1-LoRA,fpb_decontam,-12.136609077453613,0.05525587126612663,-9.386609077453613,0.8643472790718079,-11.761609077453613,0.08039681613445282
382,Net investment income,1,neutral,1,neutral,neutral,1,0,FinGPT-Bloom-7B1-LoRA,fpb_decontam,-10.8948335647583,0.12689447402954102,-9.3948335647583,0.5687015056610107,-10.0198335647583,0.30440402030944824
383,"The equipment Ixonos acquires with this deal includes mechanical engineering hardware ; an RF and antenna measurement laboratory ; facilities for the measurement of audio , cameras and displays ; as well as devices and robot units for the testing of mobile devices .",1,neutral,1,neutral,neutral,1,0,FinGPT-Bloom-7B1-LoRA,fpb_decontam,-12.583642959594727,0.0764036476612091,-10.271142959594727,0.7716495394706726,-11.896142959594727,0.1519467830657959
384,"For 24-hour news , try ICIS news www.icis.com Click `` trial '' , then ICIS news",1,neutral,1,neutral,neutral,1,0,FinGPT-Bloom-7B1-LoRA,fpb_decontam,-11.770298957824707,0.06077810004353523,-9.145298957824707,0.839015781879425,-11.270298957824707,0.10020614415407181
385,"Last July , the group said it intended to relocate warehouse and office space in Loudeac and Saint Marcel to Morvillars , in the east of France , where it already operates a hook manufacturing and distribution unit .",1,neutral,1,neutral,neutral,1,0,FinGPT-Bloom-7B1-LoRA,fpb_decontam,-12.139512062072754,0.11976266652345657,-10.264512062072754,0.780950665473938,-12.327012062072754,0.09928672760725021
386,"The total delivery volume of paper businesses in 2010 was 1,155,000 tonnes , up from 1,132,000 tonnes in 2009 .",2,positive,1,neutral,neutral,0,0,FinGPT-Bloom-7B1-LoRA,fpb_decontam,-11.59093952178955,0.1033129096031189,-10.65343952178955,0.26381874084472656,-9.77843952178955,0.6328682899475098
387,"CapMan 's first real estate fund , which had a total investment capacity of ( EURO ) 500 million and closed in June 2005 , invested in commercial properties in the Helsinki metropolitan area .",1,neutral,1,neutral,neutral,1,0,FinGPT-Bloom-7B1-LoRA,fpb_decontam,-12.51710033416748,0.0837329626083374,-10.26710033416748,0.7944362163543701,-12.14210033416748,0.12183074653148651
388,"Theodosopoulos said Tellabs could be of value to Nokia Siemens or Nortel given its `` leading supply status '' with Verizon , along with high-growth products .",2,positive,2,positive,positive,1,0,FinGPT-Bloom-7B1-LoRA,fpb_decontam,-10.024273872375488,0.18703186511993408,-10.961773872375488,0.07324273139238358,-8.649273872375488,0.7397254109382629
389,"The order comprises four ball mills , which will be organized in two different streams for treating ore in the Pilanesberg platinum mine .",1,neutral,1,neutral,neutral,1,0,FinGPT-Bloom-7B1-LoRA,fpb_decontam,-11.131142616271973,0.16870246827602386,-9.943642616271973,0.5531541705131531,-10.631142616271973,0.27814337611198425
390,"In the second quarter of 2010 , the company 's net profit was EUR1 .7 m compared to a net loss of EUR1 .3 m in April-June 2009 .",2,positive,2,positive,positive,1,0,FinGPT-Bloom-7B1-LoRA,fpb_decontam,-10.306629180908203,0.22594745457172394,-11.369129180908203,0.07808534801006317,-9.181629180908203,0.6959671974182129
391,Exports grew 16.5 percent to 19.1 million liters .,2,positive,2,positive,positive,1,0,FinGPT-Bloom-7B1-LoRA,fpb_decontam,-11.386357307434082,0.05526764690876007,-10.511357307434082,0.13258019089698792,-8.698857307434082,0.8121521472930908
392,"The refining margin for the year was $ 13.39 - bbl , compared to $ 10.46 - bbl in the prior year .",2,positive,1,neutral,neutral,0,0,FinGPT-Bloom-7B1-LoRA,fpb_decontam,-10.56712532043457,0.25718820095062256,-10.44212532043457,0.2914324402809143,-10.00462532043457,0.4513793885707855
393,Operating result including non-recurring items rose to EUR 146mn from a loss of EUR 267mn in 2009 .,2,positive,0,negative,negative,0,0,FinGPT-Bloom-7B1-LoRA,fpb_decontam,-7.87277889251709,0.7990424633026123,-11.43527889251709,0.022667089477181435,-9.37277889251709,0.1782904714345932
394,"Ruukki 's delivery includes steel structures , including installation , for Krakeroy bascule bridge and steel piles for the bridge foundations .",1,neutral,1,neutral,neutral,1,0,FinGPT-Bloom-7B1-LoRA,fpb_decontam,-11.350815773010254,0.18561096489429474,-10.475815773010254,0.4452575743198395,-10.663315773010254,0.36913150548934937
395,"Poyry is a global consulting and engineering firm focusing on the energy , forest industry and infrastructure & environment sectors .",1,neutral,1,neutral,neutral,1,0,FinGPT-Bloom-7B1-LoRA,fpb_decontam,-12.032977104187012,0.11458627134561539,-10.157977104187012,0.7471963167190552,-11.845477104187012,0.13821741938591003
396,"However , the company saw its net profit for the third quarter down to EUR 1.4 million from EUR 1.5 million for the corresponding period of 2009 .",0,negative,0,negative,negative,1,0,FinGPT-Bloom-7B1-LoRA,fpb_decontam,-8.651726722717285,0.9645286798477173,-12.089226722717285,0.03100472502410412,-14.026726722717285,0.004466654267162085
397,The value of the order is about EUR 30mn .,1,neutral,1,neutral,neutral,1,0,FinGPT-Bloom-7B1-LoRA,fpb_decontam,-12.383888244628906,0.04997638985514641,-9.508888244628906,0.8858526349067688,-12.133888244628906,0.0641709491610527
398,- Net sales for the period are expected to fall well below that of last year and the result after non-recurring items is expected to be in the red .,0,negative,0,negative,negative,1,0,FinGPT-Bloom-7B1-LoRA,fpb_decontam,-8.808424949645996,0.9639554023742676,-12.245924949645996,0.030986297875642776,-14.058424949645996,0.005058373790234327
399,"The company 's transportation business is conducted through Florida Rock & Tank Lines , which is a Southeastern transportation company concentrating in the hauling by motor carrier of liquid and dry bulk commodities .",1,neutral,1,neutral,neutral,1,0,FinGPT-Bloom-7B1-LoRA,fpb_decontam,-11.850837707519531,0.14010368287563324,-10.288337707519531,0.6683973073959351,-11.538337707519531,0.1914990395307541
400,Ponsse projects the forest machine markets to improve more than expected in 2010 from the previous year .,2,positive,2,positive,positive,1,0,FinGPT-Bloom-7B1-LoRA,fpb_decontam,-12.568636894226074,0.01591472700238228,-11.256136894226074,0.059130385518074036,-8.506136894226074,0.9249548316001892
401,"Profitability ( EBIT % ) was 13.9 % , compared to 13.1 % in the previous-year period .",2,positive,2,positive,positive,1,0,FinGPT-Bloom-7B1-LoRA,fpb_decontam,-8.787878036499023,0.5175566077232361,-10.662878036499023,0.07936988025903702,-9.037878036499023,0.4030735194683075
402,The financial details of the acquisition were not disclosed .,1,neutral,1,neutral,neutral,1,0,FinGPT-Bloom-7B1-LoRA,fpb_decontam,-12.444180488586426,0.053954917937517166,-9.631680488586426,0.8984300494194031,-12.569180488586426,0.04761504754424095
403,"Established in 1987 , the SRV Group is a private Finnish construction concern with operations in Finland , the Baltic countries and Russia .",1,neutral,1,neutral,neutral,1,0,FinGPT-Bloom-7B1-LoRA,fpb_decontam,-12.453265190124512,0.11332892626523972,-10.515765190124512,0.7866585850715637,-12.578265190124512,0.1000124141573906
404,"The cost of the deal could range from 70 million to 90 million euros depending on the financial results of the two companies in 2008 , the statement says .",1,neutral,1,neutral,neutral,1,0,FinGPT-Bloom-7B1-LoRA,fpb_decontam,-10.579768180847168,0.34160494804382324,-10.204768180847168,0.4970322549343109,-11.329768180847168,0.16136273741722107
405,"These include software development for internet and mobile telephone content , communications , value-added software , financial services , security applications , systems integration and electronics .",1,neutral,1,neutral,neutral,1,0,FinGPT-Bloom-7B1-LoRA,fpb_decontam,-12.010967254638672,0.08913170546293259,-9.760967254638672,0.8456581234931946,-12.323467254638672,0.06521015614271164
406,"Since the registration of the shares subscribed in a directed share issue , the new number of Panostaja shares and voting rights is 41,733,110 .",1,neutral,1,neutral,neutral,1,0,FinGPT-Bloom-7B1-LoRA,fpb_decontam,-11.163735389709473,0.22472429275512695,-10.163735389709473,0.6108639240264893,-11.476235389709473,0.16441179811954498
407,"Erkki Jarvinen , President of Rautakirja and the head of the Sanoma Trade division , will leave his current tasks in spring 2009 for a similar position outside the Sanoma Group .",1,neutral,1,neutral,neutral,1,0,FinGPT-Bloom-7B1-LoRA,fpb_decontam,-10.77784252166748,0.2467166930437088,-10.09034252166748,0.49065473675727844,-10.71534252166748,0.26262855529785156
408,The operating margin came down to 2.4 % from 5.7 % .,0,negative,0,negative,negative,1,0,FinGPT-Bloom-7B1-LoRA,fpb_decontam,-8.266993522644043,0.9423801302909851,-11.391993522644043,0.041405294090509415,-12.329493522644043,0.01621454581618309
409,"Suominen Corporation estimates that the cost-cutting program that started in autumn 2005 , higher sales prices , and expected growth in volume of Wet Wipes , will make the company 's operations more profitable .",2,positive,2,positive,positive,1,0,FinGPT-Bloom-7B1-LoRA,fpb_decontam,-9.070562362670898,0.3639361560344696,-11.383062362670898,0.03603455796837807,-8.570562362670898,0.6000292897224426
410,"Cohen & Steers , Inc. : 5 534 626 shares representing 4.985 % of the share capital and voting rights .",1,neutral,1,neutral,neutral,1,0,FinGPT-Bloom-7B1-LoRA,fpb_decontam,-12.568886756896973,0.06032312661409378,-9.881386756896973,0.8864418864250183,-12.693886756896973,0.053234972059726715
411,"Operating profit margin was 8.3 % , compared to 11.8 % a year earlier .",0,negative,2,positive,positive,0,0,FinGPT-Bloom-7B1-LoRA,fpb_decontam,-11.851442337036133,0.04357161000370979,-12.413942337036133,0.024826353415846825,-8.788942337036133,0.9316020607948303
412,"The major breweries increased their domestic beer sales by 4.5 per cent last year , to 256.88 million litres from 245.92 million litres in 2004 .",2,positive,2,positive,positive,1,0,FinGPT-Bloom-7B1-LoRA,fpb_decontam,-12.653166770935059,0.025410538539290428,-12.840666770935059,0.021066075190901756,-9.028166770935059,0.9535233974456787
413,"The total scope of the project is about 38,000 square metres and it is valued at a total of around EUR75m .",1,neutral,1,neutral,neutral,1,0,FinGPT-Bloom-7B1-LoRA,fpb_decontam,-12.385015487670898,0.07915456593036652,-10.010015487670898,0.8509917855262756,-12.510015487670898,0.06985365599393845
414,"Both operating profit and net sales for the six-month period increased , respectively from EUR0 .4 m and EUR3 .2 m , as compared to the corresponding period in 2005 .",2,positive,2,positive,positive,1,0,FinGPT-Bloom-7B1-LoRA,fpb_decontam,-12.165619850158691,0.040830474346876144,-12.478119850158691,0.029872214421629906,-9.040619850158691,0.9292973279953003
415,Return on equity stood at 18.3 % compared to 15.4 % in the third quarter of 2005 .,2,positive,2,positive,positive,1,0,FinGPT-Bloom-7B1-LoRA,fpb_decontam,-11.179415702819824,0.12209659069776535,-11.116915702819824,0.12997113168239594,-9.366915702819824,0.7479322552680969
416,"London 's leading shares today jumped almost 100 points , or 1.7 % , as the market opened .",2,positive,2,positive,positive,1,0,FinGPT-Bloom-7B1-LoRA,fpb_decontam,-11.830951690673828,0.052082452923059464,-11.393451690673828,0.08066687732934952,-9.018451690673828,0.8672506809234619
417,"The airline estimated that the cancellation of its flights due to the closure of European airspace , and the process of recommencing traffic , have caused a the company a loss of EUR20m , including the costs of stranded passengers ' accommodation .",0,negative,0,negative,negative,1,0,FinGPT-Bloom-7B1-LoRA,fpb_decontam,-7.796006202697754,0.9190792441368103,-10.983506202697754,0.037934932857751846,-10.858506202697754,0.042985908687114716
418,"Okmetic closed its plant in Espoo in early 2004 , and all production lines from the site were moved to Okmetic 's plants in Vantaa , Finland and Texas , USA .",1,neutral,1,neutral,neutral,1,0,FinGPT-Bloom-7B1-LoRA,fpb_decontam,-11.798934936523438,0.16230322420597076,-10.423934936523438,0.6419216990470886,-11.611434936523438,0.19577504694461823
419,"Making matters more difficult , the company said it has been grappling with higher oil and gas prices , which have pushed up the cost of energy , raw materials and transportation .",0,negative,2,positive,positive,0,0,FinGPT-Bloom-7B1-LoRA,fpb_decontam,-11.718453407287598,0.07904031872749329,-10.530953407287598,0.2591632306575775,-9.593453407287598,0.661796510219574
420,Return on investment was 16.6 % compared to 15.8 % in 2004 .,2,positive,1,neutral,neutral,0,0,FinGPT-Bloom-7B1-LoRA,fpb_decontam,-10.616572380065918,0.3045043647289276,-10.366572380065918,0.39099133014678955,-10.616572380065918,0.3045043647289276
421,"BAVARIA Industriekapital AG 's 2006 revenues were EUR 333 million , with an EBITDA of EUR 51 million .",1,neutral,1,neutral,neutral,1,0,FinGPT-Bloom-7B1-LoRA,fpb_decontam,-11.525453567504883,0.17137134075164795,-10.525453567504883,0.4658355414867401,-10.775453567504883,0.36279308795928955
422,The value of the deal has not been disclosed .,1,neutral,1,neutral,neutral,1,0,FinGPT-Bloom-7B1-LoRA,fpb_decontam,-12.07105827331543,0.0668083131313324,-9.50855827331543,0.8663833737373352,-12.07105827331543,0.0668083131313324
423,"The facility will be used to refinance Citycon 's existing credit facility , the company said .",1,neutral,1,neutral,neutral,1,0,FinGPT-Bloom-7B1-LoRA,fpb_decontam,-11.23691177368164,0.1539839655160904,-9.79941177368164,0.6482967138290405,-10.98691177368164,0.19771932065486908
424,"In addition to the Tulikivi Corporation , he is also currently a member of the Board of the following companies : Altia Corporation , J+ñrvi-Suomen Portti Osuuskunta , Osuuskunta KPY , Profile Vehicles Oy and Voimatel Oy .",1,neutral,1,neutral,neutral,1,0,FinGPT-Bloom-7B1-LoRA,fpb_decontam,-12.635714530944824,0.061837516725063324,-10.010714530944824,0.8536405563354492,-12.323214530944824,0.08452185988426208
425,"The earnings per share for the quarter came in at 0.25 eur , up from the 0.20 eur of the same quarter a year earlier .",2,positive,2,positive,positive,1,0,FinGPT-Bloom-7B1-LoRA,fpb_decontam,-13.022549629211426,0.015624766238033772,-12.897549629211426,0.017705179750919342,-8.897549629211426,0.966670036315918
426,"Markets had been expecting a poor performance , and the company 's stock was up 6 percent at  x20ac 23.89 US$ 33.84 in early afternoon trading in Helsinki .",2,positive,2,positive,positive,1,0,FinGPT-Bloom-7B1-LoRA,fpb_decontam,-11.692200660705566,0.07623199373483658,-11.379700660705566,0.10419677942991257,-9.317200660705566,0.8195711970329285
427,The acquisition will have an immediate positive impact on Aspocomp 's financial result .,2,positive,1,neutral,neutral,0,0,FinGPT-Bloom-7B1-LoRA,fpb_decontam,-12.576156616210938,0.05091588944196701,-9.763656616210938,0.8478257060050964,-11.888656616210938,0.10125834494829178
428,"The period 's sales dropped to EUR 30.6 million from EUR 38.3 million , according to the interim report , released today .",0,negative,0,negative,negative,1,0,FinGPT-Bloom-7B1-LoRA,fpb_decontam,-8.22369384765625,0.9231943488121033,-11.28619384765625,0.04317837581038475,-11.53619384765625,0.03362734988331795
429,Related links : Flexiblebaseloadoperation TheWartsila32generating set Gasconversions This is the shorter of two versions of this press release .,1,neutral,1,neutral,neutral,1,0,FinGPT-Bloom-7B1-LoRA,fpb_decontam,-10.72022819519043,0.2966410517692566,-10.09522819519043,0.5541984438896179,-11.40772819519043,0.1491604894399643
430,The closing of such transaction took place today .,1,neutral,1,neutral,neutral,1,0,FinGPT-Bloom-7B1-LoRA,fpb_decontam,-12.008580207824707,0.06301566958427429,-9.383580207824707,0.8699044585227966,-11.946080207824707,0.06707983464002609
431,Last year 's net sales rose to EUR 68.3 million from EUR 62.2 million .,2,positive,2,positive,positive,1,0,FinGPT-Bloom-7B1-LoRA,fpb_decontam,-13.273696899414062,0.019711608067154884,-12.836196899414062,0.030529938638210297,-9.398696899414062,0.9497584700584412
432,Unit costs for flight operations fell by 6.4 percent .,2,positive,0,negative,negative,0,0,FinGPT-Bloom-7B1-LoRA,fpb_decontam,-8.888689041137695,0.9895285964012146,-13.638689041137695,0.008561099879443645,-15.138689041137695,0.0019102395744994283
433,"In a release on Oct. 28 , Peab said the two businesses will continue to be conducted under the brands Cliffton and Stockholm Entreprenad , both part of the Peab Group .",1,neutral,1,neutral,neutral,1,0,FinGPT-Bloom-7B1-LoRA,fpb_decontam,-10.886456489562988,0.2866772711277008,-10.448956489562988,0.44401440024375916,-10.948956489562988,0.2693083584308624
434,HELSINKI AFX - Outokumpu said its technology unit has won a 28 mln eur contract from Bosnia-Herzegovina 's Aluminij dd Mostar to upgrade an anode plant .,2,positive,2,positive,positive,1,0,FinGPT-Bloom-7B1-LoRA,fpb_decontam,-13.197278022766113,0.014964932575821877,-11.822278022766113,0.05918745696544647,-9.072278022766113,0.925847589969635
435,The trade is in accordance with the agreement announced on 26 March 2008 .,1,neutral,1,neutral,neutral,1,0,FinGPT-Bloom-7B1-LoRA,fpb_decontam,-12.01363468170166,0.09750965982675552,-9.88863468170166,0.8164383769035339,-12.13863468170166,0.08605197072029114
436,"Honkarakenne also decided yesterday to sell 88,500 of its B-series shares to key staff members for EUR 2.90 per share .",1,neutral,1,neutral,neutral,1,0,FinGPT-Bloom-7B1-LoRA,fpb_decontam,-11.118879318237305,0.21620632708072662,-10.056379318237305,0.6256137490272522,-11.431379318237305,0.15817992389202118
437,"CapMan Plc Press Release 31 March 2008 Jukka Ruuska , President of the OMX Nordic Exchanges and the Stockholm Stock Exchange , will transfer to CapMan effective no later than September 2008 .",1,neutral,1,neutral,neutral,1,0,FinGPT-Bloom-7B1-LoRA,fpb_decontam,-11.72319507598877,0.19374696910381317,-10.53569507598877,0.6352719068527222,-11.84819507598877,0.17098112404346466
438,"JP Morgan expects that Scala will lower Nobel Biocare 's growth forecast for 2007 from the current guidance of 23-25 pct , as well as the operating margin target from the current 34-35 pct .",0,negative,0,negative,negative,1,0,FinGPT-Bloom-7B1-LoRA,fpb_decontam,-8.169801712036133,0.9695894718170166,-11.857301712036133,0.02427319996058941,-13.232301712036133,0.0061372253112494946
439,A meeting of Glisten shareholders to vote on the bid will be held on 12 March .,1,neutral,1,neutral,neutral,1,0,FinGPT-Bloom-7B1-LoRA,fpb_decontam,-12.081243515014648,0.12726923823356628,-10.268743515014648,0.7796186208724976,-12.393743515014648,0.09311216324567795
440,"Its product portfolio comprises harvesters , forwarders , harvester heads , as well as cranes and loaders .",1,neutral,1,neutral,neutral,1,0,FinGPT-Bloom-7B1-LoRA,fpb_decontam,-11.768799781799316,0.10964105278253555,-9.768799781799316,0.8101438879966736,-12.081299781799316,0.08021511137485504
441,Glaston 's net profit for the third quarter of 2007 dropped to 2.4 mln euro ( $ 3.5 mln ) from 3.5 mln euro ( $ 5.1 mln ) for the corresponding period of 2006 .,0,negative,0,negative,negative,1,0,FinGPT-Bloom-7B1-LoRA,fpb_decontam,-8.057385444641113,0.9317018389701843,-11.057385444641113,0.04638670012354851,-11.807385444641113,0.02191152609884739
442,"Operating profit totalled EUR 30.2 mn , down from EUR 43.8 mn a year earlier .",0,negative,0,negative,negative,1,0,FinGPT-Bloom-7B1-LoRA,fpb_decontam,-8.503240585327148,0.9947403073310852,-14.378240585327148,0.0027940208092331886,-14.503240585327148,0.0024657147005200386
443,"Cash flow from operations totalled EUR 2.71 mn , compared to a negative EUR 0.83 mn in the corresponding period in 2008 .",2,positive,2,positive,positive,1,0,FinGPT-Bloom-7B1-LoRA,fpb_decontam,-10.2035493850708,0.1907821148633957,-11.4535493850708,0.05465999245643616,-8.8285493850708,0.7545579075813293
444,"The segments through which the company operates are Frozen Food business , Seafoods , Vegetable Oil business , Grain Trading and Other business operations .",1,neutral,1,neutral,neutral,1,0,FinGPT-Bloom-7B1-LoRA,fpb_decontam,-12.266263008117676,0.08308016508817673,-10.016263008117676,0.7882426977157593,-11.828763008117676,0.12867708504199982
445,"Neste Oil will publish its third quarter 2008 results on Friday , 24 October 2008 at approximately 9 am ( EET ) .",1,neutral,1,neutral,neutral,1,0,FinGPT-Bloom-7B1-LoRA,fpb_decontam,-11.770299911499023,0.08239636570215225,-9.520299911499023,0.7817550301551819,-11.270299911499023,0.13584864139556885
446,"The building will house , for example , Respecta Oy 's Jyvaskyla premises , as well as other companies to be announced later , says Samuel Koivisto , Director of Technopolis operations in Jyvaskyla .",1,neutral,1,neutral,neutral,1,0,FinGPT-Bloom-7B1-LoRA,fpb_decontam,-11.222466468811035,0.18477380275726318,-10.034966468811035,0.6058500409126282,-11.097466468811035,0.20937617123126984
447,"The firm 's UK head office is in Rugby Road , Lutterworth .",1,neutral,1,neutral,neutral,1,0,FinGPT-Bloom-7B1-LoRA,fpb_decontam,-11.58371353149414,0.16261300444602966,-10.14621353149414,0.6846262812614441,-11.64621353149414,0.15276077389717102
448,"However , the proportion of the paid standing orders grew in 2009 .",2,positive,2,positive,positive,1,0,FinGPT-Bloom-7B1-LoRA,fpb_decontam,-12.107173919677734,0.04819018766283989,-12.232173919677734,0.0425276942551136,-9.169673919677734,0.9092821478843689
449,"The company 's net profit rose 11.4 % on the year to 82.2 million euros in 2005 on sales of 686.5 million euros , 13.8 % up on the year , the company said earlier .",2,positive,2,positive,positive,1,0,FinGPT-Bloom-7B1-LoRA,fpb_decontam,-11.366460800170898,0.09680762141942978,-12.241460800170898,0.04035542532801628,-9.178960800170898,0.8628369569778442
450,Construction is scheduled to start in April-June 2007 and to be completed in early 2008 .,1,neutral,1,neutral,neutral,1,0,FinGPT-Bloom-7B1-LoRA,fpb_decontam,-12.88145637512207,0.04005427286028862,-9.75645637512207,0.9116309881210327,-12.69395637512207,0.04831467568874359
451,"Finland 's Technopolis is planning to bring the first section of a technopark on stream in St. Petersburg at the end of 2008 , Kari Mikkonen , vice president of Technopolis , told reporters in Helsinki .",1,neutral,1,neutral,neutral,1,0,FinGPT-Bloom-7B1-LoRA,fpb_decontam,-12.64363956451416,0.1243993267416954,-10.89363956451416,0.7158687710762024,-12.39363956451416,0.1597319096326828
452,"- The Group -¦ s profit before taxes was EUR 0,2 7,8 million .",1,neutral,1,neutral,neutral,1,0,FinGPT-Bloom-7B1-LoRA,fpb_decontam,-11.717689514160156,0.12867708504199982,-9.905189514160156,0.7882426977157593,-12.155189514160156,0.08308016508817673
453,"Both operating profit and turnover for the six-month period increased , respectively , from EUR17 .6 m and EUR1149 .9 m , as compared to the corresponding period in 2007 .",2,positive,2,positive,positive,1,0,FinGPT-Bloom-7B1-LoRA,fpb_decontam,-12.118075370788574,0.03821578994393349,-12.180575370788574,0.035900410264730453,-8.930575370788574,0.9258837699890137
454,"Currently it operates a fleet of eight carriers , as well as nine pushers and barges .",1,neutral,1,neutral,neutral,1,0,FinGPT-Bloom-7B1-LoRA,fpb_decontam,-10.647181510925293,0.44881537556648254,-10.772181510925293,0.3960781693458557,-11.709681510925293,0.15510645508766174
455,"Dealers said the share was largely hit by investor disappointment about a refining margin of just 9.48 usd per barrel for the quarter and the performance of its shipping unit , which saw EBIT drop to 5 mln eur from 20 mln eur a year amid a fall in volumes and tanker rates .",0,negative,0,negative,negative,1,0,FinGPT-Bloom-7B1-LoRA,fpb_decontam,-7.918209075927734,0.9500883221626282,-11.293209075927734,0.03251023218035698,-11.918209075927734,0.017401475459337234
456,Stora Enso will receive a 19.9 pct equity interest in the combined company .,1,neutral,1,neutral,neutral,1,0,FinGPT-Bloom-7B1-LoRA,fpb_decontam,-11.535514831542969,0.13839443027973175,-9.973014831542969,0.6602429151535034,-11.160514831542969,0.2013626992702484
457,"Ragutis , which is controlled by the Finnish brewery , reported a 5.4-per-cent rise in beer sales to 10.44 million litres and held an 11.09-per-cent market share .",2,positive,1,neutral,neutral,0,0,FinGPT-Bloom-7B1-LoRA,fpb_decontam,-11.181760787963867,0.15955041348934174,-9.994260787963867,0.5231456756591797,-10.494260787963867,0.3173038959503174
458,The energy shot is packed in a 100-millilitre bag with a screw cap .,1,neutral,1,neutral,neutral,1,0,FinGPT-Bloom-7B1-LoRA,fpb_decontam,-12.076473236083984,0.09214623272418976,-9.888973236083984,0.8212904334068298,-12.138973236083984,0.08656337112188339
459,"` Nordea 's definitely too big for Sampo to acquire , ' said an analyst ` But Sampo would appear to have an agenda for Nordea ahead of the privatisation .",1,neutral,1,neutral,neutral,1,0,FinGPT-Bloom-7B1-LoRA,fpb_decontam,-10.690216064453125,0.21563532948493958,-10.002716064453125,0.42884206771850586,-10.190216064453125,0.3555225729942322
460,"Thus the group 's balance sheet will have about EUR25 .8 m in goodwill for 2010 , the company added .",1,neutral,2,positive,positive,0,0,FinGPT-Bloom-7B1-LoRA,fpb_decontam,-11.912450790405273,0.07040673494338989,-10.599950790405273,0.2615927457809448,-9.662450790405273,0.6680005192756653
461,The report contains category level company and brand share as well as distribution share information for 2007 and 2008 .,1,neutral,1,neutral,neutral,1,0,FinGPT-Bloom-7B1-LoRA,fpb_decontam,-12.818886756896973,0.04791884496808052,-9.881386756896973,0.9041622877120972,-12.818886756896973,0.04791884496808052
462,"The latest result included per-share charges of 5 cents for stock compensation , 1 cent for research and development and 1 cent for strategic investments .",1,neutral,1,neutral,neutral,1,0,FinGPT-Bloom-7B1-LoRA,fpb_decontam,-11.831036567687988,0.12571071088314056,-10.018536567687988,0.7700714468955994,-12.018536567687988,0.10421784222126007
463,`` Serving customers locally is one of the cornerstones of customer focus for us .,1,neutral,1,neutral,neutral,1,0,FinGPT-Bloom-7B1-LoRA,fpb_decontam,-11.347983360290527,0.17764995992183685,-10.222983360290527,0.5472003817558289,-10.910483360290527,0.2751496434211731
464,The value of the order is nearly EUR400m .,1,neutral,1,neutral,neutral,1,0,FinGPT-Bloom-7B1-LoRA,fpb_decontam,-12.016386985778809,0.09383571892976761,-9.891386985778809,0.7856768369674683,-11.766386985778809,0.12048745155334473
465,Danske Bank is Denmark 's largest bank with 3.5 million customers .,1,neutral,1,neutral,neutral,1,0,FinGPT-Bloom-7B1-LoRA,fpb_decontam,-12.845504760742188,0.06314548850059509,-10.283004760742188,0.8188831806182861,-12.220504760742188,0.11797130852937698
466,"Operating profit was EUR 11.4 mn , up from EUR 7.5 mn .",2,positive,2,positive,positive,1,0,FinGPT-Bloom-7B1-LoRA,fpb_decontam,-13.38463306427002,0.006648354697972536,-13.38463306427002,0.006648354697972536,-8.38463306427002,0.9867032766342163
467,`` They want my credit card info and my personal details .,1,neutral,1,neutral,neutral,1,0,FinGPT-Bloom-7B1-LoRA,fpb_decontam,-11.823959350585938,0.09470996260643005,-9.636459350585938,0.8441407084465027,-12.261459350585938,0.06114935129880905
468,"Jarmo Honkamaa , head of the oil refining business at Neste Oil , says the situation looks promising from their viewpoint .",2,positive,1,neutral,neutral,0,0,FinGPT-Bloom-7B1-LoRA,fpb_decontam,-11.47317886352539,0.14902839064598083,-10.09817886352539,0.5894187092781067,-10.91067886352539,0.26155295968055725
469,"in Q1 '10 19 April 2010 - Finnish forest machinery and equipment maker Ponsse Oyj HEL : PON1V said today that it expects to swing to a net profit of some EUR6 .3 m in the first quarter of 2010 , from an EUR9 .6 m loss a year earlier .",2,positive,2,positive,positive,1,0,FinGPT-Bloom-7B1-LoRA,fpb_decontam,-10.28946590423584,0.1687639355659485,-11.10196590423584,0.07488854229450226,-8.78946590423584,0.7563474774360657
470,Biohit already services many current Genesis customers and the customer base is expected to expand as a result of this agreement .,2,positive,2,positive,positive,1,0,FinGPT-Bloom-7B1-LoRA,fpb_decontam,-11.446463584899902,0.07342543452978134,-10.821463584899902,0.1371767669916153,-9.071463584899902,0.7893978357315063
471,"efficiency improvement measures 20 January 2010 - Finnish stationery and gift retailer Tiimari HEL : TII1V said today that it will continue to improve its operational efficiency , by focusing on its profitable core operations .",2,positive,2,positive,positive,1,0,FinGPT-Bloom-7B1-LoRA,fpb_decontam,-12.55553150177002,0.028978820890188217,-11.68053150177002,0.06951657682657242,-9.11803150177002,0.901504635810852
472,Coffee will be served starting at 14:30 EET as well as after the event .,1,neutral,1,neutral,neutral,1,0,FinGPT-Bloom-7B1-LoRA,fpb_decontam,-11.765494346618652,0.08751088380813599,-9.515494346618652,0.8302801847457886,-11.827994346618652,0.08220887184143066
473,Vacon recently announced plans to build its North American headquarters at 5 Business Park in Chambersburg .,1,neutral,1,neutral,neutral,1,0,FinGPT-Bloom-7B1-LoRA,fpb_decontam,-12.407136917114258,0.04544566944241524,-9.532136917114258,0.8055437803268433,-11.219636917114258,0.14901061356067657
474,"Veidekke , headquartered in Oslo , Norway , is a Scandinavian construction and property development group with some 6,350 employees in Norway , Sweden and Denmark , with an annual turnover of NOK16 .4 bn .",1,neutral,1,neutral,neutral,1,0,FinGPT-Bloom-7B1-LoRA,fpb_decontam,-11.488978385925293,0.23813843727111816,-10.551478385925293,0.60810786485672,-11.926478385925293,0.15375374257564545
475,"Copper , lead and nickel also dropped ... HBOS ( HBOS ) plummeted 20 % to 70.3 pence after saying this year+ó ??",0,negative,0,negative,negative,1,0,FinGPT-Bloom-7B1-LoRA,fpb_decontam,-9.256364822387695,0.9860435724258423,-13.881364822387695,0.009666831232607365,-14.693864822387695,0.004289630334824324
476,Welcome !,1,neutral,1,neutral,neutral,1,0,FinGPT-Bloom-7B1-LoRA,fpb_decontam,-10.764877319335938,0.12117636948823929,-8.889877319335938,0.7901691794395447,-11.077377319335938,0.0886545181274414
477,"Due to rapid expansion , the market share of Tallink in terms of passenger carriage through Tallinna Sadam Port of Tallinn totaled 55 percent in November against 45.7 percent in November 2005 .",2,positive,1,neutral,neutral,0,0,FinGPT-Bloom-7B1-LoRA,fpb_decontam,-10.624227523803711,0.2693083584308624,-10.124227523803711,0.44401440024375916,-10.561727523803711,0.2866772711277008
478,25 November 2010 - Finnish paints and coatings company Tikkurila Oyj ( HEL : TIK1V ) said today that Finnish state-owned investment company Solidium Oy sold its 14.7 % stake in the company for a total of EUR98m .,1,neutral,1,neutral,neutral,1,0,FinGPT-Bloom-7B1-LoRA,fpb_decontam,-12.028316497802734,0.13186293840408325,-10.278316497802734,0.7588188648223877,-12.215816497802734,0.10931822657585144
479,"Operating profit totalled EUR 21.1 mn , up from EUR 18.6 mn in 2007 , representing 9.7 % of net sales .",2,positive,2,positive,positive,1,0,FinGPT-Bloom-7B1-LoRA,fpb_decontam,-13.830230712890625,0.007008946500718594,-13.017730712890625,0.0157949049025774,-8.892730712890625,0.977196216583252
480,There have not been previous share subscriptions with 2004 stock options .,1,neutral,1,neutral,neutral,1,0,FinGPT-Bloom-7B1-LoRA,fpb_decontam,-12.443649291992188,0.047449931502342224,-9.506149291992188,0.8953145146369934,-12.256149291992188,0.057235538959503174
481,Clothing chain Sepp+ñl+ñ 's net sales increased by 7.0 % to EUR 30.8 mn .,2,positive,2,positive,positive,1,0,FinGPT-Bloom-7B1-LoRA,fpb_decontam,-13.024039268493652,0.017554642632603645,-12.711539268493652,0.02399435080587864,-9.024039268493652,0.9584509134292603
482,"YIT 's Baltic sales in the first three quarters of 2008 totaled 106.2 million euros , representing a drop of 29 percent year on year .",0,negative,0,negative,negative,1,0,FinGPT-Bloom-7B1-LoRA,fpb_decontam,-8.96010684967041,0.938907265663147,-11.83510684967041,0.05296952649950981,-13.71010684967041,0.008123139850795269
483,"Glaston 's own glass processing unit , Tamglass Glass Processing , is a manufacturer of high quality safety glass products , and operates in Finland .",1,neutral,1,neutral,neutral,1,0,FinGPT-Bloom-7B1-LoRA,fpb_decontam,-11.581953048706055,0.13160164654254913,-10.081953048706055,0.5897976160049438,-10.831953048706055,0.27860069274902344
484,"The report goes on to provide detailed profiles of ten leading European specialty chemicals companies , and brief profiles of other major players .",1,neutral,1,neutral,neutral,1,0,FinGPT-Bloom-7B1-LoRA,fpb_decontam,-10.90167236328125,0.2352859079837799,-10.15167236328125,0.49810025095939636,-10.77667236328125,0.2666138708591461
485,"The contract also includes cutting and edging wagon parts at Ruukki 's steel service centres in Seinajoki and Raahe , both in southwestern Finland , from where they will be delivered to VR for welding and assembly .",1,neutral,1,neutral,neutral,1,0,FinGPT-Bloom-7B1-LoRA,fpb_decontam,-11.617100715637207,0.1543426215648651,-10.492100715637207,0.47540873289108276,-10.742100715637207,0.3702487051486969
486,The company reports a loss for the period of EUR 0.4 mn compared to a loss of EUR 1.9 mn in the corresponding period in 2005 .,2,positive,0,negative,negative,0,0,FinGPT-Bloom-7B1-LoRA,fpb_decontam,-8.648983001708984,0.963089644908905,-12.148983001708984,0.02908278815448284,-13.461483001708984,0.00782752688974142
487,"In future , the plant will focus on the production of flange profiles for wind farm towers .",1,neutral,1,neutral,neutral,1,0,FinGPT-Bloom-7B1-LoRA,fpb_decontam,-11.902339935302734,0.10421784222126007,-9.902339935302734,0.7700714468955994,-11.714839935302734,0.12571071088314056
488,"The start of the negotiations , relating to Glaston 's efficiency program , was announced in October .",1,neutral,1,neutral,neutral,1,0,FinGPT-Bloom-7B1-LoRA,fpb_decontam,-11.045530319213867,0.28695395588874817,-10.295530319213867,0.6074815392494202,-12.045530319213867,0.10556445270776749
489,"Following the registration , the number of issued and outstanding shares of Basware is 12,890,829 .",1,neutral,1,neutral,neutral,1,0,FinGPT-Bloom-7B1-LoRA,fpb_decontam,-12.321043968200684,0.08264707773923874,-10.008543968200684,0.8347058892250061,-12.321043968200684,0.08264707773923874
490,The company is listed on the Nordic Exchange in Helsinki .,1,neutral,1,neutral,neutral,1,0,FinGPT-Bloom-7B1-LoRA,fpb_decontam,-13.007279396057129,0.05017145350575447,-10.132279396057129,0.8893102407455444,-12.819779396057129,0.06051832064986229
491,"At the beginning of the subscription period on May 2 , 2006 the share subscription price under B option right is EUR 10.22 per share .",1,neutral,1,neutral,neutral,1,0,FinGPT-Bloom-7B1-LoRA,fpb_decontam,-12.08432674407959,0.12650953233242035,-10.27182674407959,0.7749648094177246,-12.33432674407959,0.09852571040391922
492,"Savon koulutuskuntayhtyma , Finland based company has awarded contract for specialist agricultural or forestry machinery .",2,positive,2,positive,positive,1,0,FinGPT-Bloom-7B1-LoRA,fpb_decontam,-12.739535331726074,0.02091512829065323,-12.302035331726074,0.032393984496593475,-8.927035331726074,0.9466909766197205
493,"Olvi , which controls a 94 percent stake in Ragutis through A. Le Coq , said in its annual report published earlier this year that the Lithuanian brewery 's sales reached 15.04 million euros last year , a rise of 20.4 percent from 12.49 million euros in 2004 .",2,positive,2,positive,positive,1,0,FinGPT-Bloom-7B1-LoRA,fpb_decontam,-11.161214828491211,0.08551418036222458,-10.973714828491211,0.10314978659152985,-8.911214828491211,0.8113359808921814
494,"Finnish IT consultancy Satama Interactive Oyj said on November 13 , 2006 that Jarmo Lonnfors took up the position of CEO .",1,neutral,1,neutral,neutral,1,0,FinGPT-Bloom-7B1-LoRA,fpb_decontam,-12.055191993713379,0.12583893537521362,-10.430191993713379,0.6390628814697266,-11.430191993713379,0.23509812355041504
495,"In 2010 , Sanoma Magazines expects net sales to be at the 2009 level .",1,neutral,1,neutral,neutral,1,0,FinGPT-Bloom-7B1-LoRA,fpb_decontam,-12.757206916809082,0.04563175141811371,-9.757206916809082,0.9165382385253906,-12.944706916809082,0.03783005475997925
496,"The business is organised , as of February 1 , 2011 , in a way that production of design services is combined into one entity , Etteplan Operations .",1,neutral,1,neutral,neutral,1,0,FinGPT-Bloom-7B1-LoRA,fpb_decontam,-11.250410079956055,0.23509858548641205,-10.437910079956055,0.5298028588294983,-11.250410079956055,0.23509858548641205
497,"The company 's profit totaled Ls 578,100 in H1 2007 , down 30.9 % year-on-year .",0,negative,0,negative,negative,1,0,FinGPT-Bloom-7B1-LoRA,fpb_decontam,-8.62977409362793,0.9935046434402466,-14.06727409362793,0.004322088789194822,-14.75477409362793,0.0021732826717197895
498,The terms and conditions of Stock Option Scheme 2004 are available on the Group 's website .,1,neutral,1,neutral,neutral,1,0,FinGPT-Bloom-7B1-LoRA,fpb_decontam,-12.69478702545166,0.05343024805188179,-9.88228702545166,0.889693558216095,-12.63228702545166,0.056876201182603836
499,Satama 's net sales would be higher than the year before .,2,positive,2,positive,positive,1,0,FinGPT-Bloom-7B1-LoRA,fpb_decontam,-12.816250801086426,0.01554658729583025,-12.441250801086426,0.022620152682065964,-8.691250801086426,0.9618332982063293
500,The new name of the Sanoma Division will be Sanoma News .,1,neutral,1,neutral,neutral,1,0,FinGPT-Bloom-7B1-LoRA,fpb_decontam,-12.196560859680176,0.052810799330472946,-9.384060859680176,0.8793787956237793,-11.946560859680176,0.06781040877103806
501,"The floor area of the Yliopistonrinne project will be 7,900 sq m 85,030 sq ft and the building 's gross area will total 12,800 sq m. A total 25.1 % of the facilities have been let .",1,neutral,1,neutral,neutral,1,0,FinGPT-Bloom-7B1-LoRA,fpb_decontam,-11.58440113067627,0.15484614670276642,-10.02190113067627,0.7387296557426453,-11.95940113067627,0.10642410814762115
502,The company expects meat purchases to remain at about 8mn kilos in 2011 .,1,neutral,1,neutral,neutral,1,0,FinGPT-Bloom-7B1-LoRA,fpb_decontam,-12.324294090270996,0.07503625750541687,-9.886794090270996,0.8587445020675659,-12.449294090270996,0.0662192702293396
503,"This could be any of us at any time , '' she said .",1,neutral,1,neutral,neutral,1,0,FinGPT-Bloom-7B1-LoRA,fpb_decontam,-12.322138786315918,0.07533851265907288,-9.884638786315918,0.8622036576271057,-12.509638786315918,0.06245782598853111
504,UPM stock fell 3 percent to EURO 12.49 $ 17.24 in early afternoon trading in Helsinki .,0,negative,0,negative,negative,1,0,FinGPT-Bloom-7B1-LoRA,fpb_decontam,-8.538832664489746,0.9755101799964905,-12.413832664489746,0.02024606615304947,-13.976332664489746,0.004243806470185518
505,"Finnish IT consultancy Satama Interactive Oyj posted a net profit of 1.4 mln euro $ 2.0 mln for the first nine months of 2007 , compared to a net loss of 462,000 euro $ 664,000 for the same period of 2006 .",2,positive,2,positive,positive,1,0,FinGPT-Bloom-7B1-LoRA,fpb_decontam,-8.956881523132324,0.4600294232368469,-10.706881523132324,0.07994112372398376,-8.956881523132324,0.4600294232368469
506,"It also includes the installation of new equipment , training and start-up services , as well as service work of the shoe press delivered by Vaahto in 2001 .",1,neutral,1,neutral,neutral,1,0,FinGPT-Bloom-7B1-LoRA,fpb_decontam,-12.36910629272461,0.0670696347951889,-10.36910629272461,0.49558132886886597,-10.49410629272461,0.43734899163246155
507,The company said that sales in the three months to the end of March slid to EUR86 .4 m US$ 113.4 m from EUR91 .2 m last year .,0,negative,2,positive,positive,0,0,FinGPT-Bloom-7B1-LoRA,fpb_decontam,-9.120454788208008,0.51113361120224,-10.432954788208008,0.13756975531578064,-9.495454788208008,0.35129666328430176
508,"An  of the invention , released by the Patent Office , said : `` A non-coherent search matrix is formed of said correlation function matrix .",1,neutral,1,neutral,neutral,1,0,FinGPT-Bloom-7B1-LoRA,fpb_decontam,-11.008234024047852,0.23813843727111816,-10.070734024047852,0.60810786485672,-11.445734024047852,0.15375374257564545
509,"Operating profit , excluding non-recurring items , totalled EUR 1.0 mn , down from EUR 1.6 mn .",0,negative,0,negative,negative,1,0,FinGPT-Bloom-7B1-LoRA,fpb_decontam,-8.258489608764648,0.9916011095046997,-13.633489608764648,0.004592024255543947,-13.820989608764648,0.0038069216534495354
510,"The company was supposed to deliver machinery to a veneer mill in the Tomsk region , in Russia .",1,neutral,1,neutral,neutral,1,0,FinGPT-Bloom-7B1-LoRA,fpb_decontam,-11.10607624053955,0.26155295968055725,-10.29357624053955,0.5894187092781067,-11.66857624053955,0.14902839064598083
511,The company 's board of directors would propose a dividend of EUR1 .00 per share for 2005 .,1,neutral,1,neutral,neutral,1,0,FinGPT-Bloom-7B1-LoRA,fpb_decontam,-13.255880355834961,0.04500716179609299,-10.255880355834961,0.9039930701255798,-13.130880355834961,0.050999801605939865
512,Sunrise Resources operates in Russian near-shore development markets through its wholly-owned Russian subsidiary and has 80 % of its personnel in Russia .,1,neutral,1,neutral,neutral,1,0,FinGPT-Bloom-7B1-LoRA,fpb_decontam,-12.326435089111328,0.11183962225914001,-10.388935089111328,0.7763208150863647,-12.326435089111328,0.11183962225914001
513,"( ADP News ) - Feb 12 , 2009 - Finnish construction company Lemminkainen Oyj ( HEL : LEM1S ) said today its net profit decreased to EUR 63.5 million ( USD 81.1 m ) for 2008 from EUR 80.6 million for 2007 .",0,negative,2,positive,positive,0,0,FinGPT-Bloom-7B1-LoRA,fpb_decontam,-9.009078025817871,0.5378165245056152,-10.384078025817871,0.13598130643367767,-9.509078025817871,0.3262022137641907
514,Nokia was up 0.12 pct to 16.70 eur after kicking off the morning in negative territory .,2,positive,2,positive,positive,1,0,FinGPT-Bloom-7B1-LoRA,fpb_decontam,-12.091450691223145,0.051528993993997574,-11.528950691223145,0.09043619781732559,-9.278950691223145,0.8580347895622253
515,The group reiterated its forecast that handset manufacturers will sell around 915 mln units this year globally .,1,neutral,1,neutral,neutral,1,0,FinGPT-Bloom-7B1-LoRA,fpb_decontam,-11.73664665222168,0.17863690853118896,-10.42414665222168,0.6637166142463684,-11.86164665222168,0.1576465219259262
516,The contract will take effect in 2009 for a five or ten year period .,1,neutral,1,neutral,neutral,1,0,FinGPT-Bloom-7B1-LoRA,fpb_decontam,-11.174355506896973,0.26381877064704895,-10.299355506896973,0.6328683495521545,-12.111855506896973,0.1033129170536995
517,"Raute reported a loss per share of EUR0 .86 for the first half of 2009 , against EPS of EUR0 .74 in the corresponding period of 2008 .",0,negative,0,negative,negative,1,0,FinGPT-Bloom-7B1-LoRA,fpb_decontam,-8.037481307983398,0.8953145146369934,-10.974981307983398,0.047449931502342224,-10.787481307983398,0.057235538959503174
518,"industry in Asia +ó Pakistan , Malaysia , Taiwan and Philippines Today , Global Research & Data Services is going to publish several market analyses about the cement markets in Asia .",1,neutral,1,neutral,neutral,1,0,FinGPT-Bloom-7B1-LoRA,fpb_decontam,-11.613310813903809,0.19524459540843964,-10.988310813903809,0.364764928817749,-10.800810813903809,0.43999049067497253
519,"This action follows personnel negotiations concerning Elcoteq SE , Finnish Branch , Elcoteq Finland Oy and Elcoteq Design Center Oy .",1,neutral,1,neutral,neutral,1,0,FinGPT-Bloom-7B1-LoRA,fpb_decontam,-12.008214950561523,0.08039681613445282,-9.633214950561523,0.8643472790718079,-12.383214950561523,0.05525587126612663
520,"In addition to verification of an identity and digital signatures , new state-approved Mobile ID enables to cast votes in elections as well .",1,neutral,1,neutral,neutral,1,0,FinGPT-Bloom-7B1-LoRA,fpb_decontam,-11.599751472473145,0.17098112404346466,-10.287251472473145,0.6352719068527222,-11.474751472473145,0.19374696910381317
521,"The acquired business main asset is a mobile authentication and signing solution , branded as Tectia MobileID , which provides authentication to web e-mail , SSL-VPN , MS SharePoint , Tectia Secure Solutions and other applications and resources .",1,neutral,1,neutral,neutral,1,0,FinGPT-Bloom-7B1-LoRA,fpb_decontam,-11.173968315124512,0.17764995992183685,-10.048968315124512,0.5472003817558289,-10.736468315124512,0.2751496434211731
522,Operating profit fell to EUR 6.2 mn from EUR 8.5 mn in the third quarter of 2007 .,0,negative,0,negative,negative,1,0,FinGPT-Bloom-7B1-LoRA,fpb_decontam,-8.628960609436035,0.9976348876953125,-15.003960609436035,0.0016995907062664628,-15.941460609436035,0.0006655692122876644
523,The fair value of the company 's investment properties grew to EUR 2.803 billion at the end of March 2009 from EUR 2.691 million a year ago .,2,positive,2,positive,positive,1,0,FinGPT-Bloom-7B1-LoRA,fpb_decontam,-10.825726509094238,0.13264188170433044,-10.700726509094238,0.1503029316663742,-9.138226509094238,0.7170552015304565
524,"In addition , the Kazakh delegation will visit Finland 's SITRA investment fund , Honkarakenne Ltd and Nokia headquarters to study TeliaSonera Ltd JSC 's activities .",1,neutral,1,neutral,neutral,1,0,FinGPT-Bloom-7B1-LoRA,fpb_decontam,-12.828954696655273,0.07779257744550705,-10.516454696655273,0.7856771945953369,-12.266454696655273,0.13653022050857544
525,The bond has a value of EUR150m and a maturity of 4 years .,1,neutral,1,neutral,neutral,1,0,FinGPT-Bloom-7B1-LoRA,fpb_decontam,-12.388944625854492,0.06912512332201004,-9.888944625854492,0.8421164155006409,-12.138944625854492,0.08875841647386551
526,"At first , Solteq 's services to companies operating in the St. Petersburg area will include maintenance and material management systems and data collection solutions .",1,neutral,1,neutral,neutral,1,0,FinGPT-Bloom-7B1-LoRA,fpb_decontam,-12.948216438293457,0.04225655272603035,-9.885716438293457,0.9034848809242249,-12.698216438293457,0.05425848439335823
527,"The approximately 20,000 dwt vessel has been ordered from India .",1,neutral,1,neutral,neutral,1,0,FinGPT-Bloom-7B1-LoRA,fpb_decontam,-10.509973526000977,0.4181291460990906,-10.509973526000977,0.4181291460990906,-11.447473526000977,0.16374172270298004
528,Both the net sales and operating profit were record high in the company 's history .,2,positive,2,positive,positive,1,0,FinGPT-Bloom-7B1-LoRA,fpb_decontam,-12.624929428100586,0.03657005354762077,-11.874929428100586,0.07741879671812057,-9.437429428100586,0.8860112428665161
529,"In 2009 , Fiskars ' cash flow from operating activities amounted to EUR121m , up from EUR97m in the previous year .",2,positive,2,positive,positive,1,0,FinGPT-Bloom-7B1-LoRA,fpb_decontam,-13.206103324890137,0.012988083064556122,-12.893603324890137,0.01775260455906391,-8.893603324890137,0.9692593216896057
530,"Glaston 's own glass processing unit , Tamglass Glass Processing , is a manufacturer of high quality safety glass products operating in Finland .",1,neutral,1,neutral,neutral,1,0,FinGPT-Bloom-7B1-LoRA,fpb_decontam,-12.098183631896973,0.09433040022850037,-10.223183631896973,0.6151114702224731,-10.973183631896973,0.2905580997467041
531,15 December 2010 - Finnish-German telecoms equipment maker Nokia Siemens Networks said today it won a contract to upgrade the radio network of home-based telecommunications company Elisa Oyj HEL : ELI1V .,2,positive,2,positive,positive,1,0,FinGPT-Bloom-7B1-LoRA,fpb_decontam,-13.102981567382812,0.020707443356513977,-11.540481567382812,0.09878967702388763,-9.352981567382812,0.8805028796195984
532,"In addition , the company is considering the start of production in Russia .",1,neutral,1,neutral,neutral,1,0,FinGPT-Bloom-7B1-LoRA,fpb_decontam,-12.633532524108887,0.05625632032752037,-9.883532524108887,0.8799969553947449,-12.508532524108887,0.06374676525592804
533,Our standardised services have met with a positive reception among our customers as well as at Itella .,2,positive,1,neutral,neutral,0,0,FinGPT-Bloom-7B1-LoRA,fpb_decontam,-11.785811424255371,0.13872270286083221,-10.535811424255371,0.48418980836868286,-10.785811424255371,0.37708741426467896
534,"The company will disclose further details , including the anticipated transaction timetable and the name of the new investor , within one week .",1,neutral,1,neutral,neutral,1,0,FinGPT-Bloom-7B1-LoRA,fpb_decontam,-11.642332077026367,0.13653022050857544,-9.892332077026367,0.7856771945953369,-12.204832077026367,0.07779257744550705
535,"Net sales totaled EUR 93.6 mn , up from EUR 93.2 mn in the corresponding period in 2005 .",2,positive,2,positive,positive,1,0,FinGPT-Bloom-7B1-LoRA,fpb_decontam,-13.075569152832031,0.00797939021140337,-12.825569152832031,0.010245740413665771,-8.263069152832031,0.9817748069763184
536,"Aldata Solution Oyj Bertrand Sciard President and CEO Further information : Aldata Solution Oyj , Bertrand Sciard , President and CEO , tel. +33 1 46 48 28 00 Aldata 100 % Retail-Wholesale At Aldata 100 % of our business is dedicated to retail and wholesale business improvement .",1,neutral,1,neutral,neutral,1,0,FinGPT-Bloom-7B1-LoRA,fpb_decontam,-12.361431121826172,0.11357410252094269,-10.673931121826172,0.6139757633209229,-11.486431121826172,0.2724500894546509
537,The enterprise value of Maritim Food AS has been determined as approximately EUR15m .,1,neutral,1,neutral,neutral,1,0,FinGPT-Bloom-7B1-LoRA,fpb_decontam,-13.258020401000977,0.031270191073417664,-9.883020401000977,0.9138489365577698,-12.695520401000977,0.05488089472055435
538,Operating profit improved by 39.9 % to EUR 18.0 mn from EUR12 .8 mn .,2,positive,2,positive,positive,1,0,FinGPT-Bloom-7B1-LoRA,fpb_decontam,-12.580927848815918,0.008008469827473164,-12.768427848815918,0.006639254279434681,-7.768428325653076,0.9853522181510925
539,"Vaisala , headquartered in Helsinki in Finland , develops and manufactures electronic measurement systems for meteorology , environmental sciences , traffic and industry .",1,neutral,1,neutral,neutral,1,0,FinGPT-Bloom-7B1-LoRA,fpb_decontam,-11.841716766357422,0.13720346987247467,-10.154216766357422,0.7417148947715759,-11.966716766357422,0.1210816353559494
540,"In the Baltic states the company reports net sales of EUR 11.9 mn , down from EUR 14.2 mn , and an operative EBIT of EUR -2.2 mn , down from EUR -1.7 mn .",0,negative,0,negative,negative,1,0,FinGPT-Bloom-7B1-LoRA,fpb_decontam,-8.382416725158691,0.9868914484977722,-13.132416725158691,0.008538284339010715,-13.757416725158691,0.004570214543491602
541,"In 2007 , Etteplan had turnover of EUR125 .2 m.",1,neutral,2,positive,positive,0,0,FinGPT-Bloom-7B1-LoRA,fpb_decontam,-12.616386413574219,0.030203191563487053,-12.616386413574219,0.030203191563487053,-9.178886413574219,0.9395936727523804
542,"A meeting for the media and analysts will be held on the same day at 10:30 a.m. at Stonesoft Headquarters in Helsinki , Italahdenkatu 22 A. The Interim report will be presented by Stonesoft 's CEO Ilkka Hiidenheimo .",1,neutral,1,neutral,neutral,1,0,FinGPT-Bloom-7B1-LoRA,fpb_decontam,-12.326475143432617,0.12571071088314056,-10.513975143432617,0.7700714468955994,-12.513975143432617,0.10421784222126007
543,The fair value of the company 's investment properties went down to EUR 2.768 billion at the end of 2009 from EUR 2.916 billion a year earlier .,0,negative,0,negative,negative,1,0,FinGPT-Bloom-7B1-LoRA,fpb_decontam,-8.57437801361084,0.9508413672447205,-11.63687801361084,0.04447144642472267,-13.88687801361084,0.004687255714088678
544,The price will be specified at the completion date .,1,neutral,1,neutral,neutral,1,0,FinGPT-Bloom-7B1-LoRA,fpb_decontam,-11.760497093200684,0.07019027322530746,-9.260497093200684,0.8550925850868225,-11.697997093200684,0.07471715658903122
545,"In a recent interview with the Financial Times ( FT ) , Sampo 's board chairman Bjorn Wahlroos said If P&C was certainly for sale and the price had been set at SEK 85 billion , confirming earlier statements .",1,neutral,1,neutral,neutral,1,0,FinGPT-Bloom-7B1-LoRA,fpb_decontam,-10.150359153747559,0.35170459747314453,-10.400359153747559,0.2739078104496002,-10.087859153747559,0.37438759207725525
546,"The development of the technological park , which will specialize in telecommunications and information technologies , is part of the state program for the formation of technoparks for hi-tech sectors in Russia .",1,neutral,1,neutral,neutral,1,0,FinGPT-Bloom-7B1-LoRA,fpb_decontam,-11.042169570922852,0.24210196733474731,-10.167169570922852,0.5807724595069885,-11.354669570922852,0.17712557315826416
547,"The subject of the project is provide to the company like : Software programming and consultancy services , Computer-related services , Data services , Computer support and consultancy services , Internet services etc. .",1,neutral,1,neutral,neutral,1,0,FinGPT-Bloom-7B1-LoRA,fpb_decontam,-12.777037620544434,0.05209358409047127,-10.027037620544434,0.8148807883262634,-11.839537620544434,0.1330256313085556
548,"Earnings per share ( EPS ) amounted to EUR1 .37 , down from EUR2 .30 .",0,negative,0,negative,negative,1,0,FinGPT-Bloom-7B1-LoRA,fpb_decontam,-8.192567825317383,0.9573670625686646,-11.880067825317383,0.023967215791344643,-12.130067825317383,0.01866568624973297
549,"Cramo , headquartered in Vantaa , Finland , rents construction machinery and equipment , as well as rents and sells modular space .",1,neutral,1,neutral,neutral,1,0,FinGPT-Bloom-7B1-LoRA,fpb_decontam,-12.386344909667969,0.07136982679367065,-9.886344909667969,0.8694624900817871,-12.573844909667969,0.059167664498090744
550,"Through the Nordic Exchange , OMX offers access to approximately 80 percent of the Nordic and Baltic securities market .",1,neutral,1,neutral,neutral,1,0,FinGPT-Bloom-7B1-LoRA,fpb_decontam,-12.953960418701172,0.0579921156167984,-10.266460418701172,0.8521879315376282,-12.516460418701172,0.08981994539499283
551,"Alma Media 's operating profit amounted to EUR 11.9 mn , down from EUR 15.0 mn a year earlier .",0,negative,0,negative,negative,1,0,FinGPT-Bloom-7B1-LoRA,fpb_decontam,-8.631195068359375,0.9908912777900696,-13.818695068359375,0.0055350735783576965,-14.256195068359375,0.0035737119615077972
552,Earnings per share EPS rose to EUR 0.11 from EUR 0.03 .,2,positive,2,positive,positive,1,0,FinGPT-Bloom-7B1-LoRA,fpb_decontam,-13.195572853088379,0.013123944401741028,-13.758072853088379,0.007477797567844391,-8.883072853088379,0.9793983101844788
553,"The deal includes all rental equipment and related merchandise , the rental contract of the depot and two employees , the company said .",1,neutral,1,neutral,neutral,1,0,FinGPT-Bloom-7B1-LoRA,fpb_decontam,-11.599777221679688,0.1576465219259262,-10.162277221679688,0.6637166142463684,-11.474777221679688,0.17863690853118896
554,Net sales revenue per passenger is expected to increase .,2,positive,2,positive,positive,1,0,FinGPT-Bloom-7B1-LoRA,fpb_decontam,-13.260878562927246,0.016077261418104172,-12.135878562927246,0.04952145367860794,-9.198378562927246,0.934401273727417
555,"Sales climbed 19.2 pct to 1.002 bln eur , surpassing the 953 mln eur consensus figure .",2,positive,2,positive,positive,1,0,FinGPT-Bloom-7B1-LoRA,fpb_decontam,-12.170851707458496,0.032350342720746994,-12.545851707458496,0.022234046831727028,-8.795851707458496,0.9454156756401062
556,"Tecnomen 's solution can be used for prepaid and post-paid billing , for charging and rating of voice and video calls , data traffic and any kind of content services in both mobile and fixed networks .",1,neutral,1,neutral,neutral,1,0,FinGPT-Bloom-7B1-LoRA,fpb_decontam,-12.078289985656738,0.11332892626523972,-10.140789985656738,0.7866585850715637,-12.203289985656738,0.1000124141573906
557,"The machine will have an annual production capacity of 200,000 tonnes of super-calendered magazine paper and other paper grades based on recovered fiber , Stora Enso said .",1,neutral,1,neutral,neutral,1,0,FinGPT-Bloom-7B1-LoRA,fpb_decontam,-11.19966983795166,0.21715028584003448,-10.32466983795166,0.5209164619445801,-11.01216983795166,0.26193323731422424
558,com and possibly also through photo-msn .,1,neutral,1,neutral,neutral,1,0,FinGPT-Bloom-7B1-LoRA,fpb_decontam,-11.944555282592773,0.06032312661409378,-9.257055282592773,0.8864418864250183,-12.069555282592773,0.053234972059726715
559,"Customers wave cards in front of the reader to make payments , similar to `` touch and go '' cards used in transport systems .",1,neutral,1,neutral,neutral,1,0,FinGPT-Bloom-7B1-LoRA,fpb_decontam,-10.998140335083008,0.2958279550075531,-10.310640335083008,0.5883241295814514,-11.935640335083008,0.1158478856086731
