index,sentence,gold_id,gold_label,pred_id,pred_label,raw_output,correct,unparseable,model,dataset,logprob_negative,score_negative,logprob_neutral,score_neutral,logprob_positive,score_positive
0,"The e-commerce site and flagship will be managed by Marimekko North America Retail LLC , a subsidiary established in the U.S. last year .",1,neutral,1,neutral,Neutral,1,0,FinGPT-Llama-3-8B-LoRA,fpb_decontam,-13.78051471710205,0.026929708197712898,-10.21801471710205,0.9493049383163452,-13.90551471710205,0.023765385150909424
1,"The Costanza light , with an aluminum base and washable shade , comes in white , pistachio , orange , blue and red .",1,neutral,1,neutral,Neutral,1,0,FinGPT-Llama-3-8B-LoRA,fpb_decontam,-13.8304443359375,0.010843240655958652,-9.3304443359375,0.9760773777961731,-13.6429443359375,0.013079444877803326
2,The fair value of the company 's investment properties went down to EUR2 .769 bn at the end of September 2009 from EUR2 .878 bn a year earlier .,0,negative,0,negative,Negative,1,0,FinGPT-Llama-3-8B-LoRA,fpb_decontam,-11.441481590270996,0.8069210648536682,-12.878981590270996,0.1916605681180954,-17.785232543945312,0.001418322673998773
3,"HELSINKI ( AFX ) - Shares closed higher , led by Nokia after it announced plans to team up with Sanyo to manufacture 3G handsets , and by Nokian Tyres after its fourth-quarter earnings report beat analysts ' expectations , dealers said .",2,positive,2,positive,Positive,1,0,FinGPT-Llama-3-8B-LoRA,fpb_decontam,-16.537498474121094,0.004687251057475805,-14.287497520446777,0.04447144642472267,-11.224997520446777,0.9508413672447205
4,Electronic versions require 24-48 hours as each copy is customized to the client with digital controls and custom watermarks .,1,neutral,1,neutral,neutral,1,0,FinGPT-Llama-3-8B-LoRA,fpb_decontam,-9.775312423706055,0.184509739279747,-8.337812423706055,0.7768149375915527,-11.337812423706055,0.03867533802986145
5,Amanda Capital has investments in 22 private equity funds and in over 200 unquoted companies mainly in Europe .,1,neutral,1,neutral,Neutral,1,0,FinGPT-Llama-3-8B-LoRA,fpb_decontam,-13.156386375427246,0.04540305212140083,-10.156386375427246,0.9119446873664856,-13.218886375427246,0.04265222325921059
6,"Rohwedder Group is an automotive supplies , telecommunications and electronics industry provider for customers in Europe , North America and Asia .",1,neutral,1,neutral,Neutral,1,0,FinGPT-Llama-3-8B-LoRA,fpb_decontam,-13.890047073364258,0.0775907039642334,-11.452547073364258,0.8879786133766174,-14.702547073364258,0.034430667757987976
7,"It generated an operating loss of EUR 96.3 mn , down from a profit of EUR 43.9 mn .",0,negative,0,negative,Negative,1,0,FinGPT-Llama-3-8B-LoRA,fpb_decontam,-9.899918556213379,0.8663066029548645,-11.774918556213379,0.13285242021083832,-16.837417602539062,0.0008409188012592494
8,Okmetic expects its net sales for the first half of 2009 to be less than in 2008 .,0,negative,0,negative,Negative,1,0,FinGPT-Llama-3-8B-LoRA,fpb_decontam,-12.057482719421387,0.7971997857093811,-13.432482719421387,0.20156367123126984,-18.52623176574707,0.0012365883449092507
9,"The Inventors are Ridge Justin , Bao Yiliang and Karczewicz Marta .",1,neutral,1,neutral,Neutral,1,0,FinGPT-Llama-3-8B-LoRA,fpb_decontam,-10.631843566894531,0.05886431038379669,-7.881843566894531,0.9207927584648132,-11.694343566894531,0.020342960953712463
10,"The decision reflects the underutilisation of the line , which produces nonwovens used in medical and wipes applications as well as for the automotive industry .",1,neutral,1,neutral,Neutral,1,0,FinGPT-Llama-3-8B-LoRA,fpb_decontam,-11.358253479003906,0.28981757164001465,-10.545753479003906,0.6531140208244324,-12.983253479003906,0.057068463414907455
11,Net sales in 2007 are expected to be 10 % up on 2006 .,2,positive,2,positive,Positive,1,0,FinGPT-Llama-3-8B-LoRA,fpb_decontam,-14.951151847839355,0.005385472904890776,-11.138651847839355,0.24376513063907623,-10.013651847839355,0.7508494257926941
12,"Both operating profit and turnover for the three-month period increased , respectively from EUR0 .9 m and EUR8 .3 m , as compared to the corresponding period in 2005 .",2,positive,2,positive,Positive,1,0,FinGPT-Llama-3-8B-LoRA,fpb_decontam,-12.085956573486328,0.011287312023341656,-9.523456573486328,0.1463760882616043,-7.77345609664917,0.8423365950584412
13,"Currently the Terminator lures are produced in a subcontract facility in Mexico but the manufacturing will be transferred to Rapala 's factory in Shenzhen , China .",1,neutral,1,neutral,Neutral,1,0,FinGPT-Llama-3-8B-LoRA,fpb_decontam,-13.58459186553955,0.1961987018585205,-12.33459186553955,0.6848007440567017,-14.08459186553955,0.11900051683187485
14,The net sales of the Power Plants business were EUR 710.3 million in 2005 .,1,neutral,1,neutral,Neutral,1,0,FinGPT-Llama-3-8B-LoRA,fpb_decontam,-10.280305862426758,0.1256149858236313,-8.530305862426758,0.7228643894195557,-10.092805862426758,0.15152060985565186
15,The Group also has a strong global position in other fishing categories .,2,positive,1,neutral,Neutral,0,0,FinGPT-Llama-3-8B-LoRA,fpb_decontam,-13.464914321899414,0.009173871949315071,-8.902414321899414,0.8790654540061951,-10.964914321899414,0.11176062375307083
16,The project is expected to be completed in 2009 .,1,neutral,1,neutral,Neutral,1,0,FinGPT-Llama-3-8B-LoRA,fpb_decontam,-13.807354927062988,0.014406828209757805,-9.619854927062988,0.9488040208816528,-12.869854927062988,0.036789122968912125
17,The share of the share capital of both above mentioned shareholders remains below 5 % .,1,neutral,1,neutral,Neutral,1,0,FinGPT-Llama-3-8B-LoRA,fpb_decontam,-16.356895446777344,0.0058692204765975475,-11.231895446777344,0.9870511293411255,-16.169395446777344,0.007079631090164185
18,"Following the issue , the new shares will constitute 10 percent of the firm 's capital .",1,neutral,1,neutral,Neutral,1,0,FinGPT-Llama-3-8B-LoRA,fpb_decontam,-14.728219985961914,0.03137451410293579,-11.353219985961914,0.916897714138031,-14.228219985961914,0.05172783136367798
19,The first stage of the contract covers 133 stores and 600 cash registers .,1,neutral,1,neutral,Neutral,1,0,FinGPT-Llama-3-8B-LoRA,fpb_decontam,-12.937944412231445,0.029793756082654,-9.500444412231445,0.9268565773963928,-12.562944412231445,0.04334966093301773
20,Currency conversions are based on exchange rates at the time of the deal .,1,neutral,1,neutral,Neutral,1,0,FinGPT-Llama-3-8B-LoRA,fpb_decontam,-12.782424926757812,0.09323785454034805,-10.532424926757812,0.8846161365509033,-14.219924926757812,0.022145932540297508
21,Mobile communication and wireless broadband provider Nokia Inc NYSE : NOK today set new financial targets and forecasts for Nokia and the mobile device industry and also for Nokia Siemens Networks and the mobile and fixed infrastructure and related services market .,1,neutral,1,neutral,Neutral,1,0,FinGPT-Llama-3-8B-LoRA,fpb_decontam,-12.758769035339355,0.14332883059978485,-11.196269035339355,0.6837835907936096,-12.571269035339355,0.17288756370544434
22,"According to preliminary data from Slovakia 's Statistics Office , goods worth E36 .4 million were imported from Finland between January and October 2010 , making up 0.1 percent of Slovakia 's total imports .",1,neutral,1,neutral,Neutral,1,0,FinGPT-Llama-3-8B-LoRA,fpb_decontam,-10.554732322692871,0.15332327783107758,-8.929732322692871,0.7786399126052856,-11.367232322692871,0.06803679466247559
23,Oriola-KD is a spin-off of Finnish pharmaceutical group Orion Oyj 's wholesale division .,1,neutral,1,neutral,Neutral,1,0,FinGPT-Llama-3-8B-LoRA,fpb_decontam,-13.960332870483398,0.07683928310871124,-11.522832870483398,0.8793790936470032,-14.522832870483398,0.04378170520067215
24,"( ADP News ) - Dec 11 , 2008 - Finnish construction and engineering company Outotec Oyj ( OMX : OTE1V ) said today it won a EUR 28 million ( USD 36.8 m ) order to expand the phosphate concentrator in Siilinjarvi of Norwegian minera",2,positive,-1,UNPARSEABLE,,0,1,FinGPT-Llama-3-8B-LoRA,fpb_decontam,-9.434433937072754,0.13003948330879211,-9.184433937072754,0.1669740080833435,-7.746934413909912,0.7029865384101868
25,"It comes complete with an LCD touch screen system for selection of your chosen function and prices start at around the pounds 4,805 mark .",1,neutral,1,neutral,Neutral,1,0,FinGPT-Llama-3-8B-LoRA,fpb_decontam,-11.84335994720459,0.023532908409833908,-8.15585994720459,0.9400186538696289,-11.40585994720459,0.03644847869873047
26,The non-recurring costs caused to Talentum 's Premedia business area by the restructuring will amount to 2.0 mln euro $ 2.7 mln and will be included in the company 's financial results for the second quarter of 2007 .,1,neutral,0,negative,Negative,0,0,FinGPT-Llama-3-8B-LoRA,fpb_decontam,-12.505805015563965,0.5325340032577515,-12.755805015563965,0.41473791003227234,-14.818305015563965,0.05272800847887993
27,"German Commerzbank AG 's Hamburg Branch and US JP Morgan ( NYSE : JPM ) participated as arrangers , and Dutch ING ( AMS : INGA ) as co-arranger .",1,neutral,1,neutral,Neutral,1,0,FinGPT-Llama-3-8B-LoRA,fpb_decontam,-12.05368709564209,0.04819018766283989,-9.11618709564209,0.9092821478843689,-12.17868709564209,0.0425276942551136
28,"Finnish shipping company Finnlines ' pretax loss totalled EUR 6.5 mn in the third quarter of 2009 , compared to a profit of EUR 0.3 mn in the third quarter of 2008 .",0,negative,0,negative,Negative,1,0,FinGPT-Llama-3-8B-LoRA,fpb_decontam,-10.488752365112305,0.9452087879180908,-13.363752365112305,0.05332503467798233,-16.957502365112305,0.0014661733293905854
29,The investments and operational changes enable additional optimisation of the working hours and thereby further cost savings of some 7 % -9 % .,2,positive,2,positive,Positive,1,0,FinGPT-Llama-3-8B-LoRA,fpb_decontam,-11.641070365905762,0.03690265491604805,-8.766070365905762,0.6541152000427246,-9.516070365905762,0.30898213386535645
30,"Revenue in July to September grew 14 percent to ( EURO ) 467 million from a year earlier , the company said Thursday .",2,positive,2,positive,Positive,1,0,FinGPT-Llama-3-8B-LoRA,fpb_decontam,-12.982684135437012,0.019721059128642082,-10.482684135437012,0.24025167524814606,-9.357684135437012,0.7400272488594055
31,EUR 152.4 mn of this was net interest income .,1,neutral,1,neutral,Neutral,1,0,FinGPT-Llama-3-8B-LoRA,fpb_decontam,-10.457206726074219,0.1526826173067093,-8.894706726074219,0.7284080386161804,-10.707206726074219,0.11890935152769089
32,The business section also includes Ahlstrom 's sustainability report .,1,neutral,1,neutral,Neutral,1,0,FinGPT-Llama-3-8B-LoRA,fpb_decontam,-14.369872093200684,0.030600814148783684,-10.932372093200684,0.9519633650779724,-14.932372093200684,0.017435817047953606
33,The contract value amounts to EUR 2.4 million .,1,neutral,1,neutral,Neutral,1,0,FinGPT-Llama-3-8B-LoRA,fpb_decontam,-10.811564445495605,0.03243508189916611,-7.4365644454956055,0.9478920698165894,-11.311564445495605,0.019672872498631477
34,"A. Le Coq Special was developed for the bicentenary of the company and the trade mark , the brewer said .",1,neutral,1,neutral,Neutral,1,0,FinGPT-Llama-3-8B-LoRA,fpb_decontam,-12.757874488830566,0.04514666274189949,-9.757874488830566,0.9067949652671814,-12.695374488830566,0.04805837199091911
35,The expanded plant is scheduled to be operational by the middle of October 2009 .,1,neutral,1,neutral,Neutral,1,0,FinGPT-Llama-3-8B-LoRA,fpb_decontam,-14.531512260437012,0.016494276002049446,-10.656512260437012,0.7947387099266052,-12.094012260437012,0.18876700103282928
36,In 2007 Etteplan reported a turnover of EUR125 .2 m.,1,neutral,1,neutral,Neutral,1,0,FinGPT-Llama-3-8B-LoRA,fpb_decontam,-12.53210735321045,0.029431387782096863,-9.09460735321045,0.915583610534668,-11.90710735321045,0.05498506873846054
37,Both Mr Walden and Mr Ignatius will be responsible also for the newspapers ' business result .,1,neutral,1,neutral,Neutral,1,0,FinGPT-Llama-3-8B-LoRA,fpb_decontam,-11.812146186828613,0.043637245893478394,-8.749646186828613,0.9330054521560669,-12.437146186828613,0.023357335478067398
38,AffectoGenimap builds highly customised IT solutions for its customers in Finland and the Baltic countries .,1,neutral,1,neutral,Neutral,1,0,FinGPT-Llama-3-8B-LoRA,fpb_decontam,-12.080023765563965,0.0146469222381711,-7.955024242401123,0.9061725735664368,-10.392523765563965,0.0791805163025856
39,No decision on such sale of the now issued or existing treasury shares to YA Global has been made yet .,1,neutral,1,neutral,Neutral,1,0,FinGPT-Llama-3-8B-LoRA,fpb_decontam,-15.871872901916504,0.014480016194283962,-11.653122901916504,0.9838953614234924,-18.059371948242188,0.0016246143495664
40,"Lassila & Tikanoja 's operating profit excluding non-recurring and imputed items for the second quarter was EUR11 .3 m , down from EUR13 .8 m a year ago .",0,negative,0,negative,Negative,1,0,FinGPT-Llama-3-8B-LoRA,fpb_decontam,-11.909241676330566,0.82447350025177,-13.471741676330566,0.17281903326511383,-17.62799072265625,0.002707419451326132
41,The fixed acquisition price amounts to NOK 70 ( approximately EUR 8.7 ) million and additional price NOK 15 ( EUR 1.8 ) million at maximum .,1,neutral,1,neutral,Neutral,1,0,FinGPT-Llama-3-8B-LoRA,fpb_decontam,-12.148604393005371,0.08913170546293259,-9.898604393005371,0.8456581234931946,-12.461104393005371,0.06521015614271164
42,The exercise originated in Finland in the early 1930s as a training method for cross-country skiers .,1,neutral,1,neutral,Neutral,1,0,FinGPT-Llama-3-8B-LoRA,fpb_decontam,-13.0211181640625,0.03561968356370926,-9.7711181640625,0.9186437129974365,-12.7711181640625,0.04573657736182213
43,"The huge bridge girders will be delivered to the site from our plant in Ylivieska , Finland .",1,neutral,1,neutral,Neutral,1,0,FinGPT-Llama-3-8B-LoRA,fpb_decontam,-14.97571849822998,0.012049146927893162,-10.60071849822998,0.9571822881698608,-14.03821849822998,0.03076857700943947
44,"no compensation for its news , opinions or distributions .",1,neutral,1,neutral,Neutral,1,0,FinGPT-Llama-3-8B-LoRA,fpb_decontam,-14.004366874694824,0.1057051494717598,-11.879366874694824,0.8850583434104919,-16.441865921020508,0.009236421436071396
45,The writing and publication of Lemmink+ñinen -¦ s history is a continuation of earlier collaboration between Antti Tuuri and the company .,1,neutral,1,neutral,Neutral,1,0,FinGPT-Llama-3-8B-LoRA,fpb_decontam,-13.9988374710083,0.01906157098710537,-10.1238374710083,0.9184379577636719,-12.8113374710083,0.0625004842877388
46,"HUHTAMAKI OYJ STOCK EXCHANGE RELEASE , 16.9.2008 AT 13.32 Huhtamaki 's Capital Markets Day for institutional investors and analysts is held in Espoo , September 16 , 2008 starting at 13.30 pm Finnish time .",1,neutral,1,neutral,Neutral,1,0,FinGPT-Llama-3-8B-LoRA,fpb_decontam,-9.956181526184082,0.0854250118136406,-7.643681526184082,0.8627620935440063,-10.456181526184082,0.05181289091706276
47,The deliveries are scheduled for the summer and autumn of 2008 .,1,neutral,1,neutral,Neutral,1,0,FinGPT-Llama-3-8B-LoRA,fpb_decontam,-15.840293884277344,0.018539484590291977,-11.902793884277344,0.9508941173553467,-15.340293884277344,0.030566442757844925
48,"The contract covers the manufacturing , surface-treatment and installation of the steel structures .",1,neutral,1,neutral,Neutral,1,0,FinGPT-Llama-3-8B-LoRA,fpb_decontam,-13.071573257446289,0.02118515409529209,-9.259073257446289,0.958913266658783,-13.134073257446289,0.019901609048247337
49,"`` The number of collection errors fell considerably , and operations speeded up .",2,positive,2,positive,Positive,1,0,FinGPT-Llama-3-8B-LoRA,fpb_decontam,-13.328536033630371,0.0455952063202858,-10.891036033630371,0.5218095183372498,-11.078536033630371,0.43259528279304504
50,Operating profit improved by 27 % to EUR 579.8 mn from EUR 457.2 mn in 2006 .,2,positive,2,positive,Positive,1,0,FinGPT-Llama-3-8B-LoRA,fpb_decontam,-13.787649154663086,0.008549168705940247,-11.787649154663086,0.06317028403282166,-9.100149154663086,0.9282805919647217
51,"The business had gross written premiums of EUR152 .4 m (  91.5 m ) in 2000 , a net combined ratio of 133 % and 175 staff in total with offices in the UK , Germany and Benelux .",1,neutral,1,neutral,Neutral,1,0,FinGPT-Llama-3-8B-LoRA,fpb_decontam,-10.03941822052002,0.20356804132461548,-8.72691822052002,0.7563470602035522,-11.66441822052002,0.040084924548864365
52,Cameco typically prices sales contracts using a 40:60 ratio of fixed prices and spot prices .,1,neutral,1,neutral,Neutral,1,0,FinGPT-Llama-3-8B-LoRA,fpb_decontam,-15.39484977722168,0.019588274881243706,-11.51984977722168,0.9438159465789795,-14.76984977722168,0.03659571707248688
53,"The value of the contract is about EUR1 .0 m. Poyry , headquartered in Vantaa , Finland provides consulting and engineering services to the energy , forestry and infrastructure & environment sectors .",1,neutral,1,neutral,Neutral,1,0,FinGPT-Llama-3-8B-LoRA,fpb_decontam,-12.350488662719727,0.11388663947582245,-10.350488662719727,0.8415147662162781,-13.287988662719727,0.04459865018725395
54,"The inaugural speech will be given by Hannu Kyrolainen , Finland 's Ambassador to the Czech Republic .",1,neutral,1,neutral,Neutral,1,0,FinGPT-Llama-3-8B-LoRA,fpb_decontam,-14.664322853088379,0.004851771984249353,-9.351822853088379,0.9842146635055542,-13.851822853088379,0.010933637619018555
55,"The financial impact is estimated to be some 1.5 MEUR annual improvement in the division 's result , starting from fiscal year 2007 .",2,positive,2,positive,Positive,1,0,FinGPT-Llama-3-8B-LoRA,fpb_decontam,-11.074163436889648,0.05675220116972923,-9.199163436889648,0.37007084488868713,-8.761663436889648,0.573176920413971
56,"Samsung currently occupies third place and lost ground during the quarter , dropping by 1.8 % to an 11.1 % share overall .",0,negative,0,negative,Negative,1,0,FinGPT-Llama-3-8B-LoRA,fpb_decontam,-12.520210266113281,0.6784178614616394,-13.270210266113281,0.3204619288444519,-18.92646026611328,0.0011202070163562894
57,Tiimari operates 194 stores in six countries -- including its core Finnish market -- and generated a turnover of 76.5 mln eur in 2005 .,1,neutral,1,neutral,Neutral,1,0,FinGPT-Llama-3-8B-LoRA,fpb_decontam,-12.194130897521973,0.04378170520067215,-9.194130897521973,0.8793790936470032,-11.631630897521973,0.07683928310871124
58,"The Whitehall Street Real Estate Funds invest in real estate and real estate related assets , principally through the acquisition of real estate companies , real property and mortgage loans .",1,neutral,1,neutral,Neutral,1,0,FinGPT-Llama-3-8B-LoRA,fpb_decontam,-12.975675582885742,0.036393243819475174,-9.725675582885742,0.9385941028594971,-13.350675582885742,0.025012684985995293
59,"Consisting of seven interconnected units , Mega Image 's logistics center will be 347 metres in length and 12 metres in height .",1,neutral,1,neutral,Neutral,1,0,FinGPT-Llama-3-8B-LoRA,fpb_decontam,-13.617521286010742,0.01216620672494173,-9.242521286010742,0.9664815068244934,-13.055021286010742,0.021352356299757957
60,"In December alone , the members of the Lithuanian Brewers ' Association sold a total of 20.3 million liters of beer , an increase of 1.9 percent from the sales of 19.92 million liters in December 2004 .",2,positive,2,positive,Positive,1,0,FinGPT-Llama-3-8B-LoRA,fpb_decontam,-13.293919563293457,0.012286749668419361,-10.043919563293457,0.3168794512748718,-9.293919563293457,0.6708337664604187
61,Diluted earnings per share ( EPS ) rose to EUR 0.52 versus EUR 0.09 .,2,positive,2,positive,Positive,1,0,FinGPT-Llama-3-8B-LoRA,fpb_decontam,-14.019709587097168,0.014017454348504543,-12.519709587097168,0.0628218725323677,-9.832209587097168,0.9231606721878052
62,"Previously , Grimaldi held a 46.43 pct stake in the Finnish company following the takeover bid launched in November 2006 .",1,neutral,1,neutral,Neutral,1,0,FinGPT-Llama-3-8B-LoRA,fpb_decontam,-13.646038055419922,0.08618851751089096,-11.333538055419922,0.8704731464385986,-14.333538055419922,0.04333830624818802
63,Operating profit was EUR 1.6 mn in 2005 compared to EUR 5.9 mn in 2004 .,0,negative,0,negative,Negative,1,0,FinGPT-Llama-3-8B-LoRA,fpb_decontam,-11.796897888183594,0.6324132680892944,-12.359397888183594,0.3603382110595703,-16.265647888183594,0.007248490117490292
64,"Foundries division reports its sales increased by 9.7 % to EUR 63.1 mn from EUR 57.5 mn in the corresponding period in 2006 , and sales of the Machine Shop division increased by 16.4 % to EUR 41.2 mn from EUR 35.4 mn in the corresponding period in 2006 .",2,positive,2,positive,Positive,1,0,FinGPT-Llama-3-8B-LoRA,fpb_decontam,-14.951635360717773,0.015548456460237503,-11.701635360717773,0.4009999930858612,-11.326635360717773,0.583451509475708
65,The studies are expected to start in 2008 .,1,neutral,1,neutral,Neutral,1,0,FinGPT-Llama-3-8B-LoRA,fpb_decontam,-14.745896339416504,0.015474398620426655,-10.620896339416504,0.9573671817779541,-14.183396339416504,0.02715841680765152
66,Stichting Pensioenfonds ABP : 4 118 122 shares representing 5.19 % of the share capital and voting rights .,1,neutral,1,neutral,Neutral,1,0,FinGPT-Llama-3-8B-LoRA,fpb_decontam,-13.496660232543945,0.051512639969587326,-10.621660232543945,0.9130833148956299,-13.871660232543945,0.035404082387685776
67,"The Web-Marela application handles invitations to quote , quote comparisons , agreements , purchases , invoice inspections , inventory management , and deliveries .",1,neutral,1,neutral,Neutral,1,0,FinGPT-Llama-3-8B-LoRA,fpb_decontam,-10.16698932647705,0.037477366626262665,-6.979489326477051,0.9079934358596802,-9.79198932647705,0.05452924221754074
68,"mn , and pretax profit to EUR 46.4 mn from EUR 35.8 mn in the third quarter of 2006 .",2,positive,1,neutral,Neutral,0,0,FinGPT-Llama-3-8B-LoRA,fpb_decontam,-11.215514183044434,0.05272801220417023,-8.903014183044434,0.5325340628623962,-9.153014183044434,0.4147379398345947
69,"Finnish Suominen Corporation that makes wipes , nonwovens , and flexible packaging , expects changes in the market situation to reduce sales of Suominen 's nonwovens and wet wipes from the previously estimated volumes .",0,negative,0,negative,Negative,1,0,FinGPT-Llama-3-8B-LoRA,fpb_decontam,-12.66292667388916,0.8329735994338989,-14.28792667388916,0.16402222216129303,-18.287927627563477,0.0030041688587516546
70,Rapala aims to move the distribution unit Ragot from Loudeac in Bretagne and the distribution unit Waterqueen and the fishing line supplier Tortue from Saint Marcel in Central France to Morvillars .,1,neutral,1,neutral,Neutral,1,0,FinGPT-Llama-3-8B-LoRA,fpb_decontam,-13.641057014465332,0.13993434607982635,-11.891057014465332,0.8052666187286377,-14.578557014465332,0.05479907989501953
71,Almost the entire office building will be occupied by Metso .,1,neutral,1,neutral,Neutral,1,0,FinGPT-Llama-3-8B-LoRA,fpb_decontam,-15.18629264831543,0.012885110452771187,-10.99879264831543,0.8485868573188782,-12.81129264831543,0.1385280042886734
72,"The price of the 10,000 kroon par value bonds was 9663,51 kroons in the primary issue .",1,neutral,1,neutral,Neutral,1,0,FinGPT-Llama-3-8B-LoRA,fpb_decontam,-11.949156761169434,0.046178027987480164,-8.949156761169434,0.9275104999542236,-12.511656761169434,0.026311447843909264
73,"Ahlstrom 's 5,700 employees serve customers via sales offices and production facilities in more than 20 countries on six continents .",1,neutral,1,neutral,Neutral,1,0,FinGPT-Llama-3-8B-LoRA,fpb_decontam,-14.113682746887207,0.03031076118350029,-10.676182746887207,0.9429400563240051,-14.238682746887207,0.026749152690172195
74,- Counter your competitor 's strengths and target their weaknesses .,1,neutral,1,neutral,Neutral,1,0,FinGPT-Llama-3-8B-LoRA,fpb_decontam,-11.625664710998535,0.34695833921432495,-11.063164710998535,0.6089308857917786,-13.688164710998535,0.04411080479621887
75,"Satama 's net profit for the third quarter of 2007 rose to 275,000 euro ( $ 395,000 ) from 270,000 euro ( $ 388,000 ) for the same period of 2006 .",2,positive,2,positive,Positive,1,0,FinGPT-Llama-3-8B-LoRA,fpb_decontam,-13.614470481872559,0.01814229227602482,-10.676970481872559,0.34231993556022644,-10.051970481872559,0.6395378112792969
76,Shares will be acquired in accordance with section 5 of the rules of NASDAQ OMX Helsinki and other rules applicable to the acquisition of own shares .,1,neutral,1,neutral,Neutral,1,0,FinGPT-Llama-3-8B-LoRA,fpb_decontam,-11.366643905639648,0.12746207416057587,-9.491643905639648,0.8311570286750793,-12.491643905639648,0.0413808710873127
77,"Some 3.8 mln euro ( $ 5.2 mln ) of the base acquisition price will be paid in cash and the rest through a subscription offering of a total of 850,000 new Ixonos shares .",1,neutral,1,neutral,Neutral,1,0,FinGPT-Llama-3-8B-LoRA,fpb_decontam,-12.93094539642334,0.06590034812688828,-10.36844539642334,0.8546086549758911,-12.74344539642334,0.07949098944664001
78,"`` The industry is coming to an interesting fork in the road as both handset manufacturers and wireless carriers attempt to serve as the portal for Web-based service to your wireless handset , '' he wrote .",1,neutral,1,neutral,Neutral,1,0,FinGPT-Llama-3-8B-LoRA,fpb_decontam,-13.404821395874023,0.05784264951944351,-10.654821395874023,0.9048113226890564,-13.842321395874023,0.03734602406620979
79,"CS Cabot exports 55 % of its production mainly to Goodyear , Bridgestone and Michelin plants in Poland , as well as to Germany 's Michelin or Italy 's Pirelli through the company 's logistics center in Paris , Stefan said .",1,neutral,1,neutral,Neutral,1,0,FinGPT-Llama-3-8B-LoRA,fpb_decontam,-13.181331634521484,0.14952333271503448,-11.681331634521484,0.6701170802116394,-12.993831634521484,0.18035957217216492
80,"TietoEnator was down 1.13 pct to 18.38 , extending recent lows after last week 's second-quarter report , dealers said .",0,negative,0,negative,Negative,1,0,FinGPT-Llama-3-8B-LoRA,fpb_decontam,-11.880125045776367,0.9187418222427368,-14.317625045776367,0.08027876168489456,-18.723875045776367,0.0009794689249247313
81,Microsoft last week also issued the first patch for the Windows 7 operating system beta it had released days earlier .,1,neutral,1,neutral,Neutral,1,0,FinGPT-Llama-3-8B-LoRA,fpb_decontam,-13.864581108093262,0.11401982605457306,-11.927081108093262,0.7914544343948364,-14.052081108093262,0.09452575445175171
82,The EUR 0.7 million non-recurring expenses have been recorded for the third quarter .,1,neutral,0,negative,Negative,0,0,FinGPT-Llama-3-8B-LoRA,fpb_decontam,-10.709085464477539,0.5204887390136719,-10.834085464477539,0.4593297243118286,-13.959085464477539,0.02018153853714466
83,Salonen added that data shows producers ' pulp inventories in North America are declining . ',0,negative,2,positive,Positive,0,0,FinGPT-Llama-3-8B-LoRA,fpb_decontam,-13.271827697753906,0.027510296553373337,-11.459327697753906,0.1685210019350052,-9.896827697753906,0.8039687275886536
84,From Merisatama to the far corners of the world Asfaltti Osakeyhti+Â Lemmink+ñinen was established in 1910 by a group of master builders in Helsinki as a specialist business and subcontractor .,1,neutral,1,neutral,Neutral,1,0,FinGPT-Llama-3-8B-LoRA,fpb_decontam,-12.668764114379883,0.03436506167054176,-9.356264114379883,0.9434472322463989,-13.106264114379883,0.02218775264918804
85,"CapMan has four investment areas ( CapMan Buyout , CapMan Technology , CapMan Life Science and CapMan Real Estate ) , and each of them has a dedicated team .",1,neutral,1,neutral,Neutral,1,0,FinGPT-Llama-3-8B-LoRA,fpb_decontam,-12.429423332214355,0.05821435526013374,-9.679423332214355,0.9106257557868958,-13.054423332214355,0.0311599001288414
86,"The business has sales of about ( Euro ) 35 million ( $ 44million ) , and has been responsible for sales and marketing of Lanxess 's paper chemicals business , which Kemira bought for ( Euro ) 88 million early this year ( CW , Jan. 11 , p. 22 ) .",1,neutral,1,neutral,Neutral,1,0,FinGPT-Llama-3-8B-LoRA,fpb_decontam,-12.195382118225098,0.08264707773923874,-9.882882118225098,0.8347058892250061,-12.195382118225098,0.08264707773923874
87,Basware finances the acquisition with a bank loan .,1,neutral,1,neutral,Neutral,1,0,FinGPT-Llama-3-8B-LoRA,fpb_decontam,-14.273761749267578,0.016694985330104828,-10.211261749267578,0.9703029990196228,-14.523761749267578,0.013002067804336548
88,"Net sales of Kyro 's main business area , Glaston Technologies , a manufacturer of glass processing machines , decreased to EUR 161.5 mn from EUR 164.1 mn in January-September 2005 .",0,negative,0,negative,Negative,1,0,FinGPT-Llama-3-8B-LoRA,fpb_decontam,-11.09414005279541,0.8799707293510437,-13.09414005279541,0.11909108608961105,-17.937889099121094,0.0009381359559483826
89,Operating profit totaled EUR 17.7 mn compared to EUR 17.6 mn in the corresponding period in 2007 .,2,positive,1,neutral,Neutral,0,0,FinGPT-Llama-3-8B-LoRA,fpb_decontam,-12.078730583190918,0.07717690616846085,-9.703730583190918,0.8297299742698669,-11.891230583190918,0.09309311956167221
90,The company 's model is based on developer contracting construction projects and customer focused project management .,1,neutral,1,neutral,Neutral,1,0,FinGPT-Llama-3-8B-LoRA,fpb_decontam,-14.158231735229492,0.01142178289592266,-9.720731735229492,0.9658633470535278,-13.470731735229492,0.022714929655194283
91,Technical indicators for the stock are bullish and S&P gives NOK a positive 4 STARS out of 5 buy ranking .,2,positive,2,positive,Positive,1,0,FinGPT-Llama-3-8B-LoRA,fpb_decontam,-16.155593872070312,0.0036209793761372566,-13.468092918395996,0.05320996046066284,-10.593092918395996,0.9431690573692322
92,Operating profit increased by 145.1 % to EUR 8.3 mn from EUR 3.4 mn .,2,positive,2,positive,Positive,1,0,FinGPT-Llama-3-8B-LoRA,fpb_decontam,-12.32779312133789,0.01322976965457201,-10.82779312133789,0.05929171293973923,-8.07779312133789,0.9274784922599792
93,Cash Flow from Operations for the most recent quarter also reached a eight year low .,0,negative,0,negative,Negative,1,0,FinGPT-Llama-3-8B-LoRA,fpb_decontam,-11.490446090698242,0.8590505719184875,-13.302946090698242,0.14023615419864655,-18.584196090698242,0.0007132507744245231
94,"Payment for acquired shares will be made in cash , and the price per share will be EUR 1 plus an administration fee .",1,neutral,1,neutral,Neutral,1,0,FinGPT-Llama-3-8B-LoRA,fpb_decontam,-14.100908279418945,0.014657431282103062,-9.913408279418945,0.9653082489967346,-13.788408279418945,0.02003433369100094
95,"Cargotec 's sales totalled EUR 3.4 billion in 2008 and it employs approximately 11,000 people .",1,neutral,1,neutral,Neutral,1,0,FinGPT-Llama-3-8B-LoRA,fpb_decontam,-12.487994194030762,0.12367911636829376,-10.550494194030762,0.8585031628608704,-14.425494194030762,0.0178176648914814
96,The mill is concentrating on getting the supercalendered line running satisfactorily before restarting its older newsprint line .,1,neutral,1,neutral,Neutral,1,0,FinGPT-Llama-3-8B-LoRA,fpb_decontam,-13.54129409790039,0.14538443088531494,-11.85379409790039,0.7859408259391785,-14.29129409790039,0.06867474317550659
97,"As of July 2 , 2007 , the market cap segments will be updated according to the average price in May 2007 .",1,neutral,1,neutral,Neutral,1,0,FinGPT-Llama-3-8B-LoRA,fpb_decontam,-13.858678817749023,0.096290223300457,-11.671178817749023,0.8582254648208618,-14.608678817749023,0.045484282076358795
98,"About 36 % of this came from Aspo Chemicals , 39 % from Aspo Shipping and 25 % from Aspo Systems .",1,neutral,1,neutral,Neutral,1,0,FinGPT-Llama-3-8B-LoRA,fpb_decontam,-13.819131851196289,0.12676362693309784,-11.944131851196289,0.8266026377677917,-14.819131851196289,0.046633731573820114
99,`` Our Vaalipalvelu-service was especially developed for use by communities and organizations .,1,neutral,1,neutral,Neutral,1,0,FinGPT-Llama-3-8B-LoRA,fpb_decontam,-10.535614967346191,0.011281144805252552,-6.098114967346191,0.9539704918861389,-9.410614967346191,0.034748375415802
100,Pertti Ervi is independent from the Company and its major shareholders .,1,neutral,1,neutral,Neutral,1,0,FinGPT-Llama-3-8B-LoRA,fpb_decontam,-14.886523246765137,0.016776612028479576,-10.824023246765137,0.9750471115112305,-15.605273246765137,0.008176268078386784
101,"The sale of Savcor FACE to Cencorp will result in a profit or loss which can not yet be determined , owing to factors including the valuation of the consideration shares to be received and prevailing exchange rates .",1,neutral,1,neutral,Neutral,1,0,FinGPT-Llama-3-8B-LoRA,fpb_decontam,-13.216524124145508,0.06720741093158722,-10.591524124145508,0.9277696013450623,-15.810274124145508,0.005023030564188957
102,A 2001 agreement expired earlier this month .,1,neutral,1,neutral,Neutral,1,0,FinGPT-Llama-3-8B-LoRA,fpb_decontam,-14.938764572143555,0.13194307684898376,-13.063764572143555,0.8603769540786743,-17.782514572143555,0.0076800077222287655
103,"The company operates a U.S. division in Lisle , Ill. .",1,neutral,1,neutral,Neutral,1,0,FinGPT-Llama-3-8B-LoRA,fpb_decontam,-16.345806121826172,0.006259246729314327,-11.283307075500488,0.9888660311698914,-16.595806121826172,0.004874706268310547
104,"In October , UPM reported a third-quarter net loss of euro86 million $ 110 million compared with a net profit of euro120 million in 2007 .",0,negative,0,negative,Negative,1,0,FinGPT-Llama-3-8B-LoRA,fpb_decontam,-10.305355072021484,0.9037788510322571,-12.555355072021484,0.09525758773088455,-17.149105072021484,0.0009635169408284128
105,"ADP News - Feb 25 , 2009 - Finnish printed circuit board PCB maker Aspocomp Group Oyj HEL : ACG1V said today it swung to a net profit of EUR 300,000 USD 385,000 for 2008 versus a net loss of EUR 65.3 million",2,positive,-1,UNPARSEABLE,,0,1,FinGPT-Llama-3-8B-LoRA,fpb_decontam,-11.973546981811523,0.05997779220342636,-10.723546981811523,0.2093430757522583,-9.473546981811523,0.7306790947914124
106,An EU law on the issue may be introduced around 2010 .,1,neutral,1,neutral,Neutral,1,0,FinGPT-Llama-3-8B-LoRA,fpb_decontam,-14.262569427490234,0.07533851265907288,-11.825069427490234,0.8622036576271057,-14.450069427490234,0.06245782598853111
107,The value of the multi-year agreement is over EUR 2mn a year .,1,neutral,1,neutral,Neutral,1,0,FinGPT-Llama-3-8B-LoRA,fpb_decontam,-12.168745040893555,0.01722806692123413,-8.231245040893555,0.8836312294006348,-10.418745040893555,0.09914066642522812
108,"Profit before taxes was EUR 4.0 mn , down from EUR 4.9 mn .",0,negative,0,negative,Negative,1,0,FinGPT-Llama-3-8B-LoRA,fpb_decontam,-11.381693840026855,0.8259368538856506,-12.944193840026855,0.17312577366828918,-18.16294288635254,0.0009373198263347149
109,"In the fourth quarter of 2008 , net sales increased by 2 % to EUR 1,050.7 mn from EUR 1,027.0 mn in the fourth quarter of 2007 .",2,positive,2,positive,Positive,1,0,FinGPT-Llama-3-8B-LoRA,fpb_decontam,-13.095300674438477,0.021131690591573715,-10.157800674438477,0.3987257480621338,-9.782800674438477,0.5801424980163574
110,Finnish waste management and cleaning group Lassila & Tikanoja Oyj ( L&T ) net profit went down to 32.2 mln euro ( $ 47.7 mln ) for 2007 from 35.3 mln euro ( $ 52.3 mln ) for 2006 .,0,negative,0,negative,Negative,1,0,FinGPT-Llama-3-8B-LoRA,fpb_decontam,-10.647357940673828,0.886059045791626,-12.709857940673828,0.11264975368976593,-17.178607940673828,0.0012911503436043859
111,The MET is located in the Central Business District ( CBD ) of Bangkok .,1,neutral,1,neutral,Neutral,1,0,FinGPT-Llama-3-8B-LoRA,fpb_decontam,-14.709808349609375,0.01552393939346075,-10.584808349609375,0.9604321122169495,-14.272308349609375,0.02404394932091236
112,"Nordic banks have already had to write off sizable loans in Latvia , with Swedbank , Nordea , DnB NOR and SEB reporting combined losses in excess of $ 1.35 billion in the period 2007 to 2010 against a backdrop of near economic meltdown in Latvia .",0,negative,0,negative,Negative,1,0,FinGPT-Llama-3-8B-LoRA,fpb_decontam,-12.448211669921875,0.736280083656311,-13.510711669921875,0.25445160269737244,-16.823211669921875,0.009268398396670818
113,"At the moment , there are approximately 20 Vianor sales offices in Russia .",1,neutral,1,neutral,Neutral,1,0,FinGPT-Llama-3-8B-LoRA,fpb_decontam,-15.578792572021484,0.012049146927893162,-11.203792572021484,0.9571822881698608,-14.641292572021484,0.03076857700943947
114,"The company said that 80 % of the shares of the holding company will be sold to Meadville Holdings Limited , a Hong Kong listed parent company of the Meadville Group .",1,neutral,1,neutral,Neutral,1,0,FinGPT-Llama-3-8B-LoRA,fpb_decontam,-12.226171493530273,0.05017145350575447,-9.351171493530273,0.8893102407455444,-12.038671493530273,0.06051832064986229
115,Net sales dropped by 6 % year-on-year to EUR 11.9 million .,0,negative,0,negative,Negative,1,0,FinGPT-Llama-3-8B-LoRA,fpb_decontam,-11.450271606445312,0.9039714932441711,-13.700271606445312,0.09527789056301117,-18.544021606445312,0.0007505476241931319
116,"The second variant offers complete final finishing of any selected apartment with foreign high quality materials ( Finland , Denmark , Germany , France ) .",1,neutral,1,neutral,Neutral,1,0,FinGPT-Llama-3-8B-LoRA,fpb_decontam,-10.9530029296875,0.019353820011019707,-7.140503406524658,0.8760203719139099,-9.2655029296875,0.10462576895952225
117,EBIT excluding non-recurring items was estimated to increase from 2009 .,2,positive,2,positive,Positive,1,0,FinGPT-Llama-3-8B-LoRA,fpb_decontam,-14.981165885925293,0.03264375776052475,-13.293665885925293,0.17647048830986023,-11.793665885925293,0.7908858060836792
118,Runway Visual Range is a calculated assessment of the distance that a pilot can see down a runway .,1,neutral,1,neutral,Neutral,1,0,FinGPT-Llama-3-8B-LoRA,fpb_decontam,-12.019294738769531,0.2690460979938507,-11.081794738769531,0.6870332956314087,-13.831794738769531,0.043920569121837616
119,The company will propose a dividend of EUR0 .12 per share for 2008 .,1,neutral,1,neutral,Neutral,1,0,FinGPT-Llama-3-8B-LoRA,fpb_decontam,-14.462961196899414,0.015414487570524216,-10.400461196899414,0.8958812355995178,-12.712961196899414,0.08870425820350647
120,"Finland-based Elcoteq SE , a privately held provider of electronics manufacturing services to communications companies , said Thursday it signed a long-term manufacturing supply deal with communications equipment company Andrew Corp. .",2,positive,2,positive,Positive,1,0,FinGPT-Llama-3-8B-LoRA,fpb_decontam,-11.855831146240234,0.03684695437550545,-9.418331146240234,0.42169106006622314,-9.168331146240234,0.5414620041847229
121,The company slipped to an operating loss of EUR 2.6 million from a profit of EUR 1.3 million .,0,negative,0,negative,Negative,1,0,FinGPT-Llama-3-8B-LoRA,fpb_decontam,-11.233477592468262,0.8167925477027893,-12.733477592468262,0.18225105106830597,-17.983476638793945,0.0009563666535541415
122,"Konecranes Oyj KCR1V FH fell 5.5 percent to 20.51 euros , the biggest fall since June .",0,negative,0,negative,Negative,1,0,FinGPT-Llama-3-8B-LoRA,fpb_decontam,-10.629042625427246,0.9664435386657715,-14.004042625427246,0.033069878816604614,-18.222793579101562,0.0004866899107582867
123,"When the product is manufactured in Finland , it is also packed in the country .",1,neutral,1,neutral,Neutral,1,0,FinGPT-Llama-3-8B-LoRA,fpb_decontam,-15.92949104309082,0.003433588892221451,-10.30449104309082,0.9520390033721924,-13.36699104309082,0.044527459889650345
124,The parties have agreed not to disclose the transaction value .,1,neutral,1,neutral,Neutral,1,0,FinGPT-Llama-3-8B-LoRA,fpb_decontam,-17.601179122924805,0.003587316023185849,-11.976178169250488,0.9946643114089966,-18.319929122924805,0.0017483183182775974
125,Lieksaare Oy has earlier been regarded under the control of Saarelainen Oy and the individual shareholders under the shareholder agreement .,1,neutral,1,neutral,Neutral,1,0,FinGPT-Llama-3-8B-LoRA,fpb_decontam,-13.556339263916016,0.07414285093545914,-11.056339263916016,0.9032447934150696,-14.743839263916016,0.02261229231953621
126,Sanoma announced the Stock Option Scheme 2008 on 19 December 2008 .,1,neutral,1,neutral,Neutral,1,0,FinGPT-Llama-3-8B-LoRA,fpb_decontam,-13.937854766845703,0.04883969947695732,-11.000354766845703,0.9215375781059265,-14.437854766845703,0.029622778296470642
127,Cargotec 's business areas also include the container handling solutions business area Kalmar and the marine cargo handling and offshore load handling solutions business area MacGREGOR .,1,neutral,1,neutral,Neutral,1,0,FinGPT-Llama-3-8B-LoRA,fpb_decontam,-13.632954597473145,0.06518974900245667,-11.007954597473145,0.8999167084693909,-14.257954597473145,0.03489355742931366
128,"The company 's net profit amounted to EE 55.5 mn , which was 36 % more than in 2004 .",2,positive,2,positive,Positive,1,0,FinGPT-Llama-3-8B-LoRA,fpb_decontam,-11.748394012451172,0.015364306978881359,-9.498394012451172,0.14577248692512512,-7.748393535614014,0.8388631343841553
129,"The reason for this is St. Petersburg status as a capital , one of the participants in the meeting quoted Chikunov as saying .",1,neutral,1,neutral,Neutral,1,0,FinGPT-Llama-3-8B-LoRA,fpb_decontam,-13.67247486114502,0.039798248559236526,-10.54747486114502,0.9058039784431458,-13.35997486114502,0.05439775437116623
130,"The company said that paper demand increased in all of its main markets , including of publication papers , and that it increased average paper prices by 4 percent compared with last year .",2,positive,2,positive,Positive,1,0,FinGPT-Llama-3-8B-LoRA,fpb_decontam,-14.705892562866211,0.016868429258465767,-12.393392562866211,0.1703650951385498,-10.830892562866211,0.812766432762146
131,"Tieto 's service is also used to send , process and receive materials related to absentee voting .",1,neutral,1,neutral,Neutral,1,0,FinGPT-Llama-3-8B-LoRA,fpb_decontam,-12.512879371643066,0.057703662663698196,-9.762879371643066,0.9026371836662292,-12.887879371643066,0.039659108966588974
132,"An  of the invention , released by the Patent Office , said : `` The chambers are pressurized .",1,neutral,1,neutral,Neutral,1,0,FinGPT-Llama-3-8B-LoRA,fpb_decontam,-12.319849014282227,0.08836447447538376,-10.069849014282227,0.8383787870407104,-12.507349014282227,0.0732567235827446
133,The value of the order is EUR 4mn .,1,neutral,1,neutral,Neutral,1,0,FinGPT-Llama-3-8B-LoRA,fpb_decontam,-13.806467056274414,0.028800198808312416,-10.306467056274414,0.9537315964698792,-14.306467056274414,0.017468202859163284
134,"The business area has operations in Finland , Sweden , Denmark , Estonia , Latvia and Lithuania .",1,neutral,1,neutral,Neutral,1,0,FinGPT-Llama-3-8B-LoRA,fpb_decontam,-15.668034553527832,0.010228907689452171,-11.105534553527832,0.9801619052886963,-15.730534553527832,0.009609170258045197
135,Her last position in Nokia Siemens Networks was head of Business Human Resources NSN global IT .,1,neutral,1,neutral,Neutral,1,0,FinGPT-Llama-3-8B-LoRA,fpb_decontam,-13.206918716430664,0.03466771915555,-9.894418716430664,0.9517562389373779,-14.144418716430664,0.01357607264071703
136,"Typically , the transmission power level can be decreased when the interference noise is above a predefined value .",1,neutral,0,negative,Negative,0,0,FinGPT-Llama-3-8B-LoRA,fpb_decontam,-9.633298873901367,0.4257885813713074,-9.883298873901367,0.3316044807434082,-10.195798873901367,0.2426069974899292
137,"The contractor of the shopping center , China State Construction Engineering Corporation , has previously built e.g. airports , hotels and factories for large international customers in different parts of the world .",1,neutral,1,neutral,Neutral,1,0,FinGPT-Llama-3-8B-LoRA,fpb_decontam,-13.351018905639648,0.039841871708631516,-10.288518905639648,0.8518567085266113,-12.351018905639648,0.10830142349004745
138,"The order includes a log handling line , peeling line and drying line for the production of parquet base layer veneer for Plyfa 's Hassela mill , central Sweden .",1,neutral,1,neutral,Neutral,1,0,FinGPT-Llama-3-8B-LoRA,fpb_decontam,-14.2232666015625,0.028249002993106842,-10.7232666015625,0.9354785084724426,-13.9732666015625,0.03627243638038635
139,The products have a low salt and fat content .,1,neutral,1,neutral,Neutral,1,0,FinGPT-Llama-3-8B-LoRA,fpb_decontam,-14.395042419433594,0.016404643654823303,-10.582542419433594,0.742530882358551,-11.707542419433594,0.24106447398662567
140,"ADP News - Nov 13 , 2008 - Finnish printed circuit board PCB maker Aspocomp Group Oyj OMX : ACG1V said today that its net loss narrowed to EUR 2 million USD 2.5 m in the first nine months of 2008 from EUR 57",2,positive,-1,UNPARSEABLE,,0,1,FinGPT-Llama-3-8B-LoRA,fpb_decontam,-11.082978248596191,0.14339357614517212,-10.020478248596191,0.4149231016635895,-9.957978248596191,0.4416833221912384
141,Finnish cutlery and hand tools maker Fiskars Oyj Abp ( HEL : FISAS ) said today its net profit rose to EUR 24.1 million ( USD 33.6 m ) in the third quarter of 2010 from EUR 17.9 million a year earlier .,2,positive,2,positive,Positive,1,0,FinGPT-Llama-3-8B-LoRA,fpb_decontam,-12.343093872070312,0.005058373790234327,-10.530593872070312,0.030986297875642776,-7.0930938720703125,0.9639554023742676
142,SCANIA Morgan Stanley lifted the share target on Swedish heavy-duty truck and bus maker Scania AB to 330 crowns ( $ 42.4 - 35.2 euro ) from 310 crowns ( $ 39.8 - 33.1 euro ) .,2,positive,-1,UNPARSEABLE,,0,1,FinGPT-Llama-3-8B-LoRA,fpb_decontam,-14.57750129699707,0.005442595109343529,-13.26500129699707,0.020221693441271782,-9.39000129699707,0.9743357300758362
143,"The reorganisation will be carried out by transferring HKScan Corporation 's production-related property , plant and equipment in Finland as well as its holdings in subsidiaries and associates to HKScan Finland Oy , a holding company wholly owned by HKScan Corporation .",1,neutral,1,neutral,Neutral,1,0,FinGPT-Llama-3-8B-LoRA,fpb_decontam,-13.933810234069824,0.04916183277964592,-10.996310234069824,0.9276157021522522,-14.683810234069824,0.023222407326102257
144,"In Middle East & North Africa , Tecnotree has grown considerably in the recent years .",2,positive,2,positive,Positive,1,0,FinGPT-Llama-3-8B-LoRA,fpb_decontam,-16.58074188232422,0.00654523866251111,-12.611991882324219,0.3463631868362427,-11.986991882324219,0.6470915675163269
145,Finnish automation solutions developer Cencorp Corporation ( OMX Helsinki : CNC1V ) issued on Thursday ( 18 September ) a profit warning for the third quarter of 2008 .,0,negative,0,negative,Negative,1,0,FinGPT-Llama-3-8B-LoRA,fpb_decontam,-11.56663703918457,0.9087390899658203,-13.87913703918457,0.08997736126184464,-18.12913703918457,0.0012834580847993493
146,Ruukki 's order book at the end of 2010 was 30 % up year-on-year and 10 % up quarter-on-quarter .,2,positive,2,positive,Positive,1,0,FinGPT-Llama-3-8B-LoRA,fpb_decontam,-13.996343612670898,0.011980934999883175,-10.308843612670898,0.47857677936553955,-10.246343612670898,0.5094423294067383
147,The transactions would increase earnings per share in the first quarter by some EUR0 .28 .,2,positive,2,positive,Positive,1,0,FinGPT-Llama-3-8B-LoRA,fpb_decontam,-13.593503952026367,0.018695073202252388,-10.531003952026367,0.3997182846069336,-10.156003952026367,0.5815866589546204
148,"Finnish plumbing and heating systems supplier Uponor 's net sales in continuing business operations decreased to EUR 249.1 mn in July-September 2008 , compared to EUR 262.1 mn in the third quarter of 2007 .",0,negative,0,negative,Negative,1,0,FinGPT-Llama-3-8B-LoRA,fpb_decontam,-9.733942985534668,0.9355800151824951,-12.421442985534668,0.06366702169179916,-16.85894203186035,0.0007528928690589964
149,"The business units of the InvestLesProm Group cover the full forest industry chain , and the Group owns forests , sawmills , paper and pulp mills , and other processing plants .",1,neutral,1,neutral,Neutral,1,0,FinGPT-Llama-3-8B-LoRA,fpb_decontam,-12.133102416992188,0.03992984816431999,-9.008102416992188,0.9087991714477539,-11.883102416992188,0.05127094313502312
150,"The acquisition was financed with $ 2.56 billion of debt arranged by Goldman , Sachs & Co. .",1,neutral,1,neutral,Neutral,1,0,FinGPT-Llama-3-8B-LoRA,fpb_decontam,-10.779059410095215,0.034748375415802,-7.466559410095215,0.9539704918861389,-11.904059410095215,0.011281144805252552
151,"The contract covers turnkey deliveries to all five airports operated by the authority -- John F Kennedy , LaGuardia , Newark , Teterboro and Stewart International .",1,neutral,1,neutral,Neutral,1,0,FinGPT-Llama-3-8B-LoRA,fpb_decontam,-12.184814453125,0.058610700070858,-9.497314453125,0.8612779974937439,-11.872314453125,0.08011132478713989
152,at 9:00 EET Alma Media 's Annual Report for 2009 is scheduled to be published in calendar week 9 .,1,neutral,1,neutral,Neutral,1,0,FinGPT-Llama-3-8B-LoRA,fpb_decontam,-12.415369987487793,0.02912176214158535,-8.915369987487793,0.9643803238868713,-13.915369987487793,0.0064979433082044125
153,"Profit for the period was EUR 9.8 mn , up from EUR 6.0 mn in 2004 .",2,positive,2,positive,Positive,1,0,FinGPT-Llama-3-8B-LoRA,fpb_decontam,-13.372129440307617,0.008681667037308216,-10.872129440307617,0.10576435178518295,-8.747129440307617,0.8855540156364441
154,"HK Ruokatalo produces many turkey products , such as cold cuts .",1,neutral,1,neutral,Neutral,1,0,FinGPT-Llama-3-8B-LoRA,fpb_decontam,-15.037252426147461,0.022357704117894173,-11.287252426147461,0.9506736993789673,-14.849752426147461,0.026968538761138916
155,Le Lay succeeds Walter G++nter and will be based in Finland .,1,neutral,1,neutral,Neutral,1,0,FinGPT-Llama-3-8B-LoRA,fpb_decontam,-15.206058502197266,0.01762695424258709,-11.206058502197266,0.9623990654945374,-15.081058502197266,0.019973954185843468
156,"In Q1 of 2009 , the company 's operating loss totalled EUR 0.3 mn , compared to a profit of EUR 3.6 mn in Q1 of 2008 .",0,negative,0,negative,Negative,1,0,FinGPT-Llama-3-8B-LoRA,fpb_decontam,-12.526795387268066,0.5919457077980042,-12.901795387268066,0.40683794021606445,-18.714296340942383,0.0012164221843704581
157,"EXEL COMPOSITES IN BRIEF Exel Composites is a technology company which designs , manufactures and markets composite profiles and tubes for industrial applications .",1,neutral,1,neutral,Neutral,1,0,FinGPT-Llama-3-8B-LoRA,fpb_decontam,-12.90212631225586,0.1494220346212387,-11.21462631225586,0.8077678680419922,-14.15212631225586,0.04281013086438179
158,The terms of the transactions remained undisclosed .,1,neutral,1,neutral,Neutral,1,0,FinGPT-Llama-3-8B-LoRA,fpb_decontam,-15.845611572265625,0.006087878253310919,-10.751861572265625,0.9923239946365356,-17.189361572265625,0.0015881180297583342
159,"26 January 2011 - Finnish metal products company Componenta Oyj ( HEL : CTH1V ) said yesterday its net loss narrowed to EUR500 ,000 in the last quarter of 2010 from EUR5 .3 m for the same period a year earlier .",2,positive,-1,UNPARSEABLE,,0,1,FinGPT-Llama-3-8B-LoRA,fpb_decontam,-10.545454025268555,0.25070589780807495,-10.545454025268555,0.25070589780807495,-9.857954025268555,0.4985882043838501
160,Feed companies Suomen Rehu and Raisio do no import GMO feed .,1,neutral,1,neutral,Neutral,1,0,FinGPT-Llama-3-8B-LoRA,fpb_decontam,-12.36872673034668,0.087246835231781,-10.18122673034668,0.777622640132904,-11.93122673034668,0.13513053953647614
161,Symphony Services provides development services for Aldata GOLD .,1,neutral,1,neutral,Neutral,1,0,FinGPT-Llama-3-8B-LoRA,fpb_decontam,-14.16080379486084,0.05740055814385414,-11.41080379486084,0.8978958129882812,-14.41080379486084,0.04470359906554222
162,All depends on financing .,1,neutral,1,neutral,Neutral,1,0,FinGPT-Llama-3-8B-LoRA,fpb_decontam,-11.936175346374512,0.14455360174179077,-10.186175346374512,0.8318486213684082,-13.748675346374512,0.023597730323672295
163,"The first phase of the logistics complex envisages the completion of some 70,000 sq m of logistics premises and the gatehouse building in November 2008 .",1,neutral,1,neutral,Neutral,1,0,FinGPT-Llama-3-8B-LoRA,fpb_decontam,-11.558599472045898,0.03241223469376564,-8.246099472045898,0.8898348808288574,-10.683599472045898,0.07775290310382843
164,Finnish communication electronics components supplier Scanfil Oyj Tuesday said sales in the first half of 2006 will be 15 % lower than during the same period a year ago .,0,negative,0,negative,Negative,1,0,FinGPT-Llama-3-8B-LoRA,fpb_decontam,-10.143610954284668,0.9185895919799805,-12.581110954284668,0.08026546239852905,-16.83111000061035,0.001144926529377699
165,"Before Kemira 's installation NordAlu was producing 3,500 tons of liquid and solid aluminum waste per year .",1,neutral,1,neutral,Neutral,1,0,FinGPT-Llama-3-8B-LoRA,fpb_decontam,-8.546107292175293,0.37007084488868713,-8.108607292175293,0.573176920413971,-10.421107292175293,0.05675220489501953
166,"cents The profile contains business operations , the company history , major products and services , prospects , key competitors , structure and key employees , locations and subsidiaries .",1,neutral,1,neutral,neutral,1,0,FinGPT-Llama-3-8B-LoRA,fpb_decontam,-10.341652870178223,0.021455062553286552,-6.529152870178223,0.9711303114891052,-11.404152870178223,0.007414671126753092
167,Net sales decreased to EUR 91.6 mn from EUR 109mn in the corresponding period in 2005 .,0,negative,0,negative,Negative,1,0,FinGPT-Llama-3-8B-LoRA,fpb_decontam,-11.559416770935059,0.8664852976799011,-13.434416770935059,0.1328798234462738,-18.778165817260742,0.0006348897586576641
168,The Insolvency Act regulates the amount of debt that borrowers are permitted to write off .,1,neutral,1,neutral,Neutral,1,0,FinGPT-Llama-3-8B-LoRA,fpb_decontam,-14.249086380004883,0.06938689202070236,-11.686586380004883,0.8998228907585144,-15.061586380004883,0.030790245160460472
169,Operating income rose to EUR 696.4 mn from EUR 600.3 mn in 2009 .,2,positive,2,positive,Positive,1,0,FinGPT-Llama-3-8B-LoRA,fpb_decontam,-13.68439769744873,0.009595843032002449,-11.68439769744873,0.07090422511100769,-9.12189769744873,0.919499933719635
170,"Profit before taxes amounted to EUR 56.5 mn , down from EUR 232.9 mn a year ago .",0,negative,0,negative,Negative,1,0,FinGPT-Llama-3-8B-LoRA,fpb_decontam,-11.103682518005371,0.7873099446296692,-12.416182518005371,0.21190160512924194,-18.009931564331055,0.0007884966325946152
171,The value of the three-year contract is estimated at EUR40m .,1,neutral,1,neutral,Neutral,1,0,FinGPT-Llama-3-8B-LoRA,fpb_decontam,-10.909489631652832,0.03771904483437538,-7.721989631652832,0.9138487577438354,-10.659489631652832,0.048432208597660065
172,The per-share subscription price of the shares subscribed with the option rights was EUR 1.35 .,1,neutral,1,neutral,Neutral,1,0,FinGPT-Llama-3-8B-LoRA,fpb_decontam,-12.542034149169922,0.04265222325921059,-9.479534149169922,0.9119446873664856,-12.479534149169922,0.04540305212140083
173,"`` The biggest challenge was to make the piece look raw , '' Hansen said .",1,neutral,1,neutral,Neutral,1,0,FinGPT-Llama-3-8B-LoRA,fpb_decontam,-14.582000732421875,0.00666742492467165,-9.582000732421875,0.9895336031913757,-15.144500732421875,0.003798984456807375
174,"- The Group -¦ s cumulative sales during the review period were EUR 48.2 million EUR 53.1 million , 1-9/2007 and profit before taxes was EUR 1.2 1.4 million .",1,neutral,1,neutral,Neutral,1,0,FinGPT-Llama-3-8B-LoRA,fpb_decontam,-11.383438110351562,0.24371179938316345,-10.320938110351562,0.7052034735679626,-12.945938110351562,0.051084768027067184
175,"RAPALA TOURNAMENT FISHING : With all the major titles already out for the holidays , bargain-priced games such as Rapala aim for a smaller audience .",1,neutral,1,neutral,Neutral,1,0,FinGPT-Llama-3-8B-LoRA,fpb_decontam,-12.441362380981445,0.31094399094581604,-11.691362380981445,0.658268392086029,-14.753862380981445,0.030787624418735504
176,"ADP News - Nov 6 , 2008 - Finnish retail software developer Aldata Solution Oyj OMX : ALD1V said today that it swung to a net profit of EUR 2.1 million USD 2.7 m for the first nine months of 2008 versus a net loss of EU",2,positive,1,neutral,Neutral,0,0,FinGPT-Llama-3-8B-LoRA,fpb_decontam,-10.993720054626465,0.13598130643367767,-9.618720054626465,0.5378165245056152,-10.118720054626465,0.3262022137641907
177,"A total of 1,800,000 stock options were issued in the 2003 stock option scheme .",1,neutral,1,neutral,Neutral,1,0,FinGPT-Llama-3-8B-LoRA,fpb_decontam,-9.70594596862793,0.10881086438894272,-7.643446445465088,0.8558633923530579,-10.83094596862793,0.03532571718096733
178,Operating profit rose to EUR 1.6 mn from EUR 1.1 mn in the corresponding period in 2006 .,2,positive,2,positive,Positive,1,0,FinGPT-Llama-3-8B-LoRA,fpb_decontam,-13.883572578430176,0.01602824591100216,-11.571072578430176,0.1618795394897461,-9.946072578430176,0.8220921754837036
179,Risk exposure by Non-life Insurance  Moving 12-month  Expenses by function in Non-life Insurance excluding expenses for investment management and expenses for other services rendered Non-life Insurance investment portfolio by allocation,1,neutral,1,neutral,Neutral,1,0,FinGPT-Llama-3-8B-LoRA,fpb_decontam,-8.046292304992676,0.3733298182487488,-7.858792304992676,0.4503217041492462,-8.796292304992676,0.1763485074043274
180,`` The combined activities will create value for shareholders and be good for our employees and customers .,2,positive,1,neutral,Neutral,0,0,FinGPT-Llama-3-8B-LoRA,fpb_decontam,-14.227598190307617,0.0025389953516423702,-8.602598190307617,0.703993022441864,-9.477598190307617,0.2934679687023163
181,"Tikkurila Powder Coatings has some 50 employees at its four paint plants , which generated revenues of EUR2 .4 m USD3 .3 m in 2010 .",1,neutral,1,neutral,Neutral,1,0,FinGPT-Llama-3-8B-LoRA,fpb_decontam,-12.370161056518555,0.05477043613791466,-9.557661056518555,0.912009596824646,-12.870161056518555,0.033219948410987854
182,"The company is also seeking possibilities to relocate the Luumaki personnel , some 50 people , to other UPM mills .",1,neutral,1,neutral,Neutral,1,0,FinGPT-Llama-3-8B-LoRA,fpb_decontam,-12.5923490524292,0.1494220346212387,-10.9048490524292,0.8077678680419922,-13.8423490524292,0.04281013086438179
183,"Target company : Tieto Corporation , Business Identity Code : 0101138-5 Date of change in holding : 22 January 2010 Portion of the shares and votes : The current group holding of OP-Pohjola Group Central Cooperative ( OPK ) is 2982 587 shares , which represents 4.14 % of the shares and voting rights .",1,neutral,1,neutral,Neutral,1,0,FinGPT-Llama-3-8B-LoRA,fpb_decontam,-10.631749153137207,0.13210929930210114,-8.819249153137207,0.8092675805091858,-11.444249153137207,0.05862314999103546
184,"Danske Bank A-S DANSKE DC jumped 3.7 percent to 133.4 kroner , rebounding from yesterday s 3.5 percent slide .",2,positive,2,positive,Positive,1,0,FinGPT-Llama-3-8B-LoRA,fpb_decontam,-15.50709342956543,0.006184166297316551,-14.50709342956543,0.016810307279229164,-10.44459342956543,0.9770054817199707
185,The new factory working model and reorganisations would decrease Nokian Tyres ' costs in the factory by EUR 30 million ( USD 38.7 m ) .,2,positive,2,positive,Positive,1,0,FinGPT-Llama-3-8B-LoRA,fpb_decontam,-11.72404670715332,0.11298222094774246,-10.59904670715332,0.34800976514816284,-10.16154670715332,0.5390080213546753
186,Sales in Finland rose by 3.9 % and international growth was 0.7 % .,2,positive,2,positive,Positive,1,0,FinGPT-Llama-3-8B-LoRA,fpb_decontam,-14.54780101776123,0.007027029059827328,-10.17280101776123,0.5582260489463806,-10.42280101776123,0.4347468912601471
187,Tielinja generated net sales of 7.5 mln euro $ 9.6 mln in 2005 .,1,neutral,1,neutral,Neutral,1,0,FinGPT-Llama-3-8B-LoRA,fpb_decontam,-11.698473930358887,0.07324273139238358,-9.385973930358887,0.7397254109382629,-10.760973930358887,0.18703186511993408
188,"comparable operating profit totaled EUR 854mn , up from EUR 730mn in 2004 .",2,positive,2,positive,Positive,1,0,FinGPT-Llama-3-8B-LoRA,fpb_decontam,-11.67615032196045,0.02609221450984478,-10.23865032196045,0.10985231399536133,-8.17615032196045,0.8640554547309875
189,"The group 's operating loss was EUR 0.8 mn , down from a profit of EUR 2.5 mn in 2004 .",0,negative,0,negative,Negative,1,0,FinGPT-Llama-3-8B-LoRA,fpb_decontam,-12.175349235534668,0.4215986430644989,-11.862849235534668,0.576257050037384,-17.456600189208984,0.0021442780271172523
190,The sellers were EOSS Innovationsmanagement and a group of private individuals .,1,neutral,1,neutral,Neutral,1,0,FinGPT-Llama-3-8B-LoRA,fpb_decontam,-13.327413558959961,0.15563124418258667,-11.639913558959961,0.8413344621658325,-17.26491355895996,0.0030343260150402784
191,Finnish investment company Neomarkka is the main owner of Kuitu Finland 's successor .,1,neutral,1,neutral,Neutral,1,0,FinGPT-Llama-3-8B-LoRA,fpb_decontam,-12.518417358398438,0.08751088380813599,-10.268417358398438,0.8302801847457886,-12.580917358398438,0.08220887184143066
192,"In January-September 2007 , the group 's net sales from continuing operations rose to EUR 213.1 mn from EUR 172.6 mn in the corresponding period in 2006 .",2,positive,2,positive,Positive,1,0,FinGPT-Llama-3-8B-LoRA,fpb_decontam,-14.180708885192871,0.018123703077435493,-11.993208885192871,0.16153481602668762,-10.368208885192871,0.8203415274620056
193,"The five-storey , eco-efficient building will have a gross floor area of about 15,000 sq m. It will also include apartments .",1,neutral,1,neutral,Neutral,1,0,FinGPT-Llama-3-8B-LoRA,fpb_decontam,-11.69701099395752,0.01823360100388527,-7.7595109939575195,0.9352052807807922,-10.75951099395752,0.04656112566590309
194,"Panostaja owns a 68.77 pct of share capital and the voting rights of Suomen Helasto shares following an exchange of shares which was carried out on May 30 , 2007 .",1,neutral,1,neutral,Neutral,1,0,FinGPT-Llama-3-8B-LoRA,fpb_decontam,-12.804314613342285,0.04514666274189949,-9.804314613342285,0.9067949652671814,-12.741814613342285,0.04805837199091911
195,The bank sees a potential for Getinge share to rise .,2,positive,2,positive,Positive,1,0,FinGPT-Llama-3-8B-LoRA,fpb_decontam,-16.456777572631836,0.004510384518653154,-14.894277572631836,0.021517839282751083,-11.081777572631836,0.9739718437194824
196,The share subscription period will expire on 30 September 2007 .,1,neutral,1,neutral,Neutral,1,0,FinGPT-Llama-3-8B-LoRA,fpb_decontam,-14.468525886535645,0.03919373080134392,-11.281025886535645,0.9495771527290344,-15.718525886535645,0.011229190975427628
197,The value of the order is EUR 2.5 mn .,1,neutral,1,neutral,Neutral,1,0,FinGPT-Llama-3-8B-LoRA,fpb_decontam,-13.33520793914795,0.028830712661147118,-9.83520793914795,0.9547420144081116,-13.89770793914795,0.016427243128418922
198,"The aim of the CEO 's Q&A sessions is to give further clarity on information , which has been made public already earlier .",1,neutral,1,neutral,Neutral,1,0,FinGPT-Llama-3-8B-LoRA,fpb_decontam,-15.8610200881958,0.012149474583566189,-11.4860200881958,0.9651523232460022,-15.2360200881958,0.022698208689689636
199,Finnish silicon wafers manufacturer Okmetic Oyj said it swung to a net profit of 4.9 mln euro $ 6.3 mln in the first nine months of 2006 from a net loss of 1.8 mln euro $ 2.3 mln a year earlier .,2,positive,-1,UNPARSEABLE,,0,1,FinGPT-Llama-3-8B-LoRA,fpb_decontam,-12.213536262512207,0.023674143478274345,-10.901036262512207,0.08796011656522751,-8.588536262512207,0.8883656859397888
200,"Water Treatment Products In Australia Today , Global Research & Data Services is going to publish a market analysis about the market for chemical water treatment products in Australia .",1,neutral,1,neutral,Neutral,1,0,FinGPT-Llama-3-8B-LoRA,fpb_decontam,-11.959515571594238,0.10020614415407181,-9.834515571594238,0.839015781879425,-12.459515571594238,0.06077810004353523
201,"Altona stated that the private company of Altona chairman Kevin Maloney , Tulla Resources , would take up its entitlement in full .",1,neutral,1,neutral,Neutral,1,0,FinGPT-Llama-3-8B-LoRA,fpb_decontam,-13.43467903137207,0.02593810483813286,-10.12217903137207,0.7120962738990784,-11.12217903137207,0.2619656026363373
202,"SRV will also build an aqua park with wellness area , a restaurant and a multifunctional ice arena .",1,neutral,1,neutral,Neutral,1,0,FinGPT-Llama-3-8B-LoRA,fpb_decontam,-12.137882232666016,0.026591645553708076,-8.637882232666016,0.8805943727493286,-10.887882232666016,0.09281396120786667
203,Almost two thirds of Olvi 's net sales come from outside Finland .,1,neutral,1,neutral,Neutral,1,0,FinGPT-Llama-3-8B-LoRA,fpb_decontam,-14.533427238464355,0.06074829399585724,-12.033427238464355,0.7400657534599304,-13.345927238464355,0.19918599724769592
204,"Berling Capital , Umo Capital and Veikko Laine are the biggest shareholders in Amanda Capital .",1,neutral,1,neutral,Neutral,1,0,FinGPT-Llama-3-8B-LoRA,fpb_decontam,-13.191895484924316,0.043266523629426956,-10.129395484924316,0.9250789880752563,-13.504395484924316,0.03165446221828461
205,"Operating loss totalled EUR 0.9 mn , down from a profit of EUR 2.7 mn .",0,negative,0,negative,Negative,1,0,FinGPT-Llama-3-8B-LoRA,fpb_decontam,-11.76523494720459,0.5913211107254028,-12.14023494720459,0.4064086675643921,-17.327735900878906,0.002270177938044071
206,"The transaction will have a positive impact of around EUR2m on earnings , which Ruukki will recognize during the fourth quarter of this year .",2,positive,2,positive,Positive,1,0,FinGPT-Llama-3-8B-LoRA,fpb_decontam,-11.513774871826172,0.017332175746560097,-9.826274871826172,0.09369684755802155,-7.576274871826172,0.8889709115028381
207,"YIT CORPORATION SEPT. 24 , 2007 at 13:30 CORPORATE RELEASE STOCK EXCHANGE RELEASE YIT 'S CAPITAL MARKETS DAY IN LONDON , SEPT. 26 , 2007 On Wednesday , September 26 , 2007 , YIT will hold a Capital Markets Day for investors and analysts in London .",1,neutral,1,neutral,Neutral,1,0,FinGPT-Llama-3-8B-LoRA,fpb_decontam,-13.15063762664795,0.07842513918876648,-10.77563762664795,0.843149721622467,-13.15063762664795,0.07842513918876648
208,"Operating profits in the half were  0.8 m , down from  0.9 m as Glisten invested in the brand and the management team .",0,negative,0,negative,Negative,1,0,FinGPT-Llama-3-8B-LoRA,fpb_decontam,-9.277960777282715,0.8891414999961853,-11.402960777282715,0.10619281232357025,-14.527960777282715,0.004665786400437355
209,"Revenue grew by 2 percent to  x20ac 580 million $ 743 million , from  x20ac 569 million .",2,positive,2,positive,Positive,1,0,FinGPT-Llama-3-8B-LoRA,fpb_decontam,-12.303485870361328,0.0288055632263422,-10.053485870361328,0.27329954504966736,-9.115985870361328,0.6978948712348938
210,A merger between UPM and Finnish-Swedish Stora Enso is not likely either .,1,neutral,1,neutral,Neutral,1,0,FinGPT-Llama-3-8B-LoRA,fpb_decontam,-13.880885124206543,0.2115703672170639,-12.568385124206543,0.7860792875289917,-18.38088607788086,0.0023503322154283524
211,EBIT margin was up from 1.4 % to 5.1 % .,2,positive,2,positive,Positive,1,0,FinGPT-Llama-3-8B-LoRA,fpb_decontam,-14.633382797241211,0.029761305078864098,-12.508382797241211,0.2491883635520935,-11.445882797241211,0.7210503816604614
212,"Metsa-Botnia will finance the payment of dividends , the repayment of capital and the repurchase of its own shares with the funds deriving from its divestment of the Uruguay operations , and shares in Pohjolan Voima , and by utilising its existing financing facilities .",1,neutral,1,neutral,Neutral,1,0,FinGPT-Llama-3-8B-LoRA,fpb_decontam,-12.545394897460938,0.06644191592931747,-10.045394897460938,0.8094282150268555,-11.920394897460938,0.12412983924150467
213,"`` We have a license agreement with Nokia Corp. which in part expires on April 9 , 2007 .",1,neutral,1,neutral,Neutral,1,0,FinGPT-Llama-3-8B-LoRA,fpb_decontam,-13.536354064941406,0.049866363406181335,-10.598854064941406,0.9409092664718628,-15.223854064941406,0.009224350564181805
214,"Raisio 's bid to buy Glisten is a `` win-win '' deal for both companies , the chairman of the UK snacks firm told just-food today 10 February .",2,positive,2,positive,Positive,1,0,FinGPT-Llama-3-8B-LoRA,fpb_decontam,-15.02084732055664,0.00763859786093235,-10.67709732055664,0.5881394147872925,-11.05209732055664,0.40422192215919495
215,The adjustments concern staff in both the Specialty Papers and the Fiber Composites segments .,1,neutral,1,neutral,Neutral,1,0,FinGPT-Llama-3-8B-LoRA,fpb_decontam,-14.37060546875,0.16370318830013275,-12.74560546875,0.8313534259796143,-17.87060546875,0.0049434080719947815
216,"With this , the company will exit the contract manufacturing service segment .",1,neutral,1,neutral,Neutral,1,0,FinGPT-Llama-3-8B-LoRA,fpb_decontam,-12.643797874450684,0.30583861470222473,-11.831297874450684,0.6892179250717163,-16.768798828125,0.004943415988236666
217,"In Q1 of 2010 , Bank of +àland 's net interest income increased from EUR 9.1 mn to EUR 9.7 mn .",2,positive,2,positive,Positive,1,0,FinGPT-Llama-3-8B-LoRA,fpb_decontam,-15.453848838806152,0.011678462848067284,-12.328848838806152,0.2658006250858307,-11.328848838806152,0.7225208878517151
218,"Professional and consumer applications include personal navigation , personal safety , field and workflow management , and asset tracking .",1,neutral,1,neutral,Neutral,1,0,FinGPT-Llama-3-8B-LoRA,fpb_decontam,-11.436850547790527,0.04288099706172943,-8.374350547790527,0.9168360829353333,-11.499350547790527,0.0402829647064209
219,"Profit after taxes was EUR 0.1 mn , compared to EUR -0.4 mn the previous year .",2,positive,2,positive,Positive,1,0,FinGPT-Llama-3-8B-LoRA,fpb_decontam,-9.403244972229004,0.066705122590065,-7.340744972229004,0.5246764421463013,-7.590744972229004,0.4086184501647949
220,Cision says the sale will return its U.K. operation to profitability .,2,positive,1,neutral,Neutral,0,0,FinGPT-Llama-3-8B-LoRA,fpb_decontam,-12.724180221557617,0.12677884101867676,-10.974180221557617,0.7295619249343872,-12.599180221557617,0.14365924894809723
221,GyPSii service supports ten different languages including Korean and Russian .,1,neutral,1,neutral,Neutral,1,0,FinGPT-Llama-3-8B-LoRA,fpb_decontam,-13.902119636535645,0.013631602749228477,-9.652119636535645,0.9556491374969482,-13.089619636535645,0.030719293281435966
222,"After non-recurring items of EUR 177mn , profit amounted to EUR 20mn .",1,neutral,1,neutral,Neutral,1,0,FinGPT-Llama-3-8B-LoRA,fpb_decontam,-11.374787330627441,0.13513053953647614,-9.624787330627441,0.777622640132904,-11.812287330627441,0.087246835231781
223,The sellers were the founders of the company .,1,neutral,1,neutral,Neutral,1,0,FinGPT-Llama-3-8B-LoRA,fpb_decontam,-13.64820671081543,0.32001256942749023,-12.89820671081543,0.6774665713310242,-18.49195671081543,0.0025208855513483286
224,"The company serves customers in various industries , including process and resources , industrial machinery , architecture , building , construction , electrical , transportation , electronics , chemical , petrochemical , energy , and information technology , as well as catering and households .",1,neutral,1,neutral,Neutral,1,0,FinGPT-Llama-3-8B-LoRA,fpb_decontam,-12.723088264465332,0.05852615088224411,-9.973088264465332,0.9155030250549316,-13.535588264465332,0.02597082406282425
225,"The new Kroksberg railway tunnel will be built on a new section of track between Harnosand and Veda , forming part of the line that follows the coast of the Gulf of Bothnia .",1,neutral,1,neutral,Neutral,1,0,FinGPT-Llama-3-8B-LoRA,fpb_decontam,-14.03315544128418,0.0311599001288414,-10.65815544128418,0.9106257557868958,-13.40815544128418,0.05821435526013374
226,L&T 's net profit for the whole 2010 dropped to EUR 36 million from EUR 45 million for 2009 .,0,negative,0,negative,Negative,1,0,FinGPT-Llama-3-8B-LoRA,fpb_decontam,-11.936948776245117,0.7177157402038574,-12.874448776245117,0.2810615301132202,-18.311948776245117,0.0012227148981764913
227,"The guidance has been set at 90 basis points over mid-swaps , the report said .",1,neutral,1,neutral,Neutral,1,0,FinGPT-Llama-3-8B-LoRA,fpb_decontam,-12.501663208007812,0.07980964332818985,-10.126663208007812,0.8580345511436462,-12.751663208007812,0.062155816704034805
228,"For Q2 2010 , consolidated earnings before tax totaled EUR4 .5 m , compared to EUR3 .9 m , and net profit was EUR3 .2 m , compared to EUR2 .9 m in the previous year .",2,positive,1,neutral,Neutral,0,0,FinGPT-Llama-3-8B-LoRA,fpb_decontam,-13.670199394226074,0.02925739251077175,-10.420199394226074,0.7545580863952637,-11.670199394226074,0.21618452668190002
229,SRV lowered its net sales estimate for the whole of 2008 due to uncertainties in housing sales .,0,negative,0,negative,Negative,1,0,FinGPT-Llama-3-8B-LoRA,fpb_decontam,-11.301097869873047,0.8925824165344238,-13.426097869873047,0.10660376399755478,-18.301097869873047,0.0008139297715388238
230,After 1 April 2007 Cencorp will not have any own employees in the territory .,1,neutral,1,neutral,Neutral,1,0,FinGPT-Llama-3-8B-LoRA,fpb_decontam,-13.100419044494629,0.16998332738876343,-11.537919044494629,0.8109450936317444,-15.287919044494629,0.01907160133123398
231,Olli-Pekka Laine has been appointed as the Chairman and Erkki Pehu-Lehtonen as the Vice Chairman of the Board .,1,neutral,1,neutral,Neutral,1,0,FinGPT-Llama-3-8B-LoRA,fpb_decontam,-14.59609317779541,0.01197317149490118,-10.22109317779541,0.9511468410491943,-13.47109317779541,0.03687996417284012
232,"Operating loss of the Pulp & Paper Machinery unit was over EUR 3mn in September 2007 - August 2008 , compared to a profit of EUR 3.7 mn a year earlier .",0,negative,0,negative,Negative,1,0,FinGPT-Llama-3-8B-LoRA,fpb_decontam,-11.773531913757324,0.7417135238647461,-12.836031913757324,0.25632935762405396,-17.711030960083008,0.00195710058324039
233,The financial details of the transaction were not disclosed .,1,neutral,1,neutral,Neutral,1,0,FinGPT-Llama-3-8B-LoRA,fpb_decontam,-15.684731483459473,0.014045818708837032,-11.434731483459473,0.9846879839897156,-18.090980529785156,0.0012662701774388552
234,Each share is entitled to one vote .,1,neutral,1,neutral,Neutral,1,0,FinGPT-Llama-3-8B-LoRA,fpb_decontam,-12.782939910888672,0.13778972625732422,-11.032939910888672,0.792925238609314,-13.470439910888672,0.06928502768278122
235,He confirmed his view on July 6 .,1,neutral,1,neutral,Neutral,1,0,FinGPT-Llama-3-8B-LoRA,fpb_decontam,-13.451108932495117,0.06873168051242828,-10.951108932495117,0.8373233079910278,-13.138608932495117,0.09394506365060806
236,The company will be part of Teleste 's Video and Broadband Solutions business area .,1,neutral,1,neutral,Neutral,1,0,FinGPT-Llama-3-8B-LoRA,fpb_decontam,-14.900399208068848,0.019441548734903336,-11.025399208068848,0.9367462992668152,-14.087899208068848,0.043812207877635956
237,The original contract was signed last summer .,1,neutral,1,neutral,Neutral,1,0,FinGPT-Llama-3-8B-LoRA,fpb_decontam,-12.83325481414795,0.028526712208986282,-9.33325481414795,0.9446749687194824,-12.89575481414795,0.026798367500305176
238,Decisions are to be made as quickly as possible .,1,neutral,1,neutral,Neutral,1,0,FinGPT-Llama-3-8B-LoRA,fpb_decontam,-13.891213417053223,0.05534537509083748,-11.078713417053223,0.9215832352638245,-14.766213417053223,0.02307138592004776
239,The credit covers approximately 70 % of the ship 's price .,1,neutral,1,neutral,Neutral,1,0,FinGPT-Llama-3-8B-LoRA,fpb_decontam,-13.360254287719727,0.0325656421482563,-10.047754287719727,0.8940465450286865,-12.547754287719727,0.07338780909776688
240,"As much biomass will be used as can be sourced locally , with the rest of the plant 's fuel needs met by peat .",1,neutral,1,neutral,Neutral,1,0,FinGPT-Llama-3-8B-LoRA,fpb_decontam,-13.872200965881348,0.02314900793135166,-10.184700965881348,0.9246838688850403,-13.059700965881348,0.05216709524393082
241,"The platform is based built on Intel s second-generation MID platform , called Moorestown .",1,neutral,1,neutral,Neutral,1,0,FinGPT-Llama-3-8B-LoRA,fpb_decontam,-12.203091621398926,0.05625632032752037,-9.453091621398926,0.8799969553947449,-12.078091621398926,0.06374676525592804
242,Finnair 's total traffic decreased by 8.7 % in terms of revenue passenger kilometres .,0,negative,0,negative,Negative,1,0,FinGPT-Llama-3-8B-LoRA,fpb_decontam,-10.975981712341309,0.7769094109535217,-12.225981712341309,0.22258828580379486,-18.319730758666992,0.0005023665144108236
243,Affecto expects its net sales for the whole 2010 to increase from the 2009 level when they reached EUR 103 million .,2,positive,2,positive,Positive,1,0,FinGPT-Llama-3-8B-LoRA,fpb_decontam,-11.830916404724121,0.02218412421643734,-9.268416404724121,0.28768807649612427,-8.393416404724121,0.6901278495788574
244,Kone shares dropped 4.1 percent to  x20ac 43 US$ 55.77 in Helsinki .,0,negative,0,negative,Negative,1,0,FinGPT-Llama-3-8B-LoRA,fpb_decontam,-8.048619270324707,0.9880411624908447,-12.486119270324707,0.011684046126902103,-16.236120223999023,0.0002747821854427457
245,"However , sales volumes in the food industry are expected to remain at relatively good levels in Finland and in Scandinavia , Atria said .",2,positive,2,positive,Positive,1,0,FinGPT-Llama-3-8B-LoRA,fpb_decontam,-14.085575103759766,0.022712375968694687,-10.710575103759766,0.6637529730796814,-11.460575103759766,0.3135347068309784
246,The value of the contract is in total USD12m .,1,neutral,1,neutral,Neutral,1,0,FinGPT-Llama-3-8B-LoRA,fpb_decontam,-12.139562606811523,0.0617370679974556,-9.452062606811523,0.9072195887565613,-12.827062606811523,0.031043346971273422
247,Production capacity will increase from 36 000 to 85 000 tonnes per year and the raw material will continue to be recycled paper and board .,2,positive,1,neutral,Neutral,0,0,FinGPT-Llama-3-8B-LoRA,fpb_decontam,-14.204282760620117,0.03896084055304527,-11.329282760620117,0.6905973553657532,-12.266782760620117,0.27044180035591125
248,"The record date for dividend distribution is March 14 , 2008 .",1,neutral,1,neutral,Neutral,1,0,FinGPT-Llama-3-8B-LoRA,fpb_decontam,-16.485143661499023,0.009647991508245468,-11.860142707824707,0.9841228723526001,-16.922643661499023,0.006229212041944265
249,"The fair value of the investment properties totaled EUR 2,534.9 mn , up from EUR 2,455.1 mn in 2006 .",2,positive,1,neutral,Neutral,0,0,FinGPT-Llama-3-8B-LoRA,fpb_decontam,-10.884504318237305,0.034888073801994324,-8.197004318237305,0.5126765370368958,-8.322004318237305,0.4524354338645935
250,No financial information was provided .,1,neutral,1,neutral,Neutral,1,0,FinGPT-Llama-3-8B-LoRA,fpb_decontam,-16.102991104125977,0.009095104411244392,-11.415491104125977,0.9875590205192566,-17.102991104125977,0.0033459020778536797
251,"In the third quarter of 2007 , net sales totaled EUR 25.95 mn , and operating profit EUR 3.88 mn .",1,neutral,1,neutral,Neutral,1,0,FinGPT-Llama-3-8B-LoRA,fpb_decontam,-10.333721160888672,0.03842547908425331,-7.521220684051514,0.6398419141769409,-8.208721160888672,0.3217325806617737
252,Operating profit rose to EUR 13.1 mn from EUR 8.7 mn in the corresponding period in 2007 representing 7.7 % of net sales .,2,positive,2,positive,Positive,1,0,FinGPT-Llama-3-8B-LoRA,fpb_decontam,-13.56180477142334,0.026253685355186462,-11.49930477142334,0.20650123059749603,-10.18680477142334,0.7672451138496399
253,The group 's net sales in 2007 were EUR683 .6 m.,1,neutral,1,neutral,Neutral,1,0,FinGPT-Llama-3-8B-LoRA,fpb_decontam,-11.90835189819336,0.04987438768148422,-9.09585189819336,0.8304831385612488,-11.03335189819336,0.11964244395494461
254,"In Finland , the city of Forssa has said it will not pay compensation to food industry companies HK Ruokatalo and Atria for the lye leak into tap water that occurred in March 2008 .",0,negative,0,negative,Negative,1,0,FinGPT-Llama-3-8B-LoRA,fpb_decontam,-12.860255241394043,0.527125895023346,-13.047755241394043,0.4370027482509613,-15.547755241394043,0.035871367901563644
255,"The inventors are Mukkavilli Krishna Kiran , Sabharwal Ashutosh and Aazhang Behnaam .",1,neutral,1,neutral,Neutral,1,0,FinGPT-Llama-3-8B-LoRA,fpb_decontam,-13.528335571289062,0.04923110082745552,-10.590835571289062,0.928922712802887,-14.340835571289062,0.021846169605851173
256,Consolidated operating profit from continuing operations decreased by 62.3 % to EUR 51.2 mn from EUR 135.7 mn in 2007 .,0,negative,0,negative,Negative,1,0,FinGPT-Llama-3-8B-LoRA,fpb_decontam,-10.415715217590332,0.8923158645629883,-12.540715217590332,0.10657193511724472,-17.10321617126465,0.001112176920287311
257,Finnish Bank of +àland reports its operating profit fell to EUR 4.9 mn in the third quarter of 2007 from EUR 5.6 mn in the third quarter of 2006 .,0,negative,0,negative,Negative,1,0,FinGPT-Llama-3-8B-LoRA,fpb_decontam,-11.210699081420898,0.753548264503479,-12.335699081420898,0.24464130401611328,-17.2419490814209,0.0018103915499523282
258,"Cost cutting measures , which have produced around EUR70m of savings over the past nine months , have dampened the airline 's loss , Finnair said .",2,positive,2,positive,Positive,1,0,FinGPT-Llama-3-8B-LoRA,fpb_decontam,-10.762777328491211,0.1763485074043274,-10.012777328491211,0.3733298182487488,-9.825277328491211,0.4503217041492462
259,The new location is n't the only change Wellmont has in store for its air transport service .,1,neutral,1,neutral,Neutral,1,0,FinGPT-Llama-3-8B-LoRA,fpb_decontam,-12.524860382080078,0.1312364786863327,-10.649860382080078,0.8557693362236023,-14.837360382080078,0.012994171120226383
260,The agreement includes the entire process of managing Mercator 's supply chain in all regions where the company is currently present .,1,neutral,1,neutral,Neutral,1,0,FinGPT-Llama-3-8B-LoRA,fpb_decontam,-13.78499984741211,0.014121697284281254,-9.59749984741211,0.9300259351730347,-12.40999984741211,0.05585239827632904
261,"Cargotec Corporation , Press Release , August 26 , 2008 at 10 a.m. Finnish time Cargotec 's MacGREGOR business area providing marine cargo handling and offshore load handling solutions has received significant offshore crane retrofit order .",2,positive,2,positive,Positive,1,0,FinGPT-Llama-3-8B-LoRA,fpb_decontam,-12.873237609863281,0.07598905265331268,-11.310737609863281,0.36252349615097046,-10.873237609863281,0.5614873766899109
262,"Both operating profit and net sales for the 12-month period increased , respectively from EUR10 .5 m and EUR28 .8 m , as compared to the financial year 2004 .",2,positive,2,positive,Positive,1,0,FinGPT-Llama-3-8B-LoRA,fpb_decontam,-12.789543151855469,0.010966012254357338,-10.414543151855469,0.11789573729038239,-8.414543151855469,0.8711382150650024
263,Alfa group will have 43.9 % of voting stock in the new company and Telenor 35.4 % with a free float of 20.7 % .,1,neutral,1,neutral,Neutral,1,0,FinGPT-Llama-3-8B-LoRA,fpb_decontam,-15.070596694946289,0.01541864313185215,-10.945596694946289,0.9539176821708679,-14.383096694946289,0.030663635581731796
264,"`` After a long , unprofitable period the Food Division posted a profitable result , which speaks of a healthier cost structure and a new approach in business operations , '' Rihko said .",2,positive,2,positive,Positive,1,0,FinGPT-Llama-3-8B-LoRA,fpb_decontam,-14.76494026184082,0.00936891883611679,-11.32744026184082,0.29145848751068115,-10.45244026184082,0.6991726160049438
265,"Vaahto Pulp & Paper , of Finnish Vaahto Group , has been awarded an order to renovate Finnish-Swedish forest industry company Stora Enso 's paperboard machine at the Ingerois Board Mill in Finland .",2,positive,2,positive,Positive,1,0,FinGPT-Llama-3-8B-LoRA,fpb_decontam,-13.010300636291504,0.03826964646577835,-10.760300636291504,0.363092303276062,-10.260300636291504,0.5986379981040955
266,"Profit per share was EUR 1.03 , up from EUR 0.87 .",2,positive,2,positive,Positive,1,0,FinGPT-Llama-3-8B-LoRA,fpb_decontam,-12.43673324584961,0.03278065845370293,-11.12423324584961,0.1217949315905571,-9.18673324584961,0.8454243540763855
267,"During the strike , Finnair estimates to incur a net loss of between EUR2m and EUR2 .5 m per day .",0,negative,0,negative,Negative,1,0,FinGPT-Llama-3-8B-LoRA,fpb_decontam,-9.624753952026367,0.7753815650939941,-10.874753952026367,0.2221505343914032,-15.374753952026367,0.002467869548127055
268,"The prerequisite for inclusion in the program and for receipt of any gains is that key employees acquire Aspo shares to the amount determined by the Board in advance , in the maximum .",1,neutral,1,neutral,Neutral,1,0,FinGPT-Llama-3-8B-LoRA,fpb_decontam,-13.305768966674805,0.08569402247667313,-10.993268966674805,0.8654789328575134,-13.868268966674805,0.04882698506116867
269,"Profit for the period was EUR 5.9 mn , up from EUR 1.3 mn .",2,positive,2,positive,Positive,1,0,FinGPT-Llama-3-8B-LoRA,fpb_decontam,-12.309852600097656,0.008812574669718742,-9.497352600097656,0.14674252271652222,-7.747352600097656,0.8444449305534363
270,"When dialing in , the participants should quote 877417 as conference ID .",1,neutral,1,neutral,Neutral,1,0,FinGPT-Llama-3-8B-LoRA,fpb_decontam,-9.60603141784668,0.05942462384700775,-6.91853141784668,0.8732384443283081,-9.48103141784668,0.06733691692352295
271,Competition authorities will have to approve the deal before it can be finalized .,1,neutral,1,neutral,Neutral,1,0,FinGPT-Llama-3-8B-LoRA,fpb_decontam,-13.557699203491211,0.1396225392818451,-11.745199203491211,0.8552917242050171,-16.87019920349121,0.005085750482976437
272,"Mr Ashley , deputy executive chairman of Sports Direct , sold a 43pc stake in the company for more than pounds 900m at the time of the float .",1,neutral,1,neutral,Neutral,1,0,FinGPT-Llama-3-8B-LoRA,fpb_decontam,-11.560964584350586,0.15395791828632355,-9.935964584350586,0.7818628549575806,-12.435964584350586,0.06417921185493469
273,Kauko-Telko 's centralized administration will be dissolved and appropriate parts of it will be transferred to operating activities and Group administration by the end of the year .,1,neutral,1,neutral,Neutral,1,0,FinGPT-Llama-3-8B-LoRA,fpb_decontam,-13.28835391998291,0.053028665482997894,-10.47585391998291,0.8830065131187439,-13.10085391998291,0.06396478414535522
274,"The orders are for 26 machine-room-less KONE MonoSpace elevators , which would be installed during 2006 .",1,neutral,1,neutral,Neutral,1,0,FinGPT-Llama-3-8B-LoRA,fpb_decontam,-11.780563354492188,0.019224092364311218,-7.9680633544921875,0.8701488971710205,-10.030563354492188,0.11062701046466827
275,The original patent was filed in Finland under application No. .,1,neutral,1,neutral,Neutral,1,0,FinGPT-Llama-3-8B-LoRA,fpb_decontam,-14.146461486816406,0.10125834494829178,-12.021461486816406,0.8478257060050964,-14.833961486816406,0.05091588944196701
276,"The total size of the complex is around 25,000 m2 and the project will be constructed in stages .",1,neutral,1,neutral,Neutral,1,0,FinGPT-Llama-3-8B-LoRA,fpb_decontam,-14.34478759765625,0.010245740413665771,-9.78228759765625,0.9817748069763184,-14.59478759765625,0.00797939021140337
277,Talvivaara is listed on the London Stock Exchange Main Market and NASDAQ OMX Helsinki and is included in the FTSE 250 Index .,1,neutral,1,neutral,Neutral,1,0,FinGPT-Llama-3-8B-LoRA,fpb_decontam,-11.513711929321289,0.12638351321220398,-9.638711929321289,0.8241239786148071,-12.451211929321289,0.0494924932718277
278,"The Baltimore Police and Fire Pension , which has about $ 1.5 billion , lost about $ 3.5 million in Madoff Ponzi scheme .",0,negative,0,negative,Negative,1,0,FinGPT-Llama-3-8B-LoRA,fpb_decontam,-12.20853328704834,0.6200164556503296,-12.70853328704834,0.37605899572372437,-17.271032333374023,0.0039245313964784145
279,It is estimated that the consolidated turnover of Kausta Guder will reach Lt 53mn US$ 22.53 mn EUR 15.35 mn in 2007 .,1,neutral,1,neutral,Neutral,1,0,FinGPT-Llama-3-8B-LoRA,fpb_decontam,-11.595319747924805,0.022914616391062737,-8.032819747924805,0.8077680468559265,-9.595319747924805,0.16931737959384918
280,BioTie North-American licensing partner Somaxon Pharmaceuticals started a phase II-III clinical study in patients suffering from pathological gambling and a pilot phase II study in nicotine addiction smoking cessation .,1,neutral,2,positive,Positive,0,0,FinGPT-Llama-3-8B-LoRA,fpb_decontam,-14.831727981567383,0.06441384553909302,-12.394227981567383,0.7371774911880493,-13.706727981567383,0.19840863347053528
281,"In the fourth quarter of 2008 , net sales decreased to EUR 121.4 mn from EUR 165.5 mn in the fourth quarter of 2007 .",0,negative,0,negative,Negative,1,0,FinGPT-Llama-3-8B-LoRA,fpb_decontam,-11.482678413391113,0.8664311766624451,-13.357678413391113,0.13287152349948883,-18.60767936706543,0.0006972451228648424
282,"Finnish power supply solutions and systems provider Efore Oyj said its net loss widened to 3.2 mln euro $ 4.2 mln for the first quarter of fiscal 2006-2007 ending October 31 , 2007 from 900,000 euro $ 1.2 mln for the same period of fiscal 2005-06 .",0,negative,-1,UNPARSEABLE,,0,1,FinGPT-Llama-3-8B-LoRA,fpb_decontam,-9.530060768127441,0.9128308892250061,-11.905060768127441,0.08490649610757828,-15.530060768127441,0.0022626814898103476
283,"Equipment will be manufactured in Vaahto 's workshop in Hollola , Finland and is scheduled for shipments during the first quarter of 2009 .",1,neutral,1,neutral,Neutral,1,0,FinGPT-Llama-3-8B-LoRA,fpb_decontam,-12.73389720916748,0.07095663249492645,-10.29639720916748,0.8120556473731995,-12.23389720916748,0.11698771268129349
284,"Sampo Housing Loan Bank , a unit of Finland 's Sampo Bank , has priced its EUR1bn ( USD1 .3 bn ) bond at 99.889 % , Reuters reported .",1,neutral,1,neutral,Neutral,1,0,FinGPT-Llama-3-8B-LoRA,fpb_decontam,-9.9479341506958,0.0691118910908699,-7.572934627532959,0.7430225014686584,-8.9479341506958,0.18786559998989105
285,The total capital of funds managed by the bank decreased by 28 % to EUR 284mn by the end of September 2008 .,0,negative,1,neutral,Neutral,0,0,FinGPT-Llama-3-8B-LoRA,fpb_decontam,-12.1624755859375,0.43730226159095764,-11.9124755859375,0.5615072250366211,-18.0687255859375,0.0011905014980584383
286,"Founded in 1985 , Quatrocon 's clientele consists of public sector builders , central trading companies and major construction firms .",1,neutral,1,neutral,Neutral,1,0,FinGPT-Llama-3-8B-LoRA,fpb_decontam,-13.237594604492188,0.016596799716353416,-9.175094604492188,0.9645965099334717,-13.112594604492188,0.018806640058755875
287,"In its financial report , published on Friday , SEB said its net profit soared to SEK6 .745 bn in 2010 from a year-earlier SEK1 .114 bn and proposed a 50 % dividend increase to SEK1 .50 per share .",2,positive,2,positive,Positive,1,0,FinGPT-Llama-3-8B-LoRA,fpb_decontam,-12.900383949279785,0.01383817009627819,-11.212883949279785,0.07480844110250473,-8.712883949279785,0.9113534092903137
288,ASSA ABLOY Kaupthing Bank gave a ` neutral ' recommendation and a share price target of 174 crowns $ 24.7 - 19 euro on Swedish lock maker Assa Abloy AB .,1,neutral,1,neutral,Neutral,1,0,FinGPT-Llama-3-8B-LoRA,fpb_decontam,-11.762624740600586,0.08251579105854034,-9.387624740600586,0.8871284127235413,-12.762624740600586,0.03035586327314377
289,"Previously , EB delivered a custom solution for LG Electronics and now is making it commercially available for other mobile terminal vendors as well as to wireless operators .",2,positive,2,positive,Positive,1,0,FinGPT-Llama-3-8B-LoRA,fpb_decontam,-15.672143936157227,0.011158492416143417,-11.484643936157227,0.7348753213882446,-12.547143936157227,0.25396615266799927
290,"Sullivan said some of the boards `` really involve a lot of work , and people should get paid for their time . ''",1,neutral,1,neutral,Neutral,1,0,FinGPT-Llama-3-8B-LoRA,fpb_decontam,-11.878175735473633,0.09353046119213104,-9.690675735473633,0.8336279392242432,-12.128175735473633,0.0728415995836258
291,"schwalm ( at ) outotec.com Eila Paatela , Vice President - Corporate Communications tel. +358 20 529 2004 , mobile +358 400 817198 e-mail eila .",1,neutral,-1,UNPARSEABLE,,0,1,FinGPT-Llama-3-8B-LoRA,fpb_decontam,-7.6452226638793945,0.2046913355588913,-6.4577226638793945,0.6711571216583252,-8.145222663879395,0.12415158003568649
292,The company now estimates its net sales in 2010 to increase considerably from 2009 and its operating result to be clearly positive .,2,positive,2,positive,Positive,1,0,FinGPT-Llama-3-8B-LoRA,fpb_decontam,-16.078290939331055,0.006069171242415905,-12.203289985656738,0.2924293279647827,-11.328289985656738,0.7015014886856079
293,"The fair value of the property portfolio doubled as a result of the Kapiteeli acquisition and totalled EUR 2,686.2 1,259.7 million .",2,positive,2,positive,Positive,1,0,FinGPT-Llama-3-8B-LoRA,fpb_decontam,-11.04616641998291,0.04205702617764473,-9.23366641998291,0.2576305568218231,-8.23366641998291,0.7003123760223389
294,"Cencorp would focus on the development , manufacture and marketing of standard products for production automation .",1,neutral,1,neutral,Neutral,1,0,FinGPT-Llama-3-8B-LoRA,fpb_decontam,-12.857746124267578,0.02258390188217163,-9.232746124267578,0.8474546670913696,-11.107746124267578,0.12996138632297516
295,The contract is worth some EUR 1 million .,1,neutral,1,neutral,Neutral,1,0,FinGPT-Llama-3-8B-LoRA,fpb_decontam,-11.635780334472656,0.03644847869873047,-8.385780334472656,0.9400186538696289,-12.073280334472656,0.023532908409833908
296,"For 2009 , net profit was EUR 3 million and the company paid a dividend of EUR 1.30 apiece .",1,neutral,1,neutral,Neutral,1,0,FinGPT-Llama-3-8B-LoRA,fpb_decontam,-11.576004981994629,0.05467064306139946,-8.826004981994629,0.8551927804946899,-11.076004981994629,0.09013664722442627
297,"The mill will have capacity to produce 500,000 tonnes of pulp per year .",1,neutral,1,neutral,Neutral,1,0,FinGPT-Llama-3-8B-LoRA,fpb_decontam,-14.623129844665527,0.021244682371616364,-10.935629844665527,0.848615825176239,-12.810629844665527,0.13013945519924164
298,"Nokia shares hit 13.21 euros on Friday , down 50 percent from the start of the year in part because of the slow introduction of touch-screen models .",0,negative,0,negative,Negative,1,0,FinGPT-Llama-3-8B-LoRA,fpb_decontam,-12.223746299743652,0.7944163680076599,-13.598746299743652,0.2008599191904068,-17.34874725341797,0.004723768215626478
299,Cash flow from operations in January-December 2008 was a negative EUR 18.1 mn compared to EUR 39.0 mn in the corresponding period in 2007 .,0,negative,0,negative,Negative,1,0,FinGPT-Llama-3-8B-LoRA,fpb_decontam,-10.042187690734863,0.7757577300071716,-11.292187690734863,0.2222583144903183,-16.01093864440918,0.0019839489832520485
300,"Once your plants are in the ground they will continue to grow , but the success of any garden lies in how well it 's maintained .",1,neutral,1,neutral,Neutral,1,0,FinGPT-Llama-3-8B-LoRA,fpb_decontam,-13.848770141601562,0.03241223469376564,-10.536270141601562,0.8898348808288574,-12.973770141601562,0.07775290310382843
301,The increase range will vary up to 10 % .,1,neutral,1,neutral,Neutral,1,0,FinGPT-Llama-3-8B-LoRA,fpb_decontam,-12.233909606933594,0.10194073617458344,-10.296409606933594,0.7076088786125183,-11.608909606933594,0.19045035541057587
302,The company operates power plants in the Tyumen and Chelyabinsk regions and in the Khanty-Mansi Autonomous District .,1,neutral,1,neutral,Neutral,1,0,FinGPT-Llama-3-8B-LoRA,fpb_decontam,-12.248745918273926,0.059167664498090744,-9.561245918273926,0.8694624900817871,-12.061245918273926,0.07136982679367065
303,"Net cash from operating activities was a negative EUR 0.3 mn , compared to EUR 30.9 mn in 2009 .",0,negative,0,negative,Negative,1,0,FinGPT-Llama-3-8B-LoRA,fpb_decontam,-10.652277946472168,0.6781391501426697,-11.402277946472168,0.32033026218414307,-16.74602699279785,0.0015305138658732176
304,"The flagship will open this fall in Manhattan 's Flatiron District in the `` Toy Building , '' at 200 Fifth Avenue .",1,neutral,1,neutral,Neutral,1,0,FinGPT-Llama-3-8B-LoRA,fpb_decontam,-14.812515258789062,0.01110556349158287,-10.375015258789062,0.9391227960586548,-13.312515258789062,0.049771685153245926
305,All YIT Capital Markets Day materials will be available on the company 's Internet site at www.yitgroup.com/investors at 10:30 on September 26 .,1,neutral,1,neutral,Neutral,1,0,FinGPT-Llama-3-8B-LoRA,fpb_decontam,-11.292813301086426,0.04357161000370979,-8.230313301086426,0.9316020607948303,-11.855313301086426,0.024826353415846825
306,Export declined by 6 percent to 16.4 million liters .,0,negative,0,negative,Negative,1,0,FinGPT-Llama-3-8B-LoRA,fpb_decontam,-11.275611877441406,0.8865308165550232,-13.338111877441406,0.11270973831415176,-18.338111877441406,0.0007594322669319808
307,"The biggest sellers in the chain 's supermarkets in Finland are organic Pirkka tomatoes , carrots , eggs , and meat products .",1,neutral,1,neutral,Neutral,1,0,FinGPT-Llama-3-8B-LoRA,fpb_decontam,-12.870011329650879,0.051186952739953995,-10.120011329650879,0.8006986975669861,-11.807511329650879,0.1481143683195114
308,The company continued the development of a fully human antibody in its VAP-1 antibody program .,1,neutral,2,positive,Positive,0,0,FinGPT-Llama-3-8B-LoRA,fpb_decontam,-15.225885391235352,0.02157457545399666,-11.663385391235352,0.7605299353599548,-12.913385391235352,0.2178954780101776
309,"Cardona slowed her vehicle , turned around and returned to the intersection , where she called 911 .",1,neutral,1,neutral,Neutral,1,0,FinGPT-Llama-3-8B-LoRA,fpb_decontam,-13.34522533416748,0.05886431038379669,-10.59522533416748,0.9207927584648132,-14.40772533416748,0.020342960953712463
310,"We know that it exists , '' Artemyev said .",1,neutral,1,neutral,Neutral,1,0,FinGPT-Llama-3-8B-LoRA,fpb_decontam,-14.092705726623535,0.04126729816198349,-10.967705726623535,0.9392393827438354,-14.842705726623535,0.019493291154503822
311,Finnish metal products company Componenta Oyj net profit went slightly down to 25.1 mln euro ( $ 40.2 mln ) for the first half of 2008 from 25.4 mln euro ( $ 40.7 mln ) for the same period of 2007 .,0,negative,0,negative,Negative,1,0,FinGPT-Llama-3-8B-LoRA,fpb_decontam,-10.569329261779785,0.6173104047775269,-11.069329261779785,0.3744176924228668,-14.881829261779785,0.008271964266896248
312,"The subsidiary will be responsible for filter sales , local assembly of filters and after market services in China .",1,neutral,1,neutral,Neutral,1,0,FinGPT-Llama-3-8B-LoRA,fpb_decontam,-12.666351318359375,0.027149025350809097,-9.166351318359375,0.8990522623062134,-11.666351318359375,0.07379870116710663
313,Sports equipment sales also progressed well owing to the prolonged winter season .,2,positive,2,positive,Positive,1,0,FinGPT-Llama-3-8B-LoRA,fpb_decontam,-14.586889266967773,0.009236413985490799,-12.149389266967773,0.10570516437292099,-10.024389266967773,0.8850584626197815
314,Finnish food industry company L+ñnnen Tehtaat is planning changes to its fish product business .,1,neutral,1,neutral,Neutral,1,0,FinGPT-Llama-3-8B-LoRA,fpb_decontam,-14.731704711914062,0.09804490208625793,-12.544204711914062,0.8738647699356079,-15.981704711914062,0.0280903372913599
315,"The contract also includes installation work in a new multistorey carpark for close on 1,000 vehicles .",1,neutral,1,neutral,Neutral,1,0,FinGPT-Llama-3-8B-LoRA,fpb_decontam,-11.75625228881836,0.020724445581436157,-7.943752288818359,0.9380601048469543,-11.06875228881836,0.04121548309922218
316,RL-Nordic is a part of Raiffeisen-Banking-Group Austria and is a subsidiary to Raiffeisen-Leasing GmbH in Austria .,1,neutral,1,neutral,Neutral,1,0,FinGPT-Llama-3-8B-LoRA,fpb_decontam,-13.126707077026367,0.054653339087963104,-10.314207077026367,0.9100598096847534,-13.564207077026367,0.03528684750199318
317,Filmiteollisuus Fine Ab will be transferred to Talentum Oyj in the form of a subsidiary .,1,neutral,1,neutral,Neutral,1,0,FinGPT-Llama-3-8B-LoRA,fpb_decontam,-13.79350757598877,0.040830474346876144,-10.66850757598877,0.9292973279953003,-14.10600757598877,0.029872214421629906
318,Return on investment ROI was 4.1 % compared to 43.8 % in the first half of 2008 .,0,negative,1,neutral,Neutral,0,0,FinGPT-Llama-3-8B-LoRA,fpb_decontam,-11.342299461364746,0.4337936043739319,-11.154799461364746,0.5232549905776978,-13.654799461364746,0.04295138269662857
319,The annual net sales of the unit is some EUR 5 million and it currently employs some 55 people .,1,neutral,1,neutral,Neutral,1,0,FinGPT-Llama-3-8B-LoRA,fpb_decontam,-13.064927101135254,0.023994354531168938,-9.377427101135254,0.9584510326385498,-13.377427101135254,0.017554644495248795
320,The company will release its 2010 results on 11 February 2011 .,1,neutral,1,neutral,Neutral,1,0,FinGPT-Llama-3-8B-LoRA,fpb_decontam,-15.771942138671875,0.012304835021495819,-11.396942138671875,0.9774941205978394,-15.959442138671875,0.010201066732406616
321,"Tiimari , the Finnish retailer , reported to have geenrated quarterly revenues totalling EUR 1.3 mn in the 4th quarter 2009 , up from EUR 0.3 mn loss in 2008 .",2,positive,2,positive,Positive,1,0,FinGPT-Llama-3-8B-LoRA,fpb_decontam,-13.477550506591797,0.02732929214835167,-11.977550506591797,0.12248139083385468,-10.040050506591797,0.8501893281936646
322,The purchase sum is about EUR 10mn US$ 12.97 mn .,1,neutral,1,neutral,Neutral,1,0,FinGPT-Llama-3-8B-LoRA,fpb_decontam,-13.972372055053711,0.02475678361952305,-10.347372055053711,0.928991436958313,-13.347372055053711,0.04625175893306732
323,The bank VTB24 provides mortgage loans to buy apartments in the complex at 11-13 % per annum in rubles .,1,neutral,1,neutral,Neutral,1,0,FinGPT-Llama-3-8B-LoRA,fpb_decontam,-11.150871276855469,0.038228098303079605,-8.025871276855469,0.8700675368309021,-10.275871276855469,0.09170443564653397
324,"The buildings , with about 40 condominiums each , will be built in 4 or 5 stages .",1,neutral,1,neutral,Neutral,1,0,FinGPT-Llama-3-8B-LoRA,fpb_decontam,-14.714916229248047,0.010791461914777756,-10.214916229248047,0.9714164137840271,-14.214916229248047,0.01779211312532425
325,`` Marimekko operates in an industry in which changes in the business climate are reflected in consumer demand .,1,neutral,1,neutral,Neutral,1,0,FinGPT-Llama-3-8B-LoRA,fpb_decontam,-10.413785934448242,0.31926605105400085,-9.663785934448242,0.6758862137794495,-14.601285934448242,0.004847798030823469
326,"Tecnomen , headquartered in Espoo , Finland , develops messaging and charging solutions for telecomms operators and service providers worldwide .",1,neutral,1,neutral,Neutral,1,0,FinGPT-Llama-3-8B-LoRA,fpb_decontam,-12.567705154418945,0.12000507861375809,-10.630205154418945,0.8330003023147583,-13.505205154418945,0.046994663774967194
327,Ixonos will finance the acquisition through a 3.8 mln euro $ 5.2 mln loan .,1,neutral,1,neutral,Neutral,1,0,FinGPT-Llama-3-8B-LoRA,fpb_decontam,-13.689863204956055,0.03069230727851391,-10.252363204956055,0.9548096060752869,-14.439863204956055,0.014498017728328705
328,"Finnish Exel Composites , a technology company that designs , manufactures , and markets composite profiles and tubes for various industrial applications , reports its net sales decreased by 0.6 % in the second quarter of 2010 to EUR 19.2 mn from EUR 19.3 mn in the corresponding period in 2009 .",0,negative,0,negative,Negative,1,0,FinGPT-Llama-3-8B-LoRA,fpb_decontam,-10.155842781066895,0.7267404198646545,-11.155842781066895,0.2673529088497162,-14.968342781066895,0.005906594917178154
329,The issue came up in connection with discussion with local municipalities concerning the sale of water to industrial facilities .,1,neutral,1,neutral,Neutral,1,0,FinGPT-Llama-3-8B-LoRA,fpb_decontam,-13.947745323181152,0.07741878926753998,-11.510245323181152,0.8860111236572266,-14.697745323181152,0.036570049822330475
330,Pretax profit rose to EUR 0.6 mn from EUR 0.4 mn in the corresponding period in 2005 .,2,positive,2,positive,Positive,1,0,FinGPT-Llama-3-8B-LoRA,fpb_decontam,-13.329275131225586,0.022807393223047256,-10.329275131225586,0.45809873938560486,-10.204275131225586,0.5190938711166382
331,Terms of the acquisition were not disclosed .,1,neutral,1,neutral,Neutral,1,0,FinGPT-Llama-3-8B-LoRA,fpb_decontam,-14.518232345581055,0.017888085916638374,-10.518232345581055,0.9766563773155212,-15.705732345581055,0.005455558188259602
332,"Elcoteq Dongguan was established in 1999 in the Nancheng District of Dongguan , China and is one of Elcoteq s four volume manufacturing plants in the Asia-Pacific region .",1,neutral,1,neutral,Neutral,1,0,FinGPT-Llama-3-8B-LoRA,fpb_decontam,-12.664287567138672,0.07231628894805908,-10.164287567138672,0.8809927701950073,-13.101787567138672,0.04669090732932091
333,The Bank is also examining the benefits of transferring the Swedish business to operate as a branch office so that the operations would be governed by Finland 's laws .,1,neutral,1,neutral,Neutral,1,0,FinGPT-Llama-3-8B-LoRA,fpb_decontam,-13.091911315917969,0.07741878926753998,-10.654411315917969,0.8860111236572266,-13.841911315917969,0.036570049822330475
334,"The order comprises all production lines for a plywood mill , company said in a statement received by Lesprom Network .",1,neutral,1,neutral,Neutral,1,0,FinGPT-Llama-3-8B-LoRA,fpb_decontam,-11.162801742553711,0.08011132478713989,-8.787801742553711,0.8612779974937439,-11.475301742553711,0.058610700070858
335,A huge issue for us is the button placement .,1,neutral,1,neutral,Neutral,1,0,FinGPT-Llama-3-8B-LoRA,fpb_decontam,-13.933741569519043,0.20019692182540894,-12.558741569519043,0.7917941808700562,-17.15249252319336,0.00800887681543827
336,"Construction work on the Helsinki Music Centre is to start this autumn , with the total cost of the project estimated at 140 million euros .",1,neutral,1,neutral,Neutral,1,0,FinGPT-Llama-3-8B-LoRA,fpb_decontam,-11.745559692382812,0.03105948120355606,-8.495559692382812,0.8010345697402954,-10.058059692382812,0.16790597140789032
337,"LEED is an internationally recognized green building certification system , developed by the U.S. Green Building Council .",1,neutral,1,neutral,Neutral,1,0,FinGPT-Llama-3-8B-LoRA,fpb_decontam,-12.40720272064209,0.05212341621518135,-9.71970272064209,0.7659479975700378,-11.15720272064209,0.1819286048412323
338,Finnish developer and manufacturer of mobile phone chargers Salcomp Plc OMX Helsinki : SAL1V on Wednesday 19 November lowered its full-year net sales estimate .,0,negative,0,negative,Negative,1,0,FinGPT-Llama-3-8B-LoRA,fpb_decontam,-10.85265827178955,0.8861283659934998,-12.91515827178955,0.11265857517719269,-17.446409225463867,0.001213017269037664
339,"Products include Consumer Electronics devices such as mobile phones and their accessories , set-top boxes , flat panel TVs as well as System Solutions products such as infrastructure systems , modules and other industrial segment products .",1,neutral,1,neutral,Neutral,1,0,FinGPT-Llama-3-8B-LoRA,fpb_decontam,-11.932973861694336,0.1835644543170929,-10.495473861694336,0.7728351950645447,-13.370473861694336,0.043600380420684814
340,Sales increased due to growing market rates and increased operations .,2,positive,2,positive,Positive,1,0,FinGPT-Llama-3-8B-LoRA,fpb_decontam,-16.73720359802246,0.005966553930193186,-15.455954551696777,0.02148636430501938,-11.643454551696777,0.9725471138954163
341,"Finnish Talentum reports its operating profit increased to EUR 20.5 mn in 2005 from EUR 9.3 mn in 2004 , and net sales totaled EUR 103.3 mn , up from EUR 96.4 mn .",2,positive,2,positive,Positive,1,0,FinGPT-Llama-3-8B-LoRA,fpb_decontam,-11.695975303649902,0.012884015217423439,-11.008475303649902,0.02562292292714119,-7.383475303649902,0.9614930748939514
342,"In the first quarter of 2008 , Sacanfil 's net sales totalled EUR 50.0 mn and its operating profit EUR 4.7 mn .",1,neutral,1,neutral,Neutral,1,0,FinGPT-Llama-3-8B-LoRA,fpb_decontam,-13.246502876281738,0.02027667500078678,-9.559002876281738,0.8099488615989685,-11.121502876281738,0.16977450251579285
343,"Tallink Silja attributes the significant drop to problems with the booking system that was taken into operation in October , the sale of trailer ferry ` Sky Wind ' and the route between Stockholm and Riga , which has won passengers from the Helsinki-Stockholm route .",0,negative,0,negative,Negative,1,0,FinGPT-Llama-3-8B-LoRA,fpb_decontam,-11.209007263183594,0.8365278840065002,-12.896507263183594,0.15474210679531097,-15.771507263183594,0.00872995238751173
344,No financial details were disclosed .,1,neutral,1,neutral,Neutral,1,0,FinGPT-Llama-3-8B-LoRA,fpb_decontam,-14.088338851928711,0.025807881727814674,-10.463338851928711,0.9684336185455322,-15.588338851928711,0.005758516490459442
345,"Finnish airline Finnair has won a deal with the UK public sector to be the official airline for flights from London Heathrow to Osaka in Japan , as well as flights between Manchester in the UK and Helsinki in Finland .",2,positive,2,positive,Positive,1,0,FinGPT-Llama-3-8B-LoRA,fpb_decontam,-12.839178085327148,0.03809673711657524,-10.214178085327148,0.5259091854095459,-10.401678085327148,0.43599405884742737
346,"Meanwhile , Alfa owns 25.1 % of MegaFon through Altimo , and 4.99 % of Turkcell via an 18.5 % stake in Cukurova Holding .",1,neutral,1,neutral,Neutral,1,0,FinGPT-Llama-3-8B-LoRA,fpb_decontam,-13.847363471984863,0.06758023053407669,-11.284863471984863,0.8763937950134277,-14.034863471984863,0.05602597817778587
347,"Kemira , headquartered in Helsinki , Finland , is an international chemicals group comprising the business areas Kemira Pulp & Paper , Kemira Water , Kemira Specialty and Kemira Coatings .",1,neutral,1,neutral,Neutral,1,0,FinGPT-Llama-3-8B-LoRA,fpb_decontam,-12.977470397949219,0.11885317414999008,-11.039970397949219,0.825004518032074,-13.727470397949219,0.05614226311445236
348,The order is related to renewing the network of the telecommunications operator .,1,neutral,1,neutral,Neutral,1,0,FinGPT-Llama-3-8B-LoRA,fpb_decontam,-14.555538177490234,0.048927512019872665,-11.618038177490234,0.923194408416748,-15.118038177490234,0.027878057211637497
349,"In addition , the contract includes modification of the effluent treatment plant at Follum .",1,neutral,1,neutral,Neutral,1,0,FinGPT-Llama-3-8B-LoRA,fpb_decontam,-13.336286544799805,0.04308493062853813,-10.273786544799805,0.9211964011192322,-13.523786544799805,0.035718660801649094
350,"Seven-month sales of Ragutis , which is controlled by the Finnish brewery Olvi , declined by 11.2 percent , to 15.41 million liters , and the company held 9.89 percent of the market .",0,negative,0,negative,Negative,1,0,FinGPT-Llama-3-8B-LoRA,fpb_decontam,-11.863260269165039,0.9354863166809082,-14.550760269165039,0.0636606439948082,-18.86326026916504,0.0008530531194992363
351,Pharmaceutical market in Belgium Global Research & Data Services published recently a market analysis about the pharmaceutical markets in Belgium .,1,neutral,1,neutral,Neutral,1,0,FinGPT-Llama-3-8B-LoRA,fpb_decontam,-8.185967445373535,0.2562980651855469,-7.310967445373535,0.6148271560668945,-8.873467445373535,0.1288747638463974
352,"Founded in 1923 , Finnair is one of the world 's oldest airlines and flies to 60 destinations with a fleet of 63 aircraft , employing 9,500 people .",1,neutral,1,neutral,Neutral,1,0,FinGPT-Llama-3-8B-LoRA,fpb_decontam,-13.973016738891602,0.0221386831253767,-10.223016738891602,0.9413607716560364,-13.473016738891602,0.03650051727890968
353,Panostaja Oyj 's Board also decided at its organisational meeting held upon completion of the AGM to implement the AGM decision concerning Board member fees paid as shares in such a way that shares are transferred on a quarterly basis on the date following publication of the quarterly-annual report .,1,neutral,1,neutral,Neutral,1,0,FinGPT-Llama-3-8B-LoRA,fpb_decontam,-12.808112144470215,0.09580937772989273,-10.683112144470215,0.8022021055221558,-12.745612144470215,0.1019885465502739
354,"Operating profit totaled EUR 37,7 mn , up slightly from EUR 37.2 mn in the corresponding period in 2006 .",2,positive,2,positive,Positive,1,0,FinGPT-Llama-3-8B-LoRA,fpb_decontam,-12.851859092712402,0.017139948904514313,-9.351859092712402,0.5675971508026123,-9.664359092712402,0.41526293754577637
355,Rapala Fishing Frenzy 2009 .,1,neutral,1,neutral,Neutral,1,0,FinGPT-Llama-3-8B-LoRA,fpb_decontam,-11.623257637023926,0.15935415029525757,-9.998257637023926,0.8092672228813171,-13.248257637023926,0.031378693878650665
356,"In January-September 2007 , Finnlines ' net sales rose to EUR 505.4 mn from EUR 473.5 mn in the corresponding period in 2006 .",2,positive,2,positive,Positive,1,0,FinGPT-Llama-3-8B-LoRA,fpb_decontam,-13.696619033813477,0.014753474853932858,-11.196619033813477,0.17973412573337555,-9.696619033813477,0.8055124282836914
357,"L+ñnnen Tehtaat 's Food Division was reorganised into two strategic business units , Apetit Frozen Foods and Jams , and Apetit Fish .",1,neutral,1,neutral,Neutral,1,0,FinGPT-Llama-3-8B-LoRA,fpb_decontam,-15.197959899902344,0.05361500382423401,-12.385459899902344,0.892769992351532,-15.197959899902344,0.05361500382423401
358,The Department Store Division reported an increase in sales of 4 per cent .,2,positive,2,positive,Positive,1,0,FinGPT-Llama-3-8B-LoRA,fpb_decontam,-13.200148582458496,0.006073524709790945,-10.012648582458496,0.1471480280160904,-8.262648582458496,0.8467785120010376
359,BM4 middle layer headbox will be equipped with a dilution control system .,1,neutral,1,neutral,Neutral,1,0,FinGPT-Llama-3-8B-LoRA,fpb_decontam,-13.470080375671387,0.09850569069385529,-11.345080375671387,0.8247780203819275,-13.720080375671387,0.07671630382537842
360,`` The issues identified by Stonesoft affect a range of content inspection technology .,1,neutral,1,neutral,Neutral,1,0,FinGPT-Llama-3-8B-LoRA,fpb_decontam,-11.534856796264648,0.3910095989704132,-11.097356796264648,0.6056075096130371,-16.28485679626465,0.003382895840331912
361,Raute is listed on the Nordic exchange in Helsinki .,1,neutral,1,neutral,Neutral,1,0,FinGPT-Llama-3-8B-LoRA,fpb_decontam,-13.923095703125,0.05585239827632904,-11.110595703125,0.9300259351730347,-15.298095703125,0.014121697284281254
362,"Finnair 's Tallinn-based subsidiary , Aero AS , carried 23,335 passengers , a decline of 60.8 % , on routes between Helsinki and the Baltic capitals and within Southern Finland .",0,negative,0,negative,Negative,1,0,FinGPT-Llama-3-8B-LoRA,fpb_decontam,-9.80508041381836,0.9316359758377075,-12.43008041381836,0.06748748570680618,-16.77383041381836,0.0008765095262788236
363,Pretax profit rose to EUR 17.8 mn from EUR 14.9 mn in 2005 .,2,positive,2,positive,Positive,1,0,FinGPT-Llama-3-8B-LoRA,fpb_decontam,-13.958475112915039,0.016089873388409615,-11.395975112915039,0.2086566537618637,-10.083475112915039,0.7752534747123718
364,"The facility will have a lettable area of some 19,000 sq m. The plot for the plant , located in the Ratasmaki business park , will be purchased from the City of Forssa .",1,neutral,1,neutral,Neutral,1,0,FinGPT-Llama-3-8B-LoRA,fpb_decontam,-12.40977954864502,0.02921748161315918,-8.97227954864502,0.908929169178009,-11.65977954864502,0.061853405088186264
365,"Honkarakenne also decided yesterday to sell 88,500 of its B series shares to key staff members for EUR2 .9 per share .",1,neutral,1,neutral,Neutral,1,0,FinGPT-Llama-3-8B-LoRA,fpb_decontam,-13.014927864074707,0.04017186537384987,-9.889927864074707,0.9143074154853821,-12.889927864074707,0.045520685613155365
366,Number of offers received for this contract is two .,1,neutral,1,neutral,Neutral,1,0,FinGPT-Llama-3-8B-LoRA,fpb_decontam,-12.452249526977539,0.05127094313502312,-9.577249526977539,0.9087991714477539,-12.702249526977539,0.03992984816431999
367,The percentages of shares and voting rights have been calculated in proportion to the total number of shares registered with the Trade Register and the total number of voting rights related to them .,1,neutral,1,neutral,Neutral,1,0,FinGPT-Llama-3-8B-LoRA,fpb_decontam,-12.808536529541016,0.07323399931192398,-10.308536529541016,0.8921727538108826,-13.558536529541016,0.03459329158067703
368,Finnish-Swedish TietoEnator is expanding its business quickly in Russia .,2,positive,2,positive,Positive,1,0,FinGPT-Llama-3-8B-LoRA,fpb_decontam,-15.035618782043457,0.007176493760198355,-11.285618782043457,0.3051522672176361,-10.473118782043457,0.6876712441444397
369,Major Order in India Comptel Corporation has received a significant long-term order for mediation and provisioning solutions being used by a leading operator in India .,2,positive,2,positive,Positive,1,0,FinGPT-Llama-3-8B-LoRA,fpb_decontam,-10.797957420349121,0.021556207910180092,-8.735457420349121,0.16955269873142242,-7.172956943511963,0.8088910579681396
370,The extracted filtrates are very high in clarity while the dried filter cakes meet required transport moisture limits (TMLs)for their ore grades .,1,neutral,1,neutral,Neutral,1,0,FinGPT-Llama-3-8B-LoRA,fpb_decontam,-13.541278839111328,0.017328664660453796,-9.728778839111328,0.7843552231788635,-11.103778839111328,0.1983160674571991
371,"You need to be ready when the window opens up , Rosberg said .",1,neutral,1,neutral,Neutral,1,0,FinGPT-Llama-3-8B-LoRA,fpb_decontam,-12.67398452758789,0.06518974900245667,-10.04898452758789,0.8999167084693909,-13.29898452758789,0.03489355742931366
372,"`` Over the years , the color orange has become synonymous with quality .",1,neutral,1,neutral,Neutral,1,0,FinGPT-Llama-3-8B-LoRA,fpb_decontam,-13.564705848693848,0.0043194470927119255,-8.314705848693848,0.8231408596038818,-9.877205848693848,0.17253969609737396
373,"Tyrvaan Sanomat , published twice a week by Tyrvaan Sanomat Oy , appears in Sastamala and Kiikoinen .",1,neutral,1,neutral,Neutral,1,0,FinGPT-Llama-3-8B-LoRA,fpb_decontam,-11.712141990661621,0.09726885706186295,-9.524641990661621,0.8669478893280029,-12.712141990661621,0.03578321635723114
374,"The company 's set of services include digital printing , printing preparation , offset-printing , after-treatment services and send out services .",1,neutral,1,neutral,Neutral,1,0,FinGPT-Llama-3-8B-LoRA,fpb_decontam,-13.307805061340332,0.021157994866371155,-9.495305061340332,0.9576839804649353,-13.307805061340332,0.021157994866371155
375,"It is necessary to strengthen the company 's operations , however .",1,neutral,1,neutral,Neutral,1,0,FinGPT-Llama-3-8B-LoRA,fpb_decontam,-13.987016677856445,0.13422107696533203,-12.174516677856445,0.8222037553787231,-15.112016677856445,0.04357520490884781
376,"According to CapMan Plc 's Corporate Governance , the majority of the committees ' members shall be independent of the Company .",1,neutral,1,neutral,Neutral,1,0,FinGPT-Llama-3-8B-LoRA,fpb_decontam,-13.480441093444824,0.05552634224295616,-10.730441093444824,0.8685781359672546,-13.167941093444824,0.0758955106139183
377,"In 2006 , 452 million tonnes CO2 of EUA ( EU Allowance ; emissions credit in EU ) was traded with an underlying market value approx .",1,neutral,1,neutral,Neutral,1,0,FinGPT-Llama-3-8B-LoRA,fpb_decontam,-10.055645942687988,0.2299187332391739,-8.930645942687988,0.7081995606422424,-11.368145942687988,0.06188178434967995
378,"At the same time profit of the company increased by 10 % in H1 and reached Ls 79,000 .",2,positive,2,positive,Positive,1,0,FinGPT-Llama-3-8B-LoRA,fpb_decontam,-12.222879409790039,0.0119348568841815,-8.410379409790039,0.5402129292488098,-8.597879409790039,0.4478522539138794
379,Operating profit rose to EUR 27.8 mn from EUR 17.5 mn in 2008 .,2,positive,2,positive,Positive,1,0,FinGPT-Llama-3-8B-LoRA,fpb_decontam,-13.007040977478027,0.019983254373073578,-11.132040977478027,0.1303071826696396,-9.257040977478027,0.8497095704078674
380,"Finnish financial software solutions developer BasWare Oyj said its net profit fell to 884,000 euro ( $ 1.2 mln ) for the first quarter of 2007 from 2.0 mln euro ( $ 2.7 mln ) a year earlier .",0,negative,0,negative,Negative,1,0,FinGPT-Llama-3-8B-LoRA,fpb_decontam,-9.662134170532227,0.7751269340515137,-10.912134170532227,0.22207759320735931,-15.287134170532227,0.002795544220134616
381,The arrangements do not apply to the group 's units outside Finland .,1,neutral,1,neutral,Neutral,1,0,FinGPT-Llama-3-8B-LoRA,fpb_decontam,-14.352987289428711,0.08934429287910461,-12.040487289428711,0.9023454189300537,-16.72798728942871,0.00831031333655119
382,Net investment income,1,neutral,1,neutral,Neutral,1,0,FinGPT-Llama-3-8B-LoRA,fpb_decontam,-11.123416900634766,0.1702621877193451,-9.623416900634766,0.7630621790885925,-12.060916900634766,0.06667562574148178
383,"The equipment Ixonos acquires with this deal includes mechanical engineering hardware ; an RF and antenna measurement laboratory ; facilities for the measurement of audio , cameras and displays ; as well as devices and robot units for the testing of mobile devices .",1,neutral,1,neutral,Neutral,1,0,FinGPT-Llama-3-8B-LoRA,fpb_decontam,-11.820411682128906,0.10419677942991257,-9.757911682128906,0.8195711970329285,-12.132911682128906,0.07623199373483658
384,"For 24-hour news , try ICIS news www.icis.com Click `` trial '' , then ICIS news",1,neutral,1,neutral,Neutral,1,0,FinGPT-Llama-3-8B-LoRA,fpb_decontam,-12.129401206970215,0.17980413138866425,-10.754401206970215,0.7111391425132751,-12.629401206970215,0.10905672609806061
385,"Last July , the group said it intended to relocate warehouse and office space in Loudeac and Saint Marcel to Morvillars , in the east of France , where it already operates a hook manufacturing and distribution unit .",1,neutral,1,neutral,Neutral,1,0,FinGPT-Llama-3-8B-LoRA,fpb_decontam,-14.192960739135742,0.09353046119213104,-12.005460739135742,0.8336279392242432,-14.442960739135742,0.0728415995836258
386,"The total delivery volume of paper businesses in 2010 was 1,155,000 tonnes , up from 1,132,000 tonnes in 2009 .",2,positive,1,neutral,Neutral,0,0,FinGPT-Llama-3-8B-LoRA,fpb_decontam,-12.707829475402832,0.02893231064081192,-9.645329475402832,0.6186000108718872,-10.207829475402832,0.3524676561355591
387,"CapMan 's first real estate fund , which had a total investment capacity of ( EURO ) 500 million and closed in June 2005 , invested in commercial properties in the Helsinki metropolitan area .",1,neutral,1,neutral,Neutral,1,0,FinGPT-Llama-3-8B-LoRA,fpb_decontam,-12.92381763458252,0.05602597817778587,-10.17381763458252,0.8763937950134277,-12.73631763458252,0.06758023053407669
388,"Theodosopoulos said Tellabs could be of value to Nokia Siemens or Nortel given its `` leading supply status '' with Verizon , along with high-growth products .",2,positive,1,neutral,Neutral,0,0,FinGPT-Llama-3-8B-LoRA,fpb_decontam,-13.365443229675293,0.06301048398017883,-11.052943229675293,0.6363833546638489,-11.802943229675293,0.30060622096061707
389,"The order comprises four ball mills , which will be organized in two different streams for treating ore in the Pilanesberg platinum mine .",1,neutral,1,neutral,Neutral,1,0,FinGPT-Llama-3-8B-LoRA,fpb_decontam,-11.933961868286133,0.08264707773923874,-9.621461868286133,0.8347058892250061,-11.933961868286133,0.08264707773923874
390,"In the second quarter of 2010 , the company 's net profit was EUR1 .7 m compared to a net loss of EUR1 .3 m in April-June 2009 .",2,positive,2,positive,Positive,1,0,FinGPT-Llama-3-8B-LoRA,fpb_decontam,-13.155721664428711,0.02576591819524765,-10.155721664428711,0.5175222754478455,-10.280721664428711,0.4567118287086487
391,Exports grew 16.5 percent to 19.1 million liters .,2,positive,2,positive,Positive,1,0,FinGPT-Llama-3-8B-LoRA,fpb_decontam,-12.383018493652344,0.022667089477181435,-10.320518493652344,0.1782904714345932,-8.820518493652344,0.7990424633026123
392,"The refining margin for the year was $ 13.39 - bbl , compared to $ 10.46 - bbl in the prior year .",2,positive,2,positive,Positive,1,0,FinGPT-Llama-3-8B-LoRA,fpb_decontam,-12.94399356842041,0.06531764566898346,-11.50649356842041,0.2749975323677063,-10.63149356842041,0.6596847772598267
393,Operating result including non-recurring items rose to EUR 146mn from a loss of EUR 267mn in 2009 .,2,positive,2,positive,Positive,1,0,FinGPT-Llama-3-8B-LoRA,fpb_decontam,-13.801765441894531,0.014584413729608059,-11.239265441894531,0.18913356959819794,-9.801765441894531,0.7962819933891296
394,"Ruukki 's delivery includes steel structures , including installation , for Krakeroy bascule bridge and steel piles for the bridge foundations .",1,neutral,1,neutral,Neutral,1,0,FinGPT-Llama-3-8B-LoRA,fpb_decontam,-13.491965293884277,0.0482761524617672,-10.616965293884277,0.8557152152061462,-12.804465293884277,0.09600858390331268
395,"Poyry is a global consulting and engineering firm focusing on the energy , forest industry and infrastructure & environment sectors .",1,neutral,1,neutral,Neutral,1,0,FinGPT-Llama-3-8B-LoRA,fpb_decontam,-12.663726806640625,0.14331302046775818,-10.913726806640625,0.8247095346450806,-14.163726806640625,0.03197745978832245
396,"However , the company saw its net profit for the third quarter down to EUR 1.4 million from EUR 1.5 million for the corresponding period of 2009 .",0,negative,0,negative,Negative,1,0,FinGPT-Llama-3-8B-LoRA,fpb_decontam,-11.38761043548584,0.677619457244873,-12.13761043548584,0.3200847804546356,-17.075111389160156,0.002295808168128133
397,The value of the order is about EUR 30mn .,1,neutral,1,neutral,Neutral,1,0,FinGPT-Llama-3-8B-LoRA,fpb_decontam,-13.766934394836426,0.028696822002530098,-10.266934394836426,0.9503082036972046,-14.079434394836426,0.020995041355490685
398,- Net sales for the period are expected to fall well below that of last year and the result after non-recurring items is expected to be in the red .,0,negative,0,negative,Negative,1,0,FinGPT-Llama-3-8B-LoRA,fpb_decontam,-8.846990585327148,0.9190423488616943,-11.284490585327148,0.08030502498149872,-16.09699058532715,0.0006526803481392562
399,"The company 's transportation business is conducted through Florida Rock & Tank Lines , which is a Southeastern transportation company concentrating in the hauling by motor carrier of liquid and dry bulk commodities .",1,neutral,1,neutral,Neutral,1,0,FinGPT-Llama-3-8B-LoRA,fpb_decontam,-13.99421215057373,0.061482932418584824,-11.30671215057373,0.903485119342804,-14.55671215057373,0.035031918436288834
400,Ponsse projects the forest machine markets to improve more than expected in 2010 from the previous year .,2,positive,2,positive,Positive,1,0,FinGPT-Llama-3-8B-LoRA,fpb_decontam,-15.17884349822998,0.016692258417606354,-12.96009349822998,0.15349915623664856,-11.27259349822998,0.8298085927963257
401,"Profitability ( EBIT % ) was 13.9 % , compared to 13.1 % in the previous-year period .",2,positive,-1,UNPARSEABLE,,0,1,FinGPT-Llama-3-8B-LoRA,fpb_decontam,-11.251038551330566,0.07217826694250107,-9.126038551330566,0.6043412089347839,-9.751038551330566,0.3234805464744568
402,The financial details of the acquisition were not disclosed .,1,neutral,1,neutral,Neutral,1,0,FinGPT-Llama-3-8B-LoRA,fpb_decontam,-16.233476638793945,0.010971617884933949,-11.733476638793945,0.987633466720581,-18.295976638793945,0.0013948845444247127
403,"Established in 1987 , the SRV Group is a private Finnish construction concern with operations in Finland , the Baltic countries and Russia .",1,neutral,1,neutral,Neutral,1,0,FinGPT-Llama-3-8B-LoRA,fpb_decontam,-13.65949535369873,0.02865801565349102,-10.15949535369873,0.9490231275558472,-13.90949535369873,0.02231888473033905
404,"The cost of the deal could range from 70 million to 90 million euros depending on the financial results of the two companies in 2008 , the statement says .",1,neutral,1,neutral,Neutral,1,0,FinGPT-Llama-3-8B-LoRA,fpb_decontam,-12.971946716308594,0.08294627070426941,-10.596946716308594,0.8917564749717712,-14.159446716308594,0.02529718540608883
405,"These include software development for internet and mobile telephone content , communications , value-added software , financial services , security applications , systems integration and electronics .",1,neutral,1,neutral,Neutral,1,0,FinGPT-Llama-3-8B-LoRA,fpb_decontam,-10.405235290527344,0.04874654859304428,-7.4677348136901855,0.9197803139686584,-10.842735290527344,0.03147313743829727
406,"Since the registration of the shares subscribed in a directed share issue , the new number of Panostaja shares and voting rights is 41,733,110 .",1,neutral,1,neutral,Neutral,1,0,FinGPT-Llama-3-8B-LoRA,fpb_decontam,-13.668846130371094,0.026582982391119003,-10.106346130371094,0.9370824098587036,-13.356346130371094,0.036334626376628876
407,"Erkki Jarvinen , President of Rautakirja and the head of the Sanoma Trade division , will leave his current tasks in spring 2009 for a similar position outside the Sanoma Group .",1,neutral,1,neutral,Neutral,1,0,FinGPT-Llama-3-8B-LoRA,fpb_decontam,-13.573012351989746,0.10802384465932846,-11.510512351989746,0.8496733903884888,-14.510512351989746,0.04230274632573128
408,The operating margin came down to 2.4 % from 5.7 % .,0,negative,0,negative,Negative,1,0,FinGPT-Llama-3-8B-LoRA,fpb_decontam,-12.488725662231445,0.6788408756256104,-13.238725662231445,0.3206617534160614,-19.707475662231445,0.0004973987815901637
409,"Suominen Corporation estimates that the cost-cutting program that started in autumn 2005 , higher sales prices , and expected growth in volume of Wet Wipes , will make the company 's operations more profitable .",2,positive,2,positive,Positive,1,0,FinGPT-Llama-3-8B-LoRA,fpb_decontam,-15.758131980895996,0.021080313250422478,-13.570631980895996,0.1878867894411087,-12.133131980895996,0.7910329103469849
410,"Cohen & Steers , Inc. : 5 534 626 shares representing 4.985 % of the share capital and voting rights .",1,neutral,1,neutral,Neutral,1,0,FinGPT-Llama-3-8B-LoRA,fpb_decontam,-14.062297821044922,0.041040077805519104,-10.937297821044922,0.9340677857398987,-14.562297821044922,0.024892063811421394
411,"Operating profit margin was 8.3 % , compared to 11.8 % a year earlier .",0,negative,0,negative,Negative,1,0,FinGPT-Llama-3-8B-LoRA,fpb_decontam,-10.258070945739746,0.8343678712844849,-11.883070945739746,0.16429677605628967,-16.695571899414062,0.0013353233225643635
412,"The major breweries increased their domestic beer sales by 4.5 per cent last year , to 256.88 million litres from 245.92 million litres in 2004 .",2,positive,2,positive,Positive,1,0,FinGPT-Llama-3-8B-LoRA,fpb_decontam,-12.381586074829102,0.009019704535603523,-10.319086074829102,0.07094547152519226,-7.756586074829102,0.9200348258018494
413,"The total scope of the project is about 38,000 square metres and it is valued at a total of around EUR75m .",1,neutral,1,neutral,Neutral,1,0,FinGPT-Llama-3-8B-LoRA,fpb_decontam,-10.66420841217041,0.0360623374581337,-7.414207935333252,0.9300602674484253,-10.72670841217041,0.0338774248957634
414,"Both operating profit and net sales for the six-month period increased , respectively from EUR0 .4 m and EUR3 .2 m , as compared to the corresponding period in 2005 .",2,positive,2,positive,Positive,1,0,FinGPT-Llama-3-8B-LoRA,fpb_decontam,-11.029889106750488,0.015757016837596893,-8.967389106750488,0.12393854558467865,-7.02988862991333,0.8603044152259827
415,Return on equity stood at 18.3 % compared to 15.4 % in the third quarter of 2005 .,2,positive,2,positive,Positive,1,0,FinGPT-Llama-3-8B-LoRA,fpb_decontam,-11.594367027282715,0.07108777016401291,-9.781867027282715,0.43546533584594727,-9.656867027282715,0.49344688653945923
416,"London 's leading shares today jumped almost 100 points , or 1.7 % , as the market opened .",2,positive,2,positive,Positive,1,0,FinGPT-Llama-3-8B-LoRA,fpb_decontam,-17.799423217773438,0.0015337496297433972,-15.955674171447754,0.009693587198853493,-11.330674171447754,0.9887726902961731
417,"The airline estimated that the cancellation of its flights due to the closure of European airspace , and the process of recommencing traffic , have caused a the company a loss of EUR20m , including the costs of stranded passengers ' accommodation .",0,negative,0,negative,Negative,1,0,FinGPT-Llama-3-8B-LoRA,fpb_decontam,-10.00275993347168,0.8460942506790161,-11.75275993347168,0.1470291167497635,-14.81525993347168,0.006876644678413868
418,"Okmetic closed its plant in Espoo in early 2004 , and all production lines from the site were moved to Okmetic 's plants in Vantaa , Finland and Texas , USA .",1,neutral,1,neutral,Neutral,1,0,FinGPT-Llama-3-8B-LoRA,fpb_decontam,-12.58517837524414,0.27262651920318604,-11.71017837524414,0.653997004032135,-13.89767837524414,0.07337643206119537
419,"Making matters more difficult , the company said it has been grappling with higher oil and gas prices , which have pushed up the cost of energy , raw materials and transportation .",0,negative,0,negative,Negative,1,0,FinGPT-Llama-3-8B-LoRA,fpb_decontam,-8.921795845031738,0.8828294277191162,-10.984295845031738,0.11223915964365005,-14.109295845031738,0.004931444767862558
420,Return on investment was 16.6 % compared to 15.8 % in 2004 .,2,positive,2,positive,Positive,1,0,FinGPT-Llama-3-8B-LoRA,fpb_decontam,-12.727434158325195,0.0354088693857193,-10.602434158325195,0.296474814414978,-9.789934158325195,0.6681163311004639
421,"BAVARIA Industriekapital AG 's 2006 revenues were EUR 333 million , with an EBITDA of EUR 51 million .",1,neutral,1,neutral,Neutral,1,0,FinGPT-Llama-3-8B-LoRA,fpb_decontam,-12.520572662353516,0.035560134798288345,-9.333072662353516,0.8615431785583496,-11.458072662353516,0.10289666056632996
422,The value of the deal has not been disclosed .,1,neutral,1,neutral,Neutral,1,0,FinGPT-Llama-3-8B-LoRA,fpb_decontam,-15.589041709899902,0.017884986475110054,-11.589041709899902,0.9764872193336487,-16.745290756225586,0.005627766251564026
423,"The facility will be used to refinance Citycon 's existing credit facility , the company said .",1,neutral,1,neutral,Neutral,1,0,FinGPT-Llama-3-8B-LoRA,fpb_decontam,-12.553199768066406,0.02525940351188183,-8.928199768066406,0.9478521347045898,-12.490699768066406,0.026888497173786163
424,"In addition to the Tulikivi Corporation , he is also currently a member of the Board of the following companies : Altia Corporation , J+ñrvi-Suomen Portti Osuuskunta , Osuuskunta KPY , Profile Vehicles Oy and Voimatel Oy .",1,neutral,1,neutral,Neutral,1,0,FinGPT-Llama-3-8B-LoRA,fpb_decontam,-12.471160888671875,0.051826346665620804,-9.596160888671875,0.9186439514160156,-13.033660888671875,0.029529761523008347
425,"The earnings per share for the quarter came in at 0.25 eur , up from the 0.20 eur of the same quarter a year earlier .",2,positive,2,positive,Positive,1,0,FinGPT-Llama-3-8B-LoRA,fpb_decontam,-16.199237823486328,0.01107153482735157,-13.511737823486328,0.1626950055360794,-11.886737823486328,0.826233446598053
426,"Markets had been expecting a poor performance , and the company 's stock was up 6 percent at  x20ac 23.89 US$ 33.84 in early afternoon trading in Helsinki .",2,positive,2,positive,Positive,1,0,FinGPT-Llama-3-8B-LoRA,fpb_decontam,-11.569461822509766,0.014071017503738403,-10.131961822509766,0.05924120172858238,-7.381962299346924,0.9266878366470337
427,The acquisition will have an immediate positive impact on Aspocomp 's financial result .,2,positive,2,positive,Positive,1,0,FinGPT-Llama-3-8B-LoRA,fpb_decontam,-16.197460174560547,0.006688451394438744,-13.603711128234863,0.08949041366577148,-11.291211128234863,0.9038211107254028
428,"The period 's sales dropped to EUR 30.6 million from EUR 38.3 million , according to the interim report , released today .",0,negative,0,negative,Negative,1,0,FinGPT-Llama-3-8B-LoRA,fpb_decontam,-11.8850679397583,0.8349561095237732,-13.5100679397583,0.16441260278224945,-19.072566986083984,0.0006312079494819045
429,Related links : Flexiblebaseloadoperation TheWartsila32generating set Gasconversions This is the shorter of two versions of this press release .,1,neutral,1,neutral,Neutral,1,0,FinGPT-Llama-3-8B-LoRA,fpb_decontam,-10.064286231994629,0.21010659635066986,-8.814286231994629,0.7333440184593201,-11.376786231994629,0.05654941871762276
430,The closing of such transaction took place today .,1,neutral,1,neutral,Neutral,1,0,FinGPT-Llama-3-8B-LoRA,fpb_decontam,-15.268728256225586,0.013129892759025097,-10.956228256225586,0.9798421263694763,-15.893728256225586,0.0070279245264828205
431,Last year 's net sales rose to EUR 68.3 million from EUR 62.2 million .,2,positive,2,positive,Positive,1,0,FinGPT-Llama-3-8B-LoRA,fpb_decontam,-14.01341724395752,0.007635783404111862,-10.95091724395752,0.16326025128364563,-9.32591724395752,0.8291040062904358
432,Unit costs for flight operations fell by 6.4 percent .,2,positive,0,negative,Negative,0,0,FinGPT-Llama-3-8B-LoRA,fpb_decontam,-10.891215324401855,0.45969343185424805,-11.203715324401855,0.33631888031959534,-11.703715324401855,0.203987717628479
433,"In a release on Oct. 28 , Peab said the two businesses will continue to be conducted under the brands Cliffton and Stockholm Entreprenad , both part of the Peab Group .",1,neutral,1,neutral,Neutral,1,0,FinGPT-Llama-3-8B-LoRA,fpb_decontam,-14.173349380493164,0.02684476226568222,-10.610849380493164,0.9463104605674744,-14.173349380493164,0.02684476226568222
434,HELSINKI AFX - Outokumpu said its technology unit has won a 28 mln eur contract from Bosnia-Herzegovina 's Aluminij dd Mostar to upgrade an anode plant .,2,positive,2,positive,Positive,1,0,FinGPT-Llama-3-8B-LoRA,fpb_decontam,-11.468354225158691,0.05879393592476845,-9.593354225158691,0.383384644985199,-9.218354225158691,0.5578213334083557
435,The trade is in accordance with the agreement announced on 26 March 2008 .,1,neutral,1,neutral,Neutral,1,0,FinGPT-Llama-3-8B-LoRA,fpb_decontam,-12.3600435256958,0.01795218698680401,-8.4850435256958,0.8649848103523254,-10.4850435256958,0.11706296354532242
436,"Honkarakenne also decided yesterday to sell 88,500 of its B-series shares to key staff members for EUR 2.90 per share .",1,neutral,1,neutral,Neutral,1,0,FinGPT-Llama-3-8B-LoRA,fpb_decontam,-12.972655296325684,0.05343024805188179,-10.160155296325684,0.889693558216095,-12.910155296325684,0.056876201182603836
437,"CapMan Plc Press Release 31 March 2008 Jukka Ruuska , President of the OMX Nordic Exchanges and the Stockholm Stock Exchange , will transfer to CapMan effective no later than September 2008 .",1,neutral,1,neutral,Neutral,1,0,FinGPT-Llama-3-8B-LoRA,fpb_decontam,-11.820207595825195,0.14010381698608398,-10.132707595825195,0.7573940753936768,-12.132707595825195,0.10250213742256165
438,"JP Morgan expects that Scala will lower Nobel Biocare 's growth forecast for 2007 from the current guidance of 23-25 pct , as well as the operating margin target from the current 34-35 pct .",0,negative,0,negative,Negative,1,0,FinGPT-Llama-3-8B-LoRA,fpb_decontam,-11.3264799118042,0.9381014108657837,-14.0764799118042,0.05997081473469734,-17.513978958129883,0.001927760662510991
439,A meeting of Glisten shareholders to vote on the bid will be held on 12 March .,1,neutral,1,neutral,Neutral,1,0,FinGPT-Llama-3-8B-LoRA,fpb_decontam,-14.694106101989746,0.03668014332652092,-11.444106101989746,0.9459934234619141,-15.444106101989746,0.0173264741897583
440,"Its product portfolio comprises harvesters , forwarders , harvester heads , as well as cranes and loaders .",1,neutral,1,neutral,Neutral,1,0,FinGPT-Llama-3-8B-LoRA,fpb_decontam,-12.805344581604004,0.032473787665367126,-9.430344581604004,0.9490232467651367,-13.367844581604004,0.018503008410334587
441,Glaston 's net profit for the third quarter of 2007 dropped to 2.4 mln euro ( $ 3.5 mln ) from 3.5 mln euro ( $ 5.1 mln ) for the corresponding period of 2006 .,0,negative,0,negative,Negative,1,0,FinGPT-Llama-3-8B-LoRA,fpb_decontam,-11.489217758178711,0.8854860663414001,-13.551717758178711,0.1125769093632698,-17.61421775817871,0.0019369929796084762
442,"Operating profit totalled EUR 30.2 mn , down from EUR 43.8 mn a year earlier .",0,negative,0,negative,Negative,1,0,FinGPT-Llama-3-8B-LoRA,fpb_decontam,-10.944565773010254,0.7971362471580505,-12.319565773010254,0.20154759287834167,-17.35081672668457,0.00131623400375247
443,"Cash flow from operations totalled EUR 2.71 mn , compared to a negative EUR 0.83 mn in the corresponding period in 2008 .",2,positive,-1,UNPARSEABLE,,0,1,FinGPT-Llama-3-8B-LoRA,fpb_decontam,-10.621878623962402,0.07763766497373581,-8.871878623962402,0.4467739164829254,-8.809378623962402,0.4755883514881134
444,"The segments through which the company operates are Frozen Food business , Seafoods , Vegetable Oil business , Grain Trading and Other business operations .",1,neutral,1,neutral,Neutral,1,0,FinGPT-Llama-3-8B-LoRA,fpb_decontam,-13.271739959716797,0.06590891629457474,-10.646739959716797,0.9098445177078247,-14.271739959716797,0.02424653433263302
445,"Neste Oil will publish its third quarter 2008 results on Friday , 24 October 2008 at approximately 9 am ( EET ) .",1,neutral,1,neutral,Neutral,1,0,FinGPT-Llama-3-8B-LoRA,fpb_decontam,-11.624844551086426,0.11629708856344223,-9.624844551086426,0.8593257069587708,-13.187344551086426,0.02437719516456127
446,"The building will house , for example , Respecta Oy 's Jyvaskyla premises , as well as other companies to be announced later , says Samuel Koivisto , Director of Technopolis operations in Jyvaskyla .",1,neutral,1,neutral,Neutral,1,0,FinGPT-Llama-3-8B-LoRA,fpb_decontam,-14.828466415405273,0.02127142623066902,-11.078466415405273,0.9044840335845947,-13.578466415405273,0.07424456626176834
447,"The firm 's UK head office is in Rugby Road , Lutterworth .",1,neutral,1,neutral,Neutral,1,0,FinGPT-Llama-3-8B-LoRA,fpb_decontam,-16.702571868896484,0.0018644931260496378,-10.421321868896484,0.9964900612831116,-16.827571868896484,0.0016454093856737018
448,"However , the proportion of the paid standing orders grew in 2009 .",2,positive,1,neutral,Neutral,0,0,FinGPT-Llama-3-8B-LoRA,fpb_decontam,-14.151596069335938,0.05019700527191162,-11.401596069335938,0.78521329164505,-12.964096069335938,0.16458964347839355
449,"The company 's net profit rose 11.4 % on the year to 82.2 million euros in 2005 on sales of 686.5 million euros , 13.8 % up on the year , the company said earlier .",2,positive,2,positive,Positive,1,0,FinGPT-Llama-3-8B-LoRA,fpb_decontam,-13.632065773010254,0.010836782865226269,-10.819565773010254,0.18044863641262054,-9.319565773010254,0.8087146878242493
450,Construction is scheduled to start in April-June 2007 and to be completed in early 2008 .,1,neutral,1,neutral,Neutral,1,0,FinGPT-Llama-3-8B-LoRA,fpb_decontam,-12.755037307739258,0.04230274632573128,-9.755037307739258,0.8496733903884888,-11.817537307739258,0.10802384465932846
451,"Finland 's Technopolis is planning to bring the first section of a technopark on stream in St. Petersburg at the end of 2008 , Kari Mikkonen , vice president of Technopolis , told reporters in Helsinki .",1,neutral,1,neutral,Neutral,1,0,FinGPT-Llama-3-8B-LoRA,fpb_decontam,-12.603254318237305,0.040662191808223724,-9.790754318237305,0.6770862936973572,-10.665754318237305,0.2822515368461609
452,"- The Group -¦ s profit before taxes was EUR 0,2 7,8 million .",1,neutral,1,neutral,Neutral,1,0,FinGPT-Llama-3-8B-LoRA,fpb_decontam,-7.656729221343994,0.10905672609806061,-5.781729221343994,0.7111391425132751,-7.156729221343994,0.17980413138866425
453,"Both operating profit and turnover for the six-month period increased , respectively , from EUR17 .6 m and EUR1149 .9 m , as compared to the corresponding period in 2007 .",2,positive,2,positive,Positive,1,0,FinGPT-Llama-3-8B-LoRA,fpb_decontam,-12.79023551940918,0.012527224607765675,-10.22773551940918,0.1624555140733719,-8.60273551940918,0.8250172734260559
454,"Currently it operates a fleet of eight carriers , as well as nine pushers and barges .",1,neutral,1,neutral,Neutral,1,0,FinGPT-Llama-3-8B-LoRA,fpb_decontam,-12.967188835144043,0.01764831133186817,-8.967188835144043,0.9635651111602783,-12.904688835144043,0.018786529079079628
455,"Dealers said the share was largely hit by investor disappointment about a refining margin of just 9.48 usd per barrel for the quarter and the performance of its shipping unit , which saw EBIT drop to 5 mln eur from 20 mln eur a year amid a fall in volumes and tanker rates .",0,negative,0,negative,Negative,1,0,FinGPT-Llama-3-8B-LoRA,fpb_decontam,-12.103988647460938,0.8484990000724792,-13.853988647460938,0.14744700491428375,-17.447738647460938,0.004054060205817223
456,Stora Enso will receive a 19.9 pct equity interest in the combined company .,1,neutral,1,neutral,Neutral,1,0,FinGPT-Llama-3-8B-LoRA,fpb_decontam,-12.922886848449707,0.020950639620423317,-9.172886848449707,0.8908438682556152,-11.485386848449707,0.088205486536026
457,"Ragutis , which is controlled by the Finnish brewery , reported a 5.4-per-cent rise in beer sales to 10.44 million litres and held an 11.09-per-cent market share .",2,positive,2,positive,Positive,1,0,FinGPT-Llama-3-8B-LoRA,fpb_decontam,-12.311613082885742,0.01704435981810093,-10.061613082885742,0.1617123782634735,-8.436613082885742,0.8212432265281677
458,The energy shot is packed in a 100-millilitre bag with a screw cap .,1,neutral,1,neutral,Neutral,1,0,FinGPT-Llama-3-8B-LoRA,fpb_decontam,-15.074226379394531,0.020068898797035217,-11.199226379394531,0.9669737219810486,-15.511726379394531,0.012957455590367317
459,"` Nordea 's definitely too big for Sampo to acquire , ' said an analyst ` But Sampo would appear to have an agenda for Nordea ahead of the privatisation .",1,neutral,1,neutral,Neutral,1,0,FinGPT-Llama-3-8B-LoRA,fpb_decontam,-13.205999374389648,0.14202310144901276,-11.455999374389648,0.8172865509986877,-14.455999374389648,0.04069029912352562
460,"Thus the group 's balance sheet will have about EUR25 .8 m in goodwill for 2010 , the company added .",1,neutral,1,neutral,Neutral,1,0,FinGPT-Llama-3-8B-LoRA,fpb_decontam,-12.423443794250488,0.04882698506116867,-9.548443794250488,0.8654789328575134,-11.860943794250488,0.08569402247667313
461,The report contains category level company and brand share as well as distribution share information for 2007 and 2008 .,1,neutral,1,neutral,Neutral,1,0,FinGPT-Llama-3-8B-LoRA,fpb_decontam,-12.292990684509277,0.06985365599393845,-9.792990684509277,0.8509917855262756,-12.167990684509277,0.07915456593036652
462,"The latest result included per-share charges of 5 cents for stock compensation , 1 cent for research and development and 1 cent for strategic investments .",1,neutral,0,negative,Negative,0,0,FinGPT-Llama-3-8B-LoRA,fpb_decontam,-10.185403823852539,0.5115255117416382,-10.310403823852539,0.4514196813106537,-12.810403823852539,0.03705478459596634
463,`` Serving customers locally is one of the cornerstones of customer focus for us .,1,neutral,1,neutral,Neutral,1,0,FinGPT-Llama-3-8B-LoRA,fpb_decontam,-11.953675270080566,0.006128157954663038,-7.016175270080566,0.8543955683708191,-8.828675270080566,0.1394762545824051
464,The value of the order is nearly EUR400m .,1,neutral,1,neutral,Neutral,1,0,FinGPT-Llama-3-8B-LoRA,fpb_decontam,-12.727458953857422,0.06488828361034393,-10.102458953857422,0.8957550525665283,-13.227458953857422,0.03935673087835312
465,Danske Bank is Denmark 's largest bank with 3.5 million customers .,1,neutral,1,neutral,Neutral,1,0,FinGPT-Llama-3-8B-LoRA,fpb_decontam,-13.932278633117676,0.05517587810754776,-11.119778633117676,0.9187608361244202,-14.682278633117676,0.026063239201903343
466,"Operating profit was EUR 11.4 mn , up from EUR 7.5 mn .",2,positive,2,positive,Positive,1,0,FinGPT-Llama-3-8B-LoRA,fpb_decontam,-13.432107925415039,0.024093767628073692,-11.432107925415039,0.17803020775318146,-9.932107925415039,0.7978760004043579
467,`` They want my credit card info and my personal details .,1,neutral,1,neutral,Neutral,1,0,FinGPT-Llama-3-8B-LoRA,fpb_decontam,-13.62380313873291,0.11266686022281647,-11.56130313873291,0.886193573474884,-18.217552185058594,0.00113961030729115
468,"Jarmo Honkamaa , head of the oil refining business at Neste Oil , says the situation looks promising from their viewpoint .",2,positive,2,positive,Positive,1,0,FinGPT-Llama-3-8B-LoRA,fpb_decontam,-15.481553077697754,0.0034370890352874994,-10.825303077697754,0.36172160506248474,-10.262803077697754,0.63484126329422
469,"in Q1 '10 19 April 2010 - Finnish forest machinery and equipment maker Ponsse Oyj HEL : PON1V said today that it expects to swing to a net profit of some EUR6 .3 m in the first quarter of 2010 , from an EUR9 .6 m loss a year earlier .",2,positive,2,positive,Positive,1,0,FinGPT-Llama-3-8B-LoRA,fpb_decontam,-14.804686546325684,0.021874375641345978,-13.242186546325684,0.1043568029999733,-11.117186546325684,0.8737688064575195
470,Biohit already services many current Genesis customers and the customer base is expected to expand as a result of this agreement .,2,positive,2,positive,Positive,1,0,FinGPT-Llama-3-8B-LoRA,fpb_decontam,-13.506392478942871,0.010596515610814095,-9.443892478942871,0.6158634424209595,-9.943892478942871,0.3735400438308716
471,"efficiency improvement measures 20 January 2010 - Finnish stationery and gift retailer Tiimari HEL : TII1V said today that it will continue to improve its operational efficiency , by focusing on its profitable core operations .",2,positive,2,positive,Positive,1,0,FinGPT-Llama-3-8B-LoRA,fpb_decontam,-13.66025447845459,0.023379765450954437,-11.78525447845459,0.15245522558689117,-10.09775447845459,0.8241651058197021
472,Coffee will be served starting at 14:30 EET as well as after the event .,1,neutral,1,neutral,Neutral,1,0,FinGPT-Llama-3-8B-LoRA,fpb_decontam,-14.940057754516602,0.006459150929003954,-9.940057754516602,0.9586229920387268,-13.252557754516602,0.03491784259676933
473,Vacon recently announced plans to build its North American headquarters at 5 Business Park in Chambersburg .,1,neutral,1,neutral,Neutral,1,0,FinGPT-Llama-3-8B-LoRA,fpb_decontam,-14.764225959777832,0.010308463126420975,-10.326725959777832,0.8717173933982849,-12.326725959777832,0.11797411739826202
474,"Veidekke , headquartered in Oslo , Norway , is a Scandinavian construction and property development group with some 6,350 employees in Norway , Sweden and Denmark , with an annual turnover of NOK16 .4 bn .",1,neutral,1,neutral,Neutral,1,0,FinGPT-Llama-3-8B-LoRA,fpb_decontam,-12.687871932983398,0.09353046119213104,-10.500371932983398,0.8336279392242432,-12.937871932983398,0.0728415995836258
475,"Copper , lead and nickel also dropped ... HBOS ( HBOS ) plummeted 20 % to 70.3 pence after saying this year+ó ??",0,negative,0,negative,Negative,1,0,FinGPT-Llama-3-8B-LoRA,fpb_decontam,-11.349860191345215,0.8733810782432556,-13.287360191345215,0.12582248449325562,-18.34986114501953,0.0007964197429828346
476,Welcome !,1,neutral,1,neutral,neutral,1,0,FinGPT-Llama-3-8B-LoRA,fpb_decontam,-12.74926471710205,0.00345992692746222,-7.124264240264893,0.9593423008918762,-10.37426471710205,0.03719772398471832
477,"Due to rapid expansion , the market share of Tallink in terms of passenger carriage through Tallinna Sadam Port of Tallinn totaled 55 percent in November against 45.7 percent in November 2005 .",2,positive,1,neutral,Neutral,0,0,FinGPT-Llama-3-8B-LoRA,fpb_decontam,-10.998214721679688,0.04411080479621887,-8.373214721679688,0.6089308857917786,-8.935714721679688,0.34695833921432495
478,25 November 2010 - Finnish paints and coatings company Tikkurila Oyj ( HEL : TIK1V ) said today that Finnish state-owned investment company Solidium Oy sold its 14.7 % stake in the company for a total of EUR98m .,1,neutral,1,neutral,Neutral,1,0,FinGPT-Llama-3-8B-LoRA,fpb_decontam,-12.219503402709961,0.14599187672138214,-10.532003402709961,0.7892245650291443,-13.032003402709961,0.0647834986448288
479,"Operating profit totalled EUR 21.1 mn , up from EUR 18.6 mn in 2007 , representing 9.7 % of net sales .",2,positive,2,positive,Positive,1,0,FinGPT-Llama-3-8B-LoRA,fpb_decontam,-12.466123580932617,0.027268631383776665,-10.028623580932617,0.3120729625225067,-9.278623580932617,0.6606584191322327
480,There have not been previous share subscriptions with 2004 stock options .,1,neutral,1,neutral,Neutral,1,0,FinGPT-Llama-3-8B-LoRA,fpb_decontam,-15.333640098571777,0.034853897988796234,-12.021140098571777,0.956867516040802,-16.771141052246094,0.008278517983853817
481,Clothing chain Sepp+ñl+ñ 's net sales increased by 7.0 % to EUR 30.8 mn .,2,positive,2,positive,Positive,1,0,FinGPT-Llama-3-8B-LoRA,fpb_decontam,-14.7305326461792,0.008212615735828876,-12.2305326461792,0.10005014389753342,-10.0430326461792,0.8917372226715088
482,"YIT 's Baltic sales in the first three quarters of 2008 totaled 106.2 million euros , representing a drop of 29 percent year on year .",0,negative,0,negative,Negative,1,0,FinGPT-Llama-3-8B-LoRA,fpb_decontam,-8.39765739440918,0.9315833449363708,-11.02265739440918,0.06748367100954056,-15.30390739440918,0.0009329867316409945
483,"Glaston 's own glass processing unit , Tamglass Glass Processing , is a manufacturer of high quality safety glass products , and operates in Finland .",1,neutral,1,neutral,Neutral,1,0,FinGPT-Llama-3-8B-LoRA,fpb_decontam,-13.831075668334961,0.0668083131313324,-11.268575668334961,0.8663833737373352,-13.831075668334961,0.0668083131313324
484,"The report goes on to provide detailed profiles of ten leading European specialty chemicals companies , and brief profiles of other major players .",1,neutral,1,neutral,Neutral,1,0,FinGPT-Llama-3-8B-LoRA,fpb_decontam,-14.168708801269531,0.008826371282339096,-9.481208801269531,0.9583796262741089,-12.856208801269531,0.03279394656419754
485,"The contract also includes cutting and edging wagon parts at Ruukki 's steel service centres in Seinajoki and Raahe , both in southwestern Finland , from where they will be delivered to VR for welding and assembly .",1,neutral,1,neutral,Neutral,1,0,FinGPT-Llama-3-8B-LoRA,fpb_decontam,-13.69275951385498,0.12463154643774033,-11.81775951385498,0.8126997351646423,-14.38025951385498,0.06266867369413376
486,The company reports a loss for the period of EUR 0.4 mn compared to a loss of EUR 1.9 mn in the corresponding period in 2005 .,2,positive,0,negative,Negative,0,0,FinGPT-Llama-3-8B-LoRA,fpb_decontam,-12.258194923400879,0.3821342885494232,-11.820694923400879,0.5918611288070679,-14.945694923400879,0.02600456401705742
487,"In future , the plant will focus on the production of flange profiles for wind farm towers .",1,neutral,1,neutral,Neutral,1,0,FinGPT-Llama-3-8B-LoRA,fpb_decontam,-14.207444190979004,0.031378693878650665,-10.957444190979004,0.8092672228813171,-12.582444190979004,0.15935415029525757
488,"The start of the negotiations , relating to Glaston 's efficiency program , was announced in October .",1,neutral,1,neutral,Neutral,1,0,FinGPT-Llama-3-8B-LoRA,fpb_decontam,-14.239777565002441,0.0776146724820137,-11.864777565002441,0.8344363570213318,-14.114777565002441,0.08794894069433212
489,"Following the registration , the number of issued and outstanding shares of Basware is 12,890,829 .",1,neutral,1,neutral,Neutral,1,0,FinGPT-Llama-3-8B-LoRA,fpb_decontam,-13.793072700500488,0.025339460000395775,-10.168072700500488,0.9508562684059143,-13.855572700500488,0.02380422130227089
490,The company is listed on the Nordic Exchange in Helsinki .,1,neutral,1,neutral,Neutral,1,0,FinGPT-Llama-3-8B-LoRA,fpb_decontam,-15.638436317443848,0.022680435329675674,-11.888436317443848,0.964396595954895,-16.20093536376953,0.01292293332517147
491,"At the beginning of the subscription period on May 2 , 2006 the share subscription price under B option right is EUR 10.22 per share .",1,neutral,1,neutral,Neutral,1,0,FinGPT-Llama-3-8B-LoRA,fpb_decontam,-10.680997848510742,0.08483972400426865,-8.368497848510742,0.856850802898407,-11.055997848510742,0.05830942839384079
492,"Savon koulutuskuntayhtyma , Finland based company has awarded contract for specialist agricultural or forestry machinery .",2,positive,1,neutral,Neutral,0,0,FinGPT-Llama-3-8B-LoRA,fpb_decontam,-13.782719612121582,0.02471492998301983,-10.220219612121582,0.8712313175201416,-12.345219612121582,0.10405374318361282
493,"Olvi , which controls a 94 percent stake in Ragutis through A. Le Coq , said in its annual report published earlier this year that the Lithuanian brewery 's sales reached 15.04 million euros last year , a rise of 20.4 percent from 12.49 million euros in 2004 .",2,positive,2,positive,Positive,1,0,FinGPT-Llama-3-8B-LoRA,fpb_decontam,-12.031570434570312,0.030614901334047318,-10.594070434570312,0.12889355421066284,-8.719070434570312,0.840491533279419
494,"Finnish IT consultancy Satama Interactive Oyj said on November 13 , 2006 that Jarmo Lonnfors took up the position of CEO .",1,neutral,1,neutral,Neutral,1,0,FinGPT-Llama-3-8B-LoRA,fpb_decontam,-12.278064727783203,0.03599534556269646,-9.090564727783203,0.872087299823761,-11.340564727783203,0.09191732853651047
495,"In 2010 , Sanoma Magazines expects net sales to be at the 2009 level .",1,neutral,1,neutral,Neutral,1,0,FinGPT-Llama-3-8B-LoRA,fpb_decontam,-13.274965286254883,0.059696584939956665,-10.524965286254883,0.9338117241859436,-15.493715286254883,0.0064917029812932014
496,"The business is organised , as of February 1 , 2011 , in a way that production of design services is combined into one entity , Etteplan Operations .",1,neutral,1,neutral,Neutral,1,0,FinGPT-Llama-3-8B-LoRA,fpb_decontam,-14.847832679748535,0.016455989331007004,-10.785332679748535,0.9564127326011658,-14.347832679748535,0.0271313413977623
497,"The company 's profit totaled Ls 578,100 in H1 2007 , down 30.9 % year-on-year .",0,negative,0,negative,Negative,1,0,FinGPT-Llama-3-8B-LoRA,fpb_decontam,-9.835379600524902,0.9095155000686646,-12.147879600524902,0.0900542363524437,-17.491628646850586,0.00043027233914472163
498,The terms and conditions of Stock Option Scheme 2004 are available on the Group 's website .,1,neutral,1,neutral,Neutral,1,0,FinGPT-Llama-3-8B-LoRA,fpb_decontam,-13.219891548156738,0.02001541294157505,-9.344891548156738,0.964396595954895,-13.469891548156738,0.015588019043207169
499,Satama 's net sales would be higher than the year before .,2,positive,2,positive,Positive,1,0,FinGPT-Llama-3-8B-LoRA,fpb_decontam,-16.180904388427734,0.008553714491426945,-13.180904388427734,0.1718059480190277,-11.618404388427734,0.8196403384208679
500,The new name of the Sanoma Division will be Sanoma News .,1,neutral,1,neutral,Neutral,1,0,FinGPT-Llama-3-8B-LoRA,fpb_decontam,-13.168630599975586,0.022394295781850815,-9.418630599975586,0.9522296190261841,-13.043630599975586,0.025376060977578163
501,"The floor area of the Yliopistonrinne project will be 7,900 sq m 85,030 sq ft and the building 's gross area will total 12,800 sq m. A total 25.1 % of the facilities have been let .",1,neutral,1,neutral,Neutral,1,0,FinGPT-Llama-3-8B-LoRA,fpb_decontam,-14.289165496826172,0.037601590156555176,-11.101665496826172,0.9110031127929688,-13.976665496826172,0.05139528214931488
502,The company expects meat purchases to remain at about 8mn kilos in 2011 .,1,neutral,1,neutral,Neutral,1,0,FinGPT-Llama-3-8B-LoRA,fpb_decontam,-13.456220626831055,0.04333830624818802,-10.456220626831055,0.8704731464385986,-12.768720626831055,0.08618851751089096
503,"This could be any of us at any time , '' she said .",1,neutral,1,neutral,Neutral,1,0,FinGPT-Llama-3-8B-LoRA,fpb_decontam,-14.327804565429688,0.030812200158834457,-10.890304565429688,0.9585394263267517,-15.390304565429688,0.010648411698639393
504,UPM stock fell 3 percent to EURO 12.49 $ 17.24 in early afternoon trading in Helsinki .,0,negative,0,negative,Negative,1,0,FinGPT-Llama-3-8B-LoRA,fpb_decontam,-11.096598625183105,0.9622209668159485,-14.346598625183105,0.03730935603380203,-18.721599578857422,0.00046965506044216454
505,"Finnish IT consultancy Satama Interactive Oyj posted a net profit of 1.4 mln euro $ 2.0 mln for the first nine months of 2007 , compared to a net loss of 462,000 euro $ 664,000 for the same period of 2006 .",2,positive,2,positive,Positive,1,0,FinGPT-Llama-3-8B-LoRA,fpb_decontam,-12.861247062683105,0.019983254373073578,-10.986247062683105,0.1303071826696396,-9.111247062683105,0.8497095704078674
506,"It also includes the installation of new equipment , training and start-up services , as well as service work of the shoe press delivered by Vaahto in 2001 .",1,neutral,1,neutral,Neutral,1,0,FinGPT-Llama-3-8B-LoRA,fpb_decontam,-11.711813926696777,0.05479907989501953,-9.024313926696777,0.8052666187286377,-10.774313926696777,0.13993434607982635
507,The company said that sales in the three months to the end of March slid to EUR86 .4 m US$ 113.4 m from EUR91 .2 m last year .,0,negative,0,negative,Negative,1,0,FinGPT-Llama-3-8B-LoRA,fpb_decontam,-10.043737411499023,0.9355800151824951,-12.731237411499023,0.06366702169179916,-17.168737411499023,0.0007528921705670655
508,"An  of the invention , released by the Patent Office , said : `` A non-coherent search matrix is formed of said correlation function matrix .",1,neutral,1,neutral,Neutral,1,0,FinGPT-Llama-3-8B-LoRA,fpb_decontam,-12.206783294677734,0.1146765872836113,-10.269283294677734,0.7960132360458374,-12.456783294677734,0.08931020647287369
509,"Operating profit , excluding non-recurring items , totalled EUR 1.0 mn , down from EUR 1.6 mn .",0,negative,0,negative,Negative,1,0,FinGPT-Llama-3-8B-LoRA,fpb_decontam,-10.231094360351562,0.7854021787643433,-11.543594360351562,0.21138812601566315,-15.731094360351562,0.003209759248420596
510,"The company was supposed to deliver machinery to a veneer mill in the Tomsk region , in Russia .",1,neutral,1,neutral,Neutral,1,0,FinGPT-Llama-3-8B-LoRA,fpb_decontam,-12.988300323486328,0.150177463889122,-11.300800323486328,0.8118517398834229,-14.363300323486328,0.03797081112861633
511,The company 's board of directors would propose a dividend of EUR1 .00 per share for 2005 .,1,neutral,1,neutral,Neutral,1,0,FinGPT-Llama-3-8B-LoRA,fpb_decontam,-14.91644287109375,0.008622847497463226,-10.29144287109375,0.8795543313026428,-12.35394287109375,0.11182277649641037
512,Sunrise Resources operates in Russian near-shore development markets through its wholly-owned Russian subsidiary and has 80 % of its personnel in Russia .,1,neutral,1,neutral,Neutral,1,0,FinGPT-Llama-3-8B-LoRA,fpb_decontam,-13.744237899780273,0.03821578994393349,-10.556737899780273,0.9258837699890137,-13.806737899780273,0.035900410264730453
513,"( ADP News ) - Feb 12 , 2009 - Finnish construction company Lemminkainen Oyj ( HEL : LEM1S ) said today its net profit decreased to EUR 63.5 million ( USD 81.1 m ) for 2008 from EUR 80.6 million for 2007 .",0,negative,0,negative,Negative,1,0,FinGPT-Llama-3-8B-LoRA,fpb_decontam,-9.706411361694336,0.8649939894676208,-11.581411361694336,0.13265113532543182,-15.612661361694336,0.002354839351028204
514,Nokia was up 0.12 pct to 16.70 eur after kicking off the morning in negative territory .,2,positive,2,positive,Positive,1,0,FinGPT-Llama-3-8B-LoRA,fpb_decontam,-15.78144645690918,0.004978479817509651,-13.06269645690918,0.07548052072525024,-10.56269645690918,0.9195409417152405
515,The group reiterated its forecast that handset manufacturers will sell around 915 mln units this year globally .,1,neutral,2,positive,Positive,0,0,FinGPT-Llama-3-8B-LoRA,fpb_decontam,-11.121106147766113,0.02953377738595009,-7.996106147766113,0.6721856594085693,-8.808606147766113,0.2982805669307709
516,The contract will take effect in 2009 for a five or ten year period .,1,neutral,1,neutral,Neutral,1,0,FinGPT-Llama-3-8B-LoRA,fpb_decontam,-13.358098030090332,0.018786529079079628,-9.420598030090332,0.9635651111602783,-13.420598030090332,0.01764831133186817
517,"Raute reported a loss per share of EUR0 .86 for the first half of 2009 , against EPS of EUR0 .74 in the corresponding period of 2008 .",0,negative,0,negative,Negative,1,0,FinGPT-Llama-3-8B-LoRA,fpb_decontam,-10.91701889038086,0.6764468550682068,-11.66701889038086,0.3195308744907379,-16.04201889038086,0.004022299777716398
518,"industry in Asia +ó Pakistan , Malaysia , Taiwan and Philippines Today , Global Research & Data Services is going to publish several market analyses about the cement markets in Asia .",1,neutral,1,neutral,neutral,1,0,FinGPT-Llama-3-8B-LoRA,fpb_decontam,-7.288304328918457,0.1097155287861824,-5.475804328918457,0.6720890998840332,-6.600804328918457,0.218195378780365
519,"This action follows personnel negotiations concerning Elcoteq SE , Finnish Branch , Elcoteq Finland Oy and Elcoteq Design Center Oy .",1,neutral,1,neutral,Neutral,1,0,FinGPT-Llama-3-8B-LoRA,fpb_decontam,-13.746689796447754,0.09191732853651047,-11.496689796447754,0.872087299823761,-14.684189796447754,0.03599534556269646
520,"In addition to verification of an identity and digital signatures , new state-approved Mobile ID enables to cast votes in elections as well .",1,neutral,1,neutral,Neutral,1,0,FinGPT-Llama-3-8B-LoRA,fpb_decontam,-12.298833847045898,0.03171191364526749,-8.986333847045898,0.8706085085868835,-11.173833847045898,0.09767956286668777
521,"The acquired business main asset is a mobile authentication and signing solution , branded as Tectia MobileID , which provides authentication to web e-mail , SSL-VPN , MS SharePoint , Tectia Secure Solutions and other applications and resources .",1,neutral,1,neutral,Neutral,1,0,FinGPT-Llama-3-8B-LoRA,fpb_decontam,-13.97634220123291,0.039512064307928085,-10.85134220123291,0.8992904424667358,-13.53884220123291,0.06119748204946518
522,Operating profit fell to EUR 6.2 mn from EUR 8.5 mn in the third quarter of 2007 .,0,negative,0,negative,Negative,1,0,FinGPT-Llama-3-8B-LoRA,fpb_decontam,-11.32394790649414,0.8660701513290405,-13.19894790649414,0.1328161656856537,-17.98019790649414,0.0011137312976643443
523,The fair value of the company 's investment properties grew to EUR 2.803 billion at the end of March 2009 from EUR 2.691 million a year ago .,2,positive,2,positive,Positive,1,0,FinGPT-Llama-3-8B-LoRA,fpb_decontam,-12.12110424041748,0.03265871852636337,-9.55860424041748,0.42352473735809326,-9.30860424041748,0.5438165068626404
524,"In addition , the Kazakh delegation will visit Finland 's SITRA investment fund , Honkarakenne Ltd and Nokia headquarters to study TeliaSonera Ltd JSC 's activities .",1,neutral,1,neutral,Neutral,1,0,FinGPT-Llama-3-8B-LoRA,fpb_decontam,-13.395350456237793,0.028569236397743225,-9.957850456237793,0.888762891292572,-12.332850456237793,0.08266782015562057
525,The bond has a value of EUR150m and a maturity of 4 years .,1,neutral,1,neutral,Neutral,1,0,FinGPT-Llama-3-8B-LoRA,fpb_decontam,-12.610753059387207,0.038521695882081985,-9.423253059387207,0.9332952499389648,-12.923253059387207,0.028183074668049812
526,"At first , Solteq 's services to companies operating in the St. Petersburg area will include maintenance and material management systems and data collection solutions .",1,neutral,1,neutral,Neutral,1,0,FinGPT-Llama-3-8B-LoRA,fpb_decontam,-13.693958282470703,0.031043346971273422,-10.318958282470703,0.9072195887565613,-13.006458282470703,0.0617370679974556
527,"The approximately 20,000 dwt vessel has been ordered from India .",1,neutral,1,neutral,Neutral,1,0,FinGPT-Llama-3-8B-LoRA,fpb_decontam,-13.262391090393066,0.035031918436288834,-10.012391090393066,0.903485119342804,-12.699891090393066,0.061482932418584824
528,Both the net sales and operating profit were record high in the company 's history .,2,positive,2,positive,Positive,1,0,FinGPT-Llama-3-8B-LoRA,fpb_decontam,-15.679407119750977,0.0032226189505308867,-11.304407119750977,0.25600436329841614,-10.241907119750977,0.74077308177948
529,"In 2009 , Fiskars ' cash flow from operating activities amounted to EUR121m , up from EUR97m in the previous year .",2,positive,2,positive,Positive,1,0,FinGPT-Llama-3-8B-LoRA,fpb_decontam,-14.321928024291992,0.026586312800645828,-12.321928024291992,0.19644775986671448,-10.946928024291992,0.7769659757614136
530,"Glaston 's own glass processing unit , Tamglass Glass Processing , is a manufacturer of high quality safety glass products operating in Finland .",1,neutral,1,neutral,Neutral,1,0,FinGPT-Llama-3-8B-LoRA,fpb_decontam,-13.994049072265625,0.05017145350575447,-11.119049072265625,0.8893102407455444,-13.806549072265625,0.06051832064986229
531,15 December 2010 - Finnish-German telecoms equipment maker Nokia Siemens Networks said today it won a contract to upgrade the radio network of home-based telecommunications company Elisa Oyj HEL : ELI1V .,2,positive,2,positive,Positive,1,0,FinGPT-Llama-3-8B-LoRA,fpb_decontam,-12.943804740905762,0.02437719516456127,-11.381304740905762,0.11629708856344223,-9.381304740905762,0.8593257069587708
532,"In addition , the company is considering the start of production in Russia .",1,neutral,1,neutral,Neutral,1,0,FinGPT-Llama-3-8B-LoRA,fpb_decontam,-14.248686790466309,0.016201183199882507,-10.248686790466309,0.8845545649528503,-12.436186790466309,0.09924426674842834
533,Our standardised services have met with a positive reception among our customers as well as at Itella .,2,positive,2,positive,Positive,1,0,FinGPT-Llama-3-8B-LoRA,fpb_decontam,-14.112360954284668,0.0023813429288566113,-10.424860954284668,0.09512240439653397,-8.174860954284668,0.9024962782859802
534,"The company will disclose further details , including the anticipated transaction timetable and the name of the new investor , within one week .",1,neutral,1,neutral,Neutral,1,0,FinGPT-Llama-3-8B-LoRA,fpb_decontam,-14.52518367767334,0.020871518179774284,-10.71268367767334,0.9447171092033386,-14.02518367767334,0.034411318600177765
535,"Net sales totaled EUR 93.6 mn , up from EUR 93.2 mn in the corresponding period in 2005 .",2,positive,1,neutral,Neutral,0,0,FinGPT-Llama-3-8B-LoRA,fpb_decontam,-12.21847152709961,0.027434207499027252,-9.34347152709961,0.48628291487693787,-9.34347152709961,0.48628291487693787
536,"Aldata Solution Oyj Bertrand Sciard President and CEO Further information : Aldata Solution Oyj , Bertrand Sciard , President and CEO , tel. +33 1 46 48 28 00 Aldata 100 % Retail-Wholesale At Aldata 100 % of our business is dedicated to retail and wholesale business improvement .",1,neutral,1,neutral,Neutral,1,0,FinGPT-Llama-3-8B-LoRA,fpb_decontam,-12.594246864318848,0.07980964332818985,-10.219246864318848,0.8580345511436462,-12.844246864318848,0.062155816704034805
537,The enterprise value of Maritim Food AS has been determined as approximately EUR15m .,1,neutral,1,neutral,Neutral,1,0,FinGPT-Llama-3-8B-LoRA,fpb_decontam,-13.565574645996094,0.03829909488558769,-10.378074645996094,0.927902102470398,-13.690574645996094,0.033798832446336746
538,Operating profit improved by 39.9 % to EUR 18.0 mn from EUR12 .8 mn .,2,positive,2,positive,Positive,1,0,FinGPT-Llama-3-8B-LoRA,fpb_decontam,-13.676459312438965,0.01312614418566227,-12.051459312438965,0.06666006147861481,-9.426459312438965,0.9202137589454651
539,"Vaisala , headquartered in Helsinki in Finland , develops and manufactures electronic measurement systems for meteorology , environmental sciences , traffic and industry .",1,neutral,1,neutral,Neutral,1,0,FinGPT-Llama-3-8B-LoRA,fpb_decontam,-14.541902542114258,0.06532786041498184,-11.916902542114258,0.9018232226371765,-15.229402542114258,0.03284890949726105
540,"In the Baltic states the company reports net sales of EUR 11.9 mn , down from EUR 14.2 mn , and an operative EBIT of EUR -2.2 mn , down from EUR -1.7 mn .",0,negative,0,negative,Negative,1,0,FinGPT-Llama-3-8B-LoRA,fpb_decontam,-11.299846649169922,0.8564607501029968,-13.112346649169922,0.1398133784532547,-16.737346649169922,0.0037259000819176435
541,"In 2007 , Etteplan had turnover of EUR125 .2 m.",1,neutral,1,neutral,Neutral,1,0,FinGPT-Llama-3-8B-LoRA,fpb_decontam,-12.4031982421875,0.021031606942415237,-8.5906982421875,0.9519632458686829,-12.1531982421875,0.027005121111869812
542,"A meeting for the media and analysts will be held on the same day at 10:30 a.m. at Stonesoft Headquarters in Helsinki , Italahdenkatu 22 A. The Interim report will be presented by Stonesoft 's CEO Ilkka Hiidenheimo .",1,neutral,1,neutral,Neutral,1,0,FinGPT-Llama-3-8B-LoRA,fpb_decontam,-12.162035942077637,0.05172783136367798,-9.287035942077637,0.916897714138031,-12.662035942077637,0.03137451410293579
543,The fair value of the company 's investment properties went down to EUR 2.768 billion at the end of 2009 from EUR 2.916 billion a year earlier .,0,negative,0,negative,Negative,1,0,FinGPT-Llama-3-8B-LoRA,fpb_decontam,-11.424239158630371,0.8253945112228394,-12.986739158630371,0.17301207780838013,-17.674240112304688,0.0015933845425024629
544,The price will be specified at the completion date .,1,neutral,1,neutral,Neutral,1,0,FinGPT-Llama-3-8B-LoRA,fpb_decontam,-11.790786743164062,0.08782602846622467,-9.478286743164062,0.8870114088058472,-13.040786743164062,0.025162577629089355
545,"In a recent interview with the Financial Times ( FT ) , Sampo 's board chairman Bjorn Wahlroos said If P&C was certainly for sale and the price had been set at SEK 85 billion , confirming earlier statements .",1,neutral,1,neutral,Neutral,1,0,FinGPT-Llama-3-8B-LoRA,fpb_decontam,-13.81230354309082,0.1433541476726532,-12.12480354309082,0.7749651670455933,-14.37480354309082,0.08168072253465652
546,"The development of the technological park , which will specialize in telecommunications and information technologies , is part of the state program for the formation of technoparks for hi-tech sectors in Russia .",1,neutral,1,neutral,Neutral,1,0,FinGPT-Llama-3-8B-LoRA,fpb_decontam,-13.426902770996094,0.016868429258465767,-9.551902770996094,0.812766432762146,-11.114402770996094,0.1703650951385498
547,"The subject of the project is provide to the company like : Software programming and consultancy services , Computer-related services , Data services , Computer support and consultancy services , Internet services etc. .",1,neutral,1,neutral,Neutral,1,0,FinGPT-Llama-3-8B-LoRA,fpb_decontam,-12.40301513671875,0.10741879791021347,-10.34051513671875,0.8449143767356873,-13.21551513671875,0.04766681045293808
548,"Earnings per share ( EPS ) amounted to EUR1 .37 , down from EUR2 .30 .",0,negative,0,negative,Negative,1,0,FinGPT-Llama-3-8B-LoRA,fpb_decontam,-11.183758735656738,0.776098370552063,-12.433758735656738,0.2223559021949768,-17.402507781982422,0.001545782433822751
549,"Cramo , headquartered in Vantaa , Finland , rents construction machinery and equipment , as well as rents and sells modular space .",1,neutral,1,neutral,Neutral,1,0,FinGPT-Llama-3-8B-LoRA,fpb_decontam,-13.077486991882324,0.08702275902032852,-10.764986991882324,0.8788986802101135,-14.014986991882324,0.03407859802246094
550,"Through the Nordic Exchange , OMX offers access to approximately 80 percent of the Nordic and Baltic securities market .",1,neutral,1,neutral,Neutral,1,0,FinGPT-Llama-3-8B-LoRA,fpb_decontam,-11.23730182647705,0.05035608634352684,-8.36230182647705,0.8925829529762268,-11.11230182647705,0.05706091597676277
551,"Alma Media 's operating profit amounted to EUR 11.9 mn , down from EUR 15.0 mn a year earlier .",0,negative,0,negative,Negative,1,0,FinGPT-Llama-3-8B-LoRA,fpb_decontam,-12.185111999511719,0.6500887870788574,-12.810111999511719,0.3479674756526947,-17.99761199951172,0.0019437303999438882
552,Earnings per share EPS rose to EUR 0.11 from EUR 0.03 .,2,positive,2,positive,Positive,1,0,FinGPT-Llama-3-8B-LoRA,fpb_decontam,-16.695104598999023,0.004844339564442635,-13.663853645324707,0.10038992017507553,-11.476353645324707,0.8947656750679016
553,"The deal includes all rental equipment and related merchandise , the rental contract of the depot and two employees , the company said .",1,neutral,1,neutral,Neutral,1,0,FinGPT-Llama-3-8B-LoRA,fpb_decontam,-13.373435974121094,0.054111018776893616,-10.560935974121094,0.9010294079780579,-13.560935974121094,0.04485961049795151
554,Net sales revenue per passenger is expected to increase .,2,positive,2,positive,Positive,1,0,FinGPT-Llama-3-8B-LoRA,fpb_decontam,-13.977834701538086,0.034550391137599945,-12.665334701538086,0.1283702701330185,-10.790334701538086,0.8370793461799622
555,"Sales climbed 19.2 pct to 1.002 bln eur , surpassing the 953 mln eur consensus figure .",2,positive,2,positive,Positive,1,0,FinGPT-Llama-3-8B-LoRA,fpb_decontam,-14.618338584899902,0.0028700795955955982,-12.055838584899902,0.037219755351543427,-8.805838584899902,0.9599101543426514
556,"Tecnomen 's solution can be used for prepaid and post-paid billing , for charging and rating of voice and video calls , data traffic and any kind of content services in both mobile and fixed networks .",1,neutral,1,neutral,Neutral,1,0,FinGPT-Llama-3-8B-LoRA,fpb_decontam,-11.069705963134766,0.07566218823194504,-8.757205963134766,0.7641609907150269,-10.319705963134766,0.1601768434047699
557,"The machine will have an annual production capacity of 200,000 tonnes of super-calendered magazine paper and other paper grades based on recovered fiber , Stora Enso said .",1,neutral,1,neutral,Neutral,1,0,FinGPT-Llama-3-8B-LoRA,fpb_decontam,-11.910737991333008,0.04912053793668747,-9.160737991333008,0.768374502658844,-10.598237991333008,0.18250495195388794
558,com and possibly also through photo-msn .,1,neutral,1,neutral,neutral,1,0,FinGPT-Llama-3-8B-LoRA,fpb_decontam,-8.933074951171875,0.1733645647764206,-7.433075428009033,0.7769656777381897,-10.183074951171875,0.0496697835624218
559,"Customers wave cards in front of the reader to make payments , similar to `` touch and go '' cards used in transport systems .",1,neutral,1,neutral,Neutral,1,0,FinGPT-Llama-3-8B-LoRA,fpb_decontam,-13.598106384277344,0.051528993993997574,-10.785606384277344,0.8580347895622253,-13.035606384277344,0.09043619781732559
