index,sentence,gold_id,gold_label,pred_id,pred_label,raw_output,correct,unparseable,model,dataset,logprob_negative,score_negative,logprob_neutral,score_neutral,logprob_positive,score_positive
0,$ALLY - Ally Financial pulls outlook https://t.co/G9Zdi1boy5,0,negative,1,neutral,neutral,0,0,FinGPT-mt-Llama2-7B-LoRA,tfns,-10.159869194030762,0.3333333432674408,-10.159869194030762,0.3333333432674408,-10.159869194030762,0.3333333432674408
1,"$DELL $HPE - Dell, HPE targets trimmed on compute headwinds https://t.co/YRUHZw7cYl",0,negative,0,negative,negative,1,0,FinGPT-mt-Llama2-7B-LoRA,tfns,-10.022322654724121,0.3333333432674408,-10.022322654724121,0.3333333432674408,-10.022322654724121,0.3333333432674408
2,$PRTY - Moody's turns negative on Party City https://t.co/MBD5TFGC4P,0,negative,0,negative,negative,1,0,FinGPT-mt-Llama2-7B-LoRA,tfns,-9.957379341125488,0.3333333432674408,-9.957379341125488,0.3333333432674408,-9.957379341125488,0.3333333432674408
3,$SAN: Deutsche Bank cuts to Hold,0,negative,0,negative,negative,1,0,FinGPT-mt-Llama2-7B-LoRA,tfns,-9.849053382873535,0.3333333432674408,-9.849053382873535,0.3333333432674408,-9.849053382873535,0.3333333432674408
4,$SITC: Compass Point cuts to Sell,0,negative,0,negative,negative,1,0,FinGPT-mt-Llama2-7B-LoRA,tfns,-9.958552360534668,0.3333333432674408,-9.958552360534668,0.3333333432674408,-9.958552360534668,0.3333333432674408
5,$TAP - Barclays cools on Molson Coors https://t.co/FJFsZWJHuH,0,negative,0,negative,negative,1,0,FinGPT-mt-Llama2-7B-LoRA,tfns,-10.023683547973633,0.3333333432674408,-10.023683547973633,0.3333333432674408,-10.023683547973633,0.3333333432674408
6,$TAP: Barclays cuts to Equal Weight,0,negative,0,negative,negative,1,0,FinGPT-mt-Llama2-7B-LoRA,tfns,-10.13875961303711,0.3333333432674408,-10.13875961303711,0.3333333432674408,-10.13875961303711,0.3333333432674408
7,"Analysts Eviscerate Musk's Cybertruck: ""0% Of Responses Felt It Will Be A Success"" https://t.co/2NTzeZea4G",0,negative,0,negative,negative,1,0,FinGPT-mt-Llama2-7B-LoRA,tfns,-9.702136039733887,0.3333333432674408,-9.702136039733887,0.3333333432674408,-9.702136039733887,0.3333333432674408
8,Barclays assigns only a 20% chance that studies on a Gilead antiviral drug being done in China will succeed against… https://t.co/lIgDhy1Gli,0,negative,1,neutral,neutral,0,0,FinGPT-mt-Llama2-7B-LoRA,tfns,-10.20688533782959,0.3333333432674408,-10.20688533782959,0.3333333432674408,-10.20688533782959,0.3333333432674408
9,BTIG points to breakfast pressure for Dunkin' Brands,0,negative,0,negative,negative,1,0,FinGPT-mt-Llama2-7B-LoRA,tfns,-9.927663803100586,0.3333333432674408,-9.927663803100586,0.3333333432674408,-9.927663803100586,0.3333333432674408
10,"Children's Place downgraded to neutral from outperform at Wedbush, price target slashed to $60 from $130",0,negative,0,negative,negative,1,0,FinGPT-mt-Llama2-7B-LoRA,tfns,-9.74134349822998,0.3333333432674408,-9.74134349822998,0.3333333432674408,-9.74134349822998,0.3333333432674408
11,Clovis Oncology downgraded to in line from outperform at Evercore ISI,0,negative,0,negative,negative,1,0,FinGPT-mt-Llama2-7B-LoRA,tfns,-10.078676223754883,0.3333333432674408,-10.078676223754883,0.3333333432674408,-10.078676223754883,0.3333333432674408
12,Downgrades 4/7: $AAN $BDN $BECN $BTE $CDEV $CHK $COOP $CPE $CVA $DAN $DOC $DRH $EPR $ESRT $ETM $FAST $FBM $GM $GMS… https://t.co/CMXD50oQxI,0,negative,0,negative,negative,1,0,FinGPT-mt-Llama2-7B-LoRA,tfns,-9.468758583068848,0.3333333432674408,-9.468758583068848,0.3333333432674408,-9.468758583068848,0.3333333432674408
13,Goldman pulls Progressive from Goldman's conviction list; shares -2.7%,0,negative,0,negative,negative,1,0,FinGPT-mt-Llama2-7B-LoRA,tfns,-10.13766098022461,0.3333333432674408,-10.13766098022461,0.3333333432674408,-10.13766098022461,0.3333333432674408
14,Hanesbrands downgraded to underperform vs. neutral at BofA Merrill Lynch,0,negative,0,negative,negative,1,0,FinGPT-mt-Llama2-7B-LoRA,tfns,-9.665781021118164,0.3333333432674408,-9.665781021118164,0.3333333432674408,-9.665781021118164,0.3333333432674408
15,Intelsat cut to Market Perform at Raymond James,0,negative,0,negative,negative,1,0,FinGPT-mt-Llama2-7B-LoRA,tfns,-9.80936336517334,0.3333333432674408,-9.80936336517334,0.3333333432674408,-9.80936336517334,0.3333333432674408
16,LendingTree price target cut to $350 from $400 at SunTrust Robinson Humphrey,0,negative,0,negative,negative,1,0,FinGPT-mt-Llama2-7B-LoRA,tfns,-9.964656829833984,0.3333333432674408,-9.964656829833984,0.3333333432674408,-9.964656829833984,0.3333333432674408
17,Mizuho cuts XLNX target on near-term headwinds,0,negative,0,negative,negative,1,0,FinGPT-mt-Llama2-7B-LoRA,tfns,-10.131022453308105,0.3333333432674408,-10.131022453308105,0.3333333432674408,-10.131022453308105,0.3333333432674408
18,MPLX cut at Credit Suisse on potential dilution from Marathon strategic review,0,negative,0,negative,negative,1,0,FinGPT-mt-Llama2-7B-LoRA,tfns,-10.208141326904297,0.3333333432674408,-10.208141326904297,0.3333333432674408,-10.208141326904297,0.3333333432674408
19,Netflix downgraded to underperform at Wells Fargo,0,negative,0,negative,negative,1,0,FinGPT-mt-Llama2-7B-LoRA,tfns,-9.954151153564453,0.3333333432674408,-9.954151153564453,0.3333333432674408,-9.954151153564453,0.3333333432674408
20,NortonLifeLock stock price target cut to $18 from $25 at Deutsche Bank,0,negative,0,negative,negative,1,0,FinGPT-mt-Llama2-7B-LoRA,tfns,-10.01455307006836,0.3333333432674408,-10.01455307006836,0.3333333432674408,-10.01455307006836,0.3333333432674408
21,Norwegian Cruise stock price target cut to $48 from $55 at CFRA,0,negative,0,negative,negative,1,0,FinGPT-mt-Llama2-7B-LoRA,tfns,-10.073784828186035,0.3333333432674408,-10.073784828186035,0.3333333432674408,-10.073784828186035,0.3333333432674408
22,Novus Therapeutics stock price target cut to $2.50 from $3.75 at Ascendiant Capital,0,negative,0,negative,negative,1,0,FinGPT-mt-Llama2-7B-LoRA,tfns,-9.951116561889648,0.3333333432674408,-9.951116561889648,0.3333333432674408,-9.951116561889648,0.3333333432674408
23,Nutrien stock price target cut to $54 vs. $55 at BofA Merrill Lynch,0,negative,0,negative,negative,1,0,FinGPT-mt-Llama2-7B-LoRA,tfns,-9.9657621383667,0.3333333432674408,-9.9657621383667,0.3333333432674408,-9.9657621383667,0.3333333432674408
24,Okta -2% on valuation downgrade,0,negative,0,negative,negative,1,0,FinGPT-mt-Llama2-7B-LoRA,tfns,-9.830496788024902,0.3333333432674408,-9.830496788024902,0.3333333432674408,-9.830496788024902,0.3333333432674408
25,Solarworlds stock price target cut to $23 vs. $24 at Instinet,0,negative,0,negative,negative,1,0,FinGPT-mt-Llama2-7B-LoRA,tfns,-10.07657527923584,0.3333333432674408,-10.07657527923584,0.3333333432674408,-10.07657527923584,0.3333333432674408
26,Trendforce cuts iPhone estimate after Foxconn delay,0,negative,0,negative,negative,1,0,FinGPT-mt-Llama2-7B-LoRA,tfns,-9.79854679107666,0.3333333432674408,-9.79854679107666,0.3333333432674408,-9.79854679107666,0.3333333432674408
27,"Wayfair price target lowered to $110 from $120 at Stifel, buy rating maintained",0,negative,0,negative,negative,1,0,FinGPT-mt-Llama2-7B-LoRA,tfns,-9.915567398071289,0.3333333432674408,-9.915567398071289,0.3333333432674408,-9.915567398071289,0.3333333432674408
28,WWE stock price target cut to $58 from $92 at MKM Partners,0,negative,0,negative,negative,1,0,FinGPT-mt-Llama2-7B-LoRA,tfns,-10.01412582397461,0.3333333432674408,-10.01412582397461,0.3333333432674408,-10.01412582397461,0.3333333432674408
29,"$ABEO as expected, keeps going higher. Cantor doubled its price target this morning to $4",2,positive,2,positive,positive,1,0,FinGPT-mt-Llama2-7B-LoRA,tfns,-10.598782539367676,0.3333333432674408,-10.598782539367676,0.3333333432674408,-10.598782539367676,0.3333333432674408
30,$CACI - CACI gains a bull on growth acceleration https://t.co/VSXcxKpgly,2,positive,2,positive,positive,1,0,FinGPT-mt-Llama2-7B-LoRA,tfns,-10.718086242675781,0.3333333432674408,-10.718086242675781,0.3333333432674408,-10.718086242675781,0.3333333432674408
31,$CNHI - CNH Industrial upped to Buy at Deutsche Bank on valuation https://t.co/w8VWmkTwAb,2,positive,2,positive,positive,1,0,FinGPT-mt-Llama2-7B-LoRA,tfns,-10.786920547485352,0.3333333432674408,-10.786920547485352,0.3333333432674408,-10.786920547485352,0.3333333432674408
32,"$DVN $HES $VET - Devon Energy, Hess upgraded at J.P. Morgan on improved E&P outlook https://t.co/ULkUan1Vkq",2,positive,2,positive,positive,1,0,FinGPT-mt-Llama2-7B-LoRA,tfns,-10.826959609985352,0.3333333432674408,-10.826959609985352,0.3333333432674408,-10.826959609985352,0.3333333432674408
33,$ENR - Energizer shakes off JPMorgan's bear call https://t.co/w83qnp2ni5,2,positive,2,positive,positive,1,0,FinGPT-mt-Llama2-7B-LoRA,tfns,-10.725276947021484,0.3333333432674408,-10.725276947021484,0.3333333432674408,-10.725276947021484,0.3333333432674408
34,$GOOS - Baird bullish on beat-up Canada Goose https://t.co/lMwTKDcG5R,2,positive,2,positive,positive,1,0,FinGPT-mt-Llama2-7B-LoRA,tfns,-10.911187171936035,0.3333333432674408,-10.911187171936035,0.3333333432674408,-10.911187171936035,0.3333333432674408
35,$NKE - BMO Capital joins Nike bull camp https://t.co/diInCmHUi5,2,positive,2,positive,positive,1,0,FinGPT-mt-Llama2-7B-LoRA,tfns,-10.659656524658203,0.3333333432674408,-10.659656524658203,0.3333333432674408,-10.659656524658203,0.3333333432674408
36,"$OIH $BKR $NOV - Buy oil service firms, Bernstein says after seven-year bearish view https://t.co/FFUM7WlJIZ",2,positive,2,positive,positive,1,0,FinGPT-mt-Llama2-7B-LoRA,tfns,-10.263469696044922,0.3333333432674408,-10.263469696044922,0.3333333432674408,-10.263469696044922,0.3333333432674408
37,$SMPQY $HSIC $XRAY - Goldman ups view on Henry Schein in premarket analyst action https://t.co/ZjKejttior,2,positive,2,positive,positive,1,0,FinGPT-mt-Llama2-7B-LoRA,tfns,-10.910128593444824,0.3333333432674408,-10.910128593444824,0.3333333432674408,-10.910128593444824,0.3333333432674408
38,$STML: Alliance Global Partners starts at Buy https://t.co/MCyfTsXc2N,2,positive,2,positive,positive,1,0,FinGPT-mt-Llama2-7B-LoRA,tfns,-10.779417037963867,0.3333333432674408,-10.779417037963867,0.3333333432674408,-10.779417037963867,0.3333333432674408
39,$URBN - Urban Outfitters stands out in mall sector - BofA https://t.co/pvig3M420p,2,positive,2,positive,positive,1,0,FinGPT-mt-Llama2-7B-LoRA,tfns,-10.553565979003906,0.3333333432674408,-10.553565979003906,0.3333333432674408,-10.553565979003906,0.3333333432674408
40,$ZYME: H.C. Wainwright starts at Buy,2,positive,2,positive,positive,1,0,FinGPT-mt-Llama2-7B-LoRA,tfns,-10.72115421295166,0.3333333432674408,-10.72115421295166,0.3333333432674408,-10.72115421295166,0.3333333432674408
41,Adobe price target raised to $350 vs. $320 at Canaccord,2,positive,2,positive,positive,1,0,FinGPT-mt-Llama2-7B-LoRA,tfns,-10.725162506103516,0.3333333432674408,-10.725162506103516,0.3333333432674408,-10.725162506103516,0.3333333432674408
42,AM Best Revises Outlooks to Positive for Pacífico Compañía de Seguros y Reaseguros S.A. https://t.co/BGvmfeHKod https://t.co/gvtIQzMVbf,2,positive,2,positive,positive,1,0,FinGPT-mt-Llama2-7B-LoRA,tfns,-10.436748504638672,0.3333333432674408,-10.436748504638672,0.3333333432674408,-10.436748504638672,0.3333333432674408
43,AMD +1.3% after Cowen's target lift,2,positive,2,positive,positive,1,0,FinGPT-mt-Llama2-7B-LoRA,tfns,-10.662899017333984,0.3333333432674408,-10.662899017333984,0.3333333432674408,-10.662899017333984,0.3333333432674408
44,"Applied Materials, Inc. Reported Earnings Last Week And Analysts Are Already Upgrading Their Estimates",2,positive,2,positive,positive,1,0,FinGPT-mt-Llama2-7B-LoRA,tfns,-10.598376274108887,0.3333333432674408,-10.598376274108887,0.3333333432674408,-10.598376274108887,0.3333333432674408
45,"Arch Coal rated Buy at Benchmark, seeing opportunity after selloff",2,positive,2,positive,positive,1,0,FinGPT-mt-Llama2-7B-LoRA,tfns,-10.480315208435059,0.3333333432674408,-10.480315208435059,0.3333333432674408,-10.480315208435059,0.3333333432674408
46,Autodesk stock price target raised to $162 from $149 at Wedbush,2,positive,2,positive,positive,1,0,FinGPT-mt-Llama2-7B-LoRA,tfns,-10.662322044372559,0.3333333432674408,-10.662322044372559,0.3333333432674408,-10.662322044372559,0.3333333432674408
47,Avnet stock price target raised to $37 vs. $35 at SunTrust Robinson Humphrey,2,positive,2,positive,positive,1,0,FinGPT-mt-Llama2-7B-LoRA,tfns,-10.787969589233398,0.3333333432674408,-10.787969589233398,0.3333333432674408,-10.787969589233398,0.3333333432674408
48,Boeing started at buy with $375 stock price target at Benchmark,2,positive,2,positive,positive,1,0,FinGPT-mt-Llama2-7B-LoRA,tfns,-10.60074520111084,0.3333333432674408,-10.60074520111084,0.3333333432674408,-10.60074520111084,0.3333333432674408
49,BofA sees 'solid demand backdrop' for D.R. Horton in 2020,2,positive,2,positive,positive,1,0,FinGPT-mt-Llama2-7B-LoRA,tfns,-10.7820405960083,0.3333333432674408,-10.7820405960083,0.3333333432674408,-10.7820405960083,0.3333333432674408
50,Broadcom stock price target raised to $361 vs. $322 at SunTrust Robinson Humphrey,2,positive,2,positive,positive,1,0,FinGPT-mt-Llama2-7B-LoRA,tfns,-10.73093318939209,0.3333333432674408,-10.73093318939209,0.3333333432674408,-10.73093318939209,0.3333333432674408
51,Cantor sees 19% upside in J&J in premarket analyst action,2,positive,2,positive,positive,1,0,FinGPT-mt-Llama2-7B-LoRA,tfns,-10.720434188842773,0.3333333432674408,-10.720434188842773,0.3333333432674408,-10.720434188842773,0.3333333432674408
52,Champions Oncology started at speculative buy with $11 stock price target at Benchmark,2,positive,2,positive,positive,1,0,FinGPT-mt-Llama2-7B-LoRA,tfns,-10.116145133972168,0.3333333432674408,-10.116145133972168,0.3333333432674408,-10.116145133972168,0.3333333432674408
53,Citi raises Alphabet on margin potential,2,positive,2,positive,positive,1,0,FinGPT-mt-Llama2-7B-LoRA,tfns,-10.53713321685791,0.3333333432674408,-10.53713321685791,0.3333333432674408,-10.53713321685791,0.3333333432674408
54,Citigroup stock price target raised to $127 from $124 at Oppenheimer,2,positive,2,positive,positive,1,0,FinGPT-mt-Llama2-7B-LoRA,tfns,-10.724742889404297,0.3333333432674408,-10.724742889404297,0.3333333432674408,-10.724742889404297,0.3333333432674408
55,"ETF assets to surge tenfold in 10 years to $50 trillion, Bank of America predicts",2,positive,2,positive,positive,1,0,FinGPT-mt-Llama2-7B-LoRA,tfns,-10.600780487060547,0.3333333432674408,-10.600780487060547,0.3333333432674408,-10.600780487060547,0.3333333432674408
56,GE upgraded from Sell by longtime bear,2,positive,2,positive,positive,1,0,FinGPT-mt-Llama2-7B-LoRA,tfns,-10.41990852355957,0.3333333432674408,-10.41990852355957,0.3333333432674408,-10.41990852355957,0.3333333432674408
57,Goldman Sachs stock price target raised to $367 from $358 at Oppenheimer,2,positive,2,positive,positive,1,0,FinGPT-mt-Llama2-7B-LoRA,tfns,-10.787421226501465,0.3333333432674408,-10.787421226501465,0.3333333432674408,-10.787421226501465,0.3333333432674408
58,GrubHub stock price target raised to $50 from $40 at Stifel Nicolaus,2,positive,2,positive,positive,1,0,FinGPT-mt-Llama2-7B-LoRA,tfns,-10.659926414489746,0.3333333432674408,-10.659926414489746,0.3333333432674408,-10.659926414489746,0.3333333432674408
59,Halliburton started at buy with $26 stock price target at Deutsche Bank,2,positive,2,positive,positive,1,0,FinGPT-mt-Llama2-7B-LoRA,tfns,-10.536069869995117,0.3333333432674408,-10.536069869995117,0.3333333432674408,-10.536069869995117,0.3333333432674408
60,Helen of Troy started at outperform with $210 stock price target at Oppenheimer,2,positive,2,positive,positive,1,0,FinGPT-mt-Llama2-7B-LoRA,tfns,-10.323305130004883,0.3333333432674408,-10.323305130004883,0.3333333432674408,-10.323305130004883,0.3333333432674408
61,Highlight: Edward Jones Sr. Equity Analyst Jennifer Roland on ExxonMobil reducing 2020 Capex by 30%: “Definitely a… https://t.co/dH0xlJujc1,2,positive,2,positive,positive,1,0,FinGPT-mt-Llama2-7B-LoRA,tfns,-9.715128898620605,0.3333333432674408,-9.715128898620605,0.3333333432674408,-9.715128898620605,0.3333333432674408
62,Humana stock price target raised to $370 from $350 at SunTrust RH,2,positive,2,positive,positive,1,0,FinGPT-mt-Llama2-7B-LoRA,tfns,-10.662688255310059,0.3333333432674408,-10.662688255310059,0.3333333432674408,-10.662688255310059,0.3333333432674408
63,JMP Securities upgrades snap to outperform with $20 pt,2,positive,2,positive,positive,1,0,FinGPT-mt-Llama2-7B-LoRA,tfns,-10.720767974853516,0.3333333432674408,-10.720767974853516,0.3333333432674408,-10.720767974853516,0.3333333432674408
64,Liberty Global PLC maintained as buy with $32 price target at Benchmark,2,positive,2,positive,positive,1,0,FinGPT-mt-Llama2-7B-LoRA,tfns,-10.418021202087402,0.3333333432674408,-10.418021202087402,0.3333333432674408,-10.418021202087402,0.3333333432674408
65,Lululemon Athletica price target raised to $255 from $220 at CFRA,2,positive,2,positive,positive,1,0,FinGPT-mt-Llama2-7B-LoRA,tfns,-10.723719596862793,0.3333333432674408,-10.723719596862793,0.3333333432674408,-10.723719596862793,0.3333333432674408
66,Lumentum initiated as positive at Susquehanna,2,positive,2,positive,positive,1,0,FinGPT-mt-Llama2-7B-LoRA,tfns,-10.476152420043945,0.3333333432674408,-10.476152420043945,0.3333333432674408,-10.476152420043945,0.3333333432674408
67,Markel Corporation Beat Analyst Estimates: See What The Consensus Is Forecasting For Next Year,2,positive,2,positive,positive,1,0,FinGPT-mt-Llama2-7B-LoRA,tfns,-10.66087818145752,0.3333333432674408,-10.66087818145752,0.3333333432674408,-10.66087818145752,0.3333333432674408
68,"Mednax upgraded to buy from hold at Stifel, price target raised to $33 from $25",2,positive,2,positive,positive,1,0,FinGPT-mt-Llama2-7B-LoRA,tfns,-10.663156509399414,0.3333333432674408,-10.663156509399414,0.3333333432674408,-10.663156509399414,0.3333333432674408
69,"Model N upgraded to overweight from neutral at JPMorgan, price target raised to $36 from $30",2,positive,2,positive,positive,1,0,FinGPT-mt-Llama2-7B-LoRA,tfns,-10.663717269897461,0.3333333432674408,-10.663717269897461,0.3333333432674408,-10.663717269897461,0.3333333432674408
70,Morgan Stanley sees GM doubling in bull case scenario,2,positive,2,positive,positive,1,0,FinGPT-mt-Llama2-7B-LoRA,tfns,-10.59528636932373,0.3333333432674408,-10.59528636932373,0.3333333432674408,-10.59528636932373,0.3333333432674408
71,Motorola Solutions stock fair value estimate raised to $192 from $167 at MKM Partners,2,positive,2,positive,positive,1,0,FinGPT-mt-Llama2-7B-LoRA,tfns,-10.785979270935059,0.3333333432674408,-10.785979270935059,0.3333333432674408,-10.785979270935059,0.3333333432674408
72,New for subscribers:  Analysts continue to upgrade stocks like Tesla and eBay on hopes the rebound is for real… https://t.co/Mku8heEOR2,2,positive,2,positive,positive,1,0,FinGPT-mt-Llama2-7B-LoRA,tfns,-10.432275772094727,0.3333333432674408,-10.432275772094727,0.3333333432674408,-10.432275772094727,0.3333333432674408
73,Omnicell stock price target raised to $96 vs. $90 at Benchmark,2,positive,2,positive,positive,1,0,FinGPT-mt-Llama2-7B-LoRA,tfns,-10.722667694091797,0.3333333432674408,-10.722667694091797,0.3333333432674408,-10.722667694091797,0.3333333432674408
74,Peloton bulls defend the upside case,2,positive,2,positive,positive,1,0,FinGPT-mt-Llama2-7B-LoRA,tfns,-10.297876358032227,0.3333333432674408,-10.297876358032227,0.3333333432674408,-10.297876358032227,0.3333333432674408
75,Piper Jaffray analyst Erinn Murphy reiterated an Overweight rating and $44.00 price target on Crocs (NASDAQ: $CROX)… https://t.co/iVlcTMWm1r,2,positive,2,positive,positive,1,0,FinGPT-mt-Llama2-7B-LoRA,tfns,-10.560274124145508,0.3333333432674408,-10.560274124145508,0.3333333432674408,-10.560274124145508,0.3333333432674408
76,Progyny started at overweight with $26 stock price target at J.P. Morgan,2,positive,2,positive,positive,1,0,FinGPT-mt-Llama2-7B-LoRA,tfns,-10.423083305358887,0.3333333432674408,-10.423083305358887,0.3333333432674408,-10.423083305358887,0.3333333432674408
77,Snap Analyst Projects 37% Revenue Growth In 2020,2,positive,2,positive,positive,1,0,FinGPT-mt-Llama2-7B-LoRA,tfns,-10.720817565917969,0.3333333432674408,-10.720817565917969,0.3333333432674408,-10.720817565917969,0.3333333432674408
78,Spirit Airlines stock price target raised to $55 from $49 at Deutsche Bank,2,positive,2,positive,positive,1,0,FinGPT-mt-Llama2-7B-LoRA,tfns,-10.724721908569336,0.3333333432674408,-10.724721908569336,0.3333333432674408,-10.724721908569336,0.3333333432674408
79,State Street stock price target raised to $84 from $73 at Buckingham,2,positive,2,positive,positive,1,0,FinGPT-mt-Llama2-7B-LoRA,tfns,-10.848777770996094,0.3333333432674408,-10.848777770996094,0.3333333432674408,-10.848777770996094,0.3333333432674408
80,Stock Market Update: AMD's price target raised to $47 at Cowen,2,positive,2,positive,positive,1,0,FinGPT-mt-Llama2-7B-LoRA,tfns,-10.84074592590332,0.3333333432674408,-10.84074592590332,0.3333333432674408,-10.84074592590332,0.3333333432674408
81,Synaptics stock price target raised to $76 from $60 at Susquehanna,2,positive,2,positive,positive,1,0,FinGPT-mt-Llama2-7B-LoRA,tfns,-10.723695755004883,0.3333333432674408,-10.723695755004883,0.3333333432674408,-10.723695755004883,0.3333333432674408
82,TechnipFMC started at buy with $33 stock price target at Deutsche Bank,2,positive,2,positive,positive,1,0,FinGPT-mt-Llama2-7B-LoRA,tfns,-10.41672420501709,0.3333333432674408,-10.41672420501709,0.3333333432674408,-10.41672420501709,0.3333333432674408
83,Tesla stock price target raised to $290 from $260 at Deutsche Bank,2,positive,2,positive,positive,1,0,FinGPT-mt-Llama2-7B-LoRA,tfns,-10.78616714477539,0.3333333432674408,-10.78616714477539,0.3333333432674408,-10.78616714477539,0.3333333432674408
84,TJX stock price target raised to $70 from $62 at MKM Partners,2,positive,2,positive,positive,1,0,FinGPT-mt-Llama2-7B-LoRA,tfns,-10.723281860351562,0.3333333432674408,-10.723281860351562,0.3333333432674408,-10.723281860351562,0.3333333432674408
85,Twitter upgraded to positive from neutral at Susquehanna,2,positive,2,positive,positive,1,0,FinGPT-mt-Llama2-7B-LoRA,tfns,-10.366355895996094,0.3333333432674408,-10.366355895996094,0.3333333432674408,-10.366355895996094,0.3333333432674408
86,Uber stock price target raised to $42 from $31 at Susquehanna,2,positive,2,positive,positive,1,0,FinGPT-mt-Llama2-7B-LoRA,tfns,-10.723583221435547,0.3333333432674408,-10.723583221435547,0.3333333432674408,-10.723583221435547,0.3333333432674408
87,Uber stock price target raised to $48 from $46 at HSBC Global,2,positive,2,positive,positive,1,0,FinGPT-mt-Llama2-7B-LoRA,tfns,-10.784440994262695,0.3333333432674408,-10.784440994262695,0.3333333432674408,-10.784440994262695,0.3333333432674408
88,"UBS Upgrades Hasbro As Stock Price Bakes In Tariffs, Slow Holiday",2,positive,2,positive,positive,1,0,FinGPT-mt-Llama2-7B-LoRA,tfns,-10.7822847366333,0.3333333432674408,-10.7822847366333,0.3333333432674408,-10.7822847366333,0.3333333432674408
89,UnitedHealth stock price target raised to $335 from $310 at SunTrust RH,2,positive,2,positive,positive,1,0,FinGPT-mt-Llama2-7B-LoRA,tfns,-10.788111686706543,0.3333333432674408,-10.788111686706543,0.3333333432674408,-10.788111686706543,0.3333333432674408
90,Vertex Pharmaceuticals stock price target raised to $245 from $235 at BofA Merrill Lynch,2,positive,2,positive,positive,1,0,FinGPT-mt-Llama2-7B-LoRA,tfns,-10.847341537475586,0.3333333432674408,-10.847341537475586,0.3333333432674408,-10.847341537475586,0.3333333432674408
91,Xilinx stock price target raised to $97 vs. $94 at SunTrust Robinson Humphrey,2,positive,2,positive,positive,1,0,FinGPT-mt-Llama2-7B-LoRA,tfns,-10.850088119506836,0.3333333432674408,-10.850088119506836,0.3333333432674408,-10.850088119506836,0.3333333432674408
92,AM Best Revises Outlooks to Stable for Sublimity Insurance Company https://t.co/WPcVIMko76 https://t.co/glnxmA3iIv,1,neutral,1,neutral,neutral,1,0,FinGPT-mt-Llama2-7B-LoRA,tfns,-9.728104591369629,0.3333333432674408,-9.728104591369629,0.3333333432674408,-9.728104591369629,0.3333333432674408
93,Analyst: Amazon Blocking FedEx Ground Good News For UPS,1,neutral,2,positive,positive,0,0,FinGPT-mt-Llama2-7B-LoRA,tfns,-10.541714668273926,0.3333333432674408,-10.541714668273926,0.3333333432674408,-10.541714668273926,0.3333333432674408
94,Analysts Expect Breakeven For China Online Education Group (NYSE:COE),1,neutral,2,positive,positive,0,0,FinGPT-mt-Llama2-7B-LoRA,tfns,-9.858099937438965,0.3333333432674408,-9.858099937438965,0.3333333432674408,-9.858099937438965,0.3333333432674408
95,"Crown Holdings, Inc. Full-Year Results: Here's What Analysts Are Forecasting For Next Year",1,neutral,1,neutral,neutral,1,0,FinGPT-mt-Llama2-7B-LoRA,tfns,-10.62671947479248,0.3333333432674408,-10.62671947479248,0.3333333432674408,-10.62671947479248,0.3333333432674408
96,Here are the best analyst calls of the week on Wall Street including Disney and a satellite play https://t.co/u9r1QPQli5,1,neutral,1,neutral,neutral,1,0,FinGPT-mt-Llama2-7B-LoRA,tfns,-10.230514526367188,0.3333333432674408,-10.230514526367188,0.3333333432674408,-10.230514526367188,0.3333333432674408
97,Little impact on Netflix from Disney Plus launch - Credit Suisse,1,neutral,1,neutral,neutral,1,0,FinGPT-mt-Llama2-7B-LoRA,tfns,-10.080404281616211,0.3333333432674408,-10.080404281616211,0.3333333432674408,-10.080404281616211,0.3333333432674408
98,Mitek bull calls pullback 'an overreaction',1,neutral,2,positive,positive,0,0,FinGPT-mt-Llama2-7B-LoRA,tfns,-10.141085624694824,0.3333333432674408,-10.141085624694824,0.3333333432674408,-10.141085624694824,0.3333333432674408
99,Peabody Energy started at hold at Benchmark,1,neutral,1,neutral,neutral,1,0,FinGPT-mt-Llama2-7B-LoRA,tfns,-10.3506441116333,0.3333333432674408,-10.3506441116333,0.3333333432674408,-10.3506441116333,0.3333333432674408
100,"Skechers U.S.A., Inc. Annual Results: Here's What Analysts Are Forecasting For Next Year",1,neutral,1,neutral,neutral,1,0,FinGPT-mt-Llama2-7B-LoRA,tfns,-10.59241771697998,0.3333333432674408,-10.59241771697998,0.3333333432674408,-10.59241771697998,0.3333333432674408
101,T. Boone Pickens' BP Capital Adds 3 Energy Stocks to Portfolio,1,neutral,2,positive,positive,0,0,FinGPT-mt-Llama2-7B-LoRA,tfns,-10.786276817321777,0.3333333432674408,-10.786276817321777,0.3333333432674408,-10.786276817321777,0.3333333432674408
102,"Tenable Holdings, Inc. Just Released Its Third-Quarter And Analysts Have Been Updating Their Estimates",1,neutral,2,positive,positive,0,0,FinGPT-mt-Llama2-7B-LoRA,tfns,-10.255578994750977,0.3333333432674408,-10.255578994750977,0.3333333432674408,-10.255578994750977,0.3333333432674408
103,"Top Analyst Upgrades and Downgrades: Cardinal Health, Domino’s, FedEx, Ford, GE, Grubhub, HSBC, Marvell, Twitter, Uber and More",1,neutral,1,neutral,neutral,1,0,FinGPT-mt-Llama2-7B-LoRA,tfns,-10.11720085144043,0.3333333432674408,-10.11720085144043,0.3333333432674408,-10.11720085144043,0.3333333432674408
104,"Tyson Foods, Inc. First-Quarter Results Just Came Out: Here's What Analysts Are Forecasting For Next Year",1,neutral,1,neutral,neutral,1,0,FinGPT-mt-Llama2-7B-LoRA,tfns,-10.72093391418457,0.3333333432674408,-10.72093391418457,0.3333333432674408,-10.72093391418457,0.3333333432674408
105,Wayfair initiated as hold with $95 price target at SunTrust Robinson Humphrey,1,neutral,1,neutral,neutral,1,0,FinGPT-mt-Llama2-7B-LoRA,tfns,-10.678523063659668,0.3333333432674408,-10.678523063659668,0.3333333432674408,-10.678523063659668,0.3333333432674408
106,"Central bank 'collateral damage' is skewing financial markets, one economist says https://t.co/sshC7mEqzk",0,negative,0,negative,negative,1,0,FinGPT-mt-Llama2-7B-LoRA,tfns,-9.756987571716309,0.3333333432674408,-9.756987571716309,0.3333333432674408,-9.756987571716309,0.3333333432674408
107,China central bank warns high financial risks amid rising economic headwinds - Reuters https://t.co/p26nFHoGg5,0,negative,0,negative,negative,1,0,FinGPT-mt-Llama2-7B-LoRA,tfns,-10.020535469055176,0.3333333432674408,-10.020535469055176,0.3333333432674408,-10.020535469055176,0.3333333432674408
108,ECB data show eurozone banks had weak profits before coronavirus https://t.co/QI7pbqPGkG,0,negative,0,negative,negative,1,0,FinGPT-mt-Llama2-7B-LoRA,tfns,-9.68821907043457,0.3333333432674408,-9.68821907043457,0.3333333432674408,-9.68821907043457,0.3333333432674408
109,Fed's Williams says U.S. economy is clearly facing several challenges,0,negative,0,negative,negative,1,0,FinGPT-mt-Llama2-7B-LoRA,tfns,-9.9967679977417,0.3333333432674408,-9.9967679977417,0.3333333432674408,-9.9967679977417,0.3333333432674408
110,"Former Federal Reserve Chairman Ben Bernanke says he doesn't see a quick, sharp rebound in the economy after its pr… https://t.co/pu15VlJ4IO",0,negative,1,neutral,neutral,0,0,FinGPT-mt-Llama2-7B-LoRA,tfns,-9.673505783081055,0.3333333432674408,-9.673505783081055,0.3333333432674408,-9.673505783081055,0.3333333432674408
111,Jerome Powell comes close to acknowledging that the Federal Reserve may not have the firepower to fight the next re… https://t.co/UD2rqlD6SD,0,negative,1,neutral,neutral,0,0,FinGPT-mt-Llama2-7B-LoRA,tfns,-10.269624710083008,0.3333333432674408,-10.269624710083008,0.3333333432674408,-10.269624710083008,0.3333333432674408
112,"No, The Fed Won't ""Save The Market"" - Here's Why  https://t.co/Ibq99qWSFz",0,negative,1,neutral,neutral,0,0,FinGPT-mt-Llama2-7B-LoRA,tfns,-8.894641876220703,0.3333333432674408,-8.894641876220703,0.3333333432674408,-8.894641876220703,0.3333333432674408
113,"""There is every reason to believe that the economic rebound, when it comes, can be robust,"" Fed Chair Jerome Powell… https://t.co/Ovi6BRM3TK",2,positive,2,positive,positive,1,0,FinGPT-mt-Llama2-7B-LoRA,tfns,-10.261174201965332,0.3333333432674408,-10.261174201965332,0.3333333432674408,-10.261174201965332,0.3333333432674408
114,$ECONX: Federal Reserve announces extensive new measures to support the economy https://t.co/Gf6CfThO7r,1,neutral,2,positive,positive,0,0,FinGPT-mt-Llama2-7B-LoRA,tfns,-10.11758804321289,0.3333333432674408,-10.11758804321289,0.3333333432674408,-10.11758804321289,0.3333333432674408
115,Commercial and industrial loans at all commercial banks climb by $105.8 billion to $2.845 trillion in the week endi… https://t.co/jTTkUE4l0L,1,neutral,1,neutral,neutral,1,0,FinGPT-mt-Llama2-7B-LoRA,tfns,-9.627824783325195,0.3333333432674408,-9.627824783325195,0.3333333432674408,-9.627824783325195,0.3333333432674408
116,Fed surprises market with program to support corporate bonds amid coronavirus pandemic https://t.co/NLeJwjmyXw,1,neutral,2,positive,positive,0,0,FinGPT-mt-Llama2-7B-LoRA,tfns,-10.153898239135742,0.3333333432674408,-10.153898239135742,0.3333333432674408,-10.153898239135742,0.3333333432674408
117,"Highlight: The Fed has launched an unprecedented round of asset purchases. ""The idea here is the Federal Reserve is… https://t.co/9J31vhPbUG",1,neutral,1,neutral,neutral,1,0,FinGPT-mt-Llama2-7B-LoRA,tfns,-10.209872245788574,0.3333333432674408,-10.209872245788574,0.3333333432674408,-10.209872245788574,0.3333333432674408
118,The World Bank plans to lend Uganda $1.9 billion to help finance the East African nation's budget deficit https://t.co/Yxiz7BduSw,1,neutral,2,positive,positive,0,0,FinGPT-mt-Llama2-7B-LoRA,tfns,-9.650447845458984,0.3333333432674408,-9.650447845458984,0.3333333432674408,-9.650447845458984,0.3333333432674408
119,"""We encourage families to explore virtual #financialliteracy resources. The Federal Reserve Bank of Richmond create… https://t.co/heJwnQ4RoN",1,neutral,1,neutral,neutral,1,0,FinGPT-mt-Llama2-7B-LoRA,tfns,-10.828030586242676,0.3333333432674408,-10.828030586242676,0.3333333432674408,-10.828030586242676,0.3333333432674408
120,Africa-Europe Alliance: Denmark provides 10 million for sustainable development under the EU External Investment P… https://t.co/fdp58lt4xu,1,neutral,1,neutral,neutral,1,0,FinGPT-mt-Llama2-7B-LoRA,tfns,-9.877646446228027,0.3333333432674408,-9.877646446228027,0.3333333432674408,-9.877646446228027,0.3333333432674408
121,Bank agencies announced they'll temporarily lower the community bank leverage ratio to 8%. The rule change - requir… https://t.co/m6N7S7zEwo,1,neutral,1,neutral,neutral,1,0,FinGPT-mt-Llama2-7B-LoRA,tfns,-9.619765281677246,0.3333333432674408,-9.619765281677246,0.3333333432674408,-9.619765281677246,0.3333333432674408
122,Bank of Ireland : Mortgage Bank - 7 KB #BankofIreland #Stock #MarketScreener https://t.co/1UOheYSgzq https://t.co/EmpEi8jWMG,1,neutral,1,neutral,neutral,1,0,FinGPT-mt-Llama2-7B-LoRA,tfns,-10.83344841003418,0.3333333432674408,-10.83344841003418,0.3333333432674408,-10.83344841003418,0.3333333432674408
123,Bank of Jamaica 14-Day Repo Auction Announcement -24 February 2020 #Stock #MarketScreener https://t.co/aLTELpPUc3 https://t.co/ZFCCNZVhWK,1,neutral,1,neutral,neutral,1,0,FinGPT-mt-Llama2-7B-LoRA,tfns,-10.2779541015625,0.3333333432674408,-10.2779541015625,0.3333333432674408,-10.2779541015625,0.3333333432674408
124,Bank of Jamaica 30-day CD Auction Press Release #economy #MarketScreener https://t.co/GXh2AJS7u7 https://t.co/4tV8ge3FKr,1,neutral,1,neutral,neutral,1,0,FinGPT-mt-Llama2-7B-LoRA,tfns,-10.891532897949219,0.3333333432674408,-10.891532897949219,0.3333333432674408,-10.891532897949219,0.3333333432674408
125,Brazil economists forecast more rate cuts ahead https://t.co/MVimfZn0x9,1,neutral,2,positive,positive,0,0,FinGPT-mt-Llama2-7B-LoRA,tfns,-9.817178726196289,0.3333333432674408,-9.817178726196289,0.3333333432674408,-9.817178726196289,0.3333333432674408
126,Buyback Backlash Begins: Fed Will Limit Buybacks & Dividends For Companies Using Its Credit Facility https://t.co/qvANL8EAGI,1,neutral,0,negative,negative,0,0,FinGPT-mt-Llama2-7B-LoRA,tfns,-9.866495132446289,0.3333333432674408,-9.866495132446289,0.3333333432674408,-9.866495132446289,0.3333333432674408
127,Central Bank of Nigeria Communique No. 128 of the Monetary Policy Committee Meeting of Jan... #Stock… https://t.co/Vhs3QezjMh,1,neutral,1,neutral,neutral,1,0,FinGPT-mt-Llama2-7B-LoRA,tfns,-10.767309188842773,0.3333333432674408,-10.767309188842773,0.3333333432674408,-10.767309188842773,0.3333333432674408
128,"Central banks don’t have as much monetary policy power as they used to, former BOE policy maker Ian McCafferty says https://t.co/LjFUOi4x2A",1,neutral,1,neutral,neutral,1,0,FinGPT-mt-Llama2-7B-LoRA,tfns,-10.436532974243164,0.3333333432674408,-10.436532974243164,0.3333333432674408,-10.436532974243164,0.3333333432674408
129,Cleveland Fed President Loretta Mester said the coronavirus outbreak is a threat to the economy but doesn't yet jus… https://t.co/KpqpNnFL4L,1,neutral,0,negative,negative,0,0,FinGPT-mt-Llama2-7B-LoRA,tfns,-9.524860382080078,0.3333333432674408,-9.524860382080078,0.3333333432674408,-9.524860382080078,0.3333333432674408
130,Efforts to support the faltering economy could extend to some form of direct yield curve control. New… https://t.co/Cd4JvxMiXA,1,neutral,1,neutral,neutral,1,0,FinGPT-mt-Llama2-7B-LoRA,tfns,-10.455939292907715,0.3333333432674408,-10.455939292907715,0.3333333432674408,-10.455939292907715,0.3333333432674408
131,"Fed Chair Jay Powell grilled on China's cryptocurrency plans, US response https://t.co/9tkOjL0blx by @readDanwrite https://t.co/urM93khqZo",1,neutral,1,neutral,neutral,1,0,FinGPT-mt-Llama2-7B-LoRA,tfns,-9.4575777053833,0.3333333432674408,-9.4575777053833,0.3333333432674408,-9.4575777053833,0.3333333432674408
132,Fed Chair Jerome Powell was chided by a Democratic lawmaker for his attendance at a party thrown by Amazon CEO Jeff… https://t.co/BNq5I9PUqc,1,neutral,1,neutral,neutral,1,0,FinGPT-mt-Llama2-7B-LoRA,tfns,-9.491971969604492,0.3333333432674408,-9.491971969604492,0.3333333432674408,-9.491971969604492,0.3333333432674408
133,Fed Chairman Jerome Powell puts lawmakers on notice that fiscal policy may need to play a bigger role countering do… https://t.co/URFHNRkmfh,1,neutral,1,neutral,neutral,1,0,FinGPT-mt-Llama2-7B-LoRA,tfns,-10.662829399108887,0.3333333432674408,-10.662829399108887,0.3333333432674408,-10.662829399108887,0.3333333432674408
134,Fed minutes to tell a story,1,neutral,1,neutral,neutral,1,0,FinGPT-mt-Llama2-7B-LoRA,tfns,-10.46028995513916,0.3333333432674408,-10.46028995513916,0.3333333432674408,-10.46028995513916,0.3333333432674408
135,Fed Officials Weigh Risks Of Covid-19 -- Update #economy #MarketScreener https://t.co/1pQjFOAdWi https://t.co/nxTApO6GEp,1,neutral,1,neutral,neutral,1,0,FinGPT-mt-Llama2-7B-LoRA,tfns,-10.374310493469238,0.3333333432674408,-10.374310493469238,0.3333333432674408,-10.374310493469238,0.3333333432674408
136,Fed President Loretta Mester due to speak in 5 minutes.,1,neutral,1,neutral,neutral,1,0,FinGPT-mt-Llama2-7B-LoRA,tfns,-10.825966835021973,0.3333333432674408,-10.825966835021973,0.3333333432674408,-10.825966835021973,0.3333333432674408
137,"Fed removes reference to ""global developments"", has yet to blame global warming for repo crisis",1,neutral,2,positive,positive,0,0,FinGPT-mt-Llama2-7B-LoRA,tfns,-9.701732635498047,0.3333333432674408,-9.701732635498047,0.3333333432674408,-9.701732635498047,0.3333333432674408
138,Fed’s Rosengren Says Pursuing 2% Inflation Could Distort Markets,1,neutral,1,neutral,neutral,1,0,FinGPT-mt-Llama2-7B-LoRA,tfns,-9.89251708984375,0.3333333432674408,-9.89251708984375,0.3333333432674408,-9.89251708984375,0.3333333432674408
139,Federal Reserve Keeps Rates Steady and Sees Long Pause #currency #MarketScreener https://t.co/tpSm4ZImNv https://t.co/f5uwKiweEN,1,neutral,1,neutral,neutral,1,0,FinGPT-mt-Llama2-7B-LoRA,tfns,-9.763073921203613,0.3333333432674408,-9.763073921203613,0.3333333432674408,-9.763073921203613,0.3333333432674408
140,Federal Reserve officials will feel comfortable maintaining their wait-and-see posture on interest rates after Frid… https://t.co/Jlpmp7kwVr,1,neutral,1,neutral,neutral,1,0,FinGPT-mt-Llama2-7B-LoRA,tfns,-10.414749145507812,0.3333333432674408,-10.414749145507812,0.3333333432674408,-10.414749145507812,0.3333333432674408
141,Fed's 42-Day Repo 2x Oversubscribed In Scramble For Year End Liquidity https://t.co/skVPSppwaY,1,neutral,2,positive,positive,0,0,FinGPT-mt-Llama2-7B-LoRA,tfns,-9.637657165527344,0.3333333432674408,-9.637657165527344,0.3333333432674408,-9.637657165527344,0.3333333432674408
142,Fed's Bullard said actions taken by the Fed and other authorities during this time period shouldn't be seen as stim… https://t.co/gJ9vd4Qttq,1,neutral,1,neutral,neutral,1,0,FinGPT-mt-Llama2-7B-LoRA,tfns,-10.657734870910645,0.3333333432674408,-10.657734870910645,0.3333333432674408,-10.657734870910645,0.3333333432674408
143,Fed's Mester says central bank can watch and wait on interest rates,1,neutral,1,neutral,neutral,1,0,FinGPT-mt-Llama2-7B-LoRA,tfns,-10.841490745544434,0.3333333432674408,-10.841490745544434,0.3333333432674408,-10.841490745544434,0.3333333432674408
144,Fed's Rosengren backs 'patient' approach to any interest-rate moves,1,neutral,1,neutral,neutral,1,0,FinGPT-mt-Llama2-7B-LoRA,tfns,-10.259173393249512,0.3333333432674408,-10.259173393249512,0.3333333432674408,-10.259173393249512,0.3333333432674408
145,Fed's Williams says rates are 'in the right place' but policy is not set in stone,1,neutral,2,positive,positive,0,0,FinGPT-mt-Llama2-7B-LoRA,tfns,-9.644553184509277,0.3333333432674408,-9.644553184509277,0.3333333432674408,-9.644553184509277,0.3333333432674408
146,Global Risks to Extend Czech Rate Lockdown: Decision Day Guide,1,neutral,0,negative,negative,0,0,FinGPT-mt-Llama2-7B-LoRA,tfns,-9.922930717468262,0.3333333432674408,-9.922930717468262,0.3333333432674408,-9.922930717468262,0.3333333432674408
147,"Heard on the Street: The Fed may need banks to lever up to absorb more activity, but it needs to do so in a way tha… https://t.co/m6nXfI4or7",1,neutral,1,neutral,neutral,1,0,FinGPT-mt-Llama2-7B-LoRA,tfns,-10.845767974853516,0.3333333432674408,-10.845767974853516,0.3333333432674408,-10.845767974853516,0.3333333432674408
148,"In the battle of central-bank stimulus bazookas, the Fed is winning out https://t.co/dw2zb5Zi3b",1,neutral,2,positive,positive,0,0,FinGPT-mt-Llama2-7B-LoRA,tfns,-9.913839340209961,0.3333333432674408,-9.913839340209961,0.3333333432674408,-9.913839340209961,0.3333333432674408
149,"In undertaking what will undoubtedly be its largest rescue effort ever, the Federal Reserve announced programs that… https://t.co/iMHp4NZFeV",1,neutral,1,neutral,neutral,1,0,FinGPT-mt-Llama2-7B-LoRA,tfns,-10.616598129272461,0.3333333432674408,-10.616598129272461,0.3333333432674408,-10.616598129272461,0.3333333432674408
150,Indonesia's central bank says the New York Federal Reserve will provide it with a $60 billion repurchase facility t… https://t.co/8mWrf9uPDI,1,neutral,1,neutral,neutral,1,0,FinGPT-mt-Llama2-7B-LoRA,tfns,-10.199953079223633,0.3333333432674408,-10.199953079223633,0.3333333432674408,-10.199953079223633,0.3333333432674408
151,Italy may be willing to compromise on its holdout against a German plan for further integration of the EU’s banking… https://t.co/6z5rU3nonk,1,neutral,2,positive,positive,0,0,FinGPT-mt-Llama2-7B-LoRA,tfns,-9.772004127502441,0.3333333432674408,-9.772004127502441,0.3333333432674408,-9.772004127502441,0.3333333432674408
152,"LISTEN NOW: The Fed continues to make moves to combat the coronavirus crisis, including assuring limitless asset pu… https://t.co/2g1K81EdRO",1,neutral,1,neutral,neutral,1,0,FinGPT-mt-Llama2-7B-LoRA,tfns,-9.9874267578125,0.3333333432674408,-9.9874267578125,0.3333333432674408,-9.9874267578125,0.3333333432674408
153,LIVE: Fed Chair Powell testifies before the Senate Banking Committee https://t.co/RsYYaf1Et1,1,neutral,1,neutral,neutral,1,0,FinGPT-mt-Llama2-7B-LoRA,tfns,-10.82524585723877,0.3333333432674408,-10.82524585723877,0.3333333432674408,-10.82524585723877,0.3333333432674408
154,Markets bet Fed is pushed to cut rates in coronavirus response https://t.co/4NDOpE6Kka https://t.co/8L2dYY8EYK,1,neutral,0,negative,negative,0,0,FinGPT-mt-Llama2-7B-LoRA,tfns,-9.812376976013184,0.3333333432674408,-9.812376976013184,0.3333333432674408,-9.812376976013184,0.3333333432674408
155,Minneapolis Fed chief Neel Kashkari says monetary policy can play the kind of redistributing role once thought to b… https://t.co/urzkYwOgOy,1,neutral,1,neutral,neutral,1,0,FinGPT-mt-Llama2-7B-LoRA,tfns,-10.83456039428711,0.3333333432674408,-10.83456039428711,0.3333333432674408,-10.83456039428711,0.3333333432674408
156,Morocco is considering tapping at least part of a $2.97 billion liquidity line with the IMF as the coronavirus outb… https://t.co/8Fn0bGuM7L,1,neutral,1,neutral,neutral,1,0,FinGPT-mt-Llama2-7B-LoRA,tfns,-10.612622261047363,0.3333333432674408,-10.612622261047363,0.3333333432674408,-10.612622261047363,0.3333333432674408
157,New Zealand central bank governor Adrian Orr may signal he's prepared to cut interest rates to cushion the economic... https://t.co/i8Oz63zrZK,1,neutral,2,positive,positive,0,0,FinGPT-mt-Llama2-7B-LoRA,tfns,-9.408529281616211,0.3333333432674408,-9.408529281616211,0.3333333432674408,-9.408529281616211,0.3333333432674408
158,Norway's central bank governor says it's too early to reach any conclusions on the long term outlook for inflation https://t.co/Jy76GFLKm2,1,neutral,1,neutral,neutral,1,0,FinGPT-mt-Llama2-7B-LoRA,tfns,-10.581949234008789,0.3333333432674408,-10.581949234008789,0.3333333432674408,-10.581949234008789,0.3333333432674408
159,Praet: ECB Needs Governments to Act,1,neutral,1,neutral,neutral,1,0,FinGPT-mt-Llama2-7B-LoRA,tfns,-10.780878067016602,0.3333333432674408,-10.780878067016602,0.3333333432674408,-10.780878067016602,0.3333333432674408
160,"Rabobank: ""Fed's Kashkari Has Just Come Out With A Jaw-Dropping Policy Shift"" https://t.co/8TYLEPXBXU",1,neutral,1,neutral,neutral,1,0,FinGPT-mt-Llama2-7B-LoRA,tfns,-10.601128578186035,0.3333333432674408,-10.601128578186035,0.3333333432674408,-10.601128578186035,0.3333333432674408
161,"RBI May Cut Rates Later This Year, TS Lombard Says",1,neutral,0,negative,negative,0,0,FinGPT-mt-Llama2-7B-LoRA,tfns,-10.192061424255371,0.3333333432674408,-10.192061424255371,0.3333333432674408,-10.192061424255371,0.3333333432674408
162,RBI’s Long-Term Repo Operations Seen As Stealth Move To Bring Down Rates,1,neutral,0,negative,negative,0,0,FinGPT-mt-Llama2-7B-LoRA,tfns,-10.104656219482422,0.3333333432674408,-10.104656219482422,0.3333333432674408,-10.104656219482422,0.3333333432674408
163,Spain to guarantee up to 80% of SME bank loans to ease virus impact #economy #MarketScreener https://t.co/SAmTS65y1z https://t.co/JFT2FzyZVp,1,neutral,2,positive,positive,0,0,FinGPT-mt-Llama2-7B-LoRA,tfns,-9.835631370544434,0.3333333432674408,-9.835631370544434,0.3333333432674408,-9.835631370544434,0.3333333432674408
164,The Bank of England's Financial Policy Committee says it's prepared to take further action as needed to help the fi… https://t.co/nXFVWsODV3,1,neutral,1,neutral,neutral,1,0,FinGPT-mt-Llama2-7B-LoRA,tfns,-10.399372100830078,0.3333333432674408,-10.399372100830078,0.3333333432674408,-10.399372100830078,0.3333333432674408
165,The Bank of England's Term Funding Scheme... #Stock #MarketScreener https://t.co/UYAUVEOvlM https://t.co/SeJVLxIyZA,1,neutral,1,neutral,neutral,1,0,FinGPT-mt-Llama2-7B-LoRA,tfns,-10.771835327148438,0.3333333432674408,-10.771835327148438,0.3333333432674408,-10.771835327148438,0.3333333432674408
166,The Committee lowers the CBR to 7.25PC #Stock #MarketScreener https://t.co/fUgL7df83o https://t.co/p3lSsTQ3JL,1,neutral,1,neutral,neutral,1,0,FinGPT-mt-Llama2-7B-LoRA,tfns,-10.464744567871094,0.3333333432674408,-10.464744567871094,0.3333333432674408,-10.464744567871094,0.3333333432674408
167,"The consensus case for following the Fed is right, Ashok Bhatia of Neuberger Bergman tells @FerroTV… https://t.co/O4PII3Nx4S",1,neutral,1,neutral,neutral,1,0,FinGPT-mt-Llama2-7B-LoRA,tfns,-10.702653884887695,0.3333333432674408,-10.702653884887695,0.3333333432674408,-10.702653884887695,0.3333333432674408
168,The Fed mounted an extraordinary new array of programs to offset the 'severe disruptions' to the economy caused by… https://t.co/Q0oP8CE8Vy,1,neutral,1,neutral,neutral,1,0,FinGPT-mt-Llama2-7B-LoRA,tfns,-10.209301948547363,0.3333333432674408,-10.209301948547363,0.3333333432674408,-10.209301948547363,0.3333333432674408
169,The Federal Reserve has launched an array of programs aimed at helping the markets and economy through the coronavi… https://t.co/pEUAkq0LF0,1,neutral,2,positive,positive,0,0,FinGPT-mt-Llama2-7B-LoRA,tfns,-9.953981399536133,0.3333333432674408,-9.953981399536133,0.3333333432674408,-9.953981399536133,0.3333333432674408
170,"The Federal Reserve System includes 12 districts. Using those numbers, 1-12, is a handy way to learn about the cent… https://t.co/cbNWuE9tqT",1,neutral,1,neutral,neutral,1,0,FinGPT-mt-Llama2-7B-LoRA,tfns,-10.888002395629883,0.3333333432674408,-10.888002395629883,0.3333333432674408,-10.888002395629883,0.3333333432674408
171,"The FRED Blog: Since the end of the Great Recession, market-based measures of long-run inflation expectations have… https://t.co/0xHldQgKkG",1,neutral,1,neutral,neutral,1,0,FinGPT-mt-Llama2-7B-LoRA,tfns,-10.889524459838867,0.3333333432674408,-10.889524459838867,0.3333333432674408,-10.889524459838867,0.3333333432674408
172,The IMF may launch a new program that could back up the Federal Reserve's campaign to keep dollars flowing in the g… https://t.co/lKciLE5v3x,1,neutral,2,positive,positive,0,0,FinGPT-mt-Llama2-7B-LoRA,tfns,-9.715720176696777,0.3333333432674408,-9.715720176696777,0.3333333432674408,-9.715720176696777,0.3333333432674408
173,The Most Momentous Rate Decision This Month Isn’t at Fed or ECB,1,neutral,1,neutral,neutral,1,0,FinGPT-mt-Llama2-7B-LoRA,tfns,-11.139368057250977,0.3333333432674408,-11.139368057250977,0.3333333432674408,-11.139368057250977,0.3333333432674408
174,"-The U.K. will go into full lockdown to stymie the spread of coronavirus
-The Fed offers to directly finance U.S. c… https://t.co/ruvvXSN2l8",1,neutral,0,negative,negative,0,0,FinGPT-mt-Llama2-7B-LoRA,tfns,-9.462382316589355,0.3333333432674408,-9.462382316589355,0.3333333432674408,-9.462382316589355,0.3333333432674408
175,Top economists say that the spread of the new coronavirus outbreak makes it more likely that the Federal Reserve wi… https://t.co/tvoJevdk2y,1,neutral,1,neutral,neutral,1,0,FinGPT-mt-Llama2-7B-LoRA,tfns,-10.290264129638672,0.3333333432674408,-10.290264129638672,0.3333333432674408,-10.290264129638672,0.3333333432674408
176,Two crisis-veteran Federal Reserve officials said the central bank has plenty of room for more moves following a fl… https://t.co/8tGk3P7TPq,1,neutral,1,neutral,neutral,1,0,FinGPT-mt-Llama2-7B-LoRA,tfns,-10.323363304138184,0.3333333432674408,-10.323363304138184,0.3333333432674408,-10.323363304138184,0.3333333432674408
177,"Two weeks later, no change, Fed ain't stopping the selling",1,neutral,0,negative,negative,0,0,FinGPT-mt-Llama2-7B-LoRA,tfns,-9.923304557800293,0.3333333432674408,-9.923304557800293,0.3333333432674408,-9.923304557800293,0.3333333432674408
178,U.S. Fed preparing to buy new small business payroll loans: Wall Street Journal https://t.co/bKlfm9QFgB https://t.co/ZnUbuWVFFu,1,neutral,1,neutral,neutral,1,0,FinGPT-mt-Llama2-7B-LoRA,tfns,-9.696084022521973,0.3333333432674408,-9.696084022521973,0.3333333432674408,-9.696084022521973,0.3333333432674408
179,UK starts first stage of 330 billion pound loan guarantee scheme https://t.co/hZiqmzoZBr https://t.co/0z6Kisr3Oe,1,neutral,1,neutral,neutral,1,0,FinGPT-mt-Llama2-7B-LoRA,tfns,-10.117745399475098,0.3333333432674408,-10.117745399475098,0.3333333432674408,-10.117745399475098,0.3333333432674408
180,Zambia’s kwacha staged a comeback on Tuesday after the central bank raised the amount of funds that commercial lend… https://t.co/oS097rGn8S,1,neutral,2,positive,positive,0,0,FinGPT-mt-Llama2-7B-LoRA,tfns,-10.166228294372559,0.3333333432674408,-10.166228294372559,0.3333333432674408,-10.166228294372559,0.3333333432674408
181,Bank of America sees demand surge for paycheck protection loans https://t.co/6feALqK8zN,0,negative,2,positive,positive,0,0,FinGPT-mt-Llama2-7B-LoRA,tfns,-10.720132827758789,0.3333333432674408,-10.720132827758789,0.3333333432674408,-10.720132827758789,0.3333333432674408
182,$HON - Honeywell says MAX production freeze to hurt 2020 sales growth https://t.co/ADon2RBcIz,0,negative,0,negative,negative,1,0,FinGPT-mt-Llama2-7B-LoRA,tfns,-10.13231086730957,0.3333333432674408,-10.13231086730957,0.3333333432674408,-10.13231086730957,0.3333333432674408
183,Africa retailer Jumia suspends e-commerce in Cameroon,0,negative,0,negative,negative,1,0,FinGPT-mt-Llama2-7B-LoRA,tfns,-9.701777458190918,0.3333333432674408,-9.701777458190918,0.3333333432674408,-9.701777458190918,0.3333333432674408
184,Amazon blames holiday delivery delays on winter storms and high demand https://t.co/TjLnFZBE44,0,negative,1,neutral,neutral,0,0,FinGPT-mt-Llama2-7B-LoRA,tfns,-9.696057319641113,0.3333333432674408,-9.696057319641113,0.3333333432674408,-9.696057319641113,0.3333333432674408
185,Beckhams’ business empire sees revenues drop 18% https://t.co/Vyukksr4NP,0,negative,0,negative,negative,1,0,FinGPT-mt-Llama2-7B-LoRA,tfns,-9.921276092529297,0.3333333432674408,-9.921276092529297,0.3333333432674408,-9.921276092529297,0.3333333432674408
186,BREAKING: FDA issues ban on some fruit and mint flavored vaping products https://t.co/MxWx3AqSi8,0,negative,0,negative,negative,1,0,FinGPT-mt-Llama2-7B-LoRA,tfns,-9.757344245910645,0.3333333432674408,-9.757344245910645,0.3333333432674408,-9.757344245910645,0.3333333432674408
187,Bristol-Myers says trial of Opdivo plus Yervoy in melanoma treatment failed to meet main goal,0,negative,0,negative,negative,1,0,FinGPT-mt-Llama2-7B-LoRA,tfns,-9.97127914428711,0.3333333432674408,-9.97127914428711,0.3333333432674408,-9.97127914428711,0.3333333432674408
188,Casino Operator Wynn Resorts Is Losing Up To $2.6 Million Per Day From Coronavirus Shutdown,0,negative,0,negative,negative,1,0,FinGPT-mt-Llama2-7B-LoRA,tfns,-9.945594787597656,0.3333333432674408,-9.945594787597656,0.3333333432674408,-9.945594787597656,0.3333333432674408
189,"China Solar Group Flags Raw Material, Labor Shortages on Virus",0,negative,0,negative,negative,1,0,FinGPT-mt-Llama2-7B-LoRA,tfns,-10.02131462097168,0.3333333432674408,-10.02131462097168,0.3333333432674408,-10.02131462097168,0.3333333432674408
190,Fiat Chrysler Relies on Ram Growth as Europe Losses Mount,0,negative,1,neutral,neutral,0,0,FinGPT-mt-Llama2-7B-LoRA,tfns,-10.233170509338379,0.3333333432674408,-10.233170509338379,0.3333333432674408,-10.233170509338379,0.3333333432674408
191,"Ford recalls 262,000 pickup trucks with defective tailgate latches https://t.co/r1OmCaHlBs",0,negative,0,negative,negative,1,0,FinGPT-mt-Llama2-7B-LoRA,tfns,-9.907737731933594,0.3333333432674408,-9.907737731933594,0.3333333432674408,-9.907737731933594,0.3333333432674408
192,Fox says cable ad revenue was hurt by impeachment coverage last quarter,0,negative,0,negative,negative,1,0,FinGPT-mt-Llama2-7B-LoRA,tfns,-10.140164375305176,0.3333333432674408,-10.140164375305176,0.3333333432674408,-10.140164375305176,0.3333333432674408
193,"ICYMI: Transport for London said Uber $UBER was not ""fit and proper"" to hold an operating license in London after a… https://t.co/6KXYb2e38V",0,negative,0,negative,negative,1,0,FinGPT-mt-Llama2-7B-LoRA,tfns,-10.117988586425781,0.3333333432674408,-10.117988586425781,0.3333333432674408,-10.117988586425781,0.3333333432674408
194,Jetstar to cut capacity by 10% in January as pilots take industrial action,0,negative,0,negative,negative,1,0,FinGPT-mt-Llama2-7B-LoRA,tfns,-10.265311241149902,0.3333333432674408,-10.265311241149902,0.3333333432674408,-10.265311241149902,0.3333333432674408
195,Lowe's to shut 34 Canadian stores as it reports revenue miss,0,negative,0,negative,negative,1,0,FinGPT-mt-Llama2-7B-LoRA,tfns,-10.138667106628418,0.3333333432674408,-10.138667106628418,0.3333333432674408,-10.138667106628418,0.3333333432674408
196,Macy's says temporary issue with e-commerce business also impacted Q3 performance,0,negative,0,negative,negative,1,0,FinGPT-mt-Llama2-7B-LoRA,tfns,-9.985499382019043,0.3333333432674408,-9.985499382019043,0.3333333432674408,-9.985499382019043,0.3333333432674408
197,Mahindra Says Coronavirus May Jeopardize India Emissions Rollout,0,negative,0,negative,negative,1,0,FinGPT-mt-Llama2-7B-LoRA,tfns,-9.909887313842773,0.3333333432674408,-9.909887313842773,0.3333333432674408,-9.909887313842773,0.3333333432674408
198,Major blockchain developer ConsenSys announces job losses #economy #MarketScreener https://t.co/ryVmI8mEkG https://t.co/bw56wJfVGF,0,negative,0,negative,negative,1,0,FinGPT-mt-Llama2-7B-LoRA,tfns,-9.683541297912598,0.3333333432674408,-9.683541297912598,0.3333333432674408,-9.683541297912598,0.3333333432674408
199,"NTSB cites Uber, driver in fatal crash",0,negative,1,neutral,neutral,0,0,FinGPT-mt-Llama2-7B-LoRA,tfns,-9.643402099609375,0.3333333432674408,-9.643402099609375,0.3333333432674408,-9.643402099609375,0.3333333432674408
200,NVIDIA's New Cloud Service Could Spell Doom for Google's Stadia,0,negative,0,negative,negative,1,0,FinGPT-mt-Llama2-7B-LoRA,tfns,-10.169665336608887,0.3333333432674408,-10.169665336608887,0.3333333432674408,-10.169665336608887,0.3333333432674408
201,"Oaktree Strategic Income NII misses by $0.01, misses on total investment income",0,negative,0,negative,negative,1,0,FinGPT-mt-Llama2-7B-LoRA,tfns,-9.971824645996094,0.3333333432674408,-9.971824645996094,0.3333333432674408,-9.971824645996094,0.3333333432674408
202,PG&E Loses Half of Financial Backing for Bankruptcy in New Pacts,0,negative,0,negative,negative,1,0,FinGPT-mt-Llama2-7B-LoRA,tfns,-9.977070808410645,0.3333333432674408,-9.977070808410645,0.3333333432674408,-9.977070808410645,0.3333333432674408
203,"Stock Market Live Updates: Home Depot faults tariffs, lumber prices for grim quarter - Yahoo Finance",0,negative,0,negative,negative,1,0,FinGPT-mt-Llama2-7B-LoRA,tfns,-10.158841133117676,0.3333333432674408,-10.158841133117676,0.3333333432674408,-10.158841133117676,0.3333333432674408
204,"Trans Mountain Costs to Increase 70% to $9.5 Billion, CBC Says",0,negative,0,negative,negative,1,0,FinGPT-mt-Llama2-7B-LoRA,tfns,-9.830207824707031,0.3333333432674408,-9.830207824707031,0.3333333432674408,-9.830207824707031,0.3333333432674408
205,"Transport for London has decided not to extend Uber’s license to operate in the city. In a statement, transit offic… https://t.co/Wh2Fx1FLgh",0,negative,0,negative,negative,1,0,FinGPT-mt-Llama2-7B-LoRA,tfns,-9.8423490524292,0.3333333432674408,-9.8423490524292,0.3333333432674408,-9.8423490524292,0.3333333432674408
206,Tuna maker Bumble Bee Foods has filed for Chapter 11 bankruptcy protection. https://t.co/d2gVKB0BB3,0,negative,0,negative,negative,1,0,FinGPT-mt-Llama2-7B-LoRA,tfns,-9.79080581665039,0.3333333432674408,-9.79080581665039,0.3333333432674408,-9.79080581665039,0.3333333432674408
207,WeWork Could Leave Thousands Without Jobs,0,negative,0,negative,negative,1,0,FinGPT-mt-Llama2-7B-LoRA,tfns,-9.948691368103027,0.3333333432674408,-9.948691368103027,0.3333333432674408,-9.948691368103027,0.3333333432674408
208,Exxon is cutting billions of dollars in investments to keep its financial footing during the worst oil-price rout i… https://t.co/MI5vCEkhlm,0,negative,0,negative,negative,1,0,FinGPT-mt-Llama2-7B-LoRA,tfns,-9.872175216674805,0.3333333432674408,-9.872175216674805,0.3333333432674408,-9.872175216674805,0.3333333432674408
209,$ICPT: Intercept Pharma reports publication of positive results from Phase 3 REGENERATE https://t.co/Md0lhRJikS,2,positive,2,positive,positive,1,0,FinGPT-mt-Llama2-7B-LoRA,tfns,-10.667389869689941,0.3333333432674408,-10.667389869689941,0.3333333432674408,-10.667389869689941,0.3333333432674408
210,$IEA - Infrastructure and Energy Alternatives secures two wind construction project awards totaling $115M https://t.co/hHMY90wYaC,2,positive,2,positive,positive,1,0,FinGPT-mt-Llama2-7B-LoRA,tfns,-10.848302841186523,0.3333333432674408,-10.848302841186523,0.3333333432674408,-10.848302841186523,0.3333333432674408
211,$KTOS: Kratos Defense and Security awarded a $39 million sole-source contract for Geolocation Global Support Servic… https://t.co/uPPTCX837l,2,positive,2,positive,positive,1,0,FinGPT-mt-Llama2-7B-LoRA,tfns,-10.79675006866455,0.3333333432674408,-10.79675006866455,0.3333333432674408,-10.79675006866455,0.3333333432674408
212,$MGTA - Magenta up 15% on promising data on ADC conditioning agent https://t.co/pKMo1OORDm,2,positive,2,positive,positive,1,0,FinGPT-mt-Llama2-7B-LoRA,tfns,-10.661242485046387,0.3333333432674408,-10.661242485046387,0.3333333432674408,-10.661242485046387,0.3333333432674408
213,$RHHBY - Genentech nabs accelerated review status for risdiplam https://t.co/TlPBstlehr,2,positive,2,positive,positive,1,0,FinGPT-mt-Llama2-7B-LoRA,tfns,-10.786884307861328,0.3333333432674408,-10.786884307861328,0.3333333432674408,-10.786884307861328,0.3333333432674408
214,$SAGE - Sage Therapeutics to advance Huntington's candidate SAGE-718; shares up 2% https://t.co/Dhso6xIUJu,2,positive,2,positive,positive,1,0,FinGPT-mt-Llama2-7B-LoRA,tfns,-10.611852645874023,0.3333333432674408,-10.611852645874023,0.3333333432674408,-10.611852645874023,0.3333333432674408
215,$SRNE UPDATE 1-Sorrento Therapeutics rejects all-cash takeout proposal; shares jump https://t.co/rPHkDVbzui via @YahooFinance,2,positive,2,positive,positive,1,0,FinGPT-mt-Llama2-7B-LoRA,tfns,-10.372614860534668,0.3333333432674408,-10.372614860534668,0.3333333432674408,-10.372614860534668,0.3333333432674408
216,$ZGNX - FDA OKs Zogenix's Fintepla for Dravet syndrome https://t.co/vdfppIz1AN,2,positive,2,positive,positive,1,0,FinGPT-mt-Llama2-7B-LoRA,tfns,-10.78544807434082,0.3333333432674408,-10.78544807434082,0.3333333432674408,-10.78544807434082,0.3333333432674408
217,5 Reasons To Love Wendy's On Its 50th Birthday,2,positive,1,neutral,neutral,0,0,FinGPT-mt-Llama2-7B-LoRA,tfns,-9.876197814941406,0.3333333432674408,-9.876197814941406,0.3333333432674408,-9.876197814941406,0.3333333432674408
218,AT&T says it will continue investing in Mexico: Mexican president,2,positive,2,positive,positive,1,0,FinGPT-mt-Llama2-7B-LoRA,tfns,-10.194332122802734,0.3333333432674408,-10.194332122802734,0.3333333432674408,-10.194332122802734,0.3333333432674408
219,BancorpSouth Bank boosts share repurchase program,2,positive,2,positive,positive,1,0,FinGPT-mt-Llama2-7B-LoRA,tfns,-10.07989501953125,0.3333333432674408,-10.07989501953125,0.3333333432674408,-10.07989501953125,0.3333333432674408
220,Boeing : Deliveries 24 Jets in November #Boeing #Stock #MarketScreener https://t.co/jtBrv76jG6 https://t.co/s9q1BEhwcC,2,positive,2,positive,positive,1,0,FinGPT-mt-Llama2-7B-LoRA,tfns,-9.711915016174316,0.3333333432674408,-9.711915016174316,0.3333333432674408,-9.711915016174316,0.3333333432674408
221,"Boeing 737 Max Net Orders Rise to -73 YTD in Nov. From -93 Oct. Yes, negative",2,positive,2,positive,positive,1,0,FinGPT-mt-Llama2-7B-LoRA,tfns,-10.307311058044434,0.3333333432674408,-10.307311058044434,0.3333333432674408,-10.307311058044434,0.3333333432674408
222,Canada's TD Beats Its U.S. Banking Competitors on Their Own Turf,2,positive,2,positive,positive,1,0,FinGPT-mt-Llama2-7B-LoRA,tfns,-10.600393295288086,0.3333333432674408,-10.600393295288086,0.3333333432674408,-10.600393295288086,0.3333333432674408
223,"Congratulations to Phreesia (NYSE: $PHR) who was just named 2020 Best in KLAS for Patient Intake Management 

Read... https://t.co/lgQFrG7lOr",2,positive,2,positive,positive,1,0,FinGPT-mt-Llama2-7B-LoRA,tfns,-9.95130729675293,0.3333333432674408,-9.95130729675293,0.3333333432674408,-9.95130729675293,0.3333333432674408
224,FDA Approves First Drug for Peanut Allergy,2,positive,2,positive,positive,1,0,FinGPT-mt-Llama2-7B-LoRA,tfns,-10.604512214660645,0.3333333432674408,-10.604512214660645,0.3333333432674408,-10.604512214660645,0.3333333432674408
225,Fortune Brands Home & Security (NYSE:FBHS) Shareholders Booked A 47% Gain In The Last Year,2,positive,2,positive,positive,1,0,FinGPT-mt-Llama2-7B-LoRA,tfns,-10.720992088317871,0.3333333432674408,-10.720992088317871,0.3333333432674408,-10.720992088317871,0.3333333432674408
226,Hastings Technology Metals : Bulk Ore Sorting Trial Shows Outstanding Results #HastingsTechnologyMetals #Stock… https://t.co/jH9XEyDAxJ,2,positive,2,positive,positive,1,0,FinGPT-mt-Llama2-7B-LoRA,tfns,-10.444510459899902,0.3333333432674408,-10.444510459899902,0.3333333432674408,-10.444510459899902,0.3333333432674408
227,J.P. Morgan: Bausch to better weather the market than other specialty drugmakers,2,positive,2,positive,positive,1,0,FinGPT-mt-Llama2-7B-LoRA,tfns,-10.258222579956055,0.3333333432674408,-10.258222579956055,0.3333333432674408,-10.258222579956055,0.3333333432674408
228,Mediaset CEO upbeat on reaching accord with Vivendi,2,positive,2,positive,positive,1,0,FinGPT-mt-Llama2-7B-LoRA,tfns,-10.602301597595215,0.3333333432674408,-10.602301597595215,0.3333333432674408,-10.602301597595215,0.3333333432674408
229,Microfinance Loan Portfolio Jumps 48% In September Quarter,2,positive,2,positive,positive,1,0,FinGPT-mt-Llama2-7B-LoRA,tfns,-10.476628303527832,0.3333333432674408,-10.476628303527832,0.3333333432674408,-10.476628303527832,0.3333333432674408
230,"Microsoft Could Win Next Phase Of Cloud Battle, Wedbush Says",2,positive,2,positive,positive,1,0,FinGPT-mt-Llama2-7B-LoRA,tfns,-10.905251502990723,0.3333333432674408,-10.905251502990723,0.3333333432674408,-10.905251502990723,0.3333333432674408
231,NVIDIA : GPU-Powered Semi Simulation Snags Coveted Research Award #NVIDIA #Stock #MarketScreener… https://t.co/03LwvaKx5q,2,positive,2,positive,positive,1,0,FinGPT-mt-Llama2-7B-LoRA,tfns,-10.499114990234375,0.3333333432674408,-10.499114990234375,0.3333333432674408,-10.499114990234375,0.3333333432674408
232,Pershing Square Holdings announces new $100M share buyback program,2,positive,1,neutral,neutral,0,0,FinGPT-mt-Llama2-7B-LoRA,tfns,-9.917999267578125,0.3333333432674408,-9.917999267578125,0.3333333432674408,-9.917999267578125,0.3333333432674408
233,Publicis Signals Worst May Be Over for Struggling Ad Group,2,positive,2,positive,positive,1,0,FinGPT-mt-Llama2-7B-LoRA,tfns,-10.162235260009766,0.3333333432674408,-10.162235260009766,0.3333333432674408,-10.162235260009766,0.3333333432674408
234,Sales of grounded Boeing 737 MAX gather pace at Dubai Airshow,2,positive,2,positive,positive,1,0,FinGPT-mt-Llama2-7B-LoRA,tfns,-10.658339500427246,0.3333333432674408,-10.658339500427246,0.3333333432674408,-10.658339500427246,0.3333333432674408
235,Sales of grounded Boeing 737 MAX pick up steam at Dubai Airshow,2,positive,2,positive,positive,1,0,FinGPT-mt-Llama2-7B-LoRA,tfns,-10.720669746398926,0.3333333432674408,-10.720669746398926,0.3333333432674408,-10.720669746398926,0.3333333432674408
236,SourceDay Announces Record Growth as One of Austin’s Fastest-Growing Companies,2,positive,2,positive,positive,1,0,FinGPT-mt-Llama2-7B-LoRA,tfns,-10.659919738769531,0.3333333432674408,-10.659919738769531,0.3333333432674408,-10.659919738769531,0.3333333432674408
237,"Tezos rallies into the top ten cryptocurrencies, ousting Stellar",2,positive,2,positive,positive,1,0,FinGPT-mt-Llama2-7B-LoRA,tfns,-10.659915924072266,0.3333333432674408,-10.659915924072266,0.3333333432674408,-10.659915924072266,0.3333333432674408
238,This chart shows how Vanguard’s explosive growth has ‘taken on a life of its own’: https://t.co/8IOnrejNLy,2,positive,2,positive,positive,1,0,FinGPT-mt-Llama2-7B-LoRA,tfns,-10.197417259216309,0.3333333432674408,-10.197417259216309,0.3333333432674408,-10.197417259216309,0.3333333432674408
239,UPDATE 1-Keystone operator TC Energy sees EBITDA exceeding C$10 bln in 2022,2,positive,2,positive,positive,1,0,FinGPT-mt-Llama2-7B-LoRA,tfns,-10.540075302124023,0.3333333432674408,-10.540075302124023,0.3333333432674408,-10.540075302124023,0.3333333432674408
240,UPDATE 1-Qualcomm expects 5G phone sales to double in 2021,2,positive,2,positive,positive,1,0,FinGPT-mt-Llama2-7B-LoRA,tfns,-10.840420722961426,0.3333333432674408,-10.840420722961426,0.3333333432674408,-10.840420722961426,0.3333333432674408
241,Why Walmart and Target are still winning with consumers https://t.co/TvPW2GzpQ6 by @DegrootMckenzie https://t.co/MHBf51cVBC,2,positive,2,positive,positive,1,0,FinGPT-mt-Llama2-7B-LoRA,tfns,-10.136617660522461,0.3333333432674408,-10.136617660522461,0.3333333432674408,-10.136617660522461,0.3333333432674408
242,$CVX - Chevron ramps output at key Venezuela oil project as U.S. weighs sanctions https://t.co/o4g9WuvJfo,2,positive,2,positive,positive,1,0,FinGPT-mt-Llama2-7B-LoRA,tfns,-10.427629470825195,0.3333333432674408,-10.427629470825195,0.3333333432674408,-10.427629470825195,0.3333333432674408
243,BP expects to keep Azeri ACG oil output stable as Shah Deniz gas powers ahead https://t.co/dcNqW5BxVN https://t.co/a0y3sr6K0u,2,positive,1,neutral,neutral,0,0,FinGPT-mt-Llama2-7B-LoRA,tfns,-9.524406433105469,0.3333333432674408,-9.524406433105469,0.3333333432674408,-9.524406433105469,0.3333333432674408
244,$AAPL - Apple delays theatrical debut of 'The Banker' https://t.co/vAHWmIoXp8,1,neutral,0,negative,negative,0,0,FinGPT-mt-Llama2-7B-LoRA,tfns,-9.81644344329834,0.3333333432674408,-9.81644344329834,0.3333333432674408,-9.81644344329834,0.3333333432674408
245,"$AAPL - Max out Apple's Mac Pro for $52,599 https://t.co/HIRuhy8Pqd",1,neutral,1,neutral,neutral,1,0,FinGPT-mt-Llama2-7B-LoRA,tfns,-10.195660591125488,0.3333333432674408,-10.195660591125488,0.3333333432674408,-10.195660591125488,0.3333333432674408
246,$ACER - Acer Therapeutics: Upcoming Catalysts. https://t.co/vseXJ9e1nH #business #investing #markets,1,neutral,2,positive,positive,0,0,FinGPT-mt-Llama2-7B-LoRA,tfns,-10.03573226928711,0.3333333432674408,-10.03573226928711,0.3333333432674408,-10.03573226928711,0.3333333432674408
247,$APLS - Apellis Pharmaceuticals (APLS) Investor Presentation - Slideshow. Read more and get updates on any stock!… https://t.co/wJLXS3OeNb,1,neutral,1,neutral,neutral,1,0,FinGPT-mt-Llama2-7B-LoRA,tfns,-10.827165603637695,0.3333333432674408,-10.827165603637695,0.3333333432674408,-10.827165603637695,0.3333333432674408
248,$ATRO - Astronics unveils universal radio field test solution https://t.co/diC9vddtwB,1,neutral,1,neutral,neutral,1,0,FinGPT-mt-Llama2-7B-LoRA,tfns,-10.183114051818848,0.3333333432674408,-10.183114051818848,0.3333333432674408,-10.183114051818848,0.3333333432674408
249,$AUDC: AudioCodes enters into royalty buyout agreement with the Israel National Authority for Technology and... https://t.co/YVzJTV68bn,1,neutral,2,positive,positive,0,0,FinGPT-mt-Llama2-7B-LoRA,tfns,-10.270840644836426,0.3333333432674408,-10.270840644836426,0.3333333432674408,-10.270840644836426,0.3333333432674408
250,"$BA 737 MAX makes debut at Renton, Washington Factory - Bloomberg",1,neutral,2,positive,positive,0,0,FinGPT-mt-Llama2-7B-LoRA,tfns,-9.767948150634766,0.3333333432674408,-9.767948150634766,0.3333333432674408,-9.767948150634766,0.3333333432674408
251,$BGNE: BeiGene reports clinical data on Tislelizumab https://t.co/f1bfcfhxoh,1,neutral,1,neutral,neutral,1,0,FinGPT-mt-Llama2-7B-LoRA,tfns,-10.009915351867676,0.3333333432674408,-10.009915351867676,0.3333333432674408,-10.009915351867676,0.3333333432674408
252,$CMI - Cummins (CMI) Investor Presentation - Slideshow. Continue reading: https://t.co/4ropk5quxp #investing #stocks #business,1,neutral,1,neutral,neutral,1,0,FinGPT-mt-Llama2-7B-LoRA,tfns,-10.891191482543945,0.3333333432674408,-10.891191482543945,0.3333333432674408,-10.891191482543945,0.3333333432674408
253,$DAN - Dana (DAN) Presents At 7th Annual Industrials Conference - Slideshow. Get more updates here:… https://t.co/34xt9wQ6lG,1,neutral,1,neutral,neutral,1,0,FinGPT-mt-Llama2-7B-LoRA,tfns,-10.703207015991211,0.3333333432674408,-10.703207015991211,0.3333333432674408,-10.703207015991211,0.3333333432674408
254,$ENLC - EnLink Midstream (ENLC) Presents At RBC Capital Markets Midstream Conference - Slideshow. Continue reading:… https://t.co/2mbkE6IWgW,1,neutral,1,neutral,neutral,1,0,FinGPT-mt-Llama2-7B-LoRA,tfns,-10.706254959106445,0.3333333432674408,-10.706254959106445,0.3333333432674408,-10.706254959106445,0.3333333432674408
255,$EPR: EPR Properties announces sale of charter school portfolio for approximately $454 mln; lowers FY19 FFO guidance https://t.co/i4GZ0uGlgp,1,neutral,0,negative,negative,0,0,FinGPT-mt-Llama2-7B-LoRA,tfns,-9.670185089111328,0.3333333432674408,-9.670185089111328,0.3333333432674408,-9.670185089111328,0.3333333432674408
256,$EQNR $SU - Siccar Point attracts bids as high as nearly $2B - Reuters https://t.co/CMSO3XjoN1,1,neutral,2,positive,positive,0,0,FinGPT-mt-Llama2-7B-LoRA,tfns,-10.203069686889648,0.3333333432674408,-10.203069686889648,0.3333333432674408,-10.203069686889648,0.3333333432674408
257,$INTI - Inhibitor Therapeutics to start prostate cancer treatment trial https://t.co/hKmHpHCXGJ,1,neutral,2,positive,positive,0,0,FinGPT-mt-Llama2-7B-LoRA,tfns,-10.27168083190918,0.3333333432674408,-10.27168083190918,0.3333333432674408,-10.27168083190918,0.3333333432674408
258,$ITRN - Margins suffer at Ituran Location in Q3 https://t.co/cCI94Csl3s,1,neutral,0,negative,negative,0,0,FinGPT-mt-Llama2-7B-LoRA,tfns,-9.96357536315918,0.3333333432674408,-9.96357536315918,0.3333333432674408,-9.96357536315918,0.3333333432674408
259,$KSU - Kansas City Southern (KSU) Presents At 7th Annual Industrials Conference - Slideshow. Keep reading:… https://t.co/GndL4OFGVw,1,neutral,1,neutral,neutral,1,0,FinGPT-mt-Llama2-7B-LoRA,tfns,-10.581050872802734,0.3333333432674408,-10.581050872802734,0.3333333432674408,-10.581050872802734,0.3333333432674408
260,$LJPC (halted pre) La Jolla Pharmaceutical (LJPC) to Reassess Continued Development of LJPC-401 Based on Recent Mix… https://t.co/8wDkULKz7f,1,neutral,0,negative,negative,0,0,FinGPT-mt-Llama2-7B-LoRA,tfns,-9.43838882446289,0.3333333432674408,-9.43838882446289,0.3333333432674408,-9.43838882446289,0.3333333432674408
261,$MDGL - Madrigal launches 1.2M-share stock offering by current investor https://t.co/V3c2xhnDBB,1,neutral,1,neutral,neutral,1,0,FinGPT-mt-Llama2-7B-LoRA,tfns,-10.449790954589844,0.3333333432674408,-10.449790954589844,0.3333333432674408,-10.449790954589844,0.3333333432674408
262,$MIST - Milestone Pharmaceuticals (MIST) Investor Presentation - Slideshow. Read more and get updates on any stock!… https://t.co/JDkL37unei,1,neutral,1,neutral,neutral,1,0,FinGPT-mt-Llama2-7B-LoRA,tfns,-10.579383850097656,0.3333333432674408,-10.579383850097656,0.3333333432674408,-10.579383850097656,0.3333333432674408
263,$NGL - NGL Energy Partners (NGL) Presents At RBC Capital Markets Midstream Conference - Slideshow. Keep reading:… https://t.co/KxjcrlAlcX,1,neutral,1,neutral,neutral,1,0,FinGPT-mt-Llama2-7B-LoRA,tfns,-10.703275680541992,0.3333333432674408,-10.703275680541992,0.3333333432674408,-10.703275680541992,0.3333333432674408
264,$NSC - Norfolk Southern (NSC) Presents At 7th Annual Industrials Conference - Slideshow. Follow this and any other… https://t.co/D8uQNEKjmz,1,neutral,1,neutral,neutral,1,0,FinGPT-mt-Llama2-7B-LoRA,tfns,-10.703584671020508,0.3333333432674408,-10.703584671020508,0.3333333432674408,-10.703584671020508,0.3333333432674408
265,"$PBR $BAK - Petrobras CEO wants fast sale of Braskem, improved Brazil auction process https://t.co/utBwKEfXai",1,neutral,2,positive,positive,0,0,FinGPT-mt-Llama2-7B-LoRA,tfns,-9.556903839111328,0.3333333432674408,-9.556903839111328,0.3333333432674408,-9.556903839111328,0.3333333432674408
266,$PFBOF - Bumbershoot Holdings - 2019 Investor Letter. https://t.co/VSz41aei6i #finance #markets #stockmarket,1,neutral,1,neutral,neutral,1,0,FinGPT-mt-Llama2-7B-LoRA,tfns,-10.895465850830078,0.3333333432674408,-10.895465850830078,0.3333333432674408,-10.895465850830078,0.3333333432674408
267,$PI - Impinj plans $75M private offering https://t.co/TgxgZBHfqy,1,neutral,1,neutral,neutral,1,0,FinGPT-mt-Llama2-7B-LoRA,tfns,-10.608911514282227,0.3333333432674408,-10.608911514282227,0.3333333432674408,-10.608911514282227,0.3333333432674408
268,$PZZA - Papa John's International (PZZA) Investor Presentation - Slideshow. Read more and sign up for updates:… https://t.co/S2JCz391yG,1,neutral,1,neutral,neutral,1,0,FinGPT-mt-Llama2-7B-LoRA,tfns,-10.768998146057129,0.3333333432674408,-10.768998146057129,0.3333333432674408,-10.768998146057129,0.3333333432674408
269,$REGN: Regeneron Pharma and Sanofi (SNY) restructure Kevzara and Paluent agreement https://t.co/PH1vNcbN28,1,neutral,1,neutral,neutral,1,0,FinGPT-mt-Llama2-7B-LoRA,tfns,-9.660313606262207,0.3333333432674408,-9.660313606262207,0.3333333432674408,-9.660313606262207,0.3333333432674408
270,$RM - Regional Management (RM) Investor Presentation - Slideshow. Get more info on Seeking Alpha:… https://t.co/oTKMYsuWee,1,neutral,1,neutral,neutral,1,0,FinGPT-mt-Llama2-7B-LoRA,tfns,-10.764634132385254,0.3333333432674408,-10.764634132385254,0.3333333432674408,-10.764634132385254,0.3333333432674408
271,$SAVE - Spirit Airlines (SAVE) Investor Presentation - Slideshow. Subscribe to Seeking Alpha for more:… https://t.co/p8zUL1L274,1,neutral,1,neutral,neutral,1,0,FinGPT-mt-Llama2-7B-LoRA,tfns,-10.769963264465332,0.3333333432674408,-10.769963264465332,0.3333333432674408,-10.769963264465332,0.3333333432674408
272,$SO - Final containment ring placed for Georgia Power's Vogtle nuclear expansion https://t.co/gTNtdx755r,1,neutral,1,neutral,neutral,1,0,FinGPT-mt-Llama2-7B-LoRA,tfns,-10.350288391113281,0.3333333432674408,-10.350288391113281,0.3333333432674408,-10.350288391113281,0.3333333432674408
273,"$SRNE - Sorrento received, rejected unsolicited acquisition proposal https://t.co/jNJl3adLlp",1,neutral,0,negative,negative,0,0,FinGPT-mt-Llama2-7B-LoRA,tfns,-9.567750930786133,0.3333333432674408,-9.567750930786133,0.3333333432674408,-9.567750930786133,0.3333333432674408
274,$VRML - Vermillion (VRML) Investor Presentation - Slideshow. Keep reading: https://t.co/Ms2VW2VLX3 #finance #stocks #business,1,neutral,1,neutral,neutral,1,0,FinGPT-mt-Llama2-7B-LoRA,tfns,-10.58378791809082,0.3333333432674408,-10.58378791809082,0.3333333432674408,-10.58378791809082,0.3333333432674408
275,$XOM - Exxon to wrap up Beaumont hydrocracker restart next week - Reuters https://t.co/qF2gXFqc5r,1,neutral,2,positive,positive,0,0,FinGPT-mt-Llama2-7B-LoRA,tfns,-10.161299705505371,0.3333333432674408,-10.161299705505371,0.3333333432674408,-10.161299705505371,0.3333333432674408
276,$XON: Intrexon to achieve $175 mln cash goal; appoints Helen Sabzevari as New President and CEO; will change name t… https://t.co/1Yt9sU0plb,1,neutral,2,positive,positive,0,0,FinGPT-mt-Llama2-7B-LoRA,tfns,-10.005514144897461,0.3333333432674408,-10.005514144897461,0.3333333432674408,-10.005514144897461,0.3333333432674408
277,"3M is exploring a sale of its drug delivery systems unit, which could fetch about $1 billion https://t.co/ISlbwO3FCd",1,neutral,1,neutral,neutral,1,0,FinGPT-mt-Llama2-7B-LoRA,tfns,-9.547268867492676,0.3333333432674408,-9.547268867492676,0.3333333432674408,-9.547268867492676,0.3333333432674408
278,A meaty situation for Burger King,1,neutral,1,neutral,neutral,1,0,FinGPT-mt-Llama2-7B-LoRA,tfns,-10.200492858886719,0.3333333432674408,-10.200492858886719,0.3333333432674408,-10.200492858886719,0.3333333432674408
279,A New Look at Wendy's,1,neutral,1,neutral,neutral,1,0,FinGPT-mt-Llama2-7B-LoRA,tfns,-10.656291007995605,0.3333333432674408,-10.656291007995605,0.3333333432674408,-10.656291007995605,0.3333333432674408
280,accesso Technology : Form 8.3 - Accesso Technology Group PLC #accessoTechnology #Stock #MarketScreener… https://t.co/U7Ek9RNca7,1,neutral,1,neutral,neutral,1,0,FinGPT-mt-Llama2-7B-LoRA,tfns,-10.771044731140137,0.3333333432674408,-10.771044731140137,0.3333333432674408,-10.771044731140137,0.3333333432674408
281,ACI Worlwide to deliver Universal Payments tech via Azure,1,neutral,1,neutral,neutral,1,0,FinGPT-mt-Llama2-7B-LoRA,tfns,-10.463973045349121,0.3333333432674408,-10.463973045349121,0.3333333432674408,-10.463973045349121,0.3333333432674408
282,Activision Blizzard’s Revenue To See Double-Digit Decline In 2019?,1,neutral,0,negative,negative,0,0,FinGPT-mt-Llama2-7B-LoRA,tfns,-9.763520240783691,0.3333333432674408,-9.763520240783691,0.3333333432674408,-9.763520240783691,0.3333333432674408
283,Adocia annonce son calendrier financier pour l’année 2020,1,neutral,1,neutral,neutral,1,0,FinGPT-mt-Llama2-7B-LoRA,tfns,-10.711807250976562,0.3333333432674408,-10.711807250976562,0.3333333432674408,-10.711807250976562,0.3333333432674408
284,Advent to build up hair care brand following Olaplex buyout,1,neutral,2,positive,positive,0,0,FinGPT-mt-Llama2-7B-LoRA,tfns,-10.420842170715332,0.3333333432674408,-10.420842170715332,0.3333333432674408,-10.420842170715332,0.3333333432674408
285,AGF Announces Closure and Liquidation of AGFiQ U.S. Market Neutral Size Fund  https://t.co/lOOBLANzmz,1,neutral,1,neutral,neutral,1,0,FinGPT-mt-Llama2-7B-LoRA,tfns,-9.65217113494873,0.3333333432674408,-9.65217113494873,0.3333333432674408,-9.65217113494873,0.3333333432674408
286,Airbus dominates second day of Dubai show as Boeing wins MAX order,1,neutral,2,positive,positive,0,0,FinGPT-mt-Llama2-7B-LoRA,tfns,-10.363663673400879,0.3333333432674408,-10.363663673400879,0.3333333432674408,-10.363663673400879,0.3333333432674408
287,Aivo’s Conversational AI Bot Now Available on Genesys AppFoundry,1,neutral,1,neutral,neutral,1,0,FinGPT-mt-Llama2-7B-LoRA,tfns,-10.666560173034668,0.3333333432674408,-10.666560173034668,0.3333333432674408,-10.666560173034668,0.3333333432674408
288,Alibaba Guides Pricing on Hong Kong Listing Around HK$176,1,neutral,1,neutral,neutral,1,0,FinGPT-mt-Llama2-7B-LoRA,tfns,-10.614114761352539,0.3333333432674408,-10.614114761352539,0.3333333432674408,-10.614114761352539,0.3333333432674408
289,Alibaba on track to raise $12.9 billion in Hong Kong listing - CNN,1,neutral,2,positive,positive,0,0,FinGPT-mt-Llama2-7B-LoRA,tfns,-10.42656135559082,0.3333333432674408,-10.42656135559082,0.3333333432674408,-10.42656135559082,0.3333333432674408
290,Alibaba share sale for $13.B Hong Kong listing oversubscribed,1,neutral,2,positive,positive,0,0,FinGPT-mt-Llama2-7B-LoRA,tfns,-10.476981163024902,0.3333333432674408,-10.476981163024902,0.3333333432674408,-10.476981163024902,0.3333333432674408
291,Alibaba to pioneer paperless listing in break with Hong Kong norm - Reuters UK,1,neutral,2,positive,positive,0,0,FinGPT-mt-Llama2-7B-LoRA,tfns,-10.372652053833008,0.3333333432674408,-10.372652053833008,0.3333333432674408,-10.372652053833008,0.3333333432674408
292,"Aline Sara, CEO of @NaTakallam is the latest to take our 30 second challenge. The big question: how can the private… https://t.co/otUh5GYZpI",1,neutral,1,neutral,neutral,1,0,FinGPT-mt-Llama2-7B-LoRA,tfns,-10.641473770141602,0.3333333432674408,-10.641473770141602,0.3333333432674408,-10.641473770141602,0.3333333432674408
293,Allergan : Form 8.3 -  #Allergan #Stock #MarketScreener https://t.co/Fc6eMgvCAQ https://t.co/4vPUhxFD8E,1,neutral,1,neutral,neutral,1,0,FinGPT-mt-Llama2-7B-LoRA,tfns,-10.900397300720215,0.3333333432674408,-10.900397300720215,0.3333333432674408,-10.900397300720215,0.3333333432674408
294,Allergan : Form 8.3 - -2- #Allergan #Stock #MarketScreener https://t.co/auV1AwcmcT https://t.co/HRDqybz3f8,1,neutral,1,neutral,neutral,1,0,FinGPT-mt-Llama2-7B-LoRA,tfns,-10.058385848999023,0.3333333432674408,-10.058385848999023,0.3333333432674408,-10.058385848999023,0.3333333432674408
295,Amazon blocks third-party sellers from using FedEx shipping,1,neutral,2,positive,positive,0,0,FinGPT-mt-Llama2-7B-LoRA,tfns,-9.603191375732422,0.3333333432674408,-9.603191375732422,0.3333333432674408,-9.603191375732422,0.3333333432674408
296,Amazon tunes to new cloud wavelength https://t.co/ximH0zukU9,1,neutral,1,neutral,neutral,1,0,FinGPT-mt-Llama2-7B-LoRA,tfns,-9.863408088684082,0.3333333432674408,-9.863408088684082,0.3333333432674408,-9.863408088684082,0.3333333432674408
297,"Amazon will spend more than $35 billion on shipping costs this year, more than twice what it spent two years ago. T… https://t.co/7eBU5nTpEF",1,neutral,1,neutral,neutral,1,0,FinGPT-mt-Llama2-7B-LoRA,tfns,-9.780719757080078,0.3333333432674408,-9.780719757080078,0.3333333432674408,-9.780719757080078,0.3333333432674408
298,Angkor Reports Results From Banlung Drill Program  https://t.co/QWxX3i7DCR,1,neutral,1,neutral,neutral,1,0,FinGPT-mt-Llama2-7B-LoRA,tfns,-10.675655364990234,0.3333333432674408,-10.675655364990234,0.3333333432674408,-10.675655364990234,0.3333333432674408
299,Ant Financial Considers Applying for Virtual Banking License in Singapore,1,neutral,2,positive,positive,0,0,FinGPT-mt-Llama2-7B-LoRA,tfns,-10.263017654418945,0.3333333432674408,-10.263017654418945,0.3333333432674408,-10.263017654418945,0.3333333432674408
300,Apple starts construction of new campus in Texas,1,neutral,2,positive,positive,0,0,FinGPT-mt-Llama2-7B-LoRA,tfns,-10.299854278564453,0.3333333432674408,-10.299854278564453,0.3333333432674408,-10.299854278564453,0.3333333432674408
301,"Apple's redesigned maps service has rolled out across the United States, giving users more accurate navigation and... https://t.co/RxC4CXqb71",1,neutral,2,positive,positive,0,0,FinGPT-mt-Llama2-7B-LoRA,tfns,-10.206273078918457,0.3333333432674408,-10.206273078918457,0.3333333432674408,-10.206273078918457,0.3333333432674408
302,ArcelorMittal willing to re-commit to Ilva steel plant on three conditions - paper,1,neutral,2,positive,positive,0,0,FinGPT-mt-Llama2-7B-LoRA,tfns,-10.42678451538086,0.3333333432674408,-10.42678451538086,0.3333333432674408,-10.42678451538086,0.3333333432674408
303,"ArcelorMittal, commissioners extend talks on Ilva plant - Reuters",1,neutral,2,positive,positive,0,0,FinGPT-mt-Llama2-7B-LoRA,tfns,-9.83397388458252,0.3333333432674408,-9.83397388458252,0.3333333432674408,-9.83397388458252,0.3333333432674408
304,"ArcelorMittal, commissioners extend talks on Italy's Ilva plant: lawyer",1,neutral,1,neutral,neutral,1,0,FinGPT-mt-Llama2-7B-LoRA,tfns,-10.049064636230469,0.3333333432674408,-10.049064636230469,0.3333333432674408,-10.049064636230469,0.3333333432674408
305,Arrow Electronics Forges New Global IoT Solutions Collaboration with Microshare Inc.,1,neutral,2,positive,positive,0,0,FinGPT-mt-Llama2-7B-LoRA,tfns,-10.485876083374023,0.3333333432674408,-10.485876083374023,0.3333333432674408,-10.485876083374023,0.3333333432674408
306,"As department stories struggle, Nordstrom makes a play in New York City",1,neutral,1,neutral,neutral,1,0,FinGPT-mt-Llama2-7B-LoRA,tfns,-9.618420600891113,0.3333333432674408,-9.618420600891113,0.3333333432674408,-9.618420600891113,0.3333333432674408
307,"ASAE Technology Exploration Conference Delivered Thought-Leaders, Live Demos and Best in Class Learning for Associa… https://t.co/shsWIU84Xy",1,neutral,1,neutral,neutral,1,0,FinGPT-mt-Llama2-7B-LoRA,tfns,-10.409655570983887,0.3333333432674408,-10.409655570983887,0.3333333432674408,-10.409655570983887,0.3333333432674408
308,Ashley House : 10th December 2019 - Annual General Meeting and Trading Update #AshleyHouse #Stock #MarketScreener… https://t.co/MVwTUJjqON,1,neutral,1,neutral,neutral,1,0,FinGPT-mt-Llama2-7B-LoRA,tfns,-10.826719284057617,0.3333333432674408,-10.826719284057617,0.3333333432674408,-10.826719284057617,0.3333333432674408
309,Auto Expo 2020: JBM To Invest Rs 500 Crore In Electric Bus Business,1,neutral,2,positive,positive,0,0,FinGPT-mt-Llama2-7B-LoRA,tfns,-9.908026695251465,0.3333333432674408,-9.908026695251465,0.3333333432674408,-9.908026695251465,0.3333333432674408
310,AVJennings : AVJ Progressing with 3500 Lot Project in SEQ Growth Corridor #AVJennings #Stock #MarketScreener… https://t.co/wEuepnKClY,1,neutral,1,neutral,neutral,1,0,FinGPT-mt-Llama2-7B-LoRA,tfns,-9.698627471923828,0.3333333432674408,-9.698627471923828,0.3333333432674408,-9.698627471923828,0.3333333432674408
311,Azure Healthcare : Rights Issue Offer Document Lodgement and Cleansing Notice #AzureHealthcare #Stock… https://t.co/ewCxUbTQM6,1,neutral,1,neutral,neutral,1,0,FinGPT-mt-Llama2-7B-LoRA,tfns,-10.585522651672363,0.3333333432674408,-10.585522651672363,0.3333333432674408,-10.585522651672363,0.3333333432674408
312,"Balance Point already near goal for new fundraise, just a year after $380m Fund III close",1,neutral,2,positive,positive,0,0,FinGPT-mt-Llama2-7B-LoRA,tfns,-10.376493453979492,0.3333333432674408,-10.376493453979492,0.3333333432674408,-10.376493453979492,0.3333333432674408
313,Barrick to sell Super Pit mine share for $750M,1,neutral,2,positive,positive,0,0,FinGPT-mt-Llama2-7B-LoRA,tfns,-10.038141250610352,0.3333333432674408,-10.038141250610352,0.3333333432674408,-10.038141250610352,0.3333333432674408
314,Bass Oil : Bunian-5 Testing Complete - Now Set to Commence Production #BassOil #Stock #MarketScreener… https://t.co/DmbhYHiI9T,1,neutral,1,neutral,neutral,1,0,FinGPT-mt-Llama2-7B-LoRA,tfns,-10.198709487915039,0.3333333432674408,-10.198709487915039,0.3333333432674408,-10.198709487915039,0.3333333432674408
315,Berenberg expects higher offer for LogMeIn,1,neutral,2,positive,positive,0,0,FinGPT-mt-Llama2-7B-LoRA,tfns,-10.358566284179688,0.3333333432674408,-10.358566284179688,0.3333333432674408,-10.358566284179688,0.3333333432674408
316,"BHP, Woodside agree on tolling price for Scarborough gas",1,neutral,2,positive,positive,0,0,FinGPT-mt-Llama2-7B-LoRA,tfns,-10.605387687683105,0.3333333432674408,-10.605387687683105,0.3333333432674408,-10.605387687683105,0.3333333432674408
317,Bobit Business Media’s Chris Brown Wins Eddie Award For Business Fleet Article  https://t.co/m1YoKG5j2w,1,neutral,2,positive,positive,0,0,FinGPT-mt-Llama2-7B-LoRA,tfns,-9.965795516967773,0.3333333432674408,-9.965795516967773,0.3333333432674408,-9.965795516967773,0.3333333432674408
318,Boeing announces additional order for 737 MAX planes,1,neutral,2,positive,positive,0,0,FinGPT-mt-Llama2-7B-LoRA,tfns,-10.597420692443848,0.3333333432674408,-10.597420692443848,0.3333333432674408,-10.597420692443848,0.3333333432674408
319,Boeing gets 10 additional orders for 737 MAX 8 planes valued at $1.2 billion from SunExpress,1,neutral,2,positive,positive,0,0,FinGPT-mt-Llama2-7B-LoRA,tfns,-10.722413063049316,0.3333333432674408,-10.722413063049316,0.3333333432674408,-10.722413063049316,0.3333333432674408
320,Boeing Maintains Supremacy Over Airbus at United Airlines Despite A321XLR Order,1,neutral,2,positive,positive,0,0,FinGPT-mt-Llama2-7B-LoRA,tfns,-10.599312782287598,0.3333333432674408,-10.599312782287598,0.3333333432674408,-10.599312782287598,0.3333333432674408
321,Brookfield Asset Management closes $20B infrastructure fund,1,neutral,1,neutral,neutral,1,0,FinGPT-mt-Llama2-7B-LoRA,tfns,-10.904864311218262,0.3333333432674408,-10.904864311218262,0.3333333432674408,-10.904864311218262,0.3333333432674408
322,Cadbury Chocolate Maker Sees ‘No Stopping of Growth’ in Demand,1,neutral,2,positive,positive,0,0,FinGPT-mt-Llama2-7B-LoRA,tfns,-10.659351348876953,0.3333333432674408,-10.659351348876953,0.3333333432674408,-10.659351348876953,0.3333333432674408
323,CAE : completes upgrades of CT-156 and CT-155 FTDs for NFTC program at 15 Wing Moose Jaw #CAE #Stock… https://t.co/QtvyZaPnzE,1,neutral,1,neutral,neutral,1,0,FinGPT-mt-Llama2-7B-LoRA,tfns,-9.571569442749023,0.3333333432674408,-9.571569442749023,0.3333333432674408,-9.571569442749023,0.3333333432674408
324,Cambridge Cognition : expands eCOA offering and wins contract with top 10 pharmaceutical c... #CambridgeCognition… https://t.co/KG7utY8LZm,1,neutral,2,positive,positive,0,0,FinGPT-mt-Llama2-7B-LoRA,tfns,-10.103821754455566,0.3333333432674408,-10.103821754455566,0.3333333432674408,-10.103821754455566,0.3333333432674408
325,Canadian Milk Giant Saputo Homes in on Dairy-Free Deal This Year,1,neutral,2,positive,positive,0,0,FinGPT-mt-Llama2-7B-LoRA,tfns,-10.047837257385254,0.3333333432674408,-10.047837257385254,0.3333333432674408,-10.047837257385254,0.3333333432674408
326,Canadian regulator dismisses Catalyst request for cease trade order on Hudson's take private deal,1,neutral,2,positive,positive,0,0,FinGPT-mt-Llama2-7B-LoRA,tfns,-10.052164077758789,0.3333333432674408,-10.052164077758789,0.3333333432674408,-10.052164077758789,0.3333333432674408
327,"CG Power Gets Shareholders Nod To Raise Rs 5,000 Crore",1,neutral,2,positive,positive,0,0,FinGPT-mt-Llama2-7B-LoRA,tfns,-10.478005409240723,0.3333333432674408,-10.478005409240723,0.3333333432674408,-10.478005409240723,0.3333333432674408
328,Chipotle highlights fast drive-thru lanes,1,neutral,1,neutral,neutral,1,0,FinGPT-mt-Llama2-7B-LoRA,tfns,-10.90767765045166,0.3333333432674408,-10.90767765045166,0.3333333432674408,-10.90767765045166,0.3333333432674408
329,"Comstock Mining Provides Strategic Overview and Updates; Value Proposition, Strategic Initiatives and Reverse Stock… https://t.co/Yozj1lH9TS",1,neutral,1,neutral,neutral,1,0,FinGPT-mt-Llama2-7B-LoRA,tfns,-10.64445972442627,0.3333333432674408,-10.64445972442627,0.3333333432674408,-10.64445972442627,0.3333333432674408
330,"Cree, STM double silicon carbide wafer agreement",1,neutral,2,positive,positive,0,0,FinGPT-mt-Llama2-7B-LoRA,tfns,-10.54331111907959,0.3333333432674408,-10.54331111907959,0.3333333432674408,-10.54331111907959,0.3333333432674408
331,Crunch talks lead to Emirates order for 30 Boeing Dreamliners,1,neutral,2,positive,positive,0,0,FinGPT-mt-Llama2-7B-LoRA,tfns,-10.538093566894531,0.3333333432674408,-10.538093566894531,0.3333333432674408,-10.538093566894531,0.3333333432674408
332,"David Marcus heads the Facebook subsidiary Calibra, which is creating the digital wallet that lets you store and se… https://t.co/EBRdFFrkwo",1,neutral,1,neutral,neutral,1,0,FinGPT-mt-Llama2-7B-LoRA,tfns,-10.892705917358398,0.3333333432674408,-10.892705917358398,0.3333333432674408,-10.892705917358398,0.3333333432674408
333,Delta's CEO explains why Wifi isn't better on airplanes https://t.co/7HKHdNyP4Z https://t.co/fF7fvnSUlc,1,neutral,1,neutral,neutral,1,0,FinGPT-mt-Llama2-7B-LoRA,tfns,-10.647342681884766,0.3333333432674408,-10.647342681884766,0.3333333432674408,-10.647342681884766,0.3333333432674408
334,Disney is allowed to build nuclear power plants thanks to a 1967 law. But the park is turning to solar power with… https://t.co/BzRI5tlce3,1,neutral,2,positive,positive,0,0,FinGPT-mt-Llama2-7B-LoRA,tfns,-9.69189453125,0.3333333432674408,-9.69189453125,0.3333333432674408,-9.69189453125,0.3333333432674408
335,Dyadic International : Announces Achieving Human Like Glycan Structures From Its Engineere... #DyadicInternational… https://t.co/eVfCZjC60j,1,neutral,2,positive,positive,0,0,FinGPT-mt-Llama2-7B-LoRA,tfns,-9.641989707946777,0.3333333432674408,-9.641989707946777,0.3333333432674408,-9.641989707946777,0.3333333432674408
336,Ecolab Launches Innovative Eco-Flex™ Non-Iodine Teat Dip,1,neutral,2,positive,positive,0,0,FinGPT-mt-Llama2-7B-LoRA,tfns,-9.670267105102539,0.3333333432674408,-9.670267105102539,0.3333333432674408,-9.670267105102539,0.3333333432674408
337,"Elections boost YouGov's profile, but the company makes most of its money tracking brands and market trends https://t.co/8fp3XHBmHG",1,neutral,2,positive,positive,0,0,FinGPT-mt-Llama2-7B-LoRA,tfns,-9.875531196594238,0.3333333432674408,-9.875531196594238,0.3333333432674408,-9.875531196594238,0.3333333432674408
338,Elon Musk probably wasn’t expecting this… Watch what happened when Tesla unveiled its “bulletproof” Cybertruck:… https://t.co/WlDIOM3seK,1,neutral,1,neutral,neutral,1,0,FinGPT-mt-Llama2-7B-LoRA,tfns,-10.723440170288086,0.3333333432674408,-10.723440170288086,0.3333333432674408,-10.723440170288086,0.3333333432674408
339,Emerald Resources NL : Voluntary Suspension #EmeraldResourcesNL #Stock #MarketScreener https://t.co/zefjhT7YbV https://t.co/0f5IRUY68q,1,neutral,1,neutral,neutral,1,0,FinGPT-mt-Llama2-7B-LoRA,tfns,-10.193411827087402,0.3333333432674408,-10.193411827087402,0.3333333432674408,-10.193411827087402,0.3333333432674408
340,Emirates orders 30 Boeing 787 Dreamliners,1,neutral,2,positive,positive,0,0,FinGPT-mt-Llama2-7B-LoRA,tfns,-10.476330757141113,0.3333333432674408,-10.476330757141113,0.3333333432674408,-10.476330757141113,0.3333333432674408
341,Encana files paperwork for move to U.S. from Canada,1,neutral,2,positive,positive,0,0,FinGPT-mt-Llama2-7B-LoRA,tfns,-10.041653633117676,0.3333333432674408,-10.041653633117676,0.3333333432674408,-10.041653633117676,0.3333333432674408
342,Encantos Partners With Award-Winning Chef Aliya LeeKong to Develop New Food-Inspired Preschool Brand ISSA’S EDIBLE ADVENTURES™,1,neutral,1,neutral,neutral,1,0,FinGPT-mt-Llama2-7B-LoRA,tfns,-10.134798049926758,0.3333333432674408,-10.134798049926758,0.3333333432674408,-10.134798049926758,0.3333333432674408
343,Exclusive: Russia's VTB plans to expand grain business and then exit - CEO,1,neutral,1,neutral,neutral,1,0,FinGPT-mt-Llama2-7B-LoRA,tfns,-10.19948959350586,0.3333333432674408,-10.19948959350586,0.3333333432674408,-10.19948959350586,0.3333333432674408
344,FedEx discontinues pension for new hires,1,neutral,0,negative,negative,0,0,FinGPT-mt-Llama2-7B-LoRA,tfns,-9.53060245513916,0.3333333432674408,-9.53060245513916,0.3333333432674408,-9.53060245513916,0.3333333432674408
345,Fidelity granted charter for virtual currency platform from New York state,1,neutral,2,positive,positive,0,0,FinGPT-mt-Llama2-7B-LoRA,tfns,-10.545380592346191,0.3333333432674408,-10.545380592346191,0.3333333432674408,-10.545380592346191,0.3333333432674408
346,Flynas exercises options for A321XLR jets,1,neutral,1,neutral,neutral,1,0,FinGPT-mt-Llama2-7B-LoRA,tfns,-10.260809898376465,0.3333333432674408,-10.260809898376465,0.3333333432674408,-10.260809898376465,0.3333333432674408
347,Ford and McDonalds are teaming up to create car parts out of coffee beans https://t.co/HZOpOUPKJh,1,neutral,2,positive,positive,0,0,FinGPT-mt-Llama2-7B-LoRA,tfns,-9.884584426879883,0.3333333432674408,-9.884584426879883,0.3333333432674408,-9.884584426879883,0.3333333432674408
348,Foxconn Interconnect Technology : Renewal of Continuing Connected Transactions - New Conti...… https://t.co/ni0Mg3aCxf,1,neutral,1,neutral,neutral,1,0,FinGPT-mt-Llama2-7B-LoRA,tfns,-10.773508071899414,0.3333333432674408,-10.773508071899414,0.3333333432674408,-10.773508071899414,0.3333333432674408
349,Foxconn won't amend Wisconsin contract - The Verge,1,neutral,1,neutral,neutral,1,0,FinGPT-mt-Llama2-7B-LoRA,tfns,-9.914173126220703,0.3333333432674408,-9.914173126220703,0.3333333432674408,-9.914173126220703,0.3333333432674408
350,"Franklin Berger Is The Independent Director of Kezar Life Sciences, Inc. (NASDAQ:KZR) And They Just Spent US$314k On Shares",1,neutral,1,neutral,neutral,1,0,FinGPT-mt-Llama2-7B-LoRA,tfns,-10.64707088470459,0.3333333432674408,-10.64707088470459,0.3333333432674408,-10.64707088470459,0.3333333432674408
351,Free Shipping Is the Key to Amazon's Success,1,neutral,1,neutral,neutral,1,0,FinGPT-mt-Llama2-7B-LoRA,tfns,-10.028903007507324,0.3333333432674408,-10.028903007507324,0.3333333432674408,-10.028903007507324,0.3333333432674408
352,Future Land Development : Speech on financial education #FutureLandDevelopment #Stock #MarketScreener… https://t.co/t5Y2rr9cBR,1,neutral,1,neutral,neutral,1,0,FinGPT-mt-Llama2-7B-LoRA,tfns,-10.828620910644531,0.3333333432674408,-10.828620910644531,0.3333333432674408,-10.828620910644531,0.3333333432674408
353,Galp Energia : secures new renewable power purchase agreement in Spain #GalpEnergia #Stock #MarketScreener… https://t.co/3b9FxGED3y,1,neutral,2,positive,positive,0,0,FinGPT-mt-Llama2-7B-LoRA,tfns,-10.391356468200684,0.3333333432674408,-10.391356468200684,0.3333333432674408,-10.391356468200684,0.3333333432674408
354,GCEL’s Digital Economy Platform To Assist Realization of Malaysia’s Shared Prosperity Vision 2030 Objectives,1,neutral,1,neutral,neutral,1,0,FinGPT-mt-Llama2-7B-LoRA,tfns,-10.53423023223877,0.3333333432674408,-10.53423023223877,0.3333333432674408,-10.53423023223877,0.3333333432674408
355,Genetic Signatures : Appendix 3B - Share Issue SPP #GeneticSignatures #Stock #MarketScreener https://t.co/082ZoLFZDn https://t.co/ZdNx7jp4uW,1,neutral,1,neutral,neutral,1,0,FinGPT-mt-Llama2-7B-LoRA,tfns,-10.45516300201416,0.3333333432674408,-10.45516300201416,0.3333333432674408,-10.45516300201416,0.3333333432674408
356,Germany's Condor sets ambitious margin target to court buyers https://t.co/COG93noQDO https://t.co/uTis2d6Fix,1,neutral,1,neutral,neutral,1,0,FinGPT-mt-Llama2-7B-LoRA,tfns,-9.95426082611084,0.3333333432674408,-9.95426082611084,0.3333333432674408,-9.95426082611084,0.3333333432674408
357,GM and South Korea’s LG Chem set $2.3 billion electric-vehicle-battery venture in Ohio. The joint venture is expect… https://t.co/px1loY3FYe,1,neutral,2,positive,positive,0,0,FinGPT-mt-Llama2-7B-LoRA,tfns,-9.50595474243164,0.3333333432674408,-9.50595474243164,0.3333333432674408,-9.50595474243164,0.3333333432674408
358,Goldman Sachs is planning on giving some of its most valuable software to Wall Street for free. https://t.co/dn4iEluF1j,1,neutral,1,neutral,neutral,1,0,FinGPT-mt-Llama2-7B-LoRA,tfns,-10.124063491821289,0.3333333432674408,-10.124063491821289,0.3333333432674408,-10.124063491821289,0.3333333432674408
359,"Goldman's Marcus aims to lure home buyers, sellers to its personal loan platform",1,neutral,1,neutral,neutral,1,0,FinGPT-mt-Llama2-7B-LoRA,tfns,-10.301103591918945,0.3333333432674408,-10.301103591918945,0.3333333432674408,-10.301103591918945,0.3333333432674408
360,Google Stadia review: The game streaming service works — but it’s missing key features,1,neutral,1,neutral,neutral,1,0,FinGPT-mt-Llama2-7B-LoRA,tfns,-9.709362030029297,0.3333333432674408,-9.709362030029297,0.3333333432674408,-9.709362030029297,0.3333333432674408
361,Grazitti Interactive Expands Its Presence in North America,1,neutral,2,positive,positive,0,0,FinGPT-mt-Llama2-7B-LoRA,tfns,-9.986710548400879,0.3333333432674408,-9.986710548400879,0.3333333432674408,-9.986710548400879,0.3333333432674408
362,GreenPrint Launches IMPACT COLLECTIVE Sustainability Initiative,1,neutral,1,neutral,neutral,1,0,FinGPT-mt-Llama2-7B-LoRA,tfns,-10.031665802001953,0.3333333432674408,-10.031665802001953,0.3333333432674408,-10.031665802001953,0.3333333432674408
363,Heard on the Street: Dubai shows up Boeing’s wide-body woes https://t.co/Jla8Ap1CJm,1,neutral,0,negative,negative,0,0,FinGPT-mt-Llama2-7B-LoRA,tfns,-10.00186538696289,0.3333333432674408,-10.00186538696289,0.3333333432674408,-10.00186538696289,0.3333333432674408
364,Hedge fund Two Sigma builds private equity power with $1.2bn debut Sightway Capital fund close,1,neutral,2,positive,positive,0,0,FinGPT-mt-Llama2-7B-LoRA,tfns,-10.663823127746582,0.3333333432674408,-10.663823127746582,0.3333333432674408,-10.663823127746582,0.3333333432674408
365,Here's the Most Detailed Breakdown of Netflix's Subscriber Base Ever,1,neutral,1,neutral,neutral,1,0,FinGPT-mt-Llama2-7B-LoRA,tfns,-10.652502059936523,0.3333333432674408,-10.652502059936523,0.3333333432674408,-10.652502059936523,0.3333333432674408
366,HKScan Oyj:OMIEN OSAKKEIDEN HANKINTA 25.11.2019 #Stock #MarketScreener https://t.co/pJy7Wb5xzZ https://t.co/iZcxHLUncR,1,neutral,1,neutral,neutral,1,0,FinGPT-mt-Llama2-7B-LoRA,tfns,-10.457769393920898,0.3333333432674408,-10.457769393920898,0.3333333432674408,-10.457769393920898,0.3333333432674408
367,Honda pushes back Wuhan restart timeline,1,neutral,2,positive,positive,0,0,FinGPT-mt-Llama2-7B-LoRA,tfns,-9.701652526855469,0.3333333432674408,-9.701652526855469,0.3333333432674408,-9.701652526855469,0.3333333432674408
368,Horizon Gold : Management Agreement Extended #HorizonGold #Stock #MarketScreener https://t.co/hJVXxzyv43 https://t.co/fkLqS0DRZp,1,neutral,2,positive,positive,0,0,FinGPT-mt-Llama2-7B-LoRA,tfns,-9.892657279968262,0.3333333432674408,-9.892657279968262,0.3333333432674408,-9.892657279968262,0.3333333432674408
369,HSBC : Terms of Reference of Nomination & Corporate Governance Committee #HSBC #Stock #MarketScreener… https://t.co/ZAdqozoyZG,1,neutral,1,neutral,neutral,1,0,FinGPT-mt-Llama2-7B-LoRA,tfns,-10.644829750061035,0.3333333432674408,-10.644829750061035,0.3333333432674408,-10.644829750061035,0.3333333432674408
370,Icade : Investor Presentation - November 2019 #Icade #Stock #MarketScreener https://t.co/9OI0H5lNAj https://t.co/vVW9zc9YrM,1,neutral,1,neutral,neutral,1,0,FinGPT-mt-Llama2-7B-LoRA,tfns,-10.459770202636719,0.3333333432674408,-10.459770202636719,0.3333333432674408,-10.459770202636719,0.3333333432674408
371,intelliHR : Initial Director's Interest Notice #intelliHR #Stock #MarketScreener https://t.co/3SWLeBWsRy https://t.co/YoKYR1jZ9G,1,neutral,1,neutral,neutral,1,0,FinGPT-mt-Llama2-7B-LoRA,tfns,-10.893610000610352,0.3333333432674408,-10.893610000610352,0.3333333432674408,-10.893610000610352,0.3333333432674408
372,iPhone maker Foxconn to make surgical face masks alongside Apple products in Shenzhen,1,neutral,1,neutral,neutral,1,0,FinGPT-mt-Llama2-7B-LoRA,tfns,-9.784017562866211,0.3333333432674408,-9.784017562866211,0.3333333432674408,-9.784017562866211,0.3333333432674408
373,iStar : An amendment to a SC 13D filing #iStar #Stock #MarketScreener https://t.co/bxeJCoYpzv https://t.co/PLNQ0BchJR,1,neutral,1,neutral,neutral,1,0,FinGPT-mt-Llama2-7B-LoRA,tfns,-10.71857738494873,0.3333333432674408,-10.71857738494873,0.3333333432674408,-10.71857738494873,0.3333333432674408
374,"John Hussman Buys Amazon, Facebook",1,neutral,2,positive,positive,0,0,FinGPT-mt-Llama2-7B-LoRA,tfns,-10.418403625488281,0.3333333432674408,-10.418403625488281,0.3333333432674408,-10.418403625488281,0.3333333432674408
375,JPMorgan expands private credit group,1,neutral,2,positive,positive,0,0,FinGPT-mt-Llama2-7B-LoRA,tfns,-10.008432388305664,0.3333333432674408,-10.008432388305664,0.3333333432674408,-10.008432388305664,0.3333333432674408
376,JUST & Sodexo Partner on a Breakfast Solution for a Better Tomorrow,1,neutral,1,neutral,neutral,1,0,FinGPT-mt-Llama2-7B-LoRA,tfns,-9.809965133666992,0.3333333432674408,-9.809965133666992,0.3333333432674408,-9.809965133666992,0.3333333432674408
377,Kabbage Drums Up Gig Economy Business (Podcast),1,neutral,2,positive,positive,0,0,FinGPT-mt-Llama2-7B-LoRA,tfns,-10.420799255371094,0.3333333432674408,-10.420799255371094,0.3333333432674408,-10.420799255371094,0.3333333432674408
378,Karrie International : UNAUDITED INTERIM RESULTS FOR THE SIX MONTHS ENDED 30 SEPTEMBER 201... #KarrieInternational… https://t.co/KMY8o7CH7h,1,neutral,1,neutral,neutral,1,0,FinGPT-mt-Llama2-7B-LoRA,tfns,-10.51646614074707,0.3333333432674408,-10.51646614074707,0.3333333432674408,-10.51646614074707,0.3333333432674408
379,Kathie Lee's move can be a life-changer -- if it's done right. https://t.co/fRGHT9YUs9,1,neutral,1,neutral,neutral,1,0,FinGPT-mt-Llama2-7B-LoRA,tfns,-10.716500282287598,0.3333333432674408,-10.716500282287598,0.3333333432674408,-10.716500282287598,0.3333333432674408
380,Kelley Blue Book publisher on Tesla CyberTruck: 'People are going to think about this truck' https://t.co/m1VhRuLX5R https://t.co/cTHboEEJBp,1,neutral,1,neutral,neutral,1,0,FinGPT-mt-Llama2-7B-LoRA,tfns,-10.717105865478516,0.3333333432674408,-10.717105865478516,0.3333333432674408,-10.717105865478516,0.3333333432674408
381,Kroton Educacional S A : Material Fact - Migration Debentures #CognaEducação #Stock #MarketScreener… https://t.co/kBiatBgRJB,1,neutral,1,neutral,neutral,1,0,FinGPT-mt-Llama2-7B-LoRA,tfns,-10.827482223510742,0.3333333432674408,-10.827482223510742,0.3333333432674408,-10.827482223510742,0.3333333432674408
382,Lithium : Sampling Results Belmont Tailings #Lithium #Stock #MarketScreener https://t.co/9gwU3f3JMu https://t.co/E4ngjYhr73,1,neutral,1,neutral,neutral,1,0,FinGPT-mt-Llama2-7B-LoRA,tfns,-10.903362274169922,0.3333333432674408,-10.903362274169922,0.3333333432674408,-10.903362274169922,0.3333333432674408
383,L'Oreal CEO Speaks About Coronavirus Impact and Earnings,1,neutral,1,neutral,neutral,1,0,FinGPT-mt-Llama2-7B-LoRA,tfns,-10.829521179199219,0.3333333432674408,-10.829521179199219,0.3333333432674408,-10.829521179199219,0.3333333432674408
384,Mallinckrodt loses bid to overturn adverse INOmax patent ruling,1,neutral,0,negative,negative,0,0,FinGPT-mt-Llama2-7B-LoRA,tfns,-9.999951362609863,0.3333333432674408,-9.999951362609863,0.3333333432674408,-9.999951362609863,0.3333333432674408
385,Marubeni : 10 Year Extension of Production Sharing Contract for Ravva Oil and Gas Field in... #Marubeni #Stock… https://t.co/4lYEQ2SMIF,1,neutral,2,positive,positive,0,0,FinGPT-mt-Llama2-7B-LoRA,tfns,-10.499446868896484,0.3333333432674408,-10.499446868896484,0.3333333432674408,-10.499446868896484,0.3333333432674408
386,Maruti Suzuki Says India Not Ready For EVs As Peers Take The Plunge,1,neutral,0,negative,negative,0,0,FinGPT-mt-Llama2-7B-LoRA,tfns,-10.001696586608887,0.3333333432674408,-10.001696586608887,0.3333333432674408,-10.001696586608887,0.3333333432674408
387,"Mastercard Cash Pick-Up lets anyone with a cell phone, even those without a bank account, withdraw cash from a near... https://t.co/MmVDwyWUy0",1,neutral,1,neutral,neutral,1,0,FinGPT-mt-Llama2-7B-LoRA,tfns,-10.491652488708496,0.3333333432674408,-10.491652488708496,0.3333333432674408,-10.491652488708496,0.3333333432674408
388,Maurice Lévy says his starting point at WeWork is to stem 'the flow of bad news' and refocus efforts on the core bu… https://t.co/YppGAFypPH,1,neutral,2,positive,positive,0,0,FinGPT-mt-Llama2-7B-LoRA,tfns,-9.742473602294922,0.3333333432674408,-9.742473602294922,0.3333333432674408,-9.742473602294922,0.3333333432674408
389,Merkel says financial transaction tax is right for equities - sources #economy #MarketScreener… https://t.co/LhK8h9DCXC,1,neutral,1,neutral,neutral,1,0,FinGPT-mt-Llama2-7B-LoRA,tfns,-9.79549503326416,0.3333333432674408,-9.79549503326416,0.3333333432674408,-9.79549503326416,0.3333333432674408
390,"MJardin Receives Cultivation, Processing License For Warman Facility",1,neutral,2,positive,positive,0,0,FinGPT-mt-Llama2-7B-LoRA,tfns,-10.541966438293457,0.3333333432674408,-10.541966438293457,0.3333333432674408,-10.541966438293457,0.3333333432674408
391,"MMTC To Import 6,090 Tonne Onion To Boost Supply, Cut Prices",1,neutral,2,positive,positive,0,0,FinGPT-mt-Llama2-7B-LoRA,tfns,-10.427038192749023,0.3333333432674408,-10.427038192749023,0.3333333432674408,-10.427038192749023,0.3333333432674408
392,"Moncler, the Italian maker of luxury puffy ski jackets, is holding a board meeting to discuss the company’s strateg… https://t.co/6MZQW1iMLl",1,neutral,1,neutral,neutral,1,0,FinGPT-mt-Llama2-7B-LoRA,tfns,-10.830820083618164,0.3333333432674408,-10.830820083618164,0.3333333432674408,-10.830820083618164,0.3333333432674408
393,Morgan Stanley pushes advisers to boost revenue in 2020 pay plan -sources,1,neutral,1,neutral,neutral,1,0,FinGPT-mt-Llama2-7B-LoRA,tfns,-9.929057121276855,0.3333333432674408,-9.929057121276855,0.3333333432674408,-9.929057121276855,0.3333333432674408
394,MTU Aero Engines : Maintenance signs exclusive CFM56-7B contract with Malaysia Airlines Berhad #MTU #Stock… https://t.co/38qwmBg0CB,1,neutral,2,positive,positive,0,0,FinGPT-mt-Llama2-7B-LoRA,tfns,-10.38119888305664,0.3333333432674408,-10.38119888305664,0.3333333432674408,-10.38119888305664,0.3333333432674408
395,Myovant conference call tomorrow on late-stage study of relugolix in prostate cancer,1,neutral,1,neutral,neutral,1,0,FinGPT-mt-Llama2-7B-LoRA,tfns,-9.863757133483887,0.3333333432674408,-9.863757133483887,0.3333333432674408,-9.863757133483887,0.3333333432674408
396,Naspers : Statement regarding Just Eat PLC circular #Naspers #Stock #MarketScreener https://t.co/1fevTx1FVf https://t.co/EfITyuOucV,1,neutral,1,neutral,neutral,1,0,FinGPT-mt-Llama2-7B-LoRA,tfns,-10.835794448852539,0.3333333432674408,-10.835794448852539,0.3333333432674408,-10.835794448852539,0.3333333432674408
397,Naspers : Statistical Yearbook of the Czech Republic 2019 Released #Naspers #Stock #MarketScreener… https://t.co/Veh3TNMnb4,1,neutral,1,neutral,neutral,1,0,FinGPT-mt-Llama2-7B-LoRA,tfns,-10.467806816101074,0.3333333432674408,-10.467806816101074,0.3333333432674408,-10.467806816101074,0.3333333432674408
398,Netflix : Says 26.4 Million Users Watched 'The Irishman' in First Week #Netflix #Stock #MarketScreener… https://t.co/sSRSMs74uw,1,neutral,2,positive,positive,0,0,FinGPT-mt-Llama2-7B-LoRA,tfns,-9.686781883239746,0.3333333432674408,-9.686781883239746,0.3333333432674408,-9.686781883239746,0.3333333432674408
399,Neuronetics to Present at the 31st Annual Piper Jaffray Healthcare Conference  https://t.co/Xkt7qnHTs7,1,neutral,1,neutral,neutral,1,0,FinGPT-mt-Llama2-7B-LoRA,tfns,-10.532151222229004,0.3333333432674408,-10.532151222229004,0.3333333432674408,-10.532151222229004,0.3333333432674408
400,"New investment by Carlyle, others values American Express Global Business Travel at $5 billion--WSJ",1,neutral,2,positive,positive,0,0,FinGPT-mt-Llama2-7B-LoRA,tfns,-10.54128646850586,0.3333333432674408,-10.54128646850586,0.3333333432674408,-10.54128646850586,0.3333333432674408
401,New Media closes Gannett combination,1,neutral,1,neutral,neutral,1,0,FinGPT-mt-Llama2-7B-LoRA,tfns,-10.10504150390625,0.3333333432674408,-10.10504150390625,0.3333333432674408,-10.10504150390625,0.3333333432674408
402,"Next: Charles Amerischwab pays clients to trade on its platform, crushes E-Trade stock and then buys it 80% off.",1,neutral,2,positive,positive,0,0,FinGPT-mt-Llama2-7B-LoRA,tfns,-9.742289543151855,0.3333333432674408,-9.742289543151855,0.3333333432674408,-9.742289543151855,0.3333333432674408
403,Nieuwe vice president supply chain benoemd bij Viking Malt Group,1,neutral,1,neutral,neutral,1,0,FinGPT-mt-Llama2-7B-LoRA,tfns,-11.079524993896484,0.3333333432674408,-11.079524993896484,0.3333333432674408,-11.079524993896484,0.3333333432674408
404,Nike creates the gridiron of the future for Miami powerhouse schools https://t.co/bmeD4T5Has,1,neutral,1,neutral,neutral,1,0,FinGPT-mt-Llama2-7B-LoRA,tfns,-10.615013122558594,0.3333333432674408,-10.615013122558594,0.3333333432674408,-10.615013122558594,0.3333333432674408
405,Nike sets strategy in South America,1,neutral,1,neutral,neutral,1,0,FinGPT-mt-Llama2-7B-LoRA,tfns,-10.315763473510742,0.3333333432674408,-10.315763473510742,0.3333333432674408,-10.315763473510742,0.3333333432674408
406,Nike's Vaporfly running sneakers to be allowed in 2020 Olympics https://t.co/zokAlame0K,1,neutral,1,neutral,neutral,1,0,FinGPT-mt-Llama2-7B-LoRA,tfns,-9.74104118347168,0.3333333432674408,-9.74104118347168,0.3333333432674408,-9.74104118347168,0.3333333432674408
407,Nomura highlights casino sleeper amid coronavirus anxiety,1,neutral,1,neutral,neutral,1,0,FinGPT-mt-Llama2-7B-LoRA,tfns,-10.323492050170898,0.3333333432674408,-10.323492050170898,0.3333333432674408,-10.323492050170898,0.3333333432674408
408,"Notable Insider Buys Last Week: Anthem, Discover Financial",1,neutral,2,positive,positive,0,0,FinGPT-mt-Llama2-7B-LoRA,tfns,-10.547011375427246,0.3333333432674408,-10.547011375427246,0.3333333432674408,-10.547011375427246,0.3333333432674408
409,NYC pension leader targets three utilities over emissions plans,1,neutral,1,neutral,neutral,1,0,FinGPT-mt-Llama2-7B-LoRA,tfns,-10.043017387390137,0.3333333432674408,-10.043017387390137,0.3333333432674408,-10.043017387390137,0.3333333432674408
410,Oakdale Resources : Guangdong achieves sustained progress in utilization of FDI #OakdaleResources #Stock… https://t.co/Y1ktrolyvu,1,neutral,2,positive,positive,0,0,FinGPT-mt-Llama2-7B-LoRA,tfns,-9.988490104675293,0.3333333432674408,-9.988490104675293,0.3333333432674408,-9.988490104675293,0.3333333432674408
411,"Oaktree Specialty Lending NII in-line, misses on total investment income",1,neutral,1,neutral,neutral,1,0,FinGPT-mt-Llama2-7B-LoRA,tfns,-10.1463041305542,0.3333333432674408,-10.1463041305542,0.3333333432674408,-10.1463041305542,0.3333333432674408
412,Ontario and Quebec on board with Merck HIV meds,1,neutral,2,positive,positive,0,0,FinGPT-mt-Llama2-7B-LoRA,tfns,-9.820226669311523,0.3333333432674408,-9.820226669311523,0.3333333432674408,-9.820226669311523,0.3333333432674408
413,"Opal Energy : Versus Systems to Present at the LD Micro Main Event (XII) on Tuesday, Decem... #Versus #Stock… https://t.co/4VAFhHVN4S",1,neutral,1,neutral,neutral,1,0,FinGPT-mt-Llama2-7B-LoRA,tfns,-10.708806991577148,0.3333333432674408,-10.708806991577148,0.3333333432674408,-10.708806991577148,0.3333333432674408
414,"Osram Licht CFO on Coronavirus, Auto Market, 2020 Outlook",1,neutral,1,neutral,neutral,1,0,FinGPT-mt-Llama2-7B-LoRA,tfns,-10.779011726379395,0.3333333432674408,-10.779011726379395,0.3333333432674408,-10.779011726379395,0.3333333432674408
415,Otello : Commodity Classic Announces Main Stage Line-Up for 2020 #Otello #Stock #MarketScreener… https://t.co/kpMbYgOGOx,1,neutral,1,neutral,neutral,1,0,FinGPT-mt-Llama2-7B-LoRA,tfns,-10.527316093444824,0.3333333432674408,-10.527316093444824,0.3333333432674408,-10.527316093444824,0.3333333432674408
416,Pepkor Weathers Tough South African Market,1,neutral,1,neutral,neutral,1,0,FinGPT-mt-Llama2-7B-LoRA,tfns,-9.794487953186035,0.3333333432674408,-9.794487953186035,0.3333333432674408,-9.794487953186035,0.3333333432674408
417,"PG&E to cut power to 150,000 customer for fire risk",1,neutral,0,negative,negative,0,0,FinGPT-mt-Llama2-7B-LoRA,tfns,-10.025278091430664,0.3333333432674408,-10.025278091430664,0.3333333432674408,-10.025278091430664,0.3333333432674408
418,PG&E’s Bid to Save Bankruptcy Plan Can Skip State Approval,1,neutral,2,positive,positive,0,0,FinGPT-mt-Llama2-7B-LoRA,tfns,-10.089162826538086,0.3333333432674408,-10.089162826538086,0.3333333432674408,-10.089162826538086,0.3333333432674408
419,Piper Jaffray Announces Ticker Symbol Change to PIPR,1,neutral,1,neutral,neutral,1,0,FinGPT-mt-Llama2-7B-LoRA,tfns,-10.718798637390137,0.3333333432674408,-10.718798637390137,0.3333333432674408,-10.718798637390137,0.3333333432674408
420,"Porsche is going all in on electric vehicles, but the legendary 911 will be the last of the brand’s lineup to make… https://t.co/cenmzD3pmN",1,neutral,1,neutral,neutral,1,0,FinGPT-mt-Llama2-7B-LoRA,tfns,-10.016913414001465,0.3333333432674408,-10.016913414001465,0.3333333432674408,-10.016913414001465,0.3333333432674408
421,"Porsche is going all in on electric vehicles, but the legendary 911 will be the last of the brand’s lineup to make… https://t.co/yLO2JlqVp6",1,neutral,1,neutral,neutral,1,0,FinGPT-mt-Llama2-7B-LoRA,tfns,-9.854726791381836,0.3333333432674408,-9.854726791381836,0.3333333432674408,-9.854726791381836,0.3333333432674408
422,"ProAmpac Awarded ISO Certifications in Cincinnati and Suffolk, Va. Facilities",1,neutral,2,positive,positive,0,0,FinGPT-mt-Llama2-7B-LoRA,tfns,-10.598058700561523,0.3333333432674408,-10.598058700561523,0.3333333432674408,-10.598058700561523,0.3333333432674408
423,Procter & Gamble looks to get well in healthcare,1,neutral,2,positive,positive,0,0,FinGPT-mt-Llama2-7B-LoRA,tfns,-10.783056259155273,0.3333333432674408,-10.783056259155273,0.3333333432674408,-10.783056259155273,0.3333333432674408
424,Profiles in Quality: Beef Marketing Group #Wendys #Stock #MarketScreener https://t.co/t9sARAvDwC https://t.co/nQpHpouz8o,1,neutral,1,neutral,neutral,1,0,FinGPT-mt-Llama2-7B-LoRA,tfns,-10.956881523132324,0.3333333432674408,-10.956881523132324,0.3333333432674408,-10.956881523132324,0.3333333432674408
425,PSA trade unions give the nod to merger with Fiat,1,neutral,2,positive,positive,0,0,FinGPT-mt-Llama2-7B-LoRA,tfns,-10.66424560546875,0.3333333432674408,-10.66424560546875,0.3333333432674408,-10.66424560546875,0.3333333432674408
426,"Q&A: Geoff McHale, VP, Data Client Partnerships #QuotientTechnology #Stock #MarketScreener https://t.co/kdb8g3Ri6O https://t.co/Djio99jAe1",1,neutral,1,neutral,neutral,1,0,FinGPT-mt-Llama2-7B-LoRA,tfns,-10.643128395080566,0.3333333432674408,-10.643128395080566,0.3333333432674408,-10.643128395080566,0.3333333432674408
427,Qualcomm CEO Says 5G 'Is a Big Deal For Us',1,neutral,2,positive,positive,0,0,FinGPT-mt-Llama2-7B-LoRA,tfns,-9.858312606811523,0.3333333432674408,-9.858312606811523,0.3333333432674408,-9.858312606811523,0.3333333432674408
428,REGO Restaurant Group Inks 20-store Development Deal for Quiznos Expansion into Latin America,1,neutral,2,positive,positive,0,0,FinGPT-mt-Llama2-7B-LoRA,tfns,-10.782308578491211,0.3333333432674408,-10.782308578491211,0.3333333432674408,-10.782308578491211,0.3333333432674408
429,Renault : New Espace illustrated press kit #Renault #Stock #MarketScreener https://t.co/JCISUSGwbo https://t.co/M9sEsCHSvO,1,neutral,1,neutral,neutral,1,0,FinGPT-mt-Llama2-7B-LoRA,tfns,-10.64729118347168,0.3333333432674408,-10.64729118347168,0.3333333432674408,-10.64729118347168,0.3333333432674408
430,Respimat® re-usable inhaler wins 2020 Pharmapack Eco-Design Award,1,neutral,2,positive,positive,0,0,FinGPT-mt-Llama2-7B-LoRA,tfns,-10.54439640045166,0.3333333432674408,-10.54439640045166,0.3333333432674408,-10.54439640045166,0.3333333432674408
431,Riviera Resources Announces Cash Distribution of $4.25 Per Share; Closes the Sale of Remaining Hugoton Properties;… https://t.co/6JZLBg3EfZ,1,neutral,1,neutral,neutral,1,0,FinGPT-mt-Llama2-7B-LoRA,tfns,-10.59102725982666,0.3333333432674408,-10.59102725982666,0.3333333432674408,-10.59102725982666,0.3333333432674408
432,Rocket Lab passes key milestone in quest to recover and reuse rockets like SpaceX https://t.co/3lZ0V5SJjV,1,neutral,2,positive,positive,0,0,FinGPT-mt-Llama2-7B-LoRA,tfns,-10.312909126281738,0.3333333432674408,-10.312909126281738,0.3333333432674408,-10.312909126281738,0.3333333432674408
433,Rolls-Royce touts nuclear reactors as the most effective way of powering the production of carbon-neutral synthetic… https://t.co/dV4owYaY0v,1,neutral,1,neutral,neutral,1,0,FinGPT-mt-Llama2-7B-LoRA,tfns,-10.190399169921875,0.3333333432674408,-10.190399169921875,0.3333333432674408,-10.190399169921875,0.3333333432674408
434,Royal Caribbean said few potential cruisers are asking about the coronavirus https://t.co/5DBeyXErMX,1,neutral,1,neutral,neutral,1,0,FinGPT-mt-Llama2-7B-LoRA,tfns,-10.47943115234375,0.3333333432674408,-10.47943115234375,0.3333333432674408,-10.47943115234375,0.3333333432674408
435,Samenvatting: Daisy wint AI Company of the Year bij de Canadese FinTech & AI Awards,1,neutral,2,positive,positive,0,0,FinGPT-mt-Llama2-7B-LoRA,tfns,-9.722834587097168,0.3333333432674408,-9.722834587097168,0.3333333432674408,-9.722834587097168,0.3333333432674408
436,Schroders : Form 8.3 -  #Schroders #Stock #MarketScreener https://t.co/j8cE9ai6TU https://t.co/XOYpvouz9E,1,neutral,1,neutral,neutral,1,0,FinGPT-mt-Llama2-7B-LoRA,tfns,-10.836851119995117,0.3333333432674408,-10.836851119995117,0.3333333432674408,-10.836851119995117,0.3333333432674408
437,Season Pacific : ANNOUNCEMENT OF INTERIM RESULTS FOR THE SIX MONTHS ENDED 30 SEPTEMBER 2019 #SeasonPacific #Stock… https://t.co/c97pSCIfIB,1,neutral,1,neutral,neutral,1,0,FinGPT-mt-Llama2-7B-LoRA,tfns,-10.642098426818848,0.3333333432674408,-10.642098426818848,0.3333333432674408,-10.642098426818848,0.3333333432674408
438,Seazen : CONTINUING CONNECTED TRANSACTIONS 2020 SERVICES FRAMEWORK AGREEMENT #Seazen #Stock #MarketScreener… https://t.co/61yitLx18a,1,neutral,1,neutral,neutral,1,0,FinGPT-mt-Llama2-7B-LoRA,tfns,-10.185276985168457,0.3333333432674408,-10.185276985168457,0.3333333432674408,-10.185276985168457,0.3333333432674408
439,Semafo to restart mining at its Boungou in Q4; provides 2020 outlook,1,neutral,2,positive,positive,0,0,FinGPT-mt-Llama2-7B-LoRA,tfns,-10.602290153503418,0.3333333432674408,-10.602290153503418,0.3333333432674408,-10.602290153503418,0.3333333432674408
440,SHAREHOLDER UPDATE: Airtrona International Executes LOI With Canadian Based Medical Device Company.,1,neutral,2,positive,positive,0,0,FinGPT-mt-Llama2-7B-LoRA,tfns,-10.152390480041504,0.3333333432674408,-10.152390480041504,0.3333333432674408,-10.152390480041504,0.3333333432674408
441,Shutterstock launches unlimited Music plan,1,neutral,2,positive,positive,0,0,FinGPT-mt-Llama2-7B-LoRA,tfns,-9.725340843200684,0.3333333432674408,-9.725340843200684,0.3333333432674408,-9.725340843200684,0.3333333432674408
442,SIFCO Industries : 11-22-2019 SIFCO Orange Fire Update #SIFCOIndustries #Stock #MarketScreener… https://t.co/bUNAvojUs2,1,neutral,1,neutral,neutral,1,0,FinGPT-mt-Llama2-7B-LoRA,tfns,-10.710347175598145,0.3333333432674408,-10.710347175598145,0.3333333432674408,-10.710347175598145,0.3333333432674408
443,Simon Property Group Is Preparing Its Balance Sheet for Armageddon,1,neutral,1,neutral,neutral,1,0,FinGPT-mt-Llama2-7B-LoRA,tfns,-10.721165657043457,0.3333333432674408,-10.721165657043457,0.3333333432674408,-10.721165657043457,0.3333333432674408
444,SKYCITY Entertainment : NOTICE OF ON-MARKET SHARE BUY BACK #SKYCITY #Stock #MarketScreener https://t.co/PYHdNhcr3k https://t.co/5J1DH6NFBI,1,neutral,1,neutral,neutral,1,0,FinGPT-mt-Llama2-7B-LoRA,tfns,-10.145634651184082,0.3333333432674408,-10.145634651184082,0.3333333432674408,-10.145634651184082,0.3333333432674408
445,"So WeWork is hoping to transform into IWG which has double the revenue, 5x the members, 10x the city exposure, more… https://t.co/4Mkvur6vxJ",1,neutral,2,positive,positive,0,0,FinGPT-mt-Llama2-7B-LoRA,tfns,-9.948262214660645,0.3333333432674408,-9.948262214660645,0.3333333432674408,-9.948262214660645,0.3333333432674408
446,"Sorrento Therapeutics, Inc. Received and Rejected Unsolicited All Cash Acquisition Proposal  https://t.co/3qcx6CAeCD",1,neutral,1,neutral,neutral,1,0,FinGPT-mt-Llama2-7B-LoRA,tfns,-9.542134284973145,0.3333333432674408,-9.542134284973145,0.3333333432674408,-9.542134284973145,0.3333333432674408
447,Southwest Airlines Pushes Back Schedule For 737 MAX Until April,1,neutral,1,neutral,neutral,1,0,FinGPT-mt-Llama2-7B-LoRA,tfns,-9.888473510742188,0.3333333432674408,-9.888473510742188,0.3333333432674408,-9.888473510742188,0.3333333432674408
448,Sports Direct International : Notice of General Meeting #SportsDirectInternational #Stock #MarketScreener… https://t.co/3fhuqDnFQD,1,neutral,1,neutral,neutral,1,0,FinGPT-mt-Llama2-7B-LoRA,tfns,-10.771944999694824,0.3333333432674408,-10.771944999694824,0.3333333432674408,-10.771944999694824,0.3333333432674408
449,Standard Cognition Partners with Mars Wrigley to Help Retailers Optimize Impulse Item Sales in Autonomous Checkout… https://t.co/vWZz4yXeU3,1,neutral,2,positive,positive,0,0,FinGPT-mt-Llama2-7B-LoRA,tfns,-10.068046569824219,0.3333333432674408,-10.068046569824219,0.3333333432674408,-10.068046569824219,0.3333333432674408
450,Statement Regarding Agency Mortgage-Backed Securities Small Value Coupon Swap Exercise Results → https://t.co/pX7DhorLFL,1,neutral,1,neutral,neutral,1,0,FinGPT-mt-Llama2-7B-LoRA,tfns,-10.892325401306152,0.3333333432674408,-10.892325401306152,0.3333333432674408,-10.892325401306152,0.3333333432674408
451,Strike Resources : Pause in Trading #StrikeResources #Stock #MarketScreener https://t.co/YQIpscfvjm https://t.co/lw25uJ3hGn,1,neutral,1,neutral,neutral,1,0,FinGPT-mt-Llama2-7B-LoRA,tfns,-10.474014282226562,0.3333333432674408,-10.474014282226562,0.3333333432674408,-10.474014282226562,0.3333333432674408
452,"Struggling British luxury carmaker Aston Martin aims to rustle up a $650 million capital boost, led by Canadian bil... https://t.co/tpgeI6vmuo",1,neutral,1,neutral,neutral,1,0,FinGPT-mt-Llama2-7B-LoRA,tfns,-9.607916831970215,0.3333333432674408,-9.607916831970215,0.3333333432674408,-9.607916831970215,0.3333333432674408
453,"Sysco : Lends a Hand to the Houston Food Bank Through Financial Support, Product Donations... #Sysco #Stock… https://t.co/SMmj7Q7fUe",1,neutral,1,neutral,neutral,1,0,FinGPT-mt-Llama2-7B-LoRA,tfns,-9.943339347839355,0.3333333432674408,-9.943339347839355,0.3333333432674408,-9.943339347839355,0.3333333432674408
454,Tencent : ADOPTION OF RESTRICTED SHARE AWARD SCHEME #Tencent #Stock #MarketScreener https://t.co/W6zh5JYStc https://t.co/QuP4GAWkRu,1,neutral,1,neutral,neutral,1,0,FinGPT-mt-Llama2-7B-LoRA,tfns,-10.40408992767334,0.3333333432674408,-10.40408992767334,0.3333333432674408,-10.40408992767334,0.3333333432674408
455,Tesla fans in China can now take a test drive in a Model 3 made in Shanghai https://t.co/HJbMCXnViG,1,neutral,2,positive,positive,0,0,FinGPT-mt-Llama2-7B-LoRA,tfns,-9.616957664489746,0.3333333432674408,-9.616957664489746,0.3333333432674408,-9.616957664489746,0.3333333432674408
456,Tesla will top biggest battery record,1,neutral,2,positive,positive,0,0,FinGPT-mt-Llama2-7B-LoRA,tfns,-10.236196517944336,0.3333333432674408,-10.236196517944336,0.3333333432674408,-10.236196517944336,0.3333333432674408
457,"Tesla's truck, a Mustang SUV, a 304-mph Bugatti, and 11 other standouts from a wild week at the L.A. Auto Show https://t.co/EB1T7AOGMv",1,neutral,1,neutral,neutral,1,0,FinGPT-mt-Llama2-7B-LoRA,tfns,-10.412352561950684,0.3333333432674408,-10.412352561950684,0.3333333432674408,-10.412352561950684,0.3333333432674408
458,The Aliera Companies Holds Holiday Drive to Support Toys for Tots,1,neutral,1,neutral,neutral,1,0,FinGPT-mt-Llama2-7B-LoRA,tfns,-10.9580717086792,0.3333333432674408,-10.9580717086792,0.3333333432674408,-10.9580717086792,0.3333333432674408
459,The latest marker of Chinese interest in African fintech is a $120 million funding round for OPay,1,neutral,2,positive,positive,0,0,FinGPT-mt-Llama2-7B-LoRA,tfns,-10.539678573608398,0.3333333432674408,-10.539678573608398,0.3333333432674408,-10.539678573608398,0.3333333432674408
460,This sustainable fund already doesn't invest in fossil fuels. Now it wants all portfolio companies to align with th... https://t.co/vcxPmt4JUL,1,neutral,2,positive,positive,0,0,FinGPT-mt-Llama2-7B-LoRA,tfns,-9.750685691833496,0.3333333432674408,-9.750685691833496,0.3333333432674408,-9.750685691833496,0.3333333432674408
461,This Tiny Crypto Startup Has Lessons for Libra’s ‘Unbanked’ Dreams,1,neutral,1,neutral,neutral,1,0,FinGPT-mt-Llama2-7B-LoRA,tfns,-10.607924461364746,0.3333333432674408,-10.607924461364746,0.3333333432674408,-10.607924461364746,0.3333333432674408
462,TikTok exploring distancing itself from China roots - WSJ,1,neutral,1,neutral,neutral,1,0,FinGPT-mt-Llama2-7B-LoRA,tfns,-10.415631294250488,0.3333333432674408,-10.415631294250488,0.3333333432674408,-10.415631294250488,0.3333333432674408
463,TikTok takes on Facebook in US advertising push https://t.co/xvVfQHl8Uj,1,neutral,2,positive,positive,0,0,FinGPT-mt-Llama2-7B-LoRA,tfns,-9.689262390136719,0.3333333432674408,-9.689262390136719,0.3333333432674408,-9.689262390136719,0.3333333432674408
464,T-Mobile moves not enough to address concerns - New York AG,1,neutral,0,negative,negative,0,0,FinGPT-mt-Llama2-7B-LoRA,tfns,-9.968555450439453,0.3333333432674408,-9.968555450439453,0.3333333432674408,-9.968555450439453,0.3333333432674408
465,Total : Details Plans to Develop Waha Concessions in Libya #Total #Stock #MarketScreener https://t.co/tpVWTyuD5K https://t.co/wf7QAN9arD,1,neutral,1,neutral,neutral,1,0,FinGPT-mt-Llama2-7B-LoRA,tfns,-10.78426742553711,0.3333333432674408,-10.78426742553711,0.3333333432674408,-10.78426742553711,0.3333333432674408
466,Total Halts Production at Normandy Refinery After Fire,1,neutral,0,negative,negative,0,0,FinGPT-mt-Llama2-7B-LoRA,tfns,-9.784836769104004,0.3333333432674408,-9.784836769104004,0.3333333432674408,-9.784836769104004,0.3333333432674408
467,TriStar Gold : Working with GoldSpot Discoveries at CDS and Announces Brokered Private Pla... #TriStarGold #economy… https://t.co/SY3soXR2Qq,1,neutral,1,neutral,neutral,1,0,FinGPT-mt-Llama2-7B-LoRA,tfns,-10.5908784866333,0.3333333432674408,-10.5908784866333,0.3333333432674408,-10.5908784866333,0.3333333432674408
468,Troy Income & Growth Trust : Publication of Suppl.Prospcts  #Stock #MarketScreener https://t.co/6rYHq9nvYb https://t.co/0jjvKVppPI,1,neutral,1,neutral,neutral,1,0,FinGPT-mt-Llama2-7B-LoRA,tfns,-10.339134216308594,0.3333333432674408,-10.339134216308594,0.3333333432674408,-10.339134216308594,0.3333333432674408
469,Two of three SandRidge royalty trusts lose NYSE listing,1,neutral,0,negative,negative,0,0,FinGPT-mt-Llama2-7B-LoRA,tfns,-10.030463218688965,0.3333333432674408,-10.030463218688965,0.3333333432674408,-10.030463218688965,0.3333333432674408
470,"U.S. Congress seeks answers on patient privacy in Google, Ascension cloud deal",1,neutral,1,neutral,neutral,1,0,FinGPT-mt-Llama2-7B-LoRA,tfns,-10.299260139465332,0.3333333432674408,-10.299260139465332,0.3333333432674408,-10.299260139465332,0.3333333432674408
471,UAE says Emirates pilots did not monitor settings in 2016 crash,1,neutral,0,negative,negative,0,0,FinGPT-mt-Llama2-7B-LoRA,tfns,-9.974990844726562,0.3333333432674408,-9.974990844726562,0.3333333432674408,-9.974990844726562,0.3333333432674408
472,Uber Declares an End to Growth at All Costs,1,neutral,0,negative,negative,0,0,FinGPT-mt-Llama2-7B-LoRA,tfns,-9.7806396484375,0.3333333432674408,-9.7806396484375,0.3333333432674408,-9.7806396484375,0.3333333432674408
473,"Uber is adding video and audio recording for more trips to make the service safer, but the move has triggered priva… https://t.co/C9jUnjSvzE",1,neutral,2,positive,positive,0,0,FinGPT-mt-Llama2-7B-LoRA,tfns,-9.740638732910156,0.3333333432674408,-9.740638732910156,0.3333333432674408,-9.740638732910156,0.3333333432674408
474,Uber's arrival caused binge drinking to increase up to 21.8% and a possible decrease in drunk driving. Here's a lo… https://t.co/4h7tuhLp1B,1,neutral,1,neutral,neutral,1,0,FinGPT-mt-Llama2-7B-LoRA,tfns,-9.43982219696045,0.3333333432674408,-9.43982219696045,0.3333333432674408,-9.43982219696045,0.3333333432674408
475,United Airlines' next CEO a 'details guy' who will have labor contracts and the 737 Max on his plate https://t.co/FQ54xaqF6L,1,neutral,1,neutral,neutral,1,0,FinGPT-mt-Llama2-7B-LoRA,tfns,-10.702499389648438,0.3333333432674408,-10.702499389648438,0.3333333432674408,-10.702499389648438,0.3333333432674408
476,UPDATE 1-BT will maintain ties with skills group if it drops Prince Andrew as patron,1,neutral,2,positive,positive,0,0,FinGPT-mt-Llama2-7B-LoRA,tfns,-9.802618980407715,0.3333333432674408,-9.802618980407715,0.3333333432674408,-9.802618980407715,0.3333333432674408
477,UPDATE 1-Italian airline Alitalia's rescue in doubt as Atlantia backtracks,1,neutral,0,negative,negative,0,0,FinGPT-mt-Llama2-7B-LoRA,tfns,-9.975577354431152,0.3333333432674408,-9.975577354431152,0.3333333432674408,-9.975577354431152,0.3333333432674408
478,UPDATE 1-LivaNova to scrap mitral heart valve device as part of restructuring,1,neutral,1,neutral,neutral,1,0,FinGPT-mt-Llama2-7B-LoRA,tfns,-9.797200202941895,0.3333333432674408,-9.797200202941895,0.3333333432674408,-9.797200202941895,0.3333333432674408
479,UPDATE 2-Crunch talks lead to Emirates order for 30 Boeing Dreamliners,1,neutral,2,positive,positive,0,0,FinGPT-mt-Llama2-7B-LoRA,tfns,-10.721524238586426,0.3333333432674408,-10.721524238586426,0.3333333432674408,-10.721524238586426,0.3333333432674408
480,UPDATE 2-Thousands of CN Rail workers hold first strike in a decade,1,neutral,0,negative,negative,0,0,FinGPT-mt-Llama2-7B-LoRA,tfns,-10.132466316223145,0.3333333432674408,-10.132466316223145,0.3333333432674408,-10.132466316223145,0.3333333432674408
481,VGI Partners Global Investments : Change of Director's Interest Notice-Robert Luciano #VGI #Stock #MarketScreener… https://t.co/RdC3f43HPU,1,neutral,1,neutral,neutral,1,0,FinGPT-mt-Llama2-7B-LoRA,tfns,-10.231551170349121,0.3333333432674408,-10.231551170349121,0.3333333432674408,-10.231551170349121,0.3333333432674408
482,Volkswagen talks up next-gen EV wagon,1,neutral,2,positive,positive,0,0,FinGPT-mt-Llama2-7B-LoRA,tfns,-10.079927444458008,0.3333333432674408,-10.079927444458008,0.3333333432674408,-10.079927444458008,0.3333333432674408
483,"VTEX, an e-commerce platform used by Walmart, raises $140M led by SoftBank's LatAm fund https://t.co/UJ2s2wUYPD via… https://t.co/sATiJD3uQM",1,neutral,2,positive,positive,0,0,FinGPT-mt-Llama2-7B-LoRA,tfns,-9.625165939331055,0.3333333432674408,-9.625165939331055,0.3333333432674408,-9.625165939331055,0.3333333432674408
484,Wagners : Boral Cement Supply Agreement Update #Wagners #Stock #MarketScreener https://t.co/LFuHxWqfMI https://t.co/KjVa1a4bT7,1,neutral,1,neutral,neutral,1,0,FinGPT-mt-Llama2-7B-LoRA,tfns,-10.061690330505371,0.3333333432674408,-10.061690330505371,0.3333333432674408,-10.061690330505371,0.3333333432674408
485,Walgreens Boots Alliance and McKesson team up in Germany,1,neutral,2,positive,positive,0,0,FinGPT-mt-Llama2-7B-LoRA,tfns,-10.602775573730469,0.3333333432674408,-10.602775573730469,0.3333333432674408,-10.602775573730469,0.3333333432674408
486,Walmart looks to get past dog days of in-house grocery delivery,1,neutral,2,positive,positive,0,0,FinGPT-mt-Llama2-7B-LoRA,tfns,-9.780069351196289,0.3333333432674408,-9.780069351196289,0.3333333432674408,-9.780069351196289,0.3333333432674408
487,Warren Buffett's Berkshire bets on a heavily shorted stock https://t.co/KGSTAcOHTL,1,neutral,2,positive,positive,0,0,FinGPT-mt-Llama2-7B-LoRA,tfns,-10.045655250549316,0.3333333432674408,-10.045655250549316,0.3333333432674408,-10.045655250549316,0.3333333432674408
488,"WATCH: Unilever, Henkel and as well as some buyout funds could be in the market for some of Coty's brands in a deal… https://t.co/VZFaz5oTOn",1,neutral,1,neutral,neutral,1,0,FinGPT-mt-Llama2-7B-LoRA,tfns,-10.428176879882812,0.3333333432674408,-10.428176879882812,0.3333333432674408,-10.428176879882812,0.3333333432674408
489,"WATCH: Unilever, Henkel as well as buyout funds including Advent and Cinven are exploring bids for some of Coty’s t… https://t.co/wc4unz3izM",1,neutral,1,neutral,neutral,1,0,FinGPT-mt-Llama2-7B-LoRA,tfns,-9.797078132629395,0.3333333432674408,-9.797078132629395,0.3333333432674408,-9.797078132629395,0.3333333432674408
490,Wells Fargo offers real-time payments on RTP network,1,neutral,2,positive,positive,0,0,FinGPT-mt-Llama2-7B-LoRA,tfns,-9.681979179382324,0.3333333432674408,-9.681979179382324,0.3333333432674408,-9.681979179382324,0.3333333432674408
491,WeWork’s chairman outlined a 5-year turnaround plan at a meeting with employees Friday and introduced new additions… https://t.co/m0CqE1LsIx,1,neutral,2,positive,positive,0,0,FinGPT-mt-Llama2-7B-LoRA,tfns,-9.465193748474121,0.3333333432674408,-9.465193748474121,0.3333333432674408,-9.465193748474121,0.3333333432674408
492,What Top Shareholders Said in Run Up to Credit Suisse CEO Ouster,1,neutral,1,neutral,neutral,1,0,FinGPT-mt-Llama2-7B-LoRA,tfns,-10.173086166381836,0.3333333432674408,-10.173086166381836,0.3333333432674408,-10.173086166381836,0.3333333432674408
493,Will 2020 Finally Be the Year AR and VR Matter for Facebook?,1,neutral,1,neutral,neutral,1,0,FinGPT-mt-Llama2-7B-LoRA,tfns,-10.841888427734375,0.3333333432674408,-10.841888427734375,0.3333333432674408,-10.841888427734375,0.3333333432674408
494,Will Second-Hand Sales Add Value to Nordstrom?,1,neutral,2,positive,positive,0,0,FinGPT-mt-Llama2-7B-LoRA,tfns,-9.737457275390625,0.3333333432674408,-9.737457275390625,0.3333333432674408,-9.737457275390625,0.3333333432674408
495,WRAPUP-Airbus dominates second day of Dubai show as Boeing wins MAX order,1,neutral,2,positive,positive,0,0,FinGPT-mt-Llama2-7B-LoRA,tfns,-10.54163932800293,0.3333333432674408,-10.54163932800293,0.3333333432674408,-10.54163932800293,0.3333333432674408
496,WuXi AppTec : 1) ADJUSTMENTS TO THE NUMBER OF THE INCENTIVE PARTICIPANTS AND NUMBER OF RES... #Stock… https://t.co/piw3RrVBvr,1,neutral,1,neutral,neutral,1,0,FinGPT-mt-Llama2-7B-LoRA,tfns,-10.78160572052002,0.3333333432674408,-10.78160572052002,0.3333333432674408,-10.78160572052002,0.3333333432674408
497,Zijin Mining : Announcement in Relation to Listing of A Shares Issued under the Public Iss... #ZijinMining #Stock… https://t.co/GJHpHm4moY,1,neutral,1,neutral,neutral,1,0,FinGPT-mt-Llama2-7B-LoRA,tfns,-10.478058815002441,0.3333333432674408,-10.478058815002441,0.3333333432674408,-10.478058815002441,0.3333333432674408
498,Zoono : Response to ASX Price Query #Zoono #Stock #MarketScreener https://t.co/vGfeMDtA3E https://t.co/62mQHJC6x2,1,neutral,1,neutral,neutral,1,0,FinGPT-mt-Llama2-7B-LoRA,tfns,-10.772039413452148,0.3333333432674408,-10.772039413452148,0.3333333432674408,-10.772039413452148,0.3333333432674408
499,"A fire broke out overnight at Exxon's Baton Rouge oil refinery in Louisiana, halting production at the fifth-bigges… https://t.co/fo5UTOUNMB",1,neutral,0,negative,negative,0,0,FinGPT-mt-Llama2-7B-LoRA,tfns,-10.034110069274902,0.3333333432674408,-10.034110069274902,0.3333333432674408,-10.034110069274902,0.3333333432674408
500,Hackers Breach Ring Home Security Cameras,0,negative,0,negative,negative,1,0,FinGPT-mt-Llama2-7B-LoRA,tfns,-9.569426536560059,0.3333333432674408,-9.569426536560059,0.3333333432674408,-9.569426536560059,0.3333333432674408
501,"Press release: cyber attack - update January 31, 2020 #Picanol #Stock #MarketScreener https://t.co/AXwQmrRC3G https://t.co/e4KSKzdmA9",0,negative,0,negative,negative,1,0,FinGPT-mt-Llama2-7B-LoRA,tfns,-9.344344139099121,0.3333333432674408,-9.344344139099121,0.3333333432674408,-9.344344139099121,0.3333333432674408
502,T-Mobile said a hacker gained access to limited information contained in prepaid accounts https://t.co/Ui6KpaVAmj,0,negative,1,neutral,neutral,0,0,FinGPT-mt-Llama2-7B-LoRA,tfns,-9.78373908996582,0.3333333432674408,-9.78373908996582,0.3333333432674408,-9.78373908996582,0.3333333432674408
503,Did the Russians hack WIRP?,1,neutral,1,neutral,neutral,1,0,FinGPT-mt-Llama2-7B-LoRA,tfns,-9.352131843566895,0.3333333432674408,-9.352131843566895,0.3333333432674408,-9.352131843566895,0.3333333432674408
504,10Y Yield LOD 1.7620%,0,negative,1,neutral,neutral,0,0,FinGPT-mt-Llama2-7B-LoRA,tfns,-11.077629089355469,0.3333333432674408,-11.077629089355469,0.3333333432674408,-11.077629089355469,0.3333333432674408
505,30-year Treasury yield plumbs key 2% support level https://t.co/g1AUTKwOCb,0,negative,0,negative,negative,1,0,FinGPT-mt-Llama2-7B-LoRA,tfns,-9.74876880645752,0.3333333432674408,-9.74876880645752,0.3333333432674408,-9.74876880645752,0.3333333432674408
506,$BONDX: Overnight Treasury Market Summary https://t.co/5J3iMVcpJL,1,neutral,1,neutral,neutral,1,0,FinGPT-mt-Llama2-7B-LoRA,tfns,-10.824780464172363,0.3333333432674408,-10.824780464172363,0.3333333432674408,-10.824780464172363,0.3333333432674408
507,$COLL - Collegium launches convertible debt offering https://t.co/TlHbqpmywE,1,neutral,1,neutral,neutral,1,0,FinGPT-mt-Llama2-7B-LoRA,tfns,-10.50004768371582,0.3333333432674408,-10.50004768371582,0.3333333432674408,-10.50004768371582,0.3333333432674408
508,$ITHUF - iAnthus Defaults On Debt: What Comes Next?. https://t.co/3Tb0wenS3x #investing #economy #finance,1,neutral,0,negative,negative,0,0,FinGPT-mt-Llama2-7B-LoRA,tfns,-9.79127311706543,0.3333333432674408,-9.79127311706543,0.3333333432674408,-9.79127311706543,0.3333333432674408
509,$RILY - B. Riley offers $50M of senior notes https://t.co/p8Kqe6nSTR,1,neutral,1,neutral,neutral,1,0,FinGPT-mt-Llama2-7B-LoRA,tfns,-10.604263305664062,0.3333333432674408,-10.604263305664062,0.3333333432674408,-10.604263305664062,0.3333333432674408
510,$UNIT - Uniti closes $2.25B in refinancing https://t.co/NxKtfwbaZa,1,neutral,1,neutral,neutral,1,0,FinGPT-mt-Llama2-7B-LoRA,tfns,-10.3001070022583,0.3333333432674408,-10.3001070022583,0.3333333432674408,-10.3001070022583,0.3333333432674408
511,$WBA - Walgreens sets $500M revolving credit line https://t.co/jsiWkSKB7P,1,neutral,1,neutral,neutral,1,0,FinGPT-mt-Llama2-7B-LoRA,tfns,-10.4929780960083,0.3333333432674408,-10.4929780960083,0.3333333432674408,-10.4929780960083,0.3333333432674408
512,$WDAY - Workday enters new credit facility https://t.co/XBMCTYEJRi,1,neutral,1,neutral,neutral,1,0,FinGPT-mt-Llama2-7B-LoRA,tfns,-10.037681579589844,0.3333333432674408,-10.037681579589844,0.3333333432674408,-10.037681579589844,0.3333333432674408
513,10-year yield at 1.632%; 2-year yield at 1.450%; 30-year yield at 2.088%,1,neutral,1,neutral,neutral,1,0,FinGPT-mt-Llama2-7B-LoRA,tfns,-10.647512435913086,0.3333333432674408,-10.647512435913086,0.3333333432674408,-10.647512435913086,0.3333333432674408
514,8x8 -2.9% on $75M convertible note issue,1,neutral,0,negative,negative,0,0,FinGPT-mt-Llama2-7B-LoRA,tfns,-9.56500244140625,0.3333333432674408,-9.56500244140625,0.3333333432674408,-9.56500244140625,0.3333333432674408
515,"A group of investors agreed to a tentative plan to reduce Puerto Rico's debt by about 40%, a key hurdle in its reco… https://t.co/KZK55OaEmp",1,neutral,2,positive,positive,0,0,FinGPT-mt-Llama2-7B-LoRA,tfns,-10.267223358154297,0.3333333432674408,-10.267223358154297,0.3333333432674408,-10.267223358154297,0.3333333432674408
516,Archrock prices $500M of senior notes,1,neutral,1,neutral,neutral,1,0,FinGPT-mt-Llama2-7B-LoRA,tfns,-10.718259811401367,0.3333333432674408,-10.718259811401367,0.3333333432674408,-10.718259811401367,0.3333333432674408
517,AT&T takes on $5.5 billion loan to boost 'financial flexibility' https://t.co/ENTHbld55o https://t.co/BsoQHzpzao,1,neutral,1,neutral,neutral,1,0,FinGPT-mt-Llama2-7B-LoRA,tfns,-9.748425483703613,0.3333333432674408,-9.748425483703613,0.3333333432674408,-9.748425483703613,0.3333333432674408
518,B. Riley offers $50M of senior notes,1,neutral,1,neutral,neutral,1,0,FinGPT-mt-Llama2-7B-LoRA,tfns,-10.905614852905273,0.3333333432674408,-10.905614852905273,0.3333333432674408,-10.905614852905273,0.3333333432674408
519,B. Riley prices upsized $115M offering of notes,1,neutral,1,neutral,neutral,1,0,FinGPT-mt-Llama2-7B-LoRA,tfns,-10.358569145202637,0.3333333432674408,-10.358569145202637,0.3333333432674408,-10.358569145202637,0.3333333432674408
520,Chefs' Warehouse floats new debt,1,neutral,1,neutral,neutral,1,0,FinGPT-mt-Llama2-7B-LoRA,tfns,-10.394965171813965,0.3333333432674408,-10.394965171813965,0.3333333432674408,-10.394965171813965,0.3333333432674408
521,"China is planning a record sale of sovereign bonds in dollars, with a potential $6 billion offering https://t.co/zWNMQ4mXNb",1,neutral,2,positive,positive,0,0,FinGPT-mt-Llama2-7B-LoRA,tfns,-9.627615928649902,0.3333333432674408,-9.627615928649902,0.3333333432674408,-9.627615928649902,0.3333333432674408
522,China lines up record-breaking dollar bond https://t.co/XqtVhZcmWm,1,neutral,1,neutral,neutral,1,0,FinGPT-mt-Llama2-7B-LoRA,tfns,-9.742033958435059,0.3333333432674408,-9.742033958435059,0.3333333432674408,-9.742033958435059,0.3333333432674408
523,China’s $1.5 Trillion Pile of Bad Debt Lures Foreign Funds,1,neutral,0,negative,negative,0,0,FinGPT-mt-Llama2-7B-LoRA,tfns,-9.971946716308594,0.3333333432674408,-9.971946716308594,0.3333333432674408,-9.971946716308594,0.3333333432674408
524,"CLARIDA: DON'T THINK YIELD CURVE REFLECTS U.S. SITUATION

Yes, well, thanks to the Fed nothing reflects anything anymore",1,neutral,1,neutral,neutral,1,0,FinGPT-mt-Llama2-7B-LoRA,tfns,-9.373669624328613,0.3333333432674408,-9.373669624328613,0.3333333432674408,-9.373669624328613,0.3333333432674408
525,Comcast redeeming all $1B in 2047 senior notes,1,neutral,1,neutral,neutral,1,0,FinGPT-mt-Llama2-7B-LoRA,tfns,-10.578211784362793,0.3333333432674408,-10.578211784362793,0.3333333432674408,-10.578211784362793,0.3333333432674408
526,"EasyJet requests draw down of $500 million credit facility, explores more funding https://t.co/ZQZlGMNBJS https://t.co/09iTvOg2Av",1,neutral,0,negative,negative,0,0,FinGPT-mt-Llama2-7B-LoRA,tfns,-9.498213768005371,0.3333333432674408,-9.498213768005371,0.3333333432674408,-9.498213768005371,0.3333333432674408
527,Gates to offer $568M of senior notes,1,neutral,1,neutral,neutral,1,0,FinGPT-mt-Llama2-7B-LoRA,tfns,-10.453483581542969,0.3333333432674408,-10.453483581542969,0.3333333432674408,-10.453483581542969,0.3333333432674408
528,Kaiser Aluminum offers $500M senior notes due 2028,1,neutral,1,neutral,neutral,1,0,FinGPT-mt-Llama2-7B-LoRA,tfns,-10.838831901550293,0.3333333432674408,-10.838831901550293,0.3333333432674408,-10.838831901550293,0.3333333432674408
529,LabCorp prices $1.05B debt offering,1,neutral,1,neutral,neutral,1,0,FinGPT-mt-Llama2-7B-LoRA,tfns,-10.671623229980469,0.3333333432674408,-10.671623229980469,0.3333333432674408,-10.671623229980469,0.3333333432674408
530,Landsbankinn hf.: Supplement to the base prospectus for covered bond programme #Stock #MarketScreener… https://t.co/5TUTVnGSFd,1,neutral,1,neutral,neutral,1,0,FinGPT-mt-Llama2-7B-LoRA,tfns,-10.585004806518555,0.3333333432674408,-10.585004806518555,0.3333333432674408,-10.585004806518555,0.3333333432674408
531,Match Group announces $500M senior notes offering,1,neutral,1,neutral,neutral,1,0,FinGPT-mt-Llama2-7B-LoRA,tfns,-10.666748046875,0.3333333432674408,-10.666748046875,0.3333333432674408,-10.666748046875,0.3333333432674408
532,Nasdaq prices 600M senior notes offering,1,neutral,1,neutral,neutral,1,0,FinGPT-mt-Llama2-7B-LoRA,tfns,-10.722132682800293,0.3333333432674408,-10.722132682800293,0.3333333432674408,-10.722132682800293,0.3333333432674408
533,New York Sports Clubs Owner Plans Debt Extension With Sweetener,1,neutral,1,neutral,neutral,1,0,FinGPT-mt-Llama2-7B-LoRA,tfns,-9.910459518432617,0.3333333432674408,-9.910459518432617,0.3333333432674408,-9.910459518432617,0.3333333432674408
534,"Nigeria won't seek a suspension of interest payments from its Eurobond bondholders, but will seek debt relief from… https://t.co/Bh7HUUF4kO",1,neutral,1,neutral,neutral,1,0,FinGPT-mt-Llama2-7B-LoRA,tfns,-9.729962348937988,0.3333333432674408,-9.729962348937988,0.3333333432674408,-9.729962348937988,0.3333333432674408
535,Piraeus Port Authority (ATH:PPA) Seems To Use Debt Rather Sparingly,1,neutral,1,neutral,neutral,1,0,FinGPT-mt-Llama2-7B-LoRA,tfns,-10.008342742919922,0.3333333432674408,-10.008342742919922,0.3333333432674408,-10.008342742919922,0.3333333432674408
536,"Qatar began marketing U.S. dollar-denominated bonds, the first Persian Gulf state to tap the debt markets since the… https://t.co/UknSZl5wZv",1,neutral,1,neutral,neutral,1,0,FinGPT-mt-Llama2-7B-LoRA,tfns,-10.299137115478516,0.3333333432674408,-10.299137115478516,0.3333333432674408,-10.299137115478516,0.3333333432674408
537,"Repsol SA is the latest oil major to head to Europe's debt market for fresh financing, with other large borrowers p… https://t.co/oJrYVdaGNY",1,neutral,1,neutral,neutral,1,0,FinGPT-mt-Llama2-7B-LoRA,tfns,-10.551899909973145,0.3333333432674408,-10.551899909973145,0.3333333432674408,-10.551899909973145,0.3333333432674408
538,"Spanish companies, households snap up state-backed emergency credit  #Stock #MarketScreener https://t.co/o9iBDZEijE https://t.co/FQyY8WaORo",1,neutral,1,neutral,neutral,1,0,FinGPT-mt-Llama2-7B-LoRA,tfns,-9.608346939086914,0.3333333432674408,-9.608346939086914,0.3333333432674408,-9.608346939086914,0.3333333432674408
539,"Telenet : issues a new 6.2-year Ã‚â‚¬510.0 million revolving credit facility, further strength... #Telenet #Stock… https://t.co/6u4or9Yn9H",1,neutral,1,neutral,neutral,1,0,FinGPT-mt-Llama2-7B-LoRA,tfns,-9.95766544342041,0.3333333432674408,-9.95766544342041,0.3333333432674408,-9.95766544342041,0.3333333432674408
540,"The bond market is looking 'overbought' even in the context of coronavirus fears, analysts say https://t.co/ALSVRYK0bD",1,neutral,0,negative,negative,0,0,FinGPT-mt-Llama2-7B-LoRA,tfns,-10.029964447021484,0.3333333432674408,-10.029964447021484,0.3333333432674408,-10.029964447021484,0.3333333432674408
541,"Two key regulators are holding off on easing Wall Street debt limits, leaving billions of dollars locked up that co… https://t.co/YvDDlEcmh2",1,neutral,1,neutral,neutral,1,0,FinGPT-mt-Llama2-7B-LoRA,tfns,-10.038636207580566,0.3333333432674408,-10.038636207580566,0.3333333432674408,-10.038636207580566,0.3333333432674408
542,Vereit files for senior notes offering,1,neutral,1,neutral,neutral,1,0,FinGPT-mt-Llama2-7B-LoRA,tfns,-10.294909477233887,0.3333333432674408,-10.294909477233887,0.3333333432674408,-10.294909477233887,0.3333333432674408
543,"VF : to Draw Down $1 Billion From Credit Facility, Cuts CEO's Pay by 50% #VF #Stock #MarketScreener… https://t.co/ZWMiFpYcfy",1,neutral,0,negative,negative,0,0,FinGPT-mt-Llama2-7B-LoRA,tfns,-9.804327964782715,0.3333333432674408,-9.804327964782715,0.3333333432674408,-9.804327964782715,0.3333333432674408
544,White House considering U.S. Treasury coronavirus bond: Kudlow #economy #MarketScreener https://t.co/qti2hB0N8z https://t.co/LT6g2sGH51,1,neutral,1,neutral,neutral,1,0,FinGPT-mt-Llama2-7B-LoRA,tfns,-10.150949478149414,0.3333333432674408,-10.150949478149414,0.3333333432674408,-10.150949478149414,0.3333333432674408
545,Yields head lower despite strong economic numbers,1,neutral,0,negative,negative,0,0,FinGPT-mt-Llama2-7B-LoRA,tfns,-9.440217971801758,0.3333333432674408,-9.440217971801758,0.3333333432674408,-9.440217971801758,0.3333333432674408
546,Democrats push for the Fed to buy low-rated municipal debt to ease the virus strain on state and local governments https://t.co/rFJqDxUqZM,1,neutral,1,neutral,neutral,1,0,FinGPT-mt-Llama2-7B-LoRA,tfns,-10.095576286315918,0.3333333432674408,-10.095576286315918,0.3333333432674408,-10.095576286315918,0.3333333432674408
547,Euro zone to consider credit line from bailout fund to fight coronavirus https://t.co/aHTraPoyIK https://t.co/Rra8KyLRGy,1,neutral,2,positive,positive,0,0,FinGPT-mt-Llama2-7B-LoRA,tfns,-9.779841423034668,0.3333333432674408,-9.779841423034668,0.3333333432674408,-9.779841423034668,0.3333333432674408
548,$BEVFF - Diversified Royalty cuts dividend by ~14% https://t.co/O7QVe3IbbN,0,negative,0,negative,negative,1,0,FinGPT-mt-Llama2-7B-LoRA,tfns,-10.086642265319824,0.3333333432674408,-10.086642265319824,0.3333333432674408,-10.086642265319824,0.3333333432674408
549,"$CAE: CAE temporarily suspends dividend and share repurchase plan; lays off 2,600 of its 10,500 employees; to... https://t.co/8PObDJoSCb",0,negative,0,negative,negative,1,0,FinGPT-mt-Llama2-7B-LoRA,tfns,-9.981844902038574,0.3333333432674408,-9.981844902038574,0.3333333432674408,-9.981844902038574,0.3333333432674408
550,Boeing supplier Spirit cuts dividend due to 737 MAX crisis,0,negative,0,negative,negative,1,0,FinGPT-mt-Llama2-7B-LoRA,tfns,-10.197458267211914,0.3333333432674408,-10.197458267211914,0.3333333432674408,-10.197458267211914,0.3333333432674408
551,$JKHY: Jack Henry increases quarterly dividend to $0.43/share from $0.40/share https://t.co/qKWFqFJW2n,2,positive,2,positive,positive,1,0,FinGPT-mt-Llama2-7B-LoRA,tfns,-10.73034954071045,0.3333333432674408,-10.73034954071045,0.3333333432674408,-10.73034954071045,0.3333333432674408
552,"AT&T to raise quarterly dividend by 2% to 52 cents a share, retire $100 million of stock in Q1",2,positive,2,positive,positive,1,0,FinGPT-mt-Llama2-7B-LoRA,tfns,-10.543261528015137,0.3333333432674408,-10.543261528015137,0.3333333432674408,-10.543261528015137,0.3333333432674408
553,International Bancshares Corporation's (NASDAQ:IBOC) 2.6% Dividend Yield Looks Pretty Interesting,2,positive,2,positive,positive,1,0,FinGPT-mt-Llama2-7B-LoRA,tfns,-9.954612731933594,0.3333333432674408,-9.954612731933594,0.3333333432674408,-9.954612731933594,0.3333333432674408
554,Suncor's dividend boost reassures analysts amid weak Q4,2,positive,2,positive,positive,1,0,FinGPT-mt-Llama2-7B-LoRA,tfns,-10.539201736450195,0.3333333432674408,-10.539201736450195,0.3333333432674408,-10.539201736450195,0.3333333432674408
555,$ATGFF - AltaGas declares CAD 0.08 dividend https://t.co/kw9EvOcgYY,1,neutral,1,neutral,neutral,1,0,FinGPT-mt-Llama2-7B-LoRA,tfns,-9.944022178649902,0.3333333432674408,-9.944022178649902,0.3333333432674408,-9.944022178649902,0.3333333432674408
556,$BANC - Banc of California declares $0.06 dividend https://t.co/T4PbSBACvo,1,neutral,1,neutral,neutral,1,0,FinGPT-mt-Llama2-7B-LoRA,tfns,-10.197491645812988,0.3333333432674408,-10.197491645812988,0.3333333432674408,-10.197491645812988,0.3333333432674408
557,$BOTJ - Bank of the James Financial Group declares $0.04 dividend https://t.co/aHMeRZPJNk,1,neutral,1,neutral,neutral,1,0,FinGPT-mt-Llama2-7B-LoRA,tfns,-9.969620704650879,0.3333333432674408,-9.969620704650879,0.3333333432674408,-9.969620704650879,0.3333333432674408
558,$ELY - Callaway Golf declares $0.01 dividend https://t.co/EnRdwwSBCR,1,neutral,1,neutral,neutral,1,0,FinGPT-mt-Llama2-7B-LoRA,tfns,-10.334134101867676,0.3333333432674408,-10.334134101867676,0.3333333432674408,-10.334134101867676,0.3333333432674408
559,$ERC - Wells Fargo Multi-Sector Income Fund declares $0.09888 dividend https://t.co/7AP9iYwPSF,1,neutral,2,positive,positive,0,0,FinGPT-mt-Llama2-7B-LoRA,tfns,-9.763932228088379,0.3333333432674408,-9.763932228088379,0.3333333432674408,-9.763932228088379,0.3333333432674408
560,$ES - Eversource Energy declares $0.535 dividend https://t.co/hgU90swNYW,1,neutral,1,neutral,neutral,1,0,FinGPT-mt-Llama2-7B-LoRA,tfns,-10.286911964416504,0.3333333432674408,-10.286911964416504,0.3333333432674408,-10.286911964416504,0.3333333432674408
561,$JPM - JPMorgan Chase declares $0.90 dividend https://t.co/NGBRqyTMUq,1,neutral,1,neutral,neutral,1,0,FinGPT-mt-Llama2-7B-LoRA,tfns,-10.248699188232422,0.3333333432674408,-10.248699188232422,0.3333333432674408,-10.248699188232422,0.3333333432674408
562,$STE - Steris declares $0.37 dividend https://t.co/VkiswVp82t,1,neutral,1,neutral,neutral,1,0,FinGPT-mt-Llama2-7B-LoRA,tfns,-10.020818710327148,0.3333333432674408,-10.020818710327148,0.3333333432674408,-10.020818710327148,0.3333333432674408
563,$SWZ - Swiss Helvetia Fund declares $0.1404 dividend https://t.co/Aoc3efzp2w,1,neutral,1,neutral,neutral,1,0,FinGPT-mt-Llama2-7B-LoRA,tfns,-10.333622932434082,0.3333333432674408,-10.333622932434082,0.3333333432674408,-10.333622932434082,0.3333333432674408
564,Alaris Royalty declares CAD 0.1375 dividend,1,neutral,1,neutral,neutral,1,0,FinGPT-mt-Llama2-7B-LoRA,tfns,-10.656794548034668,0.3333333432674408,-10.656794548034668,0.3333333432674408,-10.656794548034668,0.3333333432674408
565,BankFinancial goes ex-dividend tomorrow,1,neutral,1,neutral,neutral,1,0,FinGPT-mt-Llama2-7B-LoRA,tfns,-10.534412384033203,0.3333333432674408,-10.534412384033203,0.3333333432674408,-10.534412384033203,0.3333333432674408
566,Beach Energy declares AUD 1.00 dividend,1,neutral,2,positive,positive,0,0,FinGPT-mt-Llama2-7B-LoRA,tfns,-9.678860664367676,0.3333333432674408,-9.678860664367676,0.3333333432674408,-9.678860664367676,0.3333333432674408
567,Boyd Gaming declares $0.07 dividend,1,neutral,1,neutral,neutral,1,0,FinGPT-mt-Llama2-7B-LoRA,tfns,-10.668478012084961,0.3333333432674408,-10.668478012084961,0.3333333432674408,-10.668478012084961,0.3333333432674408
568,Chorus Aviation declares CAD 0.04 dividend,1,neutral,1,neutral,neutral,1,0,FinGPT-mt-Llama2-7B-LoRA,tfns,-10.607027053833008,0.3333333432674408,-10.607027053833008,0.3333333432674408,-10.607027053833008,0.3333333432674408
569,Contact Energy declares NZ$0.16 dividend,1,neutral,1,neutral,neutral,1,0,FinGPT-mt-Llama2-7B-LoRA,tfns,-10.49959945678711,0.3333333432674408,-10.49959945678711,0.3333333432674408,-10.49959945678711,0.3333333432674408
570,Contango Income Generator : September 2019 Quarter Dividend #ContangoIncomeGenerator #Stock #MarketScreener… https://t.co/OU5Rh5rlLB,1,neutral,1,neutral,neutral,1,0,FinGPT-mt-Llama2-7B-LoRA,tfns,-10.429719924926758,0.3333333432674408,-10.429719924926758,0.3333333432674408,-10.429719924926758,0.3333333432674408
571,Dicker Data : Update - Dividend/Distribution - DDR #DickerData #Stock #MarketScreener https://t.co/xihVE978uQ https://t.co/VxJWQ2nvtH,1,neutral,1,neutral,neutral,1,0,FinGPT-mt-Llama2-7B-LoRA,tfns,-10.838247299194336,0.3333333432674408,-10.838247299194336,0.3333333432674408,-10.838247299194336,0.3333333432674408
572,"Digital Realty Trust, Inc. 5.2% PFD SER L declares $0.2925 dividend",1,neutral,1,neutral,neutral,1,0,FinGPT-mt-Llama2-7B-LoRA,tfns,-10.208070755004883,0.3333333432674408,-10.208070755004883,0.3333333432674408,-10.208070755004883,0.3333333432674408
573,"Digital Realty Trust, Inc. 6.35% PFD I CUM declares $0.396875 dividend",1,neutral,1,neutral,neutral,1,0,FinGPT-mt-Llama2-7B-LoRA,tfns,-10.502025604248047,0.3333333432674408,-10.502025604248047,0.3333333432674408,-10.502025604248047,0.3333333432674408
574,Equinor declares $0.27 dividend,1,neutral,1,neutral,neutral,1,0,FinGPT-mt-Llama2-7B-LoRA,tfns,-10.391646385192871,0.3333333432674408,-10.391646385192871,0.3333333432674408,-10.391646385192871,0.3333333432674408
575,Franklin Universal Trust declares $0.032 dividend,1,neutral,1,neutral,neutral,1,0,FinGPT-mt-Llama2-7B-LoRA,tfns,-10.35287094116211,0.3333333432674408,-10.35287094116211,0.3333333432674408,-10.35287094116211,0.3333333432674408
576,GasLog Partners declares $0.561 dividend,1,neutral,1,neutral,neutral,1,0,FinGPT-mt-Llama2-7B-LoRA,tfns,-10.841656684875488,0.3333333432674408,-10.841656684875488,0.3333333432674408,-10.841656684875488,0.3333333432674408
577,Inter Pipeline declares CAD 0.1425 dividend,1,neutral,1,neutral,neutral,1,0,FinGPT-mt-Llama2-7B-LoRA,tfns,-10.659385681152344,0.3333333432674408,-10.659385681152344,0.3333333432674408,-10.659385681152344,0.3333333432674408
578,INVESCO Perpetual UK Smaller Investment Trust : Dividend Declaration  #Stock #MarketScreener https://t.co/ImzY3UWZed https://t.co/xPxZGkhcdl,1,neutral,1,neutral,neutral,1,0,FinGPT-mt-Llama2-7B-LoRA,tfns,-9.988862037658691,0.3333333432674408,-9.988862037658691,0.3333333432674408,-9.988862037658691,0.3333333432674408
579,Nexus REIT declares CAD 0.0133 dividend,1,neutral,1,neutral,neutral,1,0,FinGPT-mt-Llama2-7B-LoRA,tfns,-10.655964851379395,0.3333333432674408,-10.655964851379395,0.3333333432674408,-10.655964851379395,0.3333333432674408
580,Northern Star Resources : Appendix 3A.1 &ndash; Notification of Dividend #NorthernStarResources #Stock… https://t.co/1VwT4eGaXs,1,neutral,1,neutral,neutral,1,0,FinGPT-mt-Llama2-7B-LoRA,tfns,-10.89178466796875,0.3333333432674408,-10.89178466796875,0.3333333432674408,-10.89178466796875,0.3333333432674408
581,Northfield Bancorp goes ex-dividend tomorrow,1,neutral,1,neutral,neutral,1,0,FinGPT-mt-Llama2-7B-LoRA,tfns,-10.367100715637207,0.3333333432674408,-10.367100715637207,0.3333333432674408,-10.367100715637207,0.3333333432674408
582,Nuveen Pennsylvania Municipal Value Fund declares $0.038 dividend,1,neutral,1,neutral,neutral,1,0,FinGPT-mt-Llama2-7B-LoRA,tfns,-10.608410835266113,0.3333333432674408,-10.608410835266113,0.3333333432674408,-10.608410835266113,0.3333333432674408
583,NXP Semiconductors declares $0.375 dividend,1,neutral,1,neutral,neutral,1,0,FinGPT-mt-Llama2-7B-LoRA,tfns,-10.719871520996094,0.3333333432674408,-10.719871520996094,0.3333333432674408,-10.719871520996094,0.3333333432674408
584,OneMain Holdings declares $0.33 dividend,1,neutral,1,neutral,neutral,1,0,FinGPT-mt-Llama2-7B-LoRA,tfns,-10.838295936584473,0.3333333432674408,-10.838295936584473,0.3333333432674408,-10.838295936584473,0.3333333432674408
585,PennyMac Mortgage Investment Trust CUM RED PFD B declares $0.50 dividend,1,neutral,1,neutral,neutral,1,0,FinGPT-mt-Llama2-7B-LoRA,tfns,-10.417099952697754,0.3333333432674408,-10.417099952697754,0.3333333432674408,-10.417099952697754,0.3333333432674408
586,PennyMac Mortgage Investment Trust PFD SER A declares $0.5078 dividend,1,neutral,1,neutral,neutral,1,0,FinGPT-mt-Llama2-7B-LoRA,tfns,-10.573442459106445,0.3333333432674408,-10.573442459106445,0.3333333432674408,-10.573442459106445,0.3333333432674408
587,Primerica goes ex-dividend tomorrow,1,neutral,1,neutral,neutral,1,0,FinGPT-mt-Llama2-7B-LoRA,tfns,-10.302179336547852,0.3333333432674408,-10.302179336547852,0.3333333432674408,-10.302179336547852,0.3333333432674408
588,QIWI plc declares $0.28 dividend,1,neutral,1,neutral,neutral,1,0,FinGPT-mt-Llama2-7B-LoRA,tfns,-10.837874412536621,0.3333333432674408,-10.837874412536621,0.3333333432674408,-10.837874412536621,0.3333333432674408
589,SB One Bancorp goes ex-dividend on Monday,1,neutral,1,neutral,neutral,1,0,FinGPT-mt-Llama2-7B-LoRA,tfns,-10.14413833618164,0.3333333432674408,-10.14413833618164,0.3333333432674408,-10.14413833618164,0.3333333432674408
590,Schlumberger goes ex-dividend tomorrow,1,neutral,1,neutral,neutral,1,0,FinGPT-mt-Llama2-7B-LoRA,tfns,-10.48314094543457,0.3333333432674408,-10.48314094543457,0.3333333432674408,-10.48314094543457,0.3333333432674408
591,Southwest Airlines declares $0.18 dividend,1,neutral,1,neutral,neutral,1,0,FinGPT-mt-Llama2-7B-LoRA,tfns,-10.501252174377441,0.3333333432674408,-10.501252174377441,0.3333333432674408,-10.501252174377441,0.3333333432674408
592,Superior Plus Announces February 2020 Cash Dividend and Upcoming Events,1,neutral,1,neutral,neutral,1,0,FinGPT-mt-Llama2-7B-LoRA,tfns,-10.66172981262207,0.3333333432674408,-10.66172981262207,0.3333333432674408,-10.66172981262207,0.3333333432674408
593,Sylogist declares CAD 0.10 dividend,1,neutral,1,neutral,neutral,1,0,FinGPT-mt-Llama2-7B-LoRA,tfns,-10.721057891845703,0.3333333432674408,-10.721057891845703,0.3333333432674408,-10.721057891845703,0.3333333432674408
594,Tekla Healthcare Opportunities Fund declares $0.1125 dividend,1,neutral,1,neutral,neutral,1,0,FinGPT-mt-Llama2-7B-LoRA,tfns,-10.121132850646973,0.3333333432674408,-10.121132850646973,0.3333333432674408,-10.121132850646973,0.3333333432674408
595,Tekla World Healthcare Fund declares $0.1167 dividend,1,neutral,1,neutral,neutral,1,0,FinGPT-mt-Llama2-7B-LoRA,tfns,-10.653717994689941,0.3333333432674408,-10.653717994689941,0.3333333432674408,-10.653717994689941,0.3333333432674408
596,Vishay Intertechnology declares $0.095 dividend,1,neutral,1,neutral,neutral,1,0,FinGPT-mt-Llama2-7B-LoRA,tfns,-10.957406044006348,0.3333333432674408,-10.957406044006348,0.3333333432674408,-10.957406044006348,0.3333333432674408
597,WPT Industrial REIT declares $0.0633 dividend,1,neutral,1,neutral,neutral,1,0,FinGPT-mt-Llama2-7B-LoRA,tfns,-10.837898254394531,0.3333333432674408,-10.837898254394531,0.3333333432674408,-10.837898254394531,0.3333333432674408
598,WVS Financial goes ex-dividend tomorrow,1,neutral,1,neutral,neutral,1,0,FinGPT-mt-Llama2-7B-LoRA,tfns,-10.715459823608398,0.3333333432674408,-10.715459823608398,0.3333333432674408,-10.715459823608398,0.3333333432674408
599,Dish TV India Limited Just Missed Earnings With A Surprise Loss - Here Are Analysts Latest Forecasts,0,negative,0,negative,negative,1,0,FinGPT-mt-Llama2-7B-LoRA,tfns,-10.035401344299316,0.3333333432674408,-10.035401344299316,0.3333333432674408,-10.035401344299316,0.3333333432674408
600,Legacy Housing Corporation Earnings Missed Analyst Estimates: Here's What Analysts Are Forecasting Now,0,negative,0,negative,negative,1,0,FinGPT-mt-Llama2-7B-LoRA,tfns,-9.964515686035156,0.3333333432674408,-9.964515686035156,0.3333333432674408,-9.964515686035156,0.3333333432674408
601,Playtech warns it will miss earnings expectations https://t.co/Zsz2VKkcrc,0,negative,0,negative,negative,1,0,FinGPT-mt-Llama2-7B-LoRA,tfns,-10.093238830566406,0.3333333432674408,-10.093238830566406,0.3333333432674408,-10.093238830566406,0.3333333432674408
602,Was Five Star Senior Living Inc.'s (NASDAQ:FVE) Earnings Decline Part Of A Broader Industry Downturn?,0,negative,1,neutral,neutral,0,0,FinGPT-mt-Llama2-7B-LoRA,tfns,-9.850894927978516,0.3333333432674408,-9.850894927978516,0.3333333432674408,-9.850894927978516,0.3333333432674408
603,Why Home Depot Stumbled on Earnings,0,negative,0,negative,negative,1,0,FinGPT-mt-Llama2-7B-LoRA,tfns,-9.89846420288086,0.3333333432674408,-9.89846420288086,0.3333333432674408,-9.89846420288086,0.3333333432674408
604,"$NVDA - After Intel And AMD, Nvidia Q4 Earnings Release Most Likely Beats. https://t.co/e87ZEOd1Z8 #business #stockmarket #markets",2,positive,2,positive,positive,1,0,FinGPT-mt-Llama2-7B-LoRA,tfns,-10.726309776306152,0.3333333432674408,-10.726309776306152,0.3333333432674408,-10.726309776306152,0.3333333432674408
605,Adobe Hits New Highs on Earnings - Here’s What the Charts Say - TheStreet,2,positive,2,positive,positive,1,0,FinGPT-mt-Llama2-7B-LoRA,tfns,-10.782350540161133,0.3333333432674408,-10.782350540161133,0.3333333432674408,-10.782350540161133,0.3333333432674408
606,Amazon rejoins $1tn club on back of blockbuster earnings https://t.co/a3rPNz6Xsn,2,positive,2,positive,positive,1,0,FinGPT-mt-Llama2-7B-LoRA,tfns,-10.658209800720215,0.3333333432674408,-10.658209800720215,0.3333333432674408,-10.658209800720215,0.3333333432674408
607,Cineplex Inc. Just Beat Earnings Expectations: Here's What Analysts Think Will Happen Next,2,positive,2,positive,positive,1,0,FinGPT-mt-Llama2-7B-LoRA,tfns,-10.726420402526855,0.3333333432674408,-10.726420402526855,0.3333333432674408,-10.726420402526855,0.3333333432674408
608,"CrowdStrike strikes gain with another blow out report (CRWD)                   
https://t.co/GtK5LmJbfX $CRWD",2,positive,2,positive,positive,1,0,FinGPT-mt-Llama2-7B-LoRA,tfns,-10.602239608764648,0.3333333432674408,-10.602239608764648,0.3333333432674408,-10.602239608764648,0.3333333432674408
609,Pharma ETFs Gain on Healthy Q4 Earnings,2,positive,2,positive,positive,1,0,FinGPT-mt-Llama2-7B-LoRA,tfns,-10.722670555114746,0.3333333432674408,-10.722670555114746,0.3333333432674408,-10.722670555114746,0.3333333432674408
610,Sonos Sounds Good After Earnings Beat,2,positive,2,positive,positive,1,0,FinGPT-mt-Llama2-7B-LoRA,tfns,-10.415691375732422,0.3333333432674408,-10.415691375732422,0.3333333432674408,-10.415691375732422,0.3333333432674408
611,Why Pinterest Earnings Were So Inspiring,2,positive,2,positive,positive,1,0,FinGPT-mt-Llama2-7B-LoRA,tfns,-10.542285919189453,0.3333333432674408,-10.542285919189453,0.3333333432674408,-10.542285919189453,0.3333333432674408
612,$AIZ - Assurant Q4 2019 Earnings Preview https://t.co/RbjIk0NRk8,1,neutral,1,neutral,neutral,1,0,FinGPT-mt-Llama2-7B-LoRA,tfns,-10.720210075378418,0.3333333432674408,-10.720210075378418,0.3333333432674408,-10.720210075378418,0.3333333432674408
613,$AMBA - Ambarella Q3 2020 Earnings Preview https://t.co/NR63jlJVHm,1,neutral,1,neutral,neutral,1,0,FinGPT-mt-Llama2-7B-LoRA,tfns,-10.785348892211914,0.3333333432674408,-10.785348892211914,0.3333333432674408,-10.785348892211914,0.3333333432674408
614,$AN - AutoNation Q4 2019 Earnings Preview https://t.co/6dXenvxdEY,1,neutral,1,neutral,neutral,1,0,FinGPT-mt-Llama2-7B-LoRA,tfns,-10.838290214538574,0.3333333432674408,-10.838290214538574,0.3333333432674408,-10.838290214538574,0.3333333432674408
615,$BAH - Booz Allen Hamilton Holding Corporation (BAH) CEO Horacio Rozanski on Q3 2020 Results - Earnings Call Transc... https://t.co/dNOLR4pBSn,1,neutral,1,neutral,neutral,1,0,FinGPT-mt-Llama2-7B-LoRA,tfns,-10.82913875579834,0.3333333432674408,-10.82913875579834,0.3333333432674408,-10.82913875579834,0.3333333432674408
616,$BPIRY $BPIRD $BPIRF - Piraeus Bank reports Q3 results https://t.co/w7GoiSjs8N,1,neutral,1,neutral,neutral,1,0,FinGPT-mt-Llama2-7B-LoRA,tfns,-10.718758583068848,0.3333333432674408,-10.718758583068848,0.3333333432674408,-10.718758583068848,0.3333333432674408
617,"$BR - Broadridge Financial Solutions, Inc. (BR) CEO Tim Gokey on Q2 2020 Results - Earnings Call Transcript.... https://t.co/yYrbfCRfBh",1,neutral,1,neutral,neutral,1,0,FinGPT-mt-Llama2-7B-LoRA,tfns,-10.829784393310547,0.3333333432674408,-10.829784393310547,0.3333333432674408,-10.829784393310547,0.3333333432674408
618,$CEIX - CONSOL Energy Q4 2019 Earnings Preview https://t.co/hNZ8OnhPhh,1,neutral,1,neutral,neutral,1,0,FinGPT-mt-Llama2-7B-LoRA,tfns,-10.784538269042969,0.3333333432674408,-10.784538269042969,0.3333333432674408,-10.784538269042969,0.3333333432674408
619,"$CLDR - Cloudera, Inc. (CLDR) CEO Martin Cole on Q3 2020 Results - Earnings Call Transcript. Read more and get upda… https://t.co/zgmQ7X8gvp",1,neutral,1,neutral,neutral,1,0,FinGPT-mt-Llama2-7B-LoRA,tfns,-10.455683708190918,0.3333333432674408,-10.455683708190918,0.3333333432674408,-10.455683708190918,0.3333333432674408
620,$CMD - Cantel Medical Corp. (CMD) CEO George Fotiades on Q1 2020 Results - Earnings Call Transcript. Continue readi… https://t.co/2ZQtrDBqqe,1,neutral,1,neutral,neutral,1,0,FinGPT-mt-Llama2-7B-LoRA,tfns,-10.88905143737793,0.3333333432674408,-10.88905143737793,0.3333333432674408,-10.88905143737793,0.3333333432674408
621,$CNS - Cohen & Steers reports January AUM of $73.3B https://t.co/fmpmExnIde,1,neutral,1,neutral,neutral,1,0,FinGPT-mt-Llama2-7B-LoRA,tfns,-10.610076904296875,0.3333333432674408,-10.610076904296875,0.3333333432674408,-10.610076904296875,0.3333333432674408
622,$CRL - Charles River Laboratories Q4 2019 Earnings Preview https://t.co/kXRc3AJodT,1,neutral,1,neutral,neutral,1,0,FinGPT-mt-Llama2-7B-LoRA,tfns,-10.954889297485352,0.3333333432674408,-10.954889297485352,0.3333333432674408,-10.954889297485352,0.3333333432674408
623,"$CULP - Culp, Inc. 2020 Q2 - Results - Earnings Call Presentation. Read more and get updates on any stock!… https://t.co/k65vOwaaB9",1,neutral,1,neutral,neutral,1,0,FinGPT-mt-Llama2-7B-LoRA,tfns,-10.702285766601562,0.3333333432674408,-10.702285766601562,0.3333333432674408,-10.702285766601562,0.3333333432674408
624,$D - Dominion Energy Q4 2019 Earnings Preview https://t.co/blwGYqai5K,1,neutral,1,neutral,neutral,1,0,FinGPT-mt-Llama2-7B-LoRA,tfns,-10.95675277709961,0.3333333432674408,-10.95675277709961,0.3333333432674408,-10.95675277709961,0.3333333432674408
625,$DBD - Diebold Nixdorf Q4 2019 Earnings Preview https://t.co/fbABq6ow2F,1,neutral,1,neutral,neutral,1,0,FinGPT-mt-Llama2-7B-LoRA,tfns,-10.667558670043945,0.3333333432674408,-10.667558670043945,0.3333333432674408,-10.667558670043945,0.3333333432674408
626,$EARN - Ellington Residential Mortgage REIT reports Q4 results https://t.co/VyLG9T1ATd,1,neutral,1,neutral,neutral,1,0,FinGPT-mt-Llama2-7B-LoRA,tfns,-10.72932243347168,0.3333333432674408,-10.72932243347168,0.3333333432674408,-10.72932243347168,0.3333333432674408
627,$ELY - Callaway Golf Company 2019 Q4 - Results - Earnings Call Presentation. https://t.co/57nAtnddKP #markets #trading #economy,1,neutral,1,neutral,neutral,1,0,FinGPT-mt-Llama2-7B-LoRA,tfns,-10.586976051330566,0.3333333432674408,-10.586976051330566,0.3333333432674408,-10.586976051330566,0.3333333432674408
628,$EVI - EVI reports Q2 results https://t.co/JORsCDM5m7,1,neutral,1,neutral,neutral,1,0,FinGPT-mt-Llama2-7B-LoRA,tfns,-10.49830436706543,0.3333333432674408,-10.49830436706543,0.3333333432674408,-10.49830436706543,0.3333333432674408
629,"$FISI - Financial Institutions, Inc. (FISI) CEO Marty Birmingham on Q4 2019 Results - Earnings Call Transcript.... https://t.co/x0EUXRLkqc",1,neutral,1,neutral,neutral,1,0,FinGPT-mt-Llama2-7B-LoRA,tfns,-10.765450477600098,0.3333333432674408,-10.765450477600098,0.3333333432674408,-10.765450477600098,0.3333333432674408
630,$HAS - Hasbro Q4 2019 Earnings Preview https://t.co/vMIhbuEfgX,1,neutral,1,neutral,neutral,1,0,FinGPT-mt-Llama2-7B-LoRA,tfns,-10.840643882751465,0.3333333432674408,-10.840643882751465,0.3333333432674408,-10.840643882751465,0.3333333432674408
631,$HBAYF - Hudson's Bay Company (HBAYF) CEO Helena Foulkes on Q3 2019 Results - Earnings Call Transcript. Continue re… https://t.co/YoS5k00NYv,1,neutral,1,neutral,neutral,1,0,FinGPT-mt-Llama2-7B-LoRA,tfns,-10.268329620361328,0.3333333432674408,-10.268329620361328,0.3333333432674408,-10.268329620361328,0.3333333432674408
632,$IFLXF - Imaflex reports Q3 results https://t.co/3rqgPSpjRZ,1,neutral,1,neutral,neutral,1,0,FinGPT-mt-Llama2-7B-LoRA,tfns,-10.664941787719727,0.3333333432674408,-10.664941787719727,0.3333333432674408,-10.664941787719727,0.3333333432674408
633,$IOFB - Iowa First Bancshares reports Q4 results https://t.co/jT2mbQvS4e,1,neutral,1,neutral,neutral,1,0,FinGPT-mt-Llama2-7B-LoRA,tfns,-10.957786560058594,0.3333333432674408,-10.957786560058594,0.3333333432674408,-10.957786560058594,0.3333333432674408
634,$IVC - Invacare Corporation (IVC) CEO Matthew Monaghan on Q4 2019 Results - Earnings Call Transcript.… https://t.co/Okr6M5SxnF,1,neutral,1,neutral,neutral,1,0,FinGPT-mt-Llama2-7B-LoRA,tfns,-10.52138614654541,0.3333333432674408,-10.52138614654541,0.3333333432674408,-10.52138614654541,0.3333333432674408
635,"$JBSS - John B. Sanfilippo & Son, Inc. (JBSS) CEO Jeffrey Sanfilippo on Q2 2020 Results - Earnings Call Transcript.... https://t.co/6vtzuGJJVc",1,neutral,1,neutral,neutral,1,0,FinGPT-mt-Llama2-7B-LoRA,tfns,-10.577058792114258,0.3333333432674408,-10.577058792114258,0.3333333432674408,-10.577058792114258,0.3333333432674408
636,$LPX - Louisiana-Pacific Q4 2019 Earnings Preview https://t.co/4vQ4G5x1Yv,1,neutral,1,neutral,neutral,1,0,FinGPT-mt-Llama2-7B-LoRA,tfns,-10.892433166503906,0.3333333432674408,-10.892433166503906,0.3333333432674408,-10.892433166503906,0.3333333432674408
637,"$MELI - MercadoLibre, Inc. 2019 Q4 - Results - Earnings Call Presentation. https://t.co/KcRqfODmhA #business #markets #stockmarket",1,neutral,1,neutral,neutral,1,0,FinGPT-mt-Llama2-7B-LoRA,tfns,-10.71103572845459,0.3333333432674408,-10.71103572845459,0.3333333432674408,-10.71103572845459,0.3333333432674408
638,$MLM - Martin Marietta Materials Q4 2019 Earnings Preview https://t.co/jgnzxkIdqd,1,neutral,1,neutral,neutral,1,0,FinGPT-mt-Llama2-7B-LoRA,tfns,-10.836081504821777,0.3333333432674408,-10.836081504821777,0.3333333432674408,-10.836081504821777,0.3333333432674408
639,$NCR - NCR Q4 2019 Earnings Preview https://t.co/VDRlgyflHj,1,neutral,1,neutral,neutral,1,0,FinGPT-mt-Llama2-7B-LoRA,tfns,-10.833757400512695,0.3333333432674408,-10.833757400512695,0.3333333432674408,-10.833757400512695,0.3333333432674408
640,$NIU - Niu Technologies 2019 Q3 - Results - Earnings Call Presentation. Read more: https://t.co/OOWkcX2Atx #investing #stocks #stockmarket,1,neutral,1,neutral,neutral,1,0,FinGPT-mt-Llama2-7B-LoRA,tfns,-10.587535858154297,0.3333333432674408,-10.587535858154297,0.3333333432674408,-10.587535858154297,0.3333333432674408
641,$NNN - National Retail Properties Q4 Earnings Preview https://t.co/pyBH8YQj1p,1,neutral,1,neutral,neutral,1,0,FinGPT-mt-Llama2-7B-LoRA,tfns,-10.834293365478516,0.3333333432674408,-10.834293365478516,0.3333333432674408,-10.834293365478516,0.3333333432674408
642,$NSP - Insperity Q4 2019 Earnings Preview https://t.co/bhbi9TFrFi,1,neutral,1,neutral,neutral,1,0,FinGPT-mt-Llama2-7B-LoRA,tfns,-10.837682723999023,0.3333333432674408,-10.837682723999023,0.3333333432674408,-10.837682723999023,0.3333333432674408
643,$OMC - Omnicom Q4 2019 Earnings Preview https://t.co/RuCz38Mcy6,1,neutral,1,neutral,neutral,1,0,FinGPT-mt-Llama2-7B-LoRA,tfns,-10.787382125854492,0.3333333432674408,-10.787382125854492,0.3333333432674408,-10.787382125854492,0.3333333432674408
644,$PANW - Palo Alto Networks Q1 2020 Earnings Preview https://t.co/DfQXpl34fA,1,neutral,1,neutral,neutral,1,0,FinGPT-mt-Llama2-7B-LoRA,tfns,-10.834235191345215,0.3333333432674408,-10.834235191345215,0.3333333432674408,-10.834235191345215,0.3333333432674408
645,$PHCEF - PharmaCielo reports Q3 results https://t.co/8l2CVHznGj,1,neutral,1,neutral,neutral,1,0,FinGPT-mt-Llama2-7B-LoRA,tfns,-10.59681510925293,0.3333333432674408,-10.59681510925293,0.3333333432674408,-10.59681510925293,0.3333333432674408
646,$PSX - Phillips 66 2019 Q4 - Results - Earnings Call Presentation. https://t.co/lQFktaxl9V #markets #trading #stocks,1,neutral,1,neutral,neutral,1,0,FinGPT-mt-Llama2-7B-LoRA,tfns,-10.649480819702148,0.3333333432674408,-10.649480819702148,0.3333333432674408,-10.649480819702148,0.3333333432674408
647,$PVH - Phillips-Van Heusen Q3 2020 Earnings Preview https://t.co/kNhCYwVnBX,1,neutral,1,neutral,neutral,1,0,FinGPT-mt-Llama2-7B-LoRA,tfns,-10.71402359008789,0.3333333432674408,-10.71402359008789,0.3333333432674408,-10.71402359008789,0.3333333432674408
648,"$RGCO - RGC Resources, Inc. (RGCO) CEO John D'Orazio on Q4 2019 Results - Earnings Call Transcript. Read more and g… https://t.co/UR8KXNoy1h",1,neutral,1,neutral,neutral,1,0,FinGPT-mt-Llama2-7B-LoRA,tfns,-10.330109596252441,0.3333333432674408,-10.330109596252441,0.3333333432674408,-10.330109596252441,0.3333333432674408
649,$RNUGF - ReNeuron Group plc (RNUGF) CEO Olav Hellebø on Q2 2020 Results - Earnings Call Transcript. Follow this and… https://t.co/mHsXKdhtCw,1,neutral,1,neutral,neutral,1,0,FinGPT-mt-Llama2-7B-LoRA,tfns,-10.456453323364258,0.3333333432674408,-10.456453323364258,0.3333333432674408,-10.456453323364258,0.3333333432674408
650,$UAA - Under Armour Q4 2019 Earnings Preview https://t.co/5lR80ygFWK,1,neutral,1,neutral,neutral,1,0,FinGPT-mt-Llama2-7B-LoRA,tfns,-10.66408920288086,0.3333333432674408,-10.66408920288086,0.3333333432674408,-10.66408920288086,0.3333333432674408
651,$UNFI - United Natural Foods Inc (UNFI) CEO Steve Spinner on Q1 2020 Results - Earnings Call Transcript. Keep readi… https://t.co/9UbHS6nuQP,1,neutral,1,neutral,neutral,1,0,FinGPT-mt-Llama2-7B-LoRA,tfns,-10.831086158752441,0.3333333432674408,-10.831086158752441,0.3333333432674408,-10.831086158752441,0.3333333432674408
652,"$USAK - USA Truck, Inc. 2019 Q4 - Results - Earnings Call Presentation. https://t.co/VaoeaJ18mB #markets #economy #trading",1,neutral,1,neutral,neutral,1,0,FinGPT-mt-Llama2-7B-LoRA,tfns,-10.585692405700684,0.3333333432674408,-10.585692405700684,0.3333333432674408,-10.585692405700684,0.3333333432674408
653,$VIRT - Virtu Financial Q4 2019 Earnings Preview https://t.co/DEQoJ2KqSU,1,neutral,1,neutral,neutral,1,0,FinGPT-mt-Llama2-7B-LoRA,tfns,-10.892970085144043,0.3333333432674408,-10.892970085144043,0.3333333432674408,-10.892970085144043,0.3333333432674408
654,"$ZUO - Zuora, Inc. (ZUO) CEO Tien Tzuo on Q3 2020 Results - Earnings Call Transcript. Subscribe to Seeking Alpha fo… https://t.co/phrquf7Ktv",1,neutral,1,neutral,neutral,1,0,FinGPT-mt-Llama2-7B-LoRA,tfns,-10.392206192016602,0.3333333432674408,-10.392206192016602,0.3333333432674408,-10.392206192016602,0.3333333432674408
655,.@BruceKamich digs into Palo Alto $PANW charts ahead of earnings:   https://t.co/9bh2ztu5Yv,1,neutral,1,neutral,neutral,1,0,FinGPT-mt-Llama2-7B-LoRA,tfns,-10.494802474975586,0.3333333432674408,-10.494802474975586,0.3333333432674408,-10.494802474975586,0.3333333432674408
656,01 Communique Laboratory reports Q4 results,1,neutral,1,neutral,neutral,1,0,FinGPT-mt-Llama2-7B-LoRA,tfns,-10.772150993347168,0.3333333432674408,-10.772150993347168,0.3333333432674408,-10.772150993347168,0.3333333432674408
657,Acura Pharmaceuticals reports Q2 results,1,neutral,1,neutral,neutral,1,0,FinGPT-mt-Llama2-7B-LoRA,tfns,-10.956963539123535,0.3333333432674408,-10.956963539123535,0.3333333432674408,-10.956963539123535,0.3333333432674408
658,Adhera Therapeutics reports Q3 results,1,neutral,1,neutral,neutral,1,0,FinGPT-mt-Llama2-7B-LoRA,tfns,-10.955623626708984,0.3333333432674408,-10.955623626708984,0.3333333432674408,-10.955623626708984,0.3333333432674408
659,Advanced Drainage Systems Announces Third Quarter Fiscal 2020 Results,1,neutral,1,neutral,neutral,1,0,FinGPT-mt-Llama2-7B-LoRA,tfns,-10.715167999267578,0.3333333432674408,-10.715167999267578,0.3333333432674408,-10.715167999267578,0.3333333432674408
660,Alternus Energy reports Q3 results,1,neutral,1,neutral,neutral,1,0,FinGPT-mt-Llama2-7B-LoRA,tfns,-10.466967582702637,0.3333333432674408,-10.466967582702637,0.3333333432674408,-10.466967582702637,0.3333333432674408
661,Amen Properties Reports Results for Third Quarter of 2019 and Announces Dividend,1,neutral,1,neutral,neutral,1,0,FinGPT-mt-Llama2-7B-LoRA,tfns,-10.836831092834473,0.3333333432674408,-10.836831092834473,0.3333333432674408,-10.836831092834473,0.3333333432674408
662,B Communications reports Q3 results,1,neutral,1,neutral,neutral,1,0,FinGPT-mt-Llama2-7B-LoRA,tfns,-10.530231475830078,0.3333333432674408,-10.530231475830078,0.3333333432674408,-10.530231475830078,0.3333333432674408
663,Bank Hapoalim reports Q3 results,1,neutral,1,neutral,neutral,1,0,FinGPT-mt-Llama2-7B-LoRA,tfns,-10.837655067443848,0.3333333432674408,-10.837655067443848,0.3333333432674408,-10.837655067443848,0.3333333432674408
664,Biofrontera reports 9M results,1,neutral,1,neutral,neutral,1,0,FinGPT-mt-Llama2-7B-LoRA,tfns,-10.652212142944336,0.3333333432674408,-10.652212142944336,0.3333333432674408,-10.652212142944336,0.3333333432674408
665,Biorem reports Q3 results,1,neutral,1,neutral,neutral,1,0,FinGPT-mt-Llama2-7B-LoRA,tfns,-10.346108436584473,0.3333333432674408,-10.346108436584473,0.3333333432674408,-10.346108436584473,0.3333333432674408
666,Biotage AB reports Q4 results,1,neutral,1,neutral,neutral,1,0,FinGPT-mt-Llama2-7B-LoRA,tfns,-10.530941009521484,0.3333333432674408,-10.530941009521484,0.3333333432674408,-10.530941009521484,0.3333333432674408
667,"BlackBerry, Conagra, FedEx, Micron, Nike and More Earnings Coming This Week",1,neutral,2,positive,positive,0,0,FinGPT-mt-Llama2-7B-LoRA,tfns,-9.84924030303955,0.3333333432674408,-9.84924030303955,0.3333333432674408,-9.84924030303955,0.3333333432674408
668,"BrightSphere Reports Financial and Operating Results for the Fourth Quarter Ended December 31, 2019",1,neutral,1,neutral,neutral,1,0,FinGPT-mt-Llama2-7B-LoRA,tfns,-10.766378402709961,0.3333333432674408,-10.766378402709961,0.3333333432674408,-10.766378402709961,0.3333333432674408
669,Canbiola reports Q3 results,1,neutral,1,neutral,neutral,1,0,FinGPT-mt-Llama2-7B-LoRA,tfns,-10.465841293334961,0.3333333432674408,-10.465841293334961,0.3333333432674408,-10.465841293334961,0.3333333432674408
670,Centaurus Energy reports Q3 results,1,neutral,1,neutral,neutral,1,0,FinGPT-mt-Llama2-7B-LoRA,tfns,-10.531692504882812,0.3333333432674408,-10.531692504882812,0.3333333432674408,-10.531692504882812,0.3333333432674408
671,ChoiceOne Financial Services reports Q4 results,1,neutral,1,neutral,neutral,1,0,FinGPT-mt-Llama2-7B-LoRA,tfns,-10.95722484588623,0.3333333432674408,-10.95722484588623,0.3333333432674408,-10.95722484588623,0.3333333432674408
672,Ciner Resources LP to Release 4th Quarter and Year-End 2019 Results,1,neutral,1,neutral,neutral,1,0,FinGPT-mt-Llama2-7B-LoRA,tfns,-10.651168823242188,0.3333333432674408,-10.651168823242188,0.3333333432674408,-10.651168823242188,0.3333333432674408
673,CyberOptics Fourth Quarter 2019 Earnings Conference Call Scheduled for February 19,1,neutral,1,neutral,neutral,1,0,FinGPT-mt-Llama2-7B-LoRA,tfns,-10.829471588134766,0.3333333432674408,-10.829471588134766,0.3333333432674408,-10.829471588134766,0.3333333432674408
674,DCP Midstream Q4 Earnings Preview,1,neutral,1,neutral,neutral,1,0,FinGPT-mt-Llama2-7B-LoRA,tfns,-10.769110679626465,0.3333333432674408,-10.769110679626465,0.3333333432674408,-10.769110679626465,0.3333333432674408
675,Did Thermo Fisher Scientific Inc.'s (NYSE:TMO) Recent Earnings Growth Beat The Trend?,1,neutral,1,neutral,neutral,1,0,FinGPT-mt-Llama2-7B-LoRA,tfns,-10.496155738830566,0.3333333432674408,-10.496155738830566,0.3333333432674408,-10.496155738830566,0.3333333432674408
676,DSV Panalpina A/S reports FY results,1,neutral,1,neutral,neutral,1,0,FinGPT-mt-Llama2-7B-LoRA,tfns,-11.083569526672363,0.3333333432674408,-11.083569526672363,0.3333333432674408,-11.083569526672363,0.3333333432674408
677,Earnings heatmap https://t.co/gY9oNC5zPW,1,neutral,1,neutral,neutral,1,0,FinGPT-mt-Llama2-7B-LoRA,tfns,-10.842094421386719,0.3333333432674408,-10.842094421386719,0.3333333432674408,-10.842094421386719,0.3333333432674408
678,Edited Transcript of AMG earnings conference call or presentation 29-Jul-19 12:30pm GMT,1,neutral,1,neutral,neutral,1,0,FinGPT-mt-Llama2-7B-LoRA,tfns,-10.829044342041016,0.3333333432674408,-10.829044342041016,0.3333333432674408,-10.829044342041016,0.3333333432674408
679,Edited Transcript of BFF.MI earnings conference call or presentation 8-Nov-19 11:30am GMT,1,neutral,1,neutral,neutral,1,0,FinGPT-mt-Llama2-7B-LoRA,tfns,-10.829602241516113,0.3333333432674408,-10.829602241516113,0.3333333432674408,-10.829602241516113,0.3333333432674408
680,Edited Transcript of CIO earnings conference call or presentation 1-Nov-19 3:00pm GMT,1,neutral,1,neutral,neutral,1,0,FinGPT-mt-Llama2-7B-LoRA,tfns,-10.952725410461426,0.3333333432674408,-10.952725410461426,0.3333333432674408,-10.952725410461426,0.3333333432674408
681,Edited Transcript of DS earnings conference call or presentation 12-Nov-19 2:15pm GMT,1,neutral,1,neutral,neutral,1,0,FinGPT-mt-Llama2-7B-LoRA,tfns,-10.889886856079102,0.3333333432674408,-10.889886856079102,0.3333333432674408,-10.889886856079102,0.3333333432674408
682,Edited Transcript of DZSI earnings conference call or presentation 12-Nov-19 10:00pm GMT,1,neutral,1,neutral,neutral,1,0,FinGPT-mt-Llama2-7B-LoRA,tfns,-10.828683853149414,0.3333333432674408,-10.828683853149414,0.3333333432674408,-10.828683853149414,0.3333333432674408
683,Edited Transcript of EPR.OL earnings conference call or presentation 1-Nov-19 7:30am GMT,1,neutral,1,neutral,neutral,1,0,FinGPT-mt-Llama2-7B-LoRA,tfns,-10.82895565032959,0.3333333432674408,-10.82895565032959,0.3333333432674408,-10.82895565032959,0.3333333432674408
684,Edited Transcript of FALC earnings conference call or presentation 19-Nov-19 9:30pm GMT,1,neutral,1,neutral,neutral,1,0,FinGPT-mt-Llama2-7B-LoRA,tfns,-10.828099250793457,0.3333333432674408,-10.828099250793457,0.3333333432674408,-10.828099250793457,0.3333333432674408
685,Edited Transcript of GILT earnings conference call or presentation 19-Nov-19 2:30pm GMT,1,neutral,1,neutral,neutral,1,0,FinGPT-mt-Llama2-7B-LoRA,tfns,-10.828263282775879,0.3333333432674408,-10.828263282775879,0.3333333432674408,-10.828263282775879,0.3333333432674408
686,Edited Transcript of GNW earnings conference call or presentation 5-Feb-20 2:00pm GMT,1,neutral,1,neutral,neutral,1,0,FinGPT-mt-Llama2-7B-LoRA,tfns,-10.82866382598877,0.3333333432674408,-10.82866382598877,0.3333333432674408,-10.82866382598877,0.3333333432674408
687,Edited Transcript of GWGH earnings conference call or presentation 21-Nov-19 9:30pm GMT,1,neutral,1,neutral,neutral,1,0,FinGPT-mt-Llama2-7B-LoRA,tfns,-10.829922676086426,0.3333333432674408,-10.829922676086426,0.3333333432674408,-10.829922676086426,0.3333333432674408
688,Edited Transcript of KNDI earnings conference call or presentation 12-Nov-19 1:00pm GMT,1,neutral,1,neutral,neutral,1,0,FinGPT-mt-Llama2-7B-LoRA,tfns,-10.828508377075195,0.3333333432674408,-10.828508377075195,0.3333333432674408,-10.828508377075195,0.3333333432674408
689,Edited Transcript of MAGS earnings conference call or presentation 18-Nov-19 3:00pm GMT,1,neutral,1,neutral,neutral,1,0,FinGPT-mt-Llama2-7B-LoRA,tfns,-10.828317642211914,0.3333333432674408,-10.828317642211914,0.3333333432674408,-10.828317642211914,0.3333333432674408
690,Edited Transcript of MPAA earnings conference call or presentation 12-Nov-19 6:00pm GMT,1,neutral,1,neutral,neutral,1,0,FinGPT-mt-Llama2-7B-LoRA,tfns,-10.83382797241211,0.3333333432674408,-10.83382797241211,0.3333333432674408,-10.83382797241211,0.3333333432674408
691,Edited Transcript of NJR earnings conference call or presentation 19-Nov-19 3:00pm GMT,1,neutral,1,neutral,neutral,1,0,FinGPT-mt-Llama2-7B-LoRA,tfns,-10.82874870300293,0.3333333432674408,-10.82874870300293,0.3333333432674408,-10.82874870300293,0.3333333432674408
692,Edited Transcript of ORBC earnings conference call or presentation 30-Oct-19 12:30pm GMT,1,neutral,1,neutral,neutral,1,0,FinGPT-mt-Llama2-7B-LoRA,tfns,-10.828182220458984,0.3333333432674408,-10.828182220458984,0.3333333432674408,-10.828182220458984,0.3333333432674408
693,Edited Transcript of PLC.TO earnings conference call or presentation 13-Nov-19 2:30pm GMT,1,neutral,1,neutral,neutral,1,0,FinGPT-mt-Llama2-7B-LoRA,tfns,-10.828648567199707,0.3333333432674408,-10.828648567199707,0.3333333432674408,-10.828648567199707,0.3333333432674408
694,Edited Transcript of QD.N earnings conference call or presentation 18-Nov-19 12:00pm GMT,1,neutral,1,neutral,neutral,1,0,FinGPT-mt-Llama2-7B-LoRA,tfns,-10.830105781555176,0.3333333432674408,-10.830105781555176,0.3333333432674408,-10.830105781555176,0.3333333432674408
695,Edited Transcript of SFUN earnings conference call or presentation 18-Nov-19 12:00pm GMT,1,neutral,1,neutral,neutral,1,0,FinGPT-mt-Llama2-7B-LoRA,tfns,-10.828304290771484,0.3333333432674408,-10.828304290771484,0.3333333432674408,-10.828304290771484,0.3333333432674408
696,Edited Transcript of SMCI earnings conference call or presentation 6-Feb-20 10:00pm GMT,1,neutral,1,neutral,neutral,1,0,FinGPT-mt-Llama2-7B-LoRA,tfns,-10.644600868225098,0.3333333432674408,-10.644600868225098,0.3333333432674408,-10.644600868225098,0.3333333432674408
697,Edited Transcript of TOY.TO earnings conference call or presentation 6-Nov-19 2:30pm GMT,1,neutral,1,neutral,neutral,1,0,FinGPT-mt-Llama2-7B-LoRA,tfns,-10.828575134277344,0.3333333432674408,-10.828575134277344,0.3333333432674408,-10.828575134277344,0.3333333432674408
698,Edited Transcript of TTMI earnings conference call or presentation 30-Oct-19 8:30pm GMT,1,neutral,1,neutral,neutral,1,0,FinGPT-mt-Llama2-7B-LoRA,tfns,-10.828534126281738,0.3333333432674408,-10.828534126281738,0.3333333432674408,-10.828534126281738,0.3333333432674408
699,Edited Transcript of WIZZ.L earnings conference call or presentation 13-Nov-19 9:00am GMT,1,neutral,1,neutral,neutral,1,0,FinGPT-mt-Llama2-7B-LoRA,tfns,-10.894135475158691,0.3333333432674408,-10.894135475158691,0.3333333432674408,-10.894135475158691,0.3333333432674408
700,ESI Group SA reports Q3 results,1,neutral,1,neutral,neutral,1,0,FinGPT-mt-Llama2-7B-LoRA,tfns,-10.414978981018066,0.3333333432674408,-10.414978981018066,0.3333333432674408,-10.414978981018066,0.3333333432674408
701,EVI reports Q2 results,1,neutral,1,neutral,neutral,1,0,FinGPT-mt-Llama2-7B-LoRA,tfns,-10.186147689819336,0.3333333432674408,-10.186147689819336,0.3333333432674408,-10.186147689819336,0.3333333432674408
702,Flurry of retailer earnings on tap,1,neutral,1,neutral,neutral,1,0,FinGPT-mt-Llama2-7B-LoRA,tfns,-10.670062065124512,0.3333333432674408,-10.670062065124512,0.3333333432674408,-10.670062065124512,0.3333333432674408
703,Formula Systems reports Q3 results,1,neutral,1,neutral,neutral,1,0,FinGPT-mt-Llama2-7B-LoRA,tfns,-10.406719207763672,0.3333333432674408,-10.406719207763672,0.3333333432674408,-10.406719207763672,0.3333333432674408
704,G. Willi-Food reports Q3 results,1,neutral,1,neutral,neutral,1,0,FinGPT-mt-Llama2-7B-LoRA,tfns,-10.836687088012695,0.3333333432674408,-10.836687088012695,0.3333333432674408,-10.836687088012695,0.3333333432674408
705,Galaxy Next Generation reports Q1 results,1,neutral,1,neutral,neutral,1,0,FinGPT-mt-Llama2-7B-LoRA,tfns,-10.531413078308105,0.3333333432674408,-10.531413078308105,0.3333333432674408,-10.531413078308105,0.3333333432674408
706,General Moly reports Q3 results,1,neutral,1,neutral,neutral,1,0,FinGPT-mt-Llama2-7B-LoRA,tfns,-10.530747413635254,0.3333333432674408,-10.530747413635254,0.3333333432674408,-10.530747413635254,0.3333333432674408
707,Green Plains Partners Reports Fourth Quarter and Full Year 2019 Financial Results  https://t.co/Z6dgpRbycs,1,neutral,1,neutral,neutral,1,0,FinGPT-mt-Llama2-7B-LoRA,tfns,-10.83024787902832,0.3333333432674408,-10.83024787902832,0.3333333432674408,-10.83024787902832,0.3333333432674408
708,HanesBrands Reports Full-Year and Fourth-Quarter 2019 Financial Results,1,neutral,1,neutral,neutral,1,0,FinGPT-mt-Llama2-7B-LoRA,tfns,-10.835545539855957,0.3333333432674408,-10.835545539855957,0.3333333432674408,-10.835545539855957,0.3333333432674408
709,"Henry Schein to Webcast Fourth Quarter and Full-Year 2019 Conference Call on Thursday, February 20, 2020 at 10:00 A.M. ET",1,neutral,1,neutral,neutral,1,0,FinGPT-mt-Llama2-7B-LoRA,tfns,-10.582311630249023,0.3333333432674408,-10.582311630249023,0.3333333432674408,-10.582311630249023,0.3333333432674408
710,Héroux-Devtek reports Q3 results,1,neutral,1,neutral,neutral,1,0,FinGPT-mt-Llama2-7B-LoRA,tfns,-10.774011611938477,0.3333333432674408,-10.774011611938477,0.3333333432674408,-10.774011611938477,0.3333333432674408
711,How Driller Helmerich & Payne Scored a Q1 2020 Earnings Beat,1,neutral,2,positive,positive,0,0,FinGPT-mt-Llama2-7B-LoRA,tfns,-10.785327911376953,0.3333333432674408,-10.785327911376953,0.3333333432674408,-10.785327911376953,0.3333333432674408
712,IEH Corporation reports Q2 results,1,neutral,1,neutral,neutral,1,0,FinGPT-mt-Llama2-7B-LoRA,tfns,-10.530696868896484,0.3333333432674408,-10.530696868896484,0.3333333432674408,-10.530696868896484,0.3333333432674408
713,Insperity Q4 2019 Earnings Preview,1,neutral,1,neutral,neutral,1,0,FinGPT-mt-Llama2-7B-LoRA,tfns,-10.953746795654297,0.3333333432674408,-10.953746795654297,0.3333333432674408,-10.953746795654297,0.3333333432674408
714,Intercontinental Exchange Reports Fourth Quarter & Full Year 2019,1,neutral,1,neutral,neutral,1,0,FinGPT-mt-Llama2-7B-LoRA,tfns,-10.839118003845215,0.3333333432674408,-10.839118003845215,0.3333333432674408,-10.839118003845215,0.3333333432674408
715,"JD.com, Inc. Reported Third-Quarter Earnings: Here's What Analysts Think Will Happen Next",1,neutral,1,neutral,neutral,1,0,FinGPT-mt-Llama2-7B-LoRA,tfns,-10.707388877868652,0.3333333432674408,-10.707388877868652,0.3333333432674408,-10.707388877868652,0.3333333432674408
716,Kaya Holdings reports Q3 results,1,neutral,1,neutral,neutral,1,0,FinGPT-mt-Llama2-7B-LoRA,tfns,-10.52995491027832,0.3333333432674408,-10.52995491027832,0.3333333432674408,-10.52995491027832,0.3333333432674408
717,Lupin reports Q3 results,1,neutral,1,neutral,neutral,1,0,FinGPT-mt-Llama2-7B-LoRA,tfns,-10.468544960021973,0.3333333432674408,-10.468544960021973,0.3333333432674408,-10.468544960021973,0.3333333432674408
718,Mechel PAO reports Q3 results,1,neutral,1,neutral,neutral,1,0,FinGPT-mt-Llama2-7B-LoRA,tfns,-10.479954719543457,0.3333333432674408,-10.479954719543457,0.3333333432674408,-10.479954719543457,0.3333333432674408
719,Next round of notable earnings,1,neutral,1,neutral,neutral,1,0,FinGPT-mt-Llama2-7B-LoRA,tfns,-9.659950256347656,0.3333333432674408,-9.659950256347656,0.3333333432674408,-9.659950256347656,0.3333333432674408
720,Northeast Community Bancorp reports Q4 results,1,neutral,1,neutral,neutral,1,0,FinGPT-mt-Llama2-7B-LoRA,tfns,-10.77202033996582,0.3333333432674408,-10.77202033996582,0.3333333432674408,-10.77202033996582,0.3333333432674408
721,Notable earnings after Monday’s close,1,neutral,2,positive,positive,0,0,FinGPT-mt-Llama2-7B-LoRA,tfns,-9.790297508239746,0.3333333432674408,-9.790297508239746,0.3333333432674408,-9.790297508239746,0.3333333432674408
722,Novoheart Holdings reports Q1 results,1,neutral,1,neutral,neutral,1,0,FinGPT-mt-Llama2-7B-LoRA,tfns,-10.651167869567871,0.3333333432674408,-10.651167869567871,0.3333333432674408,-10.651167869567871,0.3333333432674408
723,NVIDIA Earnings: What to Watch on Thursday,1,neutral,1,neutral,neutral,1,0,FinGPT-mt-Llama2-7B-LoRA,tfns,-10.777665138244629,0.3333333432674408,-10.777665138244629,0.3333333432674408,-10.777665138244629,0.3333333432674408
724,Omni-Lite Industries reports Q3 results,1,neutral,1,neutral,neutral,1,0,FinGPT-mt-Llama2-7B-LoRA,tfns,-10.894901275634766,0.3333333432674408,-10.894901275634766,0.3333333432674408,-10.894901275634766,0.3333333432674408
725,Orkla reports Q4 results,1,neutral,1,neutral,neutral,1,0,FinGPT-mt-Llama2-7B-LoRA,tfns,-10.530101776123047,0.3333333432674408,-10.530101776123047,0.3333333432674408,-10.530101776123047,0.3333333432674408
726,PagSeguro Q3 2019 Earnings Preview,1,neutral,1,neutral,neutral,1,0,FinGPT-mt-Llama2-7B-LoRA,tfns,-11.016302108764648,0.3333333432674408,-11.016302108764648,0.3333333432674408,-11.016302108764648,0.3333333432674408
727,Park City Group Reports Financial Results for the Fiscal Second Quarter of 2020,1,neutral,1,neutral,neutral,1,0,FinGPT-mt-Llama2-7B-LoRA,tfns,-10.7136812210083,0.3333333432674408,-10.7136812210083,0.3333333432674408,-10.7136812210083,0.3333333432674408
728,Peak Positioning Technologies reports Q3 results,1,neutral,1,neutral,neutral,1,0,FinGPT-mt-Llama2-7B-LoRA,tfns,-10.83552360534668,0.3333333432674408,-10.83552360534668,0.3333333432674408,-10.83552360534668,0.3333333432674408
729,Plato Gold reports Q3 results,1,neutral,1,neutral,neutral,1,0,FinGPT-mt-Llama2-7B-LoRA,tfns,-10.34450626373291,0.3333333432674408,-10.34450626373291,0.3333333432674408,-10.34450626373291,0.3333333432674408
730,Publicis Groupe S.A. reports FY results,1,neutral,1,neutral,neutral,1,0,FinGPT-mt-Llama2-7B-LoRA,tfns,-10.959020614624023,0.3333333432674408,-10.959020614624023,0.3333333432674408,-10.959020614624023,0.3333333432674408
731,Q1 Earnings Preview For Nutanix,1,neutral,1,neutral,neutral,1,0,FinGPT-mt-Llama2-7B-LoRA,tfns,-10.785269737243652,0.3333333432674408,-10.785269737243652,0.3333333432674408,-10.785269737243652,0.3333333432674408
732,Quinsam Capital reports Q3 results,1,neutral,1,neutral,neutral,1,0,FinGPT-mt-Llama2-7B-LoRA,tfns,-10.53015422821045,0.3333333432674408,-10.53015422821045,0.3333333432674408,-10.53015422821045,0.3333333432674408
733,"Ruth's Hospitality Group, Inc. to Announce Fourth Quarter and Full Year 2019 Financial Results on February 21st, 2020",1,neutral,1,neutral,neutral,1,0,FinGPT-mt-Llama2-7B-LoRA,tfns,-10.650862693786621,0.3333333432674408,-10.650862693786621,0.3333333432674408,-10.650862693786621,0.3333333432674408
734,"Sally Beauty Holdings, Inc. Announces First Quarter Results",1,neutral,1,neutral,neutral,1,0,FinGPT-mt-Llama2-7B-LoRA,tfns,-10.897753715515137,0.3333333432674408,-10.897753715515137,0.3333333432674408,-10.897753715515137,0.3333333432674408
735,"ServiceSource to Hold Fourth Quarter and Full Year 2019 Financial Results Call on February 20, 2020",1,neutral,1,neutral,neutral,1,0,FinGPT-mt-Llama2-7B-LoRA,tfns,-10.598575592041016,0.3333333432674408,-10.598575592041016,0.3333333432674408,-10.598575592041016,0.3333333432674408
736,"Simon Property Group, Inc. Just Reported Annual Earnings: Have Analysts Changed Their Mind On The Stock?",1,neutral,1,neutral,neutral,1,0,FinGPT-mt-Llama2-7B-LoRA,tfns,-10.605361938476562,0.3333333432674408,-10.605361938476562,0.3333333432674408,-10.605361938476562,0.3333333432674408
737,Snap-on Announces Fourth Quarter and Full Year 2019 Results,1,neutral,1,neutral,neutral,1,0,FinGPT-mt-Llama2-7B-LoRA,tfns,-10.717312812805176,0.3333333432674408,-10.717312812805176,0.3333333432674408,-10.717312812805176,0.3333333432674408
738,Sun Pharmaceuticals Industries reports Q3 results,1,neutral,1,neutral,neutral,1,0,FinGPT-mt-Llama2-7B-LoRA,tfns,-11.019719123840332,0.3333333432674408,-11.019719123840332,0.3333333432674408,-11.019719123840332,0.3333333432674408
739,"Tapestry, Inc. Reports Fiscal 2020 Second Quarter Results",1,neutral,1,neutral,neutral,1,0,FinGPT-mt-Llama2-7B-LoRA,tfns,-10.670045852661133,0.3333333432674408,-10.670045852661133,0.3333333432674408,-10.670045852661133,0.3333333432674408
740,The RMR Group Inc. Announces First Quarter Fiscal 2020 Results,1,neutral,1,neutral,neutral,1,0,FinGPT-mt-Llama2-7B-LoRA,tfns,-10.598658561706543,0.3333333432674408,-10.598658561706543,0.3333333432674408,-10.598658561706543,0.3333333432674408
741,Twitter's Q4 Earnings Preview,1,neutral,1,neutral,neutral,1,0,FinGPT-mt-Llama2-7B-LoRA,tfns,-10.595147132873535,0.3333333432674408,-10.595147132873535,0.3333333432674408,-10.595147132873535,0.3333333432674408
742,Universal Electronics to Host Fourth Quarter 2019 Financial Results Conference Call on February 20th,1,neutral,1,neutral,neutral,1,0,FinGPT-mt-Llama2-7B-LoRA,tfns,-10.645419120788574,0.3333333432674408,-10.645419120788574,0.3333333432674408,-10.645419120788574,0.3333333432674408
743,Upcoming #earnings conference calls https://t.co/K4KO9JYhxN $JKS $HD $URBN $LOW $M $LB $SQM $BRC $GPS $FL $DELL $DE,1,neutral,2,positive,positive,0,0,FinGPT-mt-Llama2-7B-LoRA,tfns,-9.752287864685059,0.3333333432674408,-9.752287864685059,0.3333333432674408,-9.752287864685059,0.3333333432674408
744,Voya Financial Announces Fourth-Quarter and Full-Year 2019 Results,1,neutral,1,neutral,neutral,1,0,FinGPT-mt-Llama2-7B-LoRA,tfns,-10.606586456298828,0.3333333432674408,-10.606586456298828,0.3333333432674408,-10.606586456298828,0.3333333432674408
745,West End Indiana Bancshares : 3rd Quarter 2019 Earnings Release #WestEndIndianaBancshares #Stock #MarketScreener… https://t.co/PT0kmmpmrJ,1,neutral,1,neutral,neutral,1,0,FinGPT-mt-Llama2-7B-LoRA,tfns,-10.643059730529785,0.3333333432674408,-10.643059730529785,0.3333333432674408,-10.643059730529785,0.3333333432674408
746,What to Watch When Micron Reports Wednesday,1,neutral,1,neutral,neutral,1,0,FinGPT-mt-Llama2-7B-LoRA,tfns,-10.717869758605957,0.3333333432674408,-10.717869758605957,0.3333333432674408,-10.717869758605957,0.3333333432674408
747,$TOPS The world could soon run out of space to store oil. That may plunge prices below zero https://t.co/4ZEUx6r7qj.,0,negative,0,negative,negative,1,0,FinGPT-mt-Llama2-7B-LoRA,tfns,-10.03072738647461,0.3333333432674408,-10.03072738647461,0.3333333432674408,-10.03072738647461,0.3333333432674408
748,Can West Texas Intermediate crude fall beneath 50 cents a barrel? Someone thinks so https://t.co/cCYayTd9qW,0,negative,0,negative,negative,1,0,FinGPT-mt-Llama2-7B-LoRA,tfns,-9.795068740844727,0.3333333432674408,-9.795068740844727,0.3333333432674408,-9.795068740844727,0.3333333432674408
749,Fracking Blows Up Investors Again: Phase 2 Of The Great American Shale Oil & Gas Bust https://t.co/tsawCbV7Jn,0,negative,0,negative,negative,1,0,FinGPT-mt-Llama2-7B-LoRA,tfns,-9.727832794189453,0.3333333432674408,-9.727832794189453,0.3333333432674408,-9.727832794189453,0.3333333432674408
750,"Largest coal plant in the West shuts down, dealing financial losses to Native American tribes",0,negative,0,negative,negative,1,0,FinGPT-mt-Llama2-7B-LoRA,tfns,-10.032064437866211,0.3333333432674408,-10.032064437866211,0.3333333432674408,-10.032064437866211,0.3333333432674408
751,Oil companies warn Kansas City Fed there could be widespread insolvencies https://t.co/DRXouEBf0p,0,negative,0,negative,negative,1,0,FinGPT-mt-Llama2-7B-LoRA,tfns,-10.153824806213379,0.3333333432674408,-10.153824806213379,0.3333333432674408,-10.153824806213379,0.3333333432674408
752,Oil Slumps as Market Catches up with Empty Trade-Deal Talk,0,negative,0,negative,negative,1,0,FinGPT-mt-Llama2-7B-LoRA,tfns,-10.137090682983398,0.3333333432674408,-10.137090682983398,0.3333333432674408,-10.137090682983398,0.3333333432674408
753,OPEC+ Weighs Emergency Response as Oil Slumps on Virus Panic,0,negative,0,negative,negative,1,0,FinGPT-mt-Llama2-7B-LoRA,tfns,-10.149947166442871,0.3333333432674408,-10.149947166442871,0.3333333432674408,-10.149947166442871,0.3333333432674408
754,Saudis Slash Oil Prices in Asia as Virus Causes Demand Shock,0,negative,0,negative,negative,1,0,FinGPT-mt-Llama2-7B-LoRA,tfns,-10.138834953308105,0.3333333432674408,-10.138834953308105,0.3333333432674408,-10.138834953308105,0.3333333432674408
755,"The U.S. cut its oil output forecast by more than 1 million barrels a day, days before OPEC and other producers mee… https://t.co/1ileJAr6cD",0,negative,0,negative,negative,1,0,FinGPT-mt-Llama2-7B-LoRA,tfns,-9.827119827270508,0.3333333432674408,-9.827119827270508,0.3333333432674408,-9.827119827270508,0.3333333432674408
756,U.K. Flash PMIs - Uncertainty Driving Economy Into Recessionary Territory. Subscribe to Seeking Alpha for more:… https://t.co/5R3pl0m4Ik,0,negative,0,negative,negative,1,0,FinGPT-mt-Llama2-7B-LoRA,tfns,-9.72094440460205,0.3333333432674408,-9.72094440460205,0.3333333432674408,-9.72094440460205,0.3333333432674408
757,U.S. Shale Producers Slash Spending Once Again,0,negative,0,negative,negative,1,0,FinGPT-mt-Llama2-7B-LoRA,tfns,-10.280858039855957,0.3333333432674408,-10.280858039855957,0.3333333432674408,-10.280858039855957,0.3333333432674408
758,"$ASC - Coronavirus slowing oil product demand into China, Ardmore says https://t.co/Onv6h4wcFO",0,negative,0,negative,negative,1,0,FinGPT-mt-Llama2-7B-LoRA,tfns,-10.200908660888672,0.3333333432674408,-10.200908660888672,0.3333333432674408,-10.200908660888672,0.3333333432674408
759,$OIS - Waning Pricing Power Could Stymie Oil States. https://t.co/cv7dKthhRN #finance #stockmarket #economy,0,negative,0,negative,negative,1,0,FinGPT-mt-Llama2-7B-LoRA,tfns,-9.90003490447998,0.3333333432674408,-9.90003490447998,0.3333333432674408,-9.90003490447998,0.3333333432674408
760,$XLE $NOV $XEC - Oil slides again as traders await news on OPEC+ cuts https://t.co/fM4jMDNb9U,0,negative,0,negative,negative,1,0,FinGPT-mt-Llama2-7B-LoRA,tfns,-9.904739379882812,0.3333333432674408,-9.904739379882812,0.3333333432674408,-9.904739379882812,0.3333333432674408
761,"Damned if they do, damned if they don't: Investors are punishing major oil companies for new crude reserves-and cle… https://t.co/mILVq1M0cW",0,negative,0,negative,negative,1,0,FinGPT-mt-Llama2-7B-LoRA,tfns,-9.888153076171875,0.3333333432674408,-9.888153076171875,0.3333333432674408,-9.888153076171875,0.3333333432674408
762,Empty LNG tankers are idling off Qatar as China slows imports amid the virus outbreak https://t.co/Vhf6L9WRYU,0,negative,0,negative,negative,1,0,FinGPT-mt-Llama2-7B-LoRA,tfns,-9.6212158203125,0.3333333432674408,-9.6212158203125,0.3333333432674408,-9.6212158203125,0.3333333432674408
763,Energy Down After Coronavirus-Case Estimate Revision -- Energy Roundup #economy #MarketScreener… https://t.co/VUfTEliqBC,0,negative,0,negative,negative,1,0,FinGPT-mt-Llama2-7B-LoRA,tfns,-9.832625389099121,0.3333333432674408,-9.832625389099121,0.3333333432674408,-9.832625389099121,0.3333333432674408
764,Gasoline futures tumbled 17%to touch 50 cents a gallon for the first time since 2001 https://t.co/IEY9r0mWBR https://t.co/VDR92rHToO,0,negative,0,negative,negative,1,0,FinGPT-mt-Llama2-7B-LoRA,tfns,-9.953145980834961,0.3333333432674408,-9.953145980834961,0.3333333432674408,-9.953145980834961,0.3333333432674408
765,GlobalData : Pemex in no position to maintain output profitably regardless of OPEC+ reques... #GlobalData #economy… https://t.co/gkm88jCriu,0,negative,1,neutral,neutral,0,0,FinGPT-mt-Llama2-7B-LoRA,tfns,-9.773821830749512,0.3333333432674408,-9.773821830749512,0.3333333432674408,-9.773821830749512,0.3333333432674408
766,"Natural Gas $UNG sharp sell-off past month seeing over 15,000 April $17 ITM calls open into weakness today",0,negative,0,negative,negative,1,0,FinGPT-mt-Llama2-7B-LoRA,tfns,-10.150959014892578,0.3333333432674408,-10.150959014892578,0.3333333432674408,-10.150959014892578,0.3333333432674408
767,Natural Gas Finally Starting To Buckle Against The Broader Market Liquidation. https://t.co/I7Uxy9MOlT #stocks #stockmarket #business,0,negative,0,negative,negative,1,0,FinGPT-mt-Llama2-7B-LoRA,tfns,-9.891617774963379,0.3333333432674408,-9.891617774963379,0.3333333432674408,-9.891617774963379,0.3333333432674408
768,Oil drops 5% https://t.co/QTBfZT68Ti https://t.co/JQ8jsuuMhI,0,negative,0,negative,negative,1,0,FinGPT-mt-Llama2-7B-LoRA,tfns,-10.016420364379883,0.3333333432674408,-10.016420364379883,0.3333333432674408,-10.016420364379883,0.3333333432674408
769,Oil drops https://t.co/xb3srmfsWj https://t.co/I5DioT0KQk,0,negative,0,negative,negative,1,0,FinGPT-mt-Llama2-7B-LoRA,tfns,-10.089003562927246,0.3333333432674408,-10.089003562927246,0.3333333432674408,-10.089003562927246,0.3333333432674408
770,Oil expert: 'We're looking at a worst case scenario of a $41 a barrel' https://t.co/mTxDKbjfej by @GreteSuarez https://t.co/I9FfdG1OxC,0,negative,0,negative,negative,1,0,FinGPT-mt-Llama2-7B-LoRA,tfns,-9.58452033996582,0.3333333432674408,-9.58452033996582,0.3333333432674408,-9.58452033996582,0.3333333432674408
771,Oil futures fall below $50 a barrel to settle at lowest in more than a year https://t.co/2bTUny1QEA,0,negative,0,negative,negative,1,0,FinGPT-mt-Llama2-7B-LoRA,tfns,-9.894909858703613,0.3333333432674408,-9.894909858703613,0.3333333432674408,-9.894909858703613,0.3333333432674408
772,Oil Prices' Hard Landing Initializing Descent. Continue reading: https://t.co/4zqKuKP70N #markets #business #economy,0,negative,0,negative,negative,1,0,FinGPT-mt-Llama2-7B-LoRA,tfns,-9.891830444335938,0.3333333432674408,-9.891830444335938,0.3333333432674408,-9.891830444335938,0.3333333432674408
773,"Oil spikes, U.S. stock futures sink after Iranian general killed in airstrike https://t.co/T1MV2H4a2z",0,negative,0,negative,negative,1,0,FinGPT-mt-Llama2-7B-LoRA,tfns,-9.760468482971191,0.3333333432674408,-9.760468482971191,0.3333333432674408,-9.760468482971191,0.3333333432674408
774,Saudi Arabia tanker power play could backfire as oil demand shrinks https://t.co/NccWYluy4I https://t.co/5u2SO81qM2,0,negative,0,negative,negative,1,0,FinGPT-mt-Llama2-7B-LoRA,tfns,-9.913230895996094,0.3333333432674408,-9.913230895996094,0.3333333432674408,-9.913230895996094,0.3333333432674408
775,"WTI Extends Losses After Unexpected Crude Inventory Rise, Huge Product Build https://t.co/OYinFBsrnc",0,negative,0,negative,negative,1,0,FinGPT-mt-Llama2-7B-LoRA,tfns,-9.905492782592773,0.3333333432674408,-9.905492782592773,0.3333333432674408,-9.905492782592773,0.3333333432674408
776,Equinor Boosts Climate Targets as Oil Output Hits Record,2,positive,2,positive,positive,1,0,FinGPT-mt-Llama2-7B-LoRA,tfns,-10.663323402404785,0.3333333432674408,-10.663323402404785,0.3333333432674408,-10.663323402404785,0.3333333432674408
777,"Exxon: Shale Production Growth is Through the Roof, and It's Just Getting Started",2,positive,2,positive,positive,1,0,FinGPT-mt-Llama2-7B-LoRA,tfns,-10.784156799316406,0.3333333432674408,-10.784156799316406,0.3333333432674408,-10.784156799316406,0.3333333432674408
778,Lumber futures rally as producers cut output https://t.co/WsTaphOfvv,2,positive,2,positive,positive,1,0,FinGPT-mt-Llama2-7B-LoRA,tfns,-10.554367065429688,0.3333333432674408,-10.554367065429688,0.3333333432674408,-10.554367065429688,0.3333333432674408
779,Oil - The Shale Treadmill Is Going To Be A Thing Of Beauty. https://t.co/Efdq6nuU9b #stockmarket #economy #investing,2,positive,2,positive,positive,1,0,FinGPT-mt-Llama2-7B-LoRA,tfns,-10.324462890625,0.3333333432674408,-10.324462890625,0.3333333432674408,-10.324462890625,0.3333333432674408
780,Oil kicks off week with gains on fresh hopes for U.S.-China trade talks #economy #MarketScreener… https://t.co/8QB6hKz9lI,2,positive,2,positive,positive,1,0,FinGPT-mt-Llama2-7B-LoRA,tfns,-10.142170906066895,0.3333333432674408,-10.142170906066895,0.3333333432674408,-10.142170906066895,0.3333333432674408
781,"Oil nears three-month high as trade hopes, UK election lift sentiment",2,positive,2,positive,positive,1,0,FinGPT-mt-Llama2-7B-LoRA,tfns,-10.722296714782715,0.3333333432674408,-10.722296714782715,0.3333333432674408,-10.722296714782715,0.3333333432674408
782,Oil pared losses amid signs that Saudi Arabia and Russia are making progress toward an agreement to curb crude outp… https://t.co/d8GzSKGYQE,2,positive,2,positive,positive,1,0,FinGPT-mt-Llama2-7B-LoRA,tfns,-10.19734001159668,0.3333333432674408,-10.19734001159668,0.3333333432674408,-10.19734001159668,0.3333333432674408
783,Oil rises for a second day as OPEC+ weighs coronavirus action,2,positive,2,positive,positive,1,0,FinGPT-mt-Llama2-7B-LoRA,tfns,-10.722336769104004,0.3333333432674408,-10.722336769104004,0.3333333432674408,-10.722336769104004,0.3333333432674408
784,U.S. Oil Prices Edge Up as Traders Look to OPEC+ Meeting #WhitingPetroleum #Stock #MarketScreener… https://t.co/DVuLjISijw,2,positive,2,positive,positive,1,0,FinGPT-mt-Llama2-7B-LoRA,tfns,-10.268479347229004,0.3333333432674408,-10.268479347229004,0.3333333432674408,-10.268479347229004,0.3333333432674408
785,"Futures for Brent crude, a global benchmark, jumped 3.3% to $68.44 per barrel during Asian trading hours on Friday,… https://t.co/lHjTlVf46c",2,positive,2,positive,positive,1,0,FinGPT-mt-Llama2-7B-LoRA,tfns,-10.55020809173584,0.3333333432674408,-10.55020809173584,0.3333333432674408,-10.55020809173584,0.3333333432674408
786,Guyana is set to become a top oil producer with a newly-discovered offshore oil field. Insights via @CMEGroup https://t.co/RMDfHqqRm4,2,positive,2,positive,positive,1,0,FinGPT-mt-Llama2-7B-LoRA,tfns,-10.036482810974121,0.3333333432674408,-10.036482810974121,0.3333333432674408,-10.036482810974121,0.3333333432674408
787,Investment in Canada's oil-sands is forecast to grow for the first time since prices crashed in 2014 https://t.co/DiGWq1zdvr,2,positive,2,positive,positive,1,0,FinGPT-mt-Llama2-7B-LoRA,tfns,-10.368356704711914,0.3333333432674408,-10.368356704711914,0.3333333432674408,-10.368356704711914,0.3333333432674408
788,JUST RELEASED: Oil Price Dynamics Report Oil prices rose over the past week owing to decreased supply.… https://t.co/GDfcDZqNZ0,2,positive,2,positive,positive,1,0,FinGPT-mt-Llama2-7B-LoRA,tfns,-9.876066207885742,0.3333333432674408,-9.876066207885742,0.3333333432674408,-9.876066207885742,0.3333333432674408
789,Natural Gas And The Electric Power Sector: Mostly Bullish Signals. https://t.co/d1pDLS2Ej5 #markets #stocks #economy,2,positive,2,positive,positive,1,0,FinGPT-mt-Llama2-7B-LoRA,tfns,-10.024341583251953,0.3333333432674408,-10.024341583251953,0.3333333432674408,-10.024341583251953,0.3333333432674408
790,Oil held near $50 a barrel in New York on signs that OPEC and its allies probably won't go ahead with a much-touted… https://t.co/LXi5faZhIf,2,positive,2,positive,positive,1,0,FinGPT-mt-Llama2-7B-LoRA,tfns,-9.468052864074707,0.3333333432674408,-9.468052864074707,0.3333333432674408,-9.468052864074707,0.3333333432674408
791,"Oil prices soar after a U.S. air strike in Baghdad killed the head of Iran's elite Quds Force, raising concerns tha… https://t.co/982TZUwI2F",2,positive,0,negative,negative,0,0,FinGPT-mt-Llama2-7B-LoRA,tfns,-9.802444458007812,0.3333333432674408,-9.802444458007812,0.3333333432674408,-9.802444458007812,0.3333333432674408
792,"Oil prices surge after the U.S. kills Iran's top commander in an airstrike, Brent crude nears $70 a barrel.… https://t.co/H127IQcfte",2,positive,2,positive,positive,1,0,FinGPT-mt-Llama2-7B-LoRA,tfns,-10.43385124206543,0.3333333432674408,-10.43385124206543,0.3333333432674408,-10.43385124206543,0.3333333432674408
793,Oil rises for third day as coronavirus impact may spur output cuts #economy #MarketScreener https://t.co/8mQEa5vMRv https://t.co/AuaBTevMHr,2,positive,2,positive,positive,1,0,FinGPT-mt-Llama2-7B-LoRA,tfns,-9.903213500976562,0.3333333432674408,-9.903213500976562,0.3333333432674408,-9.903213500976562,0.3333333432674408
794,$UNG $WMB $XLE - U.S. oil firms vented or flared record amount of gas in 2018 https://t.co/JxF5CcvNyo,2,positive,0,negative,negative,0,0,FinGPT-mt-Llama2-7B-LoRA,tfns,-9.681716918945312,0.3333333432674408,-9.681716918945312,0.3333333432674408,-9.681716918945312,0.3333333432674408
795,Bipartisan Group Of US Lawmakers Introduce Bill Providing $3B To Buy Oil To Fill Strategic Petroleum Reserve $SPY… https://t.co/pBI3Mk19e7,2,positive,2,positive,positive,1,0,FinGPT-mt-Llama2-7B-LoRA,tfns,-9.697637557983398,0.3333333432674408,-9.697637557983398,0.3333333432674408,-9.697637557983398,0.3333333432674408
796,$COMDX: Energy Settlement Prices https://t.co/FTQnDmL7t5,1,neutral,1,neutral,neutral,1,0,FinGPT-mt-Llama2-7B-LoRA,tfns,-10.855256080627441,0.3333333432674408,-10.855256080627441,0.3333333432674408,-10.855256080627441,0.3333333432674408
797,$XLE: Sector Briefing: Energy https://t.co/JU4fcO0cpl,1,neutral,1,neutral,neutral,1,0,FinGPT-mt-Llama2-7B-LoRA,tfns,-10.580521583557129,0.3333333432674408,-10.580521583557129,0.3333333432674408,-10.580521583557129,0.3333333432674408
798,Chinese Gas Buyer CNOOC Declares Force Majeure on LNG Contracts,1,neutral,0,negative,negative,0,0,FinGPT-mt-Llama2-7B-LoRA,tfns,-9.856956481933594,0.3333333432674408,-9.856956481933594,0.3333333432674408,-9.856956481933594,0.3333333432674408
799,Crude Oil Price Forecast – Could Oil Markets Take A Hit,1,neutral,0,negative,negative,0,0,FinGPT-mt-Llama2-7B-LoRA,tfns,-10.253105163574219,0.3333333432674408,-10.253105163574219,0.3333333432674408,-10.253105163574219,0.3333333432674408
800,"Exxon and Papua New Guinea should return to LNG negotiating table, says Total CEO",1,neutral,2,positive,positive,0,0,FinGPT-mt-Llama2-7B-LoRA,tfns,-9.752315521240234,0.3333333432674408,-9.752315521240234,0.3333333432674408,-9.752315521240234,0.3333333432674408
801,Oil Price Fundamental Daily Forecast – Lack of Details Over Trade Deal Progress Capping Prices,1,neutral,0,negative,negative,0,0,FinGPT-mt-Llama2-7B-LoRA,tfns,-9.752174377441406,0.3333333432674408,-9.752174377441406,0.3333333432674408,-9.752174377441406,0.3333333432674408
802,Oil traders and sellers are looking at floating storage as they grapple with the effects of coronavirus https://t.co/dSRKUccfEB,1,neutral,1,neutral,neutral,1,0,FinGPT-mt-Llama2-7B-LoRA,tfns,-10.108589172363281,0.3333333432674408,-10.108589172363281,0.3333333432674408,-10.108589172363281,0.3333333432674408
803,OPEC+ Extends Virus Crisis Talks as Russia Resists Oil Cuts,1,neutral,2,positive,positive,0,0,FinGPT-mt-Llama2-7B-LoRA,tfns,-10.324312210083008,0.3333333432674408,-10.324312210083008,0.3333333432674408,-10.324312210083008,0.3333333432674408
804,Russia Asks for Time as OPEC+ Technocrats Recommend Oil Cut,1,neutral,0,negative,negative,0,0,FinGPT-mt-Llama2-7B-LoRA,tfns,-10.01721477508545,0.3333333432674408,-10.01721477508545,0.3333333432674408,-10.01721477508545,0.3333333432674408
805,"Starting next year, jet fuel suppliers in Norway must blend 0.5% of biofuel in all their aviation fuel, a policy th… https://t.co/qE7kEu9aEv",1,neutral,1,neutral,neutral,1,0,FinGPT-mt-Llama2-7B-LoRA,tfns,-10.717239379882812,0.3333333432674408,-10.717239379882812,0.3333333432674408,-10.717239379882812,0.3333333432674408
806,"U.S. rig count stays flat, Baker Hughes reports",1,neutral,1,neutral,neutral,1,0,FinGPT-mt-Llama2-7B-LoRA,tfns,-9.903692245483398,0.3333333432674408,-9.903692245483398,0.3333333432674408,-9.903692245483398,0.3333333432674408
807,$UNG $DGAZ $UGAZ - Natural gas inventory draw in-line with estimates https://t.co/bdJKXSH7Ye,1,neutral,2,positive,positive,0,0,FinGPT-mt-Llama2-7B-LoRA,tfns,-10.433218002319336,0.3333333432674408,-10.433218002319336,0.3333333432674408,-10.433218002319336,0.3333333432674408
808,$USO $XLE $OIL - No oil market fix from today's G-20 meeting https://t.co/la6aPsRBh6,1,neutral,1,neutral,neutral,1,0,FinGPT-mt-Llama2-7B-LoRA,tfns,-10.252697944641113,0.3333333432674408,-10.252697944641113,0.3333333432674408,-10.252697944641113,0.3333333432674408
809,December bump in oil prices not enough to salvage energy earnings #Samp;P500 #economy #MarketScreener… https://t.co/oi6a3rLykt,1,neutral,1,neutral,neutral,1,0,FinGPT-mt-Llama2-7B-LoRA,tfns,-9.916987419128418,0.3333333432674408,-9.916987419128418,0.3333333432674408,-9.916987419128418,0.3333333432674408
810,"Despite OPEC+ deal collapse, Saudi oil exports yet to rise-sources https://t.co/kPGWllrMqi https://t.co/47FpVRrhMY",1,neutral,1,neutral,neutral,1,0,FinGPT-mt-Llama2-7B-LoRA,tfns,-10.157544136047363,0.3333333432674408,-10.157544136047363,0.3333333432674408,-10.157544136047363,0.3333333432674408
811,Ecuador awards 20.2 mln barrel oil supply contract to Shell unit #economy #MarketScreener https://t.co/f9C9uAR7lG https://t.co/KrI5G5eZJO,1,neutral,1,neutral,neutral,1,0,FinGPT-mt-Llama2-7B-LoRA,tfns,-9.803510665893555,0.3333333432674408,-9.803510665893555,0.3333333432674408,-9.803510665893555,0.3333333432674408
812,"In oil market standoff with Saudi Arabia, weakened rouble helps Russia #SaudiArabianOil #Stock #MarketScreener… https://t.co/wj5c7AaMXF",1,neutral,0,negative,negative,0,0,FinGPT-mt-Llama2-7B-LoRA,tfns,-9.506927490234375,0.3333333432674408,-9.506927490234375,0.3333333432674408,-9.506927490234375,0.3333333432674408
813,LHN : Moscow Exchange to launch natural gas futures #LHN #Stock #MarketScreener https://t.co/3F477DYamU https://t.co/KrqtIuhvoO,1,neutral,1,neutral,neutral,1,0,FinGPT-mt-Llama2-7B-LoRA,tfns,-10.170856475830078,0.3333333432674408,-10.170856475830078,0.3333333432674408,-10.170856475830078,0.3333333432674408
814,News Highlights : Top Energy News of the Day #WTI #Stock #MarketScreener https://t.co/N5y62YFanH https://t.co/DKGKz9lvWI,1,neutral,1,neutral,neutral,1,0,FinGPT-mt-Llama2-7B-LoRA,tfns,-10.709969520568848,0.3333333432674408,-10.709969520568848,0.3333333432674408,-10.709969520568848,0.3333333432674408
815,News Highlights : Top Energy News of the Day #WTI #Stock #MarketScreener https://t.co/xtZKbd5J1L https://t.co/KsI3MoSvPq,1,neutral,1,neutral,neutral,1,0,FinGPT-mt-Llama2-7B-LoRA,tfns,-10.89389705657959,0.3333333432674408,-10.89389705657959,0.3333333432674408,-10.89389705657959,0.3333333432674408
816,Oil - Low Refinery Throughput Does Not Appear To Be A Structural Issue Just Yet. Follow this and any other stock on… https://t.co/kmQg86qyXL,1,neutral,1,neutral,neutral,1,0,FinGPT-mt-Llama2-7B-LoRA,tfns,-10.391351699829102,0.3333333432674408,-10.391351699829102,0.3333333432674408,-10.391351699829102,0.3333333432674408
817,Oil workers from the United States are leaving Iraq after Iranian military leader Qasem Soleimani was killed in a U… https://t.co/MFcBJAERvs,1,neutral,1,neutral,neutral,1,0,FinGPT-mt-Llama2-7B-LoRA,tfns,-10.057027816772461,0.3333333432674408,-10.057027816772461,0.3333333432674408,-10.057027816772461,0.3333333432674408
818,OPEC and Russia postponed a meeting that could end a price war and reduce a supply glut that has driven oil futures… https://t.co/FfJ65bScoJ,1,neutral,1,neutral,neutral,1,0,FinGPT-mt-Llama2-7B-LoRA,tfns,-10.095842361450195,0.3333333432674408,-10.095842361450195,0.3333333432674408,-10.095842361450195,0.3333333432674408
819,OPEC+ will adjust its output target and redistribute production cuts between its members under pressure from Saudi… https://t.co/9LLzyIDWqG,1,neutral,1,neutral,neutral,1,0,FinGPT-mt-Llama2-7B-LoRA,tfns,-10.519749641418457,0.3333333432674408,-10.519749641418457,0.3333333432674408,-10.519749641418457,0.3333333432674408
820,"Saudi Arabia and Kuwait have authorized the restart of oil production at the Wafra field from Sunday, more than fou… https://t.co/QzwNno2qrE",1,neutral,2,positive,positive,0,0,FinGPT-mt-Llama2-7B-LoRA,tfns,-10.202727317810059,0.3333333432674408,-10.202727317810059,0.3333333432674408,-10.202727317810059,0.3333333432674408
821,Saudi Arabia is reviewing its plan for life after oil with Crown Prince Mohammed bin Salman said to be unsatisfied… https://t.co/oWcSqo1dE1,1,neutral,1,neutral,neutral,1,0,FinGPT-mt-Llama2-7B-LoRA,tfns,-10.629719734191895,0.3333333432674408,-10.629719734191895,0.3333333432674408,-10.629719734191895,0.3333333432674408
822,"The FRED Blog plots the spot price of oil (West Texas Intermediate) against the 5-year, 5-year forward expected inf… https://t.co/KPO4aknMBx",1,neutral,1,neutral,neutral,1,0,FinGPT-mt-Llama2-7B-LoRA,tfns,-10.89003849029541,0.3333333432674408,-10.89003849029541,0.3333333432674408,-10.89003849029541,0.3333333432674408
823,The Oil Price War: A 3-Ring Circus. https://t.co/IBrJTQmcvM #stockmarket #trading #economy,1,neutral,0,negative,negative,0,0,FinGPT-mt-Llama2-7B-LoRA,tfns,-9.509115219116211,0.3333333432674408,-9.509115219116211,0.3333333432674408,-9.509115219116211,0.3333333432674408
824,The Oil to Toilet Paper price ratio has never been this low,1,neutral,0,negative,negative,0,0,FinGPT-mt-Llama2-7B-LoRA,tfns,-10.238701820373535,0.3333333432674408,-10.238701820373535,0.3333333432674408,-10.238701820373535,0.3333333432674408
825,The world's largest oil producers are groping their way toward a deal on who's willing to cut production and by how… https://t.co/zhXJENTilz,1,neutral,1,neutral,neutral,1,0,FinGPT-mt-Llama2-7B-LoRA,tfns,-9.910083770751953,0.3333333432674408,-9.910083770751953,0.3333333432674408,-9.910083770751953,0.3333333432674408
826,Trump says US will 'help Mexico along' with its OPEC+ production cuts. https://t.co/NdNXHiJV3E,1,neutral,1,neutral,neutral,1,0,FinGPT-mt-Llama2-7B-LoRA,tfns,-10.400849342346191,0.3333333432674408,-10.400849342346191,0.3333333432674408,-10.400849342346191,0.3333333432674408
827,U.S. should stop preventing Iran from selling oil - Iran foreign minister #economy #MarketScreener… https://t.co/KXV6FrmF1S,1,neutral,1,neutral,neutral,1,0,FinGPT-mt-Llama2-7B-LoRA,tfns,-9.653424263000488,0.3333333432674408,-9.653424263000488,0.3333333432674408,-9.653424263000488,0.3333333432674408
828,Upstream Service Sector In The New Sub-$40/bbl Brent Environment. https://t.co/AiurrUmXJP #trading #finance #markets,1,neutral,1,neutral,neutral,1,0,FinGPT-mt-Llama2-7B-LoRA,tfns,-9.603736877441406,0.3333333432674408,-9.603736877441406,0.3333333432674408,-9.603736877441406,0.3333333432674408
829,"$HOLX: Hologic sees Q2 below consensus, withdraws FY 20 guidance https://t.co/GXnXlLa9uZ",0,negative,0,negative,negative,1,0,FinGPT-mt-Llama2-7B-LoRA,tfns,-9.963993072509766,0.3333333432674408,-9.963993072509766,0.3333333432674408,-9.963993072509766,0.3333333432674408
830,$IART - Integra LifeSciences sees drop in Q1 revenue amid COVID-19 https://t.co/E7Eo6ADSvu,0,negative,0,negative,negative,1,0,FinGPT-mt-Llama2-7B-LoRA,tfns,-9.865894317626953,0.3333333432674408,-9.865894317626953,0.3333333432674408,-9.865894317626953,0.3333333432674408
831,$NSTG - NanoString Q1 top line shy of guidance amid COVID-19 https://t.co/zst2W9TDhE,0,negative,0,negative,negative,1,0,FinGPT-mt-Llama2-7B-LoRA,tfns,-9.918147087097168,0.3333333432674408,-9.918147087097168,0.3333333432674408,-9.918147087097168,0.3333333432674408
832,"$PRCP - Perceptron EPS misses by $0.02, misses on revenue https://t.co/jNVJq3onzx",0,negative,0,negative,negative,1,0,FinGPT-mt-Llama2-7B-LoRA,tfns,-9.900389671325684,0.3333333432674408,-9.900389671325684,0.3333333432674408,-9.900389671325684,0.3333333432674408
833,$PXLW: Pixelworks reports prelim Q1 revs below consensus https://t.co/xPleDhctYT,0,negative,0,negative,negative,1,0,FinGPT-mt-Llama2-7B-LoRA,tfns,-10.083828926086426,0.3333333432674408,-10.083828926086426,0.3333333432674408,-10.083828926086426,0.3333333432674408
834,"$RLGT - Radiant Logistics EPS misses by $0.04, misses on revenue https://t.co/6PdH5dGuBC",0,negative,0,negative,negative,1,0,FinGPT-mt-Llama2-7B-LoRA,tfns,-9.788609504699707,0.3333333432674408,-9.788609504699707,0.3333333432674408,-9.788609504699707,0.3333333432674408
835,$SILC: Silicom Limited sees Q1 revs below consensus https://t.co/wGtSELbYrm,0,negative,0,negative,negative,1,0,FinGPT-mt-Llama2-7B-LoRA,tfns,-9.967949867248535,0.3333333432674408,-9.967949867248535,0.3333333432674408,-9.967949867248535,0.3333333432674408
836,$SPNE: SeaSpine reports prelim Q1 revs below consensus; withdraws FY20 guidance https://t.co/260zcwPGAX,0,negative,0,negative,negative,1,0,FinGPT-mt-Llama2-7B-LoRA,tfns,-9.959515571594238,0.3333333432674408,-9.959515571594238,0.3333333432674408,-9.959515571594238,0.3333333432674408
837,"Affimed EPS misses by €0.03, misses on revenue",0,negative,0,negative,negative,1,0,FinGPT-mt-Llama2-7B-LoRA,tfns,-10.021331787109375,0.3333333432674408,-10.021331787109375,0.3333333432674408,-10.021331787109375,0.3333333432674408
838,BJ's Wholesale lowers 2019 sales outlook to approximately $12.9 bln from $12.9 bln-$13.2 bln,0,negative,0,negative,negative,1,0,FinGPT-mt-Llama2-7B-LoRA,tfns,-9.967423439025879,0.3333333432674408,-9.967423439025879,0.3333333432674408,-9.967423439025879,0.3333333432674408
839,"Brixmor Property FFO misses by $0.01, misses on revenue",0,negative,0,negative,negative,1,0,FinGPT-mt-Llama2-7B-LoRA,tfns,-9.913265228271484,0.3333333432674408,-9.913265228271484,0.3333333432674408,-9.913265228271484,0.3333333432674408
840,"Brookfield Business Partners L.P. EPS misses by $1.41, misses on revenue",0,negative,0,negative,negative,1,0,FinGPT-mt-Llama2-7B-LoRA,tfns,-9.914830207824707,0.3333333432674408,-9.914830207824707,0.3333333432674408,-9.914830207824707,0.3333333432674408
841,"Caterpillar Inc.'s 2020 profit outlook trailed analysts' estimates, with the heavy-equipment saying continued econo... https://t.co/xbEWT86BAc",0,negative,0,negative,negative,1,0,FinGPT-mt-Llama2-7B-LoRA,tfns,-9.85153579711914,0.3333333432674408,-9.85153579711914,0.3333333432674408,-9.85153579711914,0.3333333432674408
842,Coach owner Tapestry cuts profit forecast on coronavirus hit,0,negative,0,negative,negative,1,0,FinGPT-mt-Llama2-7B-LoRA,tfns,-10.13585090637207,0.3333333432674408,-10.13585090637207,0.3333333432674408,-10.13585090637207,0.3333333432674408
843,"CoreSite Realty FFO misses by $0.01, misses on revenue",0,negative,0,negative,negative,1,0,FinGPT-mt-Llama2-7B-LoRA,tfns,-10.025562286376953,0.3333333432674408,-10.025562286376953,0.3333333432674408,-10.025562286376953,0.3333333432674408
844,Kellogg sees 2020 adj. currency-neutral EPS down 3%-4%,0,negative,0,negative,negative,1,0,FinGPT-mt-Llama2-7B-LoRA,tfns,-9.923491477966309,0.3333333432674408,-9.923491477966309,0.3333333432674408,-9.923491477966309,0.3333333432674408
845,Kohl's Q3 EPS 78 cents vs. 98 cents,0,negative,0,negative,negative,1,0,FinGPT-mt-Llama2-7B-LoRA,tfns,-9.968588829040527,0.3333333432674408,-9.968588829040527,0.3333333432674408,-9.968588829040527,0.3333333432674408
846,Kohl's Q3 revenue $4.625 bln vs. $4.628 bln; FactSet consensus $4.399 bln,0,negative,0,negative,negative,1,0,FinGPT-mt-Llama2-7B-LoRA,tfns,-9.924728393554688,0.3333333432674408,-9.924728393554688,0.3333333432674408,-9.924728393554688,0.3333333432674408
847,Macy's Q3 same-store sales down 3.5%,0,negative,0,negative,negative,1,0,FinGPT-mt-Llama2-7B-LoRA,tfns,-10.126914978027344,0.3333333432674408,-10.126914978027344,0.3333333432674408,-10.126914978027344,0.3333333432674408
848,National Oilwell Varco EPS of -$1.01,0,negative,0,negative,negative,1,0,FinGPT-mt-Llama2-7B-LoRA,tfns,-10.141438484191895,0.3333333432674408,-10.141438484191895,0.3333333432674408,-10.141438484191895,0.3333333432674408
849,"New Jersey Resources EPS misses by $0.33, misses on revenue",0,negative,0,negative,negative,1,0,FinGPT-mt-Llama2-7B-LoRA,tfns,-10.023938179016113,0.3333333432674408,-10.023938179016113,0.3333333432674408,-10.023938179016113,0.3333333432674408
850,New York Times sees Q1 ad revenue down about 10%,0,negative,0,negative,negative,1,0,FinGPT-mt-Llama2-7B-LoRA,tfns,-10.200154304504395,0.3333333432674408,-10.200154304504395,0.3333333432674408,-10.200154304504395,0.3333333432674408
851,"Nordic American Tankers EPS misses by $0.04, misses on revenue",0,negative,0,negative,negative,1,0,FinGPT-mt-Llama2-7B-LoRA,tfns,-9.909745216369629,0.3333333432674408,-9.909745216369629,0.3333333432674408,-9.909745216369629,0.3333333432674408
852,Penn National EPS of -$0.80,0,negative,0,negative,negative,1,0,FinGPT-mt-Llama2-7B-LoRA,tfns,-9.962271690368652,0.3333333432674408,-9.962271690368652,0.3333333432674408,-9.962271690368652,0.3333333432674408
853,"PPDAI Group EPS misses by $0.0452, misses on revenue",0,negative,0,negative,negative,1,0,FinGPT-mt-Llama2-7B-LoRA,tfns,-9.909072875976562,0.3333333432674408,-9.909072875976562,0.3333333432674408,-9.909072875976562,0.3333333432674408
854,"Ship Finance EPS misses by $0.18, misses on revenue",0,negative,0,negative,negative,1,0,FinGPT-mt-Llama2-7B-LoRA,tfns,-10.022159576416016,0.3333333432674408,-10.022159576416016,0.3333333432674408,-10.022159576416016,0.3333333432674408
855,"Suburban Propane Partners EPS misses by $0.02, misses on revenue",0,negative,0,negative,negative,1,0,FinGPT-mt-Llama2-7B-LoRA,tfns,-9.91380786895752,0.3333333432674408,-9.91380786895752,0.3333333432674408,-9.91380786895752,0.3333333432674408
856,Target Hospitality Corp. Just Missed EPS By 34%: Here's What Analysts Think Will Happen Next,0,negative,0,negative,negative,1,0,FinGPT-mt-Llama2-7B-LoRA,tfns,-9.732580184936523,0.3333333432674408,-9.732580184936523,0.3333333432674408,-9.732580184936523,0.3333333432674408
857,ThermoGenesis misses on revenue,0,negative,0,negative,negative,1,0,FinGPT-mt-Llama2-7B-LoRA,tfns,-9.482222557067871,0.3333333432674408,-9.482222557067871,0.3333333432674408,-9.482222557067871,0.3333333432674408
858,"Tyson Foods EPS misses by $0.01, misses on revenue",0,negative,0,negative,negative,1,0,FinGPT-mt-Llama2-7B-LoRA,tfns,-10.023171424865723,0.3333333432674408,-10.023171424865723,0.3333333432674408,-10.023171424865723,0.3333333432674408
859,Tyson Foods Q1 prepared foods sales fell 3.1% to $2.14 bln,0,negative,0,negative,negative,1,0,FinGPT-mt-Llama2-7B-LoRA,tfns,-10.042617797851562,0.3333333432674408,-10.042617797851562,0.3333333432674408,-10.042617797851562,0.3333333432674408
860,"Vir Biotechnology EPS misses by $0.52, misses on revenue",0,negative,0,negative,negative,1,0,FinGPT-mt-Llama2-7B-LoRA,tfns,-9.95984935760498,0.3333333432674408,-9.95984935760498,0.3333333432674408,-9.95984935760498,0.3333333432674408
861,"Volkswagen cuts profit, sales forecasts as autos downturn bites",0,negative,0,negative,negative,1,0,FinGPT-mt-Llama2-7B-LoRA,tfns,-10.135218620300293,0.3333333432674408,-10.135218620300293,0.3333333432674408,-10.135218620300293,0.3333333432674408
862,Zynga (ZNGA) Q4 Earnings Miss Estimates - Nasdaq,0,negative,0,negative,negative,1,0,FinGPT-mt-Llama2-7B-LoRA,tfns,-10.021583557128906,0.3333333432674408,-10.021583557128906,0.3333333432674408,-10.021583557128906,0.3333333432674408
863,"$ANGO: AngioDynamics beats by $0.02, beats on revs; withdraws FY20 guidance https://t.co/aNS8ghvyjy",2,positive,2,positive,positive,1,0,FinGPT-mt-Llama2-7B-LoRA,tfns,-10.73193073272705,0.3333333432674408,-10.73193073272705,0.3333333432674408,-10.73193073272705,0.3333333432674408
864,"$BHF - Brighthouse Financial EPS beats by $0.27, beats on revenue https://t.co/hMLskSiNCP",2,positive,2,positive,positive,1,0,FinGPT-mt-Llama2-7B-LoRA,tfns,-10.970539093017578,0.3333333432674408,-10.970539093017578,0.3333333432674408,-10.970539093017578,0.3333333432674408
865,"$CHGG - Chegg EPS beats by $0.06, beats on revenue https://t.co/ymtDWb33bD",2,positive,2,positive,positive,1,0,FinGPT-mt-Llama2-7B-LoRA,tfns,-10.725835800170898,0.3333333432674408,-10.725835800170898,0.3333333432674408,-10.725835800170898,0.3333333432674408
866,"$IIVI - II-VI EPS in-line, beats on revenue https://t.co/CXUZw29Z3g",2,positive,2,positive,positive,1,0,FinGPT-mt-Llama2-7B-LoRA,tfns,-10.369597434997559,0.3333333432674408,-10.369597434997559,0.3333333432674408,-10.369597434997559,0.3333333432674408
867,"$JCOM - j2 Global EPS beats by $0.01, beats on revenue https://t.co/i7AKcjCVj2",2,positive,2,positive,positive,1,0,FinGPT-mt-Llama2-7B-LoRA,tfns,-10.785987854003906,0.3333333432674408,-10.785987854003906,0.3333333432674408,-10.785987854003906,0.3333333432674408
868,"$MIME - Mimecast EPS beats by $0.02, beats on revenue https://t.co/W0BN0AakK6",2,positive,2,positive,positive,1,0,FinGPT-mt-Llama2-7B-LoRA,tfns,-10.604806900024414,0.3333333432674408,-10.604806900024414,0.3333333432674408,-10.604806900024414,0.3333333432674408
869,$PSMT: PriceSmart announced that for the month of March 2020 net merchandise sales increased 17.1% to $306.1... https://t.co/fjoxrpZfZ9,2,positive,2,positive,positive,1,0,FinGPT-mt-Llama2-7B-LoRA,tfns,-10.672285079956055,0.3333333432674408,-10.672285079956055,0.3333333432674408,-10.672285079956055,0.3333333432674408
870,"$SGH - SMART Global EPS beats by $0.02, beats on revenue https://t.co/Fyds4oELv7",2,positive,2,positive,positive,1,0,FinGPT-mt-Llama2-7B-LoRA,tfns,-10.78784465789795,0.3333333432674408,-10.78784465789795,0.3333333432674408,-10.78784465789795,0.3333333432674408
871,Ã‚Â Chegg Reports 2019 Financial Results and Raises 2020 Guidance,2,positive,2,positive,positive,1,0,FinGPT-mt-Llama2-7B-LoRA,tfns,-10.322375297546387,0.3333333432674408,-10.322375297546387,0.3333333432674408,-10.322375297546387,0.3333333432674408
872,"Albany EPS beats by $0.24, beats on revenue",2,positive,2,positive,positive,1,0,FinGPT-mt-Llama2-7B-LoRA,tfns,-10.721092224121094,0.3333333432674408,-10.721092224121094,0.3333333432674408,-10.721092224121094,0.3333333432674408
873,"Becton Dickinson Earnings, Revenue Beat in Q1",2,positive,2,positive,positive,1,0,FinGPT-mt-Llama2-7B-LoRA,tfns,-10.783321380615234,0.3333333432674408,-10.783321380615234,0.3333333432674408,-10.783321380615234,0.3333333432674408
874,"Blackbaud EPS beats by $0.01, beats on revenue",2,positive,2,positive,positive,1,0,FinGPT-mt-Llama2-7B-LoRA,tfns,-10.722197532653809,0.3333333432674408,-10.722197532653809,0.3333333432674408,-10.722197532653809,0.3333333432674408
875,Chipotle Earnings Highlight Strong Business Momentum,2,positive,2,positive,positive,1,0,FinGPT-mt-Llama2-7B-LoRA,tfns,-10.720725059509277,0.3333333432674408,-10.720725059509277,0.3333333432674408,-10.720725059509277,0.3333333432674408
876,"Construction Partners EPS in-line, beats on revenue",2,positive,2,positive,positive,1,0,FinGPT-mt-Llama2-7B-LoRA,tfns,-10.426761627197266,0.3333333432674408,-10.426761627197266,0.3333333432674408,-10.426761627197266,0.3333333432674408
877,Equinor fourth-quarter profit beats forecast amid oilfield startup,2,positive,2,positive,positive,1,0,FinGPT-mt-Llama2-7B-LoRA,tfns,-10.663224220275879,0.3333333432674408,-10.663224220275879,0.3333333432674408,-10.663224220275879,0.3333333432674408
878,"Euroseas EPS beats by $0.02, beats on revenue",2,positive,2,positive,positive,1,0,FinGPT-mt-Llama2-7B-LoRA,tfns,-10.72156047821045,0.3333333432674408,-10.72156047821045,0.3333333432674408,-10.72156047821045,0.3333333432674408
879,"EVI Industries Sets Records for Revenue, Gross Profit and Operating Cash Flow for Second Quarter of Fiscal 2020",2,positive,2,positive,positive,1,0,FinGPT-mt-Llama2-7B-LoRA,tfns,-10.727848052978516,0.3333333432674408,-10.727848052978516,0.3333333432674408,-10.727848052978516,0.3333333432674408
880,Fiat Chrysler fourth-quarter lifted by North America business to meet expectations,2,positive,2,positive,positive,1,0,FinGPT-mt-Llama2-7B-LoRA,tfns,-10.53990650177002,0.3333333432674408,-10.53990650177002,0.3333333432674408,-10.53990650177002,0.3333333432674408
881,Geely's Volvo posts 18% rise in fourth-quarter profit,2,positive,2,positive,positive,1,0,FinGPT-mt-Llama2-7B-LoRA,tfns,-10.537269592285156,0.3333333432674408,-10.537269592285156,0.3333333432674408,-10.537269592285156,0.3333333432674408
882,Home Depot Q3 comparable-store sales in U.S. up 3.8%,2,positive,2,positive,positive,1,0,FinGPT-mt-Llama2-7B-LoRA,tfns,-10.658129692077637,0.3333333432674408,-10.658129692077637,0.3333333432674408,-10.658129692077637,0.3333333432674408
883,"II-VI EPS in-line, beats on revenue",2,positive,2,positive,positive,1,0,FinGPT-mt-Llama2-7B-LoRA,tfns,-10.42570972442627,0.3333333432674408,-10.42570972442627,0.3333333432674408,-10.42570972442627,0.3333333432674408
884,Just Energy (JE) Tops Q3 Earnings Estimates,2,positive,2,positive,positive,1,0,FinGPT-mt-Llama2-7B-LoRA,tfns,-10.722750663757324,0.3333333432674408,-10.722750663757324,0.3333333432674408,-10.722750663757324,0.3333333432674408
885,"LexinFintech EPS in-line, beats on revenue",2,positive,2,positive,positive,1,0,FinGPT-mt-Llama2-7B-LoRA,tfns,-10.196504592895508,0.3333333432674408,-10.196504592895508,0.3333333432674408,-10.196504592895508,0.3333333432674408
886,Madison Square Garden Q2 EPS $3.93 vs. $3.42,2,positive,2,positive,positive,1,0,FinGPT-mt-Llama2-7B-LoRA,tfns,-10.490050315856934,0.3333333432674408,-10.490050315856934,0.3333333432674408,-10.490050315856934,0.3333333432674408
887,Nokia posts surprise fourth-quarter profit rise on cost cuts,2,positive,2,positive,positive,1,0,FinGPT-mt-Llama2-7B-LoRA,tfns,-10.722675323486328,0.3333333432674408,-10.722675323486328,0.3333333432674408,-10.722675323486328,0.3333333432674408
888,"OneMain Holdings EPS beats by $0.21, beats on revenue",2,positive,2,positive,positive,1,0,FinGPT-mt-Llama2-7B-LoRA,tfns,-10.723369598388672,0.3333333432674408,-10.723369598388672,0.3333333432674408,-10.723369598388672,0.3333333432674408
889,"PJT Partners EPS beats by $0.11, beats on revenue",2,positive,2,positive,positive,1,0,FinGPT-mt-Llama2-7B-LoRA,tfns,-10.723223686218262,0.3333333432674408,-10.723223686218262,0.3333333432674408,-10.723223686218262,0.3333333432674408
890,Popeyes Chicken Sandwich Causes Sales to Jump 42% Higher,2,positive,2,positive,positive,1,0,FinGPT-mt-Llama2-7B-LoRA,tfns,-10.6561861038208,0.3333333432674408,-10.6561861038208,0.3333333432674408,-10.6561861038208,0.3333333432674408
891,"QIWI plc EPS beats by $0.15, beats on revenue",2,positive,2,positive,positive,1,0,FinGPT-mt-Llama2-7B-LoRA,tfns,-10.723404884338379,0.3333333432674408,-10.723404884338379,0.3333333432674408,-10.723404884338379,0.3333333432674408
892,Rapid7 (RPD) Q4 Earnings and Revenues Beat Estimates,2,positive,2,positive,positive,1,0,FinGPT-mt-Llama2-7B-LoRA,tfns,-10.724003791809082,0.3333333432674408,-10.724003791809082,0.3333333432674408,-10.724003791809082,0.3333333432674408
893,"Regeneron Pharmaceuticals EPS beats by $0.59, beats on revenue",2,positive,2,positive,positive,1,0,FinGPT-mt-Llama2-7B-LoRA,tfns,-10.78565502166748,0.3333333432674408,-10.78565502166748,0.3333333432674408,-10.78565502166748,0.3333333432674408
894,"RMR Group EPS beats by $0.01, beats on revenue",2,positive,2,positive,positive,1,0,FinGPT-mt-Llama2-7B-LoRA,tfns,-10.722798347473145,0.3333333432674408,-10.722798347473145,0.3333333432674408,-10.722798347473145,0.3333333432674408
895,"Samsung first-quarter beats estimates; chips likely to prop up virus-hit second-quarter - Reuters

https://t.co/ogYnZF6u6X",2,positive,2,positive,positive,1,0,FinGPT-mt-Llama2-7B-LoRA,tfns,-10.61269760131836,0.3333333432674408,-10.61269760131836,0.3333333432674408,-10.61269760131836,0.3333333432674408
896,Sanofi eyes more EPS growth this year as it narrows focus,2,positive,2,positive,positive,1,0,FinGPT-mt-Llama2-7B-LoRA,tfns,-10.659046173095703,0.3333333432674408,-10.659046173095703,0.3333333432674408,-10.659046173095703,0.3333333432674408
897,Skechers Announces Record Fourth Quarter Sales of $1.33 Billion and Record Annual Sales of $5.22 Billion in 2019,2,positive,2,positive,positive,1,0,FinGPT-mt-Llama2-7B-LoRA,tfns,-10.786552429199219,0.3333333432674408,-10.786552429199219,0.3333333432674408,-10.786552429199219,0.3333333432674408
898,Strong cash flow keeps Total's fourth-quarter net profit steady,2,positive,2,positive,positive,1,0,FinGPT-mt-Llama2-7B-LoRA,tfns,-9.885189056396484,0.3333333432674408,-9.885189056396484,0.3333333432674408,-9.885189056396484,0.3333333432674408
899,The Estée Lauder Companies Delivers Exceptional Fiscal 2020 Second Quarter Results,2,positive,2,positive,positive,1,0,FinGPT-mt-Llama2-7B-LoRA,tfns,-10.663435935974121,0.3333333432674408,-10.663435935974121,0.3333333432674408,-10.663435935974121,0.3333333432674408
900,TJX raises 2020 EPS outlook to $2.61-$2.63 from $2.56-$2.61,2,positive,2,positive,positive,1,0,FinGPT-mt-Llama2-7B-LoRA,tfns,-10.605695724487305,0.3333333432674408,-10.605695724487305,0.3333333432674408,-10.605695724487305,0.3333333432674408
901,"Transurban : 1st Half Profit Up 46%, Increased Traffic Drives Toll Revenue Rise #Transurban #Stock #MarketScreener… https://t.co/246Nl7a9j3",2,positive,2,positive,positive,1,0,FinGPT-mt-Llama2-7B-LoRA,tfns,-10.67086410522461,0.3333333432674408,-10.67086410522461,0.3333333432674408,-10.67086410522461,0.3333333432674408
902,"Twitter notches first $1 billion quarterly revenue, beating estimates",2,positive,2,positive,positive,1,0,FinGPT-mt-Llama2-7B-LoRA,tfns,-10.781671524047852,0.3333333432674408,-10.781671524047852,0.3333333432674408,-10.781671524047852,0.3333333432674408
903,"Twitter tops user, sales expectations for 4Q",2,positive,2,positive,positive,1,0,FinGPT-mt-Llama2-7B-LoRA,tfns,-10.47695541381836,0.3333333432674408,-10.47695541381836,0.3333333432674408,-10.47695541381836,0.3333333432674408
904,UPDATE: New York Times beats earnings estimates for Q4 as subscriptions rise,2,positive,2,positive,positive,1,0,FinGPT-mt-Llama2-7B-LoRA,tfns,-10.660822868347168,0.3333333432674408,-10.660822868347168,0.3333333432674408,-10.660822868347168,0.3333333432674408
905,UPL Q3 Results: Profit  Meets Estimates As Latin American Markets Shine,2,positive,2,positive,positive,1,0,FinGPT-mt-Llama2-7B-LoRA,tfns,-10.662202835083008,0.3333333432674408,-10.662202835083008,0.3333333432674408,-10.662202835083008,0.3333333432674408
906,"Viomi Technology EPS beats by $0.01, beats on revenue",2,positive,2,positive,positive,1,0,FinGPT-mt-Llama2-7B-LoRA,tfns,-10.659642219543457,0.3333333432674408,-10.659642219543457,0.3333333432674408,-10.659642219543457,0.3333333432674408
907,"Volvo Cars posts rise in fourth-quarter profit, helped by cost cuts and sales growth",2,positive,2,positive,positive,1,0,FinGPT-mt-Llama2-7B-LoRA,tfns,-10.474459648132324,0.3333333432674408,-10.474459648132324,0.3333333432674408,-10.474459648132324,0.3333333432674408
908,Yum! Brands Reports Solid Fourth-Quarter Results and Completion of Strategic Transformation; System Sales Growth of 10%; Same-Store Sales Growth of 2%; GAAP Operating Profit Decline of (26)%; Core Operating Profit Growth of 14%,2,positive,1,neutral,neutral,0,0,FinGPT-mt-Llama2-7B-LoRA,tfns,-9.429634094238281,0.3333333432674408,-9.429634094238281,0.3333333432674408,-9.429634094238281,0.3333333432674408
909,"$FRT - Federal REIT FFO misses by $0.02, beats on revenue https://t.co/uldAfaa7ba",1,neutral,1,neutral,neutral,1,0,FinGPT-mt-Llama2-7B-LoRA,tfns,-9.973122596740723,0.3333333432674408,-9.973122596740723,0.3333333432674408,-9.973122596740723,0.3333333432674408
910,"$MESA - Mesa Air EPS beats by $0.01, misses on revenue https://t.co/yPRqsm3RG5",1,neutral,1,neutral,neutral,1,0,FinGPT-mt-Llama2-7B-LoRA,tfns,-9.843120574951172,0.3333333432674408,-9.843120574951172,0.3333333432674408,-9.843120574951172,0.3333333432674408
911,"$MOH - Molina Healthcare EPS beats by $0.07, misses on revenue https://t.co/a6bdVyNm88",1,neutral,1,neutral,neutral,1,0,FinGPT-mt-Llama2-7B-LoRA,tfns,-9.84546947479248,0.3333333432674408,-9.84546947479248,0.3333333432674408,-9.84546947479248,0.3333333432674408
912,BJ's Wholesale Q3 adj. EPS 41 cents; FactSet consensus 40 cents,1,neutral,1,neutral,neutral,1,0,FinGPT-mt-Llama2-7B-LoRA,tfns,-9.868566513061523,0.3333333432674408,-9.868566513061523,0.3333333432674408,-9.868566513061523,0.3333333432674408
913,"CAE EPS beats by C$0.02, misses on revenue",1,neutral,1,neutral,neutral,1,0,FinGPT-mt-Llama2-7B-LoRA,tfns,-9.76989459991455,0.3333333432674408,-9.76989459991455,0.3333333432674408,-9.76989459991455,0.3333333432674408
914,"Domtar EPS misses by $0.05,  revenue in-line",1,neutral,0,negative,negative,0,0,FinGPT-mt-Llama2-7B-LoRA,tfns,-9.594266891479492,0.3333333432674408,-9.594266891479492,0.3333333432674408,-9.594266891479492,0.3333333432674408
915,Estee Lauder Q2 adj. EPS $2.11; FactSet consensus $1.90,1,neutral,1,neutral,neutral,1,0,FinGPT-mt-Llama2-7B-LoRA,tfns,-10.173213958740234,0.3333333432674408,-10.173213958740234,0.3333333432674408,-10.173213958740234,0.3333333432674408
916,"FirstEnergy EPS beats by $0.05, misses on revenue",1,neutral,1,neutral,neutral,1,0,FinGPT-mt-Llama2-7B-LoRA,tfns,-9.667974472045898,0.3333333432674408,-9.667974472045898,0.3333333432674408,-9.667974472045898,0.3333333432674408
917,Kellogg 2020 FactSet EPS consensus is $4.03; 2019 currency-neutral adj. EPS was $4.00,1,neutral,1,neutral,neutral,1,0,FinGPT-mt-Llama2-7B-LoRA,tfns,-10.103224754333496,0.3333333432674408,-10.103224754333496,0.3333333432674408,-10.103224754333496,0.3333333432674408
918,"Lowe's EPS beats by $0.06, misses on revenue",1,neutral,1,neutral,neutral,1,0,FinGPT-mt-Llama2-7B-LoRA,tfns,-9.964500427246094,0.3333333432674408,-9.964500427246094,0.3333333432674408,-9.964500427246094,0.3333333432674408
919,"Molina Healthcare EPS beats by $0.07, misses on revenue",1,neutral,1,neutral,neutral,1,0,FinGPT-mt-Llama2-7B-LoRA,tfns,-9.668079376220703,0.3333333432674408,-9.668079376220703,0.3333333432674408,-9.668079376220703,0.3333333432674408
920,"Nokia EPS beats by €0.02, misses on revenue",1,neutral,1,neutral,neutral,1,0,FinGPT-mt-Llama2-7B-LoRA,tfns,-9.83246898651123,0.3333333432674408,-9.83246898651123,0.3333333432674408,-9.83246898651123,0.3333333432674408
921,Philip Morris profit and sales top estimates but tobacco company offers soft guidance,1,neutral,2,positive,positive,0,0,FinGPT-mt-Llama2-7B-LoRA,tfns,-10.316943168640137,0.3333333432674408,-10.316943168640137,0.3333333432674408,-10.316943168640137,0.3333333432674408
922,SoftBank's Oyo reveals over $330 million annual loss; revenue surges https://t.co/sboVq3nnEm https://t.co/FNiIij62NJ,1,neutral,0,negative,negative,0,0,FinGPT-mt-Llama2-7B-LoRA,tfns,-9.635350227355957,0.3333333432674408,-9.635350227355957,0.3333333432674408,-9.635350227355957,0.3333333432674408
923,"The Buckle, Inc. Reports January 2020 Net Sales",1,neutral,1,neutral,neutral,1,0,FinGPT-mt-Llama2-7B-LoRA,tfns,-10.958480834960938,0.3333333432674408,-10.958480834960938,0.3333333432674408,-10.958480834960938,0.3333333432674408
924,"Twin River Worldwide Holdings, Inc. Just Missed EPS By 44%: Here's What Analysts Think Will Happen Next",1,neutral,0,negative,negative,0,0,FinGPT-mt-Llama2-7B-LoRA,tfns,-9.850929260253906,0.3333333432674408,-9.850929260253906,0.3333333432674408,-9.850929260253906,0.3333333432674408
925,"Virco Manufacturing EPS beats by $0.14, misses on revenue",1,neutral,1,neutral,neutral,1,0,FinGPT-mt-Llama2-7B-LoRA,tfns,-10.091155052185059,0.3333333432674408,-10.091155052185059,0.3333333432674408,-10.091155052185059,0.3333333432674408
926,AUD/USD Weekly Price Forecast – Australian Dollar Slams Into Resistance,0,negative,0,negative,negative,1,0,FinGPT-mt-Llama2-7B-LoRA,tfns,-9.986250877380371,0.3333333432674408,-9.986250877380371,0.3333333432674408,-9.986250877380371,0.3333333432674408
927,EUR/USD Price Forecast – Euro Looks Likely To Break Down,0,negative,0,negative,negative,1,0,FinGPT-mt-Llama2-7B-LoRA,tfns,-10.138256072998047,0.3333333432674408,-10.138256072998047,0.3333333432674408,-10.138256072998047,0.3333333432674408
928,Euro pinned near 10-day lows as outlook bleak - SI https://t.co/kPqleNJhIY,0,negative,0,negative,negative,1,0,FinGPT-mt-Llama2-7B-LoRA,tfns,-9.968223571777344,0.3333333432674408,-9.968223571777344,0.3333333432674408,-9.968223571777344,0.3333333432674408
929,The Euro Is A Structural Short As BoJo’s Landslide Victory Ensures The U.K.’s Exit From the E.U.,0,negative,1,neutral,neutral,0,0,FinGPT-mt-Llama2-7B-LoRA,tfns,-9.884649276733398,0.3333333432674408,-9.884649276733398,0.3333333432674408,-9.884649276733398,0.3333333432674408
930,U.S. Dollar Index Futures (DX) Technical Analysis – Looking for Break into Retracement Zone at 97.630 to 97.472,0,negative,1,neutral,neutral,0,0,FinGPT-mt-Llama2-7B-LoRA,tfns,-9.77854061126709,0.3333333432674408,-9.77854061126709,0.3333333432674408,-9.77854061126709,0.3333333432674408
931,Canadian dollar climbs to 11-day high amid coronavirus optimism #economy #MarketScreener https://t.co/8ohQPiXekn https://t.co/z98FjTKvFr,2,positive,2,positive,positive,1,0,FinGPT-mt-Llama2-7B-LoRA,tfns,-10.435623168945312,0.3333333432674408,-10.435623168945312,0.3333333432674408,-10.435623168945312,0.3333333432674408
932,EUR/USD Failure of 1-2-3 Pattern Might be Bullish,2,positive,2,positive,positive,1,0,FinGPT-mt-Llama2-7B-LoRA,tfns,-9.814094543457031,0.3333333432674408,-9.814094543457031,0.3333333432674408,-9.814094543457031,0.3333333432674408
933,GBP/JPY Price Forecast – British Pound Gaps Higher After Election Results,2,positive,2,positive,positive,1,0,FinGPT-mt-Llama2-7B-LoRA,tfns,-10.606151580810547,0.3333333432674408,-10.606151580810547,0.3333333432674408,-10.606151580810547,0.3333333432674408
934,GBP/USD – Pound Soars as Conservatives Cruise to Majority,2,positive,2,positive,positive,1,0,FinGPT-mt-Llama2-7B-LoRA,tfns,-10.78138542175293,0.3333333432674408,-10.78138542175293,0.3333333432674408,-10.78138542175293,0.3333333432674408
935,Pound Jumps To The Highest This Year As Boris Johnson Heads For Majority,2,positive,2,positive,positive,1,0,FinGPT-mt-Llama2-7B-LoRA,tfns,-10.53724479675293,0.3333333432674408,-10.53724479675293,0.3333333432674408,-10.53724479675293,0.3333333432674408
936,"South Africa's rand firmer as risk takers return, stocks up 3.29% #economy #MarketScreener https://t.co/c8xg62L0XF https://t.co/e1g8OtVhBZ",2,positive,2,positive,positive,1,0,FinGPT-mt-Llama2-7B-LoRA,tfns,-10.488885879516602,0.3333333432674408,-10.488885879516602,0.3333333432674408,-10.488885879516602,0.3333333432674408
937,USD/JPY Forecast: USD to Consolidate Against JPY - DailyForex.com,2,positive,1,neutral,neutral,0,0,FinGPT-mt-Llama2-7B-LoRA,tfns,-9.779220581054688,0.3333333432674408,-9.779220581054688,0.3333333432674408,-9.779220581054688,0.3333333432674408
938,USD/JPY Weekly Price Forecast – Dollar Continues To Test Resistance,2,positive,1,neutral,neutral,0,0,FinGPT-mt-Llama2-7B-LoRA,tfns,-10.027168273925781,0.3333333432674408,-10.027168273925781,0.3333333432674408,-10.027168273925781,0.3333333432674408
939,Dollar mixed versus major rivals after January jobs report,1,neutral,1,neutral,neutral,1,0,FinGPT-mt-Llama2-7B-LoRA,tfns,-10.05112075805664,0.3333333432674408,-10.05112075805664,0.3333333432674408,-10.05112075805664,0.3333333432674408
940,"EUR/USD Mid-Session Technical Analysis for December 17, 2019",1,neutral,1,neutral,neutral,1,0,FinGPT-mt-Llama2-7B-LoRA,tfns,-10.585641860961914,0.3333333432674408,-10.585641860961914,0.3333333432674408,-10.585641860961914,0.3333333432674408
941,EUR/USD Price Forecast – Euro Continues To Grind Towards Resistance,1,neutral,1,neutral,neutral,1,0,FinGPT-mt-Llama2-7B-LoRA,tfns,-10.584879875183105,0.3333333432674408,-10.584879875183105,0.3333333432674408,-10.584879875183105,0.3333333432674408
942,Japan Seen Needing U.S. Help to Check China’s Digital Yuan,1,neutral,1,neutral,neutral,1,0,FinGPT-mt-Llama2-7B-LoRA,tfns,-10.04833984375,0.3333333432674408,-10.04833984375,0.3333333432674408,-10.04833984375,0.3333333432674408
943,"Volatility still remains near all-time lows across some major currency pairs, including the euro versus the dollar,… https://t.co/nZbJPUWFdn",1,neutral,1,neutral,neutral,1,0,FinGPT-mt-Llama2-7B-LoRA,tfns,-10.382928848266602,0.3333333432674408,-10.382928848266602,0.3333333432674408,-10.382928848266602,0.3333333432674408
944,A Health Check of India Shadow Banks Points to Prolonged Trouble,0,negative,0,negative,negative,1,0,FinGPT-mt-Llama2-7B-LoRA,tfns,-10.268902778625488,0.3333333432674408,-10.268902778625488,0.3333333432674408,-10.268902778625488,0.3333333432674408
945,American farmers are already suffering for lack of exports (via @bopinion) https://t.co/kmIhRwtJ4x,0,negative,0,negative,negative,1,0,FinGPT-mt-Llama2-7B-LoRA,tfns,-9.929988861083984,0.3333333432674408,-9.929988861083984,0.3333333432674408,-9.929988861083984,0.3333333432674408
946,Banks undergoing 'real stress test' as recession fears continue https://t.co/lY9UvWu4yE by @bcheungz https://t.co/aJbqRFxRQY,0,negative,0,negative,negative,1,0,FinGPT-mt-Llama2-7B-LoRA,tfns,-9.719719886779785,0.3333333432674408,-9.719719886779785,0.3333333432674408,-9.719719886779785,0.3333333432674408
947,Business tax payments will hit a record low this year,0,negative,0,negative,negative,1,0,FinGPT-mt-Llama2-7B-LoRA,tfns,-9.796797752380371,0.3333333432674408,-9.796797752380371,0.3333333432674408,-9.796797752380371,0.3333333432674408
948,Canada's economy could end up being the big loser as a rail strike drags on https://t.co/aGYaQzTAD8,0,negative,0,negative,negative,1,0,FinGPT-mt-Llama2-7B-LoRA,tfns,-10.020846366882324,0.3333333432674408,-10.020846366882324,0.3333333432674408,-10.020846366882324,0.3333333432674408
949,Caution Abounds Even as Emerging Markets Ready Year-Ending Rally,0,negative,2,positive,positive,0,0,FinGPT-mt-Llama2-7B-LoRA,tfns,-10.305986404418945,0.3333333432674408,-10.305986404418945,0.3333333432674408,-10.305986404418945,0.3333333432674408
950,China M&A Bankers Face Another Grim Year,0,negative,0,negative,negative,1,0,FinGPT-mt-Llama2-7B-LoRA,tfns,-9.653857231140137,0.3333333432674408,-9.653857231140137,0.3333333432674408,-9.653857231140137,0.3333333432674408
951,Coronavirus pandemic has driven a very 'ample' market correction: former European Central Bank chief… https://t.co/dSD0FhQt36,0,negative,0,negative,negative,1,0,FinGPT-mt-Llama2-7B-LoRA,tfns,-9.576742172241211,0.3333333432674408,-9.576742172241211,0.3333333432674408,-9.576742172241211,0.3333333432674408
952,Coronavirus will probably destroy one of the stock market's biggest crutches https://t.co/6PAfslV0ul by @BrianSozzi https://t.co/yFTXFTKQV0,0,negative,0,negative,negative,1,0,FinGPT-mt-Llama2-7B-LoRA,tfns,-9.814146041870117,0.3333333432674408,-9.814146041870117,0.3333333432674408,-9.814146041870117,0.3333333432674408
953,Every Bubble Eventually Finds Its Pin https://t.co/E3LesbBMP1,0,negative,1,neutral,neutral,0,0,FinGPT-mt-Llama2-7B-LoRA,tfns,-10.368986129760742,0.3333333432674408,-10.368986129760742,0.3333333432674408,-10.368986129760742,0.3333333432674408
954,Here is a list of companies that have suspended dividends or stopped stock buybacks in April https://t.co/JUYLRQJyGp,0,negative,1,neutral,neutral,0,0,FinGPT-mt-Llama2-7B-LoRA,tfns,-9.626513481140137,0.3333333432674408,-9.626513481140137,0.3333333432674408,-9.626513481140137,0.3333333432674408
955,"Highlight: ""We're gonna see companies start to report results and I think it's gonna look ugly,"" @FBBCap's Mike Bai… https://t.co/gdtm8YBxPc",0,negative,0,negative,negative,1,0,FinGPT-mt-Llama2-7B-LoRA,tfns,-9.80793571472168,0.3333333432674408,-9.80793571472168,0.3333333432674408,-9.80793571472168,0.3333333432674408
956,New #IMFBlog by @GitaGopinath shows #COVID19 is already impacting the US economy with unprecedented speed and sever… https://t.co/1M3rfTmYSi,0,negative,0,negative,negative,1,0,FinGPT-mt-Llama2-7B-LoRA,tfns,-9.535611152648926,0.3333333432674408,-9.535611152648926,0.3333333432674408,-9.535611152648926,0.3333333432674408
957,"Only 11% of quant funds are ahead of their benchmark YTD, underperforming by 3.2ppt: BofA",0,negative,0,negative,negative,1,0,FinGPT-mt-Llama2-7B-LoRA,tfns,-10.08668327331543,0.3333333432674408,-10.08668327331543,0.3333333432674408,-10.08668327331543,0.3333333432674408
958,Small U.S. businesses were already struggling. Then coronavirus hit https://t.co/hT3SLBlI3c https://t.co/vMqjAebRe4,0,negative,0,negative,negative,1,0,FinGPT-mt-Llama2-7B-LoRA,tfns,-9.693215370178223,0.3333333432674408,-9.693215370178223,0.3333333432674408,-9.693215370178223,0.3333333432674408
959,Survey: 1 in 6 shoppers are still paying off last year's holiday debt https://t.co/AA08zAofod by @SJAsymkos https://t.co/di37aiduNS,0,negative,1,neutral,neutral,0,0,FinGPT-mt-Llama2-7B-LoRA,tfns,-10.535550117492676,0.3333333432674408,-10.535550117492676,0.3333333432674408,-10.535550117492676,0.3333333432674408
960,Tech War Set To Deepen As China Stockpiles US Chips Amid 'Silicon Curtain' Threat  https://t.co/sMw7Z0Xo3w,0,negative,2,positive,positive,0,0,FinGPT-mt-Llama2-7B-LoRA,tfns,-9.397359848022461,0.3333333432674408,-9.397359848022461,0.3333333432674408,-9.397359848022461,0.3333333432674408
961,"The days of extraordinary market returns are over, says BlackRock https://t.co/gJu52JoL8J",0,negative,0,negative,negative,1,0,FinGPT-mt-Llama2-7B-LoRA,tfns,-9.619712829589844,0.3333333432674408,-9.619712829589844,0.3333333432674408,-9.619712829589844,0.3333333432674408
962,"The dual shocks of the Saudi-Russian oil price war and the Covid-19 pandemic could put 500,000 Albertans out of wor… https://t.co/FUepZVgKx2",0,negative,0,negative,negative,1,0,FinGPT-mt-Llama2-7B-LoRA,tfns,-9.890603065490723,0.3333333432674408,-9.890603065490723,0.3333333432674408,-9.890603065490723,0.3333333432674408
963,The Fraud That Is ESG Strikes Again: Six Of Top 10 ESG Funds Underperform The S&P500  https://t.co/rHbzc3YyMu,0,negative,0,negative,negative,1,0,FinGPT-mt-Llama2-7B-LoRA,tfns,-9.874574661254883,0.3333333432674408,-9.874574661254883,0.3333333432674408,-9.874574661254883,0.3333333432674408
964,"The job loss reflected in Friday's report is a shock that is unprecedented, as is the uncertainty surrounding it-wh… https://t.co/zqYuNg31Kb",0,negative,0,negative,negative,1,0,FinGPT-mt-Llama2-7B-LoRA,tfns,-9.920014381408691,0.3333333432674408,-9.920014381408691,0.3333333432674408,-9.920014381408691,0.3333333432674408
965,"Trader Warns ""The Rally Is Crumbling Below The Surface"" https://t.co/kdxXwZGizy",0,negative,0,negative,negative,1,0,FinGPT-mt-Llama2-7B-LoRA,tfns,-10.03617000579834,0.3333333432674408,-10.03617000579834,0.3333333432674408,-10.03617000579834,0.3333333432674408
966,"Turkish banks refuse to lend to Istanbul, hey here's an idea: let's open it up to the European idiots who will buy… https://t.co/oimo5fD1IB",0,negative,0,negative,negative,1,0,FinGPT-mt-Llama2-7B-LoRA,tfns,-9.749558448791504,0.3333333432674408,-9.749558448791504,0.3333333432674408,-9.749558448791504,0.3333333432674408
967,Videoconferences Zoom Toward Market-Boom Reckoning. https://t.co/kbPZdZj8DF #stocks #trading #economy,0,negative,2,positive,positive,0,0,FinGPT-mt-Llama2-7B-LoRA,tfns,-9.99022102355957,0.3333333432674408,-9.99022102355957,0.3333333432674408,-9.99022102355957,0.3333333432674408
968,"$USA $CRF $SCHX - U.S. is past the peak, economy to reopen shortly - JPMorgan https://t.co/V97lqc11yV",2,positive,1,neutral,neutral,0,0,FinGPT-mt-Llama2-7B-LoRA,tfns,-9.652852058410645,0.3333333432674408,-9.652852058410645,0.3333333432674408,-9.652852058410645,0.3333333432674408
969,Conditions for stock picking are improving as shares of big U.S. companies have begun to diverge https://t.co/Xrl2GkXhyW,2,positive,2,positive,positive,1,0,FinGPT-mt-Llama2-7B-LoRA,tfns,-10.428967475891113,0.3333333432674408,-10.428967475891113,0.3333333432674408,-10.428967475891113,0.3333333432674408
970,"Highlight: ""You're seeing some level of optimism, just because we've come way off the lows,"" @colonymktstrat says.… https://t.co/CdkwSBZK9H",2,positive,2,positive,positive,1,0,FinGPT-mt-Llama2-7B-LoRA,tfns,-9.947073936462402,0.3333333432674408,-9.947073936462402,0.3333333432674408,-9.947073936462402,0.3333333432674408
971,"Highlight: Berenberg reiterates its 'Buy' rating on $BYND. ""I think the most exciting part is the growth potential,… https://t.co/7HhrL3mt4s",2,positive,2,positive,positive,1,0,FinGPT-mt-Llama2-7B-LoRA,tfns,-10.707173347473145,0.3333333432674408,-10.707173347473145,0.3333333432674408,-10.707173347473145,0.3333333432674408
972,"Highlight: Goldman Sachs predicts that gold will reach $1,600 an ounce by 2020. “$1,600 is gonna be a footnote,” sa… https://t.co/DFzhAByZ6Y",2,positive,2,positive,positive,1,0,FinGPT-mt-Llama2-7B-LoRA,tfns,-9.715867042541504,0.3333333432674408,-9.715867042541504,0.3333333432674408,-9.715867042541504,0.3333333432674408
973,Navigant Research Report Shows Commercial Lighting Controls Revenue Is Expected to Experience a 5% Compound Annual Growth Rate from 2019-2028,2,positive,2,positive,positive,1,0,FinGPT-mt-Llama2-7B-LoRA,tfns,-10.3851957321167,0.3333333432674408,-10.3851957321167,0.3333333432674408,-10.3851957321167,0.3333333432674408
974,Santa Claus rally,2,positive,2,positive,positive,1,0,FinGPT-mt-Llama2-7B-LoRA,tfns,-10.055508613586426,0.3333333432674408,-10.055508613586426,0.3333333432674408,-10.055508613586426,0.3333333432674408
975,Spirit MTA REIT (NYSE:SMTA) Shares Have Generated A Total Return Of 34% In The Last Year,2,positive,2,positive,positive,1,0,FinGPT-mt-Llama2-7B-LoRA,tfns,-10.113000869750977,0.3333333432674408,-10.113000869750977,0.3333333432674408,-10.113000869750977,0.3333333432674408
976,The EVN (VIE:EVN) Share Price Has Gained 60% And Shareholders Are Hoping For More,2,positive,2,positive,positive,1,0,FinGPT-mt-Llama2-7B-LoRA,tfns,-10.596555709838867,0.3333333432674408,-10.596555709838867,0.3333333432674408,-10.596555709838867,0.3333333432674408
977,The number of customers canceling Netflix hasn’t accelerated around the debut of rival services from Disney and App… https://t.co/O7kqU5s0aM,2,positive,0,negative,negative,0,0,FinGPT-mt-Llama2-7B-LoRA,tfns,-9.653944969177246,0.3333333432674408,-9.653944969177246,0.3333333432674408,-9.653944969177246,0.3333333432674408
978,This chart shows why BlackRock is upbeat on U.S. credit despite the pandemic https://t.co/7LYUG0HLHr,2,positive,2,positive,positive,1,0,FinGPT-mt-Llama2-7B-LoRA,tfns,-10.429366111755371,0.3333333432674408,-10.429366111755371,0.3333333432674408,-10.429366111755371,0.3333333432674408
979,This Is Why Peloton Stock Remains a Buy,2,positive,2,positive,positive,1,0,FinGPT-mt-Llama2-7B-LoRA,tfns,-10.243101119995117,0.3333333432674408,-10.243101119995117,0.3333333432674408,-10.243101119995117,0.3333333432674408
980,"This ratio suggests the U.S. stock market will take a ‘brief pause’ then climb higher, analyst says - MarketWatch",2,positive,2,positive,positive,1,0,FinGPT-mt-Llama2-7B-LoRA,tfns,-10.263148307800293,0.3333333432674408,-10.263148307800293,0.3333333432674408,-10.263148307800293,0.3333333432674408
981,"U.S. banks will likely be allowed to keep paying dividends, even as the coronavirus pandemic threatens to create a… https://t.co/AjsqnpfOdJ",2,positive,2,positive,positive,1,0,FinGPT-mt-Llama2-7B-LoRA,tfns,-9.550273895263672,0.3333333432674408,-9.550273895263672,0.3333333432674408,-9.550273895263672,0.3333333432674408
982,Weekly portfolios report : Stress quickly erased #Weeklyportfoliosreport #portfolio #MarketScreener… https://t.co/aght48Gwte,2,positive,1,neutral,neutral,0,0,FinGPT-mt-Llama2-7B-LoRA,tfns,-10.140727043151855,0.3333333432674408,-10.140727043151855,0.3333333432674408,-10.140727043151855,0.3333333432674408
983,"""Cash is trash? No, cash is king! Especially when the discounts come along on high-quality stocks.""... https://t.co/7D0mmjE7xl",1,neutral,1,neutral,neutral,1,0,FinGPT-mt-Llama2-7B-LoRA,tfns,-9.667512893676758,0.3333333432674408,-9.667512893676758,0.3333333432674408,-9.667512893676758,0.3333333432674408
984,"""CO2 emissions aren't reducing, they are in fact increasing,"" @GretaThunberg says at #COP25. ""We have achieved noth… https://t.co/EP3atEwq2M",1,neutral,0,negative,negative,0,0,FinGPT-mt-Llama2-7B-LoRA,tfns,-9.662311553955078,0.3333333432674408,-9.662311553955078,0.3333333432674408,-9.662311553955078,0.3333333432674408
985,"""Convinced am I that a world without nuclear weapons is possible and necessary."" Pope Francis called for global nu… https://t.co/xL1ES2nwbw",1,neutral,1,neutral,neutral,1,0,FinGPT-mt-Llama2-7B-LoRA,tfns,-10.380715370178223,0.3333333432674408,-10.380715370178223,0.3333333432674408,-10.380715370178223,0.3333333432674408
986,"""Freedom of speech is not freedom of reach,"" actor and comedian Sacha Baron Cohen said in a speech. ""Under this twi… https://t.co/XzJEY4pS8E",1,neutral,1,neutral,neutral,1,0,FinGPT-mt-Llama2-7B-LoRA,tfns,-10.888691902160645,0.3333333432674408,-10.888691902160645,0.3333333432674408,-10.888691902160645,0.3333333432674408
987,"""I am going to microsoft you"" just doesn't carry the same spark as ""I will bloomberg you""",1,neutral,1,neutral,neutral,1,0,FinGPT-mt-Llama2-7B-LoRA,tfns,-10.432441711425781,0.3333333432674408,-10.432441711425781,0.3333333432674408,-10.432441711425781,0.3333333432674408
988,"""I find this worship no different from the regular worship at a church so I am delighted.""

A church in South Korea… https://t.co/MnibZjnsFJ",1,neutral,1,neutral,neutral,1,0,FinGPT-mt-Llama2-7B-LoRA,tfns,-9.700844764709473,0.3333333432674408,-9.700844764709473,0.3333333432674408,-9.700844764709473,0.3333333432674408
989,"""In the very best case it was a five year delay. In the worst case it was...completely collapsed it."" Here's why B… https://t.co/LNsrTCgcld",1,neutral,1,neutral,neutral,1,0,FinGPT-mt-Llama2-7B-LoRA,tfns,-10.124594688415527,0.3333333432674408,-10.124594688415527,0.3333333432674408,-10.124594688415527,0.3333333432674408
990,"""More Eco-Friendly"" Meets ""Horrors Of Capitalism"": $34 Toilet Paper 'With A Conscience' https://t.co/S3jmLnZt7Z",1,neutral,1,neutral,neutral,1,0,FinGPT-mt-Llama2-7B-LoRA,tfns,-10.31230640411377,0.3333333432674408,-10.31230640411377,0.3333333432674408,-10.31230640411377,0.3333333432674408
991,"""With self-driving cars, automakers can reimagine the interior cabin to provide passengers a holistically new and i… https://t.co/5KRYlJ8mTQ",1,neutral,1,neutral,neutral,1,0,FinGPT-mt-Llama2-7B-LoRA,tfns,-10.720105171203613,0.3333333432674408,-10.720105171203613,0.3333333432674408,-10.720105171203613,0.3333333432674408
992,"#5things
-China IP concession
-Hong Kong election
-Loads of corporate news
-Markets rise
-Coming up...… https://t.co/aSJjULIOt3",1,neutral,2,positive,positive,0,0,FinGPT-mt-Llama2-7B-LoRA,tfns,-9.63277530670166,0.3333333432674408,-9.63277530670166,0.3333333432674408,-9.63277530670166,0.3333333432674408
993,#ICYMI: Press Releases: https://t.co/4czrcfGQbt Vice Chair for Supervision Quarles Testimony:… https://t.co/1ROdwkNBSU,1,neutral,1,neutral,neutral,1,0,FinGPT-mt-Llama2-7B-LoRA,tfns,-11.012372016906738,0.3333333432674408,-11.012372016906738,0.3333333432674408,-11.012372016906738,0.3333333432674408
994,"$BA - Boeing plane skids off runway in Istanbul, killing one passenger https://t.co/IBHUB8yLOO",1,neutral,0,negative,negative,0,0,FinGPT-mt-Llama2-7B-LoRA,tfns,-9.958808898925781,0.3333333432674408,-9.958808898925781,0.3333333432674408,-9.958808898925781,0.3333333432674408
995,"$ENB - No additional risk to Lake Superior from Enbridge pipeline, Minnesota says https://t.co/3AlY719yio",1,neutral,2,positive,positive,0,0,FinGPT-mt-Llama2-7B-LoRA,tfns,-10.100727081298828,0.3333333432674408,-10.100727081298828,0.3333333432674408,-10.100727081298828,0.3333333432674408
996,$PBF - PBF Energy: A Mexican Billionaire Can't Get Enough Of This New Jersey Refiner. https://t.co/ouNSD0zChc #markets #finance #trading,1,neutral,2,positive,positive,0,0,FinGPT-mt-Llama2-7B-LoRA,tfns,-10.050860404968262,0.3333333432674408,-10.050860404968262,0.3333333432674408,-10.050860404968262,0.3333333432674408
997,$SPX There are still ZERO confirmed cases of novel #coronavirus in NYC.,1,neutral,2,positive,positive,0,0,FinGPT-mt-Llama2-7B-LoRA,tfns,-9.802597999572754,0.3333333432674408,-9.802597999572754,0.3333333432674408,-9.802597999572754,0.3333333432674408
998,".@JimCramer and @ByKatherineRoss are back in business breaking down Tiffany, TD Ameritrade and Bloomberg’s presiden… https://t.co/z517l6YmW2",1,neutral,1,neutral,neutral,1,0,FinGPT-mt-Llama2-7B-LoRA,tfns,-10.612594604492188,0.3333333432674408,-10.612594604492188,0.3333333432674408,-10.612594604492188,0.3333333432674408
999,.@JimCramer breaks down what this blowout jobs number is saying about the economy at large: https://t.co/c9cby6UgZD https://t.co/l12THHHGDJ,1,neutral,1,neutral,neutral,1,0,FinGPT-mt-Llama2-7B-LoRA,tfns,-9.91794490814209,0.3333333432674408,-9.91794490814209,0.3333333432674408,-9.91794490814209,0.3333333432674408
1000,".@Tesla 's advertising department is an army of one, @elonmusk, with 27 million Twitter followers. Despite that, Te… https://t.co/HF1XQ7vmnt",1,neutral,1,neutral,neutral,1,0,FinGPT-mt-Llama2-7B-LoRA,tfns,-10.583991050720215,0.3333333432674408,-10.583991050720215,0.3333333432674408,-10.583991050720215,0.3333333432674408
1001,.@TiernanRayTech have 5 names that might be worth a second look:  https://t.co/qm2pTZO7xS,1,neutral,1,neutral,neutral,1,0,FinGPT-mt-Llama2-7B-LoRA,tfns,-10.894294738769531,0.3333333432674408,-10.894294738769531,0.3333333432674408,-10.894294738769531,0.3333333432674408
1002,@TicToc @bpolitics @bloom @bopinion #RecuseNow,1,neutral,1,neutral,neutral,1,0,FinGPT-mt-Llama2-7B-LoRA,tfns,-10.732131004333496,0.3333333432674408,-10.732131004333496,0.3333333432674408,-10.732131004333496,0.3333333432674408
1003,@tictoc oh fuck yeah Bloomberg you know about TickTock you must be something cool! here is a link to my profile wit… https://t.co/pvIL8KsEx5,1,neutral,1,neutral,neutral,1,0,FinGPT-mt-Llama2-7B-LoRA,tfns,-10.663349151611328,0.3333333432674408,-10.663349151611328,0.3333333432674408,-10.663349151611328,0.3333333432674408
1004,"{Free} Premium Earnings 11-25-19: Palo Alto Networks and Dollar Tree, on the blog and here https://t.co/zrIPU1I3zV $PANW $DLTR",1,neutral,2,positive,positive,0,0,FinGPT-mt-Llama2-7B-LoRA,tfns,-9.561614990234375,0.3333333432674408,-9.561614990234375,0.3333333432674408,-9.561614990234375,0.3333333432674408
1005,‘This is the most prosperous economy the world has ever seen’ says Jamie Dimon — and it’s going to continue https://t.co/Y6gkuTBby5,1,neutral,2,positive,positive,0,0,FinGPT-mt-Llama2-7B-LoRA,tfns,-10.150642395019531,0.3333333432674408,-10.150642395019531,0.3333333432674408,-10.150642395019531,0.3333333432674408
1006,"“Anal cancer may be one of the most rapidly accelerating causes of cancer incidence and mortality in the U.S."" https://t.co/d0VXzuZaIu",1,neutral,1,neutral,neutral,1,0,FinGPT-mt-Llama2-7B-LoRA,tfns,-9.556782722473145,0.3333333432674408,-9.556782722473145,0.3333333432674408,-9.556782722473145,0.3333333432674408
1007,"“I think there are important things we have to offer for free for people who need basic health care, basic educatio… https://t.co/1P7soFMbfF",1,neutral,1,neutral,neutral,1,0,FinGPT-mt-Llama2-7B-LoRA,tfns,-10.392518997192383,0.3333333432674408,-10.392518997192383,0.3333333432674408,-10.392518997192383,0.3333333432674408
1008,"“Periods aren't just a women's issue, it's a human issue."" Meet @nadyaokamoto, an activist whose fight for gender… https://t.co/SdXSBCjsmD",1,neutral,1,neutral,neutral,1,0,FinGPT-mt-Llama2-7B-LoRA,tfns,-10.7733793258667,0.3333333432674408,-10.7733793258667,0.3333333432674408,-10.7733793258667,0.3333333432674408
1009,“The Irishman” was seen by 13.2 million U.S. viewers over its first five days on Netflix. But only 18% of them ma… https://t.co/UuCfGXTC6w,1,neutral,1,neutral,neutral,1,0,FinGPT-mt-Llama2-7B-LoRA,tfns,-10.712615013122559,0.3333333432674408,-10.712615013122559,0.3333333432674408,-10.712615013122559,0.3333333432674408
1010,“Who Wants to be a Development Genius?” is our fun trivia challenge on development. Play along and test your knowle… https://t.co/7cXmBEeTMV,1,neutral,1,neutral,neutral,1,0,FinGPT-mt-Llama2-7B-LoRA,tfns,-10.577383041381836,0.3333333432674408,-10.577383041381836,0.3333333432674408,-10.577383041381836,0.3333333432674408
1011,��‍♀️The Netherlands has more bicycles than people and it's now home to the world's largest bicycle park https://t.co/m2IlurcW4G,1,neutral,1,neutral,neutral,1,0,FinGPT-mt-Llama2-7B-LoRA,tfns,-10.593854904174805,0.3333333432674408,-10.593854904174805,0.3333333432674408,-10.593854904174805,0.3333333432674408
1012,"✅Get the best deals. 
✅Don't break the bank. 
Our guide on how to get it done: https://t.co/QrIh2UFASd https://t.co/IPxHN05zxZ",1,neutral,1,neutral,neutral,1,0,FinGPT-mt-Llama2-7B-LoRA,tfns,-10.162819862365723,0.3333333432674408,-10.162819862365723,0.3333333432674408,-10.162819862365723,0.3333333432674408
1013,"⚡️ “Most people choose to support environment and healthcare organizations”

https://t.co/9rFXXJ2EfN",1,neutral,1,neutral,neutral,1,0,FinGPT-mt-Llama2-7B-LoRA,tfns,-10.593768119812012,0.3333333432674408,-10.593768119812012,0.3333333432674408,-10.593768119812012,0.3333333432674408
1014,2 Ways Government Pensions Can Reduce Your Social Security,1,neutral,1,neutral,neutral,1,0,FinGPT-mt-Llama2-7B-LoRA,tfns,-10.498684883117676,0.3333333432674408,-10.498684883117676,0.3333333432674408,-10.498684883117676,0.3333333432674408
1015,201 books to read before the end of the year https://t.co/HgzlXonUVR #FTReadingList,1,neutral,1,neutral,neutral,1,0,FinGPT-mt-Llama2-7B-LoRA,tfns,-10.708392143249512,0.3333333432674408,-10.708392143249512,0.3333333432674408,-10.708392143249512,0.3333333432674408
1016,2020 Advances in Construction and Demolition Waste Recycling: Woodhead Publishing Series in Civil and Structural En… https://t.co/NDeG5e1kYs,1,neutral,1,neutral,neutral,1,0,FinGPT-mt-Llama2-7B-LoRA,tfns,-10.006163597106934,0.3333333432674408,-10.006163597106934,0.3333333432674408,-10.006163597106934,0.3333333432674408
1017,"20k next week this was my consolidation week. $500-$16,600 in 8 weeks. https://t.co/rxWtgDGKAT",1,neutral,1,neutral,neutral,1,0,FinGPT-mt-Llama2-7B-LoRA,tfns,-10.704086303710938,0.3333333432674408,-10.704086303710938,0.3333333432674408,-10.704086303710938,0.3333333432674408
1018,3 Companies That Are Raising Their Dividends,1,neutral,2,positive,positive,0,0,FinGPT-mt-Llama2-7B-LoRA,tfns,-10.484012603759766,0.3333333432674408,-10.484012603759766,0.3333333432674408,-10.484012603759766,0.3333333432674408
1019,3 Lagging Long Ideas That We Still Love. https://t.co/4Lq29yLh6D #stocks #trading #markets,1,neutral,1,neutral,neutral,1,0,FinGPT-mt-Llama2-7B-LoRA,tfns,-9.9805326461792,0.3333333432674408,-9.9805326461792,0.3333333432674408,-9.9805326461792,0.3333333432674408
1020,3 Leveraged Emerging Markets Traders Should Consider in Q1,1,neutral,1,neutral,neutral,1,0,FinGPT-mt-Llama2-7B-LoRA,tfns,-11.020369529724121,0.3333333432674408,-11.020369529724121,0.3333333432674408,-11.020369529724121,0.3333333432674408
1021,"3 Mutual Fund Misfires to Avoid - November 25, 2019",1,neutral,1,neutral,neutral,1,0,FinGPT-mt-Llama2-7B-LoRA,tfns,-9.960856437683105,0.3333333432674408,-9.960856437683105,0.3333333432674408,-9.960856437683105,0.3333333432674408
1022,"3 Mutual Fund Misfires To Avoid In Your Retirement Portfolio - November 25, 2019",1,neutral,1,neutral,neutral,1,0,FinGPT-mt-Llama2-7B-LoRA,tfns,-9.834112167358398,0.3333333432674408,-9.834112167358398,0.3333333432674408,-9.834112167358398,0.3333333432674408
1023,"3 Top-Ranked Mutual Funds for Your Retirement - February 06, 2020",1,neutral,1,neutral,neutral,1,0,FinGPT-mt-Llama2-7B-LoRA,tfns,-10.59967041015625,0.3333333432674408,-10.59967041015625,0.3333333432674408,-10.59967041015625,0.3333333432674408
1024,"52% of Older Adults Are Making This Crucial Social Security Mistake, a Survey Shows",1,neutral,1,neutral,neutral,1,0,FinGPT-mt-Llama2-7B-LoRA,tfns,-10.064209938049316,0.3333333432674408,-10.064209938049316,0.3333333432674408,-10.064209938049316,0.3333333432674408
1025,7 Stocks to Buy to Ride the Vegan Wave,1,neutral,2,positive,positive,0,0,FinGPT-mt-Llama2-7B-LoRA,tfns,-9.891467094421387,0.3333333432674408,-9.891467094421387,0.3333333432674408,-9.891467094421387,0.3333333432674408
1026,A certified fraud examiner lays out three big investing red flags #investinyou (In partnership with @acorns.) https://t.co/eGvx23n4Uc,1,neutral,0,negative,negative,0,0,FinGPT-mt-Llama2-7B-LoRA,tfns,-9.470149040222168,0.3333333432674408,-9.470149040222168,0.3333333432674408,-9.470149040222168,0.3333333432674408
1027,"A couple claims a 500-pound, $280-million emerald was destroyed when their house burned down in California's worst-… https://t.co/jJFqUHN5qr",1,neutral,1,neutral,neutral,1,0,FinGPT-mt-Llama2-7B-LoRA,tfns,-10.090513229370117,0.3333333432674408,-10.090513229370117,0.3333333432674408,-10.090513229370117,0.3333333432674408
1028,A REIT Activist's New Positions In Q3. Continue reading: https://t.co/rv7TZZGn6g #business #finance #trading,1,neutral,1,neutral,neutral,1,0,FinGPT-mt-Llama2-7B-LoRA,tfns,-10.37753963470459,0.3333333432674408,-10.37753963470459,0.3333333432674408,-10.37753963470459,0.3333333432674408
1029,A rusty pre-WWII train car gets a second life,1,neutral,1,neutral,neutral,1,0,FinGPT-mt-Llama2-7B-LoRA,tfns,-10.893064498901367,0.3333333432674408,-10.893064498901367,0.3333333432674408,-10.893064498901367,0.3333333432674408
1030,A South African grieving family took a man's corpse to an insurance company to prove he's dead.  Here's why their… https://t.co/bxACoIRGV0,1,neutral,1,neutral,neutral,1,0,FinGPT-mt-Llama2-7B-LoRA,tfns,-10.360945701599121,0.3333333432674408,-10.360945701599121,0.3333333432674408,-10.360945701599121,0.3333333432674408
1031,'A victim of their own success': How vaccines became a casualty of misinformation in the U.S.:… https://t.co/jRQt6BxmHz,1,neutral,0,negative,negative,0,0,FinGPT-mt-Llama2-7B-LoRA,tfns,-9.470850944519043,0.3333333432674408,-9.470850944519043,0.3333333432674408,-9.470850944519043,0.3333333432674408
1032,"Accident Deaths Plunge Drastically In Few States, Union Territories Post New Motor Act: Government",1,neutral,2,positive,positive,0,0,FinGPT-mt-Llama2-7B-LoRA,tfns,-10.4242582321167,0.3333333432674408,-10.4242582321167,0.3333333432674408,-10.4242582321167,0.3333333432674408
1033,"Activism Rises In Japan as Firms Go Hostile, Investors Speak Out",1,neutral,1,neutral,neutral,1,0,FinGPT-mt-Llama2-7B-LoRA,tfns,-9.91556453704834,0.3333333432674408,-9.91556453704834,0.3333333432674408,-9.91556453704834,0.3333333432674408
1034,"AI Poised to Impact High-Skill U.S. Jobs Including Finance, Tech",1,neutral,2,positive,positive,0,0,FinGPT-mt-Llama2-7B-LoRA,tfns,-10.260802268981934,0.3333333432674408,-10.260802268981934,0.3333333432674408,-10.260802268981934,0.3333333432674408
1035,Air Water : Notice of Execution of the Business Transfer Agreement for the Acquisition of ... #AirWater #Stock… https://t.co/BgG7Fp4BcS,1,neutral,1,neutral,neutral,1,0,FinGPT-mt-Llama2-7B-LoRA,tfns,-10.544763565063477,0.3333333432674408,-10.544763565063477,0.3333333432674408,-10.544763565063477,0.3333333432674408
1036,Almost 1 in 5 Millennials Think They'll Be Paying Student Loans in Their 50s,1,neutral,1,neutral,neutral,1,0,FinGPT-mt-Llama2-7B-LoRA,tfns,-10.844053268432617,0.3333333432674408,-10.844053268432617,0.3333333432674408,-10.844053268432617,0.3333333432674408
1037,ALROSA : Supervisory Board to consider disposal of Non-State Pension Fund Almaznaya Osen #ALROSA #Stock… https://t.co/RcGh6YQY2A,1,neutral,1,neutral,neutral,1,0,FinGPT-mt-Llama2-7B-LoRA,tfns,-10.548043251037598,0.3333333432674408,-10.548043251037598,0.3333333432674408,-10.548043251037598,0.3333333432674408
1038,AM Best Affirms Credit Ratings of Legal & General Group Plc and Legal and General Assurance Society Limited… https://t.co/dopr5WqWYx,1,neutral,2,positive,positive,0,0,FinGPT-mt-Llama2-7B-LoRA,tfns,-9.526895523071289,0.3333333432674408,-9.526895523071289,0.3333333432674408,-9.526895523071289,0.3333333432674408
1039,America isn’t ready for longer lifespans,1,neutral,1,neutral,neutral,1,0,FinGPT-mt-Llama2-7B-LoRA,tfns,-10.718077659606934,0.3333333432674408,-10.718077659606934,0.3333333432674408,-10.718077659606934,0.3333333432674408
1040,America’s Reluctance To Tax Wealth Has Its Roots In Slavery,1,neutral,1,neutral,neutral,1,0,FinGPT-mt-Llama2-7B-LoRA,tfns,-10.743315696716309,0.3333333432674408,-10.743315696716309,0.3333333432674408,-10.743315696716309,0.3333333432674408
1041,"Analysis on the World's Cognitive Collaboration Market, 2019-2024 - Increasing Need for Mobility & Collaboration Dr… https://t.co/DWGHx4ruLX",1,neutral,1,neutral,neutral,1,0,FinGPT-mt-Llama2-7B-LoRA,tfns,-10.779388427734375,0.3333333432674408,-10.779388427734375,0.3333333432674408,-10.779388427734375,0.3333333432674408
1042,Another coal-fired power plant closes its doors,1,neutral,0,negative,negative,0,0,FinGPT-mt-Llama2-7B-LoRA,tfns,-9.500377655029297,0.3333333432674408,-9.500377655029297,0.3333333432674408,-9.500377655029297,0.3333333432674408
1043,"Arm yourself with live #marketanalysis, #investmentresearch, and #investingideas. Try Briefing In Play Plus risk-fr… https://t.co/q2bLi8O81t",1,neutral,1,neutral,neutral,1,0,FinGPT-mt-Llama2-7B-LoRA,tfns,-10.703679084777832,0.3333333432674408,-10.703679084777832,0.3333333432674408,-10.703679084777832,0.3333333432674408
1044,"As Illinois Legalizes Marijuana, Cook County Prosecutor Vacates Over 1,000 Low-Level Cannabis Convictions",1,neutral,2,positive,positive,0,0,FinGPT-mt-Llama2-7B-LoRA,tfns,-10.2556791305542,0.3333333432674408,-10.2556791305542,0.3333333432674408,-10.2556791305542,0.3333333432674408
1045,"As relations between the U.S. and China continue to deteriorate, one immediate risk is a “military accident or oper… https://t.co/N2fewJJeQc",1,neutral,0,negative,negative,0,0,FinGPT-mt-Llama2-7B-LoRA,tfns,-9.92517375946045,0.3333333432674408,-9.92517375946045,0.3333333432674408,-9.92517375946045,0.3333333432674408
1046,Asset Acquisitions and Disposals::Proposed Acquisition of Assets in Singapore Mobike Pte. Ltd. #ISOTeam #Stock… https://t.co/f6tx3DSIBR,1,neutral,1,neutral,neutral,1,0,FinGPT-mt-Llama2-7B-LoRA,tfns,-10.017062187194824,0.3333333432674408,-10.017062187194824,0.3333333432674408,-10.017062187194824,0.3333333432674408
1047,Australians Love Rooftop Panels. That’s a Problem for Big Solar,1,neutral,1,neutral,neutral,1,0,FinGPT-mt-Llama2-7B-LoRA,tfns,-9.964372634887695,0.3333333432674408,-9.964372634887695,0.3333333432674408,-9.964372634887695,0.3333333432674408
1048,"Basking in the glow of a luxury-goods deal, Burberry boosts London stocks https://t.co/MTuHyI5ysO",1,neutral,2,positive,positive,0,0,FinGPT-mt-Llama2-7B-LoRA,tfns,-10.363144874572754,0.3333333432674408,-10.363144874572754,0.3333333432674408,-10.363144874572754,0.3333333432674408
1049,BDO Christmas party chaperones to guard against ghosts of scandals past https://t.co/HCiRkzZJGi,1,neutral,1,neutral,neutral,1,0,FinGPT-mt-Llama2-7B-LoRA,tfns,-10.543307304382324,0.3333333432674408,-10.543307304382324,0.3333333432674408,-10.543307304382324,0.3333333432674408
1050,Beer Drinkers Want More Than a Typical Lager These Days,1,neutral,1,neutral,neutral,1,0,FinGPT-mt-Llama2-7B-LoRA,tfns,-10.848404884338379,0.3333333432674408,-10.848404884338379,0.3333333432674408,-10.848404884338379,0.3333333432674408
1051,Before You Say 'OK Boomer' -- or Get Angry About It -- Embrace the Value of a Multigenerational Workforce,1,neutral,1,neutral,neutral,1,0,FinGPT-mt-Llama2-7B-LoRA,tfns,-10.680742263793945,0.3333333432674408,-10.680742263793945,0.3333333432674408,-10.680742263793945,0.3333333432674408
1052,Beyond Meat and Impossible Foods have a new foe in the plant-based burger wars: the Ultimate Burger… https://t.co/7RHXZNGEBG,1,neutral,1,neutral,neutral,1,0,FinGPT-mt-Llama2-7B-LoRA,tfns,-9.507841110229492,0.3333333432674408,-9.507841110229492,0.3333333432674408,-9.507841110229492,0.3333333432674408
1053,"Billionaire investor Howard Marks says we're not in a bubble, but sees reasons to take less risk https://t.co/BoHEP6B2Hi",1,neutral,1,neutral,neutral,1,0,FinGPT-mt-Llama2-7B-LoRA,tfns,-10.505453109741211,0.3333333432674408,-10.505453109741211,0.3333333432674408,-10.505453109741211,0.3333333432674408
1054,"Black Friday 2019: How scammers use gift cards, hot toy deals to trick you",1,neutral,1,neutral,neutral,1,0,FinGPT-mt-Llama2-7B-LoRA,tfns,-10.402195930480957,0.3333333432674408,-10.402195930480957,0.3333333432674408,-10.402195930480957,0.3333333432674408
1055,Bloomberg Daybreak: Middle East Full Show (02/06/2020),1,neutral,1,neutral,neutral,1,0,FinGPT-mt-Llama2-7B-LoRA,tfns,-10.704290390014648,0.3333333432674408,-10.704290390014648,0.3333333432674408,-10.704290390014648,0.3333333432674408
1056,'Bloomberg The Open' Full Show (12/13/2019),1,neutral,1,neutral,neutral,1,0,FinGPT-mt-Llama2-7B-LoRA,tfns,-10.891135215759277,0.3333333432674408,-10.891135215759277,0.3333333432674408,-10.891135215759277,0.3333333432674408
1057,"Brazil's Afro-Brazilians are beginning to get their due, says @macmargolis (via @bopinion) https://t.co/tezavhCp6r",1,neutral,1,neutral,neutral,1,0,FinGPT-mt-Llama2-7B-LoRA,tfns,-9.701042175292969,0.3333333432674408,-9.701042175292969,0.3333333432674408,-9.701042175292969,0.3333333432674408
1058,Breaking - @NYDailyNews reports potential coronavirus patient at Elmhurst Hospital. Note: NYC Department of Health... https://t.co/U6wm1qJ4Ft,1,neutral,1,neutral,neutral,1,0,FinGPT-mt-Llama2-7B-LoRA,tfns,-9.626137733459473,0.3333333432674408,-9.626137733459473,0.3333333432674408,-9.626137733459473,0.3333333432674408
1059,Brief calm in Hong Kong is over,1,neutral,2,positive,positive,0,0,FinGPT-mt-Llama2-7B-LoRA,tfns,-9.318819046020508,0.3333333432674408,-9.318819046020508,0.3333333432674408,-9.318819046020508,0.3333333432674408
1060,Bumrungrad Hospital Public : Notification of the joint new business model #BumrungradHospitalPublic #Stock… https://t.co/QhvKqiE4Cd,1,neutral,1,neutral,neutral,1,0,FinGPT-mt-Llama2-7B-LoRA,tfns,-10.64698314666748,0.3333333432674408,-10.64698314666748,0.3333333432674408,-10.64698314666748,0.3333333432674408
1061,Burger King® Restaurants Partner With DC’s Harley Quinn and the Birds of Prey to Flame-Grill Memories of Your Ex and Emancipate Your Heart This Valentine’s Day,1,neutral,1,neutral,neutral,1,0,FinGPT-mt-Llama2-7B-LoRA,tfns,-10.283309936523438,0.3333333432674408,-10.283309936523438,0.3333333432674408,-10.283309936523438,0.3333333432674408
1062,"By diversifying, you reduce the risk of any one company losing value and negatively affecting your portfolio.… https://t.co/fZZP7j69yG",1,neutral,2,positive,positive,0,0,FinGPT-mt-Llama2-7B-LoRA,tfns,-9.569402694702148,0.3333333432674408,-9.569402694702148,0.3333333432674408,-9.569402694702148,0.3333333432674408
1063,"California must sound the alarm over rising seas, an analyst says https://t.co/vExxAxSA9t",1,neutral,0,negative,negative,0,0,FinGPT-mt-Llama2-7B-LoRA,tfns,-9.681648254394531,0.3333333432674408,-9.681648254394531,0.3333333432674408,-9.681648254394531,0.3333333432674408
1064,Can Nostalgia Revive Star Wars?,1,neutral,1,neutral,neutral,1,0,FinGPT-mt-Llama2-7B-LoRA,tfns,-10.384980201721191,0.3333333432674408,-10.384980201721191,0.3333333432674408,-10.384980201721191,0.3333333432674408
1065,"Car Rams Israelis, Palestinians Die in Post-Trump Plan Violence",1,neutral,0,negative,negative,0,0,FinGPT-mt-Llama2-7B-LoRA,tfns,-9.977784156799316,0.3333333432674408,-9.977784156799316,0.3333333432674408,-9.977784156799316,0.3333333432674408
1066,Carbon Taxes Alone Aren't Good Climate Policy: Gernot Wagner,1,neutral,0,negative,negative,0,0,FinGPT-mt-Llama2-7B-LoRA,tfns,-9.712390899658203,0.3333333432674408,-9.712390899658203,0.3333333432674408,-9.712390899658203,0.3333333432674408
1067,"Carolina Panthers owner David Tepper is close to adding another sports team to his empire, as Major League Soccer m… https://t.co/dvCe5VNlmL",1,neutral,1,neutral,neutral,1,0,FinGPT-mt-Llama2-7B-LoRA,tfns,-9.78449821472168,0.3333333432674408,-9.78449821472168,0.3333333432674408,-9.78449821472168,0.3333333432674408
1068,"Cash is king, and these investors are hoarding it in case of a recession 
https://t.co/YQemHWVfpv",1,neutral,1,neutral,neutral,1,0,FinGPT-mt-Llama2-7B-LoRA,tfns,-10.26919174194336,0.3333333432674408,-10.26919174194336,0.3333333432674408,-10.26919174194336,0.3333333432674408
1069,CDC: 6 Confirmed coronavirus cases in U.S.,1,neutral,0,negative,negative,0,0,FinGPT-mt-Llama2-7B-LoRA,tfns,-9.715827941894531,0.3333333432674408,-9.715827941894531,0.3333333432674408,-9.715827941894531,0.3333333432674408
1070,CH Robinson's Growth Is Fueled By Tech Investment,1,neutral,2,positive,positive,0,0,FinGPT-mt-Llama2-7B-LoRA,tfns,-10.20337200164795,0.3333333432674408,-10.20337200164795,0.3333333432674408,-10.20337200164795,0.3333333432674408
1071,"China Gangs Spreading Rumors to Exploit Pork Crisis, Report Says",1,neutral,0,negative,negative,0,0,FinGPT-mt-Llama2-7B-LoRA,tfns,-9.637497901916504,0.3333333432674408,-9.637497901916504,0.3333333432674408,-9.637497901916504,0.3333333432674408
1072,China Today Is Like Japan In 1989 https://t.co/xsAIxibRYL,1,neutral,1,neutral,neutral,1,0,FinGPT-mt-Llama2-7B-LoRA,tfns,-10.833104133605957,0.3333333432674408,-10.833104133605957,0.3333333432674408,-10.833104133605957,0.3333333432674408
1073,China Scrutinizes U.S. Bid to Control Chinese Chipmaker,1,neutral,1,neutral,neutral,1,0,FinGPT-mt-Llama2-7B-LoRA,tfns,-10.013147354125977,0.3333333432674408,-10.013147354125977,0.3333333432674408,-10.013147354125977,0.3333333432674408
1074,China’s Drug Patent Grab Makes Coronavirus Scary for Pharma,1,neutral,0,negative,negative,0,0,FinGPT-mt-Llama2-7B-LoRA,tfns,-10.164322853088379,0.3333333432674408,-10.164322853088379,0.3333333432674408,-10.164322853088379,0.3333333432674408
1075,"China’s IP crackdown, pro-democracy forces win big in Hong Kong, and big M&A news. Here’s what’s moving markets https://t.co/w0sI8qpNU0",1,neutral,1,neutral,neutral,1,0,FinGPT-mt-Llama2-7B-LoRA,tfns,-10.222442626953125,0.3333333432674408,-10.222442626953125,0.3333333432674408,-10.222442626953125,0.3333333432674408
1076,Chinese Ambassador to EU Says Economic Impact of Virus Is Limited,1,neutral,1,neutral,neutral,1,0,FinGPT-mt-Llama2-7B-LoRA,tfns,-10.536358833312988,0.3333333432674408,-10.536358833312988,0.3333333432674408,-10.536358833312988,0.3333333432674408
1077,Choking Haze Is Turning Sydney Into the World’s Laboratory,1,neutral,1,neutral,neutral,1,0,FinGPT-mt-Llama2-7B-LoRA,tfns,-10.229153633117676,0.3333333432674408,-10.229153633117676,0.3333333432674408,-10.229153633117676,0.3333333432674408
1078,Consummate New York City insider Kriegel dies at 79 https://t.co/iCYz8QnhNV,1,neutral,1,neutral,neutral,1,0,FinGPT-mt-Llama2-7B-LoRA,tfns,-10.386980056762695,0.3333333432674408,-10.386980056762695,0.3333333432674408,-10.386980056762695,0.3333333432674408
1079,CoreCivic : Inmate Students Earn College Degrees from Ashland University #CoreCivic #Stock #MarketScreener… https://t.co/ZjvZFvLif6,1,neutral,1,neutral,neutral,1,0,FinGPT-mt-Llama2-7B-LoRA,tfns,-10.58985710144043,0.3333333432674408,-10.58985710144043,0.3333333432674408,-10.58985710144043,0.3333333432674408
1080,"Coronavirus case tally: 565 deaths, 28,256 cases",1,neutral,0,negative,negative,0,0,FinGPT-mt-Llama2-7B-LoRA,tfns,-9.691603660583496,0.3333333432674408,-9.691603660583496,0.3333333432674408,-9.691603660583496,0.3333333432674408
1081,"Coronavirus continues to spread, retailers are feeling the impact",1,neutral,0,negative,negative,0,0,FinGPT-mt-Llama2-7B-LoRA,tfns,-10.136292457580566,0.3333333432674408,-10.136292457580566,0.3333333432674408,-10.136292457580566,0.3333333432674408
1082,Coronavirus Threat Looms Over Fragile African Health Systems,1,neutral,0,negative,negative,0,0,FinGPT-mt-Llama2-7B-LoRA,tfns,-9.96338939666748,0.3333333432674408,-9.96338939666748,0.3333333432674408,-9.96338939666748,0.3333333432674408
1083,Create a Song in the Palm of Your Hand With Orba by Artiphon,1,neutral,1,neutral,neutral,1,0,FinGPT-mt-Llama2-7B-LoRA,tfns,-11.011837005615234,0.3333333432674408,-11.011837005615234,0.3333333432674408,-11.011837005615234,0.3333333432674408
1084,CVC/European football: round numbers https://t.co/SBZqSrERpS,1,neutral,1,neutral,neutral,1,0,FinGPT-mt-Llama2-7B-LoRA,tfns,-10.892053604125977,0.3333333432674408,-10.892053604125977,0.3333333432674408,-10.892053604125977,0.3333333432674408
1085,Daily Insider Ratings Round Up 12/2/19. Subscribe to Seeking Alpha for more: https://t.co/5yEVpyN3jt #trading #investing #economy,1,neutral,1,neutral,neutral,1,0,FinGPT-mt-Llama2-7B-LoRA,tfns,-10.224894523620605,0.3333333432674408,-10.224894523620605,0.3333333432674408,-10.224894523620605,0.3333333432674408
1086,"David Vélez founded Nubank to offer financial services to Brazilians who had never had a bank account before. Now,… https://t.co/S665GCSUwu",1,neutral,1,neutral,neutral,1,0,FinGPT-mt-Llama2-7B-LoRA,tfns,-10.535567283630371,0.3333333432674408,-10.535567283630371,0.3333333432674408,-10.535567283630371,0.3333333432674408
1087,Death of a Hero Doctor Sparks Crisis of Confidence in Xi’s China,1,neutral,0,negative,negative,0,0,FinGPT-mt-Llama2-7B-LoRA,tfns,-9.80180549621582,0.3333333432674408,-9.80180549621582,0.3333333432674408,-9.80180549621582,0.3333333432674408
1088,"Dennis Gartman, who’s closing down his daily newsletter, had some parting advice for investors: sell https://t.co/GwcaDQjWJJ",1,neutral,1,neutral,neutral,1,0,FinGPT-mt-Llama2-7B-LoRA,tfns,-10.259577751159668,0.3333333432674408,-10.259577751159668,0.3333333432674408,-10.259577751159668,0.3333333432674408
1089,"Desalination can provide safe drinking water, but it also creates other environmental concerns like brine. Watch th… https://t.co/yLIMmQdmp5",1,neutral,1,neutral,neutral,1,0,FinGPT-mt-Llama2-7B-LoRA,tfns,-10.174734115600586,0.3333333432674408,-10.174734115600586,0.3333333432674408,-10.174734115600586,0.3333333432674408
1090,"Despite the Talk of Coal’s Demise, It Still Powers the World",1,neutral,1,neutral,neutral,1,0,FinGPT-mt-Llama2-7B-LoRA,tfns,-9.898788452148438,0.3333333432674408,-9.898788452148438,0.3333333432674408,-9.898788452148438,0.3333333432674408
1091,Do money woes leave you sleepless? You’re not alone. Here are the money fears that keep people awake at night.… https://t.co/56kJBsl625,1,neutral,1,neutral,neutral,1,0,FinGPT-mt-Llama2-7B-LoRA,tfns,-9.899077415466309,0.3333333432674408,-9.899077415466309,0.3333333432674408,-9.899077415466309,0.3333333432674408
1092,Do U.S. consumers still have enough disposable income to drive growth? Bloomberg's Vincent Cignarella discusses… https://t.co/yWZOqTa1Tj,1,neutral,1,neutral,neutral,1,0,FinGPT-mt-Llama2-7B-LoRA,tfns,-10.481343269348145,0.3333333432674408,-10.481343269348145,0.3333333432674408,-10.481343269348145,0.3333333432674408
1093,Do you believe in a Santa rally? https://t.co/1NMmDSiQ6A,1,neutral,2,positive,positive,0,0,FinGPT-mt-Llama2-7B-LoRA,tfns,-9.631721496582031,0.3333333432674408,-9.631721496582031,0.3333333432674408,-9.631721496582031,0.3333333432674408
1094,Do you qualify as a business owner? Here's what you need to know before applying for a business credit card. https://t.co/DDDXvyqMSp,1,neutral,1,neutral,neutral,1,0,FinGPT-mt-Llama2-7B-LoRA,tfns,-10.887250900268555,0.3333333432674408,-10.887250900268555,0.3333333432674408,-10.887250900268555,0.3333333432674408
1095,Does the stock market even need a U.S.-China trade deal with the jobs report this hot? https://t.co/WZnyfq6jp8,1,neutral,1,neutral,neutral,1,0,FinGPT-mt-Llama2-7B-LoRA,tfns,-10.670210838317871,0.3333333432674408,-10.670210838317871,0.3333333432674408,-10.670210838317871,0.3333333432674408
1096,"Don't be a Turkey
Only Price Pays! https://t.co/Z44GkSaAgM",1,neutral,1,neutral,neutral,1,0,FinGPT-mt-Llama2-7B-LoRA,tfns,-11.019637107849121,0.3333333432674408,-11.019637107849121,0.3333333432674408,-11.019637107849121,0.3333333432674408
1097,Duke University was built on a tobacco fortune. Now a tense showdown over college vaping and its health risks is ro… https://t.co/W38Vt442IL,1,neutral,1,neutral,neutral,1,0,FinGPT-mt-Llama2-7B-LoRA,tfns,-10.173116683959961,0.3333333432674408,-10.173116683959961,0.3333333432674408,-10.173116683959961,0.3333333432674408
1098,Eaton Vance was one of my favorite fundamental finds to start 2019..gets little recognition but simple thematic pla… https://t.co/3EW07tiRJj,1,neutral,1,neutral,neutral,1,0,FinGPT-mt-Llama2-7B-LoRA,tfns,-10.478838920593262,0.3333333432674408,-10.478838920593262,0.3333333432674408,-10.478838920593262,0.3333333432674408
1099,Elevated Valuations Are New Normal In PE: Karen Davies (Radio),1,neutral,1,neutral,neutral,1,0,FinGPT-mt-Llama2-7B-LoRA,tfns,-10.493927955627441,0.3333333432674408,-10.493927955627441,0.3333333432674408,-10.493927955627441,0.3333333432674408
1100,Enfindus sceglie gli inverter SolarEdge per 1 GW di progetti fotovoltaici in Europa,1,neutral,2,positive,positive,0,0,FinGPT-mt-Llama2-7B-LoRA,tfns,-10.66318130493164,0.3333333432674408,-10.66318130493164,0.3333333432674408,-10.66318130493164,0.3333333432674408
1101,Equity rotations and the value of industrials https://t.co/OCR2NRSE87,1,neutral,1,neutral,neutral,1,0,FinGPT-mt-Llama2-7B-LoRA,tfns,-10.837986946105957,0.3333333432674408,-10.837986946105957,0.3333333432674408,-10.837986946105957,0.3333333432674408
1102,Europe is set to stake its economic future on an environmental clean-up that will overhaul the way the world’s bigg… https://t.co/slU8gPy5AE,1,neutral,1,neutral,neutral,1,0,FinGPT-mt-Llama2-7B-LoRA,tfns,-9.92286491394043,0.3333333432674408,-9.92286491394043,0.3333333432674408,-9.92286491394043,0.3333333432674408
1103,Evacuation of Canadians from Virus Zone Is ‘Underway’ in China,1,neutral,0,negative,negative,0,0,FinGPT-mt-Llama2-7B-LoRA,tfns,-9.635457992553711,0.3333333432674408,-9.635457992553711,0.3333333432674408,-9.635457992553711,0.3333333432674408
1104,"Everybody likes a deal, and now some investors have decided that means they like junk bonds. https://t.co/jTwZwrqL9c",1,neutral,2,positive,positive,0,0,FinGPT-mt-Llama2-7B-LoRA,tfns,-9.876219749450684,0.3333333432674408,-9.876219749450684,0.3333333432674408,-9.876219749450684,0.3333333432674408
1105,Ex-JPMorgan Banker’s Career Gamble Pays Off in Muni-Bond Blitz,1,neutral,2,positive,positive,0,0,FinGPT-mt-Llama2-7B-LoRA,tfns,-10.307588577270508,0.3333333432674408,-10.307588577270508,0.3333333432674408,-10.307588577270508,0.3333333432674408
1106,Expense report fraud opening the door to bigger financial losses,1,neutral,0,negative,negative,0,0,FinGPT-mt-Llama2-7B-LoRA,tfns,-10.023605346679688,0.3333333432674408,-10.023605346679688,0.3333333432674408,-10.023605346679688,0.3333333432674408
1107,Explains the recent put buying or part of the reason?,1,neutral,1,neutral,neutral,1,0,FinGPT-mt-Llama2-7B-LoRA,tfns,-10.161898612976074,0.3333333432674408,-10.161898612976074,0.3333333432674408,-10.161898612976074,0.3333333432674408
1108,"EY has put 100 jobs in its financial consulting unit at risk of redundancy
https://t.co/d63wR7xMfR",1,neutral,0,negative,negative,0,0,FinGPT-mt-Llama2-7B-LoRA,tfns,-9.851759910583496,0.3333333432674408,-9.851759910583496,0.3333333432674408,-9.851759910583496,0.3333333432674408
1109,"Fed Inequality, China IP Crackdown, Canada Rail Strike: Eco Day",1,neutral,0,negative,negative,0,0,FinGPT-mt-Llama2-7B-LoRA,tfns,-9.89013385772705,0.3333333432674408,-9.89013385772705,0.3333333432674408,-9.89013385772705,0.3333333432674408
1110,Federal Prohibition Of Cannabis (Not Vitamin E Acetate) Is The Real Cause Of The Vaping Crisis,1,neutral,0,negative,negative,0,0,FinGPT-mt-Llama2-7B-LoRA,tfns,-9.628146171569824,0.3333333432674408,-9.628146171569824,0.3333333432674408,-9.628146171569824,0.3333333432674408
1111,FedEx CEO calls out NYT over tax bill report,1,neutral,0,negative,negative,0,0,FinGPT-mt-Llama2-7B-LoRA,tfns,-9.634288787841797,0.3333333432674408,-9.634288787841797,0.3333333432674408,-9.634288787841797,0.3333333432674408
1112,FedEx CEO hits back at New York Times tax-bill exposé,1,neutral,0,negative,negative,0,0,FinGPT-mt-Llama2-7B-LoRA,tfns,-9.60378646850586,0.3333333432674408,-9.60378646850586,0.3333333432674408,-9.60378646850586,0.3333333432674408
1113,Financial Planning Just Got A Whole Lot Harder. Subscribe to Seeking Alpha for more: https://t.co/Q9ZQPgCQjK… https://t.co/UGPLharNlL,1,neutral,1,neutral,neutral,1,0,FinGPT-mt-Llama2-7B-LoRA,tfns,-9.885573387145996,0.3333333432674408,-9.885573387145996,0.3333333432674408,-9.885573387145996,0.3333333432674408
1114,Flu Season Is Starting Off Early: 10 Things You Need to Know,1,neutral,1,neutral,neutral,1,0,FinGPT-mt-Llama2-7B-LoRA,tfns,-9.628305435180664,0.3333333432674408,-9.628305435180664,0.3333333432674408,-9.628305435180664,0.3333333432674408
1115,For every winner....  https://t.co/1pm4UFoCE2,1,neutral,1,neutral,neutral,1,0,FinGPT-mt-Llama2-7B-LoRA,tfns,-10.893533706665039,0.3333333432674408,-10.893533706665039,0.3333333432674408,-10.893533706665039,0.3333333432674408
1116,Foroohar: 2020 Election Poses Risk To Silicon Valley Tech Giants. Get more updates here: https://t.co/9UzZfKJoGd #business #finance #economy,1,neutral,0,negative,negative,0,0,FinGPT-mt-Llama2-7B-LoRA,tfns,-9.661524772644043,0.3333333432674408,-9.661524772644043,0.3333333432674408,-9.661524772644043,0.3333333432674408
1117,France's Richest Man Gets a Free Lunch From the ECB,1,neutral,1,neutral,neutral,1,0,FinGPT-mt-Llama2-7B-LoRA,tfns,-10.46131706237793,0.3333333432674408,-10.46131706237793,0.3333333432674408,-10.46131706237793,0.3333333432674408
1118,"Frank Barlow, former Pearson chief executive, 1930-2019 https://t.co/JZE8bGgJct",1,neutral,1,neutral,neutral,1,0,FinGPT-mt-Llama2-7B-LoRA,tfns,-10.955093383789062,0.3333333432674408,-10.955093383789062,0.3333333432674408,-10.955093383789062,0.3333333432674408
1119,Free agent Antonio Brown says it&apos;s time to ghost white women,1,neutral,1,neutral,neutral,1,0,FinGPT-mt-Llama2-7B-LoRA,tfns,-11.075854301452637,0.3333333432674408,-11.075854301452637,0.3333333432674408,-11.075854301452637,0.3333333432674408
1120,"French Private Equity Has a Problem With Equality, Firms Warned",1,neutral,0,negative,negative,0,0,FinGPT-mt-Llama2-7B-LoRA,tfns,-9.78166675567627,0.3333333432674408,-9.78166675567627,0.3333333432674408,-9.78166675567627,0.3333333432674408
1121,Fresh tensions over USMCA enforcement?,1,neutral,0,negative,negative,0,0,FinGPT-mt-Llama2-7B-LoRA,tfns,-9.692378044128418,0.3333333432674408,-9.692378044128418,0.3333333432674408,-9.692378044128418,0.3333333432674408
1122,"Friendship doesn't only make you happier — a good friend is worth more than $150,000. Here's why.… https://t.co/SrVlBcVoI3",1,neutral,1,neutral,neutral,1,0,FinGPT-mt-Llama2-7B-LoRA,tfns,-9.999263763427734,0.3333333432674408,-9.999263763427734,0.3333333432674408,-9.999263763427734,0.3333333432674408
1123,"From the turkey and casseroles to the mashed potatoes, here's a helpful guide detailing the TSA-approved items you… https://t.co/nHdZIH6Zoj",1,neutral,1,neutral,neutral,1,0,FinGPT-mt-Llama2-7B-LoRA,tfns,-10.889028549194336,0.3333333432674408,-10.889028549194336,0.3333333432674408,-10.889028549194336,0.3333333432674408
1124,"From Trump to Bolsonaro, Climate Skeptics Stir Green Activism",1,neutral,1,neutral,neutral,1,0,FinGPT-mt-Llama2-7B-LoRA,tfns,-10.792967796325684,0.3333333432674408,-10.792967796325684,0.3333333432674408,-10.792967796325684,0.3333333432674408
1125,Germany: Consumption Is The New Export. Get more info on Seeking Alpha: https://t.co/uNytzzpWSE #trading #stocks #stockmarket,1,neutral,1,neutral,neutral,1,0,FinGPT-mt-Llama2-7B-LoRA,tfns,-10.350099563598633,0.3333333432674408,-10.350099563598633,0.3333333432674408,-10.350099563598633,0.3333333432674408
1126,Get LIVE #analysis of the #equitymarkets featuring sophisticated #investing and #swingtrading ideas. Totally… https://t.co/gbWGLEa611,1,neutral,1,neutral,neutral,1,0,FinGPT-mt-Llama2-7B-LoRA,tfns,-10.765984535217285,0.3333333432674408,-10.765984535217285,0.3333333432674408,-10.765984535217285,0.3333333432674408
1127,Goldperson Sachs,1,neutral,1,neutral,neutral,1,0,FinGPT-mt-Llama2-7B-LoRA,tfns,-10.462860107421875,0.3333333432674408,-10.462860107421875,0.3333333432674408,-10.462860107421875,0.3333333432674408
1128,Got a tip? Click for a secure and anonymous link to Bloomberg reporters https://t.co/dPwBoTbrNr https://t.co/BY9EdJI9rE,1,neutral,1,neutral,neutral,1,0,FinGPT-mt-Llama2-7B-LoRA,tfns,-10.663148880004883,0.3333333432674408,-10.663148880004883,0.3333333432674408,-10.663148880004883,0.3333333432674408
1129,"Gundlach: ""those cynics out there who call it quantitative easing, they do have a point""",1,neutral,1,neutral,neutral,1,0,FinGPT-mt-Llama2-7B-LoRA,tfns,-10.633790969848633,0.3333333432674408,-10.633790969848633,0.3333333432674408,-10.633790969848633,0.3333333432674408
1130,"Guyana defends Exxon deal, attacks critics",1,neutral,2,positive,positive,0,0,FinGPT-mt-Llama2-7B-LoRA,tfns,-9.749755859375,0.3333333432674408,-9.749755859375,0.3333333432674408,-9.749755859375,0.3333333432674408
1131,Hannah Elliott on the Future of Luxury Cars (Podcast),1,neutral,1,neutral,neutral,1,0,FinGPT-mt-Llama2-7B-LoRA,tfns,-11.01121711730957,0.3333333432674408,-11.01121711730957,0.3333333432674408,-11.01121711730957,0.3333333432674408
1132,Has bitcoin become 'digital gold?' @KitcoNewsNOW sat down with @mikemcglone11:  https://t.co/Sg3a5Xwpfj,1,neutral,1,neutral,neutral,1,0,FinGPT-mt-Llama2-7B-LoRA,tfns,-10.0770902633667,0.3333333432674408,-10.0770902633667,0.3333333432674408,-10.0770902633667,0.3333333432674408
1133,"Has Disney's ""Star Wars"" Acquisition Been a Failure?",1,neutral,1,neutral,neutral,1,0,FinGPT-mt-Llama2-7B-LoRA,tfns,-9.664786338806152,0.3333333432674408,-9.664786338806152,0.3333333432674408,-9.664786338806152,0.3333333432674408
1134,"Have a great weekened everyone !!! Dont forget : It’s good to have money and the things that money can buy, but it’… https://t.co/echs3JqWSX",1,neutral,1,neutral,neutral,1,0,FinGPT-mt-Llama2-7B-LoRA,tfns,-10.004575729370117,0.3333333432674408,-10.004575729370117,0.3333333432674408,-10.004575729370117,0.3333333432674408
1135,Health insurance industry eyes federal aid amid coronavirus pandemic https://t.co/xyXJtq7gwE by @AnjKhem and… https://t.co/kaopnmSfQW,1,neutral,2,positive,positive,0,0,FinGPT-mt-Llama2-7B-LoRA,tfns,-9.625129699707031,0.3333333432674408,-9.625129699707031,0.3333333432674408,-9.625129699707031,0.3333333432674408
1136,"Heavy coffee drinkers live longer, study says. ☕: https://t.co/90JAiq6Dpo https://t.co/dZAiT3pjsb",1,neutral,2,positive,positive,0,0,FinGPT-mt-Llama2-7B-LoRA,tfns,-9.648924827575684,0.3333333432674408,-9.648924827575684,0.3333333432674408,-9.648924827575684,0.3333333432674408
1137,"Hedge Fund CIO: ""We Are Playing The Game Called Institutional Investor"" https://t.co/oiQjnbJBj7",1,neutral,1,neutral,neutral,1,0,FinGPT-mt-Llama2-7B-LoRA,tfns,-10.772062301635742,0.3333333432674408,-10.772062301635742,0.3333333432674408,-10.772062301635742,0.3333333432674408
1138,"Helping to build new airports was a natural next step in creating a better flying experience for customers, says De… https://t.co/n67VG7MVhr",1,neutral,2,positive,positive,0,0,FinGPT-mt-Llama2-7B-LoRA,tfns,-9.549700736999512,0.3333333432674408,-9.549700736999512,0.3333333432674408,-9.549700736999512,0.3333333432674408
1139,Here is the 30th Most Popular Stocks Among 752 Hedge Funds,1,neutral,1,neutral,neutral,1,0,FinGPT-mt-Llama2-7B-LoRA,tfns,-10.95877456665039,0.3333333432674408,-10.95877456665039,0.3333333432674408,-10.95877456665039,0.3333333432674408
1140,Here’s how to get married in style https://t.co/BLvOGQSyrR,1,neutral,1,neutral,neutral,1,0,FinGPT-mt-Llama2-7B-LoRA,tfns,-10.891339302062988,0.3333333432674408,-10.891339302062988,0.3333333432674408,-10.891339302062988,0.3333333432674408
1141,"Here's why British comedian Sacha Baron Cohen calls social media ""the greatest propaganda machine in history"" https://t.co/fJ2EAQEAmF",1,neutral,1,neutral,neutral,1,0,FinGPT-mt-Llama2-7B-LoRA,tfns,-10.71226978302002,0.3333333432674408,-10.71226978302002,0.3333333432674408,-10.71226978302002,0.3333333432674408
1142,Here's Why You Need To Hedge Your Stock Investments - Seeking Alpha,1,neutral,1,neutral,neutral,1,0,FinGPT-mt-Llama2-7B-LoRA,tfns,-10.659725189208984,0.3333333432674408,-10.659725189208984,0.3333333432674408,-10.659725189208984,0.3333333432674408
1143,"Highlight: ""An authentic digital presence is what makes you different and what you have to offer that other people… https://t.co/Ba7fCa7R5v",1,neutral,1,neutral,neutral,1,0,FinGPT-mt-Llama2-7B-LoRA,tfns,-10.891495704650879,0.3333333432674408,-10.891495704650879,0.3333333432674408,-10.891495704650879,0.3333333432674408
1144,"Highlight: ""This year, you've had three things in your favor,"" @amundipioneer says about the high-yield bond market… https://t.co/ywPLWmNHWb",1,neutral,1,neutral,neutral,1,0,FinGPT-mt-Llama2-7B-LoRA,tfns,-9.940752983093262,0.3333333432674408,-9.940752983093262,0.3333333432674408,-9.940752983093262,0.3333333432674408
1145,Highlight: @bankrategreg on why Americans are behind on their retirement savings: https://t.co/bKazTWGZvB,1,neutral,1,neutral,neutral,1,0,FinGPT-mt-Llama2-7B-LoRA,tfns,-9.880888938903809,0.3333333432674408,-9.880888938903809,0.3333333432674408,-9.880888938903809,0.3333333432674408
1146,Highlight: @jessicaasmith8 on new legislation related to insider trading: “Right now there is no specific insider t… https://t.co/DKxVVEWgIK,1,neutral,1,neutral,neutral,1,0,FinGPT-mt-Llama2-7B-LoRA,tfns,-10.83283519744873,0.3333333432674408,-10.83283519744873,0.3333333432674408,-10.83283519744873,0.3333333432674408
1147,Highlight: @julialaroche breaks down Jamie Dimon's letter to $JPM shareholders: https://t.co/x527rcLWml,1,neutral,1,neutral,neutral,1,0,FinGPT-mt-Llama2-7B-LoRA,tfns,-10.716301918029785,0.3333333432674408,-10.716301918029785,0.3333333432674408,-10.716301918029785,0.3333333432674408
1148,"Highlight: “I think it does give him more leverage in the trade war,” @rickjnewman says about the jobs report being… https://t.co/N46Fd7Y4Eq",1,neutral,1,neutral,neutral,1,0,FinGPT-mt-Llama2-7B-LoRA,tfns,-10.606893539428711,0.3333333432674408,-10.606893539428711,0.3333333432674408,-10.606893539428711,0.3333333432674408
1149,Highlight: “Kin is actually designed to deliver a feeling at the bar. It’s the first non-alcoholic beverage that’s… https://t.co/h5zMXyU2sg,1,neutral,1,neutral,neutral,1,0,FinGPT-mt-Llama2-7B-LoRA,tfns,-10.768961906433105,0.3333333432674408,-10.768961906433105,0.3333333432674408,-10.768961906433105,0.3333333432674408
1150,"Highlight: “The average investor is already trading probably for free right now,” @spyjared says about the Schwab-T… https://t.co/cVauFbGE1W",1,neutral,1,neutral,neutral,1,0,FinGPT-mt-Llama2-7B-LoRA,tfns,-10.580493927001953,0.3333333432674408,-10.580493927001953,0.3333333432674408,-10.580493927001953,0.3333333432674408
1151,Highlight: “We have very lean standard operating procedures that can be replicated— and that's the core of any fran… https://t.co/Q2QNWaGV9y,1,neutral,1,neutral,neutral,1,0,FinGPT-mt-Llama2-7B-LoRA,tfns,-10.646100997924805,0.3333333432674408,-10.646100997924805,0.3333333432674408,-10.646100997924805,0.3333333432674408
1152,"Highlight: “When growth is scarce, investors seem very willing to pay up for growth stock"" @PNCBank's… https://t.co/rO4fBOkBG9",1,neutral,2,positive,positive,0,0,FinGPT-mt-Llama2-7B-LoRA,tfns,-9.567859649658203,0.3333333432674408,-9.567859649658203,0.3333333432674408,-9.567859649658203,0.3333333432674408
1153,Highlight: “When you don’t have organic growth because of overall economic activity on a global basis kind of being… https://t.co/E9BPwBKx5E,1,neutral,1,neutral,neutral,1,0,FinGPT-mt-Llama2-7B-LoRA,tfns,-10.362838745117188,0.3333333432674408,-10.362838745117188,0.3333333432674408,-10.362838745117188,0.3333333432674408
1154,"Highlight: '10 years ago... it was the big reveal at the Super Bowl to see the ads for the first time,â€... https://t.co/MPiTNca3kw",1,neutral,1,neutral,neutral,1,0,FinGPT-mt-Llama2-7B-LoRA,tfns,-10.888214111328125,0.3333333432674408,-10.888214111328125,0.3333333432674408,-10.888214111328125,0.3333333432674408
1155,Highlight: Fed Chair Jerome Powell shares a few words about Paul Volcker: “He accomplished many things during his l… https://t.co/9GRYrEObjt,1,neutral,1,neutral,neutral,1,0,FinGPT-mt-Llama2-7B-LoRA,tfns,-10.892457008361816,0.3333333432674408,-10.892457008361816,0.3333333432674408,-10.892457008361816,0.3333333432674408
1156,"Highlight: Miller Tabak + Co. Chief Market Strategist Matt Maley: ""You can never pick the exact low in the market.… https://t.co/hnQkPa1P6u",1,neutral,1,neutral,neutral,1,0,FinGPT-mt-Llama2-7B-LoRA,tfns,-10.714676856994629,0.3333333432674408,-10.714676856994629,0.3333333432674408,-10.714676856994629,0.3333333432674408
1157,Highlight: Pictet Asset Management Chief Strategist @luca_paolini on the UK elections: “If the Labour Party does we… https://t.co/BsIJZU3JEb,1,neutral,1,neutral,neutral,1,0,FinGPT-mt-Llama2-7B-LoRA,tfns,-10.771831512451172,0.3333333432674408,-10.771831512451172,0.3333333432674408,-10.771831512451172,0.3333333432674408
1158,Highlight: 'What we see as the number one problem right now in implementing some of these AI solutions” in detecti... https://t.co/bn1qMWihcp,1,neutral,1,neutral,neutral,1,0,FinGPT-mt-Llama2-7B-LoRA,tfns,-10.428886413574219,0.3333333432674408,-10.428886413574219,0.3333333432674408,-10.428886413574219,0.3333333432674408
1159,Hong Kong Protesters Clash With Police as Lam Visits Beijing,1,neutral,0,negative,negative,0,0,FinGPT-mt-Llama2-7B-LoRA,tfns,-10.091865539550781,0.3333333432674408,-10.091865539550781,0.3333333432674408,-10.091865539550781,0.3333333432674408
1160,"Hong Kong Protesters Get A Win, Setting Stage For Foggy China Relations",1,neutral,2,positive,positive,0,0,FinGPT-mt-Llama2-7B-LoRA,tfns,-10.54442024230957,0.3333333432674408,-10.54442024230957,0.3333333432674408,-10.54442024230957,0.3333333432674408
1161,Hong Kong’s anti-government demonstrations have exposed deep schisms within the territory’s Catholic church. ‘We ar… https://t.co/YOiFws0mPz,1,neutral,1,neutral,neutral,1,0,FinGPT-mt-Llama2-7B-LoRA,tfns,-9.37497615814209,0.3333333432674408,-9.37497615814209,0.3333333432674408,-9.37497615814209,0.3333333432674408
1162,"How a 29-year-old YouTube millionaire making up to $220,000 a month spends his money. (via @CNBCMakeIt)… https://t.co/G2bYoMnim9",1,neutral,1,neutral,neutral,1,0,FinGPT-mt-Llama2-7B-LoRA,tfns,-10.830138206481934,0.3333333432674408,-10.830138206481934,0.3333333432674408,-10.830138206481934,0.3333333432674408
1163,"How likely is it that the U.S. will enter a recession? Our updating tracker will tell you. 

Sign up to get the lat… https://t.co/5w0lwFHRCF",1,neutral,0,negative,negative,0,0,FinGPT-mt-Llama2-7B-LoRA,tfns,-9.367487907409668,0.3333333432674408,-9.367487907409668,0.3333333432674408,-9.367487907409668,0.3333333432674408
1164,"How much you can expect to get from Social Security if you make $45,000 a year #investinyou (In partnership with… https://t.co/TKqvDtWH0t",1,neutral,1,neutral,neutral,1,0,FinGPT-mt-Llama2-7B-LoRA,tfns,-10.95478343963623,0.3333333432674408,-10.95478343963623,0.3333333432674408,-10.95478343963623,0.3333333432674408
1165,How the world’s biggest companies got millions of people to let temps analyze some very sensitive recordings https://t.co/PlHP1ub2i9,1,neutral,1,neutral,neutral,1,0,FinGPT-mt-Llama2-7B-LoRA,tfns,-10.95441722869873,0.3333333432674408,-10.95441722869873,0.3333333432674408,-10.95441722869873,0.3333333432674408
1166,"HP Doesn’t Need Xerox, Which May Have Been the Point",1,neutral,0,negative,negative,0,0,FinGPT-mt-Llama2-7B-LoRA,tfns,-9.766408920288086,0.3333333432674408,-9.766408920288086,0.3333333432674408,-9.766408920288086,0.3333333432674408
1167,'I can't afford that': Woman in student loan limbo since 1997 decries a muddy system,1,neutral,1,neutral,neutral,1,0,FinGPT-mt-Llama2-7B-LoRA,tfns,-9.708484649658203,0.3333333432674408,-9.708484649658203,0.3333333432674408,-9.708484649658203,0.3333333432674408
1168,"I got $10,000 more when I negotiated my salary—here's the exact script I used. (via @CNBCMakeIt) https://t.co/M2jCPARYdx",1,neutral,1,neutral,neutral,1,0,FinGPT-mt-Llama2-7B-LoRA,tfns,-10.435240745544434,0.3333333432674408,-10.435240745544434,0.3333333432674408,-10.435240745544434,0.3333333432674408
1169,I have some advice for anyone who dares to write about the latest Social Security cost-of-living adjustment: Don’t. https://t.co/MFOCzn0Whx,1,neutral,1,neutral,neutral,1,0,FinGPT-mt-Llama2-7B-LoRA,tfns,-9.943370819091797,0.3333333432674408,-9.943370819091797,0.3333333432674408,-9.943370819091797,0.3333333432674408
1170,I quit caring when a fancy chocolatier near us tried to convince me to try chocolate with horseradish. Seriously. T… https://t.co/csZFMNlhSD,1,neutral,1,neutral,neutral,1,0,FinGPT-mt-Llama2-7B-LoRA,tfns,-10.03736400604248,0.3333333432674408,-10.03736400604248,0.3333333432674408,-10.03736400604248,0.3333333432674408
1171,I Sabotaged My Boss With Ransomware From the Dark Web,1,neutral,1,neutral,neutral,1,0,FinGPT-mt-Llama2-7B-LoRA,tfns,-10.556936264038086,0.3333333432674408,-10.556936264038086,0.3333333432674408,-10.556936264038086,0.3333333432674408
1172,I think Billions jumped the shark a season ago.,1,neutral,0,negative,negative,0,0,FinGPT-mt-Llama2-7B-LoRA,tfns,-9.678427696228027,0.3333333432674408,-9.678427696228027,0.3333333432674408,-9.678427696228027,0.3333333432674408
1173,ICYMI: The famous Rockefeller Center Christmas tree in New York lights up to welcome the holiday season 🎄 https://t.co/Wo7kQwFbns,1,neutral,1,neutral,neutral,1,0,FinGPT-mt-Llama2-7B-LoRA,tfns,-10.523581504821777,0.3333333432674408,-10.523581504821777,0.3333333432674408,-10.523581504821777,0.3333333432674408
1174,"If we ever get back to the moon, we could be living in inflatable habitats. https://t.co/7fMoB4YuYt https://t.co/qPC69ZcD7a",1,neutral,1,neutral,neutral,1,0,FinGPT-mt-Llama2-7B-LoRA,tfns,-10.59212589263916,0.3333333432674408,-10.59212589263916,0.3333333432674408,-10.59212589263916,0.3333333432674408
1175,If you are throwing deep you definitely want to be targeting Blake Jarwin lol,1,neutral,1,neutral,neutral,1,0,FinGPT-mt-Llama2-7B-LoRA,tfns,-10.896265983581543,0.3333333432674408,-10.896265983581543,0.3333333432674408,-10.896265983581543,0.3333333432674408
1176,If you make your dream a priority long enough... it comes true. https://t.co/mk5TSWxly6,1,neutral,1,neutral,neutral,1,0,FinGPT-mt-Llama2-7B-LoRA,tfns,-10.8394775390625,0.3333333432674408,-10.8394775390625,0.3333333432674408,-10.8394775390625,0.3333333432674408
1177,"In 1994, #Rwanda faced the Tutsi genocide claiming the lives  of 1m+ people. In the aftermath, several @WBG_IDA pro… https://t.co/PkgnSSSe7D",1,neutral,1,neutral,neutral,1,0,FinGPT-mt-Llama2-7B-LoRA,tfns,-9.214683532714844,0.3333333432674408,-9.214683532714844,0.3333333432674408,-9.214683532714844,0.3333333432674408
1178,In case you need another reason to delete your Facebook: https://t.co/SGVxYSwjo0,1,neutral,1,neutral,neutral,1,0,FinGPT-mt-Llama2-7B-LoRA,tfns,-10.900862693786621,0.3333333432674408,-10.900862693786621,0.3333333432674408,-10.900862693786621,0.3333333432674408
1179,Industry Experts at Infiniti Research Weigh the Pros and Cons of Medical Device Outsourcing in Their Latest Article,1,neutral,1,neutral,neutral,1,0,FinGPT-mt-Llama2-7B-LoRA,tfns,-11.015462875366211,0.3333333432674408,-11.015462875366211,0.3333333432674408,-11.015462875366211,0.3333333432674408
1180,Infrastructure Funds: Definition and Examples,1,neutral,1,neutral,neutral,1,0,FinGPT-mt-Llama2-7B-LoRA,tfns,-11.011737823486328,0.3333333432674408,-11.011737823486328,0.3333333432674408,-11.011737823486328,0.3333333432674408
1181,Inovalon’s stock renaissance returns CEO to the billionaire club https://t.co/0ebuLqVjDs,1,neutral,2,positive,positive,0,0,FinGPT-mt-Llama2-7B-LoRA,tfns,-9.955843925476074,0.3333333432674408,-9.955843925476074,0.3333333432674408,-9.955843925476074,0.3333333432674408
1182,Internet Initiative Japan reports 9M results,1,neutral,1,neutral,neutral,1,0,FinGPT-mt-Llama2-7B-LoRA,tfns,-10.771567344665527,0.3333333432674408,-10.771567344665527,0.3333333432674408,-10.771567344665527,0.3333333432674408
1183,Investors shrugged off a WSJ report that said the US and China are working on a deal to delay the next round of Ame… https://t.co/D4CJFfE98t,1,neutral,2,positive,positive,0,0,FinGPT-mt-Llama2-7B-LoRA,tfns,-9.62780475616455,0.3333333432674408,-9.62780475616455,0.3333333432674408,-9.62780475616455,0.3333333432674408
1184,"Iran to Seek Advanced Arms as UN Embargo Expires, Pentagon Says",1,neutral,1,neutral,neutral,1,0,FinGPT-mt-Llama2-7B-LoRA,tfns,-10.408207893371582,0.3333333432674408,-10.408207893371582,0.3333333432674408,-10.408207893371582,0.3333333432674408
1185,Is Inflation Really Under Control? https://t.co/B86ntFUj2h,1,neutral,1,neutral,neutral,1,0,FinGPT-mt-Llama2-7B-LoRA,tfns,-10.449687957763672,0.3333333432674408,-10.449687957763672,0.3333333432674408,-10.449687957763672,0.3333333432674408
1186,Is it really possible that only 14% of families own stocks outright? @JimCramer has a few reasons:  https://t.co/pxA4SfyBtM,1,neutral,1,neutral,neutral,1,0,FinGPT-mt-Llama2-7B-LoRA,tfns,-10.70187759399414,0.3333333432674408,-10.70187759399414,0.3333333432674408,-10.70187759399414,0.3333333432674408
1187,Is Pelosi Rushing Impeachment Because Dems Know They Have Failed?  https://t.co/49HRcpAw7T,1,neutral,1,neutral,neutral,1,0,FinGPT-mt-Llama2-7B-LoRA,tfns,-9.827335357666016,0.3333333432674408,-9.827335357666016,0.3333333432674408,-9.827335357666016,0.3333333432674408
1188,Is Tesla Shoving It In Trump's Face By Producing Cars In China To Skirt Tariffs? https://t.co/9KXPAYNuhr,1,neutral,1,neutral,neutral,1,0,FinGPT-mt-Llama2-7B-LoRA,tfns,-10.448476791381836,0.3333333432674408,-10.448476791381836,0.3333333432674408,-10.448476791381836,0.3333333432674408
1189,Is this the end of the road for Uber in London? https://t.co/D8QDe2OkRd,1,neutral,0,negative,negative,0,0,FinGPT-mt-Llama2-7B-LoRA,tfns,-9.563075065612793,0.3333333432674408,-9.563075065612793,0.3333333432674408,-9.563075065612793,0.3333333432674408
1190,It doesn't pay to be a stock picker anymore. https://t.co/amkOz3dTxj https://t.co/6e50u9TPuU,1,neutral,0,negative,negative,0,0,FinGPT-mt-Llama2-7B-LoRA,tfns,-9.430583953857422,0.3333333432674408,-9.430583953857422,0.3333333432674408,-9.430583953857422,0.3333333432674408
1191,"It's cold outside, but White Claw summer lives on https://t.co/4JdNqODTOj",1,neutral,1,neutral,neutral,1,0,FinGPT-mt-Llama2-7B-LoRA,tfns,-10.718404769897461,0.3333333432674408,-10.718404769897461,0.3333333432674408,-10.718404769897461,0.3333333432674408
1192,"Japan Post Probe Finds 9,000 Cases of Missold Insurance: Yomiuri",1,neutral,0,negative,negative,0,0,FinGPT-mt-Llama2-7B-LoRA,tfns,-9.93152904510498,0.3333333432674408,-9.93152904510498,0.3333333432674408,-9.93152904510498,0.3333333432674408
1193,Jason Garrett’s job security in picture form https://t.co/CBpCNx3Frg,1,neutral,1,neutral,neutral,1,0,FinGPT-mt-Llama2-7B-LoRA,tfns,-10.183460235595703,0.3333333432674408,-10.183460235595703,0.3333333432674408,-10.183460235595703,0.3333333432674408
1194,"John B. Sanfilippo & Son, Inc. Mourns the Passing of Former Chairman and CEO, Jasper B. Sanfilippo, Sr.",1,neutral,1,neutral,neutral,1,0,FinGPT-mt-Llama2-7B-LoRA,tfns,-10.382474899291992,0.3333333432674408,-10.382474899291992,0.3333333432674408,-10.382474899291992,0.3333333432674408
1195,"Joseph Stiglitz, a Nobel-Prize winning economist, says cryptocurrencies should be shut down. Here's why.… https://t.co/qpEnoXPS96",1,neutral,0,negative,negative,0,0,FinGPT-mt-Llama2-7B-LoRA,tfns,-9.672595024108887,0.3333333432674408,-9.672595024108887,0.3333333432674408,-9.672595024108887,0.3333333432674408
1196,"Just received a full briefing on the tragic shooting at NAS Pensacola in Florida, and spoke to @GovRonDeSantis. My… https://t.co/Em3f4rgehW",1,neutral,1,neutral,neutral,1,0,FinGPT-mt-Llama2-7B-LoRA,tfns,-9.958539962768555,0.3333333432674408,-9.958539962768555,0.3333333432674408,-9.958539962768555,0.3333333432674408
1197,Justin Bieber wants to sell his $8.5 million Beverly Hills home on Instagram. Here's a look inside. (via… https://t.co/kwqjstwso6,1,neutral,1,neutral,neutral,1,0,FinGPT-mt-Llama2-7B-LoRA,tfns,-10.586277961730957,0.3333333432674408,-10.586277961730957,0.3333333432674408,-10.586277961730957,0.3333333432674408
1198,Justin Fox on Christmas's New York Roots (Podcast),1,neutral,1,neutral,neutral,1,0,FinGPT-mt-Llama2-7B-LoRA,tfns,-11.074135780334473,0.3333333432674408,-11.074135780334473,0.3333333432674408,-11.074135780334473,0.3333333432674408
1199,Key Events In The Holiday Shortened Week https://t.co/n7Q9OeE5yu,1,neutral,1,neutral,neutral,1,0,FinGPT-mt-Llama2-7B-LoRA,tfns,-10.657610893249512,0.3333333432674408,-10.657610893249512,0.3333333432674408,-10.657610893249512,0.3333333432674408
1200,"Known as the ""most beautiful café in the world,"" the New York Café is nothing short of spectacular. (PS -- it's not… https://t.co/laxpn15BP7",1,neutral,1,neutral,neutral,1,0,FinGPT-mt-Llama2-7B-LoRA,tfns,-10.537071228027344,0.3333333432674408,-10.537071228027344,0.3333333432674408,-10.537071228027344,0.3333333432674408
1201,Last day to sign up for a discount to our community. Will be limiting alerts and charts here. Price already settled… https://t.co/qFjitpKlKo,1,neutral,1,neutral,neutral,1,0,FinGPT-mt-Llama2-7B-LoRA,tfns,-10.584643363952637,0.3333333432674408,-10.584643363952637,0.3333333432674408,-10.584643363952637,0.3333333432674408
1202,Launch of new generic drugs in U.S. still lags - WSJ,1,neutral,0,negative,negative,0,0,FinGPT-mt-Llama2-7B-LoRA,tfns,-9.708297729492188,0.3333333432674408,-9.708297729492188,0.3333333432674408,-9.708297729492188,0.3333333432674408
1203,Leaks offer glimpse inside China’s detention camps https://t.co/hqKYf75c5V,1,neutral,1,neutral,neutral,1,0,FinGPT-mt-Llama2-7B-LoRA,tfns,-10.54500675201416,0.3333333432674408,-10.54500675201416,0.3333333432674408,-10.54500675201416,0.3333333432674408
1204,Let’s Talk Donald Trump and Coronavirus,1,neutral,1,neutral,neutral,1,0,FinGPT-mt-Llama2-7B-LoRA,tfns,-11.076424598693848,0.3333333432674408,-11.076424598693848,0.3333333432674408,-11.076424598693848,0.3333333432674408
1205,"LISTEN NOW: Trade news is in focus today, as progress is made on the USMCA and China tariffs reportedly could be de… https://t.co/FWS9MkuY65",1,neutral,2,positive,positive,0,0,FinGPT-mt-Llama2-7B-LoRA,tfns,-9.700546264648438,0.3333333432674408,-9.700546264648438,0.3333333432674408,-9.700546264648438,0.3333333432674408
1206,Looking for a play on $CVX?  https://t.co/yGYLAiHwO3,1,neutral,2,positive,positive,0,0,FinGPT-mt-Llama2-7B-LoRA,tfns,-9.805675506591797,0.3333333432674408,-9.805675506591797,0.3333333432674408,-9.805675506591797,0.3333333432674408
1207,Major League Baseball Is Ushering in a New Era of Sports Streaming,1,neutral,1,neutral,neutral,1,0,FinGPT-mt-Llama2-7B-LoRA,tfns,-9.946419715881348,0.3333333432674408,-9.946419715881348,0.3333333432674408,-9.946419715881348,0.3333333432674408
1208,"Make the Most of Your Retirement with These Top-Ranked Mutual Funds - February 06, 2020",1,neutral,1,neutral,neutral,1,0,FinGPT-mt-Llama2-7B-LoRA,tfns,-10.601710319519043,0.3333333432674408,-10.601710319519043,0.3333333432674408,-10.601710319519043,0.3333333432674408
1209,Man vs. Microbe: We’re Not Ready for the Next Global Virus Outbreak,1,neutral,1,neutral,neutral,1,0,FinGPT-mt-Llama2-7B-LoRA,tfns,-10.620990753173828,0.3333333432674408,-10.620990753173828,0.3333333432674408,-10.620990753173828,0.3333333432674408
1210,Mandiri Warns of Risk to Loan Growth From Virus Outbreak,1,neutral,0,negative,negative,0,0,FinGPT-mt-Llama2-7B-LoRA,tfns,-10.20627498626709,0.3333333432674408,-10.20627498626709,0.3333333432674408,-10.20627498626709,0.3333333432674408
1211,Market Movers: What changed for D-Street while you were sleeping - Economic Times,1,neutral,1,neutral,neutral,1,0,FinGPT-mt-Llama2-7B-LoRA,tfns,-10.901948928833008,0.3333333432674408,-10.901948928833008,0.3333333432674408,-10.901948928833008,0.3333333432674408
1212,Marvel Comics 1 torches record with $1.26M sale at auction https://t.co/ZCIXTnGfPG via @FoxBusiness https://t.co/09Sj0PfU9H,1,neutral,2,positive,positive,0,0,FinGPT-mt-Llama2-7B-LoRA,tfns,-10.207540512084961,0.3333333432674408,-10.207540512084961,0.3333333432674408,-10.207540512084961,0.3333333432674408
1213,"Meet Bread and Butter, two turkeys slated to receive a presidential pardon this week https://t.co/gVMwhszyuH",1,neutral,1,neutral,neutral,1,0,FinGPT-mt-Llama2-7B-LoRA,tfns,-9.999868392944336,0.3333333432674408,-9.999868392944336,0.3333333432674408,-9.999868392944336,0.3333333432674408
1214,Mexico’s former top police official has been arrested in the U.S. for allegedly taking millions in bribes to help t… https://t.co/gumELPl8zp,1,neutral,0,negative,negative,0,0,FinGPT-mt-Llama2-7B-LoRA,tfns,-9.744891166687012,0.3333333432674408,-9.744891166687012,0.3333333432674408,-9.744891166687012,0.3333333432674408
1215,"MILLION DOLLAR MARVEL: The 1939 comic book that laid the groundwork for the Avengers, Spider-Man, and the X-Men has… https://t.co/DfpVefYXH0",1,neutral,1,neutral,neutral,1,0,FinGPT-mt-Llama2-7B-LoRA,tfns,-10.890935897827148,0.3333333432674408,-10.890935897827148,0.3333333432674408,-10.890935897827148,0.3333333432674408
1216,Ministers risk NHS pension tax breach in bid to avert pre-poll crisis https://t.co/hw8VhL3IgU,1,neutral,0,negative,negative,0,0,FinGPT-mt-Llama2-7B-LoRA,tfns,-9.582989692687988,0.3333333432674408,-9.582989692687988,0.3333333432674408,-9.582989692687988,0.3333333432674408
1217,Monday's big rally is premature: financial advisor #economy #MarketScreener https://t.co/Ld6fdzqgQd https://t.co/nqWvTA19gR,1,neutral,1,neutral,neutral,1,0,FinGPT-mt-Llama2-7B-LoRA,tfns,-9.693034172058105,0.3333333432674408,-9.693034172058105,0.3333333432674408,-9.693034172058105,0.3333333432674408
1218,"More than 140,000 people died from measles last year, according to new estimates from the World Health Organization… https://t.co/hdvfswYuFA",1,neutral,0,negative,negative,0,0,FinGPT-mt-Llama2-7B-LoRA,tfns,-9.446418762207031,0.3333333432674408,-9.446418762207031,0.3333333432674408,-9.446418762207031,0.3333333432674408
1219,Mother of Jailed Israeli Appeals to Putin as Netanyahu Stumbles,1,neutral,1,neutral,neutral,1,0,FinGPT-mt-Llama2-7B-LoRA,tfns,-10.250207901000977,0.3333333432674408,-10.250207901000977,0.3333333432674408,-10.250207901000977,0.3333333432674408
1220,Mountain America’s Free Adoption Event Saves Over 160 Pets at the Humane Society of Utah  https://t.co/SAkC0zncke,1,neutral,2,positive,positive,0,0,FinGPT-mt-Llama2-7B-LoRA,tfns,-10.045905113220215,0.3333333432674408,-10.045905113220215,0.3333333432674408,-10.045905113220215,0.3333333432674408
1221,"MURKOWSKI WILL VOTE ``NO'' ON WITNESSES, WASH. POST SAYS",1,neutral,0,negative,negative,0,0,FinGPT-mt-Llama2-7B-LoRA,tfns,-9.397055625915527,0.3333333432674408,-9.397055625915527,0.3333333432674408,-9.397055625915527,0.3333333432674408
1222,"My wife is 61 and earns $50,000. I’m 65 and earn $400,000 and will work until 71. Should my wife take her Social Se… https://t.co/XBkIQCDPzD",1,neutral,1,neutral,neutral,1,0,FinGPT-mt-Llama2-7B-LoRA,tfns,-10.402814865112305,0.3333333432674408,-10.402814865112305,0.3333333432674408,-10.402814865112305,0.3333333432674408
1223,Myanmar Asks Tour Firms to Suspend Services for Chinese Visitors,1,neutral,0,negative,negative,0,0,FinGPT-mt-Llama2-7B-LoRA,tfns,-9.733083724975586,0.3333333432674408,-9.733083724975586,0.3333333432674408,-9.733083724975586,0.3333333432674408
1224,National Cattlemen Beef Association of United St : Kansas Corn Encouraged by Bipartisan Ef... #economy… https://t.co/YFY2qzqpWw,1,neutral,1,neutral,neutral,1,0,FinGPT-mt-Llama2-7B-LoRA,tfns,-10.277610778808594,0.3333333432674408,-10.277610778808594,0.3333333432674408,-10.277610778808594,0.3333333432674408
1225,"NBA should trim schedule to 68 games, says Washington University sports business director https://t.co/GGXMbWQjbV",1,neutral,1,neutral,neutral,1,0,FinGPT-mt-Llama2-7B-LoRA,tfns,-10.460711479187012,0.3333333432674408,-10.460711479187012,0.3333333432674408,-10.460711479187012,0.3333333432674408
1226,NBC’s Today Co-anchors Savannah Guthrie and Hoda Kotb to Be Honored at 2020 Outstanding Mother Awards,1,neutral,1,neutral,neutral,1,0,FinGPT-mt-Llama2-7B-LoRA,tfns,-10.679845809936523,0.3333333432674408,-10.679845809936523,0.3333333432674408,-10.679845809936523,0.3333333432674408
1227,Nevada casinos record big Super Bowl win,1,neutral,2,positive,positive,0,0,FinGPT-mt-Llama2-7B-LoRA,tfns,-10.533978462219238,0.3333333432674408,-10.533978462219238,0.3333333432674408,-10.533978462219238,0.3333333432674408
1228,Never lose sight of the big picture. @JimCramer breaks down how he's approaching a market obsessed with the headlin… https://t.co/L49D4iPLH2,1,neutral,1,neutral,neutral,1,0,FinGPT-mt-Llama2-7B-LoRA,tfns,-10.702746391296387,0.3333333432674408,-10.702746391296387,0.3333333432674408,-10.702746391296387,0.3333333432674408
1229,New Cortec PE fund biggest winner from latest Texas CDRS pension commitments,1,neutral,2,positive,positive,0,0,FinGPT-mt-Llama2-7B-LoRA,tfns,-10.541088104248047,0.3333333432674408,-10.541088104248047,0.3333333432674408,-10.541088104248047,0.3333333432674408
1230,New Dungeons & Dragons game announced,1,neutral,1,neutral,neutral,1,0,FinGPT-mt-Llama2-7B-LoRA,tfns,-9.724421501159668,0.3333333432674408,-9.724421501159668,0.3333333432674408,-9.724421501159668,0.3333333432674408
1231,New England Patriots acknowledge team video crew filmed opposing team’s sideline during game https://t.co/Hrrt5qmCsT,1,neutral,1,neutral,neutral,1,0,FinGPT-mt-Llama2-7B-LoRA,tfns,-10.773372650146484,0.3333333432674408,-10.773372650146484,0.3333333432674408,-10.773372650146484,0.3333333432674408
1232,New for subscribers:  This mutual fund returned over 400% last decade. Here are the stocks it's betting on now... https://t.co/8H17ZdXvNJ,1,neutral,2,positive,positive,0,0,FinGPT-mt-Llama2-7B-LoRA,tfns,-9.98185920715332,0.3333333432674408,-9.98185920715332,0.3333333432674408,-9.98185920715332,0.3333333432674408
1233,New markets for the C-390 Millennium,1,neutral,1,neutral,neutral,1,0,FinGPT-mt-Llama2-7B-LoRA,tfns,-9.621849060058594,0.3333333432674408,-9.621849060058594,0.3333333432674408,-9.621849060058594,0.3333333432674408
1234,New Special Effects Lighting at Aviva Stadium Takes Entertainment Experience to the Next Level,1,neutral,2,positive,positive,0,0,FinGPT-mt-Llama2-7B-LoRA,tfns,-9.799636840820312,0.3333333432674408,-9.799636840820312,0.3333333432674408,-9.799636840820312,0.3333333432674408
1235,New York Governor Cuomo notes hospitalizations down sharply @Street_Insider $SPY,1,neutral,2,positive,positive,0,0,FinGPT-mt-Llama2-7B-LoRA,tfns,-10.599564552307129,0.3333333432674408,-10.599564552307129,0.3333333432674408,-10.599564552307129,0.3333333432674408
1236,"New York Knicks fire head coach David Fizdale, report says https://t.co/SjxbaVIfmR",1,neutral,0,negative,negative,0,0,FinGPT-mt-Llama2-7B-LoRA,tfns,-9.841632843017578,0.3333333432674408,-9.841632843017578,0.3333333432674408,-9.841632843017578,0.3333333432674408
1237,Nintendo Download: Wage War in the World of The Witcher,1,neutral,1,neutral,neutral,1,0,FinGPT-mt-Llama2-7B-LoRA,tfns,-11.14183235168457,0.3333333432674408,-11.14183235168457,0.3333333432674408,-11.14183235168457,0.3333333432674408
1238,"No Insurance Policy? Lisa Page Sues FBI, DOJ For ""Unlawful"" Disclosure Of Strozk Texts https://t.co/0nqyroM0jD",1,neutral,0,negative,negative,0,0,FinGPT-mt-Llama2-7B-LoRA,tfns,-9.677240371704102,0.3333333432674408,-9.677240371704102,0.3333333432674408,-9.677240371704102,0.3333333432674408
1239,Not every advance in electric-vehicle technology takes place inside the sterile calm of a research laboratory https://t.co/FgNwoVF270,1,neutral,1,neutral,neutral,1,0,FinGPT-mt-Llama2-7B-LoRA,tfns,-10.319782257080078,0.3333333432674408,-10.319782257080078,0.3333333432674408,-10.319782257080078,0.3333333432674408
1240,Oliver has had this figured out for months.,1,neutral,1,neutral,neutral,1,0,FinGPT-mt-Llama2-7B-LoRA,tfns,-10.53889274597168,0.3333333432674408,-10.53889274597168,0.3333333432674408,-10.53889274597168,0.3333333432674408
1241,"On this day in 1994 Orange County, California filed for bankruptcy protection after interest rate swaps imploded in… https://t.co/NatWmeuiIg",1,neutral,0,negative,negative,0,0,FinGPT-mt-Llama2-7B-LoRA,tfns,-9.755112648010254,0.3333333432674408,-9.755112648010254,0.3333333432674408,-9.755112648010254,0.3333333432674408
1242,One California teacher says he has learned the hard way how the deck can be stacked against teachers’ retirement sa… https://t.co/DTpFqNo2FO,1,neutral,1,neutral,neutral,1,0,FinGPT-mt-Llama2-7B-LoRA,tfns,-10.476387977600098,0.3333333432674408,-10.476387977600098,0.3333333432674408,-10.476387977600098,0.3333333432674408
1243,One Conscious Objector. Follow this and any other stock on Seeking Alpha! https://t.co/HUiIlURifS #business #finance #investing,1,neutral,1,neutral,neutral,1,0,FinGPT-mt-Llama2-7B-LoRA,tfns,-10.525824546813965,0.3333333432674408,-10.525824546813965,0.3333333432674408,-10.525824546813965,0.3333333432674408
1244,"One in four mammals are traded internationally – alive and dead, whole and in pieces – by legal operations, crimina… https://t.co/g2yzN2gsD9",1,neutral,1,neutral,neutral,1,0,FinGPT-mt-Llama2-7B-LoRA,tfns,-10.402267456054688,0.3333333432674408,-10.402267456054688,0.3333333432674408,-10.402267456054688,0.3333333432674408
1245,One of the largest coal-fired power plants in the Western US has just closed for good,1,neutral,0,negative,negative,0,0,FinGPT-mt-Llama2-7B-LoRA,tfns,-9.772538185119629,0.3333333432674408,-9.772538185119629,0.3333333432674408,-9.772538185119629,0.3333333432674408
1246,One of the world's rarest butterflies is thriving in an unlikely place: a military artillery range https://t.co/D262xE8iFP,1,neutral,1,neutral,neutral,1,0,FinGPT-mt-Llama2-7B-LoRA,tfns,-10.211645126342773,0.3333333432674408,-10.211645126342773,0.3333333432674408,-10.211645126342773,0.3333333432674408
1247,Only 35 Shopping Days Until Christmas,1,neutral,1,neutral,neutral,1,0,FinGPT-mt-Llama2-7B-LoRA,tfns,-10.895430564880371,0.3333333432674408,-10.895430564880371,0.3333333432674408,-10.895430564880371,0.3333333432674408
1248,OPEC Considers Oil Output Cut; Tesla Shuts Stores: Virus Update,1,neutral,0,negative,negative,0,0,FinGPT-mt-Llama2-7B-LoRA,tfns,-10.168787002563477,0.3333333432674408,-10.168787002563477,0.3333333432674408,-10.168787002563477,0.3333333432674408
1249,"Pantone's 2020 Color of the Year is Classic Blue, chosen for its calming, reassuring vibes https://t.co/Z0KQG6EDZu",1,neutral,1,neutral,neutral,1,0,FinGPT-mt-Llama2-7B-LoRA,tfns,-10.653572082519531,0.3333333432674408,-10.653572082519531,0.3333333432674408,-10.653572082519531,0.3333333432674408
1250,Partnering with Costco is the latest major expansion for Beyond Meat https://t.co/TEcFCWg7Ej,1,neutral,2,positive,positive,0,0,FinGPT-mt-Llama2-7B-LoRA,tfns,-9.871150970458984,0.3333333432674408,-9.871150970458984,0.3333333432674408,-9.871150970458984,0.3333333432674408
1251,Parts with passports: how free trade drives GM's engines,1,neutral,1,neutral,neutral,1,0,FinGPT-mt-Llama2-7B-LoRA,tfns,-10.092395782470703,0.3333333432674408,-10.092395782470703,0.3333333432674408,-10.092395782470703,0.3333333432674408
1252,Passing The Torch … Or Should I Say The Flashlight App?,1,neutral,1,neutral,neutral,1,0,FinGPT-mt-Llama2-7B-LoRA,tfns,-11.013587951660156,0.3333333432674408,-11.013587951660156,0.3333333432674408,-11.013587951660156,0.3333333432674408
1253,Paul Krugman Is More Than One Toke Over The Line https://t.co/SPM4T5j22Y,1,neutral,0,negative,negative,0,0,FinGPT-mt-Llama2-7B-LoRA,tfns,-9.495030403137207,0.3333333432674408,-9.495030403137207,0.3333333432674408,-9.495030403137207,0.3333333432674408
1254,"Pearl Harbor vet’s interment to be last on sunken Arizona
https://t.co/kpn5NiTrWC",1,neutral,1,neutral,neutral,1,0,FinGPT-mt-Llama2-7B-LoRA,tfns,-10.894333839416504,0.3333333432674408,-10.894333839416504,0.3333333432674408,-10.894333839416504,0.3333333432674408
1255,"Philip Moulin, an expert on counterfeit wine, is charged with keeping bogus Bordeaux and Burgundies out of Berry Br… https://t.co/tstX3Y0f66",1,neutral,0,negative,negative,0,0,FinGPT-mt-Llama2-7B-LoRA,tfns,-9.512691497802734,0.3333333432674408,-9.512691497802734,0.3333333432674408,-9.512691497802734,0.3333333432674408
1256,Pilita Clark: Any employer who can offer sabbatical leave will always be a step ahead of the rest https://t.co/wtvLnRCKOX,1,neutral,1,neutral,neutral,1,0,FinGPT-mt-Llama2-7B-LoRA,tfns,-10.838123321533203,0.3333333432674408,-10.838123321533203,0.3333333432674408,-10.838123321533203,0.3333333432674408
1257,"Power Rankings: Chicken clash, Crocs comeback & end zone exec — top moments from the week https://t.co/2pd0UX0DBq",1,neutral,1,neutral,neutral,1,0,FinGPT-mt-Llama2-7B-LoRA,tfns,-10.391860008239746,0.3333333432674408,-10.391860008239746,0.3333333432674408,-10.391860008239746,0.3333333432674408
1258,Private equity firms are increasingly turning to an obscure type of loan to fund larger and larger buyouts. That'… https://t.co/DZBVZnwj0C,1,neutral,1,neutral,neutral,1,0,FinGPT-mt-Llama2-7B-LoRA,tfns,-10.36566162109375,0.3333333432674408,-10.36566162109375,0.3333333432674408,-10.36566162109375,0.3333333432674408
1259,Put Your Smaller Bonus to Better Use on Things That Will Appreciate,1,neutral,1,neutral,neutral,1,0,FinGPT-mt-Llama2-7B-LoRA,tfns,-9.758987426757812,0.3333333432674408,-9.758987426757812,0.3333333432674408,-9.758987426757812,0.3333333432674408
1260,Q4 2019 Investment Style Ratings For ETFs And Mutual Funds. Keep reading: https://t.co/ULtBNLURe7 #economy #investing #markets,1,neutral,1,neutral,neutral,1,0,FinGPT-mt-Llama2-7B-LoRA,tfns,-10.337246894836426,0.3333333432674408,-10.337246894836426,0.3333333432674408,-10.337246894836426,0.3333333432674408
1261,Qatar Not in Talks Yet With U.A.E. Over Healing Rift,1,neutral,1,neutral,neutral,1,0,FinGPT-mt-Llama2-7B-LoRA,tfns,-10.04172134399414,0.3333333432674408,-10.04172134399414,0.3333333432674408,-10.04172134399414,0.3333333432674408
1262,Read like Bill Gates: His 5 picks of 2019 https://t.co/Gyp8FvcuDD,1,neutral,1,neutral,neutral,1,0,FinGPT-mt-Llama2-7B-LoRA,tfns,-10.70494556427002,0.3333333432674408,-10.70494556427002,0.3333333432674408,-10.70494556427002,0.3333333432674408
1263,Real estate secondaries: Deals where ‘both parties walk away happy’,1,neutral,2,positive,positive,0,0,FinGPT-mt-Llama2-7B-LoRA,tfns,-9.624106407165527,0.3333333432674408,-9.624106407165527,0.3333333432674408,-9.624106407165527,0.3333333432674408
1264,RECAP 1/31 TRUMPSAYS: THE BEST IS YET TO COME! Live Breaking trading news https://t.co/yChRCoaR8v,1,neutral,2,positive,positive,0,0,FinGPT-mt-Llama2-7B-LoRA,tfns,-9.567190170288086,0.3333333432674408,-9.567190170288086,0.3333333432674408,-9.567190170288086,0.3333333432674408
1265,Record Demand For Fixed Income ETFs,1,neutral,2,positive,positive,0,0,FinGPT-mt-Llama2-7B-LoRA,tfns,-10.245975494384766,0.3333333432674408,-10.245975494384766,0.3333333432674408,-10.245975494384766,0.3333333432674408
1266,Remastering Volatility: Reducing Noise In Equity Allocations. Read more: https://t.co/EpjNmsSKIM #trading #economy #markets,1,neutral,1,neutral,neutral,1,0,FinGPT-mt-Llama2-7B-LoRA,tfns,-10.538460731506348,0.3333333432674408,-10.538460731506348,0.3333333432674408,-10.538460731506348,0.3333333432674408
1267,"Residents play #SocialDistancing Bingo in Dublin, Ireland #COVID19ireland #coronavirus https://t.co/k7MEKlKttQ",1,neutral,1,neutral,neutral,1,0,FinGPT-mt-Llama2-7B-LoRA,tfns,-10.532256126403809,0.3333333432674408,-10.532256126403809,0.3333333432674408,-10.532256126403809,0.3333333432674408
1268,Resumen: ProAmpac y nkd LIFE son reconocidos en los premios mundiales de la innovación en bebidas,1,neutral,1,neutral,neutral,1,0,FinGPT-mt-Llama2-7B-LoRA,tfns,-10.442307472229004,0.3333333432674408,-10.442307472229004,0.3333333432674408,-10.442307472229004,0.3333333432674408
1269,"Retail earnings, Fed minutes, impeachment hearings: 3 things to watch for Wednesday",1,neutral,1,neutral,neutral,1,0,FinGPT-mt-Llama2-7B-LoRA,tfns,-10.706512451171875,0.3333333432674408,-10.706512451171875,0.3333333432674408,-10.706512451171875,0.3333333432674408
1270,Retirement expert: The 'easiest' crack to fix in the system is workplace access https://t.co/MHHzY6X8Dh by… https://t.co/9sLWOOQsHP,1,neutral,1,neutral,neutral,1,0,FinGPT-mt-Llama2-7B-LoRA,tfns,-10.77665901184082,0.3333333432674408,-10.77665901184082,0.3333333432674408,-10.77665901184082,0.3333333432674408
1271,"Roger Federer, preparing for life after tennis, buys stake in Swiss sneaker company after Nike contract expires https://t.co/oNmlohXmfL",1,neutral,1,neutral,neutral,1,0,FinGPT-mt-Llama2-7B-LoRA,tfns,-9.502079963684082,0.3333333432674408,-9.502079963684082,0.3333333432674408,-9.502079963684082,0.3333333432674408
1272,"Romania's health-care system is one of the worst in Europe, so much so that a team of people took matters into thei... https://t.co/dkQoUmUia4",1,neutral,0,negative,negative,0,0,FinGPT-mt-Llama2-7B-LoRA,tfns,-9.792055130004883,0.3333333432674408,-9.792055130004883,0.3333333432674408,-9.792055130004883,0.3333333432674408
1273,Russia Is Readying For Robot Wars https://t.co/YpKCkpSrTG,1,neutral,1,neutral,neutral,1,0,FinGPT-mt-Llama2-7B-LoRA,tfns,-10.841403007507324,0.3333333432674408,-10.841403007507324,0.3333333432674408,-10.841403007507324,0.3333333432674408
1274,Russia Says Lives Lost in Joint Operation With Turkey in Syria,1,neutral,1,neutral,neutral,1,0,FinGPT-mt-Llama2-7B-LoRA,tfns,-10.045568466186523,0.3333333432674408,-10.045568466186523,0.3333333432674408,-10.045568466186523,0.3333333432674408
1275,Russia Seeks to Lift Ban on ‘Blood Diamonds’ From African Ally,1,neutral,2,positive,positive,0,0,FinGPT-mt-Llama2-7B-LoRA,tfns,-10.213421821594238,0.3333333432674408,-10.213421821594238,0.3333333432674408,-10.213421821594238,0.3333333432674408
1276,Saudi Arabia arrested at least 8 intellectuals last week as it extended a crackdown on political dissent https://t.co/Da4AfKxDMn,1,neutral,0,negative,negative,0,0,FinGPT-mt-Llama2-7B-LoRA,tfns,-9.633153915405273,0.3333333432674408,-9.633153915405273,0.3333333432674408,-9.633153915405273,0.3333333432674408
1277,Scientists are using realistic-looking fake penguins to convince real ones to move to safer habitats https://t.co/duMa8nLPzD,1,neutral,1,neutral,neutral,1,0,FinGPT-mt-Llama2-7B-LoRA,tfns,-10.95755672454834,0.3333333432674408,-10.95755672454834,0.3333333432674408,-10.95755672454834,0.3333333432674408
1278,Secret Chinese documents reveal inner workings of Muslim detention camps. https://t.co/mpAg6qq6BX https://t.co/avWP2G04uC,1,neutral,1,neutral,neutral,1,0,FinGPT-mt-Llama2-7B-LoRA,tfns,-10.660445213317871,0.3333333432674408,-10.660445213317871,0.3333333432674408,-10.660445213317871,0.3333333432674408
1279,"Snap CEO Evan Spiegel Talks TikTok, Politics And Earnings",1,neutral,1,neutral,neutral,1,0,FinGPT-mt-Llama2-7B-LoRA,tfns,-10.959067344665527,0.3333333432674408,-10.959067344665527,0.3333333432674408,-10.959067344665527,0.3333333432674408
1280,So Halsey needs a shower,1,neutral,1,neutral,neutral,1,0,FinGPT-mt-Llama2-7B-LoRA,tfns,-10.531604766845703,0.3333333432674408,-10.531604766845703,0.3333333432674408,-10.531604766845703,0.3333333432674408
1281,Soccer-Mancini spoilt for choice as record-breaking Italy head to Euros - Nasdaq,1,neutral,1,neutral,neutral,1,0,FinGPT-mt-Llama2-7B-LoRA,tfns,-9.877789497375488,0.3333333432674408,-9.877789497375488,0.3333333432674408,-9.877789497375488,0.3333333432674408
1282,SolarEdge dostarczy Enfindus falowniki dla Europejskiego projektu solarnego o mocy 1GW.,1,neutral,1,neutral,neutral,1,0,FinGPT-mt-Llama2-7B-LoRA,tfns,-9.995738983154297,0.3333333432674408,-9.995738983154297,0.3333333432674408,-9.995738983154297,0.3333333432674408
1283,Some universities have pledged not to set exam questions on topics that have been hit by strike disruption https://t.co/HBD2kg7nMI,1,neutral,1,neutral,neutral,1,0,FinGPT-mt-Llama2-7B-LoRA,tfns,-9.921661376953125,0.3333333432674408,-9.921661376953125,0.3333333432674408,-9.921661376953125,0.3333333432674408
1284,"-Spaghetti with a sweet banana ketchup sauce and hotdog chunks
-Sweet burger steaks
-Buckets of fried chicken 
The… https://t.co/Pvy1ytdlSY",1,neutral,1,neutral,neutral,1,0,FinGPT-mt-Llama2-7B-LoRA,tfns,-10.767480850219727,0.3333333432674408,-10.767480850219727,0.3333333432674408,-10.767480850219727,0.3333333432674408
1285,"Special Reports: Weekly Options Volatility Analysis Ahead of Earnings -- $CDMO, $ORCL seeing high relative volatili… https://t.co/A1YCdejDbS",1,neutral,1,neutral,neutral,1,0,FinGPT-mt-Llama2-7B-LoRA,tfns,-10.89911937713623,0.3333333432674408,-10.89911937713623,0.3333333432674408,-10.89911937713623,0.3333333432674408
1286,Stock market crashes happen more than you think. The key to surviving them is being prepared.  https://t.co/1DutJov1m0,1,neutral,0,negative,negative,0,0,FinGPT-mt-Llama2-7B-LoRA,tfns,-9.587234497070312,0.3333333432674408,-9.587234497070312,0.3333333432674408,-9.587234497070312,0.3333333432674408
1287,Stocks Are Writing Checks the Economic Data Can’t Cash,1,neutral,1,neutral,neutral,1,0,FinGPT-mt-Llama2-7B-LoRA,tfns,-10.723858833312988,0.3333333432674408,-10.723858833312988,0.3333333432674408,-10.723858833312988,0.3333333432674408
1288,Supreme Court Takes Cognisance Of Infant’s Death During Shaheen Bagh Protest,1,neutral,1,neutral,neutral,1,0,FinGPT-mt-Llama2-7B-LoRA,tfns,-9.929220199584961,0.3333333432674408,-9.929220199584961,0.3333333432674408,-9.929220199584961,0.3333333432674408
1289,Supreme Court won't give Adnan Syed new trial in 'Serial' podcast murder case https://t.co/gUbF5AO9EI,1,neutral,1,neutral,neutral,1,0,FinGPT-mt-Llama2-7B-LoRA,tfns,-9.92513656616211,0.3333333432674408,-9.92513656616211,0.3333333432674408,-9.92513656616211,0.3333333432674408
1290,Sydney's smoke-filled air from the bushfires is so bad it's setting off fire alarms. @SybillaGross explains just h… https://t.co/Ss3reLWhlW,1,neutral,0,negative,negative,0,0,FinGPT-mt-Llama2-7B-LoRA,tfns,-9.595757484436035,0.3333333432674408,-9.595757484436035,0.3333333432674408,-9.595757484436035,0.3333333432674408
1291,"Taylor Swift sings 'Love Story', 'Blank Space' and more during American Music Awards performance https://t.co/qgEfuSM5xp",1,neutral,1,neutral,neutral,1,0,FinGPT-mt-Llama2-7B-LoRA,tfns,-10.7179536819458,0.3333333432674408,-10.7179536819458,0.3333333432674408,-10.7179536819458,0.3333333432674408
1292,Tension in Hong Kong simmers on,1,neutral,0,negative,negative,0,0,FinGPT-mt-Llama2-7B-LoRA,tfns,-9.486747741699219,0.3333333432674408,-9.486747741699219,0.3333333432674408,-9.486747741699219,0.3333333432674408
1293,The 16 most innovative new companies of the 2010s https://t.co/oFcdKQkRMu by @ewolffmann https://t.co/wzisb9VNvh,1,neutral,1,neutral,neutral,1,0,FinGPT-mt-Llama2-7B-LoRA,tfns,-9.86331844329834,0.3333333432674408,-9.86331844329834,0.3333333432674408,-9.86331844329834,0.3333333432674408
1294,"The Afghanistan Papers Reveal a Tragedy, Not a Crime",1,neutral,1,neutral,neutral,1,0,FinGPT-mt-Llama2-7B-LoRA,tfns,-10.048101425170898,0.3333333432674408,-10.048101425170898,0.3333333432674408,-10.048101425170898,0.3333333432674408
1295,"The African grey parrot is an intelligent animal capable of mimicking human speech, which can live in captivity up… https://t.co/1UX49C10l7",1,neutral,1,neutral,neutral,1,0,FinGPT-mt-Llama2-7B-LoRA,tfns,-10.643716812133789,0.3333333432674408,-10.643716812133789,0.3333333432674408,-10.643716812133789,0.3333333432674408
1296,The backlash over Peloton's much-maligned holiday ad could be a good thing for the company in the long run https://t.co/VTjv9gaE5Y,1,neutral,2,positive,positive,0,0,FinGPT-mt-Llama2-7B-LoRA,tfns,-9.319550514221191,0.3333333432674408,-9.319550514221191,0.3333333432674408,-9.319550514221191,0.3333333432674408
1297,"The Best Apple Watch Black Friday Deals (2019): List of Apple Watch Series 3, 4 & 5 GPS & Cellular Savings Shared by Save Bubble",1,neutral,1,neutral,neutral,1,0,FinGPT-mt-Llama2-7B-LoRA,tfns,-10.600504875183105,0.3333333432674408,-10.600504875183105,0.3333333432674408,-10.600504875183105,0.3333333432674408
1298,The Big Dirty Secret Behind Wind Power,1,neutral,1,neutral,neutral,1,0,FinGPT-mt-Llama2-7B-LoRA,tfns,-10.71718692779541,0.3333333432674408,-10.71718692779541,0.3333333432674408,-10.71718692779541,0.3333333432674408
1299,The Big Picture: More to the good employment report than job growth $SPY $TNX-- https://t.co/w4dAzYCmAz… https://t.co/6a6tdtLR2k,1,neutral,2,positive,positive,0,0,FinGPT-mt-Llama2-7B-LoRA,tfns,-10.197649955749512,0.3333333432674408,-10.197649955749512,0.3333333432674408,-10.197649955749512,0.3333333432674408
1300,The biggest holdup in the U.S.-China negotiations is Washington’s demand that China guarantee its pledge to buy mor… https://t.co/FIbhm2SNtj,1,neutral,1,neutral,neutral,1,0,FinGPT-mt-Llama2-7B-LoRA,tfns,-10.391633987426758,0.3333333432674408,-10.391633987426758,0.3333333432674408,-10.391633987426758,0.3333333432674408
1301,The Billionaire's Big Job of Restoring Aston Martin,1,neutral,1,neutral,neutral,1,0,FinGPT-mt-Llama2-7B-LoRA,tfns,-10.906989097595215,0.3333333432674408,-10.906989097595215,0.3333333432674408,-10.906989097595215,0.3333333432674408
1302,The CDC says Americans don't have to wear facemasks because of coronavirus https://t.co/uOZUXtZJxt,1,neutral,1,neutral,neutral,1,0,FinGPT-mt-Llama2-7B-LoRA,tfns,-10.546446800231934,0.3333333432674408,-10.546446800231934,0.3333333432674408,-10.546446800231934,0.3333333432674408
1303,The companies all deserve credit for conscientiously reconsidering the consequences of their design choices https://t.co/U8xZNmVfZQ,1,neutral,1,neutral,neutral,1,0,FinGPT-mt-Llama2-7B-LoRA,tfns,-10.091693878173828,0.3333333432674408,-10.091693878173828,0.3333333432674408,-10.091693878173828,0.3333333432674408
1304,The consequences of ultra-low US unemployment https://t.co/sfRBlPKbuY,1,neutral,1,neutral,neutral,1,0,FinGPT-mt-Llama2-7B-LoRA,tfns,-9.9871187210083,0.3333333432674408,-9.9871187210083,0.3333333432674408,-9.9871187210083,0.3333333432674408
1305,The End of Econ Blogging’s Golden Age,1,neutral,1,neutral,neutral,1,0,FinGPT-mt-Llama2-7B-LoRA,tfns,-10.372381210327148,0.3333333432674408,-10.372381210327148,0.3333333432674408,-10.372381210327148,0.3333333432674408
1306,The family behind Krispy Kreme Doughnuts and Panera Bread is adding a member of the Kardashian clan to its portfolio https://t.co/0h1f7I0IyY,1,neutral,1,neutral,neutral,1,0,FinGPT-mt-Llama2-7B-LoRA,tfns,-10.648932456970215,0.3333333432674408,-10.648932456970215,0.3333333432674408,-10.648932456970215,0.3333333432674408
1307,"The FT View: Jair Bolsonaro should keep his nerve and seize Brazil’s chance to change
https://t.co/4QkSKpohll",1,neutral,1,neutral,neutral,1,0,FinGPT-mt-Llama2-7B-LoRA,tfns,-10.4918794631958,0.3333333432674408,-10.4918794631958,0.3333333432674408,-10.4918794631958,0.3333333432674408
1308,The Infinite Energy Resource We’re Overlooking,1,neutral,1,neutral,neutral,1,0,FinGPT-mt-Llama2-7B-LoRA,tfns,-10.896474838256836,0.3333333432674408,-10.896474838256836,0.3333333432674408,-10.896474838256836,0.3333333432674408
1309,The IRS has a new tax form out and wants to know all about your cryptocurrency https://t.co/dgAgh1v040,1,neutral,1,neutral,neutral,1,0,FinGPT-mt-Llama2-7B-LoRA,tfns,-10.839197158813477,0.3333333432674408,-10.839197158813477,0.3333333432674408,-10.839197158813477,0.3333333432674408
1310,"The JEDI suit isn't about Star Wars.

Amazon is suing the Pentagon because it gave Microsoft a cloud computing cont… https://t.co/VAQytv4kJ3",1,neutral,0,negative,negative,0,0,FinGPT-mt-Llama2-7B-LoRA,tfns,-9.82169246673584,0.3333333432674408,-9.82169246673584,0.3333333432674408,-9.82169246673584,0.3333333432674408
1311,The Least Expensive Car Of 2019,1,neutral,1,neutral,neutral,1,0,FinGPT-mt-Llama2-7B-LoRA,tfns,-10.892664909362793,0.3333333432674408,-10.892664909362793,0.3333333432674408,-10.892664909362793,0.3333333432674408
1312,The man once dubbed 'Britain's Bill Gates' could be one step closer to a US jail,1,neutral,1,neutral,neutral,1,0,FinGPT-mt-Llama2-7B-LoRA,tfns,-9.577381134033203,0.3333333432674408,-9.577381134033203,0.3333333432674408,-9.577381134033203,0.3333333432674408
1313,The Markets Speak: The Lesson Has Been Harsh. https://t.co/89QRsOfn53 #business #stocks #stockmarket,1,neutral,0,negative,negative,0,0,FinGPT-mt-Llama2-7B-LoRA,tfns,-9.564664840698242,0.3333333432674408,-9.564664840698242,0.3333333432674408,-9.564664840698242,0.3333333432674408
1314,"The most patient investors may want some commodities in their portfolio, says @jasonzweigwsj https://t.co/iPzo9hUxaj",1,neutral,1,neutral,neutral,1,0,FinGPT-mt-Llama2-7B-LoRA,tfns,-10.709976196289062,0.3333333432674408,-10.709976196289062,0.3333333432674408,-10.709976196289062,0.3333333432674408
1315,The most successful money maker in modern finance has one simple rule of thumb for investing: remove all emotion. https://t.co/MBtciNVHrn,1,neutral,1,neutral,neutral,1,0,FinGPT-mt-Llama2-7B-LoRA,tfns,-10.523139953613281,0.3333333432674408,-10.523139953613281,0.3333333432674408,-10.523139953613281,0.3333333432674408
1316,The MTA's 2020 resolution: bring contactless payments to all subway stations and buses by the end of the year. https://t.co/5OJSrin71m,1,neutral,1,neutral,neutral,1,0,FinGPT-mt-Llama2-7B-LoRA,tfns,-10.088634490966797,0.3333333432674408,-10.088634490966797,0.3333333432674408,-10.088634490966797,0.3333333432674408
1317,"The New England Patriots admitted that a crew last Sunday ""unknowingly violated a league policy by filming the fiel… https://t.co/3VK3izjuim",1,neutral,1,neutral,neutral,1,0,FinGPT-mt-Llama2-7B-LoRA,tfns,-10.174494743347168,0.3333333432674408,-10.174494743347168,0.3333333432674408,-10.174494743347168,0.3333333432674408
1318,The number of new coronavirus cases in Indonesia surges by more than 200 for second consecutive day https://t.co/bdhN2NroqM,1,neutral,0,negative,negative,0,0,FinGPT-mt-Llama2-7B-LoRA,tfns,-9.851950645446777,0.3333333432674408,-9.851950645446777,0.3333333432674408,-9.851950645446777,0.3333333432674408
1319,"The Oxford Word of the Year 2019 is what the UN secretary-general called ""the defining issue of our time"" https://t.co/CG7TmQCOW5",1,neutral,1,neutral,neutral,1,0,FinGPT-mt-Llama2-7B-LoRA,tfns,-10.771073341369629,0.3333333432674408,-10.771073341369629,0.3333333432674408,-10.771073341369629,0.3333333432674408
1320,The Protected Principal Retirement Portfolio: Preliminary Rebalancing - Part II. Read more: https://t.co/FqgNC2brWZ… https://t.co/4os0EzLBOA,1,neutral,1,neutral,neutral,1,0,FinGPT-mt-Llama2-7B-LoRA,tfns,-10.707176208496094,0.3333333432674408,-10.707176208496094,0.3333333432674408,-10.707176208496094,0.3333333432674408
1321,The retail winners and losers for when we can spend again: https://t.co/qLtOPsBmME,1,neutral,1,neutral,neutral,1,0,FinGPT-mt-Llama2-7B-LoRA,tfns,-10.890122413635254,0.3333333432674408,-10.890122413635254,0.3333333432674408,-10.890122413635254,0.3333333432674408
1322,The search for the Alzheimer's drug is costly and frustratingly unpredictable. But it's actually a calculated gambl… https://t.co/wh7v9OAq23,1,neutral,1,neutral,neutral,1,0,FinGPT-mt-Llama2-7B-LoRA,tfns,-9.538412094116211,0.3333333432674408,-9.538412094116211,0.3333333432674408,-9.538412094116211,0.3333333432674408
1323,"The U.S. may not be able to stop China and Russia from selling arms to Iran next year, says @GhoshWorld… https://t.co/llJ1jsbDiz",1,neutral,1,neutral,neutral,1,0,FinGPT-mt-Llama2-7B-LoRA,tfns,-10.1016263961792,0.3333333432674408,-10.1016263961792,0.3333333432674408,-10.1016263961792,0.3333333432674408
1324,"The U.S. Navy says a second victim is dead in addition to the shooter at Naval Air Station Pensacola in Florida, th… https://t.co/cns2vm5dvN",1,neutral,0,negative,negative,0,0,FinGPT-mt-Llama2-7B-LoRA,tfns,-9.622694969177246,0.3333333432674408,-9.622694969177246,0.3333333432674408,-9.622694969177246,0.3333333432674408
1325,"The U.S. reopening its market to Brazilian fresh beef is a matter of when, not if https://t.co/Jr2lcHzJOr",1,neutral,2,positive,positive,0,0,FinGPT-mt-Llama2-7B-LoRA,tfns,-10.086342811584473,0.3333333432674408,-10.086342811584473,0.3333333432674408,-10.086342811584473,0.3333333432674408
1326,The US has added waiters and bartenders in 112 of the past 11 7 months https://t.co/b1LS0U7EUi,1,neutral,1,neutral,neutral,1,0,FinGPT-mt-Llama2-7B-LoRA,tfns,-10.599844932556152,0.3333333432674408,-10.599844932556152,0.3333333432674408,-10.599844932556152,0.3333333432674408
1327,The US has crazy-low taxes and this is why https://t.co/rOJq3Bp5r6 via @bopinion,1,neutral,1,neutral,neutral,1,0,FinGPT-mt-Llama2-7B-LoRA,tfns,-10.294254302978516,0.3333333432674408,-10.294254302978516,0.3333333432674408,-10.294254302978516,0.3333333432674408
1328,The Web Might Be a Monopolist’s Best Friend,1,neutral,1,neutral,neutral,1,0,FinGPT-mt-Llama2-7B-LoRA,tfns,-10.505304336547852,0.3333333432674408,-10.505304336547852,0.3333333432674408,-10.505304336547852,0.3333333432674408
1329,"The Week Ahead: Monetary Policy, Stats and an Impeachment in Focus",1,neutral,1,neutral,neutral,1,0,FinGPT-mt-Llama2-7B-LoRA,tfns,-11.015227317810059,0.3333333432674408,-11.015227317810059,0.3333333432674408,-11.015227317810059,0.3333333432674408
1330,There are 'a lot of predators' in the fashion industry: Kathy Ireland,1,neutral,0,negative,negative,0,0,FinGPT-mt-Llama2-7B-LoRA,tfns,-9.559735298156738,0.3333333432674408,-9.559735298156738,0.3333333432674408,-9.559735298156738,0.3333333432674408
1331,"There has been a lot conversation about why companies are staying private longer, but not enough conversation on th… https://t.co/wpIl7U9TJ9",1,neutral,1,neutral,neutral,1,0,FinGPT-mt-Llama2-7B-LoRA,tfns,-10.527803421020508,0.3333333432674408,-10.527803421020508,0.3333333432674408,-10.527803421020508,0.3333333432674408
1332,These three retail innovators challenge the conventional wisdom of brick and mortar https://t.co/45B2Hlbm32,1,neutral,1,neutral,neutral,1,0,FinGPT-mt-Llama2-7B-LoRA,tfns,-10.730476379394531,0.3333333432674408,-10.730476379394531,0.3333333432674408,-10.730476379394531,0.3333333432674408
1333,This app recommends stocks based on your Zodiac sign. But it's not what you think,1,neutral,1,neutral,neutral,1,0,FinGPT-mt-Llama2-7B-LoRA,tfns,-10.648573875427246,0.3333333432674408,-10.648573875427246,0.3333333432674408,-10.648573875427246,0.3333333432674408
1334,This is a great and well reseached book on Justice K. The Ruth Marcus book is a badly written & reseached disaster.… https://t.co/vS6EEFdMEj,1,neutral,1,neutral,neutral,1,0,FinGPT-mt-Llama2-7B-LoRA,tfns,-9.660870552062988,0.3333333432674408,-9.660870552062988,0.3333333432674408,-9.660870552062988,0.3333333432674408
1335,This Is When Your Favorite Stores Open on Black Friday,1,neutral,1,neutral,neutral,1,0,FinGPT-mt-Llama2-7B-LoRA,tfns,-11.02180004119873,0.3333333432674408,-11.02180004119873,0.3333333432674408,-11.02180004119873,0.3333333432674408
1336,This man is making millions selling testicular implants for everything from a dog to an elephant.… https://t.co/yDYQvADflP,1,neutral,2,positive,positive,0,0,FinGPT-mt-Llama2-7B-LoRA,tfns,-9.612871170043945,0.3333333432674408,-9.612871170043945,0.3333333432674408,-9.612871170043945,0.3333333432674408
1337,This map shows the U.S. cities where robots are impacting jobs the most. (via @CNBCMakeIt) https://t.co/75r14auc32 https://t.co/dolkFZtPxx,1,neutral,1,neutral,neutral,1,0,FinGPT-mt-Llama2-7B-LoRA,tfns,-10.716994285583496,0.3333333432674408,-10.716994285583496,0.3333333432674408,-10.716994285583496,0.3333333432674408
1338,Three breakfast reads https://t.co/VHJwACKpI8,1,neutral,1,neutral,neutral,1,0,FinGPT-mt-Llama2-7B-LoRA,tfns,-11.012813568115234,0.3333333432674408,-11.012813568115234,0.3333333432674408,-11.012813568115234,0.3333333432674408
1339,Three Things You Should Check Before Buying Avery Dennison Corporation (NYSE:AVY) For Its Dividend,1,neutral,1,neutral,neutral,1,0,FinGPT-mt-Llama2-7B-LoRA,tfns,-10.965058326721191,0.3333333432674408,-10.965058326721191,0.3333333432674408,-10.965058326721191,0.3333333432674408
1340,"Thyssenkrupp, Kone discuss multi-billion euro break-up fee - sources",1,neutral,0,negative,negative,0,0,FinGPT-mt-Llama2-7B-LoRA,tfns,-9.991717338562012,0.3333333432674408,-9.991717338562012,0.3333333432674408,-9.991717338562012,0.3333333432674408
1341,TicToc Good news...the minority male turtles can handle it]... they are  required to pay child support.,1,neutral,1,neutral,neutral,1,0,FinGPT-mt-Llama2-7B-LoRA,tfns,-10.497138977050781,0.3333333432674408,-10.497138977050781,0.3333333432674408,-10.497138977050781,0.3333333432674408
1342,"TicToc https://t.co/EOsKuYWXOv tarafından ⚡️ “Iman, the last Sumatran rhinoceros in Malaysia, has died at 25”",1,neutral,0,negative,negative,0,0,FinGPT-mt-Llama2-7B-LoRA,tfns,-9.449793815612793,0.3333333432674408,-9.449793815612793,0.3333333432674408,-9.449793815612793,0.3333333432674408
1343,Tiger Woods and U.S. Team Score Another Presidents Cup Win,1,neutral,2,positive,positive,0,0,FinGPT-mt-Llama2-7B-LoRA,tfns,-10.47376823425293,0.3333333432674408,-10.47376823425293,0.3333333432674408,-10.47376823425293,0.3333333432674408
1344,Time to drive pensions sharks out of the water for good https://t.co/0B8FXfEjvI,1,neutral,1,neutral,neutral,1,0,FinGPT-mt-Llama2-7B-LoRA,tfns,-10.175662994384766,0.3333333432674408,-10.175662994384766,0.3333333432674408,-10.175662994384766,0.3333333432674408
1345,Today millions of people around the world continue to suffer in poverty. #Data and #technology can enable governmen… https://t.co/6uirAecyyP,1,neutral,1,neutral,neutral,1,0,FinGPT-mt-Llama2-7B-LoRA,tfns,-9.510939598083496,0.3333333432674408,-9.510939598083496,0.3333333432674408,-9.510939598083496,0.3333333432674408
1346,Top trending: Assange rape investigation dropped; Chick-Fil-A bans donating to anti-LGBTQ groups,1,neutral,2,positive,positive,0,0,FinGPT-mt-Llama2-7B-LoRA,tfns,-10.012028694152832,0.3333333432674408,-10.012028694152832,0.3333333432674408,-10.012028694152832,0.3333333432674408
1347,"Trade war. Possible recession. Presidential election.

Here are the 3 stocks you need heading into 2020. 

https://t.co/fdcXiqwKpw",1,neutral,0,negative,negative,0,0,FinGPT-mt-Llama2-7B-LoRA,tfns,-9.732784271240234,0.3333333432674408,-9.732784271240234,0.3333333432674408,-9.732784271240234,0.3333333432674408
1348,"Travel Restrictions Won't Help Contain Virus, Johns Hopkins' Nuzzo Says",1,neutral,0,negative,negative,0,0,FinGPT-mt-Llama2-7B-LoRA,tfns,-9.660113334655762,0.3333333432674408,-9.660113334655762,0.3333333432674408,-9.660113334655762,0.3333333432674408
1349,"Troops are reinforcing the police in Bogota, after outbreaks of looting and vandalism https://t.co/tGzHJL5v84",1,neutral,1,neutral,neutral,1,0,FinGPT-mt-Llama2-7B-LoRA,tfns,-9.434410095214844,0.3333333432674408,-9.434410095214844,0.3333333432674408,-9.434410095214844,0.3333333432674408
1350,Two More Bankers Arrested in Germany Over Tax Scandal Investigation,1,neutral,0,negative,negative,0,0,FinGPT-mt-Llama2-7B-LoRA,tfns,-10.024894714355469,0.3333333432674408,-10.024894714355469,0.3333333432674408,-10.024894714355469,0.3333333432674408
1351,"Two people in custody after vehicle breaches checkpoints at Trump's Mar-a-Lago resort, police say https://t.co/rz7EV9ncJw",1,neutral,0,negative,negative,0,0,FinGPT-mt-Llama2-7B-LoRA,tfns,-9.33807373046875,0.3333333432674408,-9.33807373046875,0.3333333432674408,-9.33807373046875,0.3333333432674408
1352,Ukraine still hasn't received $35 million of approved military aid: report https://t.co/N0yrGxtdQl via @HuffPost https://t.co/58RXm3xu0f,1,neutral,0,negative,negative,0,0,FinGPT-mt-Llama2-7B-LoRA,tfns,-9.465476036071777,0.3333333432674408,-9.465476036071777,0.3333333432674408,-9.465476036071777,0.3333333432674408
1353,"Unlock our award-winning LIVE #investmentresearch, fundamental and #technicalanalysis, #market flow, #earnings cove… https://t.co/1G5gqkLBzM",1,neutral,1,neutral,neutral,1,0,FinGPT-mt-Llama2-7B-LoRA,tfns,-10.766397476196289,0.3333333432674408,-10.766397476196289,0.3333333432674408,-10.766397476196289,0.3333333432674408
1354,Venture capital doesn't work for everyone. There's another way https://t.co/kp76Buetao,1,neutral,1,neutral,neutral,1,0,FinGPT-mt-Llama2-7B-LoRA,tfns,-10.597687721252441,0.3333333432674408,-10.597687721252441,0.3333333432674408,-10.597687721252441,0.3333333432674408
1355,Venture capitalists are embracing direct listings and curbing fees for bankers https://t.co/Xm3d9qsGhl,1,neutral,2,positive,positive,0,0,FinGPT-mt-Llama2-7B-LoRA,tfns,-9.851654052734375,0.3333333432674408,-9.851654052734375,0.3333333432674408,-9.851654052734375,0.3333333432674408
1356,Virus Hits Hong Kong Insurers Already Reeling From Protests,1,neutral,0,negative,negative,0,0,FinGPT-mt-Llama2-7B-LoRA,tfns,-10.091866493225098,0.3333333432674408,-10.091866493225098,0.3333333432674408,-10.091866493225098,0.3333333432674408
1357,Voters left in the dark over money behind online election ads https://t.co/84RDNVsRKP,1,neutral,1,neutral,neutral,1,0,FinGPT-mt-Llama2-7B-LoRA,tfns,-9.577085494995117,0.3333333432674408,-9.577085494995117,0.3333333432674408,-9.577085494995117,0.3333333432674408
1358,Waiting for your Equifax settlement cash? Don’t hold your breath https://t.co/60naM4i2NO,1,neutral,1,neutral,neutral,1,0,FinGPT-mt-Llama2-7B-LoRA,tfns,-9.313817977905273,0.3333333432674408,-9.313817977905273,0.3333333432674408,-9.313817977905273,0.3333333432674408
1359,Wall Street Breakfast: Merger Monday. Get more updates here: https://t.co/jl4re63yZs #investing #markets #business,1,neutral,1,neutral,neutral,1,0,FinGPT-mt-Llama2-7B-LoRA,tfns,-10.893182754516602,0.3333333432674408,-10.893182754516602,0.3333333432674408,-10.893182754516602,0.3333333432674408
1360,"Wall Street Has Plans for Newspapers, and They Aren't Pretty",1,neutral,1,neutral,neutral,1,0,FinGPT-mt-Llama2-7B-LoRA,tfns,-10.132079124450684,0.3333333432674408,-10.132079124450684,0.3333333432674408,-10.132079124450684,0.3333333432674408
1361,Wall Street's Finest Walk Into a $2 Trillion Mess on Saudi Aramco,1,neutral,0,negative,negative,0,0,FinGPT-mt-Llama2-7B-LoRA,tfns,-9.994811058044434,0.3333333432674408,-9.994811058044434,0.3333333432674408,-9.994811058044434,0.3333333432674408
1362,Warren Buffett: Growth vs. Cash Generation,1,neutral,1,neutral,neutral,1,0,FinGPT-mt-Llama2-7B-LoRA,tfns,-10.836575508117676,0.3333333432674408,-10.836575508117676,0.3333333432674408,-10.836575508117676,0.3333333432674408
1363,Watch Live: Shots Fired At Mar-a-Lago https://t.co/kxZiY2weRW,1,neutral,1,neutral,neutral,1,0,FinGPT-mt-Llama2-7B-LoRA,tfns,-10.277791023254395,0.3333333432674408,-10.277791023254395,0.3333333432674408,-10.277791023254395,0.3333333432674408
1364,WATCH: A sea of fans filled the streets of Rio de Janeiro to celebrate Flamengo's win over River Plate in the Copa… https://t.co/U0spDtnEzr,1,neutral,2,positive,positive,0,0,FinGPT-mt-Llama2-7B-LoRA,tfns,-9.808966636657715,0.3333333432674408,-9.808966636657715,0.3333333432674408,-9.808966636657715,0.3333333432674408
1365,"Watchdog faults FBI in Trump campaign probe, but sees no bias https://t.co/ntqbKnWfWJ",1,neutral,0,negative,negative,0,0,FinGPT-mt-Llama2-7B-LoRA,tfns,-9.656906127929688,0.3333333432674408,-9.656906127929688,0.3333333432674408,-9.656906127929688,0.3333333432674408
1366,"What are Kimberly Esterkin's top priorities as an #IRO? 

✅ ""Staying ahead of the best practices in my industry"" 
✅… https://t.co/JDyJevXsED",1,neutral,1,neutral,neutral,1,0,FinGPT-mt-Llama2-7B-LoRA,tfns,-10.643105506896973,0.3333333432674408,-10.643105506896973,0.3333333432674408,-10.643105506896973,0.3333333432674408
1367,What Can the 1991 Recession and S&L Crisis Tell Us About Today?,1,neutral,1,neutral,neutral,1,0,FinGPT-mt-Llama2-7B-LoRA,tfns,-10.346452713012695,0.3333333432674408,-10.346452713012695,0.3333333432674408,-10.346452713012695,0.3333333432674408
1368,What is the age of the ‘Instagram face’?,1,neutral,1,neutral,neutral,1,0,FinGPT-mt-Llama2-7B-LoRA,tfns,-10.514135360717773,0.3333333432674408,-10.514135360717773,0.3333333432674408,-10.514135360717773,0.3333333432674408
1369,"What to watch in the markets: Thursday, Feb 6",1,neutral,1,neutral,neutral,1,0,FinGPT-mt-Llama2-7B-LoRA,tfns,-11.074865341186523,0.3333333432674408,-11.074865341186523,0.3333333432674408,-11.074865341186523,0.3333333432674408
1370,What was the top cryptocurrency of 2019?,1,neutral,1,neutral,neutral,1,0,FinGPT-mt-Llama2-7B-LoRA,tfns,-10.702227592468262,0.3333333432674408,-10.702227592468262,0.3333333432674408,-10.702227592468262,0.3333333432674408
1371,When Can You Afford to Retire? Ask Yourself These 4 Questions,1,neutral,1,neutral,neutral,1,0,FinGPT-mt-Llama2-7B-LoRA,tfns,-10.830364227294922,0.3333333432674408,-10.830364227294922,0.3333333432674408,-10.830364227294922,0.3333333432674408
1372,"When companies buy their own shares, executives are quick to cash out https://t.co/19bF83Xoi7 via @BW",1,neutral,1,neutral,neutral,1,0,FinGPT-mt-Llama2-7B-LoRA,tfns,-10.228130340576172,0.3333333432674408,-10.228130340576172,0.3333333432674408,-10.228130340576172,0.3333333432674408
1373,"When in doubt, follow the Oracle of Omaha?  https://t.co/eG7b0eXXit",1,neutral,1,neutral,neutral,1,0,FinGPT-mt-Llama2-7B-LoRA,tfns,-10.833738327026367,0.3333333432674408,-10.833738327026367,0.3333333432674408,-10.833738327026367,0.3333333432674408
1374,"Which way will the markets be headed next week before traders head home for Thanksgiving? On @MadMoneyOnCNBC,… https://t.co/q4NtFLbrmV",1,neutral,1,neutral,neutral,1,0,FinGPT-mt-Llama2-7B-LoRA,tfns,-10.70039176940918,0.3333333432674408,-10.70039176940918,0.3333333432674408,-10.70039176940918,0.3333333432674408
1375,Whn you've lost Tom Lee...,1,neutral,0,negative,negative,0,0,FinGPT-mt-Llama2-7B-LoRA,tfns,-9.61404037475586,0.3333333432674408,-9.61404037475586,0.3333333432674408,-9.61404037475586,0.3333333432674408
1376,Why Accelerated Approval Could Be Huge for This Ovarian Cancer Study,1,neutral,2,positive,positive,0,0,FinGPT-mt-Llama2-7B-LoRA,tfns,-10.38029670715332,0.3333333432674408,-10.38029670715332,0.3333333432674408,-10.38029670715332,0.3333333432674408
1377,why macro funds are shutting down left and right https://t.co/gVYowOBmqe,1,neutral,0,negative,negative,0,0,FinGPT-mt-Llama2-7B-LoRA,tfns,-9.858469009399414,0.3333333432674408,-9.858469009399414,0.3333333432674408,-9.858469009399414,0.3333333432674408
1378,Why paying down your mortgage faster could be a good investment strategy https://t.co/mUrPzoRwaf,1,neutral,1,neutral,neutral,1,0,FinGPT-mt-Llama2-7B-LoRA,tfns,-9.616714477539062,0.3333333432674408,-9.616714477539062,0.3333333432674408,-9.616714477539062,0.3333333432674408
1379,Why some critics are questioning KKR’s ‘responsible investing’ posture https://t.co/XcwjDUvvDQ,1,neutral,0,negative,negative,0,0,FinGPT-mt-Llama2-7B-LoRA,tfns,-9.769679069519043,0.3333333432674408,-9.769679069519043,0.3333333432674408,-9.769679069519043,0.3333333432674408
1380,Why the Coronavirus Is Making It Cheaper to Fuel Planes,1,neutral,1,neutral,neutral,1,0,FinGPT-mt-Llama2-7B-LoRA,tfns,-10.55639934539795,0.3333333432674408,-10.55639934539795,0.3333333432674408,-10.55639934539795,0.3333333432674408
1381,"Why the Equal Rights Amendment, a 1972 Ideal, Is Back",1,neutral,1,neutral,neutral,1,0,FinGPT-mt-Llama2-7B-LoRA,tfns,-10.072115898132324,0.3333333432674408,-10.072115898132324,0.3333333432674408,-10.072115898132324,0.3333333432674408
1382,Why This Is a Huge Win Against Prostate Cancer,1,neutral,2,positive,positive,0,0,FinGPT-mt-Llama2-7B-LoRA,tfns,-10.425875663757324,0.3333333432674408,-10.425875663757324,0.3333333432674408,-10.425875663757324,0.3333333432674408
1383,Why You're Probably Underestimating How Much You'll Need in Retirement,1,neutral,1,neutral,neutral,1,0,FinGPT-mt-Llama2-7B-LoRA,tfns,-10.957162857055664,0.3333333432674408,-10.957162857055664,0.3333333432674408,-10.957162857055664,0.3333333432674408
1384,"Wildfires are still raging across New South Wales, Australia.

Australian firefighters are battling 6 emergency-lev… https://t.co/8KQ9JZVd3L",1,neutral,0,negative,negative,0,0,FinGPT-mt-Llama2-7B-LoRA,tfns,-9.381094932556152,0.3333333432674408,-9.381094932556152,0.3333333432674408,-9.381094932556152,0.3333333432674408
1385,Will the yen see a decline in popularity as more countries enter zero-rate territory? Insights via @CMEGroup https://t.co/zPR2qSO8Pq,1,neutral,0,negative,negative,0,0,FinGPT-mt-Llama2-7B-LoRA,tfns,-9.697742462158203,0.3333333432674408,-9.697742462158203,0.3333333432674408,-9.697742462158203,0.3333333432674408
1386,Wish you could only work 4 days a week? Here's why this company made the switch to a shorter workweek.… https://t.co/SHNefqcV1o,1,neutral,1,neutral,neutral,1,0,FinGPT-mt-Llama2-7B-LoRA,tfns,-9.999674797058105,0.3333333432674408,-9.999674797058105,0.3333333432674408,-9.999674797058105,0.3333333432674408
1387,Witch Hunt!,1,neutral,1,neutral,neutral,1,0,FinGPT-mt-Llama2-7B-LoRA,tfns,-10.461702346801758,0.3333333432674408,-10.461702346801758,0.3333333432674408,-10.461702346801758,0.3333333432674408
1388,With #YFPremium you can get a heatmap view of your portfolio. Examine sector- and company-level contribution to ret… https://t.co/lq5EJGZ3tg,1,neutral,1,neutral,neutral,1,0,FinGPT-mt-Llama2-7B-LoRA,tfns,-11.012580871582031,0.3333333432674408,-11.012580871582031,0.3333333432674408,-11.012580871582031,0.3333333432674408
1389,Woodford’s Bet on U.K. Plc Comes Good Too Late for Investors,1,neutral,2,positive,positive,0,0,FinGPT-mt-Llama2-7B-LoRA,tfns,-10.305794715881348,0.3333333432674408,-10.305794715881348,0.3333333432674408,-10.305794715881348,0.3333333432674408
1390,World’s Biggest Reservoir May Stop Power Output Amid Drought,1,neutral,0,negative,negative,0,0,FinGPT-mt-Llama2-7B-LoRA,tfns,-10.169106483459473,0.3333333432674408,-10.169106483459473,0.3333333432674408,-10.169106483459473,0.3333333432674408
1391,Worried about a recession? Here’s how to prepare your retirement nest egg,1,neutral,0,negative,negative,0,0,FinGPT-mt-Llama2-7B-LoRA,tfns,-9.86561107635498,0.3333333432674408,-9.86561107635498,0.3333333432674408,-9.86561107635498,0.3333333432674408
1392,Wuhan Doctor’s Death A Massive Headwind For China Coronavirus Sentiment,1,neutral,0,negative,negative,0,0,FinGPT-mt-Llama2-7B-LoRA,tfns,-9.949536323547363,0.3333333432674408,-9.949536323547363,0.3333333432674408,-9.949536323547363,0.3333333432674408
1393,You Can Own a Fraction of a Warhol. But Should You?,1,neutral,1,neutral,neutral,1,0,FinGPT-mt-Llama2-7B-LoRA,tfns,-10.647562026977539,0.3333333432674408,-10.647562026977539,0.3333333432674408,-10.647562026977539,0.3333333432674408
1394,You should always buy these 4 things in bulk. (via @CNBCMakeIt) https://t.co/Dujz63MaP5,1,neutral,1,neutral,neutral,1,0,FinGPT-mt-Llama2-7B-LoRA,tfns,-10.433770179748535,0.3333333432674408,-10.433770179748535,0.3333333432674408,-10.433770179748535,0.3333333432674408
1395,Your 70s can be tricky — how do you increase your resources while using them wisely? Here's how to invest for a lif… https://t.co/iVyGisOsaA,1,neutral,1,neutral,neutral,1,0,FinGPT-mt-Llama2-7B-LoRA,tfns,-10.890223503112793,0.3333333432674408,-10.890223503112793,0.3333333432674408,-10.890223503112793,0.3333333432674408
1396,"Your future portfolio might be stocks, bonds, and a bit of basketball https://t.co/6Dmyj8s9aJ via @BW",1,neutral,1,neutral,neutral,1,0,FinGPT-mt-Llama2-7B-LoRA,tfns,-10.890501022338867,0.3333333432674408,-10.890501022338867,0.3333333432674408,-10.890501022338867,0.3333333432674408
1397,"🖥️ Google new quantum computer that can perform computations in 200 seconds that otherwise would take 10,000 years https://t.co/wxZxiFnotV",1,neutral,2,positive,positive,0,0,FinGPT-mt-Llama2-7B-LoRA,tfns,-9.802048683166504,0.3333333432674408,-9.802048683166504,0.3333333432674408,-9.802048683166504,0.3333333432674408
1398,Gold Price Forecast – Gold Markets Decline Into The Weekend,0,negative,0,negative,negative,1,0,FinGPT-mt-Llama2-7B-LoRA,tfns,-10.065988540649414,0.3333333432674408,-10.065988540649414,0.3333333432674408,-10.065988540649414,0.3333333432674408
1399,Brazil's Vale loses spot as world's top iron ore producer to Rio Tinto https://t.co/YFpdog1bsu https://t.co/QYFVJa50go,0,negative,0,negative,negative,1,0,FinGPT-mt-Llama2-7B-LoRA,tfns,-9.859651565551758,0.3333333432674408,-9.859651565551758,0.3333333432674408,-9.859651565551758,0.3333333432674408
1400,India's gold imports declined for the fifth month as the slowest economic growth in six years curbed demand during… https://t.co/y6BgL5cSPj,0,negative,0,negative,negative,1,0,FinGPT-mt-Llama2-7B-LoRA,tfns,-9.852071762084961,0.3333333432674408,-9.852071762084961,0.3333333432674408,-9.852071762084961,0.3333333432674408
1401,Gold Falls After Strong Jobless Report #Silver #Stock #MarketScreener https://t.co/3ztxIAtUKP https://t.co/v92anbNxu3,0,negative,0,negative,negative,1,0,FinGPT-mt-Llama2-7B-LoRA,tfns,-9.780083656311035,0.3333333432674408,-9.780083656311035,0.3333333432674408,-9.780083656311035,0.3333333432674408
1402,Gold Edges Lower With Investors Eyeing Economic Data #Silver #Stock #MarketScreener https://t.co/7goZcHKZGW https://t.co/9oGCWjeq0J,0,negative,0,negative,negative,1,0,FinGPT-mt-Llama2-7B-LoRA,tfns,-9.653928756713867,0.3333333432674408,-9.653928756713867,0.3333333432674408,-9.653928756713867,0.3333333432674408
1403,Gold Edges Lower With Investors Eyeing Economic Data #Silver #Stock #MarketScreener https://t.co/i53u7vaynH https://t.co/XI4WdZLCZf,0,negative,0,negative,negative,1,0,FinGPT-mt-Llama2-7B-LoRA,tfns,-9.753925323486328,0.3333333432674408,-9.753925323486328,0.3333333432674408,-9.753925323486328,0.3333333432674408
1404,$FCX $BHP $SCCO - Copper drops again; LME closes Ring for first time since WW II https://t.co/79bmc5AC7W,0,negative,0,negative,negative,1,0,FinGPT-mt-Llama2-7B-LoRA,tfns,-9.846116065979004,0.3333333432674408,-9.846116065979004,0.3333333432674408,-9.846116065979004,0.3333333432674408
1405,CME : Volatility in New York gold prices impacting liquidity in London - LBMA #CME #Stock #MarketScreener… https://t.co/8ILGYoJHzS,0,negative,0,negative,negative,1,0,FinGPT-mt-Llama2-7B-LoRA,tfns,-9.724626541137695,0.3333333432674408,-9.724626541137695,0.3333333432674408,-9.724626541137695,0.3333333432674408
1406,"$XAUUSD:CUR $GLD $IAU - Gold closing in on $1,700 https://t.co/dlF56Hes3D",2,positive,2,positive,positive,1,0,FinGPT-mt-Llama2-7B-LoRA,tfns,-10.25575065612793,0.3333333432674408,-10.25575065612793,0.3333333432674408,-10.25575065612793,0.3333333432674408
1407,"Dec. gold climbs $2.40, or 0.2%, to settle at $1,474.30/oz",2,positive,2,positive,positive,1,0,FinGPT-mt-Llama2-7B-LoRA,tfns,-10.602028846740723,0.3333333432674408,-10.602028846740723,0.3333333432674408,-10.602028846740723,0.3333333432674408
1408,"Feb. gold climbs $8.90, or 0.6%, to settle at $1,481.20/oz",2,positive,2,positive,positive,1,0,FinGPT-mt-Llama2-7B-LoRA,tfns,-10.665167808532715,0.3333333432674408,-10.665167808532715,0.3333333432674408,-10.665167808532715,0.3333333432674408
1409,"Gold futures climb nearly 3%, settling at the highest level since December 2012 https://t.co/um1vukp9mc",2,positive,2,positive,positive,1,0,FinGPT-mt-Llama2-7B-LoRA,tfns,-10.60014820098877,0.3333333432674408,-10.60014820098877,0.3333333432674408,-10.60014820098877,0.3333333432674408
1410,Gold Soars To 8-Year Highs As Stocks Melt-Up On Massive Short-Squeeze  https://t.co/80904NqvN0,2,positive,2,positive,positive,1,0,FinGPT-mt-Llama2-7B-LoRA,tfns,-10.544625282287598,0.3333333432674408,-10.544625282287598,0.3333333432674408,-10.544625282287598,0.3333333432674408
1411,Silver Weekly Price Forecast – Silver Markets Rally Significantly,2,positive,2,positive,positive,1,0,FinGPT-mt-Llama2-7B-LoRA,tfns,-10.660873413085938,0.3333333432674408,-10.660873413085938,0.3333333432674408,-10.660873413085938,0.3333333432674408
1412,Gold rises https://t.co/pCFxistRTq https://t.co/EccKbrGpHF,2,positive,2,positive,positive,1,0,FinGPT-mt-Llama2-7B-LoRA,tfns,-10.422860145568848,0.3333333432674408,-10.422860145568848,0.3333333432674408,-10.422860145568848,0.3333333432674408
1413,Gold: Prepare For Bull Market To Begin Any Day. https://t.co/H54NIPOiww #business #finance #economy,2,positive,2,positive,positive,1,0,FinGPT-mt-Llama2-7B-LoRA,tfns,-10.698081016540527,0.3333333432674408,-10.698081016540527,0.3333333432674408,-10.698081016540527,0.3333333432674408
1414,Best And Worst Q1 2020: Basic Materials ETFs And Mutual Funds. https://t.co/IPnvVdskQZ #business #finance #markets,1,neutral,1,neutral,neutral,1,0,FinGPT-mt-Llama2-7B-LoRA,tfns,-10.476821899414062,0.3333333432674408,-10.476821899414062,0.3333333432674408,-10.476821899414062,0.3333333432674408
1415,Catalyst Metals : Joint Venture with St Barbara on Drummartin project #CatalystMetals #Stock #MarketScreener… https://t.co/hs4iuvtDbN,1,neutral,1,neutral,neutral,1,0,FinGPT-mt-Llama2-7B-LoRA,tfns,-10.42628002166748,0.3333333432674408,-10.42628002166748,0.3333333432674408,-10.42628002166748,0.3333333432674408
1416,The diamond industry is working to build a carbon-neutral mine within the next decade. Insights via @DPAssociation https://t.co/bkqWR2d1aX,1,neutral,2,positive,positive,0,0,FinGPT-mt-Llama2-7B-LoRA,tfns,-9.555415153503418,0.3333333432674408,-9.555415153503418,0.3333333432674408,-9.555415153503418,0.3333333432674408
1417,$COMDX: Metals Settlement Prices https://t.co/hcbCEY76s8,1,neutral,1,neutral,neutral,1,0,FinGPT-mt-Llama2-7B-LoRA,tfns,-10.967855453491211,0.3333333432674408,-10.967855453491211,0.3333333432674408,-10.967855453491211,0.3333333432674408
1418,$COMDX: Metals Settlement Prices https://t.co/klzxoYZMDh,1,neutral,1,neutral,neutral,1,0,FinGPT-mt-Llama2-7B-LoRA,tfns,-10.969204902648926,0.3333333432674408,-10.969204902648926,0.3333333432674408,-10.969204902648926,0.3333333432674408
1419,Nickel Monthly News For The Month Of January 2020. https://t.co/dqgOlMmJMl #markets #economy #stocks,1,neutral,1,neutral,neutral,1,0,FinGPT-mt-Llama2-7B-LoRA,tfns,-10.64315128326416,0.3333333432674408,-10.64315128326416,0.3333333432674408,-10.64315128326416,0.3333333432674408
1420,$COMDX: Metals Settlement Prices https://t.co/UultNDoj0j,1,neutral,1,neutral,neutral,1,0,FinGPT-mt-Llama2-7B-LoRA,tfns,-10.845756530761719,0.3333333432674408,-10.845756530761719,0.3333333432674408,-10.845756530761719,0.3333333432674408
1421,$COMDX: Metals Settlement Prices https://t.co/FdbGhOjvKi,1,neutral,1,neutral,neutral,1,0,FinGPT-mt-Llama2-7B-LoRA,tfns,-10.905915260314941,0.3333333432674408,-10.905915260314941,0.3333333432674408,-10.905915260314941,0.3333333432674408
1422,$COMDX: Metals Settlement Prices https://t.co/zZXI6yitLs,1,neutral,1,neutral,neutral,1,0,FinGPT-mt-Llama2-7B-LoRA,tfns,-10.847475051879883,0.3333333432674408,-10.847475051879883,0.3333333432674408,-10.847475051879883,0.3333333432674408
1423,#IPOs expected/Priced this week https://t.co/CUVLFGPBiP #IPOCalendar $CAN $PINE $SITM,1,neutral,1,neutral,neutral,1,0,FinGPT-mt-Llama2-7B-LoRA,tfns,-10.506351470947266,0.3333333432674408,-10.506351470947266,0.3333333432674408,-10.506351470947266,0.3333333432674408
1424,A year in which the IPO market sobered up https://t.co/bgpuGK5XpJ,1,neutral,1,neutral,neutral,1,0,FinGPT-mt-Llama2-7B-LoRA,tfns,-10.431875228881836,0.3333333432674408,-10.431875228881836,0.3333333432674408,-10.431875228881836,0.3333333432674408
1425,"Casper prices its IPO at $12 a share, the low end of range",1,neutral,1,neutral,neutral,1,0,FinGPT-mt-Llama2-7B-LoRA,tfns,-10.458510398864746,0.3333333432674408,-10.458510398864746,0.3333333432674408,-10.458510398864746,0.3333333432674408
1426,"For International Funds Considering The Aramco IPO, A Short-Term Strategy That Might Play Out",1,neutral,0,negative,negative,0,0,FinGPT-mt-Llama2-7B-LoRA,tfns,-9.91982650756836,0.3333333432674408,-9.91982650756836,0.3333333432674408,-9.91982650756836,0.3333333432674408
1427,Fortinet Makes an Acquisition for One of the Fastest-Growing Segments of Cybersecurity,1,neutral,2,positive,positive,0,0,FinGPT-mt-Llama2-7B-LoRA,tfns,-10.418123245239258,0.3333333432674408,-10.418123245239258,0.3333333432674408,-10.418123245239258,0.3333333432674408
1428,"Inszone Insurance Acquires James Swiniuch Agency, Inc",1,neutral,2,positive,positive,0,0,FinGPT-mt-Llama2-7B-LoRA,tfns,-9.859273910522461,0.3333333432674408,-9.859273910522461,0.3333333432674408,-9.859273910522461,0.3333333432674408
1429,Meritex Enters Dallas Market With Acquisition of Jetstar 114 Business Center,1,neutral,1,neutral,neutral,1,0,FinGPT-mt-Llama2-7B-LoRA,tfns,-9.738621711730957,0.3333333432674408,-9.738621711730957,0.3333333432674408,-9.738621711730957,0.3333333432674408
1430,OneWater Marine raised $55.4 mln in the IPO,1,neutral,1,neutral,neutral,1,0,FinGPT-mt-Llama2-7B-LoRA,tfns,-10.123444557189941,0.3333333432674408,-10.123444557189941,0.3333333432674408,-10.123444557189941,0.3333333432674408
1431,"PPD's stock indicated in early going to open at $30, or 11% above $27 IPO price",1,neutral,2,positive,positive,0,0,FinGPT-mt-Llama2-7B-LoRA,tfns,-9.932193756103516,0.3333333432674408,-9.932193756103516,0.3333333432674408,-9.932193756103516,0.3333333432674408
1432,$ALGN - Align loses patent case against 3Shape https://t.co/2HgNiksWgy,0,negative,0,negative,negative,1,0,FinGPT-mt-Llama2-7B-LoRA,tfns,-9.966142654418945,0.3333333432674408,-9.966142654418945,0.3333333432674408,-9.966142654418945,0.3333333432674408
1433,Alstom's U.K. unit fined 15 million pounds in connection with bribes paid in Tunisia https://t.co/wAS04f4bOb,0,negative,0,negative,negative,1,0,FinGPT-mt-Llama2-7B-LoRA,tfns,-9.711291313171387,0.3333333432674408,-9.711291313171387,0.3333333432674408,-9.711291313171387,0.3333333432674408
1434,"Amazon files suit, challenging Pentagon’s $10 billion cloud contract to Microsoft https://t.co/bhI1vQg91J",0,negative,0,negative,negative,1,0,FinGPT-mt-Llama2-7B-LoRA,tfns,-9.967825889587402,0.3333333432674408,-9.967825889587402,0.3333333432674408,-9.967825889587402,0.3333333432674408
1435,Amazon's Third-Party Marketplace Faces Fresh Regulatory Headwinds,0,negative,0,negative,negative,1,0,FinGPT-mt-Llama2-7B-LoRA,tfns,-10.267513275146484,0.3333333432674408,-10.267513275146484,0.3333333432674408,-10.267513275146484,0.3333333432674408
1436,Auto parts supplier Prevent sues Volkswagen for suppressing competition,0,negative,0,negative,negative,1,0,FinGPT-mt-Llama2-7B-LoRA,tfns,-10.147093772888184,0.3333333432674408,-10.147093772888184,0.3333333432674408,-10.147093772888184,0.3333333432674408
1437,EU probes Qualcomm over radio-frequency chips,0,negative,0,negative,negative,1,0,FinGPT-mt-Llama2-7B-LoRA,tfns,-9.915661811828613,0.3333333432674408,-9.915661811828613,0.3333333432674408,-9.915661811828613,0.3333333432674408
1438,India's state-run banks report fraud of more than $13 billion in 6 months,0,negative,0,negative,negative,1,0,FinGPT-mt-Llama2-7B-LoRA,tfns,-9.991933822631836,0.3333333432674408,-9.991933822631836,0.3333333432674408,-9.991933822631836,0.3333333432674408
1439,"Madhya Pradesh Vyapam Scam: Man Gets 10 Years, 30 Others Get 7 Years In Jail",0,negative,0,negative,negative,1,0,FinGPT-mt-Llama2-7B-LoRA,tfns,-9.804089546203613,0.3333333432674408,-9.804089546203613,0.3333333432674408,-9.804089546203613,0.3333333432674408
1440,New York hits Juul with a lawsuit,0,negative,0,negative,negative,1,0,FinGPT-mt-Llama2-7B-LoRA,tfns,-9.72618579864502,0.3333333432674408,-9.72618579864502,0.3333333432674408,-9.72618579864502,0.3333333432674408
1441,Rio Tinto faces Mongolia lawsuit over Oyu Tolgoi mine,0,negative,0,negative,negative,1,0,FinGPT-mt-Llama2-7B-LoRA,tfns,-10.136241912841797,0.3333333432674408,-10.136241912841797,0.3333333432674408,-10.136241912841797,0.3333333432674408
1442,Sanctions-hit refiner Nynas handed administrator by Swedish court,0,negative,0,negative,negative,1,0,FinGPT-mt-Llama2-7B-LoRA,tfns,-9.930854797363281,0.3333333432674408,-9.930854797363281,0.3333333432674408,-9.930854797363281,0.3333333432674408
1443,U.S. agency probes 12th Tesla crash tied to possible Autopilot use,0,negative,0,negative,negative,1,0,FinGPT-mt-Llama2-7B-LoRA,tfns,-10.0029296875,0.3333333432674408,-10.0029296875,0.3333333432674408,-10.0029296875,0.3333333432674408
1444,UK regulator orders recall of fire-risk Whirlpool washing machines,0,negative,0,negative,negative,1,0,FinGPT-mt-Llama2-7B-LoRA,tfns,-10.136856079101562,0.3333333432674408,-10.136856079101562,0.3333333432674408,-10.136856079101562,0.3333333432674408
1445,"United was sued by a passenger for refusing to issue refunds, just days after U.S. regulators ordered airlines to r… https://t.co/JvGcITvqPf",0,negative,0,negative,negative,1,0,FinGPT-mt-Llama2-7B-LoRA,tfns,-9.877448081970215,0.3333333432674408,-9.877448081970215,0.3333333432674408,-9.877448081970215,0.3333333432674408
1446,UPDATE 1-Italian police search ArcelorMittal offices over Ilva probe,0,negative,0,negative,negative,1,0,FinGPT-mt-Llama2-7B-LoRA,tfns,-10.086885452270508,0.3333333432674408,-10.086885452270508,0.3333333432674408,-10.086885452270508,0.3333333432674408
1447,Walmart employee's family files wrongful death lawsuit after man dies of coronavirus complications https://t.co/cXYG6iXeL0,0,negative,0,negative,negative,1,0,FinGPT-mt-Llama2-7B-LoRA,tfns,-9.908268928527832,0.3333333432674408,-9.908268928527832,0.3333333432674408,-9.908268928527832,0.3333333432674408
1448,WeWork Faces Another Investigation Over Neumann,0,negative,0,negative,negative,1,0,FinGPT-mt-Llama2-7B-LoRA,tfns,-9.967782020568848,0.3333333432674408,-9.967782020568848,0.3333333432674408,-9.967782020568848,0.3333333432674408
1449,$TEVA - Teva in talks with DoJ to end generics probes - Bloomberg https://t.co/a47OmArrQY,2,positive,2,positive,positive,1,0,FinGPT-mt-Llama2-7B-LoRA,tfns,-10.228752136230469,0.3333333432674408,-10.228752136230469,0.3333333432674408,-10.228752136230469,0.3333333432674408
1450,BPH Energy : Settlement of Litigation #BPHEnergy #Stock #MarketScreener https://t.co/DD5IfT4zgo https://t.co/sZfkzFWMcP,2,positive,1,neutral,neutral,0,0,FinGPT-mt-Llama2-7B-LoRA,tfns,-10.367648124694824,0.3333333432674408,-10.367648124694824,0.3333333432674408,-10.367648124694824,0.3333333432674408
1451,Enterprise Wins Favorable Ruling From Texas Supreme Court,2,positive,2,positive,positive,1,0,FinGPT-mt-Llama2-7B-LoRA,tfns,-10.603445053100586,0.3333333432674408,-10.603445053100586,0.3333333432674408,-10.603445053100586,0.3333333432674408
1452,Fiat reaches settlement with Italy tax agency over Chrysler value claim,2,positive,2,positive,positive,1,0,FinGPT-mt-Llama2-7B-LoRA,tfns,-10.724977493286133,0.3333333432674408,-10.724977493286133,0.3333333432674408,-10.724977493286133,0.3333333432674408
1453,GM not liable for punitive damages in ignition switch cases: U.S. appeals court,2,positive,2,positive,positive,1,0,FinGPT-mt-Llama2-7B-LoRA,tfns,-10.247376441955566,0.3333333432674408,-10.247376441955566,0.3333333432674408,-10.247376441955566,0.3333333432674408
1454,Gm wins key legal victory over pre-bankruptcy liability,2,positive,2,positive,positive,1,0,FinGPT-mt-Llama2-7B-LoRA,tfns,-10.660012245178223,0.3333333432674408,-10.660012245178223,0.3333333432674408,-10.660012245178223,0.3333333432674408
1455,HSBC makes last-minute settlement with ex-currencies head https://t.co/uqYy01pnBL,2,positive,2,positive,positive,1,0,FinGPT-mt-Llama2-7B-LoRA,tfns,-10.786884307861328,0.3333333432674408,-10.786884307861328,0.3333333432674408,-10.786884307861328,0.3333333432674408
1456,Alphabet Seeks Quiet End to Investor Suits Over Sex Harassment,1,neutral,2,positive,positive,0,0,FinGPT-mt-Llama2-7B-LoRA,tfns,-9.88643741607666,0.3333333432674408,-9.88643741607666,0.3333333432674408,-9.88643741607666,0.3333333432674408
1457,"Amazon seeks to depose Trump, Esper in lawsuit over cloud computing contract",1,neutral,0,negative,negative,0,0,FinGPT-mt-Llama2-7B-LoRA,tfns,-9.890715599060059,0.3333333432674408,-9.890715599060059,0.3333333432674408,-9.890715599060059,0.3333333432674408
1458,Bayer seeks reversal of $86M Roundup cancer verdict,1,neutral,0,negative,negative,0,0,FinGPT-mt-Llama2-7B-LoRA,tfns,-9.570219993591309,0.3333333432674408,-9.570219993591309,0.3333333432674408,-9.570219993591309,0.3333333432674408
1459,"California to stop buying GM, Toyota and Fiat Chrysler vehicles over emissions fight",1,neutral,0,negative,negative,0,0,FinGPT-mt-Llama2-7B-LoRA,tfns,-10.1673002243042,0.3333333432674408,-10.1673002243042,0.3333333432674408,-10.1673002243042,0.3333333432674408
1460,CN meets U.S. federal requirement to operate Positive Train Control on all required tracks ahead of schedule  https://t.co/79kRLNp5Ip,1,neutral,2,positive,positive,0,0,FinGPT-mt-Llama2-7B-LoRA,tfns,-10.192392349243164,0.3333333432674408,-10.192392349243164,0.3333333432674408,-10.192392349243164,0.3333333432674408
1461,Department of Justice Blames China for Equifax Data Breach: What You Need to Know,1,neutral,0,negative,negative,0,0,FinGPT-mt-Llama2-7B-LoRA,tfns,-9.829463958740234,0.3333333432674408,-9.829463958740234,0.3333333432674408,-9.829463958740234,0.3333333432674408
1462,DOJ moves to scrap decades-old movie distribution rules,1,neutral,2,positive,positive,0,0,FinGPT-mt-Llama2-7B-LoRA,tfns,-9.907926559448242,0.3333333432674408,-9.907926559448242,0.3333333432674408,-9.907926559448242,0.3333333432674408
1463,DOJ seeks to reverse the ruling against Qualcomm,1,neutral,2,positive,positive,0,0,FinGPT-mt-Llama2-7B-LoRA,tfns,-9.584272384643555,0.3333333432674408,-9.584272384643555,0.3333333432674408,-9.584272384643555,0.3333333432674408
1464,FAA chief weighs changes to plane approval process: WSJ,1,neutral,1,neutral,neutral,1,0,FinGPT-mt-Llama2-7B-LoRA,tfns,-10.399170875549316,0.3333333432674408,-10.399170875549316,0.3333333432674408,-10.399170875549316,0.3333333432674408
1465,"JetBlue founder was a ""death knell"" for this Canada carrier, a lawsuit says https://t.co/14JYSa5ahV",1,neutral,0,negative,negative,0,0,FinGPT-mt-Llama2-7B-LoRA,tfns,-9.799800872802734,0.3333333432674408,-9.799800872802734,0.3333333432674408,-9.799800872802734,0.3333333432674408
1466,"NEW: A federal appeals court in Washington upheld regulations by the FDA saying ""e-cigarettes are indisputably high… https://t.co/fM0DaAKGK6",1,neutral,1,neutral,neutral,1,0,FinGPT-mt-Llama2-7B-LoRA,tfns,-9.884320259094238,0.3333333432674408,-9.884320259094238,0.3333333432674408,-9.884320259094238,0.3333333432674408
1467,NEW: Teva and other generic drugmakers have held talks with the U.S. about resolving a long-running probe of allege… https://t.co/CmycwwREYa,1,neutral,1,neutral,neutral,1,0,FinGPT-mt-Llama2-7B-LoRA,tfns,-9.859807968139648,0.3333333432674408,-9.859807968139648,0.3333333432674408,-9.859807968139648,0.3333333432674408
1468,Roche's Small Spark Deal Holds a Big Regulatory Warning,1,neutral,0,negative,negative,0,0,FinGPT-mt-Llama2-7B-LoRA,tfns,-10.000273704528809,0.3333333432674408,-10.000273704528809,0.3333333432674408,-10.000273704528809,0.3333333432674408
1469,SEC investigator https://t.co/xn4CBYig52,1,neutral,1,neutral,neutral,1,0,FinGPT-mt-Llama2-7B-LoRA,tfns,-10.126598358154297,0.3333333432674408,-10.126598358154297,0.3333333432674408,-10.126598358154297,0.3333333432674408
1470,U.S. arrests three in alleged $722 million cryptocurrency fraud https://t.co/r7JbcAUepE https://t.co/I6DBZ4xKzB,1,neutral,0,negative,negative,0,0,FinGPT-mt-Llama2-7B-LoRA,tfns,-9.847338676452637,0.3333333432674408,-9.847338676452637,0.3333333432674408,-9.847338676452637,0.3333333432674408
1471,UPDATE 1-Swedbank pledges prompt release of money laundering probe,1,neutral,0,negative,negative,0,0,FinGPT-mt-Llama2-7B-LoRA,tfns,-10.126751899719238,0.3333333432674408,-10.126751899719238,0.3333333432674408,-10.126751899719238,0.3333333432674408
1472,$AMTD - Ameritrade: Charles Schwab's Offer In Line With Our Valuation. Keep reading: https://t.co/soth7CVICV #business #finance #stocks,1,neutral,2,positive,positive,0,0,FinGPT-mt-Llama2-7B-LoRA,tfns,-9.679703712463379,0.3333333432674408,-9.679703712463379,0.3333333432674408,-9.679703712463379,0.3333333432674408
1473,$AMTD $SCHW - Schwab to buy TD Ameritrade in $26B all-stock deal https://t.co/eycEc0Nye9,1,neutral,2,positive,positive,0,0,FinGPT-mt-Llama2-7B-LoRA,tfns,-10.102742195129395,0.3333333432674408,-10.102742195129395,0.3333333432674408,-10.102742195129395,0.3333333432674408
1474,$BYND - Susquehanna holds stake in Beyond Meat https://t.co/RIuPccbwsX,1,neutral,2,positive,positive,0,0,FinGPT-mt-Llama2-7B-LoRA,tfns,-9.889762878417969,0.3333333432674408,-9.889762878417969,0.3333333432674408,-9.889762878417969,0.3333333432674408
1475,"$CBS: CBS/Viacom (VIAB) expect to close merger on Wednesday, December 4th https://t.co/UuC8Oj9MAP",1,neutral,2,positive,positive,0,0,FinGPT-mt-Llama2-7B-LoRA,tfns,-10.317237854003906,0.3333333432674408,-10.317237854003906,0.3333333432674408,-10.317237854003906,0.3333333432674408
1476,$GATX: GATX enters into stock purchase agreement for the sale of its American Steamship Company business to Rand... https://t.co/FgdxBcYBd9,1,neutral,2,positive,positive,0,0,FinGPT-mt-Llama2-7B-LoRA,tfns,-9.813868522644043,0.3333333432674408,-9.813868522644043,0.3333333432674408,-9.813868522644043,0.3333333432674408
1477,$INFY: Infosys to acquire cloud solutions company Simplus; terms not disclosed https://t.co/yYMwyRYblI,1,neutral,2,positive,positive,0,0,FinGPT-mt-Llama2-7B-LoRA,tfns,-10.06119441986084,0.3333333432674408,-10.06119441986084,0.3333333432674408,-10.06119441986084,0.3333333432674408
1478,$LCII - LCI Industries lands Polyplastic https://t.co/t6omAq06sK,1,neutral,2,positive,positive,0,0,FinGPT-mt-Llama2-7B-LoRA,tfns,-10.431777000427246,0.3333333432674408,-10.431777000427246,0.3333333432674408,-10.431777000427246,0.3333333432674408
1479,$NVS - Novartis: Swiss Pharmaceutical Titan On Sale. https://t.co/FI5wU6MyeC #investing #markets #stocks,1,neutral,2,positive,positive,0,0,FinGPT-mt-Llama2-7B-LoRA,tfns,-9.45648193359375,0.3333333432674408,-9.45648193359375,0.3333333432674408,-9.45648193359375,0.3333333432674408
1480,$RMLRF $TRYUF - Ramelius Resources to scoop up Spectrum Metals https://t.co/5gqMvy0sSS,1,neutral,2,positive,positive,0,0,FinGPT-mt-Llama2-7B-LoRA,tfns,-10.318197250366211,0.3333333432674408,-10.318197250366211,0.3333333432674408,-10.318197250366211,0.3333333432674408
1481,$SRNE: Sorrento Therapeutics says rejects cash acquisition proposal for between $3.00-5.00/share https://t.co/ib0vORvPPF,1,neutral,1,neutral,neutral,1,0,FinGPT-mt-Llama2-7B-LoRA,tfns,-10.376175880432129,0.3333333432674408,-10.376175880432129,0.3333333432674408,-10.376175880432129,0.3333333432674408
1482,$TCO: Taubman Centers: Simon Property Group to acquire TCO for $52.50 per share in cash https://t.co/WbnGpQwuiR,1,neutral,2,positive,positive,0,0,FinGPT-mt-Llama2-7B-LoRA,tfns,-9.504769325256348,0.3333333432674408,-9.504769325256348,0.3333333432674408,-9.504769325256348,0.3333333432674408
1483,$TD $SCHW $AMTD - TD Bank to own 13% Schwab stake after Ameritrade deal https://t.co/oqmaKzAJTW,1,neutral,2,positive,positive,0,0,FinGPT-mt-Llama2-7B-LoRA,tfns,-10.552424430847168,0.3333333432674408,-10.552424430847168,0.3333333432674408,-10.552424430847168,0.3333333432674408
1484,"$TIF: Tiffany & Co confirms agreement to be acquired by LVMH (LVMUY) for $135/share in cash, or approximately $16.2… https://t.co/xhNzqZ8PVx",1,neutral,2,positive,positive,0,0,FinGPT-mt-Llama2-7B-LoRA,tfns,-9.534307479858398,0.3333333432674408,-9.534307479858398,0.3333333432674408,-9.534307479858398,0.3333333432674408
1485,AE Industrial Partners buys American Pacific from Jon M Huntsman family office,1,neutral,1,neutral,neutral,1,0,FinGPT-mt-Llama2-7B-LoRA,tfns,-10.190018653869629,0.3333333432674408,-10.190018653869629,0.3333333432674408,-10.190018653869629,0.3333333432674408
1486,Alkermes acquires Rodin Therapeutics for up to $950M,1,neutral,2,positive,positive,0,0,FinGPT-mt-Llama2-7B-LoRA,tfns,-10.367630004882812,0.3333333432674408,-10.367630004882812,0.3333333432674408,-10.367630004882812,0.3333333432674408
1487,Ayala Yields Control of Manila Water to Billionaire Razon,1,neutral,1,neutral,neutral,1,0,FinGPT-mt-Llama2-7B-LoRA,tfns,-10.277124404907227,0.3333333432674408,-10.277124404907227,0.3333333432674408,-10.277124404907227,0.3333333432674408
1488,Barrick Gold denies Freeport-McMoran tie-up in the works,1,neutral,1,neutral,neutral,1,0,FinGPT-mt-Llama2-7B-LoRA,tfns,-10.00229263305664,0.3333333432674408,-10.00229263305664,0.3333333432674408,-10.00229263305664,0.3333333432674408
1489,BlackRock slashes stake in Peabody Energy,1,neutral,0,negative,negative,0,0,FinGPT-mt-Llama2-7B-LoRA,tfns,-9.972521781921387,0.3333333432674408,-9.972521781921387,0.3333333432674408,-9.972521781921387,0.3333333432674408
1490,CBS and Viacom to close merger on Dec. 4,1,neutral,2,positive,positive,0,0,FinGPT-mt-Llama2-7B-LoRA,tfns,-9.5950927734375,0.3333333432674408,-9.5950927734375,0.3333333432674408,-9.5950927734375,0.3333333432674408
1491,CBS and Viacom to close merger on Dec. 4 https://t.co/V6yhhhQkOu https://t.co/mG8Ri2LR71,1,neutral,1,neutral,neutral,1,0,FinGPT-mt-Llama2-7B-LoRA,tfns,-9.719070434570312,0.3333333432674408,-9.719070434570312,0.3333333432674408,-9.719070434570312,0.3333333432674408
1492,CBS Corporation and Viacom Inc. Announce Expected Closing Date of Merger,1,neutral,2,positive,positive,0,0,FinGPT-mt-Llama2-7B-LoRA,tfns,-10.200628280639648,0.3333333432674408,-10.200628280639648,0.3333333432674408,-10.200628280639648,0.3333333432674408
1493,Charles Schwab to buy TD Ameritrade in $26 billion all-stock deal https://t.co/1wEXNU4RV0,1,neutral,2,positive,positive,0,0,FinGPT-mt-Llama2-7B-LoRA,tfns,-10.046388626098633,0.3333333432674408,-10.046388626098633,0.3333333432674408,-10.046388626098633,0.3333333432674408
1494,Charles Schwab to buy TD Ameritrade in $26-billion blockbuster brokerage deal,1,neutral,2,positive,positive,0,0,FinGPT-mt-Llama2-7B-LoRA,tfns,-10.54566478729248,0.3333333432674408,-10.54566478729248,0.3333333432674408,-10.54566478729248,0.3333333432674408
1495,Chinese dairy giant Mengniu agrees to buy Kirin's Australian beverage unit Lion for $419 million https://t.co/O3gL3uOfY8,1,neutral,2,positive,positive,0,0,FinGPT-mt-Llama2-7B-LoRA,tfns,-10.06091594696045,0.3333333432674408,-10.06091594696045,0.3333333432674408,-10.06091594696045,0.3333333432674408
1496,Chubb to buy stake in China's Huatai Insurance for $1.53 billion #economy #MarketScreener https://t.co/sUAx6evkmj https://t.co/DVUL8EMQ0t,1,neutral,2,positive,positive,0,0,FinGPT-mt-Llama2-7B-LoRA,tfns,-9.530245780944824,0.3333333432674408,-9.530245780944824,0.3333333432674408,-9.530245780944824,0.3333333432674408
1497,Coty Acquires $600M Majority Stake In Kylie Jenner's Cosmetics Company,1,neutral,2,positive,positive,0,0,FinGPT-mt-Llama2-7B-LoRA,tfns,-10.669632911682129,0.3333333432674408,-10.669632911682129,0.3333333432674408,-10.669632911682129,0.3333333432674408
1498,"CVC Capital said to consider strategic options for Elsan, sale could reach €3bn",1,neutral,2,positive,positive,0,0,FinGPT-mt-Llama2-7B-LoRA,tfns,-9.70328426361084,0.3333333432674408,-9.70328426361084,0.3333333432674408,-9.70328426361084,0.3333333432674408
1499,Duravant To Acquire WECO,1,neutral,2,positive,positive,0,0,FinGPT-mt-Llama2-7B-LoRA,tfns,-10.243871688842773,0.3333333432674408,-10.243871688842773,0.3333333432674408,-10.243871688842773,0.3333333432674408
1500,Edgewell Personal Care is ditching its bid to acquire shaving-supply maker Harry's -- reminding big consumer compan… https://t.co/WIlJz1fbNc,1,neutral,1,neutral,neutral,1,0,FinGPT-mt-Llama2-7B-LoRA,tfns,-9.73095417022705,0.3333333432674408,-9.73095417022705,0.3333333432674408,-9.73095417022705,0.3333333432674408
1501,"Edgewell Personal Care, which owns Schick, said it is no longer pursuing the $1.4 billion deal to buy Harry's Razor… https://t.co/P3wTZL4p3t",1,neutral,1,neutral,neutral,1,0,FinGPT-mt-Llama2-7B-LoRA,tfns,-10.149953842163086,0.3333333432674408,-10.149953842163086,0.3333333432674408,-10.149953842163086,0.3333333432674408
1502,Elliott Capital sells its stake in XPO Logistics Europe,1,neutral,1,neutral,neutral,1,0,FinGPT-mt-Llama2-7B-LoRA,tfns,-10.475024223327637,0.3333333432674408,-10.475024223327637,0.3333333432674408,-10.475024223327637,0.3333333432674408
1503,EVI Industries to acquire Commercial Laundry Equipment Company,1,neutral,2,positive,positive,0,0,FinGPT-mt-Llama2-7B-LoRA,tfns,-9.902865409851074,0.3333333432674408,-9.902865409851074,0.3333333432674408,-9.902865409851074,0.3333333432674408
1504,Exclusive: Daimler seeks majority control of its main China joint venture - sources,1,neutral,1,neutral,neutral,1,0,FinGPT-mt-Llama2-7B-LoRA,tfns,-10.622265815734863,0.3333333432674408,-10.622265815734863,0.3333333432674408,-10.622265815734863,0.3333333432674408
1505,Factbox: M&As in vogue for luxury retailers seeking growth,1,neutral,2,positive,positive,0,0,FinGPT-mt-Llama2-7B-LoRA,tfns,-10.104012489318848,0.3333333432674408,-10.104012489318848,0.3333333432674408,-10.104012489318848,0.3333333432674408
1506,Forescout expects deal to close in Q2,1,neutral,2,positive,positive,0,0,FinGPT-mt-Llama2-7B-LoRA,tfns,-10.127388000488281,0.3333333432674408,-10.127388000488281,0.3333333432674408,-10.127388000488281,0.3333333432674408
1507,Formula Systems acquires Unique Software Industries,1,neutral,2,positive,positive,0,0,FinGPT-mt-Llama2-7B-LoRA,tfns,-9.549747467041016,0.3333333432674408,-9.549747467041016,0.3333333432674408,-9.549747467041016,0.3333333432674408
1508,France's LVMH close to buying Tiffany after sweetening offer: sources https://t.co/5HyHxPhyqL https://t.co/eofnMyZ54Q,1,neutral,2,positive,positive,0,0,FinGPT-mt-Llama2-7B-LoRA,tfns,-10.622993469238281,0.3333333432674408,-10.622993469238281,0.3333333432674408,-10.622993469238281,0.3333333432674408
1509,Harsco (HSC) to Buy Stericycle's Environmental Solutions,1,neutral,2,positive,positive,0,0,FinGPT-mt-Llama2-7B-LoRA,tfns,-10.6610689163208,0.3333333432674408,-10.6610689163208,0.3333333432674408,-10.6610689163208,0.3333333432674408
1510,"Hg to buy electronic trading software business smartTrade from Keensight Capital, Pléiade Venture",1,neutral,2,positive,positive,0,0,FinGPT-mt-Llama2-7B-LoRA,tfns,-9.75049114227295,0.3333333432674408,-9.75049114227295,0.3333333432674408,-9.75049114227295,0.3333333432674408
1511,Hologic to sell Cynosure aesthetics unit for net $138M,1,neutral,2,positive,positive,0,0,FinGPT-mt-Llama2-7B-LoRA,tfns,-9.965930938720703,0.3333333432674408,-9.965930938720703,0.3333333432674408,-9.965930938720703,0.3333333432674408
1512,HP is open to exploring bid from Xerox: RTR,1,neutral,2,positive,positive,0,0,FinGPT-mt-Llama2-7B-LoRA,tfns,-9.869357109069824,0.3333333432674408,-9.869357109069824,0.3333333432674408,-9.869357109069824,0.3333333432674408
1513,HP reiterates its rejection of Xerox's offer to buy the company https://t.co/9qYk413PZE https://t.co/WLdlx9gnjf,1,neutral,0,negative,negative,0,0,FinGPT-mt-Llama2-7B-LoRA,tfns,-9.442778587341309,0.3333333432674408,-9.442778587341309,0.3333333432674408,-9.442778587341309,0.3333333432674408
1514,IBP scoops up Premier Building Supply,1,neutral,2,positive,positive,0,0,FinGPT-mt-Llama2-7B-LoRA,tfns,-10.180663108825684,0.3333333432674408,-10.180663108825684,0.3333333432674408,-10.180663108825684,0.3333333432674408
1515,IFF Said to Near $26 Billion Deal for DuPont Nutrition Unit,1,neutral,2,positive,positive,0,0,FinGPT-mt-Llama2-7B-LoRA,tfns,-10.72164249420166,0.3333333432674408,-10.72164249420166,0.3333333432674408,-10.72164249420166,0.3333333432674408
1516,Japan Exchange : Announcement of completed acquisition of the balancer business from Schmi... #JapanExchange #Stock… https://t.co/3mODefuFt0,1,neutral,2,positive,positive,0,0,FinGPT-mt-Llama2-7B-LoRA,tfns,-9.69258975982666,0.3333333432674408,-9.69258975982666,0.3333333432674408,-9.69258975982666,0.3333333432674408
1517,"Kirkland Lake is buying Detour for $3.7 billion, the latest deal in a wave of consolidation among gold miners https://t.co/peEFjKDxeV",1,neutral,2,positive,positive,0,0,FinGPT-mt-Llama2-7B-LoRA,tfns,-9.397274017333984,0.3333333432674408,-9.397274017333984,0.3333333432674408,-9.397274017333984,0.3333333432674408
1518,LVMH nears deal to buy Tiffany for $16.3 billion https://t.co/SlI2ZpyYhH,1,neutral,2,positive,positive,0,0,FinGPT-mt-Llama2-7B-LoRA,tfns,-10.550172805786133,0.3333333432674408,-10.550172805786133,0.3333333432674408,-10.550172805786133,0.3333333432674408
1519,M&A Monday: Charles Schwab to buy TD Ameritrade https://t.co/MF0tOYzLjI https://t.co/bwWCGuIzCY,1,neutral,2,positive,positive,0,0,FinGPT-mt-Llama2-7B-LoRA,tfns,-9.873849868774414,0.3333333432674408,-9.873849868774414,0.3333333432674408,-9.873849868774414,0.3333333432674408
1520,"Mairs and Power Sells UPS, Abbott Labs",1,neutral,1,neutral,neutral,1,0,FinGPT-mt-Llama2-7B-LoRA,tfns,-10.348970413208008,0.3333333432674408,-10.348970413208008,0.3333333432674408,-10.348970413208008,0.3333333432674408
1521,Mall Operator Simon Property Buying a Major Competitor,1,neutral,2,positive,positive,0,0,FinGPT-mt-Llama2-7B-LoRA,tfns,-10.024274826049805,0.3333333432674408,-10.024274826049805,0.3333333432674408,-10.024274826049805,0.3333333432674408
1522,Mediawan Acquires the Black Dynamite Label to Expand Its Premium Documentary Offer,1,neutral,2,positive,positive,0,0,FinGPT-mt-Llama2-7B-LoRA,tfns,-10.000187873840332,0.3333333432674408,-10.000187873840332,0.3333333432674408,-10.000187873840332,0.3333333432674408
1523,Medicines : Novartis to buy U.S. biotech The Medicines Co. for $9.7 billion #Medicines #Stock #MarketScreener… https://t.co/TA05wVBHcd,1,neutral,2,positive,positive,0,0,FinGPT-mt-Llama2-7B-LoRA,tfns,-9.680910110473633,0.3333333432674408,-9.680910110473633,0.3333333432674408,-9.680910110473633,0.3333333432674408
1524,"Merger Monday roars back — LVMH buys Tiffany, Charles Schwab buys TD Ameritrade",1,neutral,2,positive,positive,0,0,FinGPT-mt-Llama2-7B-LoRA,tfns,-10.78431224822998,0.3333333432674408,-10.78431224822998,0.3333333432674408,-10.78431224822998,0.3333333432674408
1525,MGM officially in pursuit of Osaka casino,1,neutral,2,positive,positive,0,0,FinGPT-mt-Llama2-7B-LoRA,tfns,-10.30538272857666,0.3333333432674408,-10.30538272857666,0.3333333432674408,-10.30538272857666,0.3333333432674408
1526,"NOVARTIS : CHF0.50(REGD) Novartis To Acquire The Medicines Company For Usd 9.7 Bn, Adding ... #Novartis #Stock… https://t.co/TEgmm5XKnN",1,neutral,2,positive,positive,0,0,FinGPT-mt-Llama2-7B-LoRA,tfns,-9.8236083984375,0.3333333432674408,-9.8236083984375,0.3333333432674408,-9.8236083984375,0.3333333432674408
1527,"PayPal has struck a deal to acquire Honey, a shopping platform that offers online shoppers discounts and rewards, f… https://t.co/D9FqQbl3Tb",1,neutral,2,positive,positive,0,0,FinGPT-mt-Llama2-7B-LoRA,tfns,-10.503433227539062,0.3333333432674408,-10.503433227539062,0.3333333432674408,-10.503433227539062,0.3333333432674408
1528,Razor maker Edgewell calls off $1.7bn plans to buy rival Harry's https://t.co/m57n68T5WK,1,neutral,1,neutral,neutral,1,0,FinGPT-mt-Llama2-7B-LoRA,tfns,-9.991678237915039,0.3333333432674408,-9.991678237915039,0.3333333432674408,-9.991678237915039,0.3333333432674408
1529,Rexford Industrial acquires two industrial properties for $99.7M,1,neutral,2,positive,positive,0,0,FinGPT-mt-Llama2-7B-LoRA,tfns,-9.881710052490234,0.3333333432674408,-9.881710052490234,0.3333333432674408,-9.881710052490234,0.3333333432674408
1530,Shell to buy operating stakes in three oil blocks offshore Colombia,1,neutral,2,positive,positive,0,0,FinGPT-mt-Llama2-7B-LoRA,tfns,-10.546570777893066,0.3333333432674408,-10.546570777893066,0.3333333432674408,-10.546570777893066,0.3333333432674408
1531,"Simon's Taubman Deal Shows Mall REITs Undervalued, Analyst Says",1,neutral,2,positive,positive,0,0,FinGPT-mt-Llama2-7B-LoRA,tfns,-10.601347923278809,0.3333333432674408,-10.601347923278809,0.3333333432674408,-10.601347923278809,0.3333333432674408
1532,SIX Group Offers to Buy Spanish Exchange BME for $3.1 Billion,1,neutral,2,positive,positive,0,0,FinGPT-mt-Llama2-7B-LoRA,tfns,-10.540292739868164,0.3333333432674408,-10.540292739868164,0.3333333432674408,-10.540292739868164,0.3333333432674408
1533,Swiss pharma company Novartis has reached a deal to purchase cholesterol drugmaker The Medicines Company for $9.7 b… https://t.co/AmTfZh6WEG,1,neutral,2,positive,positive,0,0,FinGPT-mt-Llama2-7B-LoRA,tfns,-10.037825584411621,0.3333333432674408,-10.037825584411621,0.3333333432674408,-10.037825584411621,0.3333333432674408
1534,"U.S. Fed approves merger between BB&T, SunTrust Banks",1,neutral,2,positive,positive,0,0,FinGPT-mt-Llama2-7B-LoRA,tfns,-10.427140235900879,0.3333333432674408,-10.427140235900879,0.3333333432674408,-10.427140235900879,0.3333333432674408
1535,UPDATE 1-PSA trade unions give the nod to merger with Fiat,1,neutral,2,positive,positive,0,0,FinGPT-mt-Llama2-7B-LoRA,tfns,-10.658753395080566,0.3333333432674408,-10.658753395080566,0.3333333432674408,-10.658753395080566,0.3333333432674408
1536,Warner Music Group is teaming up with private equity giant Providence Equity Partners on a new fund to acquire musi… https://t.co/ADPCaF4x9i,1,neutral,2,positive,positive,0,0,FinGPT-mt-Llama2-7B-LoRA,tfns,-10.210638046264648,0.3333333432674408,-10.210638046264648,0.3333333432674408,-10.210638046264648,0.3333333432674408
1537,"WhiteWater Express Acquires Quick N Clean Location, Launching Dedicated Expansion Into Austin",1,neutral,2,positive,positive,0,0,FinGPT-mt-Llama2-7B-LoRA,tfns,-10.48548698425293,0.3333333432674408,-10.48548698425293,0.3333333432674408,-10.48548698425293,0.3333333432674408
1538,Yum! Tries to Reboot Slumping Pizza Hut,1,neutral,2,positive,positive,0,0,FinGPT-mt-Llama2-7B-LoRA,tfns,-9.795989036560059,0.3333333432674408,-9.795989036560059,0.3333333432674408,-9.795989036560059,0.3333333432674408
1539,America's manufacturing sector is in a recession. But that is only part of the story. The industry has expanded by... https://t.co/YUtP2dQsAj,0,negative,1,neutral,neutral,0,0,FinGPT-mt-Llama2-7B-LoRA,tfns,-9.738626480102539,0.3333333432674408,-9.738626480102539,0.3333333432674408,-9.738626480102539,0.3333333432674408
1540,"Argentina's story: 
⏩ Leaders spend 
⏩ Investors sour 
⏩ Inflation spikes 
⏩ Recession hits
🔃 Repeat 
(via… https://t.co/2AnRzFq7MM",0,negative,0,negative,negative,1,0,FinGPT-mt-Llama2-7B-LoRA,tfns,-9.25092887878418,0.3333333432674408,-9.25092887878418,0.3333333432674408,-9.25092887878418,0.3333333432674408
1541,Brazil coffee production falls 20%,0,negative,0,negative,negative,1,0,FinGPT-mt-Llama2-7B-LoRA,tfns,-9.723511695861816,0.3333333432674408,-9.723511695861816,0.3333333432674408,-9.723511695861816,0.3333333432674408
1542,Brazil is losing one of its most reliable growth drivers as consumer demand plummets https://t.co/pvvdLfR07D,0,negative,0,negative,negative,1,0,FinGPT-mt-Llama2-7B-LoRA,tfns,-10.149579048156738,0.3333333432674408,-10.149579048156738,0.3333333432674408,-10.149579048156738,0.3333333432674408
1543,Builder confidence slips in November,0,negative,0,negative,negative,1,0,FinGPT-mt-Llama2-7B-LoRA,tfns,-9.778426170349121,0.3333333432674408,-9.778426170349121,0.3333333432674408,-9.778426170349121,0.3333333432674408
1544,"Canada’s job market unexpectedly weakened for a second-straight month, registering the biggest drop in employment s… https://t.co/YEeyGW71ek",0,negative,0,negative,negative,1,0,FinGPT-mt-Llama2-7B-LoRA,tfns,-9.96327018737793,0.3333333432674408,-9.96327018737793,0.3333333432674408,-9.96327018737793,0.3333333432674408
1545,China braces for a wave of soured loans with a new bad-debt manager https://t.co/9iDZNKljqu,0,negative,0,negative,negative,1,0,FinGPT-mt-Llama2-7B-LoRA,tfns,-10.037810325622559,0.3333333432674408,-10.037810325622559,0.3333333432674408,-10.037810325622559,0.3333333432674408
1546,China delays trade data; S&P cuts growth forecast,0,negative,0,negative,negative,1,0,FinGPT-mt-Llama2-7B-LoRA,tfns,-10.017349243164062,0.3333333432674408,-10.017349243164062,0.3333333432674408,-10.017349243164062,0.3333333432674408
1547,China's first-quarter smartphone sales may halve due to coronavirus: analysts,0,negative,0,negative,negative,1,0,FinGPT-mt-Llama2-7B-LoRA,tfns,-10.087257385253906,0.3333333432674408,-10.087257385253906,0.3333333432674408,-10.087257385253906,0.3333333432674408
1548,Eurozone PMI Shows Economy Close To Stagnation. Sign up for updates on Seeking Alpha! https://t.co/h0OGX7AT9k #economy #finance #business,0,negative,0,negative,negative,1,0,FinGPT-mt-Llama2-7B-LoRA,tfns,-9.786382675170898,0.3333333432674408,-9.786382675170898,0.3333333432674408,-9.786382675170898,0.3333333432674408
1549,Fitch Ratings adds to the drumbeat of credit assessors warning Oman about its precarious public finances https://t.co/4qw624Ecw2,0,negative,0,negative,negative,1,0,FinGPT-mt-Llama2-7B-LoRA,tfns,-9.894877433776855,0.3333333432674408,-9.894877433776855,0.3333333432674408,-9.894877433776855,0.3333333432674408
1550,German Economic Weakness Exposed Again as Industry Slumps,0,negative,0,negative,negative,1,0,FinGPT-mt-Llama2-7B-LoRA,tfns,-10.017356872558594,0.3333333432674408,-10.017356872558594,0.3333333432674408,-10.017356872558594,0.3333333432674408
1551,Germany’s machine makers warned that concerns over investments from China into Europe’s largest economy are at risk… https://t.co/Uwi0ksH0pd,0,negative,0,negative,negative,1,0,FinGPT-mt-Llama2-7B-LoRA,tfns,-10.028956413269043,0.3333333432674408,-10.028956413269043,0.3333333432674408,-10.028956413269043,0.3333333432674408
1552,Gig workers could increase unemployment claims by another 10%: economist  by @KristinReports https://t.co/NA63QEl64P https://t.co/brqpXRi6De,0,negative,0,negative,negative,1,0,FinGPT-mt-Llama2-7B-LoRA,tfns,-9.923203468322754,0.3333333432674408,-9.923203468322754,0.3333333432674408,-9.923203468322754,0.3333333432674408
1553,Goldman Sachs sees China lowering its economic growth target for 2020 to 'around 6%' https://t.co/L4v0LbULsq,0,negative,0,negative,negative,1,0,FinGPT-mt-Llama2-7B-LoRA,tfns,-10.035340309143066,0.3333333432674408,-10.035340309143066,0.3333333432674408,-10.035340309143066,0.3333333432674408
1554,"Half of small businesses fall behind on April rent, poll finds - WSJ https://t.co/mcpS5eh1ao",0,negative,0,negative,negative,1,0,FinGPT-mt-Llama2-7B-LoRA,tfns,-9.674704551696777,0.3333333432674408,-9.674704551696777,0.3333333432674408,-9.674704551696777,0.3333333432674408
1555,Jobless claims hits 2.5 months high,0,negative,0,negative,negative,1,0,FinGPT-mt-Llama2-7B-LoRA,tfns,-9.956551551818848,0.3333333432674408,-9.956551551818848,0.3333333432674408,-9.956551551818848,0.3333333432674408
1556,Lackluster U.S. retail sales dim fourth quarter economic growth outlook,0,negative,0,negative,negative,1,0,FinGPT-mt-Llama2-7B-LoRA,tfns,-10.204060554504395,0.3333333432674408,-10.204060554504395,0.3333333432674408,-10.204060554504395,0.3333333432674408
1557,Larry Kudlow says Dec. 15 tariffs are 'still on the table' https://t.co/ft8Avs632w,0,negative,1,neutral,neutral,0,0,FinGPT-mt-Llama2-7B-LoRA,tfns,-10.339734077453613,0.3333333432674408,-10.339734077453613,0.3333333432674408,-10.339734077453613,0.3333333432674408
1558,Lebanon Turns to IMF as Fitch Sounds Alarm on Default,0,negative,0,negative,negative,1,0,FinGPT-mt-Llama2-7B-LoRA,tfns,-10.133666038513184,0.3333333432674408,-10.133666038513184,0.3333333432674408,-10.133666038513184,0.3333333432674408
1559,"March 2020 SCE records a substantial deterioration in financial and economic expectations, including sharp declines… https://t.co/fIdRZPXfcI",0,negative,0,negative,negative,1,0,FinGPT-mt-Llama2-7B-LoRA,tfns,-9.841614723205566,0.3333333432674408,-9.841614723205566,0.3333333432674408,-9.841614723205566,0.3333333432674408
1560,March SCE results show a sharp deterioration in consumer expectations. Check out the findings at the Center for Mic… https://t.co/FX6qV9aJA7,0,negative,0,negative,negative,1,0,FinGPT-mt-Llama2-7B-LoRA,tfns,-9.77750015258789,0.3333333432674408,-9.77750015258789,0.3333333432674408,-9.77750015258789,0.3333333432674408
1561,Mass layoffs push Canada consumer confidence to all-time low https://t.co/GVK9N8RK22,0,negative,0,negative,negative,1,0,FinGPT-mt-Llama2-7B-LoRA,tfns,-9.909412384033203,0.3333333432674408,-9.909412384033203,0.3333333432674408,-9.909412384033203,0.3333333432674408
1562,"Mortgage forbearance requests jump nearly 2,000% as borrowers seek relief during coronavirus outbreak https://t.co/MJ1exQ1C7K",0,negative,0,negative,negative,1,0,FinGPT-mt-Llama2-7B-LoRA,tfns,-9.964859008789062,0.3333333432674408,-9.964859008789062,0.3333333432674408,-9.964859008789062,0.3333333432674408
1563,Our microeconomists take a look at the substantial deterioration in consumer expectations in March as a result of t… https://t.co/CPp5g9xcpr,0,negative,0,negative,negative,1,0,FinGPT-mt-Llama2-7B-LoRA,tfns,-9.849149703979492,0.3333333432674408,-9.849149703979492,0.3333333432674408,-9.849149703979492,0.3333333432674408
1564,Retail sales falls short of expectation,0,negative,0,negative,negative,1,0,FinGPT-mt-Llama2-7B-LoRA,tfns,-9.827498435974121,0.3333333432674408,-9.827498435974121,0.3333333432674408,-9.827498435974121,0.3333333432674408
1565,Revised Mexican data paints an even bleaker picture of a stagnant economy https://t.co/It97z86YO1,0,negative,0,negative,negative,1,0,FinGPT-mt-Llama2-7B-LoRA,tfns,-10.142559051513672,0.3333333432674408,-10.142559051513672,0.3333333432674408,-10.142559051513672,0.3333333432674408
1566,San Francisco Faces Budget Gap as $6 Billion Can’t Meet Costs,0,negative,0,negative,negative,1,0,FinGPT-mt-Llama2-7B-LoRA,tfns,-9.974466323852539,0.3333333432674408,-9.974466323852539,0.3333333432674408,-9.974466323852539,0.3333333432674408
1567,Sentiment among U.S. small businesses collapsed in March by the most on record https://t.co/KnB8Bq8MtF https://t.co/stAz2xPazT,0,negative,0,negative,negative,1,0,FinGPT-mt-Llama2-7B-LoRA,tfns,-9.970352172851562,0.3333333432674408,-9.970352172851562,0.3333333432674408,-9.970352172851562,0.3333333432674408
1568,Spanish Farmers Rise Up Against Unfair Prices Amidst The Worst Agri-Food Crisis In Decades,0,negative,0,negative,negative,1,0,FinGPT-mt-Llama2-7B-LoRA,tfns,-9.95586109161377,0.3333333432674408,-9.95586109161377,0.3333333432674408,-9.95586109161377,0.3333333432674408
1569,Stock Market Update: November retail sales increase less than expected,0,negative,0,negative,negative,1,0,FinGPT-mt-Llama2-7B-LoRA,tfns,-9.927938461303711,0.3333333432674408,-9.927938461303711,0.3333333432674408,-9.927938461303711,0.3333333432674408
1570,Substantial deterioration' in consumer expectations: NY Fed survey https://t.co/VxqxsYW0yb by @bcheungz https://t.co/cGQuyU85as,0,negative,0,negative,negative,1,0,FinGPT-mt-Llama2-7B-LoRA,tfns,-9.908862113952637,0.3333333432674408,-9.908862113952637,0.3333333432674408,-9.908862113952637,0.3333333432674408
1571,Texas manufacturing activity weakens slightly https://t.co/MMbMlGel5P,0,negative,0,negative,negative,1,0,FinGPT-mt-Llama2-7B-LoRA,tfns,-9.93079662322998,0.3333333432674408,-9.93079662322998,0.3333333432674408,-9.93079662322998,0.3333333432674408
1572,The real estate market in downtown Los Angeles is taking a hit as Chinese cash dries up https://t.co/Wg3Roxe9pk,0,negative,0,negative,negative,1,0,FinGPT-mt-Llama2-7B-LoRA,tfns,-10.082507133483887,0.3333333432674408,-10.082507133483887,0.3333333432674408,-10.082507133483887,0.3333333432674408
1573,The U.S. budget deficit widened in November to $208.8 billion https://t.co/PsXjeUbXvP,0,negative,0,negative,negative,1,0,FinGPT-mt-Llama2-7B-LoRA,tfns,-9.804207801818848,0.3333333432674408,-9.804207801818848,0.3333333432674408,-9.804207801818848,0.3333333432674408
1574,"U.S. coal production will fall even more sharply than expected this year, dragging down demand for electricity https://t.co/EyVWpQmpUr",0,negative,0,negative,negative,1,0,FinGPT-mt-Llama2-7B-LoRA,tfns,-9.900546073913574,0.3333333432674408,-9.900546073913574,0.3333333432674408,-9.900546073913574,0.3333333432674408
1575,"U.S. economy is in a contraction, says Larry Kudlow, adding that it could reopen in four to eight weeks https://t.co/tgwRWgau7k",0,negative,0,negative,negative,1,0,FinGPT-mt-Llama2-7B-LoRA,tfns,-9.49535846710205,0.3333333432674408,-9.49535846710205,0.3333333432674408,-9.49535846710205,0.3333333432674408
1576,"U.S. retail sales rise slightly, cast shadow on Q4 economic growth",0,negative,0,negative,negative,1,0,FinGPT-mt-Llama2-7B-LoRA,tfns,-9.785465240478516,0.3333333432674408,-9.785465240478516,0.3333333432674408,-9.785465240478516,0.3333333432674408
1577,U.S. Stocks Drop on Economic Growth Concerns #SP500 #index #MarketScreener https://t.co/f2nxgBZJfU https://t.co/0IcsN3843x,0,negative,0,negative,negative,1,0,FinGPT-mt-Llama2-7B-LoRA,tfns,-9.660568237304688,0.3333333432674408,-9.660568237304688,0.3333333432674408,-9.660568237304688,0.3333333432674408
1578,US Proved Oil & Gas Reserves Hit New Record High,0,negative,2,positive,positive,0,0,FinGPT-mt-Llama2-7B-LoRA,tfns,-10.540451049804688,0.3333333432674408,-10.540451049804688,0.3333333432674408,-10.540451049804688,0.3333333432674408
1579,Diesel Demand Slump Signals Manufacturing Recession Is Still Raging https://t.co/yKe9QbFfKO,0,negative,0,negative,negative,1,0,FinGPT-mt-Llama2-7B-LoRA,tfns,-10.084020614624023,0.3333333432674408,-10.084020614624023,0.3333333432674408,-10.084020614624023,0.3333333432674408
1580,$ECONX: December University of Michigan Consumer Sentiment- Prelim 99.2 vs 96.5 https://t.co/M9gpUZQoF7 consensus;… https://t.co/fmehvuGCH2,2,positive,2,positive,positive,1,0,FinGPT-mt-Llama2-7B-LoRA,tfns,-10.044508934020996,0.3333333432674408,-10.044508934020996,0.3333333432674408,-10.044508934020996,0.3333333432674408
1581,$ECONX: November Nonfarm Payrolls 266K vs 182K https://t.co/M9gpUZQoF7 consensus https://t.co/uPsOqomWWO,2,positive,2,positive,positive,1,0,FinGPT-mt-Llama2-7B-LoRA,tfns,-10.00222110748291,0.3333333432674408,-10.00222110748291,0.3333333432674408,-10.00222110748291,0.3333333432674408
1582,$ECONX: October Wholesale Inventories M/M -0.7% vs +0.2% https://t.co/M9gpUZQoF7 consensus https://t.co/FnLMSxNhlq,2,positive,0,negative,negative,0,0,FinGPT-mt-Llama2-7B-LoRA,tfns,-10.03058910369873,0.3333333432674408,-10.03058910369873,0.3333333432674408,-10.03058910369873,0.3333333432674408
1583,12.23 Lakh New Jobs Created In September: ESIC Payroll Data,2,positive,2,positive,positive,1,0,FinGPT-mt-Llama2-7B-LoRA,tfns,-10.538358688354492,0.3333333432674408,-10.538358688354492,0.3333333432674408,-10.538358688354492,0.3333333432674408
1584,"At 11.2%, Air Passenger Growth Returns To Double-Digits In November",2,positive,2,positive,positive,1,0,FinGPT-mt-Llama2-7B-LoRA,tfns,-10.656047821044922,0.3333333432674408,-10.656047821044922,0.3333333432674408,-10.656047821044922,0.3333333432674408
1585,"Austria is planning the first steps to restart its economy as soon as next week, the first European country to do so https://t.co/wpN1WMrcW5",2,positive,2,positive,positive,1,0,FinGPT-mt-Llama2-7B-LoRA,tfns,-10.312773704528809,0.3333333432674408,-10.312773704528809,0.3333333432674408,-10.312773704528809,0.3333333432674408
1586,Booming London Defies Weak Second Quarter for Britain’s Economy,2,positive,1,neutral,neutral,0,0,FinGPT-mt-Llama2-7B-LoRA,tfns,-10.1668701171875,0.3333333432674408,-10.1668701171875,0.3333333432674408,-10.1668701171875,0.3333333432674408
1587,Building permits rise 5% in October to 1.461 million rate,2,positive,2,positive,positive,1,0,FinGPT-mt-Llama2-7B-LoRA,tfns,-10.7810640335083,0.3333333432674408,-10.7810640335083,0.3333333432674408,-10.7810640335083,0.3333333432674408
1588,Canadian builders began 2020 with a strong rebound in housing starts that is good news for the nation's increasingl… https://t.co/r6YX9IpI51,2,positive,2,positive,positive,1,0,FinGPT-mt-Llama2-7B-LoRA,tfns,-10.439382553100586,0.3333333432674408,-10.439382553100586,0.3333333432674408,-10.439382553100586,0.3333333432674408
1589,China is buying more U.S. soybeans as both countries try to reach an initial agreement on trade. https://t.co/AXVjY70Yoc,2,positive,2,positive,positive,1,0,FinGPT-mt-Llama2-7B-LoRA,tfns,-10.258999824523926,0.3333333432674408,-10.258999824523926,0.3333333432674408,-10.258999824523926,0.3333333432674408
1590,"China is in the process of waiving retaliatory tariffs on imports of U.S. pork and soy by domestic companies, a pro… https://t.co/08mZU9TrBX",2,positive,2,positive,positive,1,0,FinGPT-mt-Llama2-7B-LoRA,tfns,-10.510529518127441,0.3333333432674408,-10.510529518127441,0.3333333432674408,-10.510529518127441,0.3333333432674408
1591,"Consumer credit $18.9BN, Exp. $16BN, Last $9.6BN",2,positive,1,neutral,neutral,0,0,FinGPT-mt-Llama2-7B-LoRA,tfns,-10.306278228759766,0.3333333432674408,-10.306278228759766,0.3333333432674408,-10.306278228759766,0.3333333432674408
1592,Corporate venture capital deals hit new record as banks invest in fintech competitors https://t.co/yNdMmEYskR,2,positive,2,positive,positive,1,0,FinGPT-mt-Llama2-7B-LoRA,tfns,-10.260666847229004,0.3333333432674408,-10.260666847229004,0.3333333432674408,-10.260666847229004,0.3333333432674408
1593,"Dubai Economy Grew 2.1% in First Half of 2019, Says Media Office",2,positive,2,positive,positive,1,0,FinGPT-mt-Llama2-7B-LoRA,tfns,-10.536746978759766,0.3333333432674408,-10.536746978759766,0.3333333432674408,-10.536746978759766,0.3333333432674408
1594,Fannie boosts 2020 real GDP outlook on housing strength,2,positive,2,positive,positive,1,0,FinGPT-mt-Llama2-7B-LoRA,tfns,-10.841777801513672,0.3333333432674408,-10.841777801513672,0.3333333432674408,-10.841777801513672,0.3333333432674408
1595,Global air passenger traffic has grown at 4% YoY in 2019 ytd while air freight volumes contracted 4% over the same period: BofA,2,positive,1,neutral,neutral,0,0,FinGPT-mt-Llama2-7B-LoRA,tfns,-9.473915100097656,0.3333333432674408,-9.473915100097656,0.3333333432674408,-9.473915100097656,0.3333333432674408
1596,"Global Economy Won't See Recession in 2020, Says Quilvest",2,positive,2,positive,positive,1,0,FinGPT-mt-Llama2-7B-LoRA,tfns,-10.251270294189453,0.3333333432674408,-10.251270294189453,0.3333333432674408,-10.251270294189453,0.3333333432674408
1597,GlobalData : Global sales of psychiatric drugs could reach more than $40bn by 2025 due to ... #GlobalData #Stock… https://t.co/rKWo7oKcgD,2,positive,2,positive,positive,1,0,FinGPT-mt-Llama2-7B-LoRA,tfns,-10.085495948791504,0.3333333432674408,-10.085495948791504,0.3333333432674408,-10.085495948791504,0.3333333432674408
1598,Goldman: Go Long On Fracking,2,positive,2,positive,positive,1,0,FinGPT-mt-Llama2-7B-LoRA,tfns,-10.359994888305664,0.3333333432674408,-10.359994888305664,0.3333333432674408,-10.359994888305664,0.3333333432674408
1599,Here Is The Main Reason For Today's Blockbuster Jobs Report https://t.co/KEB3cegJ7E,2,positive,1,neutral,neutral,0,0,FinGPT-mt-Llama2-7B-LoRA,tfns,-10.837981224060059,0.3333333432674408,-10.837981224060059,0.3333333432674408,-10.837981224060059,0.3333333432674408
1600,Housing starts climb 3.8% in October to 1.314 million rate,2,positive,2,positive,positive,1,0,FinGPT-mt-Llama2-7B-LoRA,tfns,-10.841887474060059,0.3333333432674408,-10.841887474060059,0.3333333432674408,-10.841887474060059,0.3333333432674408
1601,"IHS Markit sees global GDP growth stabilizing at 2.5% in 2020, rising to 2.7% in 2021",2,positive,2,positive,positive,1,0,FinGPT-mt-Llama2-7B-LoRA,tfns,-10.488754272460938,0.3333333432674408,-10.488754272460938,0.3333333432674408,-10.488754272460938,0.3333333432674408
1602,"Job Growth Surges In January, Beating Wall Street Expectations",2,positive,2,positive,positive,1,0,FinGPT-mt-Llama2-7B-LoRA,tfns,-10.782918930053711,0.3333333432674408,-10.782918930053711,0.3333333432674408,-10.782918930053711,0.3333333432674408
1603,Job growth swells in January,2,positive,2,positive,positive,1,0,FinGPT-mt-Llama2-7B-LoRA,tfns,-10.475566864013672,0.3333333432674408,-10.475566864013672,0.3333333432674408,-10.475566864013672,0.3333333432674408
1604,Jobs Report Should Bolster Fed Confidence: Riccadonna (Radio),2,positive,2,positive,positive,1,0,FinGPT-mt-Llama2-7B-LoRA,tfns,-10.722315788269043,0.3333333432674408,-10.722315788269043,0.3333333432674408,-10.722315788269043,0.3333333432674408
1605,Mild weather boosts U.S. job growth; but benchmark revisions show ebbing momentum,2,positive,2,positive,positive,1,0,FinGPT-mt-Llama2-7B-LoRA,tfns,-9.846665382385254,0.3333333432674408,-9.846665382385254,0.3333333432674408,-9.846665382385254,0.3333333432674408
1606,Mnuchin says trade deal with China to boost global economy,2,positive,2,positive,positive,1,0,FinGPT-mt-Llama2-7B-LoRA,tfns,-10.783557891845703,0.3333333432674408,-10.783557891845703,0.3333333432674408,-10.783557891845703,0.3333333432674408
1607,"RECAP 11/22 TRUMPSAYS:
China deal is coming along very well

Live Breaking trading news
https://t.co/yChRCoaR8v",2,positive,2,positive,positive,1,0,FinGPT-mt-Llama2-7B-LoRA,tfns,-10.5587158203125,0.3333333432674408,-10.5587158203125,0.3333333432674408,-10.5587158203125,0.3333333432674408
1608,Saudi Arabia's Unemployment Falls to Lowest in Over Three Years,2,positive,2,positive,positive,1,0,FinGPT-mt-Llama2-7B-LoRA,tfns,-10.538336753845215,0.3333333432674408,-10.538336753845215,0.3333333432674408,-10.538336753845215,0.3333333432674408
1609,"Small Business Roundtable with President Trump: Regulatory Relief is Boosting Revenues, Job Growth and Entrepreneur… https://t.co/5DucI1Vn14",2,positive,2,positive,positive,1,0,FinGPT-mt-Llama2-7B-LoRA,tfns,-10.501769065856934,0.3333333432674408,-10.501769065856934,0.3333333432674408,-10.501769065856934,0.3333333432674408
1610,"Stock Market Update: Housing starts, building permits pick up in October",2,positive,2,positive,positive,1,0,FinGPT-mt-Llama2-7B-LoRA,tfns,-10.842021942138672,0.3333333432674408,-10.842021942138672,0.3333333432674408,-10.842021942138672,0.3333333432674408
1611,U.K. House Prices Rise 0.4% With Signs of Strengthening Economy,2,positive,2,positive,positive,1,0,FinGPT-mt-Llama2-7B-LoRA,tfns,-10.783585548400879,0.3333333432674408,-10.783585548400879,0.3333333432674408,-10.783585548400879,0.3333333432674408
1612,U.S. factory and services activity quicken in November: Markit https://t.co/Uvnds2WdjP https://t.co/NlVK9IhoJ1,2,positive,2,positive,positive,1,0,FinGPT-mt-Llama2-7B-LoRA,tfns,-10.611166000366211,0.3333333432674408,-10.611166000366211,0.3333333432674408,-10.611166000366211,0.3333333432674408
1613,UMich Consumer Confidence Surges In Early December Read https://t.co/u0HvOhY3Ri,2,positive,2,positive,positive,1,0,FinGPT-mt-Llama2-7B-LoRA,tfns,-10.720417976379395,0.3333333432674408,-10.720417976379395,0.3333333432674408,-10.720417976379395,0.3333333432674408
1614,United States: JOLTS Job Openings better than estimates at 6.88M #economy #MarketScreener https://t.co/DFfgeUsoXi https://t.co/t52IA8Ih3K,2,positive,2,positive,positive,1,0,FinGPT-mt-Llama2-7B-LoRA,tfns,-10.549287796020508,0.3333333432674408,-10.549287796020508,0.3333333432674408,-10.549287796020508,0.3333333432674408
1615,"US industrial production snaps back, rises 1.1% in November",2,positive,2,positive,positive,1,0,FinGPT-mt-Llama2-7B-LoRA,tfns,-10.904857635498047,0.3333333432674408,-10.904857635498047,0.3333333432674408,-10.904857635498047,0.3333333432674408
1616,WRAPUP 1-U.S. housing starts rise; permits highest in over 12 years,2,positive,2,positive,positive,1,0,FinGPT-mt-Llama2-7B-LoRA,tfns,-10.966355323791504,0.3333333432674408,-10.966355323791504,0.3333333432674408,-10.966355323791504,0.3333333432674408
1617,Zimbabwe to the IMF: “Our fundamentals are now sound” https://t.co/HSSo4iqk7M,2,positive,2,positive,positive,1,0,FinGPT-mt-Llama2-7B-LoRA,tfns,-10.555161476135254,0.3333333432674408,-10.555161476135254,0.3333333432674408,-10.555161476135254,0.3333333432674408
1618,Argentina Hikes Export Taxes to Fund New Leader’s Spending,1,neutral,0,negative,negative,0,0,FinGPT-mt-Llama2-7B-LoRA,tfns,-9.780852317810059,0.3333333432674408,-9.780852317810059,0.3333333432674408,-9.780852317810059,0.3333333432674408
1619,Banque national de Belgique : Press release - Business confidence indicator (2019-11) PDF ...… https://t.co/GpWUf01E3a,1,neutral,1,neutral,neutral,1,0,FinGPT-mt-Llama2-7B-LoRA,tfns,-10.658424377441406,0.3333333432674408,-10.658424377441406,0.3333333432674408,-10.658424377441406,0.3333333432674408
1620,"Before the coronavirus struck, U.S. job openings stood at nearly 7 million https://t.co/gEijFZ3crn",1,neutral,1,neutral,neutral,1,0,FinGPT-mt-Llama2-7B-LoRA,tfns,-10.060832977294922,0.3333333432674408,-10.060832977294922,0.3333333432674408,-10.060832977294922,0.3333333432674408
1621,Britain seeking far-reaching tariff cuts in post Brexit U.S. trade deal,1,neutral,2,positive,positive,0,0,FinGPT-mt-Llama2-7B-LoRA,tfns,-10.428205490112305,0.3333333432674408,-10.428205490112305,0.3333333432674408,-10.428205490112305,0.3333333432674408
1622,Canada readies Alberta aid package as Frontier deadline nears - Reuters,1,neutral,2,positive,positive,0,0,FinGPT-mt-Llama2-7B-LoRA,tfns,-9.808524131774902,0.3333333432674408,-9.808524131774902,0.3333333432674408,-9.808524131774902,0.3333333432674408
1623,China and U.S. 'very close' to phase one trade deal - Global Times https://t.co/t4idLxj9Bz https://t.co/oLkqruR3gU,1,neutral,2,positive,positive,0,0,FinGPT-mt-Llama2-7B-LoRA,tfns,-10.447446823120117,0.3333333432674408,-10.447446823120117,0.3333333432674408,-10.447446823120117,0.3333333432674408
1624,"China Delays Trade Statistics, Merges January and February Data",1,neutral,1,neutral,neutral,1,0,FinGPT-mt-Llama2-7B-LoRA,tfns,-9.565731048583984,0.3333333432674408,-9.565731048583984,0.3333333432674408,-9.565731048583984,0.3333333432674408
1625,China likely considering disaster clause in Phase 1 deal with U.S.: Global Times,1,neutral,1,neutral,neutral,1,0,FinGPT-mt-Llama2-7B-LoRA,tfns,-10.464349746704102,0.3333333432674408,-10.464349746704102,0.3333333432674408,-10.464349746704102,0.3333333432674408
1626,"China to raise penalties on IP theft in trade war compromise - SCMP

https://t.co/hVY3zAtMg0",1,neutral,0,negative,negative,0,0,FinGPT-mt-Llama2-7B-LoRA,tfns,-9.697073936462402,0.3333333432674408,-9.697073936462402,0.3333333432674408,-9.697073936462402,0.3333333432674408
1627,China's mutant pigs could help save the nation from a pork apocalypse. That's if the U.S. doesn't create super swin… https://t.co/wcwdQAmpK4,1,neutral,2,positive,positive,0,0,FinGPT-mt-Llama2-7B-LoRA,tfns,-9.90271282196045,0.3333333432674408,-9.90271282196045,0.3333333432674408,-9.90271282196045,0.3333333432674408
1628,Economy Week Ahead : U.S. Inflation and Chinese Manufacturing Data #EconomyWeekAhead #economy #MarketScreener… https://t.co/v3NCaFfyNy,1,neutral,1,neutral,neutral,1,0,FinGPT-mt-Llama2-7B-LoRA,tfns,-10.829123497009277,0.3333333432674408,-10.829123497009277,0.3333333432674408,-10.829123497009277,0.3333333432674408
1629,EU trade chief Hogan returns to Washington as auto tariffs loom,1,neutral,1,neutral,neutral,1,0,FinGPT-mt-Llama2-7B-LoRA,tfns,-10.127908706665039,0.3333333432674408,-10.127908706665039,0.3333333432674408,-10.127908706665039,0.3333333432674408
1630,France’s Le Maire Says Retirement Age Could Be Negotiable,1,neutral,1,neutral,neutral,1,0,FinGPT-mt-Llama2-7B-LoRA,tfns,-10.025407791137695,0.3333333432674408,-10.025407791137695,0.3333333432674408,-10.025407791137695,0.3333333432674408
1631,"Grain Prices To Hold Steady, Trade Within A Range After A Neutral Inspections Report. Keep reading:… https://t.co/561iJ6W4Kg",1,neutral,1,neutral,neutral,1,0,FinGPT-mt-Llama2-7B-LoRA,tfns,-9.530720710754395,0.3333333432674408,-9.530720710754395,0.3333333432674408,-9.530720710754395,0.3333333432674408
1632,Greenhouse gas emissions in the U.S. are forecast to decline by a whopping 7.5% this year https://t.co/MjBXKkouHy,1,neutral,2,positive,positive,0,0,FinGPT-mt-Llama2-7B-LoRA,tfns,-10.15163516998291,0.3333333432674408,-10.15163516998291,0.3333333432674408,-10.15163516998291,0.3333333432674408
1633,IFA Irish Farmers Association : EU COMMISSION INDICATE THAT CAP TRANSITIONAL RULES FACILITATE THE REOPENING OF GLAS… https://t.co/mcHUiy15CH,1,neutral,1,neutral,neutral,1,0,FinGPT-mt-Llama2-7B-LoRA,tfns,-9.8065824508667,0.3333333432674408,-9.8065824508667,0.3333333432674408,-9.8065824508667,0.3333333432674408
1634,Immigration in Emerging Countries: A Macroeconomic Perspective #Stock #MarketScreener https://t.co/4kg5Pcsr1Q https://t.co/4NJamVTUeX,1,neutral,1,neutral,neutral,1,0,FinGPT-mt-Llama2-7B-LoRA,tfns,-10.76760482788086,0.3333333432674408,-10.76760482788086,0.3333333432674408,-10.76760482788086,0.3333333432674408
1635,"In Apparent Trade War Compromise, China Issues Guidelines For IP Theft https://t.co/bAIXnkHG0u",1,neutral,1,neutral,neutral,1,0,FinGPT-mt-Llama2-7B-LoRA,tfns,-10.575488090515137,0.3333333432674408,-10.575488090515137,0.3333333432674408,-10.575488090515137,0.3333333432674408
1636,India is reviewing trade and goods agreements with its Southeast Asian neighbors after opting out of a China-backed… https://t.co/JUB0UJL4SP,1,neutral,1,neutral,neutral,1,0,FinGPT-mt-Llama2-7B-LoRA,tfns,-10.449278831481934,0.3333333432674408,-10.449278831481934,0.3333333432674408,-10.449278831481934,0.3333333432674408
1637,India Plans Incentives to Bring In Foreign Manufacturers From Tesla to Glaxo,1,neutral,2,positive,positive,0,0,FinGPT-mt-Llama2-7B-LoRA,tfns,-10.428345680236816,0.3333333432674408,-10.428345680236816,0.3333333432674408,-10.428345680236816,0.3333333432674408
1638,Kenya trade deal seen helping apparel industry,1,neutral,2,positive,positive,0,0,FinGPT-mt-Llama2-7B-LoRA,tfns,-10.357975959777832,0.3333333432674408,-10.357975959777832,0.3333333432674408,-10.357975959777832,0.3333333432674408
1639,Mexico's economy minister tries to dispel concerns over labor reform #economy #MarketScreener… https://t.co/dZ3UhEBzkv,1,neutral,1,neutral,neutral,1,0,FinGPT-mt-Llama2-7B-LoRA,tfns,-10.124795913696289,0.3333333432674408,-10.124795913696289,0.3333333432674408,-10.124795913696289,0.3333333432674408
1640,Mnuchin: 'The deficit right now as a percentage of GDP is manageable',1,neutral,2,positive,positive,0,0,FinGPT-mt-Llama2-7B-LoRA,tfns,-10.083324432373047,0.3333333432674408,-10.083324432373047,0.3333333432674408,-10.083324432373047,0.3333333432674408
1641,"Morgan Stanley Sees Lower Truck Capacity, Higher Rates In 2020",1,neutral,0,negative,negative,0,0,FinGPT-mt-Llama2-7B-LoRA,tfns,-10.168910026550293,0.3333333432674408,-10.168910026550293,0.3333333432674408,-10.168910026550293,0.3333333432674408
1642,Nearly 148 Million Americans Plan to Shop Super Saturday,1,neutral,1,neutral,neutral,1,0,FinGPT-mt-Llama2-7B-LoRA,tfns,-10.903633117675781,0.3333333432674408,-10.903633117675781,0.3333333432674408,-10.903633117675781,0.3333333432674408
1643,Personal Consumption Driving U.S. Market: BBH's Clemons (Radio),1,neutral,1,neutral,neutral,1,0,FinGPT-mt-Llama2-7B-LoRA,tfns,-10.212923049926758,0.3333333432674408,-10.212923049926758,0.3333333432674408,-10.212923049926758,0.3333333432674408
1644,Q4 GDP: Trudging Along. https://t.co/IQebEf5ooz #business #stockmarket #stocks,1,neutral,1,neutral,neutral,1,0,FinGPT-mt-Llama2-7B-LoRA,tfns,-9.663865089416504,0.3333333432674408,-9.663865089416504,0.3333333432674408,-9.663865089416504,0.3333333432674408
1645,"Retail Loans To Double To Rs 96 Lakh-Crore In Five Years, Says Crisil",1,neutral,1,neutral,neutral,1,0,FinGPT-mt-Llama2-7B-LoRA,tfns,-9.7672119140625,0.3333333432674408,-9.7672119140625,0.3333333432674408,-9.7672119140625,0.3333333432674408
1646,"Robert Tombs: 'There may be some short-term disturbance. But Brexit is economically rational' 
https://t.co/GznnjuD55S",1,neutral,1,neutral,neutral,1,0,FinGPT-mt-Llama2-7B-LoRA,tfns,-10.392759323120117,0.3333333432674408,-10.392759323120117,0.3333333432674408,-10.392759323120117,0.3333333432674408
1647,The U.S. and China are reportedly taking steps to delay the next round of American tariffs set for Sunday as they s… https://t.co/HWzU8RAkIt,1,neutral,2,positive,positive,0,0,FinGPT-mt-Llama2-7B-LoRA,tfns,-10.054479598999023,0.3333333432674408,-10.054479598999023,0.3333333432674408,-10.054479598999023,0.3333333432674408
1648,Top economist lowers recession risk for 2020 but says hurdles remain via @TradingNation) https://t.co/0uYhHyIugr,1,neutral,1,neutral,neutral,1,0,FinGPT-mt-Llama2-7B-LoRA,tfns,-9.672992706298828,0.3333333432674408,-9.672992706298828,0.3333333432674408,-9.672992706298828,0.3333333432674408
1649,U.S. consumer credit increased at faster pace in February https://t.co/VvjV1lEi7x,1,neutral,2,positive,positive,0,0,FinGPT-mt-Llama2-7B-LoRA,tfns,-10.659409523010254,0.3333333432674408,-10.659409523010254,0.3333333432674408,-10.659409523010254,0.3333333432674408
1650,US GDP over time https://t.co/HQRrC4a1Pt,1,neutral,1,neutral,neutral,1,0,FinGPT-mt-Llama2-7B-LoRA,tfns,-10.775671005249023,0.3333333432674408,-10.775671005249023,0.3333333432674408,-10.775671005249023,0.3333333432674408
1651,Worker and environment safeguards among changes in new USMCA trade deal #economy #MarketScreener… https://t.co/GbXqn0s4Pa,1,neutral,1,neutral,neutral,1,0,FinGPT-mt-Llama2-7B-LoRA,tfns,-10.250578880310059,0.3333333432674408,-10.250578880310059,0.3333333432674408,-10.250578880310059,0.3333333432674408
1652,Poland's reserve assets in March 2020 #Stock #MarketScreener https://t.co/sTZKhR4svG https://t.co/HFyO8rcjDZ,1,neutral,1,neutral,neutral,1,0,FinGPT-mt-Llama2-7B-LoRA,tfns,-10.522910118103027,0.3333333432674408,-10.522910118103027,0.3333333432674408,-10.522910118103027,0.3333333432674408
1653,New Zealand's resurgent housing market could get a rate-cut boost https://t.co/OMD3CqZ03T,1,neutral,2,positive,positive,0,0,FinGPT-mt-Llama2-7B-LoRA,tfns,-10.605785369873047,0.3333333432674408,-10.605785369873047,0.3333333432674408,-10.605785369873047,0.3333333432674408
1654,Richmond Fed Business Survey Shockingly Rises... Here's Why  https://t.co/c4DsjNAHPS,1,neutral,2,positive,positive,0,0,FinGPT-mt-Llama2-7B-LoRA,tfns,-10.157503128051758,0.3333333432674408,-10.157503128051758,0.3333333432674408,-10.157503128051758,0.3333333432674408
1655,Asia markets mostly fall as China's trade data gets delayed - CNBC,0,negative,0,negative,negative,1,0,FinGPT-mt-Llama2-7B-LoRA,tfns,-9.950078964233398,0.3333333432674408,-9.950078964233398,0.3333333432674408,-9.950078964233398,0.3333333432674408
1656,China Risks Exporting Market Volatility Like Never Before,0,negative,0,negative,negative,1,0,FinGPT-mt-Llama2-7B-LoRA,tfns,-9.864001274108887,0.3333333432674408,-9.864001274108887,0.3333333432674408,-9.864001274108887,0.3333333432674408
1657,"Dow closes about 102 points, 0.4%, lower",0,negative,0,negative,negative,1,0,FinGPT-mt-Llama2-7B-LoRA,tfns,-10.06811237335205,0.3333333432674408,-10.06811237335205,0.3333333432674408,-10.06811237335205,0.3333333432674408
1658,Dow falls 0.5%;S&P 500 falls 0.3% at Friday's open,0,negative,0,negative,negative,1,0,FinGPT-mt-Llama2-7B-LoRA,tfns,-9.965799331665039,0.3333333432674408,-9.965799331665039,0.3333333432674408,-9.965799331665039,0.3333333432674408
1659,Dow is down over 500 points. Here's what you need to know now:  https://t.co/hvgRljuQji,0,negative,0,negative,negative,1,0,FinGPT-mt-Llama2-7B-LoRA,tfns,-9.901432991027832,0.3333333432674408,-9.901432991027832,0.3333333432674408,-9.901432991027832,0.3333333432674408
1660,Dow Jones Industrial Average 8 points lower,0,negative,0,negative,negative,1,0,FinGPT-mt-Llama2-7B-LoRA,tfns,-9.946174621582031,0.3333333432674408,-9.946174621582031,0.3333333432674408,-9.946174621582031,0.3333333432674408
1661,Final-hour selloff costs stocks all their gains Tuesday as the Dow ends down 26 https://t.co/Sc6WQUz66L https://t.co/OGoPceRsWB,0,negative,0,negative,negative,1,0,FinGPT-mt-Llama2-7B-LoRA,tfns,-9.915727615356445,0.3333333432674408,-9.915727615356445,0.3333333432674408,-9.915727615356445,0.3333333432674408
1662,Futures extend declines after January jobs data,0,negative,0,negative,negative,1,0,FinGPT-mt-Llama2-7B-LoRA,tfns,-9.765620231628418,0.3333333432674408,-9.765620231628418,0.3333333432674408,-9.765620231628418,0.3333333432674408
1663,Higher tariffs threat weigh on global markets,0,negative,0,negative,negative,1,0,FinGPT-mt-Llama2-7B-LoRA,tfns,-10.030352592468262,0.3333333432674408,-10.030352592468262,0.3333333432674408,-10.030352592468262,0.3333333432674408
1664,"Japanese shares fall led by IT sector, as Trump warns of more tariffs",0,negative,0,negative,negative,1,0,FinGPT-mt-Llama2-7B-LoRA,tfns,-10.069833755493164,0.3333333432674408,-10.069833755493164,0.3333333432674408,-10.069833755493164,0.3333333432674408
1665,"Nasdaq-100 futures fall 20 points, or 0.2%",0,negative,0,negative,negative,1,0,FinGPT-mt-Llama2-7B-LoRA,tfns,-10.014887809753418,0.3333333432674408,-10.014887809753418,0.3333333432674408,-10.014887809753418,0.3333333432674408
1666,S&P Futures Crater 40 Points In One Tick On Huge For Sell Closing Imbalance  https://t.co/CFb8vKL8Hu,0,negative,0,negative,negative,1,0,FinGPT-mt-Llama2-7B-LoRA,tfns,-9.847410202026367,0.3333333432674408,-9.847410202026367,0.3333333432674408,-9.847410202026367,0.3333333432674408
1667,Stock Market Live Updates: Markets lower as US-China trade optimism dissipates,0,negative,0,negative,negative,1,0,FinGPT-mt-Llama2-7B-LoRA,tfns,-10.01730728149414,0.3333333432674408,-10.01730728149414,0.3333333432674408,-10.01730728149414,0.3333333432674408
1668,"Stock Market Update: Asia closes mixed, Asia trades lower",0,negative,0,negative,negative,1,0,FinGPT-mt-Llama2-7B-LoRA,tfns,-9.821686744689941,0.3333333432674408,-9.821686744689941,0.3333333432674408,-9.821686744689941,0.3333333432674408
1669,Stock Market Update: Futures slip lower following trade tweet from CNBC reporter,0,negative,0,negative,negative,1,0,FinGPT-mt-Llama2-7B-LoRA,tfns,-10.0198392868042,0.3333333432674408,-10.0198392868042,0.3333333432674408,-10.0198392868042,0.3333333432674408
1670,Stock Market Update: Semiconductor stocks pull back after Qualcomm earnings,0,negative,0,negative,negative,1,0,FinGPT-mt-Llama2-7B-LoRA,tfns,-10.13150405883789,0.3333333432674408,-10.13150405883789,0.3333333432674408,-10.13150405883789,0.3333333432674408
1671,Stock-index futures turn negative,0,negative,0,negative,negative,1,0,FinGPT-mt-Llama2-7B-LoRA,tfns,-9.713513374328613,0.3333333432674408,-9.713513374328613,0.3333333432674408,-9.713513374328613,0.3333333432674408
1672,Stocks hit lows of the day as oil briefly plunges more than 9% https://t.co/JhUWpIRPRb https://t.co/hqK9nGcKy1,0,negative,0,negative,negative,1,0,FinGPT-mt-Llama2-7B-LoRA,tfns,-9.964558601379395,0.3333333432674408,-9.964558601379395,0.3333333432674408,-9.964558601379395,0.3333333432674408
1673,Stocks hit lows of the day as oil plunges briefly plunges more than 9% https://t.co/JhUWpIRPRb https://t.co/WS7bbpWEQh,0,negative,0,negative,negative,1,0,FinGPT-mt-Llama2-7B-LoRA,tfns,-9.963144302368164,0.3333333432674408,-9.963144302368164,0.3333333432674408,-9.963144302368164,0.3333333432674408
1674,Stocks open lower on trade deal skepticism,0,negative,0,negative,negative,1,0,FinGPT-mt-Llama2-7B-LoRA,tfns,-9.833426475524902,0.3333333432674408,-9.833426475524902,0.3333333432674408,-9.833426475524902,0.3333333432674408
1675,The Dow is down more than 500 points as Friday's selloff intensifies https://t.co/tK5DeT4k4V,0,negative,0,negative,negative,1,0,FinGPT-mt-Llama2-7B-LoRA,tfns,-10.012414932250977,0.3333333432674408,-10.012414932250977,0.3333333432674408,-10.012414932250977,0.3333333432674408
1676,"The S&P 500's chart is signaling a near-term pullback, technical analyst warns (via @TradingNation) https://t.co/VxNKIV5SRR",0,negative,0,negative,negative,1,0,FinGPT-mt-Llama2-7B-LoRA,tfns,-9.922086715698242,0.3333333432674408,-9.922086715698242,0.3333333432674408,-9.922086715698242,0.3333333432674408
1677,"Trade, U.S. Elections Are Top Market Risks, Says Goldman Sachs's Moe",0,negative,1,neutral,neutral,0,0,FinGPT-mt-Llama2-7B-LoRA,tfns,-10.014060974121094,0.3333333432674408,-10.014060974121094,0.3333333432674408,-10.014060974121094,0.3333333432674408
1678,$XLF $BAC $C - Fed fires a dud as financial sector plunges https://t.co/OwDNvwPYyd,0,negative,0,negative,negative,1,0,FinGPT-mt-Llama2-7B-LoRA,tfns,-10.076814651489258,0.3333333432674408,-10.076814651489258,0.3333333432674408,-10.076814651489258,0.3333333432674408
1679,$SUMRX: Overnight Summary -- World markets extending gains overnight https://t.co/pjuCZNd5jf,2,positive,2,positive,positive,1,0,FinGPT-mt-Llama2-7B-LoRA,tfns,-10.785624504089355,0.3333333432674408,-10.785624504089355,0.3333333432674408,-10.785624504089355,0.3333333432674408
1680,$TALKX: Market Briefing: Market still riding hope of COVID-19 plateauing https://t.co/P3bUqinQVx,2,positive,2,positive,positive,1,0,FinGPT-mt-Llama2-7B-LoRA,tfns,-9.838852882385254,0.3333333432674408,-9.838852882385254,0.3333333432674408,-9.838852882385254,0.3333333432674408
1681,All three benchmarks trade in record territory,2,positive,2,positive,positive,1,0,FinGPT-mt-Llama2-7B-LoRA,tfns,-9.390010833740234,0.3333333432674408,-9.390010833740234,0.3333333432674408,-9.390010833740234,0.3333333432674408
1682,Asian markets gain amid fresh hopes for U.S.-China trade deal https://t.co/NPIyhoJPU1,2,positive,2,positive,positive,1,0,FinGPT-mt-Llama2-7B-LoRA,tfns,-10.421669960021973,0.3333333432674408,-10.421669960021973,0.3333333432674408,-10.421669960021973,0.3333333432674408
1683,Asian shares advance after Fed keeps interest rates steady,2,positive,2,positive,positive,1,0,FinGPT-mt-Llama2-7B-LoRA,tfns,-10.182991027832031,0.3333333432674408,-10.182991027832031,0.3333333432674408,-10.182991027832031,0.3333333432674408
1684,Bulletproof stock market shakes off negative trade headlines and keeps marching to records,2,positive,2,positive,positive,1,0,FinGPT-mt-Llama2-7B-LoRA,tfns,-10.657978057861328,0.3333333432674408,-10.657978057861328,0.3333333432674408,-10.657978057861328,0.3333333432674408
1685,"Dow ends nearly 1,600 points higher on hopes coronavirus peak is near https://t.co/XgNjVJHoqW",2,positive,2,positive,positive,1,0,FinGPT-mt-Llama2-7B-LoRA,tfns,-10.543161392211914,0.3333333432674408,-10.543161392211914,0.3333333432674408,-10.543161392211914,0.3333333432674408
1686,"Dow Industrials Surge 1,200 Points at Start of Challenging Week #MarriottInternational #Stock #MarketScreener… https://t.co/jOKR9otBgR",2,positive,2,positive,positive,1,0,FinGPT-mt-Llama2-7B-LoRA,tfns,-10.07571792602539,0.3333333432674408,-10.07571792602539,0.3333333432674408,-10.07571792602539,0.3333333432674408
1687,"Dow jumps 170 points, Amazon leads S&P 500 and Nasdaq to record highs - CNBC",2,positive,2,positive,positive,1,0,FinGPT-mt-Llama2-7B-LoRA,tfns,-10.719983100891113,0.3333333432674408,-10.719983100891113,0.3333333432674408,-10.719983100891113,0.3333333432674408
1688,Dow scores triple-digit gain on rosier investor view of U.S.-China trade talks https://t.co/Dh7QlYLIjn,2,positive,2,positive,positive,1,0,FinGPT-mt-Llama2-7B-LoRA,tfns,-10.604653358459473,0.3333333432674408,-10.604653358459473,0.3333333432674408,-10.604653358459473,0.3333333432674408
1689,"Dow up 26 points, or 0.1%; S&P 500 adds 1 point",2,positive,2,positive,positive,1,0,FinGPT-mt-Llama2-7B-LoRA,tfns,-10.721101760864258,0.3333333432674408,-10.721101760864258,0.3333333432674408,-10.721101760864258,0.3333333432674408
1690,Emerging Markets Get Fresh Boost of Hope Over Trade Deal,2,positive,2,positive,positive,1,0,FinGPT-mt-Llama2-7B-LoRA,tfns,-10.722840309143066,0.3333333432674408,-10.722840309143066,0.3333333432674408,-10.722840309143066,0.3333333432674408
1691,European shares extend winning streak; Qiagen jumps as company explores sale,2,positive,2,positive,positive,1,0,FinGPT-mt-Llama2-7B-LoRA,tfns,-10.718632698059082,0.3333333432674408,-10.718632698059082,0.3333333432674408,-10.718632698059082,0.3333333432674408
1692,Futures climb on China plan to cut tariffs on U.S. products,2,positive,2,positive,positive,1,0,FinGPT-mt-Llama2-7B-LoRA,tfns,-10.721233367919922,0.3333333432674408,-10.721233367919922,0.3333333432674408,-10.721233367919922,0.3333333432674408
1693,Futures Fly On Trade Optimism Amid Barrage Of Megamergers https://t.co/zcIHhcFH6d,2,positive,2,positive,positive,1,0,FinGPT-mt-Llama2-7B-LoRA,tfns,-10.729312896728516,0.3333333432674408,-10.729312896728516,0.3333333432674408,-10.729312896728516,0.3333333432674408
1694,"Global stocks gain after China cuts U.S. import tariffs, virus fears wane",2,positive,2,positive,positive,1,0,FinGPT-mt-Llama2-7B-LoRA,tfns,-10.660455703735352,0.3333333432674408,-10.660455703735352,0.3333333432674408,-10.660455703735352,0.3333333432674408
1695,Here's what has futures higher to kick off the holiday week https://t.co/uSCSLhgCrA,2,positive,2,positive,positive,1,0,FinGPT-mt-Llama2-7B-LoRA,tfns,-10.184244155883789,0.3333333432674408,-10.184244155883789,0.3333333432674408,-10.184244155883789,0.3333333432674408
1696,Hong Kong Stocks Nearly Recover Post-Holiday Losses With Rally,2,positive,2,positive,positive,1,0,FinGPT-mt-Llama2-7B-LoRA,tfns,-10.421626091003418,0.3333333432674408,-10.421626091003418,0.3333333432674408,-10.421626091003418,0.3333333432674408
1697,Industrials Up As Global Growth Fears Subside -- Industrials Roundup #economy #MarketScreener… https://t.co/xfOVrpXf6N,2,positive,2,positive,positive,1,0,FinGPT-mt-Llama2-7B-LoRA,tfns,-10.32167911529541,0.3333333432674408,-10.32167911529541,0.3333333432674408,-10.32167911529541,0.3333333432674408
1698,Muni-Bond Bankers Brace For Record Year In 2020: Mysak (Radio),2,positive,1,neutral,neutral,0,0,FinGPT-mt-Llama2-7B-LoRA,tfns,-9.938003540039062,0.3333333432674408,-9.938003540039062,0.3333333432674408,-9.938003540039062,0.3333333432674408
1699,Nasdaq hits record at closing bell as investors digest  phase onetrade deal,2,positive,2,positive,positive,1,0,FinGPT-mt-Llama2-7B-LoRA,tfns,-10.657855033874512,0.3333333432674408,-10.657855033874512,0.3333333432674408,-10.657855033874512,0.3333333432674408
1700,"Nasdaq-100 futures rise 18 points, or 0.2%",2,positive,2,positive,positive,1,0,FinGPT-mt-Llama2-7B-LoRA,tfns,-10.723746299743652,0.3333333432674408,-10.723746299743652,0.3333333432674408,-10.723746299743652,0.3333333432674408
1701,NYSI buy signal that triggered last week remains modestly above the 8 EMA level https://t.co/Lbo5oN8Mjn,2,positive,2,positive,positive,1,0,FinGPT-mt-Llama2-7B-LoRA,tfns,-10.367300987243652,0.3333333432674408,-10.367300987243652,0.3333333432674408,-10.367300987243652,0.3333333432674408
1702,S&P 500 Price Forecast – Stock Markets Break To A Fresh New High - Yahoo Finance,2,positive,2,positive,positive,1,0,FinGPT-mt-Llama2-7B-LoRA,tfns,-10.718143463134766,0.3333333432674408,-10.718143463134766,0.3333333432674408,-10.718143463134766,0.3333333432674408
1703,"S&P 500, Nasdaq Composite post record close as stocks rise",2,positive,2,positive,positive,1,0,FinGPT-mt-Llama2-7B-LoRA,tfns,-10.538407325744629,0.3333333432674408,-10.538407325744629,0.3333333432674408,-10.538407325744629,0.3333333432674408
1704,"S&P 500, Nasdaq hit record closing highs; Chinese workers return",2,positive,2,positive,positive,1,0,FinGPT-mt-Llama2-7B-LoRA,tfns,-10.658073425292969,0.3333333432674408,-10.658073425292969,0.3333333432674408,-10.658073425292969,0.3333333432674408
1705,"S&P 500, Nasdaq reach record closing highs; Chinese workers return",2,positive,2,positive,positive,1,0,FinGPT-mt-Llama2-7B-LoRA,tfns,-10.657964706420898,0.3333333432674408,-10.657964706420898,0.3333333432674408,-10.657964706420898,0.3333333432674408
1706,"S&P 500, Nasdaq see closing highs; Slack halted for coming news https://t.co/cMizm4ImP6 https://t.co/vlKQ67OJDo",2,positive,1,neutral,neutral,0,0,FinGPT-mt-Llama2-7B-LoRA,tfns,-9.701253890991211,0.3333333432674408,-9.701253890991211,0.3333333432674408,-9.701253890991211,0.3333333432674408
1707,S&P rises 5% https://t.co/YKsHWgtNcP https://t.co/CqiMPLAknF,2,positive,2,positive,positive,1,0,FinGPT-mt-Llama2-7B-LoRA,tfns,-10.483940124511719,0.3333333432674408,-10.483940124511719,0.3333333432674408,-10.483940124511719,0.3333333432674408
1708,"So far, the train is coming in right on schedule; Dow up 25% off the lows. $BA consolidating its run up.",2,positive,2,positive,positive,1,0,FinGPT-mt-Llama2-7B-LoRA,tfns,-10.660344123840332,0.3333333432674408,-10.660344123840332,0.3333333432674408,-10.660344123840332,0.3333333432674408
1709,Stock Market Heads Off A Correction – For Now.,2,positive,2,positive,positive,1,0,FinGPT-mt-Llama2-7B-LoRA,tfns,-9.566481590270996,0.3333333432674408,-9.566481590270996,0.3333333432674408,-9.566481590270996,0.3333333432674408
1710,"Stock market live updates: Dow futures up 800 points, set to add to 1,600-point Monday rally https://t.co/kOL2DaUNTc",2,positive,2,positive,positive,1,0,FinGPT-mt-Llama2-7B-LoRA,tfns,-10.543819427490234,0.3333333432674408,-10.543819427490234,0.3333333432674408,-10.543819427490234,0.3333333432674408
1711,Stock Market Update: Global stocks begin the week on higher note,2,positive,2,positive,positive,1,0,FinGPT-mt-Llama2-7B-LoRA,tfns,-10.662485122680664,0.3333333432674408,-10.662485122680664,0.3333333432674408,-10.662485122680664,0.3333333432674408
1712,"Stock Market Update: Global stocks gain, with indices in Hong Kong and the UK outperforming",2,positive,2,positive,positive,1,0,FinGPT-mt-Llama2-7B-LoRA,tfns,-10.47638988494873,0.3333333432674408,-10.47638988494873,0.3333333432674408,-10.47638988494873,0.3333333432674408
1713,Stock Market Update: S&P 500 financials sector up more than 4% this month,2,positive,2,positive,positive,1,0,FinGPT-mt-Llama2-7B-LoRA,tfns,-10.657241821289062,0.3333333432674408,-10.657241821289062,0.3333333432674408,-10.657241821289062,0.3333333432674408
1714,Stock Market Update: Stock market drifts in record territory,2,positive,2,positive,positive,1,0,FinGPT-mt-Llama2-7B-LoRA,tfns,-10.29734992980957,0.3333333432674408,-10.29734992980957,0.3333333432674408,-10.29734992980957,0.3333333432674408
1715,"Stock Market Update: Stock market posts incremental gains, closes at new highs",2,positive,2,positive,positive,1,0,FinGPT-mt-Llama2-7B-LoRA,tfns,-10.656312942504883,0.3333333432674408,-10.656312942504883,0.3333333432674408,-10.656312942504883,0.3333333432674408
1716,StockBeat - Chip Stocks Rise as Huawei Granted Another Reprieve on Trade Ban,2,positive,2,positive,positive,1,0,FinGPT-mt-Llama2-7B-LoRA,tfns,-10.721583366394043,0.3333333432674408,-10.721583366394043,0.3333333432674408,-10.721583366394043,0.3333333432674408
1717,"Stock-index futures extend gains after jobless claims, productivity data",2,positive,2,positive,positive,1,0,FinGPT-mt-Llama2-7B-LoRA,tfns,-10.719341278076172,0.3333333432674408,-10.719341278076172,0.3333333432674408,-10.719341278076172,0.3333333432674408
1718,Stocks aim for back-to-back gains as investors focus on coronavirus case tally https://t.co/QBhdB4ipyD,2,positive,2,positive,positive,1,0,FinGPT-mt-Llama2-7B-LoRA,tfns,-10.30913257598877,0.3333333432674408,-10.30913257598877,0.3333333432674408,-10.30913257598877,0.3333333432674408
1719,"STOCKS AT THE OPEN:
- Dow up 3.90% 
- Nasdaq up 2.68% 
- S&P up 2.76% https://t.co/xVranG4Mbz",2,positive,2,positive,positive,1,0,FinGPT-mt-Llama2-7B-LoRA,tfns,-10.188166618347168,0.3333333432674408,-10.188166618347168,0.3333333432674408,-10.188166618347168,0.3333333432674408
1720,Stocks open higher as major indexes extend push into record territory,2,positive,2,positive,positive,1,0,FinGPT-mt-Llama2-7B-LoRA,tfns,-10.41459846496582,0.3333333432674408,-10.41459846496582,0.3333333432674408,-10.41459846496582,0.3333333432674408
1721,"Stocks open higher on rosy data, waning virus fears",2,positive,2,positive,positive,1,0,FinGPT-mt-Llama2-7B-LoRA,tfns,-10.601725578308105,0.3333333432674408,-10.601725578308105,0.3333333432674408,-10.601725578308105,0.3333333432674408
1722,Stocks perk up after Fed decision https://t.co/ZB8lFGcKVJ,2,positive,2,positive,positive,1,0,FinGPT-mt-Llama2-7B-LoRA,tfns,-10.605607032775879,0.3333333432674408,-10.605607032775879,0.3333333432674408,-10.605607032775879,0.3333333432674408
1723,"Stocks rose after China moves to step up intellectual property protection, a step that investors hope may address k… https://t.co/8zp2mKCwub",2,positive,2,positive,positive,1,0,FinGPT-mt-Llama2-7B-LoRA,tfns,-10.609880447387695,0.3333333432674408,-10.609880447387695,0.3333333432674408,-10.609880447387695,0.3333333432674408
1724,"STOCKS SURGE INTO THE CLOSE:
- Dow up 7.59% 
- Nasdaq up 7.35% 
- S&P up 6.95% https://t.co/jPsgrFNxpg",2,positive,2,positive,positive,1,0,FinGPT-mt-Llama2-7B-LoRA,tfns,-10.300079345703125,0.3333333432674408,-10.300079345703125,0.3333333432674408,-10.300079345703125,0.3333333432674408
1725,Tech stocks led all three major U.S. stock averages marginally into the black following upbeat statements on the U.… https://t.co/S2BkUCDmcx,2,positive,2,positive,positive,1,0,FinGPT-mt-Llama2-7B-LoRA,tfns,-10.612260818481445,0.3333333432674408,-10.612260818481445,0.3333333432674408,-10.612260818481445,0.3333333432674408
1726,The market bounced back after President Trump said the US and China are “potentially very close” on a trade deal. T… https://t.co/VC5V93JFh4,2,positive,2,positive,positive,1,0,FinGPT-mt-Llama2-7B-LoRA,tfns,-10.311097145080566,0.3333333432674408,-10.311097145080566,0.3333333432674408,-10.311097145080566,0.3333333432674408
1727,TSX opens higher on signs of coronavirus slowdown #TSX #economy #MarketScreener https://t.co/VfqXgfaNR8 https://t.co/myrDnZCInx,2,positive,2,positive,positive,1,0,FinGPT-mt-Llama2-7B-LoRA,tfns,-10.174287796020508,0.3333333432674408,-10.174287796020508,0.3333333432674408,-10.174287796020508,0.3333333432674408
1728,U.S. Stock Futures Extend Gain on China’s Tariff Olive Branch,2,positive,2,positive,positive,1,0,FinGPT-mt-Llama2-7B-LoRA,tfns,-10.72073745727539,0.3333333432674408,-10.72073745727539,0.3333333432674408,-10.72073745727539,0.3333333432674408
1729,U.S. Stocks Rise as China Calls for Better Communication on Trade #SP500 #index #MarketScreener… https://t.co/CjoXFIEvMP,2,positive,2,positive,positive,1,0,FinGPT-mt-Llama2-7B-LoRA,tfns,-10.269837379455566,0.3333333432674408,-10.269837379455566,0.3333333432674408,-10.269837379455566,0.3333333432674408
1730,U.S. stocks surged the most in more than a week on Monday after death tolls in some of the hardest-hit areas showed… https://t.co/DV1WcXSaWi,2,positive,2,positive,positive,1,0,FinGPT-mt-Llama2-7B-LoRA,tfns,-10.43868350982666,0.3333333432674408,-10.43868350982666,0.3333333432674408,-10.43868350982666,0.3333333432674408
1731,Wall Street closes up more than 7% on hopes of slowing coronavirus deaths https://t.co/6LFK79ATeS https://t.co/P5K3BNR7Uf,2,positive,2,positive,positive,1,0,FinGPT-mt-Llama2-7B-LoRA,tfns,-10.429391860961914,0.3333333432674408,-10.429391860961914,0.3333333432674408,-10.429391860961914,0.3333333432674408
1732,Wall Street scraps its recession assumptions after robust jobs data https://t.co/oOuPFD2gWp https://t.co/4yICZnGl4z,2,positive,2,positive,positive,1,0,FinGPT-mt-Llama2-7B-LoRA,tfns,-10.495119094848633,0.3333333432674408,-10.495119094848633,0.3333333432674408,-10.495119094848633,0.3333333432674408
1733,While market strain triggered by the coronavirus pandemic has eased since the Federal Reserve's historic interventi… https://t.co/ZFb0jzOH7h,2,positive,2,positive,positive,1,0,FinGPT-mt-Llama2-7B-LoRA,tfns,-9.604991912841797,0.3333333432674408,-9.604991912841797,0.3333333432674408,-9.604991912841797,0.3333333432674408
1734,Why the markets 'look clean' into 2019 year-end,2,positive,2,positive,positive,1,0,FinGPT-mt-Llama2-7B-LoRA,tfns,-9.828353881835938,0.3333333432674408,-9.828353881835938,0.3333333432674408,-9.828353881835938,0.3333333432674408
1735,"As Stocks Soar, Credit Markets Are Starting To CCCrack https://t.co/hitGrlXQTA",1,neutral,2,positive,positive,0,0,FinGPT-mt-Llama2-7B-LoRA,tfns,-9.991747856140137,0.3333333432674408,-9.991747856140137,0.3333333432674408,-9.991747856140137,0.3333333432674408
1736,At the open (11/25/2019) https://t.co/ttg1gN94y0,1,neutral,1,neutral,neutral,1,0,FinGPT-mt-Llama2-7B-LoRA,tfns,-10.889547348022461,0.3333333432674408,-10.889547348022461,0.3333333432674408,-10.889547348022461,0.3333333432674408
1737,"Banks, Energy, Metals lag just about every day...mega-strong day for growth w/ Software, Biotech, Payments leading",1,neutral,2,positive,positive,0,0,FinGPT-mt-Llama2-7B-LoRA,tfns,-9.854597091674805,0.3333333432674408,-9.854597091674805,0.3333333432674408,-9.854597091674805,0.3333333432674408
1738,Bloomberg Markets: China Open Full Show (02/07/2020),1,neutral,1,neutral,neutral,1,0,FinGPT-mt-Llama2-7B-LoRA,tfns,-10.58785343170166,0.3333333432674408,-10.58785343170166,0.3333333432674408,-10.58785343170166,0.3333333432674408
1739,Dow- Chemically Speaking,1,neutral,1,neutral,neutral,1,0,FinGPT-mt-Llama2-7B-LoRA,tfns,-10.584367752075195,0.3333333432674408,-10.584367752075195,0.3333333432674408,-10.584367752075195,0.3333333432674408
1740,Dow Jones News: Apple Production Problems; Boeing Upgraded,1,neutral,2,positive,positive,0,0,FinGPT-mt-Llama2-7B-LoRA,tfns,-10.158801078796387,0.3333333432674408,-10.158801078796387,0.3333333432674408,-10.158801078796387,0.3333333432674408
1741,General Announcement::Notice of Special General Meeting #SingaporeExchange #Stock #MarketScreener… https://t.co/l8vypusOGz,1,neutral,1,neutral,neutral,1,0,FinGPT-mt-Llama2-7B-LoRA,tfns,-10.704610824584961,0.3333333432674408,-10.704610824584961,0.3333333432674408,-10.704610824584961,0.3333333432674408
1742,London Stock Exchange : Directorate Changes #LondonStockExchange #Stock #MarketScreener https://t.co/iHF2CmkWmV https://t.co/DXnGasOWPn,1,neutral,1,neutral,neutral,1,0,FinGPT-mt-Llama2-7B-LoRA,tfns,-10.833314895629883,0.3333333432674408,-10.833314895629883,0.3333333432674408,-10.833314895629883,0.3333333432674408
1743,London Stock Exchange : Euronext Dublin Market Notice Replacement #LondonStockExchange #Stock #MarketScreener… https://t.co/D6vaZQOvk5,1,neutral,1,neutral,neutral,1,0,FinGPT-mt-Llama2-7B-LoRA,tfns,-10.645950317382812,0.3333333432674408,-10.645950317382812,0.3333333432674408,-10.645950317382812,0.3333333432674408
1744,London Stock Exchange : Notice of Satisfaction and Discharge #LondonStockExchange #Stock #MarketScreener… https://t.co/Y5wqz33i9o,1,neutral,2,positive,positive,0,0,FinGPT-mt-Llama2-7B-LoRA,tfns,-9.662939071655273,0.3333333432674408,-9.662939071655273,0.3333333432674408,-9.662939071655273,0.3333333432674408
1745,"Market Recap: Friday, Dec. 13",1,neutral,1,neutral,neutral,1,0,FinGPT-mt-Llama2-7B-LoRA,tfns,-10.9577054977417,0.3333333432674408,-10.9577054977417,0.3333333432674408,-10.9577054977417,0.3333333432674408
1746,News Highlights : Top Global Markets News of the Day #NewsHighlights #economy #MarketScreener… https://t.co/70WlBhNOkd,1,neutral,1,neutral,neutral,1,0,FinGPT-mt-Llama2-7B-LoRA,tfns,-10.826334953308105,0.3333333432674408,-10.826334953308105,0.3333333432674408,-10.826334953308105,0.3333333432674408
1747,NYSE Closing Bell 🔔:     Telecom Argentina (NYSE: TEO) celebrates their 25th Anniversary Listing https://t.co/EemF9wG8iW,1,neutral,1,neutral,neutral,1,0,FinGPT-mt-Llama2-7B-LoRA,tfns,-9.524456024169922,0.3333333432674408,-9.524456024169922,0.3333333432674408,-9.524456024169922,0.3333333432674408
1748,On the hour,1,neutral,1,neutral,neutral,1,0,FinGPT-mt-Llama2-7B-LoRA,tfns,-10.45950984954834,0.3333333432674408,-10.45950984954834,0.3333333432674408,-10.45950984954834,0.3333333432674408
1749,On the hour https://t.co/A3Li2E7VIs,1,neutral,1,neutral,neutral,1,0,FinGPT-mt-Llama2-7B-LoRA,tfns,-11.01318073272705,0.3333333432674408,-11.01318073272705,0.3333333432674408,-11.01318073272705,0.3333333432674408
1750,On the hour https://t.co/G9BZLeFZTD,1,neutral,1,neutral,neutral,1,0,FinGPT-mt-Llama2-7B-LoRA,tfns,-11.013162612915039,0.3333333432674408,-11.013162612915039,0.3333333432674408,-11.013162612915039,0.3333333432674408
1751,Stock Market Update: Defensive-minded investors,1,neutral,1,neutral,neutral,1,0,FinGPT-mt-Llama2-7B-LoRA,tfns,-10.838571548461914,0.3333333432674408,-10.838571548461914,0.3333333432674408,-10.838571548461914,0.3333333432674408
1752,Stock Market Update: Stocks hold steady; UK rallies on Conservative Party victory,1,neutral,2,positive,positive,0,0,FinGPT-mt-Llama2-7B-LoRA,tfns,-10.304506301879883,0.3333333432674408,-10.304506301879883,0.3333333432674408,-10.304506301879883,0.3333333432674408
1753,"Stocks Rally, Oil Drops at Start of Challenging Week #SP500 #index #MarketScreener https://t.co/zvaSvRqcdt https://t.co/Pw0UVqFuo3",1,neutral,0,negative,negative,0,0,FinGPT-mt-Llama2-7B-LoRA,tfns,-9.566730499267578,0.3333333432674408,-9.566730499267578,0.3333333432674408,-9.566730499267578,0.3333333432674408
1754,UPDATE 2-European stocks end flat as defensive gains offset auto slide,1,neutral,1,neutral,neutral,1,0,FinGPT-mt-Llama2-7B-LoRA,tfns,-10.160707473754883,0.3333333432674408,-10.160707473754883,0.3333333432674408,-10.160707473754883,0.3333333432674408
1755,Utilities Flat On Mixed Trade Signals -- Utilities Roundup #economy #MarketScreener https://t.co/5L2LBQYBZd https://t.co/I2k8OZxnCh,1,neutral,1,neutral,neutral,1,0,FinGPT-mt-Llama2-7B-LoRA,tfns,-9.915974617004395,0.3333333432674408,-9.915974617004395,0.3333333432674408,-9.915974617004395,0.3333333432674408
1756,Wall Street flat with all eyes on China news briefing,1,neutral,1,neutral,neutral,1,0,FinGPT-mt-Llama2-7B-LoRA,tfns,-10.315690994262695,0.3333333432674408,-10.315690994262695,0.3333333432674408,-10.315690994262695,0.3333333432674408
1757,Week ahead on Wall Street #economy #MarketScreener https://t.co/gSr3hoOMQT https://t.co/sNnufj18DG,1,neutral,1,neutral,neutral,1,0,FinGPT-mt-Llama2-7B-LoRA,tfns,-10.89079475402832,0.3333333432674408,-10.89079475402832,0.3333333432674408,-10.89079475402832,0.3333333432674408
1758,"YTD Performance:
Dow Jones: Red
30Y: +9%

https://t.co/scCDfO2eUv https://t.co/sO1bMzirbY",1,neutral,2,positive,positive,0,0,FinGPT-mt-Llama2-7B-LoRA,tfns,-10.138090133666992,0.3333333432674408,-10.138090133666992,0.3333333432674408,-10.138090133666992,0.3333333432674408
1759,$EWW $MXF $MXE - White House is pushing to get USMCA through Congress this year https://t.co/YoGu0kKCCp,1,neutral,2,positive,positive,0,0,FinGPT-mt-Llama2-7B-LoRA,tfns,-10.849864959716797,0.3333333432674408,-10.849864959716797,0.3333333432674408,-10.849864959716797,0.3333333432674408
1760,"95% Approval Rate in the Republican Party, a record! Thank you!",1,neutral,2,positive,positive,0,0,FinGPT-mt-Llama2-7B-LoRA,tfns,-10.417808532714844,0.3333333432674408,-10.417808532714844,0.3333333432674408,-10.417808532714844,0.3333333432674408
1761,"Ahead of the election, Johnson and Corbyn will go head-to-head one final time https://t.co/JBpUPSYX28",1,neutral,1,neutral,neutral,1,0,FinGPT-mt-Llama2-7B-LoRA,tfns,-10.959856986999512,0.3333333432674408,-10.959856986999512,0.3333333432674408,-10.959856986999512,0.3333333432674408
1762,"AOC to Trump: ""Try to keep up."" https://t.co/e8eaVUSivO",1,neutral,1,neutral,neutral,1,0,FinGPT-mt-Llama2-7B-LoRA,tfns,-10.782159805297852,0.3333333432674408,-10.782159805297852,0.3333333432674408,-10.782159805297852,0.3333333432674408
1763,At Least One Republican Still Knows Right From Wrong,1,neutral,1,neutral,neutral,1,0,FinGPT-mt-Llama2-7B-LoRA,tfns,-10.666595458984375,0.3333333432674408,-10.666595458984375,0.3333333432674408,-10.666595458984375,0.3333333432674408
1764,"Attorney General William Barr said Jeffrey Epstein's death was a ""perfect storm of screw-ups"" in an interview with… https://t.co/uhYQ9CcGIR",1,neutral,1,neutral,neutral,1,0,FinGPT-mt-Llama2-7B-LoRA,tfns,-10.34984302520752,0.3333333432674408,-10.34984302520752,0.3333333432674408,-10.34984302520752,0.3333333432674408
1765,Barr acknowledges for the first time that Rudy Giuliani has been giving the Justice Department information he colle… https://t.co/IfJxvcsYnF,1,neutral,1,neutral,neutral,1,0,FinGPT-mt-Llama2-7B-LoRA,tfns,-10.835379600524902,0.3333333432674408,-10.835379600524902,0.3333333432674408,-10.835379600524902,0.3333333432674408
1766,Barr says DOJ will review information from Trump lawyer Giuliani's probe of Bidens in Ukraine https://t.co/T6DEg719nu,1,neutral,1,neutral,neutral,1,0,FinGPT-mt-Llama2-7B-LoRA,tfns,-10.905923843383789,0.3333333432674408,-10.905923843383789,0.3333333432674408,-10.905923843383789,0.3333333432674408
1767,Bernie Sanders Campaign Calls for Recalculation of Iowa Caucus Results,1,neutral,1,neutral,neutral,1,0,FinGPT-mt-Llama2-7B-LoRA,tfns,-10.036765098571777,0.3333333432674408,-10.036765098571777,0.3333333432674408,-10.036765098571777,0.3333333432674408
1768,"Bloomberg takes untested path to 2020, skipping key contests https://t.co/q6Kk8BhQul",1,neutral,1,neutral,neutral,1,0,FinGPT-mt-Llama2-7B-LoRA,tfns,-10.320713996887207,0.3333333432674408,-10.320713996887207,0.3333333432674408,-10.320713996887207,0.3333333432674408
1769,Boris Johnson's Brexit Is More “Slow Deal” Than “No Deal”,1,neutral,1,neutral,neutral,1,0,FinGPT-mt-Llama2-7B-LoRA,tfns,-9.960854530334473,0.3333333432674408,-9.960854530334473,0.3333333432674408,-9.960854530334473,0.3333333432674408
1770,Brazil minister says it's 'impossible' to put value on Eletrobras privatization #Stock #MarketScreener… https://t.co/1E69L1a2YD,1,neutral,1,neutral,neutral,1,0,FinGPT-mt-Llama2-7B-LoRA,tfns,-10.530693054199219,0.3333333432674408,-10.530693054199219,0.3333333432674408,-10.530693054199219,0.3333333432674408
1771,Brazil’s President Jair Bolsonaro launched a new prospective political party on Thursday after resigning from the S… https://t.co/tbD5UIfAfX,1,neutral,1,neutral,neutral,1,0,FinGPT-mt-Llama2-7B-LoRA,tfns,-10.594908714294434,0.3333333432674408,-10.594908714294434,0.3333333432674408,-10.594908714294434,0.3333333432674408
1772,Brexit or Corbyn? U.K. Business Agonizes Over Election Choice,1,neutral,1,neutral,neutral,1,0,FinGPT-mt-Llama2-7B-LoRA,tfns,-10.025376319885254,0.3333333432674408,-10.025376319885254,0.3333333432674408,-10.025376319885254,0.3333333432674408
1773,"Buchanan: Democrats' Diversity - But, Only In The Back Of The Bus https://t.co/qV0eC7uXHd",1,neutral,1,neutral,neutral,1,0,FinGPT-mt-Llama2-7B-LoRA,tfns,-10.59504222869873,0.3333333432674408,-10.59504222869873,0.3333333432674408,-10.59504222869873,0.3333333432674408
1774,Buttigieg officially wins largest delegate count at Iowa,1,neutral,2,positive,positive,0,0,FinGPT-mt-Llama2-7B-LoRA,tfns,-10.0880765914917,0.3333333432674408,-10.0880765914917,0.3333333432674408,-10.0880765914917,0.3333333432674408
1775,Canada rail workers’ strike tests weakened Trudeau https://t.co/158wnVBdda,1,neutral,0,negative,negative,0,0,FinGPT-mt-Llama2-7B-LoRA,tfns,-9.936965942382812,0.3333333432674408,-9.936965942382812,0.3333333432674408,-9.936965942382812,0.3333333432674408
1776,"Chinese President Xi Jinping makes his first public appearance in almost two weeks, as public anger over the corona… https://t.co/NlHHyxVrKj",1,neutral,1,neutral,neutral,1,0,FinGPT-mt-Llama2-7B-LoRA,tfns,-10.650894165039062,0.3333333432674408,-10.650894165039062,0.3333333432674408,-10.650894165039062,0.3333333432674408
1777,Congress may finally have a definition for insider trading https://t.co/CFdwMhlgp0 by @bcheungz https://t.co/UfdeFYiKXA,1,neutral,1,neutral,neutral,1,0,FinGPT-mt-Llama2-7B-LoRA,tfns,-10.609428405761719,0.3333333432674408,-10.609428405761719,0.3333333432674408,-10.609428405761719,0.3333333432674408
1778,Conservative party manifesto plays down rightwing populism https://t.co/5zVnaDLs3R,1,neutral,1,neutral,neutral,1,0,FinGPT-mt-Llama2-7B-LoRA,tfns,-10.677845001220703,0.3333333432674408,-10.677845001220703,0.3333333432674408,-10.677845001220703,0.3333333432674408
1779,Conservatives make very modest spending pledges https://t.co/AN39zlwf9x,1,neutral,1,neutral,neutral,1,0,FinGPT-mt-Llama2-7B-LoRA,tfns,-10.725783348083496,0.3333333432674408,-10.725783348083496,0.3333333432674408,-10.725783348083496,0.3333333432674408
1780,Corbyn effect? British utility debt boosted by nationalisation bet,1,neutral,0,negative,negative,0,0,FinGPT-mt-Llama2-7B-LoRA,tfns,-10.09648323059082,0.3333333432674408,-10.09648323059082,0.3333333432674408,-10.09648323059082,0.3333333432674408
1781,Defiant Netanyahu on the attack over bribery charges as opponents circle https://t.co/fusfekaylD,1,neutral,0,negative,negative,0,0,FinGPT-mt-Llama2-7B-LoRA,tfns,-9.888163566589355,0.3333333432674408,-9.888163566589355,0.3333333432674408,-9.888163566589355,0.3333333432674408
1782,"Democrats are desperate to catch up with the Trump campaign, and are investing heavily in an array of campaigning t… https://t.co/coWOf2D8s5",1,neutral,1,neutral,neutral,1,0,FinGPT-mt-Llama2-7B-LoRA,tfns,-10.327423095703125,0.3333333432674408,-10.327423095703125,0.3333333432674408,-10.327423095703125,0.3333333432674408
1783,Democrats going back to their Districts for Thanksgiving are getting absolutely hammered by their constituents over… https://t.co/IXzP5VLroK,1,neutral,0,negative,negative,0,0,FinGPT-mt-Llama2-7B-LoRA,tfns,-9.566954612731934,0.3333333432674408,-9.566954612731934,0.3333333432674408,-9.566954612731934,0.3333333432674408
1784,Divided Hong Kong to hold its first elections since the protests began https://t.co/EvKKblxVNy,1,neutral,1,neutral,neutral,1,0,FinGPT-mt-Llama2-7B-LoRA,tfns,-10.830107688903809,0.3333333432674408,-10.830107688903809,0.3333333432674408,-10.830107688903809,0.3333333432674408
1785,Former impeachment witness Monica Lewinsky has thoughts about today's vote. https://t.co/HXpdNVJOVU,1,neutral,1,neutral,neutral,1,0,FinGPT-mt-Llama2-7B-LoRA,tfns,-10.83071517944336,0.3333333432674408,-10.83071517944336,0.3333333432674408,-10.83071517944336,0.3333333432674408
1786,Former PM Blair: Don't hold your breath for UK-U.S. trade deal https://t.co/z1Dgv1wuu8 https://t.co/gGZHw8JLbf,1,neutral,1,neutral,neutral,1,0,FinGPT-mt-Llama2-7B-LoRA,tfns,-9.713068008422852,0.3333333432674408,-9.713068008422852,0.3333333432674408,-9.713068008422852,0.3333333432674408
1787,"Former U.S. Treasury Secretary Hank Paulson says calls to oust Chinese companies from U.S. stock indexes was a ""ter… https://t.co/DnZPvA3iem",1,neutral,1,neutral,neutral,1,0,FinGPT-mt-Llama2-7B-LoRA,tfns,-10.497812271118164,0.3333333432674408,-10.497812271118164,0.3333333432674408,-10.497812271118164,0.3333333432674408
1788,Giuliani associate wants to testify that Nunes aides hid Ukraine meetings from Schiff https://t.co/C6piHsuV86,1,neutral,1,neutral,neutral,1,0,FinGPT-mt-Llama2-7B-LoRA,tfns,-9.941815376281738,0.3333333432674408,-9.941815376281738,0.3333333432674408,-9.941815376281738,0.3333333432674408
1789,Gloves Off In the Dem Primary,1,neutral,1,neutral,neutral,1,0,FinGPT-mt-Llama2-7B-LoRA,tfns,-10.536587715148926,0.3333333432674408,-10.536587715148926,0.3333333432674408,-10.536587715148926,0.3333333432674408
1790,Governments are now using the fine print of financial regulations to fight climate change https://t.co/RHswy7NjwW,1,neutral,1,neutral,neutral,1,0,FinGPT-mt-Llama2-7B-LoRA,tfns,-10.719866752624512,0.3333333432674408,-10.719866752624512,0.3333333432674408,-10.719866752624512,0.3333333432674408
1791,Here’s the status of impeachment—and all the other Trump investigations—right now https://t.co/OVfzlrjhoD,1,neutral,1,neutral,neutral,1,0,FinGPT-mt-Llama2-7B-LoRA,tfns,-10.662262916564941,0.3333333432674408,-10.662262916564941,0.3333333432674408,-10.662262916564941,0.3333333432674408
1792,"He's in to ""defeat Donald Trump and rebuild America."" https://t.co/yjMVTaO1Zy",1,neutral,1,neutral,neutral,1,0,FinGPT-mt-Llama2-7B-LoRA,tfns,-10.667577743530273,0.3333333432674408,-10.667577743530273,0.3333333432674408,-10.667577743530273,0.3333333432674408
1793,"Highlight: @jessicaasmith8 on impeachment: 'At 1pm today, they are set to start debating on the call for witnesses.... https://t.co/bmlxbClUk2",1,neutral,1,neutral,neutral,1,0,FinGPT-mt-Llama2-7B-LoRA,tfns,-10.642147064208984,0.3333333432674408,-10.642147064208984,0.3333333432674408,-10.642147064208984,0.3333333432674408
1794,"Hillary should give it another try, but this time don’t forget Wisconsin, Pennsylvania, Michigan, North Carolina &… https://t.co/NqyY73nZwh",1,neutral,1,neutral,neutral,1,0,FinGPT-mt-Llama2-7B-LoRA,tfns,-10.491937637329102,0.3333333432674408,-10.491937637329102,0.3333333432674408,-10.491937637329102,0.3333333432674408
1795,"Hong Kong, China, And U.K. Election Hopes Fan Modest Risk-Taking. Read more and sign up for updates:… https://t.co/NezVnEBTQu",1,neutral,1,neutral,neutral,1,0,FinGPT-mt-Llama2-7B-LoRA,tfns,-10.828302383422852,0.3333333432674408,-10.828302383422852,0.3333333432674408,-10.828302383422852,0.3333333432674408
1796,"House Democrats are starting to compress weeks of depositions, documents and testimony into a report almost certain… https://t.co/YVq2saxmBU",1,neutral,1,neutral,neutral,1,0,FinGPT-mt-Llama2-7B-LoRA,tfns,-10.658478736877441,0.3333333432674408,-10.658478736877441,0.3333333432674408,-10.658478736877441,0.3333333432674408
1797,House Democrats roll out articles of impeachment against Trump https://t.co/HRjKKXqIUZ,1,neutral,0,negative,negative,0,0,FinGPT-mt-Llama2-7B-LoRA,tfns,-9.684001922607422,0.3333333432674408,-9.684001922607422,0.3333333432674408,-9.684001922607422,0.3333333432674408
1798,How Bernie Sanders is helping Mike Bloomberg,1,neutral,1,neutral,neutral,1,0,FinGPT-mt-Llama2-7B-LoRA,tfns,-10.498714447021484,0.3333333432674408,-10.498714447021484,0.3333333432674408,-10.498714447021484,0.3333333432674408
1799,"India, Maldives To Hold Joint Commission Meeting On Friday After Gap Of Over Four Years",1,neutral,1,neutral,neutral,1,0,FinGPT-mt-Llama2-7B-LoRA,tfns,-10.170075416564941,0.3333333432674408,-10.170075416564941,0.3333333432674408,-10.170075416564941,0.3333333432674408
1800,"Irish PM Varadkar Set to Lose Power, Betting Odds Signal",1,neutral,0,negative,negative,0,0,FinGPT-mt-Llama2-7B-LoRA,tfns,-9.892960548400879,0.3333333432674408,-9.892960548400879,0.3333333432674408,-9.892960548400879,0.3333333432674408
1801,Is @BernieSanders the nightmare China never saw coming? Read @JimCramer's full take on @RealMoney:… https://t.co/B6Stje9N0Q,1,neutral,1,neutral,neutral,1,0,FinGPT-mt-Llama2-7B-LoRA,tfns,-9.805678367614746,0.3333333432674408,-9.805678367614746,0.3333333432674408,-9.805678367614746,0.3333333432674408
1802,Japan’s Abe Says Olympics Won’t Be Postponed Amid Virus Fears,1,neutral,2,positive,positive,0,0,FinGPT-mt-Llama2-7B-LoRA,tfns,-9.72498607635498,0.3333333432674408,-9.72498607635498,0.3333333432674408,-9.72498607635498,0.3333333432674408
1803,"Joe Biden really called a young woman a 'lying, dog-faced pony soldier' https://t.co/Op3dEnYE7J",1,neutral,1,neutral,neutral,1,0,FinGPT-mt-Llama2-7B-LoRA,tfns,-9.697772979736328,0.3333333432674408,-9.697772979736328,0.3333333432674408,-9.697772979736328,0.3333333432674408
1804,"Joe Biden says Lindsey Graham, his longtime friend and Senate colleague, will regret pursuing an investigation of t… https://t.co/ssRfufKbNq",1,neutral,1,neutral,neutral,1,0,FinGPT-mt-Llama2-7B-LoRA,tfns,-10.390810012817383,0.3333333432674408,-10.390810012817383,0.3333333432674408,-10.390810012817383,0.3333333432674408
1805,"Joe Leahy: The elections in Hong Kong are unlikely to put a stop to the months of often violent demonstrations
https://t.co/qkkbaHCyhm",1,neutral,1,neutral,neutral,1,0,FinGPT-mt-Llama2-7B-LoRA,tfns,-10.777801513671875,0.3333333432674408,-10.777801513671875,0.3333333432674408,-10.777801513671875,0.3333333432674408
1806,Joe Walsh to Back ‘Any Democrat’ Over Trump After Ending GOP Bid,1,neutral,1,neutral,neutral,1,0,FinGPT-mt-Llama2-7B-LoRA,tfns,-10.064221382141113,0.3333333432674408,-10.064221382141113,0.3333333432674408,-10.064221382141113,0.3333333432674408
1807,Johnson Offers Business an Olive Branch as U.K. Election Revs Up,1,neutral,1,neutral,neutral,1,0,FinGPT-mt-Llama2-7B-LoRA,tfns,-10.678977012634277,0.3333333432674408,-10.678977012634277,0.3333333432674408,-10.678977012634277,0.3333333432674408
1808,"Kerry said Biden can put back together ""the world Donald Trump has smashed apart.” https://t.co/oWEJtFQtfH",1,neutral,1,neutral,neutral,1,0,FinGPT-mt-Llama2-7B-LoRA,tfns,-10.00402545928955,0.3333333432674408,-10.00402545928955,0.3333333432674408,-10.00402545928955,0.3333333432674408
1809,LIVE: Trump speaks at the White House Summit on Human Trafficking https://t.co/hOfqfruYnn,1,neutral,1,neutral,neutral,1,0,FinGPT-mt-Llama2-7B-LoRA,tfns,-10.888931274414062,0.3333333432674408,-10.888931274414062,0.3333333432674408,-10.888931274414062,0.3333333432674408
1810,Merkel Demands an End to CDU’s ‘Unforgivable’ Far-Right Deal,1,neutral,2,positive,positive,0,0,FinGPT-mt-Llama2-7B-LoRA,tfns,-9.821473121643066,0.3333333432674408,-9.821473121643066,0.3333333432674408,-9.821473121643066,0.3333333432674408
1811,Mike Bloomberg's $300 million campaign ad blitz has been a boon for local TV broadcasters. https://t.co/XBxs3SzFrZ https://t.co/JKkMJzQKw0,1,neutral,2,positive,positive,0,0,FinGPT-mt-Llama2-7B-LoRA,tfns,-9.472616195678711,0.3333333432674408,-9.472616195678711,0.3333333432674408,-9.472616195678711,0.3333333432674408
1812,Ocasio-Cortez smacks Trump with her political resume after the president calls out the ‘Do Nothing Democrats’ https://t.co/1DDdgmocj6,1,neutral,2,positive,positive,0,0,FinGPT-mt-Llama2-7B-LoRA,tfns,-9.650444984436035,0.3333333432674408,-9.650444984436035,0.3333333432674408,-9.650444984436035,0.3333333432674408
1813,Pelosi’s attempt to chew gum and walk with Trump https://t.co/yCkgA84SXQ,1,neutral,1,neutral,neutral,1,0,FinGPT-mt-Llama2-7B-LoRA,tfns,-10.835519790649414,0.3333333432674408,-10.835519790649414,0.3333333432674408,-10.835519790649414,0.3333333432674408
1814,Pete Buttigieg has a big new plan to shake up the retirement system https://t.co/O57CHHZ7vr by @benwerschkul https://t.co/WyoQrR7scs,1,neutral,1,neutral,neutral,1,0,FinGPT-mt-Llama2-7B-LoRA,tfns,-9.948301315307617,0.3333333432674408,-9.948301315307617,0.3333333432674408,-9.948301315307617,0.3333333432674408
1815,Pete Buttigieg sees surge in support from business execs after his strong showing in Iowa https://t.co/ZFfMXbQuBV,1,neutral,2,positive,positive,0,0,FinGPT-mt-Llama2-7B-LoRA,tfns,-10.198899269104004,0.3333333432674408,-10.198899269104004,0.3333333432674408,-10.198899269104004,0.3333333432674408
1816,President of Russia : Meeting with First Vice-President of Azerbaijan Mehriban Aliyeva #PresidentofRussia #economy… https://t.co/zeu0FK5NhH,1,neutral,1,neutral,neutral,1,0,FinGPT-mt-Llama2-7B-LoRA,tfns,-10.641097068786621,0.3333333432674408,-10.641097068786621,0.3333333432674408,-10.641097068786621,0.3333333432674408
1817,Presidential campaigns are paying millions to Big Tech companies (while also bashing them),1,neutral,1,neutral,neutral,1,0,FinGPT-mt-Llama2-7B-LoRA,tfns,-10.510909080505371,0.3333333432674408,-10.510909080505371,0.3333333432674408,-10.510909080505371,0.3333333432674408
1818,Prime Minister Defends Citizenship Amendment Act; Says His Government Kept Prices Under Check,1,neutral,2,positive,positive,0,0,FinGPT-mt-Llama2-7B-LoRA,tfns,-10.316275596618652,0.3333333432674408,-10.316275596618652,0.3333333432674408,-10.316275596618652,0.3333333432674408
1819,Prince Andrew Opens the Door to a Slimmed-Down Monarchy,1,neutral,1,neutral,neutral,1,0,FinGPT-mt-Llama2-7B-LoRA,tfns,-10.34565258026123,0.3333333432674408,-10.34565258026123,0.3333333432674408,-10.34565258026123,0.3333333432674408
1820,"Ruth Bader Ginsburg was hospitalized Friday night with chills and a fever, but her condition has improved and she e… https://t.co/Uzz8z59JRO",1,neutral,1,neutral,neutral,1,0,FinGPT-mt-Llama2-7B-LoRA,tfns,-10.0673246383667,0.3333333432674408,-10.0673246383667,0.3333333432674408,-10.0673246383667,0.3333333432674408
1821,Schumer warns of reckoning for Republican senators who vote against witnesses in impeachment trial https://t.co/pNoCeqhkiu,1,neutral,0,negative,negative,0,0,FinGPT-mt-Llama2-7B-LoRA,tfns,-9.72431468963623,0.3333333432674408,-9.72431468963623,0.3333333432674408,-9.72431468963623,0.3333333432674408
1822,Scotland's first minister has sought to reassure restive members of her Scottish National party that Brexit will pa... https://t.co/4KDYlhWfdJ,1,neutral,1,neutral,neutral,1,0,FinGPT-mt-Llama2-7B-LoRA,tfns,-10.175146102905273,0.3333333432674408,-10.175146102905273,0.3333333432674408,-10.175146102905273,0.3333333432674408
1823,Singapore’s Democratic Party Forced To Correct “Fake News” By Its Government,1,neutral,1,neutral,neutral,1,0,FinGPT-mt-Llama2-7B-LoRA,tfns,-10.13488483428955,0.3333333432674408,-10.13488483428955,0.3333333432674408,-10.13488483428955,0.3333333432674408
1824,"Sinn Fein surged to take 25% of the popular vote in Ireland's election on Saturday.

But the popular vote is not re… https://t.co/Q9lBBk9AsS",1,neutral,2,positive,positive,0,0,FinGPT-mt-Llama2-7B-LoRA,tfns,-9.949338912963867,0.3333333432674408,-9.949338912963867,0.3333333432674408,-9.949338912963867,0.3333333432674408
1825,Tory manifesto leaves door open to no-deal Brexit https://t.co/Qca426gTj9,1,neutral,1,neutral,neutral,1,0,FinGPT-mt-Llama2-7B-LoRA,tfns,-9.921365737915039,0.3333333432674408,-9.921365737915039,0.3333333432674408,-9.921365737915039,0.3333333432674408
1826,"Trump Attends Army-Navy Game, Tells Players to ‘Make a Fortune’",1,neutral,1,neutral,neutral,1,0,FinGPT-mt-Llama2-7B-LoRA,tfns,-9.873671531677246,0.3333333432674408,-9.873671531677246,0.3333333432674408,-9.873671531677246,0.3333333432674408
1827,Trump Budget Would Ax Loan Program Sought to Revive Lordstown Plant,1,neutral,0,negative,negative,0,0,FinGPT-mt-Llama2-7B-LoRA,tfns,-9.760758399963379,0.3333333432674408,-9.760758399963379,0.3333333432674408,-9.760758399963379,0.3333333432674408
1828,"Trump budget would cut loan program used by Tesla, Ford https://t.co/7MnkFWUnrp",1,neutral,0,negative,negative,0,0,FinGPT-mt-Llama2-7B-LoRA,tfns,-9.787956237792969,0.3333333432674408,-9.787956237792969,0.3333333432674408,-9.787956237792969,0.3333333432674408
1829,Trump Impeachment Win Clears Path for Emboldened President,1,neutral,2,positive,positive,0,0,FinGPT-mt-Llama2-7B-LoRA,tfns,-10.368939399719238,0.3333333432674408,-10.368939399719238,0.3333333432674408,-10.368939399719238,0.3333333432674408
1830,Trump is pitting public-health advocates against vaping proponents and tobacco executives in an unusual White House… https://t.co/WQXxSDufKW,1,neutral,1,neutral,neutral,1,0,FinGPT-mt-Llama2-7B-LoRA,tfns,-9.958232879638672,0.3333333432674408,-9.958232879638672,0.3333333432674408,-9.958232879638672,0.3333333432674408
1831,Trump is rolling back regulations enacted after industry disasters—setting off alarm bells with public safety advoc… https://t.co/kwqWfHZC2Z,1,neutral,0,negative,negative,0,0,FinGPT-mt-Llama2-7B-LoRA,tfns,-9.704437255859375,0.3333333432674408,-9.704437255859375,0.3333333432674408,-9.704437255859375,0.3333333432674408
1832,Trump Plays the Game of Gaming the Presidential Debates,1,neutral,1,neutral,neutral,1,0,FinGPT-mt-Llama2-7B-LoRA,tfns,-11.020872116088867,0.3333333432674408,-11.020872116088867,0.3333333432674408,-11.020872116088867,0.3333333432674408
1833,Trump questions the downsides of banning flavored e-cigarettes in heated meeting https://t.co/O6IdEw5BWm,1,neutral,1,neutral,neutral,1,0,FinGPT-mt-Llama2-7B-LoRA,tfns,-10.606252670288086,0.3333333432674408,-10.606252670288086,0.3333333432674408,-10.606252670288086,0.3333333432674408
1834,Trump said Secretary of State Michael Pompeo would “win in a landslide” if he runs for the U.S. Senate in Kansas https://t.co/wglRqHIeT8,1,neutral,1,neutral,neutral,1,0,FinGPT-mt-Llama2-7B-LoRA,tfns,-10.193392753601074,0.3333333432674408,-10.193392753601074,0.3333333432674408,-10.193392753601074,0.3333333432674408
1835,"Trump says his administration will determine an age for e-cigarette buys
https://t.co/8j5ZZJwZj9 https://t.co/dEsgbZJUKM",1,neutral,1,neutral,neutral,1,0,FinGPT-mt-Llama2-7B-LoRA,tfns,-10.833450317382812,0.3333333432674408,-10.833450317382812,0.3333333432674408,-10.833450317382812,0.3333333432674408
1836,Trump Says Mulvaney Will Remain as White House Chief of Staff,1,neutral,1,neutral,neutral,1,0,FinGPT-mt-Llama2-7B-LoRA,tfns,-10.296910285949707,0.3333333432674408,-10.296910285949707,0.3333333432674408,-10.296910285949707,0.3333333432674408
1837,Trump Tax Fight Faces New Urgency After Impeachment Acquittal,1,neutral,1,neutral,neutral,1,0,FinGPT-mt-Llama2-7B-LoRA,tfns,-9.751755714416504,0.3333333432674408,-9.751755714416504,0.3333333432674408,-9.751755714416504,0.3333333432674408
1838,Trump told the Treasury and Justice Departments to look into the impact of U.S. sanctions on Halkbank after being l… https://t.co/NZVl8GvLBE,1,neutral,1,neutral,neutral,1,0,FinGPT-mt-Llama2-7B-LoRA,tfns,-10.571529388427734,0.3333333432674408,-10.571529388427734,0.3333333432674408,-10.571529388427734,0.3333333432674408
1839,Trump will look to upstage Democrats by holding a campaign rally in New Hampshire a day before the state's primary https://t.co/TYePDRWOpx,1,neutral,1,neutral,neutral,1,0,FinGPT-mt-Llama2-7B-LoRA,tfns,-10.388848304748535,0.3333333432674408,-10.388848304748535,0.3333333432674408,-10.388848304748535,0.3333333432674408
1840,"Trump, Powell meet and talk about 'everything'",1,neutral,1,neutral,neutral,1,0,FinGPT-mt-Llama2-7B-LoRA,tfns,-9.915304183959961,0.3333333432674408,-9.915304183959961,0.3333333432674408,-9.915304183959961,0.3333333432674408
1841,Trump's Republican supporters may be less committed than they seem https://t.co/Ah8YjgksnW via @bopinion,1,neutral,1,neutral,neutral,1,0,FinGPT-mt-Llama2-7B-LoRA,tfns,-9.694793701171875,0.3333333432674408,-9.694793701171875,0.3333333432674408,-9.694793701171875,0.3333333432674408
1842,UK Conservatives turn fake news into a policy platform https://t.co/6pdqqTGplc,1,neutral,1,neutral,neutral,1,0,FinGPT-mt-Llama2-7B-LoRA,tfns,-10.533308982849121,0.3333333432674408,-10.533308982849121,0.3333333432674408,-10.533308982849121,0.3333333432674408
1843,UPDATE 1-Erdogan says he told Trump Turkey will not give up Russian S-400s,1,neutral,1,neutral,neutral,1,0,FinGPT-mt-Llama2-7B-LoRA,tfns,-9.908428192138672,0.3333333432674408,-9.908428192138672,0.3333333432674408,-9.908428192138672,0.3333333432674408
1844,"UPDATE 1-Former Goldman Sachs CEO pushes back on Warren's criticism, wealth tax",1,neutral,2,positive,positive,0,0,FinGPT-mt-Llama2-7B-LoRA,tfns,-9.745023727416992,0.3333333432674408,-9.745023727416992,0.3333333432674408,-9.745023727416992,0.3333333432674408
1845,"UPDATE 2-Twitter says Conservatives misled public, minister says voters ""don't give a toss""",1,neutral,0,negative,negative,0,0,FinGPT-mt-Llama2-7B-LoRA,tfns,-9.875953674316406,0.3333333432674408,-9.875953674316406,0.3333333432674408,-9.875953674316406,0.3333333432674408
1846,"Warren Plans to Crack Down on U.S. Shell Companies, Tax Evasion",1,neutral,0,negative,negative,0,0,FinGPT-mt-Llama2-7B-LoRA,tfns,-9.999428749084473,0.3333333432674408,-9.999428749084473,0.3333333432674408,-9.999428749084473,0.3333333432674408
1847,"Watch now: Sondland, U.S. ambassador to EU, testifies in impeachment hearing",1,neutral,1,neutral,neutral,1,0,FinGPT-mt-Llama2-7B-LoRA,tfns,-10.440116882324219,0.3333333432674408,-10.440116882324219,0.3333333432674408,-10.440116882324219,0.3333333432674408
1848,"Watch: Trump speaks on human trafficking amid coronavirus outbreak, impeachment trial https://t.co/E7C92PFxPz",1,neutral,1,neutral,neutral,1,0,FinGPT-mt-Llama2-7B-LoRA,tfns,-10.891194343566895,0.3333333432674408,-10.891194343566895,0.3333333432674408,-10.891194343566895,0.3333333432674408
1849,"What The ""Expert"" Panel Should Have Told You About Impeachment... But Didn't https://t.co/uEOSRZZlm6",1,neutral,1,neutral,neutral,1,0,FinGPT-mt-Llama2-7B-LoRA,tfns,-10.412436485290527,0.3333333432674408,-10.412436485290527,0.3333333432674408,-10.412436485290527,0.3333333432674408
1850,What's the relationship between @realDonaldTrump and @JustinTrudeau really like? @kevinolearytv has some thoughts:  https://t.co/TAU20ZbnmY,1,neutral,1,neutral,neutral,1,0,FinGPT-mt-Llama2-7B-LoRA,tfns,-10.886451721191406,0.3333333432674408,-10.886451721191406,0.3333333432674408,-10.886451721191406,0.3333333432674408
1851,Trump calls meeting with Powell 'very good' and 'cordial',1,neutral,2,positive,positive,0,0,FinGPT-mt-Llama2-7B-LoRA,tfns,-10.152865409851074,0.3333333432674408,-10.152865409851074,0.3333333432674408,-10.152865409851074,0.3333333432674408
1852,Trump Fed nominee Shelton hits bipartisan skepticism in Senate hearing #economy #MarketScreener… https://t.co/4n59nUtFe3,1,neutral,0,negative,negative,0,0,FinGPT-mt-Llama2-7B-LoRA,tfns,-9.53451919555664,0.3333333432674408,-9.53451919555664,0.3333333432674408,-9.53451919555664,0.3333333432674408
1853,White House adviser Larry Kudlow says he wants Fed to be bolder with rate cuts,1,neutral,2,positive,positive,0,0,FinGPT-mt-Llama2-7B-LoRA,tfns,-9.957395553588867,0.3333333432674408,-9.957395553588867,0.3333333432674408,-9.957395553588867,0.3333333432674408
1854,U.S. treasury secretary to seek additional $250 billion for small business #economy #MarketScreener… https://t.co/ph3JNP4W9h,1,neutral,1,neutral,neutral,1,0,FinGPT-mt-Llama2-7B-LoRA,tfns,-10.324548721313477,0.3333333432674408,-10.324548721313477,0.3333333432674408,-10.324548721313477,0.3333333432674408
1855,$DSKE - Daseke names Chris Easter as permanent CEO https://t.co/QMi50IDUJZ,1,neutral,1,neutral,neutral,1,0,FinGPT-mt-Llama2-7B-LoRA,tfns,-10.575702667236328,0.3333333432674408,-10.575702667236328,0.3333333432674408,-10.575702667236328,0.3333333432674408
1856,"$DZSI: DASAN Zhone Technologies names Tom Cancro CFO and Treasurer, effective December 2, 2019 https://t.co/RpranDXrQz",1,neutral,1,neutral,neutral,1,0,FinGPT-mt-Llama2-7B-LoRA,tfns,-10.651558876037598,0.3333333432674408,-10.651558876037598,0.3333333432674408,-10.651558876037598,0.3333333432674408
1857,$FTS - Fortis appoints David Hutchens as COO https://t.co/EXGlH8Xte1,1,neutral,1,neutral,neutral,1,0,FinGPT-mt-Llama2-7B-LoRA,tfns,-10.296483039855957,0.3333333432674408,-10.296483039855957,0.3333333432674408,-10.296483039855957,0.3333333432674408
1858,$GE: General Electric names Carolina Dybeck Happe CFO https://t.co/fTt0iYz8W4,1,neutral,1,neutral,neutral,1,0,FinGPT-mt-Llama2-7B-LoRA,tfns,-10.473922729492188,0.3333333432674408,-10.473922729492188,0.3333333432674408,-10.473922729492188,0.3333333432674408
1859,"$TGE: Tallgrass Energy appoints William Moler as CEO, effective immediately https://t.co/lewYjgEhSA",1,neutral,1,neutral,neutral,1,0,FinGPT-mt-Llama2-7B-LoRA,tfns,-10.392809867858887,0.3333333432674408,-10.392809867858887,0.3333333432674408,-10.392809867858887,0.3333333432674408
1860,Alliance Data taps new CEO from Citi,1,neutral,2,positive,positive,0,0,FinGPT-mt-Llama2-7B-LoRA,tfns,-10.245994567871094,0.3333333432674408,-10.245994567871094,0.3333333432674408,-10.245994567871094,0.3333333432674408
1861,Asia Pacific Foundation of Canada Welcomes Former New Brunswick Premier Brian Gallant to Board of Directors  https://t.co/OMcgWrDq05,1,neutral,2,positive,positive,0,0,FinGPT-mt-Llama2-7B-LoRA,tfns,-9.679819107055664,0.3333333432674408,-9.679819107055664,0.3333333432674408,-9.679819107055664,0.3333333432674408
1862,"Capital Environment : (1) RESIGNATION OF EXECUTIVE DIRECTOR, CHANGE OF THE CHAIRMAN, AUTHO... #CapitalEnvironment… https://t.co/govFU110Ti",1,neutral,1,neutral,neutral,1,0,FinGPT-mt-Llama2-7B-LoRA,tfns,-9.80440902709961,0.3333333432674408,-9.80440902709961,0.3333333432674408,-9.80440902709961,0.3333333432674408
1863,Carl Icahn plans to nominate a slate of 10 directors in an attempt to seize control of the board of U.S. oil and ga… https://t.co/JepE5qxI6U,1,neutral,1,neutral,neutral,1,0,FinGPT-mt-Llama2-7B-LoRA,tfns,-10.149857521057129,0.3333333432674408,-10.149857521057129,0.3333333432674408,-10.149857521057129,0.3333333432674408
1864,CNOOC appoints CEO,1,neutral,1,neutral,neutral,1,0,FinGPT-mt-Llama2-7B-LoRA,tfns,-10.19583797454834,0.3333333432674408,-10.19583797454834,0.3333333432674408,-10.19583797454834,0.3333333432674408
1865,Credit Suisse CEO Thiam Exits in Shock Reversal After Scandal,1,neutral,0,negative,negative,0,0,FinGPT-mt-Llama2-7B-LoRA,tfns,-10.15745735168457,0.3333333432674408,-10.15745735168457,0.3333333432674408,-10.15745735168457,0.3333333432674408
1866,David Dehaemers is stepping down as CEO of Tallgrass Energy https://t.co/wbGUhtwcIp,1,neutral,1,neutral,neutral,1,0,FinGPT-mt-Llama2-7B-LoRA,tfns,-10.38926887512207,0.3333333432674408,-10.38926887512207,0.3333333432674408,-10.38926887512207,0.3333333432674408
1867,"David McCormick, the ex-Army Ranger set to take full command at Bridgewater https://t.co/N4S13ZAJwK",1,neutral,1,neutral,neutral,1,0,FinGPT-mt-Llama2-7B-LoRA,tfns,-10.837324142456055,0.3333333432674408,-10.837324142456055,0.3333333432674408,-10.837324142456055,0.3333333432674408
1868,Erik Prince’s FSG Quits Mozambique Oil and Gas Logistics Venture,1,neutral,1,neutral,neutral,1,0,FinGPT-mt-Llama2-7B-LoRA,tfns,-10.132599830627441,0.3333333432674408,-10.132599830627441,0.3333333432674408,-10.132599830627441,0.3333333432674408
1869,February 13 will mark new Boeing CEO David Calhoun's first month at the helm of $BA. @JimCramer gives a progress re… https://t.co/ET9XW0FsuJ,1,neutral,1,neutral,neutral,1,0,FinGPT-mt-Llama2-7B-LoRA,tfns,-10.831503868103027,0.3333333432674408,-10.831503868103027,0.3333333432674408,-10.831503868103027,0.3333333432674408
1870,Fiesta Restaurant Group adds hedge fund exec to board,1,neutral,1,neutral,neutral,1,0,FinGPT-mt-Llama2-7B-LoRA,tfns,-10.462903022766113,0.3333333432674408,-10.462903022766113,0.3333333432674408,-10.462903022766113,0.3333333432674408
1871,First Reserve names two new managing directors in latest promotions,1,neutral,1,neutral,neutral,1,0,FinGPT-mt-Llama2-7B-LoRA,tfns,-9.917462348937988,0.3333333432674408,-9.917462348937988,0.3333333432674408,-9.917462348937988,0.3333333432674408
1872,"Ford names Jim Farley COO, Hinrichs to retire",1,neutral,1,neutral,neutral,1,0,FinGPT-mt-Llama2-7B-LoRA,tfns,-10.039121627807617,0.3333333432674408,-10.039121627807617,0.3333333432674408,-10.039121627807617,0.3333333432674408
1873,"Ford to name Jim  Farley COO, Hinrichs to retire: source",1,neutral,1,neutral,neutral,1,0,FinGPT-mt-Llama2-7B-LoRA,tfns,-10.850279808044434,0.3333333432674408,-10.850279808044434,0.3333333432674408,-10.850279808044434,0.3333333432674408
1874,GE brings in shipper Maersk's CFO as finance chief,1,neutral,1,neutral,neutral,1,0,FinGPT-mt-Llama2-7B-LoRA,tfns,-10.495685577392578,0.3333333432674408,-10.495685577392578,0.3333333432674408,-10.495685577392578,0.3333333432674408
1875,General Electric names Maersk CFO Carolina Dybeck Happe as its new CFO https://t.co/gfPLu09xuW,1,neutral,1,neutral,neutral,1,0,FinGPT-mt-Llama2-7B-LoRA,tfns,-10.554281234741211,0.3333333432674408,-10.554281234741211,0.3333333432674408,-10.554281234741211,0.3333333432674408
1876,GoDaddy announces board changes,1,neutral,1,neutral,neutral,1,0,FinGPT-mt-Llama2-7B-LoRA,tfns,-10.302186965942383,0.3333333432674408,-10.302186965942383,0.3333333432674408,-10.302186965942383,0.3333333432674408
1877,Hans Sauter Takes Over Global Sustainability Duties at Fresh Del Monte Produce,1,neutral,1,neutral,neutral,1,0,FinGPT-mt-Llama2-7B-LoRA,tfns,-10.45974349975586,0.3333333432674408,-10.45974349975586,0.3333333432674408,-10.45974349975586,0.3333333432674408
1878,International Business Machines : Correction to IBM's New Leadership Team #InternationalBusinessMachines #Stock... https://t.co/cd6Jmiss90,1,neutral,1,neutral,neutral,1,0,FinGPT-mt-Llama2-7B-LoRA,tfns,-10.265701293945312,0.3333333432674408,-10.265701293945312,0.3333333432674408,-10.265701293945312,0.3333333432674408
1879,Jefferies poaches more staff from CLSA to boost Asia expansion https://t.co/x2dQ6I9HM2,1,neutral,1,neutral,neutral,1,0,FinGPT-mt-Llama2-7B-LoRA,tfns,-9.90332317352295,0.3333333432674408,-9.90332317352295,0.3333333432674408,-9.90332317352295,0.3333333432674408
1880,Legere stepping down as T-Mobile CEO,1,neutral,1,neutral,neutral,1,0,FinGPT-mt-Llama2-7B-LoRA,tfns,-10.192275047302246,0.3333333432674408,-10.192275047302246,0.3333333432674408,-10.192275047302246,0.3333333432674408
1881,Libbey announces CFO transition,1,neutral,1,neutral,neutral,1,0,FinGPT-mt-Llama2-7B-LoRA,tfns,-10.356160163879395,0.3333333432674408,-10.356160163879395,0.3333333432674408,-10.356160163879395,0.3333333432674408
1882,"MedMen's CEO Resigned, and These Pot Stock CEOs Could Be Next",1,neutral,1,neutral,neutral,1,0,FinGPT-mt-Llama2-7B-LoRA,tfns,-9.880001068115234,0.3333333432674408,-9.880001068115234,0.3333333432674408,-9.880001068115234,0.3333333432674408
1883,MGP Adds James Hewlette to International Beverage Alcohol Sales Team   https://t.co/1wZFyOaWH4,1,neutral,1,neutral,neutral,1,0,FinGPT-mt-Llama2-7B-LoRA,tfns,-9.741074562072754,0.3333333432674408,-9.741074562072754,0.3333333432674408,-9.741074562072754,0.3333333432674408
1884,"Mike Sievert to become T-Mobile CEO on May 1, 2020",1,neutral,1,neutral,neutral,1,0,FinGPT-mt-Llama2-7B-LoRA,tfns,-10.258337020874023,0.3333333432674408,-10.258337020874023,0.3333333432674408,-10.258337020874023,0.3333333432674408
1885,"MOVES-Morgan Stanley hires former AIG executive to lead global support centers
https://t.co/ypYjW6jfYZ https://t.co/a6PKCsMonu",1,neutral,1,neutral,neutral,1,0,FinGPT-mt-Llama2-7B-LoRA,tfns,-10.154622077941895,0.3333333432674408,-10.154622077941895,0.3333333432674408,-10.154622077941895,0.3333333432674408
1886,Nombrado nuevo vicepresidente de la división de cadena de suministro del grupo Viking Malt,1,neutral,1,neutral,neutral,1,0,FinGPT-mt-Llama2-7B-LoRA,tfns,-10.280587196350098,0.3333333432674408,-10.280587196350098,0.3333333432674408,-10.280587196350098,0.3333333432674408
1887,"ReneSola names new CEO, CFO after departures",1,neutral,1,neutral,neutral,1,0,FinGPT-mt-Llama2-7B-LoRA,tfns,-10.67552661895752,0.3333333432674408,-10.67552661895752,0.3333333432674408,-10.67552661895752,0.3333333432674408
1888,Shilpa Bhatia Rejoins SpiceJet As Chief Commercial Officer After Five-Month Stint At IndiGo,1,neutral,1,neutral,neutral,1,0,FinGPT-mt-Llama2-7B-LoRA,tfns,-9.7852201461792,0.3333333432674408,-9.7852201461792,0.3333333432674408,-9.7852201461792,0.3333333432674408
1889,Six Sigma Metals : Experienced Board Addition & Appendix 3X #SixSigmaMetals #Stock #MarketScreener… https://t.co/GzmaLJyhFQ,1,neutral,1,neutral,neutral,1,0,FinGPT-mt-Llama2-7B-LoRA,tfns,-10.205756187438965,0.3333333432674408,-10.205756187438965,0.3333333432674408,-10.205756187438965,0.3333333432674408
1890,Sony : Amazon names Sony executive to lead entertainment unit - WSJ #Sony #Stock #MarketScreener… https://t.co/pYRE6UyCgV,1,neutral,1,neutral,neutral,1,0,FinGPT-mt-Llama2-7B-LoRA,tfns,-9.867918014526367,0.3333333432674408,-9.867918014526367,0.3333333432674408,-9.867918014526367,0.3333333432674408
1891,Spark Networks names new CEO,1,neutral,1,neutral,neutral,1,0,FinGPT-mt-Llama2-7B-LoRA,tfns,-10.088613510131836,0.3333333432674408,-10.088613510131836,0.3333333432674408,-10.088613510131836,0.3333333432674408
1892,"Sunniva President, Board Director Resign Weeks After CFO Departure",1,neutral,0,negative,negative,0,0,FinGPT-mt-Llama2-7B-LoRA,tfns,-9.718400955200195,0.3333333432674408,-9.718400955200195,0.3333333432674408,-9.718400955200195,0.3333333432674408
1893,Tesla Loses Its Third General Counsel in the Course of a Year,1,neutral,0,negative,negative,0,0,FinGPT-mt-Llama2-7B-LoRA,tfns,-10.0175199508667,0.3333333432674408,-10.0175199508667,0.3333333432674408,-10.0175199508667,0.3333333432674408
1894,UMH Properties names Taft operating chief,1,neutral,1,neutral,neutral,1,0,FinGPT-mt-Llama2-7B-LoRA,tfns,-10.78467082977295,0.3333333432674408,-10.78467082977295,0.3333333432674408,-10.78467082977295,0.3333333432674408
1895,WP Engine Designa a Lisa Box Vicepresidenta SÃƒÂ©nior de Desarrollo Corporativo,1,neutral,1,neutral,neutral,1,0,FinGPT-mt-Llama2-7B-LoRA,tfns,-10.46592903137207,0.3333333432674408,-10.46592903137207,0.3333333432674408,-10.46592903137207,0.3333333432674408
1896,Xinjiang Xinxin Mining Industry : ANNOUNCEMENT - RESIGNATION OF GENERAL MANAGER  #Stock #MarketScreener… https://t.co/t6FBv4Yu7G,1,neutral,1,neutral,neutral,1,0,FinGPT-mt-Llama2-7B-LoRA,tfns,-9.625852584838867,0.3333333432674408,-9.625852584838867,0.3333333432674408,-9.625852584838867,0.3333333432674408
1897,$BEN - Franklin Resources drops after November AUM signals 'red alert' https://t.co/9iC6zMxMXy,0,negative,0,negative,negative,1,0,FinGPT-mt-Llama2-7B-LoRA,tfns,-10.145805358886719,0.3333333432674408,-10.145805358886719,0.3333333432674408,-10.145805358886719,0.3333333432674408
1898,$F - Ford's Value Has Tanked: Recovery Looks Poor. https://t.co/cLVJUCwNbt #economy #stocks #markets,0,negative,0,negative,negative,1,0,FinGPT-mt-Llama2-7B-LoRA,tfns,-9.826446533203125,0.3333333432674408,-9.826446533203125,0.3333333432674408,-9.826446533203125,0.3333333432674408
1899,$HYG - A Segment Of Junk Bonds Signals Stress. Continue reading: https://t.co/gQjqOhANgD #stockmarket #investing #trading,0,negative,0,negative,negative,1,0,FinGPT-mt-Llama2-7B-LoRA,tfns,-9.901701927185059,0.3333333432674408,-9.901701927185059,0.3333333432674408,-9.901701927185059,0.3333333432674408
1900,$TALKX: Market Briefing: Downshift https://t.co/CBPbBbxMjS,0,negative,0,negative,negative,1,0,FinGPT-mt-Llama2-7B-LoRA,tfns,-9.801085472106934,0.3333333432674408,-9.801085472106934,0.3333333432674408,-9.801085472106934,0.3333333432674408
1901,$TIF $LVMHF - Luxury sector shakeup sends investors scrambling https://t.co/IWVWNxN0hy,0,negative,0,negative,negative,1,0,FinGPT-mt-Llama2-7B-LoRA,tfns,-10.034919738769531,0.3333333432674408,-10.034919738769531,0.3333333432674408,-10.034919738769531,0.3333333432674408
1902,$TSLA short 🤣,0,negative,0,negative,negative,1,0,FinGPT-mt-Llama2-7B-LoRA,tfns,-9.708730697631836,0.3333333432674408,-9.708730697631836,0.3333333432674408,-9.708730697631836,0.3333333432674408
1903,"$TWLO - Yes, This Is An Unpopular Opinion: Twilio Is Overvalued. https://t.co/PCCPSLJaCP #markets #finance #stocks",0,negative,0,negative,negative,1,0,FinGPT-mt-Llama2-7B-LoRA,tfns,-9.786784172058105,0.3333333432674408,-9.786784172058105,0.3333333432674408,-9.786784172058105,0.3333333432674408
1904,$XLU - XLU Weekly: The Relief Rally From 43.44s Stalls At 58.09s. https://t.co/0QF67WMAAr #investing #markets #economy,0,negative,0,negative,negative,1,0,FinGPT-mt-Llama2-7B-LoRA,tfns,-9.459001541137695,0.3333333432674408,-9.459001541137695,0.3333333432674408,-9.459001541137695,0.3333333432674408
1905,Companies Like Juggernaut Exploration (CVE:JUGR) Can Be Considered Quite Risky,0,negative,0,negative,negative,1,0,FinGPT-mt-Llama2-7B-LoRA,tfns,-9.728941917419434,0.3333333432674408,-9.728941917419434,0.3333333432674408,-9.728941917419434,0.3333333432674408
1906,Credit Woes Come Calling For The South Africa ETF,0,negative,0,negative,negative,1,0,FinGPT-mt-Llama2-7B-LoRA,tfns,-10.011857032775879,0.3333333432674408,-10.011857032775879,0.3333333432674408,-10.011857032775879,0.3333333432674408
1907,Dow heavyweight Boeing ending strong decade with whimper,0,negative,2,positive,positive,0,0,FinGPT-mt-Llama2-7B-LoRA,tfns,-9.82072639465332,0.3333333432674408,-9.82072639465332,0.3333333432674408,-9.82072639465332,0.3333333432674408
1908,Elon Musk Loses $5.9 Billion as Tesla Succumbs to the Laws of Gravity,0,negative,0,negative,negative,1,0,FinGPT-mt-Llama2-7B-LoRA,tfns,-9.795625686645508,0.3333333432674408,-9.795625686645508,0.3333333432674408,-9.795625686645508,0.3333333432674408
1909,"GlobalData : H&M's recovery derailed by COVID-19, says GlobalData #GlobalData #Stock #MarketScreener… https://t.co/oAkK0CkWFZ",0,negative,0,negative,negative,1,0,FinGPT-mt-Llama2-7B-LoRA,tfns,-9.865958213806152,0.3333333432674408,-9.865958213806152,0.3333333432674408,-9.865958213806152,0.3333333432674408
1910,Hedge Funds Are Dumping Capital Senior Living Corporation (CSU),0,negative,0,negative,negative,1,0,FinGPT-mt-Llama2-7B-LoRA,tfns,-10.073143005371094,0.3333333432674408,-10.073143005371094,0.3333333432674408,-10.073143005371094,0.3333333432674408
1911,Hedge Funds Are Dumping UMB Financial Corporation (UMBF),0,negative,0,negative,negative,1,0,FinGPT-mt-Llama2-7B-LoRA,tfns,-10.07387924194336,0.3333333432674408,-10.07387924194336,0.3333333432674408,-10.07387924194336,0.3333333432674408
1912,Hedge Funds Are Selling Genco Shipping & Trading Limited (GNK),0,negative,0,negative,negative,1,0,FinGPT-mt-Llama2-7B-LoRA,tfns,-10.140222549438477,0.3333333432674408,-10.140222549438477,0.3333333432674408,-10.140222549438477,0.3333333432674408
1913,Hedge Funds Are Selling InVitae Corporation (NVTA),0,negative,0,negative,negative,1,0,FinGPT-mt-Llama2-7B-LoRA,tfns,-10.254735946655273,0.3333333432674408,-10.254735946655273,0.3333333432674408,-10.254735946655273,0.3333333432674408
1914,Hedge Funds Are Selling PennyMac Financial Services Inc (PFSI),0,negative,0,negative,negative,1,0,FinGPT-mt-Llama2-7B-LoRA,tfns,-10.143006324768066,0.3333333432674408,-10.143006324768066,0.3333333432674408,-10.143006324768066,0.3333333432674408
1915,Hedge Funds Aren’t Crazy About eGain Communications Corporation (EGAN) Anymore,0,negative,0,negative,negative,1,0,FinGPT-mt-Llama2-7B-LoRA,tfns,-9.986687660217285,0.3333333432674408,-9.986687660217285,0.3333333432674408,-9.986687660217285,0.3333333432674408
1916,Hedge Funds Aren’t Crazy About Titan Machinery Inc. (TITN) Anymore,0,negative,0,negative,negative,1,0,FinGPT-mt-Llama2-7B-LoRA,tfns,-10.09514331817627,0.3333333432674408,-10.09514331817627,0.3333333432674408,-10.09514331817627,0.3333333432674408
1917,Here's Why Zogenix Took a Tumble Today,0,negative,0,negative,negative,1,0,FinGPT-mt-Llama2-7B-LoRA,tfns,-9.982283592224121,0.3333333432674408,-9.982283592224121,0.3333333432674408,-9.982283592224121,0.3333333432674408
1918,"Introducing Hitech & Development Wireless Sweden Holding (STO:HDW B), The Stock That Slid 60% In The Last Year",0,negative,0,negative,negative,1,0,FinGPT-mt-Llama2-7B-LoRA,tfns,-9.626509666442871,0.3333333432674408,-9.626509666442871,0.3333333432674408,-9.626509666442871,0.3333333432674408
1919,Investors Who Bought Elanco Animal Health (NYSE:ELAN) Shares A Year Ago Are Now Down 23%,0,negative,0,negative,negative,1,0,FinGPT-mt-Llama2-7B-LoRA,tfns,-9.92269229888916,0.3333333432674408,-9.92269229888916,0.3333333432674408,-9.92269229888916,0.3333333432674408
1920,Look to go short $ES if it goes offered below 3107.50 or if the a.m. open is below 3107.50 and goes offered below t… https://t.co/YM6WBkERZ3,0,negative,0,negative,negative,1,0,FinGPT-mt-Llama2-7B-LoRA,tfns,-9.964441299438477,0.3333333432674408,-9.964441299438477,0.3333333432674408,-9.964441299438477,0.3333333432674408
1921,"RECAP 12/10 Unusual Puts:
$ITCI Jan 6 P
$AAPL Jan 240 P
$FXB Dec 123 P
$JD Jan 31 P
$NLOK Dec 26 P
$PDD Apr 35 P… https://t.co/pUqu2jUDbi",0,negative,0,negative,negative,1,0,FinGPT-mt-Llama2-7B-LoRA,tfns,-9.083592414855957,0.3333333432674408,-9.083592414855957,0.3333333432674408,-9.083592414855957,0.3333333432674408
1922,"Sensex, Nifty Halt Four-Day Gaining Streak As RIL, HDFC Drag",0,negative,0,negative,negative,1,0,FinGPT-mt-Llama2-7B-LoRA,tfns,-10.216756820678711,0.3333333432674408,-10.216756820678711,0.3333333432674408,-10.216756820678711,0.3333333432674408
1923,Why Carnival Stock Lost 14% in January,0,negative,0,negative,negative,1,0,FinGPT-mt-Llama2-7B-LoRA,tfns,-9.972949028015137,0.3333333432674408,-9.972949028015137,0.3333333432674408,-9.972949028015137,0.3333333432674408
1924,$ACST adding. Big catalyst coming up very soon. Stock has been under accumulation. CaPre (TRILOGY 1 and 2) Hypertri... https://t.co/0ZJuIuHVN9,2,positive,2,positive,positive,1,0,FinGPT-mt-Llama2-7B-LoRA,tfns,-10.20328140258789,0.3333333432674408,-10.20328140258789,0.3333333432674408,-10.20328140258789,0.3333333432674408
1925,$AIKI my position remains intact. Buying dips.,2,positive,2,positive,positive,1,0,FinGPT-mt-Llama2-7B-LoRA,tfns,-10.184900283813477,0.3333333432674408,-10.184900283813477,0.3333333432674408,-10.184900283813477,0.3333333432674408
1926,$AMZN - Amazon: One Of The Best Long-Term Investment In The Tech Sector. https://t.co/zC79wifAYj #finance #investing #stocks,2,positive,2,positive,positive,1,0,FinGPT-mt-Llama2-7B-LoRA,tfns,-10.375736236572266,0.3333333432674408,-10.375736236572266,0.3333333432674408,-10.375736236572266,0.3333333432674408
1927,"$BOXL buyers into the close, nice !!!",2,positive,2,positive,positive,1,0,FinGPT-mt-Llama2-7B-LoRA,tfns,-10.416669845581055,0.3333333432674408,-10.416669845581055,0.3333333432674408,-10.416669845581055,0.3333333432674408
1928,$BOXL loading up again !!! Last month K Laser Technology reported 30.2% Stake. https://t.co/Gd2jtkHBJE,2,positive,2,positive,positive,1,0,FinGPT-mt-Llama2-7B-LoRA,tfns,-10.791741371154785,0.3333333432674408,-10.791741371154785,0.3333333432674408,-10.791741371154785,0.3333333432674408
1929,$BOXL nice start !!!! $PDSB still accumulating.,2,positive,2,positive,positive,1,0,FinGPT-mt-Llama2-7B-LoRA,tfns,-10.719143867492676,0.3333333432674408,-10.719143867492676,0.3333333432674408,-10.719143867492676,0.3333333432674408
1930,$BPTH buy the dip.,2,positive,2,positive,positive,1,0,FinGPT-mt-Llama2-7B-LoRA,tfns,-10.35654354095459,0.3333333432674408,-10.35654354095459,0.3333333432674408,-10.35654354095459,0.3333333432674408
1931,$BURL certainly isn't looking shabby https://t.co/3AqvmOgZuG,2,positive,2,positive,positive,1,0,FinGPT-mt-Llama2-7B-LoRA,tfns,-10.661649703979492,0.3333333432674408,-10.661649703979492,0.3333333432674408,-10.661649703979492,0.3333333432674408
1932,$CAT - Caterpillar's Expected Dividend Hike And Buybacks Will Push The Stock Higher. https://t.co/zMJ0Ol3g2w #markets #business #economy,2,positive,2,positive,positive,1,0,FinGPT-mt-Llama2-7B-LoRA,tfns,-10.760611534118652,0.3333333432674408,-10.760611534118652,0.3333333432674408,-10.760611534118652,0.3333333432674408
1933,"$CERN - Cerner: Undervalued, Wide Moat, Dominant. Read more: https://t.co/4KImEZVaU1 #finance #markets #economy",2,positive,2,positive,positive,1,0,FinGPT-mt-Llama2-7B-LoRA,tfns,-10.192560195922852,0.3333333432674408,-10.192560195922852,0.3333333432674408,-10.192560195922852,0.3333333432674408
1934,"$CIFS could squeeze over 1 , im long and will add + on the break of the pivot level.",2,positive,2,positive,positive,1,0,FinGPT-mt-Llama2-7B-LoRA,tfns,-10.658966064453125,0.3333333432674408,-10.658966064453125,0.3333333432674408,-10.658966064453125,0.3333333432674408
1935,$CPHI here is the technical chart. With some buying volume this China play could soar just like $YGYI https://t.co/tEbpZIklHz,2,positive,2,positive,positive,1,0,FinGPT-mt-Llama2-7B-LoRA,tfns,-10.701828956604004,0.3333333432674408,-10.701828956604004,0.3333333432674408,-10.701828956604004,0.3333333432674408
1936,$DG 52-week high,2,positive,2,positive,positive,1,0,FinGPT-mt-Llama2-7B-LoRA,tfns,-10.23070240020752,0.3333333432674408,-10.23070240020752,0.3333333432674408,-10.23070240020752,0.3333333432674408
1937,$EDNT great news this morning. Taking some before it explodes higher. NEWS: Edison Nation is Pleased to Announce th… https://t.co/ADTMS9D2ID,2,positive,2,positive,positive,1,0,FinGPT-mt-Llama2-7B-LoRA,tfns,-9.825439453125,0.3333333432674408,-9.825439453125,0.3333333432674408,-9.825439453125,0.3333333432674408
1938,$FSUMF - FMG Offers Compelling Valuation And Dividend Yield (8%-10%). https://t.co/n8z87Sz8E5 #stockmarket #stocks #business,2,positive,2,positive,positive,1,0,FinGPT-mt-Llama2-7B-LoRA,tfns,-10.059467315673828,0.3333333432674408,-10.059467315673828,0.3333333432674408,-10.059467315673828,0.3333333432674408
1939,$GDEN $ERI $MGM - Casino sector attracts some bets https://t.co/XjKy1M0CLb,2,positive,2,positive,positive,1,0,FinGPT-mt-Llama2-7B-LoRA,tfns,-9.748411178588867,0.3333333432674408,-9.748411178588867,0.3333333432674408,-9.748411178588867,0.3333333432674408
1940,$GLD $SLV - Gold & Silver Update: December May Be A Bottom. Read more: https://t.co/c0d06nlqQJ #trading #finance #stocks,2,positive,2,positive,positive,1,0,FinGPT-mt-Llama2-7B-LoRA,tfns,-10.735777854919434,0.3333333432674408,-10.735777854919434,0.3333333432674408,-10.735777854919434,0.3333333432674408
1941,$MAR - Marriott seen running up 20% gain https://t.co/fTmRowMRLP,2,positive,2,positive,positive,1,0,FinGPT-mt-Llama2-7B-LoRA,tfns,-10.65577220916748,0.3333333432674408,-10.65577220916748,0.3333333432674408,-10.65577220916748,0.3333333432674408
1942,"$MYOV is breaking out in pre-market, but we neeed more volume to confirm.",2,positive,2,positive,positive,1,0,FinGPT-mt-Llama2-7B-LoRA,tfns,-9.694239616394043,0.3333333432674408,-9.694239616394043,0.3333333432674408,-9.694239616394043,0.3333333432674408
1943,$NIO nice breakout this morning. Next stop 2.46 https://t.co/rLdY9c1rw2,2,positive,2,positive,positive,1,0,FinGPT-mt-Llama2-7B-LoRA,tfns,-10.598812103271484,0.3333333432674408,-10.598812103271484,0.3333333432674408,-10.598812103271484,0.3333333432674408
1944,$NYMT out 1.82 from $1.60 @here,2,positive,1,neutral,neutral,0,0,FinGPT-mt-Llama2-7B-LoRA,tfns,-9.732239723205566,0.3333333432674408,-9.732239723205566,0.3333333432674408,-9.732239723205566,0.3333333432674408
1945,$PACD taking some. Risky but chart looks perfect for a bounce. I like this as a sympathy play off today's BORR move… https://t.co/yL5AlslU3R,2,positive,2,positive,positive,1,0,FinGPT-mt-Llama2-7B-LoRA,tfns,-10.117627143859863,0.3333333432674408,-10.117627143859863,0.3333333432674408,-10.117627143859863,0.3333333432674408
1946,$RH clears prior high of 192 after gapping up over its 50-day on volume. On watch how it acts around 200. https://t.co/sF9WRJc7Bo,2,positive,2,positive,positive,1,0,FinGPT-mt-Llama2-7B-LoRA,tfns,-10.3060302734375,0.3333333432674408,-10.3060302734375,0.3333333432674408,-10.3060302734375,0.3333333432674408
1947,$SINT volume Alert !! Big buy blocks. Momentum is coming back to this name. First pivot 50c https://t.co/MU2uyO5JFT,2,positive,2,positive,positive,1,0,FinGPT-mt-Llama2-7B-LoRA,tfns,-10.972352981567383,0.3333333432674408,-10.972352981567383,0.3333333432674408,-10.972352981567383,0.3333333432674408
1948,$SINT woke up !!!! New HOD,2,positive,2,positive,positive,1,0,FinGPT-mt-Llama2-7B-LoRA,tfns,-9.605184555053711,0.3333333432674408,-9.605184555053711,0.3333333432674408,-9.605184555053711,0.3333333432674408
1949,$SKYY - First Trust Cloud Computing ETF Should Benefit From Near-Term Surge In Demand Due To COVID-19.… https://t.co/8KCBxqqonH,2,positive,2,positive,positive,1,0,FinGPT-mt-Llama2-7B-LoRA,tfns,-10.946110725402832,0.3333333432674408,-10.946110725402832,0.3333333432674408,-10.946110725402832,0.3333333432674408
1950,$SOLO could fuel shares of $WKHS,2,positive,2,positive,positive,1,0,FinGPT-mt-Llama2-7B-LoRA,tfns,-10.35940933227539,0.3333333432674408,-10.35940933227539,0.3333333432674408,-10.35940933227539,0.3333333432674408
1951,$SRNE Took some. Love the news.,2,positive,2,positive,positive,1,0,FinGPT-mt-Llama2-7B-LoRA,tfns,-10.297418594360352,0.3333333432674408,-10.297418594360352,0.3333333432674408,-10.297418594360352,0.3333333432674408
1952,$STZ - Time To Reach For Constellation Brands During The Coronavirus. https://t.co/6M1lRZZRyC #trading #business #economy,2,positive,2,positive,positive,1,0,FinGPT-mt-Llama2-7B-LoRA,tfns,-9.729247093200684,0.3333333432674408,-9.729247093200684,0.3333333432674408,-9.729247093200684,0.3333333432674408
1953,$T - AT&T: An Attractive Options Strategy For The Coming Months. https://t.co/9LcAGrHWSL #economy #markets #stocks,2,positive,2,positive,positive,1,0,FinGPT-mt-Llama2-7B-LoRA,tfns,-9.946990013122559,0.3333333432674408,-9.946990013122559,0.3333333432674408,-9.946990013122559,0.3333333432674408
1954,$TOPS Wow..... Morgan Stanley 13G 6.7%,2,positive,1,neutral,neutral,0,0,FinGPT-mt-Llama2-7B-LoRA,tfns,-10.129249572753906,0.3333333432674408,-10.129249572753906,0.3333333432674408,-10.129249572753906,0.3333333432674408
1955,"$TOT - Total: Solid Quarter, Continuing To Execute On Growth Story. Continue reading: https://t.co/FyeVpp7mbO #investing #economy #finance",2,positive,2,positive,positive,1,0,FinGPT-mt-Llama2-7B-LoRA,tfns,-10.252028465270996,0.3333333432674408,-10.252028465270996,0.3333333432674408,-10.252028465270996,0.3333333432674408
1956,"$TSM - Taiwan Semiconductor: Visibility May Be Limited In The Near-Term, But Long-Term Growth Outlook Is Favorable.… https://t.co/8CxDEK114Z",2,positive,2,positive,positive,1,0,FinGPT-mt-Llama2-7B-LoRA,tfns,-9.27694320678711,0.3333333432674408,-9.27694320678711,0.3333333432674408,-9.27694320678711,0.3333333432674408
1957,$TXN highs out of a long base and above 8 and 21 MAs,2,positive,2,positive,positive,1,0,FinGPT-mt-Llama2-7B-LoRA,tfns,-10.533327102661133,0.3333333432674408,-10.533327102661133,0.3333333432674408,-10.533327102661133,0.3333333432674408
1958,$WRK - WestRock: Strong Tailwinds Supporting The Bull Thesis Despite COVID-19. https://t.co/3IHSi3Thle #trading #stockmarket #economy,2,positive,2,positive,positive,1,0,FinGPT-mt-Llama2-7B-LoRA,tfns,-10.552963256835938,0.3333333432674408,-10.552963256835938,0.3333333432674408,-10.552963256835938,0.3333333432674408
1959,$YEXT - Yext: A Coronavirus Bull Case. https://t.co/7wlZOFGRu6 #trading #business #stocks,2,positive,2,positive,positive,1,0,FinGPT-mt-Llama2-7B-LoRA,tfns,-10.544611930847168,0.3333333432674408,-10.544611930847168,0.3333333432674408,-10.544611930847168,0.3333333432674408
1960,"$Z strong close, nice candle as nears breakout",2,positive,2,positive,positive,1,0,FinGPT-mt-Llama2-7B-LoRA,tfns,-10.597705841064453,0.3333333432674408,-10.597705841064453,0.3333333432674408,-10.597705841064453,0.3333333432674408
1961,“It’s my biggest holding.” Mark Cuban says he has nearly $1 billion in Amazon stock. https://t.co/5OLyDMTAdb,2,positive,2,positive,positive,1,0,FinGPT-mt-Llama2-7B-LoRA,tfns,-9.61123275756836,0.3333333432674408,-9.61123275756836,0.3333333432674408,-9.61123275756836,0.3333333432674408
1962,"9:45 am (it's early) $SPY 272.99 1,520 STOCKS are up from the open vs 1,700  that are down from the open. $IWM 116.87",2,positive,2,positive,positive,1,0,FinGPT-mt-Llama2-7B-LoRA,tfns,-9.715312957763672,0.3333333432674408,-9.715312957763672,0.3333333432674408,-9.715312957763672,0.3333333432674408
1963,"A Rising Share Price Has Us Looking Closely At Fortinet, Inc.'s (NASDAQ:FTNT) P/E Ratio",2,positive,2,positive,positive,1,0,FinGPT-mt-Llama2-7B-LoRA,tfns,-9.730729103088379,0.3333333432674408,-9.730729103088379,0.3333333432674408,-9.730729103088379,0.3333333432674408
1964,A Rising Share Price Has Us Looking Closely At Vipshop Holdings Limited's (NYSE:VIPS) P/E Ratio,2,positive,2,positive,positive,1,0,FinGPT-mt-Llama2-7B-LoRA,tfns,-10.162704467773438,0.3333333432674408,-10.162704467773438,0.3333333432674408,-10.162704467773438,0.3333333432674408
1965,added $MRK Feb 90/Dec 90.50 Call Diagonals,2,positive,2,positive,positive,1,0,FinGPT-mt-Llama2-7B-LoRA,tfns,-10.248363494873047,0.3333333432674408,-10.248363494873047,0.3333333432674408,-10.248363494873047,0.3333333432674408
1966,Amazon is becoming a go-to for bulls - here's the chart now https://t.co/S86h9k7xuI,2,positive,2,positive,positive,1,0,FinGPT-mt-Llama2-7B-LoRA,tfns,-10.482551574707031,0.3333333432674408,-10.482551574707031,0.3333333432674408,-10.482551574707031,0.3333333432674408
1967,"Beyond Meat among the stocks set to benefit from ongoing pork shortage, Bernstein says",2,positive,2,positive,positive,1,0,FinGPT-mt-Llama2-7B-LoRA,tfns,-10.659103393554688,0.3333333432674408,-10.659103393554688,0.3333333432674408,-10.659103393554688,0.3333333432674408
1968,ChartTrader's recent $YMm0 short took off for a +700 pt gain in less than 30 minutes. Learn more and #tradesmarter… https://t.co/1JiBaAV8ji,2,positive,2,positive,positive,1,0,FinGPT-mt-Llama2-7B-LoRA,tfns,-9.790997505187988,0.3333333432674408,-9.790997505187988,0.3333333432674408,-9.790997505187988,0.3333333432674408
1969,Ethereum (ETH) Price May Soon Surge 50%: Here’s Why - Ethereum World News,2,positive,2,positive,positive,1,0,FinGPT-mt-Llama2-7B-LoRA,tfns,-10.597968101501465,0.3333333432674408,-10.597968101501465,0.3333333432674408,-10.597968101501465,0.3333333432674408
1970,Firan Technology Group Corporation (TSE:FTG) Is Employing Capital Very Effectively,2,positive,1,neutral,neutral,0,0,FinGPT-mt-Llama2-7B-LoRA,tfns,-9.86156177520752,0.3333333432674408,-9.86156177520752,0.3333333432674408,-9.86156177520752,0.3333333432674408
1971,GE’s ‘Beat-and-Raise Story’ Leads Longtime Skeptic to Upgrade,2,positive,2,positive,positive,1,0,FinGPT-mt-Llama2-7B-LoRA,tfns,-10.663848876953125,0.3333333432674408,-10.663848876953125,0.3333333432674408,-10.663848876953125,0.3333333432674408
1972,Hedge Funds Are Betting On Catchmark Timber Trust Inc (CTT),2,positive,2,positive,positive,1,0,FinGPT-mt-Llama2-7B-LoRA,tfns,-10.602676391601562,0.3333333432674408,-10.602676391601562,0.3333333432674408,-10.602676391601562,0.3333333432674408
1973,Hedge Funds Are Buying Costamare Inc (CMRE),2,positive,2,positive,positive,1,0,FinGPT-mt-Llama2-7B-LoRA,tfns,-10.543947219848633,0.3333333432674408,-10.543947219848633,0.3333333432674408,-10.543947219848633,0.3333333432674408
1974,"Hedge Funds Are Optimistic About Merck & Co., Inc. (MRK)",2,positive,2,positive,positive,1,0,FinGPT-mt-Llama2-7B-LoRA,tfns,-10.660501480102539,0.3333333432674408,-10.660501480102539,0.3333333432674408,-10.660501480102539,0.3333333432674408
1975,Hedge Funds Have Never Been More Bullish On ADMA Biologics Inc (ADMA),2,positive,2,positive,positive,1,0,FinGPT-mt-Llama2-7B-LoRA,tfns,-10.844250679016113,0.3333333432674408,-10.844250679016113,0.3333333432674408,-10.844250679016113,0.3333333432674408
1976,Hedge Funds Have Never Been More Bullish On BioSpecifics Technologies Corp. (BSTC),2,positive,2,positive,positive,1,0,FinGPT-mt-Llama2-7B-LoRA,tfns,-10.967174530029297,0.3333333432674408,-10.967174530029297,0.3333333432674408,-10.967174530029297,0.3333333432674408
1977,"Hedge Funds Have Never Been More Bullish On New York Mortgage Trust, Inc. (NYMT)",2,positive,2,positive,positive,1,0,FinGPT-mt-Llama2-7B-LoRA,tfns,-10.903620719909668,0.3333333432674408,-10.903620719909668,0.3333333432674408,-10.903620719909668,0.3333333432674408
1978,"Hedge Funds Have Never Been This Bullish On Hallmark Financial Services, Inc. (HALL)",2,positive,2,positive,positive,1,0,FinGPT-mt-Llama2-7B-LoRA,tfns,-11.028834342956543,0.3333333432674408,-11.028834342956543,0.3333333432674408,-11.028834342956543,0.3333333432674408
1979,Hedge Funds Have Never Been This Bullish On North American Construction Group Ltd. (NOA),2,positive,2,positive,positive,1,0,FinGPT-mt-Llama2-7B-LoRA,tfns,-10.846061706542969,0.3333333432674408,-10.846061706542969,0.3333333432674408,-10.846061706542969,0.3333333432674408
1980,Here comes the bounce $LK,2,positive,2,positive,positive,1,0,FinGPT-mt-Llama2-7B-LoRA,tfns,-10.17417049407959,0.3333333432674408,-10.17417049407959,0.3333333432674408,-10.17417049407959,0.3333333432674408
1981,Here's what has stocks surging midday: https://t.co/9Jg08tQs6j,2,positive,2,positive,positive,1,0,FinGPT-mt-Llama2-7B-LoRA,tfns,-9.949714660644531,0.3333333432674408,-9.949714660644531,0.3333333432674408,-9.949714660644531,0.3333333432674408
1982,Home Depot stock is still a good investment despite rare misstep: analysts,2,positive,2,positive,positive,1,0,FinGPT-mt-Llama2-7B-LoRA,tfns,-10.074716567993164,0.3333333432674408,-10.074716567993164,0.3333333432674408,-10.074716567993164,0.3333333432674408
1983,https://t.co/LKXMOP3zNK Inc. was on course to exceed $1 trillion in market value again after results beat expectati... https://t.co/4tiFA4prdg,2,positive,2,positive,positive,1,0,FinGPT-mt-Llama2-7B-LoRA,tfns,-10.547284126281738,0.3333333432674408,-10.547284126281738,0.3333333432674408,-10.547284126281738,0.3333333432674408
1984,"If You Had Bought AXA (EPA:CS) Stock Five Years Ago, You Could Pocket A 33% Gain Today",2,positive,2,positive,positive,1,0,FinGPT-mt-Llama2-7B-LoRA,tfns,-10.668749809265137,0.3333333432674408,-10.668749809265137,0.3333333432674408,-10.668749809265137,0.3333333432674408
1985,"If You Had Bought Century Communities (NYSE:CCS) Stock Five Years Ago, You Could Pocket A 61% Gain Today",2,positive,2,positive,positive,1,0,FinGPT-mt-Llama2-7B-LoRA,tfns,-10.484055519104004,0.3333333432674408,-10.484055519104004,0.3333333432674408,-10.484055519104004,0.3333333432674408
1986,Industrials with nice bull flags breaking out today $EMR $ZBRA $PH $SWK,2,positive,2,positive,positive,1,0,FinGPT-mt-Llama2-7B-LoRA,tfns,-10.658915519714355,0.3333333432674408,-10.658915519714355,0.3333333432674408,-10.658915519714355,0.3333333432674408
1987,Investors Who Bought Profile Systems & Software A.E (ATH:PROF) Shares Three Years Ago Are Now Up 739%,2,positive,2,positive,positive,1,0,FinGPT-mt-Llama2-7B-LoRA,tfns,-10.66413402557373,0.3333333432674408,-10.66413402557373,0.3333333432674408,-10.66413402557373,0.3333333432674408
1988,Investors Who Bought Zogenix (NASDAQ:ZGNX) Shares Five Years Ago Are Now Up 411%,2,positive,2,positive,positive,1,0,FinGPT-mt-Llama2-7B-LoRA,tfns,-10.723172187805176,0.3333333432674408,-10.723172187805176,0.3333333432674408,-10.723172187805176,0.3333333432674408
1989,Knoll (NYSE:KNL) Has A Pretty Healthy Balance Sheet,2,positive,2,positive,positive,1,0,FinGPT-mt-Llama2-7B-LoRA,tfns,-9.869235038757324,0.3333333432674408,-9.869235038757324,0.3333333432674408,-9.869235038757324,0.3333333432674408
1990,"Prudential Financial, Inc. Just Beat EPS By 11%: Here's What Analysts Think Will Happen Next",2,positive,2,positive,positive,1,0,FinGPT-mt-Llama2-7B-LoRA,tfns,-10.546713829040527,0.3333333432674408,-10.546713829040527,0.3333333432674408,-10.546713829040527,0.3333333432674408
1991,Publicis Groupe (EPA:PUB) Has A Pretty Healthy Balance Sheet,2,positive,2,positive,positive,1,0,FinGPT-mt-Llama2-7B-LoRA,tfns,-10.146160125732422,0.3333333432674408,-10.146160125732422,0.3333333432674408,-10.146160125732422,0.3333333432674408
1992,"RECAP 12/10 +Pos Comments:
$HUYA + Hedgeye
$TSLA + Rosenblatt
$TXMD + CJS
$INFY + BofAML",2,positive,2,positive,positive,1,0,FinGPT-mt-Llama2-7B-LoRA,tfns,-10.503215789794922,0.3333333432674408,-10.503215789794922,0.3333333432674408,-10.503215789794922,0.3333333432674408
1993,Scalp Trader's recent $CVNA swing long ripped higher for a +90% gain in just one week. Learn more and #tradesmarter… https://t.co/w5NlaycODq,2,positive,2,positive,positive,1,0,FinGPT-mt-Llama2-7B-LoRA,tfns,-10.245256423950195,0.3333333432674408,-10.245256423950195,0.3333333432674408,-10.245256423950195,0.3333333432674408
1994,"Shareholders Are Loving LeMaitre Vascular, Inc.'s (NASDAQ:LMAT) 1.0% Yield",2,positive,2,positive,positive,1,0,FinGPT-mt-Llama2-7B-LoRA,tfns,-10.206870079040527,0.3333333432674408,-10.206870079040527,0.3333333432674408,-10.206870079040527,0.3333333432674408
1995,Stock Market Update: Apple continues to outperform,2,positive,2,positive,positive,1,0,FinGPT-mt-Llama2-7B-LoRA,tfns,-10.412816047668457,0.3333333432674408,-10.412816047668457,0.3333333432674408,-10.412816047668457,0.3333333432674408
1996,Stock Market Update: Apple supplier Synaptics impresses investors,2,positive,2,positive,positive,1,0,FinGPT-mt-Llama2-7B-LoRA,tfns,-10.78436279296875,0.3333333432674408,-10.78436279296875,0.3333333432674408,-10.78436279296875,0.3333333432674408
1997,Stock Traders Are Dumping Virus Hedges After ‘Peak Fear’ Passes,2,positive,0,negative,negative,0,0,FinGPT-mt-Llama2-7B-LoRA,tfns,-10.09000301361084,0.3333333432674408,-10.09000301361084,0.3333333432674408,-10.09000301361084,0.3333333432674408
1998,"Tesla $TSLA with 1400 January 2022 $1280 calls bought to open $33.50 to $36 for around $5M

And with that, I am off... https://t.co/uiJ0iHFoUw",2,positive,2,positive,positive,1,0,FinGPT-mt-Llama2-7B-LoRA,tfns,-10.196850776672363,0.3333333432674408,-10.196850776672363,0.3333333432674408,-10.196850776672363,0.3333333432674408
1999,The Bull Case for Shopify Stock Is More Relevant Than Ever,2,positive,2,positive,positive,1,0,FinGPT-mt-Llama2-7B-LoRA,tfns,-10.482439041137695,0.3333333432674408,-10.482439041137695,0.3333333432674408,-10.482439041137695,0.3333333432674408
2000,The Knight-Swift Transportation Holdings (NYSE:KNX) Share Price Is Up 16% And Shareholders Are Holding On,2,positive,2,positive,positive,1,0,FinGPT-mt-Llama2-7B-LoRA,tfns,-10.5418701171875,0.3333333432674408,-10.5418701171875,0.3333333432674408,-10.5418701171875,0.3333333432674408
2001,The Maxim Integrated Products (NASDAQ:MXIM) Share Price Has Gained 100% And Shareholders Are Hoping For More,2,positive,2,positive,positive,1,0,FinGPT-mt-Llama2-7B-LoRA,tfns,-10.478924751281738,0.3333333432674408,-10.478924751281738,0.3333333432674408,-10.478924751281738,0.3333333432674408
2002,We have been following $PGNY closely all week; added it to our Buy Alert list on Tuesday. Today it's ripping to new… https://t.co/BFM1RLzOjG,2,positive,2,positive,positive,1,0,FinGPT-mt-Llama2-7B-LoRA,tfns,-10.703652381896973,0.3333333432674408,-10.703652381896973,0.3333333432674408,-10.703652381896973,0.3333333432674408
2003,Why Capri Holdings Is a Buy This Season,2,positive,2,positive,positive,1,0,FinGPT-mt-Llama2-7B-LoRA,tfns,-10.363765716552734,0.3333333432674408,-10.363765716552734,0.3333333432674408,-10.363765716552734,0.3333333432674408
2004,"Why Ebix, Inc. (NASDAQ:EBIX) Should Be In Your Dividend Portfolio",2,positive,1,neutral,neutral,0,0,FinGPT-mt-Llama2-7B-LoRA,tfns,-10.571004867553711,0.3333333432674408,-10.571004867553711,0.3333333432674408,-10.571004867553711,0.3333333432674408
2005,Why Has Cree’s Revenue Jumped 40% In The Past 2 Years?,2,positive,2,positive,positive,1,0,FinGPT-mt-Llama2-7B-LoRA,tfns,-10.598871231079102,0.3333333432674408,-10.598871231079102,0.3333333432674408,-10.598871231079102,0.3333333432674408
2006,Why Shares of TransDigm Group Soared in January,2,positive,2,positive,positive,1,0,FinGPT-mt-Llama2-7B-LoRA,tfns,-10.477559089660645,0.3333333432674408,-10.477559089660645,0.3333333432674408,-10.477559089660645,0.3333333432674408
2007,Why Snap Stock Jumped Today,2,positive,2,positive,positive,1,0,FinGPT-mt-Llama2-7B-LoRA,tfns,-10.293255805969238,0.3333333432674408,-10.293255805969238,0.3333333432674408,-10.293255805969238,0.3333333432674408
2008,Why Visa's Stock Price Could Keep Rising,2,positive,2,positive,positive,1,0,FinGPT-mt-Llama2-7B-LoRA,tfns,-10.418286323547363,0.3333333432674408,-10.418286323547363,0.3333333432674408,-10.418286323547363,0.3333333432674408
2009,"Why You Should Like Aena S.M.E., S.A.’s (BME:AENA) ROCE",2,positive,2,positive,positive,1,0,FinGPT-mt-Llama2-7B-LoRA,tfns,-10.267477989196777,0.3333333432674408,-10.267477989196777,0.3333333432674408,-10.267477989196777,0.3333333432674408
2010,"With EPS Growth And More, Robertet (EPA:RBT) Is Interesting",2,positive,2,positive,positive,1,0,FinGPT-mt-Llama2-7B-LoRA,tfns,-10.484326362609863,0.3333333432674408,-10.484326362609863,0.3333333432674408,-10.484326362609863,0.3333333432674408
2011,$ACRGF - Acreage Holdings: The Best Investment In The Cannabis Space. Subscribe to Seeking Alpha for more:… https://t.co/qmq8yM9GFa,1,neutral,2,positive,positive,0,0,FinGPT-mt-Llama2-7B-LoRA,tfns,-9.651322364807129,0.3333333432674408,-9.651322364807129,0.3333333432674408,-9.651322364807129,0.3333333432674408
2012,$CEI Long-term chart. Everything is possible here. Full of shorts. Can run 400% like in July or doing nothing. But… https://t.co/JJMEup4XH3,1,neutral,1,neutral,neutral,1,0,FinGPT-mt-Llama2-7B-LoRA,tfns,-9.901174545288086,0.3333333432674408,-9.901174545288086,0.3333333432674408,-9.901174545288086,0.3333333432674408
2013,$CEI non stop ion after-hours. $GBR deserves some attention,1,neutral,2,positive,positive,0,0,FinGPT-mt-Llama2-7B-LoRA,tfns,-10.53811264038086,0.3333333432674408,-10.53811264038086,0.3333333432674408,-10.53811264038086,0.3333333432674408
2014,"$CLLS took profits here .. 

Maybe they'll get bought out soon .. that's what happens lol https://t.co/CnPQQKSZpk",1,neutral,2,positive,positive,0,0,FinGPT-mt-Llama2-7B-LoRA,tfns,-9.267580032348633,0.3333333432674408,-9.267580032348633,0.3333333432674408,-9.267580032348633,0.3333333432674408
2015,"$DAN - Dana Slogging Through Some End-Market Challenges, But The Longer-Term Outlook Is Better. Continue reading:… https://t.co/Yhw34F3a2O",1,neutral,1,neutral,neutral,1,0,FinGPT-mt-Llama2-7B-LoRA,tfns,-10.224771499633789,0.3333333432674408,-10.224771499633789,0.3333333432674408,-10.224771499633789,0.3333333432674408
2016,$DNKN - Dunkin' Brands: A Long-Term Analysis. Follow this and any other stock on Seeking Alpha!… https://t.co/5C75MjETME,1,neutral,1,neutral,neutral,1,0,FinGPT-mt-Llama2-7B-LoRA,tfns,-10.775712013244629,0.3333333432674408,-10.775712013244629,0.3333333432674408,-10.775712013244629,0.3333333432674408
2017,$EB - Eventbrite Needs To Find Acquisitions. Get more info on Seeking Alpha: https://t.co/O3GeF4Q2TE #trading #stockmarket #economy,1,neutral,1,neutral,neutral,1,0,FinGPT-mt-Llama2-7B-LoRA,tfns,-10.479201316833496,0.3333333432674408,-10.479201316833496,0.3333333432674408,-10.479201316833496,0.3333333432674408
2018,$ES equilibrium is 3107.50-3108  Long if either open is above 3108 and goes bid above the open. Look for some resis… https://t.co/ifVCk5Vh6r,1,neutral,2,positive,positive,0,0,FinGPT-mt-Llama2-7B-LoRA,tfns,-10.160998344421387,0.3333333432674408,-10.160998344421387,0.3333333432674408,-10.160998344421387,0.3333333432674408
2019,$ES_F $SPY https://t.co/BJ5eisxxwe,1,neutral,1,neutral,neutral,1,0,FinGPT-mt-Llama2-7B-LoRA,tfns,-10.790263175964355,0.3333333432674408,-10.790263175964355,0.3333333432674408,-10.790263175964355,0.3333333432674408
2020,$GDP - Goodrich Petroleum Corp.: A Solid Play. https://t.co/spGL5EIBuG #stockmarket #economy #stocks,1,neutral,2,positive,positive,0,0,FinGPT-mt-Llama2-7B-LoRA,tfns,-10.494154930114746,0.3333333432674408,-10.494154930114746,0.3333333432674408,-10.494154930114746,0.3333333432674408
2021,"$GOOG $GOOGL - Alphabet: Flying Right To $1,700. Read more and get updates on any stock! https://t.co/cdftwzEnYJ #economy #finance #markets",1,neutral,2,positive,positive,0,0,FinGPT-mt-Llama2-7B-LoRA,tfns,-10.581172943115234,0.3333333432674408,-10.581172943115234,0.3333333432674408,-10.581172943115234,0.3333333432674408
2022,$GPRO strong action.,1,neutral,2,positive,positive,0,0,FinGPT-mt-Llama2-7B-LoRA,tfns,-10.602829933166504,0.3333333432674408,-10.602829933166504,0.3333333432674408,-10.602829933166504,0.3333333432674408
2023,"$HSIC 
Brought to my attention by fellow AOT member @Radim7204 !
Really liking how this one is setting up going int… https://t.co/jcQsKjL6Ok",1,neutral,1,neutral,neutral,1,0,FinGPT-mt-Llama2-7B-LoRA,tfns,-10.347511291503906,0.3333333432674408,-10.347511291503906,0.3333333432674408,-10.347511291503906,0.3333333432674408
2024,$IRM - Iron Mountain Building A Fortress With Data Centers. Sign up for updates on Seeking Alpha!… https://t.co/M4VPqzEtJq,1,neutral,2,positive,positive,0,0,FinGPT-mt-Llama2-7B-LoRA,tfns,-9.588570594787598,0.3333333432674408,-9.588570594787598,0.3333333432674408,-9.588570594787598,0.3333333432674408
2025,"$JCP - J.C. Penney: Q3 Impresses, But Headwinds Remain. Get more updates here: https://t.co/nRuoADTjLN #business #trading #markets",1,neutral,1,neutral,neutral,1,0,FinGPT-mt-Llama2-7B-LoRA,tfns,-10.020164489746094,0.3333333432674408,-10.020164489746094,0.3333333432674408,-10.020164489746094,0.3333333432674408
2026,$KERN guess what? Great alert this week....... https://t.co/6aNynTGnoP,1,neutral,1,neutral,neutral,1,0,FinGPT-mt-Llama2-7B-LoRA,tfns,-10.782135963439941,0.3333333432674408,-10.782135963439941,0.3333333432674408,-10.782135963439941,0.3333333432674408
2027,$KRUS fresh breakout and at resistance. https://t.co/alBaL6qf4i,1,neutral,2,positive,positive,0,0,FinGPT-mt-Llama2-7B-LoRA,tfns,-10.78132152557373,0.3333333432674408,-10.78132152557373,0.3333333432674408,-10.78132152557373,0.3333333432674408
2028,$LB: L Brands feeling mall-based pressure https://t.co/qdD9K6QOy9,1,neutral,0,negative,negative,0,0,FinGPT-mt-Llama2-7B-LoRA,tfns,-10.034968376159668,0.3333333432674408,-10.034968376159668,0.3333333432674408,-10.034968376159668,0.3333333432674408
2029,$LK $NTES $PDD - NetEase's Bright 2020; Pinduoduo Is No Luckin Coffee. Continue reading: https://t.co/CTznXqFM0n… https://t.co/TCLXHfhCjf,1,neutral,2,positive,positive,0,0,FinGPT-mt-Llama2-7B-LoRA,tfns,-9.524104118347168,0.3333333432674408,-9.524104118347168,0.3333333432674408,-9.524104118347168,0.3333333432674408
2030,$MAXR - How To Play Both Sides Of The Maxar Technologies Recovery Story. Subscribe to Seeking Alpha for more:… https://t.co/OYzd6jPzfC,1,neutral,1,neutral,neutral,1,0,FinGPT-mt-Llama2-7B-LoRA,tfns,-10.730188369750977,0.3333333432674408,-10.730188369750977,0.3333333432674408,-10.730188369750977,0.3333333432674408
2031,$MTB - M&T Bank: Too Soon To Call The Turn. Read more and get updates on any stock! https://t.co/Ys82ZwdFPl #business #economy #stocks,1,neutral,1,neutral,neutral,1,0,FinGPT-mt-Llama2-7B-LoRA,tfns,-10.300604820251465,0.3333333432674408,-10.300604820251465,0.3333333432674408,-10.300604820251465,0.3333333432674408
2032,$MTN - Vail Resorts missing snow in early part of season https://t.co/K76oI960UO,1,neutral,0,negative,negative,0,0,FinGPT-mt-Llama2-7B-LoRA,tfns,-9.943502426147461,0.3333333432674408,-9.943502426147461,0.3333333432674408,-9.943502426147461,0.3333333432674408
2033,"$NVDA $UBER - Beware The Ides Of December, Current Events Should Boost Markets Now; Sell Uber And Tesla. Get more u… https://t.co/BcYnGhPTG3",1,neutral,1,neutral,neutral,1,0,FinGPT-mt-Llama2-7B-LoRA,tfns,-9.787528038024902,0.3333333432674408,-9.787528038024902,0.3333333432674408,-9.787528038024902,0.3333333432674408
2034,"$OPGN took a big position for next week. Early this month. CVI Investments, Inc. purchased 200k shares. https://t.co/7y83Nbob1Z",1,neutral,2,positive,positive,0,0,FinGPT-mt-Llama2-7B-LoRA,tfns,-9.58618450164795,0.3333333432674408,-9.58618450164795,0.3333333432674408,-9.58618450164795,0.3333333432674408
2035,$PFG - Principal Financial Group: The Beaten Down Giant. Follow this and any other stock on Seeking Alpha!… https://t.co/BtTxNYCCmJ,1,neutral,1,neutral,neutral,1,0,FinGPT-mt-Llama2-7B-LoRA,tfns,-10.803804397583008,0.3333333432674408,-10.803804397583008,0.3333333432674408,-10.803804397583008,0.3333333432674408
2036,"$PIXY with just 1.1M shares float, if volume comes in again , the bounce could be explosive. U know how this stock works. Great entry point.",1,neutral,2,positive,positive,0,0,FinGPT-mt-Llama2-7B-LoRA,tfns,-10.486837387084961,0.3333333432674408,-10.486837387084961,0.3333333432674408,-10.486837387084961,0.3333333432674408
2037,$PLNT $PTON - Gym-off trade unwinds a bit https://t.co/6KQrxKSjLE,1,neutral,1,neutral,neutral,1,0,FinGPT-mt-Llama2-7B-LoRA,tfns,-9.916277885437012,0.3333333432674408,-9.916277885437012,0.3333333432674408,-9.916277885437012,0.3333333432674408
2038,$PLUG - Plug Power Raises Some Much-Needed Cash - The Right Move At The Right Time. Read more:… https://t.co/8u9YMYHnLp,1,neutral,2,positive,positive,0,0,FinGPT-mt-Llama2-7B-LoRA,tfns,-10.619190216064453,0.3333333432674408,-10.619190216064453,0.3333333432674408,-10.619190216064453,0.3333333432674408
2039,$RF - Regions Financial On Target With Its Conservative Approach. Subscribe to Seeking Alpha for more:… https://t.co/0XIItIX3aB,1,neutral,2,positive,positive,0,0,FinGPT-mt-Llama2-7B-LoRA,tfns,-9.773119926452637,0.3333333432674408,-9.773119926452637,0.3333333432674408,-9.773119926452637,0.3333333432674408
2040,$RTTR waking up !!!!!!!!!!,1,neutral,2,positive,positive,0,0,FinGPT-mt-Llama2-7B-LoRA,tfns,-10.243215560913086,0.3333333432674408,-10.243215560913086,0.3333333432674408,-10.243215560913086,0.3333333432674408
2041,$SCANX: Stocks/ETFs that traded to new 52 week highs/lows this session - New highs (37) outpacing new lows (30) https://t.co/mozUwgcLn9,1,neutral,2,positive,positive,0,0,FinGPT-mt-Llama2-7B-LoRA,tfns,-9.922589302062988,0.3333333432674408,-9.922589302062988,0.3333333432674408,-9.922589302062988,0.3333333432674408
2042,$SCANX: Today's most active stocks https://t.co/fEt4nYC2bE,1,neutral,1,neutral,neutral,1,0,FinGPT-mt-Llama2-7B-LoRA,tfns,-10.898385047912598,0.3333333432674408,-10.898385047912598,0.3333333432674408,-10.898385047912598,0.3333333432674408
2043,$SCHV - SCHV: Volatility Reminds Me To Stay Focused On Value. https://t.co/rTJ55Qtu22 #stockmarket #stocks #business,1,neutral,1,neutral,neutral,1,0,FinGPT-mt-Llama2-7B-LoRA,tfns,-10.901769638061523,0.3333333432674408,-10.901769638061523,0.3333333432674408,-10.901769638061523,0.3333333432674408
2044,$SE tried to break above its 38 cup pivot but was unable to clear it. It continues to consolidate around its earnin… https://t.co/3EDbxL0qB4,1,neutral,0,negative,negative,0,0,FinGPT-mt-Llama2-7B-LoRA,tfns,-9.748749732971191,0.3333333432674408,-9.748749732971191,0.3333333432674408,-9.748749732971191,0.3333333432674408
2045,$SIVR - SIVR Weekly: Spec Short-Covering More Than Offsets ETF Profit-Taking. Keep reading: https://t.co/loj6ZeIs4G… https://t.co/aVPpngWYd1,1,neutral,0,negative,negative,0,0,FinGPT-mt-Llama2-7B-LoRA,tfns,-9.42258358001709,0.3333333432674408,-9.42258358001709,0.3333333432674408,-9.42258358001709,0.3333333432674408
2046,$SPY $AAPL $ZM,1,neutral,1,neutral,neutral,1,0,FinGPT-mt-Llama2-7B-LoRA,tfns,-9.727127075195312,0.3333333432674408,-9.727127075195312,0.3333333432674408,-9.727127075195312,0.3333333432674408
2047,$SPY $AMTD $SCHW $EBAY,1,neutral,2,positive,positive,0,0,FinGPT-mt-Llama2-7B-LoRA,tfns,-9.629549026489258,0.3333333432674408,-9.629549026489258,0.3333333432674408,-9.629549026489258,0.3333333432674408
2048,$SPY $IWM $TNA - Small caps aim to retake some ground https://t.co/lRTT9N8kdA,1,neutral,2,positive,positive,0,0,FinGPT-mt-Llama2-7B-LoRA,tfns,-10.848113059997559,0.3333333432674408,-10.848113059997559,0.3333333432674408,-10.848113059997559,0.3333333432674408
2049,$SPY $XLF $XLI $XLV $XLK $XLRE $XLU $XLY $TSLA,1,neutral,1,neutral,neutral,1,0,FinGPT-mt-Llama2-7B-LoRA,tfns,-10.359695434570312,0.3333333432674408,-10.359695434570312,0.3333333432674408,-10.359695434570312,0.3333333432674408
2050,$SPY been my road map for the overall market.  Oscillators looking for a full unwind/reset?  Would be healthy and s... https://t.co/u1L0z7i71A,1,neutral,1,neutral,neutral,1,0,FinGPT-mt-Llama2-7B-LoRA,tfns,-9.177066802978516,0.3333333432674408,-9.177066802978516,0.3333333432674408,-9.177066802978516,0.3333333432674408
2051,$SRAX what a call !!! https://t.co/MVNBcRTTjP,1,neutral,2,positive,positive,0,0,FinGPT-mt-Llama2-7B-LoRA,tfns,-10.309389114379883,0.3333333432674408,-10.309389114379883,0.3333333432674408,-10.309389114379883,0.3333333432674408
2052,$TQQQ - TQQQ: No Risk No Reward. https://t.co/K6xMoV7bMM #economy #business #stocks,1,neutral,0,negative,negative,0,0,FinGPT-mt-Llama2-7B-LoRA,tfns,-9.285844802856445,0.3333333432674408,-9.285844802856445,0.3333333432674408,-9.285844802856445,0.3333333432674408
2053,$UDIRF $UDIRY - An Acquisition Of Tele Columbus Makes Sense For United Internet AG. Follow this and any other stock… https://t.co/Ue7x1kVSlW,1,neutral,2,positive,positive,0,0,FinGPT-mt-Llama2-7B-LoRA,tfns,-10.08917236328125,0.3333333432674408,-10.08917236328125,0.3333333432674408,-10.08917236328125,0.3333333432674408
2054,$VZ - Verizon Communications: Featured Stock In November's Safest Dividend Yields Model Portfolio. Sign up for upda… https://t.co/Y7lMkLQQ7a,1,neutral,2,positive,positive,0,0,FinGPT-mt-Llama2-7B-LoRA,tfns,-10.004300117492676,0.3333333432674408,-10.004300117492676,0.3333333432674408,-10.004300117492676,0.3333333432674408
2055,"$WEBK $KLXE $SNDE - TRNX, YEXT, BIG and CGIX among midday movers https://t.co/ZHa4KS7iks",1,neutral,1,neutral,neutral,1,0,FinGPT-mt-Llama2-7B-LoRA,tfns,-10.47515869140625,0.3333333432674408,-10.47515869140625,0.3333333432674408,-10.47515869140625,0.3333333432674408
2056,$XSLV - The Low Vol Mix In The New 60/40. https://t.co/iceGLtsIvz #trading #stocks #stockmarket,1,neutral,1,neutral,neutral,1,0,FinGPT-mt-Llama2-7B-LoRA,tfns,-9.895929336547852,0.3333333432674408,-9.895929336547852,0.3333333432674408,-9.895929336547852,0.3333333432674408
2057,$XYL - Xylem: Headwinds To Continue Over Several Quarters. Read more and sign up for updates:… https://t.co/uD2LB5E7NG,1,neutral,0,negative,negative,0,0,FinGPT-mt-Llama2-7B-LoRA,tfns,-9.689477920532227,0.3333333432674408,-9.689477920532227,0.3333333432674408,-9.689477920532227,0.3333333432674408
2058,"“It is all about liquidity for Uber and Lyft,” @p_ferragu tells @TheStreet’s @nelwang $UBER $LYFT https://t.co/dDsaSSzb82",1,neutral,1,neutral,neutral,1,0,FinGPT-mt-Llama2-7B-LoRA,tfns,-10.1753511428833,0.3333333432674408,-10.1753511428833,0.3333333432674408,-10.1753511428833,0.3333333432674408
2059,10 Most Heavily Traded ETFs of 2019,1,neutral,1,neutral,neutral,1,0,FinGPT-mt-Llama2-7B-LoRA,tfns,-10.824868202209473,0.3333333432674408,-10.824868202209473,0.3333333432674408,-10.824868202209473,0.3333333432674408
2060,11 Foreign Stocks With The Lowest Earnings Multiples,1,neutral,1,neutral,neutral,1,0,FinGPT-mt-Llama2-7B-LoRA,tfns,-10.598670959472656,0.3333333432674408,-10.598670959472656,0.3333333432674408,-10.598670959472656,0.3333333432674408
2061,2 Days To Buy 3M Company (NYSE:MMM) Before The Ex-Dividend Date,1,neutral,2,positive,positive,0,0,FinGPT-mt-Llama2-7B-LoRA,tfns,-9.916104316711426,0.3333333432674408,-9.916104316711426,0.3333333432674408,-9.916104316711426,0.3333333432674408
2062,2 Top Small-Cap Stocks to Buy In February,1,neutral,1,neutral,neutral,1,0,FinGPT-mt-Llama2-7B-LoRA,tfns,-10.788134574890137,0.3333333432674408,-10.788134574890137,0.3333333432674408,-10.788134574890137,0.3333333432674408
2063,3 Great Semiconductor Stocks to Invest In for 2020,1,neutral,2,positive,positive,0,0,FinGPT-mt-Llama2-7B-LoRA,tfns,-9.997246742248535,0.3333333432674408,-9.997246742248535,0.3333333432674408,-9.997246742248535,0.3333333432674408
2064,3 Lord Abbett Funds to Snap Up Now,1,neutral,2,positive,positive,0,0,FinGPT-mt-Llama2-7B-LoRA,tfns,-10.542093276977539,0.3333333432674408,-10.542093276977539,0.3333333432674408,-10.542093276977539,0.3333333432674408
2065,3 Stocks to Enhance the Quality of Your Portfolio,1,neutral,1,neutral,neutral,1,0,FinGPT-mt-Llama2-7B-LoRA,tfns,-10.78883171081543,0.3333333432674408,-10.78883171081543,0.3333333432674408,-10.78883171081543,0.3333333432674408
2066,3 Surprising Stocks Hitting New Lows Last Week,1,neutral,0,negative,negative,0,0,FinGPT-mt-Llama2-7B-LoRA,tfns,-9.919766426086426,0.3333333432674408,-9.919766426086426,0.3333333432674408,-9.919766426086426,0.3333333432674408
2067,3 Top Small-Cap Stocks to Buy in February,1,neutral,1,neutral,neutral,1,0,FinGPT-mt-Llama2-7B-LoRA,tfns,-10.674760818481445,0.3333333432674408,-10.674760818481445,0.3333333432674408,-10.674760818481445,0.3333333432674408
2068,"3M : Science, Technology & Sustainability Committee #3M #Stock #MarketScreener https://t.co/v00aEuNutb https://t.co/wMEmDMgf3i",1,neutral,1,neutral,neutral,1,0,FinGPT-mt-Llama2-7B-LoRA,tfns,-10.649632453918457,0.3333333432674408,-10.649632453918457,0.3333333432674408,-10.649632453918457,0.3333333432674408
2069,40% YTD Return On 18 Stocks: Andersen Capital Mgmt. (Radio),1,neutral,2,positive,positive,0,0,FinGPT-mt-Llama2-7B-LoRA,tfns,-9.731776237487793,0.3333333432674408,-9.731776237487793,0.3333333432674408,-9.731776237487793,0.3333333432674408
2070,42 Stocks Moving In Tuesday's Mid-Day Session,1,neutral,1,neutral,neutral,1,0,FinGPT-mt-Llama2-7B-LoRA,tfns,-11.077653884887695,0.3333333432674408,-11.077653884887695,0.3333333432674408,-11.077653884887695,0.3333333432674408
2071,5 Cheap Dividend Stocks With High Yields And Annual Increases,1,neutral,1,neutral,neutral,1,0,FinGPT-mt-Llama2-7B-LoRA,tfns,-10.56635570526123,0.3333333432674408,-10.56635570526123,0.3333333432674408,-10.56635570526123,0.3333333432674408
2072,5 Stocks With January Bounce-Back Potential,1,neutral,2,positive,positive,0,0,FinGPT-mt-Llama2-7B-LoRA,tfns,-10.425089836120605,0.3333333432674408,-10.425089836120605,0.3333333432674408,-10.425089836120605,0.3333333432674408
2073,6 Guru Stocks Beating the Market,1,neutral,1,neutral,neutral,1,0,FinGPT-mt-Llama2-7B-LoRA,tfns,-9.792819023132324,0.3333333432674408,-9.792819023132324,0.3333333432674408,-9.792819023132324,0.3333333432674408
2074,"8 Stocks To Watch For December 12, 2019",1,neutral,1,neutral,neutral,1,0,FinGPT-mt-Llama2-7B-LoRA,tfns,-10.888592720031738,0.3333333432674408,-10.888592720031738,0.3333333432674408,-10.888592720031738,0.3333333432674408
2075,A Note On Metro Inc.'s (TSE:MRU) ROE and Debt To Equity,1,neutral,1,neutral,neutral,1,0,FinGPT-mt-Llama2-7B-LoRA,tfns,-10.770515441894531,0.3333333432674408,-10.770515441894531,0.3333333432674408,-10.770515441894531,0.3333333432674408
2076,Add Up The Parts: The First Trust Large Cap Value AlphaDEX Fund ETF Could Be Worth $62,1,neutral,2,positive,positive,0,0,FinGPT-mt-Llama2-7B-LoRA,tfns,-10.603936195373535,0.3333333432674408,-10.603936195373535,0.3333333432674408,-10.603936195373535,0.3333333432674408
2077,ADTRAN (NASDAQ:ADTN) Has Debt But No Earnings; Should You Worry?,1,neutral,1,neutral,neutral,1,0,FinGPT-mt-Llama2-7B-LoRA,tfns,-10.272488594055176,0.3333333432674408,-10.272488594055176,0.3333333432674408,-10.272488594055176,0.3333333432674408
2078,AEMD,1,neutral,1,neutral,neutral,1,0,FinGPT-mt-Llama2-7B-LoRA,tfns,-10.40776252746582,0.3333333432674408,-10.40776252746582,0.3333333432674408,-10.40776252746582,0.3333333432674408
2079,Amazon investors ignore these facts in the $1 trillion market cap frenzy https://t.co/7ifHd44bj3 by @BrianSozzi https://t.co/490crLdUXa,1,neutral,1,neutral,neutral,1,0,FinGPT-mt-Llama2-7B-LoRA,tfns,-10.257784843444824,0.3333333432674408,-10.257784843444824,0.3333333432674408,-10.257784843444824,0.3333333432674408
2080,Anyone catching any of this Gap and Run? And I’m not talking about an Inside Gap which means absolutely nothing. On… https://t.co/ROI0JBYpBf,1,neutral,1,neutral,neutral,1,0,FinGPT-mt-Llama2-7B-LoRA,tfns,-10.403446197509766,0.3333333432674408,-10.403446197509766,0.3333333432674408,-10.403446197509766,0.3333333432674408
2081,Are Investors Undervaluing Public Joint Stock Company Magnit (MCX:MGNT) By 28%?,1,neutral,1,neutral,neutral,1,0,FinGPT-mt-Llama2-7B-LoRA,tfns,-10.511537551879883,0.3333333432674408,-10.511537551879883,0.3333333432674408,-10.511537551879883,0.3333333432674408
2082,Are Investors Undervaluing Scientific Games Corporation (NASDAQ:SGMS) By 45%?,1,neutral,1,neutral,neutral,1,0,FinGPT-mt-Llama2-7B-LoRA,tfns,-10.280440330505371,0.3333333432674408,-10.280440330505371,0.3333333432674408,-10.280440330505371,0.3333333432674408
2083,Are Kinross Gold Corporation’s (TSE:K) High Returns Really That Great?,1,neutral,1,neutral,neutral,1,0,FinGPT-mt-Llama2-7B-LoRA,tfns,-10.061434745788574,0.3333333432674408,-10.061434745788574,0.3333333432674408,-10.061434745788574,0.3333333432674408
2084,Best Stocks for 2020: Energy Transfer Is Poised for an Epic Rally,1,neutral,2,positive,positive,0,0,FinGPT-mt-Llama2-7B-LoRA,tfns,-10.538118362426758,0.3333333432674408,-10.538118362426758,0.3333333432674408,-10.538118362426758,0.3333333432674408
2085,Best Stocks for 2020: Housing Trend Will Boost PennyMac Financial,1,neutral,2,positive,positive,0,0,FinGPT-mt-Llama2-7B-LoRA,tfns,-10.601451873779297,0.3333333432674408,-10.601451873779297,0.3333333432674408,-10.601451873779297,0.3333333432674408
2086,Better Buy: AbbVie vs. Merck,1,neutral,2,positive,positive,0,0,FinGPT-mt-Llama2-7B-LoRA,tfns,-9.664108276367188,0.3333333432674408,-9.664108276367188,0.3333333432674408,-9.664108276367188,0.3333333432674408
2087,Big day for Cronos Group after Altria filing,1,neutral,2,positive,positive,0,0,FinGPT-mt-Llama2-7B-LoRA,tfns,-9.697551727294922,0.3333333432674408,-9.697551727294922,0.3333333432674408,-9.697551727294922,0.3333333432674408
2088,BNTC,1,neutral,1,neutral,neutral,1,0,FinGPT-mt-Llama2-7B-LoRA,tfns,-10.342283248901367,0.3333333432674408,-10.342283248901367,0.3333333432674408,-10.342283248901367,0.3333333432674408
2089,Can $MSFT head higher?  https://t.co/V5l6NINYrr,1,neutral,2,positive,positive,0,0,FinGPT-mt-Llama2-7B-LoRA,tfns,-10.251315116882324,0.3333333432674408,-10.251315116882324,0.3333333432674408,-10.251315116882324,0.3333333432674408
2090,Can Cronos Stock Break Out of Its Downtrend?,1,neutral,2,positive,positive,0,0,FinGPT-mt-Llama2-7B-LoRA,tfns,-10.26496696472168,0.3333333432674408,-10.26496696472168,0.3333333432674408,-10.26496696472168,0.3333333432674408
2091,Can The North West Company Inc. (TSE:NWC) Maintain Its Strong Returns?,1,neutral,1,neutral,neutral,1,0,FinGPT-mt-Llama2-7B-LoRA,tfns,-9.902325630187988,0.3333333432674408,-9.902325630187988,0.3333333432674408,-9.902325630187988,0.3333333432674408
2092,Congratulations to @ServiceNow on being added to the S&P 500 https://t.co/MzojJ6sPLS,1,neutral,2,positive,positive,0,0,FinGPT-mt-Llama2-7B-LoRA,tfns,-10.190096855163574,0.3333333432674408,-10.190096855163574,0.3333333432674408,-10.190096855163574,0.3333333432674408
2093,Consider Aphria Stock as the Cannabisphere Burns,1,neutral,1,neutral,neutral,1,0,FinGPT-mt-Llama2-7B-LoRA,tfns,-10.340396881103516,0.3333333432674408,-10.340396881103516,0.3333333432674408,-10.340396881103516,0.3333333432674408
2094,"Could Envision Solar International, Inc.'s (NASDAQ:EVSI) Investor Composition Influence The Stock Price?",1,neutral,1,neutral,neutral,1,0,FinGPT-mt-Llama2-7B-LoRA,tfns,-10.58177661895752,0.3333333432674408,-10.58177661895752,0.3333333432674408,-10.58177661895752,0.3333333432674408
2095,Could The Colonial Coal International Corp. (CVE:CAD) Ownership Structure Tell Us Something Useful?,1,neutral,1,neutral,neutral,1,0,FinGPT-mt-Llama2-7B-LoRA,tfns,-10.331465721130371,0.3333333432674408,-10.331465721130371,0.3333333432674408,-10.331465721130371,0.3333333432674408
2096,Could The KONE Oyj (HEL:KNEBV) Ownership Structure Tell Us Something Useful?,1,neutral,1,neutral,neutral,1,0,FinGPT-mt-Llama2-7B-LoRA,tfns,-10.577898025512695,0.3333333432674408,-10.577898025512695,0.3333333432674408,-10.577898025512695,0.3333333432674408
2097,Could The Occidental Petroleum Corporation (NYSE:OXY) Ownership Structure Tell Us Something Useful?,1,neutral,1,neutral,neutral,1,0,FinGPT-mt-Llama2-7B-LoRA,tfns,-10.517061233520508,0.3333333432674408,-10.517061233520508,0.3333333432674408,-10.517061233520508,0.3333333432674408
2098,Did Business Growth Power CGI's (TSE:GIB.A) Share Price Gain of 163%?,1,neutral,2,positive,positive,0,0,FinGPT-mt-Llama2-7B-LoRA,tfns,-10.196166038513184,0.3333333432674408,-10.196166038513184,0.3333333432674408,-10.196166038513184,0.3333333432674408
2099,Did Business Growth Power Maya Gold and Silver's (TSE:MYA) Share Price Gain of 296%?,1,neutral,2,positive,positive,0,0,FinGPT-mt-Llama2-7B-LoRA,tfns,-9.822888374328613,0.3333333432674408,-9.822888374328613,0.3333333432674408,-9.822888374328613,0.3333333432674408
2100,"Did You Own The Decade's Best Stock? It's Up 3,743%",1,neutral,2,positive,positive,0,0,FinGPT-mt-Llama2-7B-LoRA,tfns,-10.418006896972656,0.3333333432674408,-10.418006896972656,0.3333333432674408,-10.418006896972656,0.3333333432674408
2101,"Do Hedge Funds Love Kirkland’s, Inc. (KIRK)?",1,neutral,1,neutral,neutral,1,0,FinGPT-mt-Llama2-7B-LoRA,tfns,-10.478067398071289,0.3333333432674408,-10.478067398071289,0.3333333432674408,-10.478067398071289,0.3333333432674408
2102,"Do Insiders Own Lots Of Shares In The Meet Group, Inc. (NASDAQ:MEET)?",1,neutral,1,neutral,neutral,1,0,FinGPT-mt-Llama2-7B-LoRA,tfns,-10.588432312011719,0.3333333432674408,-10.588432312011719,0.3333333432674408,-10.588432312011719,0.3333333432674408
2103,Does China XD Plastics Company Limited (NASDAQ:CXDC) Have A High Beta?,1,neutral,1,neutral,neutral,1,0,FinGPT-mt-Llama2-7B-LoRA,tfns,-10.64133358001709,0.3333333432674408,-10.64133358001709,0.3333333432674408,-10.64133358001709,0.3333333432674408
2104,Does K3 Capital Group PLC (LON:K3C) Have A Particularly Volatile Share Price?,1,neutral,1,neutral,neutral,1,0,FinGPT-mt-Llama2-7B-LoRA,tfns,-10.705541610717773,0.3333333432674408,-10.705541610717773,0.3333333432674408,-10.705541610717773,0.3333333432674408
2105,Does Page Industries (NSE:PAGEIND) Have A Healthy Balance Sheet?,1,neutral,1,neutral,neutral,1,0,FinGPT-mt-Llama2-7B-LoRA,tfns,-10.409233093261719,0.3333333432674408,-10.409233093261719,0.3333333432674408,-10.409233093261719,0.3333333432674408
2106,"Does Pieris Pharmaceuticals, Inc.'s (NASDAQ:PIRS) CEO Pay Matter?",1,neutral,1,neutral,neutral,1,0,FinGPT-mt-Llama2-7B-LoRA,tfns,-10.330087661743164,0.3333333432674408,-10.330087661743164,0.3333333432674408,-10.330087661743164,0.3333333432674408
2107,Does The Teradata Corporation (NYSE:TDC) Share Price Fall With The Market?,1,neutral,0,negative,negative,0,0,FinGPT-mt-Llama2-7B-LoRA,tfns,-9.501227378845215,0.3333333432674408,-9.501227378845215,0.3333333432674408,-9.501227378845215,0.3333333432674408
2108,Don't Sell AMA Group Limited (ASX:AMA) Before You Read This,1,neutral,1,neutral,neutral,1,0,FinGPT-mt-Llama2-7B-LoRA,tfns,-10.535438537597656,0.3333333432674408,-10.535438537597656,0.3333333432674408,-10.535438537597656,0.3333333432674408
2109,"EOS, Ethereum and Ripple’s XRP – Daily Tech Analysis – 07/02/20",1,neutral,1,neutral,neutral,1,0,FinGPT-mt-Llama2-7B-LoRA,tfns,-10.66236686706543,0.3333333432674408,-10.66236686706543,0.3333333432674408,-10.66236686706543,0.3333333432674408
2110,Estimating The Fair Value Of Oshkosh Corporation (NYSE:OSK),1,neutral,1,neutral,neutral,1,0,FinGPT-mt-Llama2-7B-LoRA,tfns,-11.022565841674805,0.3333333432674408,-11.022565841674805,0.3333333432674408,-11.022565841674805,0.3333333432674408
2111,Estimating The Intrinsic Value Of Ceres Global Ag Corp. (TSE:CRP),1,neutral,1,neutral,neutral,1,0,FinGPT-mt-Llama2-7B-LoRA,tfns,-10.783610343933105,0.3333333432674408,-10.783610343933105,0.3333333432674408,-10.783610343933105,0.3333333432674408
2112,Ethereum and Stellar’s Lumen Daily Tech Analysis – 18/11/19,1,neutral,1,neutral,neutral,1,0,FinGPT-mt-Llama2-7B-LoRA,tfns,-10.901869773864746,0.3333333432674408,-10.901869773864746,0.3333333432674408,-10.901869773864746,0.3333333432674408
2113,Ethereum and Stellar’s Lumen Daily Tech Analysis – 19/11/19,1,neutral,1,neutral,neutral,1,0,FinGPT-mt-Llama2-7B-LoRA,tfns,-10.781940460205078,0.3333333432674408,-10.781940460205078,0.3333333432674408,-10.781940460205078,0.3333333432674408
2114,Flotek Industries Inc (FTK): Hedge Fund Sentiment Unchanged,1,neutral,1,neutral,neutral,1,0,FinGPT-mt-Llama2-7B-LoRA,tfns,-10.646685600280762,0.3333333432674408,-10.646685600280762,0.3333333432674408,-10.646685600280762,0.3333333432674408
2115,FOMO time we project SP 500 target 4000 before end of Bull Market,1,neutral,2,positive,positive,0,0,FinGPT-mt-Llama2-7B-LoRA,tfns,-10.534740447998047,0.3333333432674408,-10.534740447998047,0.3333333432674408,-10.534740447998047,0.3333333432674408
2116,FSCT,1,neutral,1,neutral,neutral,1,0,FinGPT-mt-Llama2-7B-LoRA,tfns,-10.405915260314941,0.3333333432674408,-10.405915260314941,0.3333333432674408,-10.405915260314941,0.3333333432674408
2117,Go $WKHS,1,neutral,2,positive,positive,0,0,FinGPT-mt-Llama2-7B-LoRA,tfns,-9.233905792236328,0.3333333432674408,-9.233905792236328,0.3333333432674408,-9.233905792236328,0.3333333432674408
2118,Golden Rim Resources : Tabuteau to advance New Zealand's trade and political interests wit... #GoldenRimResources… https://t.co/9RRPcgdgAZ,1,neutral,2,positive,positive,0,0,FinGPT-mt-Llama2-7B-LoRA,tfns,-9.519024848937988,0.3333333432674408,-9.519024848937988,0.3333333432674408,-9.519024848937988,0.3333333432674408
2119,"Hedge Fund Darlings vs. Republic Services, Inc. (RSG) In 2019",1,neutral,1,neutral,neutral,1,0,FinGPT-mt-Llama2-7B-LoRA,tfns,-10.611043930053711,0.3333333432674408,-10.611043930053711,0.3333333432674408,-10.611043930053711,0.3333333432674408
2120,"Hedge Funds Cashed Out Of Simpson Manufacturing Co, Inc. (SSD) Too Early",1,neutral,0,negative,negative,0,0,FinGPT-mt-Llama2-7B-LoRA,tfns,-9.999109268188477,0.3333333432674408,-9.999109268188477,0.3333333432674408,-9.999109268188477,0.3333333432674408
2121,Hedge Funds Dropped The Ball On 2U Inc (TWOU),1,neutral,0,negative,negative,0,0,FinGPT-mt-Llama2-7B-LoRA,tfns,-9.697452545166016,0.3333333432674408,-9.697452545166016,0.3333333432674408,-9.697452545166016,0.3333333432674408
2122,Hedge Funds Dropped The Ball On Continental Building Products Inc (CBPX),1,neutral,0,negative,negative,0,0,FinGPT-mt-Llama2-7B-LoRA,tfns,-9.740952491760254,0.3333333432674408,-9.740952491760254,0.3333333432674408,-9.740952491760254,0.3333333432674408
2123,Hedge Funds Had Impeccable Timing Buying Myovant Sciences Ltd. (MYOV),1,neutral,2,positive,positive,0,0,FinGPT-mt-Llama2-7B-LoRA,tfns,-10.720172882080078,0.3333333432674408,-10.720172882080078,0.3333333432674408,-10.720172882080078,0.3333333432674408
2124,Hedge Funds Love These 3 Peers Way More Than China Petroleum & Chemical Corp (SNP),1,neutral,2,positive,positive,0,0,FinGPT-mt-Llama2-7B-LoRA,tfns,-10.257868766784668,0.3333333432674408,-10.257868766784668,0.3333333432674408,-10.257868766784668,0.3333333432674408
2125,Here is What Hedge Funds Think About First Busey Corporation (BUSE),1,neutral,1,neutral,neutral,1,0,FinGPT-mt-Llama2-7B-LoRA,tfns,-10.963724136352539,0.3333333432674408,-10.963724136352539,0.3333333432674408,-10.963724136352539,0.3333333432674408
2126,Here is What Hedge Funds Think About Focus Financial Partners Inc. (FOCS),1,neutral,1,neutral,neutral,1,0,FinGPT-mt-Llama2-7B-LoRA,tfns,-10.665717124938965,0.3333333432674408,-10.665717124938965,0.3333333432674408,-10.665717124938965,0.3333333432674408
2127,Here is What Hedge Funds Think About Wipro Limited (WIT),1,neutral,1,neutral,neutral,1,0,FinGPT-mt-Llama2-7B-LoRA,tfns,-10.609583854675293,0.3333333432674408,-10.609583854675293,0.3333333432674408,-10.609583854675293,0.3333333432674408
2128,Here’s What Hedge Funds Think Evolution Petroleum Corporation (EPM),1,neutral,1,neutral,neutral,1,0,FinGPT-mt-Llama2-7B-LoRA,tfns,-10.843546867370605,0.3333333432674408,-10.843546867370605,0.3333333432674408,-10.843546867370605,0.3333333432674408
2129,Here's What Analysts Are Forecasting For Cummins Inc. After Its Annual Results,1,neutral,1,neutral,neutral,1,0,FinGPT-mt-Llama2-7B-LoRA,tfns,-10.28438663482666,0.3333333432674408,-10.28438663482666,0.3333333432674408,-10.28438663482666,0.3333333432674408
2130,Here's What We Like About DCC plc (LON:DCC)'s Upcoming Dividend,1,neutral,2,positive,positive,0,0,FinGPT-mt-Llama2-7B-LoRA,tfns,-9.907675743103027,0.3333333432674408,-9.907675743103027,0.3333333432674408,-9.907675743103027,0.3333333432674408
2131,Highlight: 'Amgen's been a rocket ship of a stock ... we just think that latest move is just assuming too much ... we'r... https://t.co/xIHky138yC,1,neutral,1,neutral,neutral,1,0,FinGPT-mt-Llama2-7B-LoRA,tfns,-10.20060920715332,0.3333333432674408,-10.20060920715332,0.3333333432674408,-10.20060920715332,0.3333333432674408
2132,Hong Kong ETF May Not Turn Around Anytime Soon,1,neutral,0,negative,negative,0,0,FinGPT-mt-Llama2-7B-LoRA,tfns,-9.592982292175293,0.3333333432674408,-9.592982292175293,0.3333333432674408,-9.592982292175293,0.3333333432674408
2133,"How Does Investing In Seres Therapeutics, Inc. (NASDAQ:MCRB) Impact The Volatility Of Your Portfolio?",1,neutral,1,neutral,neutral,1,0,FinGPT-mt-Llama2-7B-LoRA,tfns,-10.579444885253906,0.3333333432674408,-10.579444885253906,0.3333333432674408,-10.579444885253906,0.3333333432674408
2134,How Good Is Kambi Group plc (STO:KAMBI) At Creating Shareholder Value?,1,neutral,1,neutral,neutral,1,0,FinGPT-mt-Llama2-7B-LoRA,tfns,-10.244889259338379,0.3333333432674408,-10.244889259338379,0.3333333432674408,-10.244889259338379,0.3333333432674408
2135,How Many Wheaton Precious Metals Corp. (TSE:WPM) Shares Do Institutions Own?,1,neutral,1,neutral,neutral,1,0,FinGPT-mt-Llama2-7B-LoRA,tfns,-10.639140129089355,0.3333333432674408,-10.639140129089355,0.3333333432674408,-10.639140129089355,0.3333333432674408
2136,"How Much Did Prologis, Inc.'s (NYSE:PLD) CEO Pocket Last Year?",1,neutral,1,neutral,neutral,1,0,FinGPT-mt-Llama2-7B-LoRA,tfns,-10.642930030822754,0.3333333432674408,-10.642930030822754,0.3333333432674408,-10.642930030822754,0.3333333432674408
2137,How Much Have Harley-Davidson’s Shipments Fallen Since 2014?,1,neutral,0,negative,negative,0,0,FinGPT-mt-Llama2-7B-LoRA,tfns,-9.576600074768066,0.3333333432674408,-9.576600074768066,0.3333333432674408,-9.576600074768066,0.3333333432674408
2138,"How Much Of Daseke, Inc. (NASDAQ:DSKE) Do Institutions Own?",1,neutral,1,neutral,neutral,1,0,FinGPT-mt-Llama2-7B-LoRA,tfns,-10.640514373779297,0.3333333432674408,-10.640514373779297,0.3333333432674408,-10.640514373779297,0.3333333432674408
2139,How Should Investors React To Poxel SA's (EPA:POXEL) CEO Pay?,1,neutral,1,neutral,neutral,1,0,FinGPT-mt-Llama2-7B-LoRA,tfns,-10.70946979522705,0.3333333432674408,-10.70946979522705,0.3333333432674408,-10.70946979522705,0.3333333432674408
2140,How Should Investors React To Select Medical Holdings Corporation's (NYSE:SEM) CEO Pay?,1,neutral,1,neutral,neutral,1,0,FinGPT-mt-Llama2-7B-LoRA,tfns,-10.64384937286377,0.3333333432674408,-10.64384937286377,0.3333333432674408,-10.64384937286377,0.3333333432674408
2141,Howard Bancorp (NASDAQ:HBMD) Shareholders Have Enjoyed A 54% Share Price Gain,1,neutral,2,positive,positive,0,0,FinGPT-mt-Llama2-7B-LoRA,tfns,-10.421856880187988,0.3333333432674408,-10.421856880187988,0.3333333432674408,-10.421856880187988,0.3333333432674408
2142,Imagine Owning Apex Global Brands (NASDAQ:APEX) And Taking A 98% Loss Square On The Chin,1,neutral,0,negative,negative,0,0,FinGPT-mt-Llama2-7B-LoRA,tfns,-9.763992309570312,0.3333333432674408,-9.763992309570312,0.3333333432674408,-9.763992309570312,0.3333333432674408
2143,Immersion Corporation (IMMR): Hedge Funds In Wait-and-See Mode,1,neutral,1,neutral,neutral,1,0,FinGPT-mt-Llama2-7B-LoRA,tfns,-10.485337257385254,0.3333333432674408,-10.485337257385254,0.3333333432674408,-10.485337257385254,0.3333333432674408
2144,Is Amicus Therapeutics (NASDAQ:FOLD) A Risky Investment?,1,neutral,1,neutral,neutral,1,0,FinGPT-mt-Llama2-7B-LoRA,tfns,-9.673419952392578,0.3333333432674408,-9.673419952392578,0.3333333432674408,-9.673419952392578,0.3333333432674408
2145,Is Autolus Therapeutics plc (AUTL) A Good Stock To Buy?,1,neutral,1,neutral,neutral,1,0,FinGPT-mt-Llama2-7B-LoRA,tfns,-10.59957218170166,0.3333333432674408,-10.59957218170166,0.3333333432674408,-10.59957218170166,0.3333333432674408
2146,Is CBIZ's (NYSE:CBZ) Share Price Gain Of 200% Well Earned?,1,neutral,2,positive,positive,0,0,FinGPT-mt-Llama2-7B-LoRA,tfns,-9.818115234375,0.3333333432674408,-9.818115234375,0.3333333432674408,-9.818115234375,0.3333333432674408
2147,Is Gilat Satellite Networks Ltd.'s (NASDAQ:GILT) 6.1% Dividend Worth Your Time?,1,neutral,1,neutral,neutral,1,0,FinGPT-mt-Llama2-7B-LoRA,tfns,-10.461658477783203,0.3333333432674408,-10.461658477783203,0.3333333432674408,-10.461658477783203,0.3333333432674408
2148,Is Grifols (BME:GRF) A Risky Investment?,1,neutral,0,negative,negative,0,0,FinGPT-mt-Llama2-7B-LoRA,tfns,-9.63002872467041,0.3333333432674408,-9.63002872467041,0.3333333432674408,-9.63002872467041,0.3333333432674408
2149,"Is Hawaiian Holdings, Inc. (HA) A Good Stock To Buy?",1,neutral,1,neutral,neutral,1,0,FinGPT-mt-Llama2-7B-LoRA,tfns,-10.709519386291504,0.3333333432674408,-10.709519386291504,0.3333333432674408,-10.709519386291504,0.3333333432674408
2150,Is HighPoint Resources Corporation (HPR) Going to Burn These Hedge Funds?,1,neutral,1,neutral,neutral,1,0,FinGPT-mt-Llama2-7B-LoRA,tfns,-10.336592674255371,0.3333333432674408,-10.336592674255371,0.3333333432674408,-10.336592674255371,0.3333333432674408
2151,Is Houghton Mifflin Harcourt Co (HMHC) Going to Burn These Hedge Funds?,1,neutral,1,neutral,neutral,1,0,FinGPT-mt-Llama2-7B-LoRA,tfns,-10.784845352172852,0.3333333432674408,-10.784845352172852,0.3333333432674408,-10.784845352172852,0.3333333432674408
2152,Is iQiyi Stock a Breakout Buy Right Now?,1,neutral,1,neutral,neutral,1,0,FinGPT-mt-Llama2-7B-LoRA,tfns,-10.440420150756836,0.3333333432674408,-10.440420150756836,0.3333333432674408,-10.440420150756836,0.3333333432674408
2153,"Is It Smart To Buy Strategic Education, Inc. (NASDAQ:STRA) Before It Goes Ex-Dividend?",1,neutral,1,neutral,neutral,1,0,FinGPT-mt-Llama2-7B-LoRA,tfns,-10.713160514831543,0.3333333432674408,-10.713160514831543,0.3333333432674408,-10.713160514831543,0.3333333432674408
2154,Is It Too Late To Consider Buying Canadian Imperial Bank of Commerce (TSE:CM)?,1,neutral,2,positive,positive,0,0,FinGPT-mt-Llama2-7B-LoRA,tfns,-10.148750305175781,0.3333333432674408,-10.148750305175781,0.3333333432674408,-10.148750305175781,0.3333333432674408
2155,Is It Worth Buying Cognizant Technology Solutions Corporation (NASDAQ:CTSH) For Its 1.3% Dividend Yield?,1,neutral,1,neutral,neutral,1,0,FinGPT-mt-Llama2-7B-LoRA,tfns,-10.773748397827148,0.3333333432674408,-10.773748397827148,0.3333333432674408,-10.773748397827148,0.3333333432674408
2156,Is James River Group Holdings Ltd (JRVR) Going To Burn These Hedge Funds ?,1,neutral,1,neutral,neutral,1,0,FinGPT-mt-Llama2-7B-LoRA,tfns,-10.321152687072754,0.3333333432674408,-10.321152687072754,0.3333333432674408,-10.321152687072754,0.3333333432674408
2157,Is Luckin Coffee (NASDAQ:LK) A Risky Investment?,1,neutral,0,negative,negative,0,0,FinGPT-mt-Llama2-7B-LoRA,tfns,-9.473528861999512,0.3333333432674408,-9.473528861999512,0.3333333432674408,-9.473528861999512,0.3333333432674408
2158,Is Magnolia Bostad AB (publ)'s (STO:MAG) ROE Of 6.1% Concerning?,1,neutral,1,neutral,neutral,1,0,FinGPT-mt-Llama2-7B-LoRA,tfns,-9.655467987060547,0.3333333432674408,-9.655467987060547,0.3333333432674408,-9.655467987060547,0.3333333432674408
2159,Is Mullen Group (TSE:MTL) Using Too Much Debt?,1,neutral,0,negative,negative,0,0,FinGPT-mt-Llama2-7B-LoRA,tfns,-9.622183799743652,0.3333333432674408,-9.622183799743652,0.3333333432674408,-9.622183799743652,0.3333333432674408
2160,Is Now An Opportune Moment To Examine AAC Technologies Holdings Inc. (HKG:2018)?,1,neutral,1,neutral,neutral,1,0,FinGPT-mt-Llama2-7B-LoRA,tfns,-10.643013000488281,0.3333333432674408,-10.643013000488281,0.3333333432674408,-10.643013000488281,0.3333333432674408
2161,"Is Now The Time To Look At Buying Houlihan Lokey, Inc. (NYSE:HLI)?",1,neutral,2,positive,positive,0,0,FinGPT-mt-Llama2-7B-LoRA,tfns,-9.630637168884277,0.3333333432674408,-9.630637168884277,0.3333333432674408,-9.630637168884277,0.3333333432674408
2162,Is Ritchie Bros. Auctioneers (RBA) Going to Burn These Hedge Funds?,1,neutral,1,neutral,neutral,1,0,FinGPT-mt-Llama2-7B-LoRA,tfns,-10.842569351196289,0.3333333432674408,-10.842569351196289,0.3333333432674408,-10.842569351196289,0.3333333432674408
2163,Is Seritage Growth Properties (SRG) A Good Stock To Buy?,1,neutral,1,neutral,neutral,1,0,FinGPT-mt-Llama2-7B-LoRA,tfns,-10.775735855102539,0.3333333432674408,-10.775735855102539,0.3333333432674408,-10.775735855102539,0.3333333432674408
2164,"Is SiteOne Landscape Supply, Inc. (SITE) A Good Stock To Buy?",1,neutral,1,neutral,neutral,1,0,FinGPT-mt-Llama2-7B-LoRA,tfns,-10.478705406188965,0.3333333432674408,-10.478705406188965,0.3333333432674408,-10.478705406188965,0.3333333432674408
2165,"Is There Now An Opportunity In Solaria Energía y Medio Ambiente, S.A. (BME:SLR)?",1,neutral,1,neutral,neutral,1,0,FinGPT-mt-Llama2-7B-LoRA,tfns,-9.552597045898438,0.3333333432674408,-9.552597045898438,0.3333333432674408,-9.552597045898438,0.3333333432674408
2166,Is Vanguard Growth & Income Admiral (VGIAX) a Strong Mutual Fund Pick Right Now?,1,neutral,1,neutral,neutral,1,0,FinGPT-mt-Llama2-7B-LoRA,tfns,-10.584911346435547,0.3333333432674408,-10.584911346435547,0.3333333432674408,-10.584911346435547,0.3333333432674408
2167,"Is Viking Therapeutics, Inc. (VKTX) A Good Stock To Buy?",1,neutral,1,neutral,neutral,1,0,FinGPT-mt-Llama2-7B-LoRA,tfns,-10.595965385437012,0.3333333432674408,-10.595965385437012,0.3333333432674408,-10.595965385437012,0.3333333432674408
2168,Is WH Group Limited (HKG:288) Better Than Average At Deploying Capital?,1,neutral,1,neutral,neutral,1,0,FinGPT-mt-Llama2-7B-LoRA,tfns,-10.59703254699707,0.3333333432674408,-10.59703254699707,0.3333333432674408,-10.59703254699707,0.3333333432674408
2169,Is Zafgen Inc (ZFGN) A Good Stock To Buy?,1,neutral,1,neutral,neutral,1,0,FinGPT-mt-Llama2-7B-LoRA,tfns,-10.654914855957031,0.3333333432674408,-10.654914855957031,0.3333333432674408,-10.654914855957031,0.3333333432674408
2170,Is Zhou Hei Ya International Holdings Company Limited (HKG:1458) Trading At A 32% Discount?,1,neutral,1,neutral,neutral,1,0,FinGPT-mt-Llama2-7B-LoRA,tfns,-10.530406951904297,0.3333333432674408,-10.530406951904297,0.3333333432674408,-10.530406951904297,0.3333333432674408
2171,J&J Brand Most Valuable Among Pharmaceutical Companies,1,neutral,1,neutral,neutral,1,0,FinGPT-mt-Llama2-7B-LoRA,tfns,-10.196816444396973,0.3333333432674408,-10.196816444396973,0.3333333432674408,-10.196816444396973,0.3333333432674408
2172,"Macy's has shrunk to the size of Beyond Meat. It's going to get worse, technician says $M $BYND (via @TradingNation) https://t.co/h86IfyLmqy",1,neutral,0,negative,negative,0,0,FinGPT-mt-Llama2-7B-LoRA,tfns,-9.846025466918945,0.3333333432674408,-9.846025466918945,0.3333333432674408,-9.846025466918945,0.3333333432674408
2173,"More Is Needed To Break Through: EZCORP, Inc. (EZPW), Gannett Co., Inc. (GCI) - TechnoRecorder",1,neutral,1,neutral,neutral,1,0,FinGPT-mt-Llama2-7B-LoRA,tfns,-10.38448429107666,0.3333333432674408,-10.38448429107666,0.3333333432674408,-10.38448429107666,0.3333333432674408
2174,"More Is Needed To Break Through: Las Vegas Sands Corp. (LVS), Enterprise Products Partners L.P. (EPD) - TechnoRecorder",1,neutral,1,neutral,neutral,1,0,FinGPT-mt-Llama2-7B-LoRA,tfns,-10.325287818908691,0.3333333432674408,-10.325287818908691,0.3333333432674408,-10.325287818908691,0.3333333432674408
2175,"More Is Needed To Break Through: McDonald’s Corporation (MCD), ADT Inc. (ADT) - TechnoRecorder",1,neutral,1,neutral,neutral,1,0,FinGPT-mt-Llama2-7B-LoRA,tfns,-10.435222625732422,0.3333333432674408,-10.435222625732422,0.3333333432674408,-10.435222625732422,0.3333333432674408
2176,NAOV,1,neutral,1,neutral,neutral,1,0,FinGPT-mt-Llama2-7B-LoRA,tfns,-10.275875091552734,0.3333333432674408,-10.275875091552734,0.3333333432674408,-10.275875091552734,0.3333333432674408
2177,Nexstar Media : Andy Alford #NexstarMedia #Stock #MarketScreener https://t.co/7676Cby6JX https://t.co/mCQbFmgJrt,1,neutral,1,neutral,neutral,1,0,FinGPT-mt-Llama2-7B-LoRA,tfns,-10.831809043884277,0.3333333432674408,-10.831809043884277,0.3333333432674408,-10.831809043884277,0.3333333432674408
2178,"One Thing To Remember About The Allscripts Healthcare Solutions, Inc. (NASDAQ:MDRX) Share Price",1,neutral,1,neutral,neutral,1,0,FinGPT-mt-Llama2-7B-LoRA,tfns,-10.892425537109375,0.3333333432674408,-10.892425537109375,0.3333333432674408,-10.892425537109375,0.3333333432674408
2179,Options Trader Bets on Monster Micron Move,1,neutral,2,positive,positive,0,0,FinGPT-mt-Llama2-7B-LoRA,tfns,-10.417230606079102,0.3333333432674408,-10.417230606079102,0.3333333432674408,-10.417230606079102,0.3333333432674408
2180,PLUG Stock Remains Tantalizing and Vexing,1,neutral,1,neutral,neutral,1,0,FinGPT-mt-Llama2-7B-LoRA,tfns,-10.4976167678833,0.3333333432674408,-10.4976167678833,0.3333333432674408,-10.4976167678833,0.3333333432674408
2181,PTVCA,1,neutral,1,neutral,neutral,1,0,FinGPT-mt-Llama2-7B-LoRA,tfns,-10.34276294708252,0.3333333432674408,-10.34276294708252,0.3333333432674408,-10.34276294708252,0.3333333432674408
2182,Saudi Aramco shares to start trading Dec. 11 - Tadawul exchange https://t.co/RW1cipUUmB https://t.co/HwDW4fo0AN,1,neutral,1,neutral,neutral,1,0,FinGPT-mt-Llama2-7B-LoRA,tfns,-10.585619926452637,0.3333333432674408,-10.585619926452637,0.3333333432674408,-10.585619926452637,0.3333333432674408
2183,"Setups and Watch List, 11/24: $STNE $SE $PAYC $NOW $SPLK $DOCU $RH $ROKU $AAXN $NVCR 

Following charts courtesy of… https://t.co/tCFycIVckn",1,neutral,1,neutral,neutral,1,0,FinGPT-mt-Llama2-7B-LoRA,tfns,-9.682530403137207,0.3333333432674408,-9.682530403137207,0.3333333432674408,-9.682530403137207,0.3333333432674408
2184,"Shareholders Rejoice? HBC, Canfor Proxy Wins Do Little for Stock",1,neutral,2,positive,positive,0,0,FinGPT-mt-Llama2-7B-LoRA,tfns,-9.842829704284668,0.3333333432674408,-9.842829704284668,0.3333333432674408,-9.842829704284668,0.3333333432674408
2185,Should Community Bankers Trust (NASDAQ:ESXB) Be Disappointed With Their 99% Profit?,1,neutral,1,neutral,neutral,1,0,FinGPT-mt-Llama2-7B-LoRA,tfns,-10.133684158325195,0.3333333432674408,-10.133684158325195,0.3333333432674408,-10.133684158325195,0.3333333432674408
2186,Should CorEnergy Infrastructure Trust (NYSE:CORR) Be Disappointed With Their 39% Profit?,1,neutral,1,neutral,neutral,1,0,FinGPT-mt-Llama2-7B-LoRA,tfns,-10.259796142578125,0.3333333432674408,-10.259796142578125,0.3333333432674408,-10.259796142578125,0.3333333432674408
2187,Should We Be Cautious About Franklin Street Properties Corp.'s (NYSEMKT:FSP) ROE Of 0.5%?,1,neutral,1,neutral,neutral,1,0,FinGPT-mt-Llama2-7B-LoRA,tfns,-10.06649398803711,0.3333333432674408,-10.06649398803711,0.3333333432674408,-10.06649398803711,0.3333333432674408
2188,"Should You Add These 3 Top-Performing Mutual Funds to Your Portfolio? - February 06, 2020",1,neutral,1,neutral,neutral,1,0,FinGPT-mt-Llama2-7B-LoRA,tfns,-10.7131929397583,0.3333333432674408,-10.7131929397583,0.3333333432674408,-10.7131929397583,0.3333333432674408
2189,"Should You Avoid Sykes Enterprises, Incorporated (SYKE)?",1,neutral,1,neutral,neutral,1,0,FinGPT-mt-Llama2-7B-LoRA,tfns,-10.262449264526367,0.3333333432674408,-10.262449264526367,0.3333333432674408,-10.262449264526367,0.3333333432674408
2190,Should You Be Excited About Allianz SE's (ETR:ALV) 10% Return On Equity?,1,neutral,1,neutral,neutral,1,0,FinGPT-mt-Llama2-7B-LoRA,tfns,-10.603034973144531,0.3333333432674408,-10.603034973144531,0.3333333432674408,-10.603034973144531,0.3333333432674408
2191,"Should You Be Excited About PulteGroup, Inc.'s (NYSE:PHM) 18% Return On Equity?",1,neutral,1,neutral,neutral,1,0,FinGPT-mt-Llama2-7B-LoRA,tfns,-10.541540145874023,0.3333333432674408,-10.541540145874023,0.3333333432674408,-10.541540145874023,0.3333333432674408
2192,"Should You Be Tempted To Sell Galp Energia, SGPS, S.A. (ELI:GALP) Because Of Its P/E Ratio?",1,neutral,1,neutral,neutral,1,0,FinGPT-mt-Llama2-7B-LoRA,tfns,-9.848134994506836,0.3333333432674408,-9.848134994506836,0.3333333432674408,-9.848134994506836,0.3333333432674408
2193,Should You Be Tempted To Sell Michelmersh Brick Holdings plc (LON:MBH) Because Of Its P/E Ratio?,1,neutral,1,neutral,neutral,1,0,FinGPT-mt-Llama2-7B-LoRA,tfns,-9.766256332397461,0.3333333432674408,-9.766256332397461,0.3333333432674408,-9.766256332397461,0.3333333432674408
2194,"Should You Be Worried About Mistras Group, Inc.'s (NYSE:MG) 1.5% Return On Equity?",1,neutral,1,neutral,neutral,1,0,FinGPT-mt-Llama2-7B-LoRA,tfns,-9.760079383850098,0.3333333432674408,-9.760079383850098,0.3333333432674408,-9.760079383850098,0.3333333432674408
2195,Should You Buy Harmony Gold Mining Co.  (HMY)?,1,neutral,2,positive,positive,0,0,FinGPT-mt-Llama2-7B-LoRA,tfns,-9.555614471435547,0.3333333432674408,-9.555614471435547,0.3333333432674408,-9.555614471435547,0.3333333432674408
2196,Should You Buy Netgear on This Short-Term Guidance Miss?,1,neutral,0,negative,negative,0,0,FinGPT-mt-Llama2-7B-LoRA,tfns,-9.710990905761719,0.3333333432674408,-9.710990905761719,0.3333333432674408,-9.710990905761719,0.3333333432674408
2197,"Should You Buy Weis Markets, Inc. (WMK)?",1,neutral,1,neutral,neutral,1,0,FinGPT-mt-Llama2-7B-LoRA,tfns,-10.001838684082031,0.3333333432674408,-10.001838684082031,0.3333333432674408,-10.001838684082031,0.3333333432674408
2198,Should You Worry About NVE Corporation's (NASDAQ:NVEC) CEO Salary Level?,1,neutral,1,neutral,neutral,1,0,FinGPT-mt-Llama2-7B-LoRA,tfns,-10.645263671875,0.3333333432674408,-10.645263671875,0.3333333432674408,-10.645263671875,0.3333333432674408
2199,"Stks often pause at key res/sup levels. 1st touch of key level often fails, esp w/steep run into it. Let it consoli… https://t.co/cN0G1UYeKI",1,neutral,1,neutral,neutral,1,0,FinGPT-mt-Llama2-7B-LoRA,tfns,-9.38518238067627,0.3333333432674408,-9.38518238067627,0.3333333432674408,-9.38518238067627,0.3333333432674408
2200,Stock Market News: Netflix Climbs on Subscriber Data; Johnson & Johnson Looks Healthy,1,neutral,2,positive,positive,0,0,FinGPT-mt-Llama2-7B-LoRA,tfns,-10.846809387207031,0.3333333432674408,-10.846809387207031,0.3333333432674408,-10.846809387207031,0.3333333432674408
2201,"Stock Performance Summary :: Intercontinental Exchange, Inc., (NYSE: ICE) - Times Of New York",1,neutral,1,neutral,neutral,1,0,FinGPT-mt-Llama2-7B-LoRA,tfns,-10.628118515014648,0.3333333432674408,-10.628118515014648,0.3333333432674408,-10.628118515014648,0.3333333432674408
2202,"Stocks To Watch: Bharti Airtel, HUL, L&T Finance, NMDC, Tata Motors, Vodafone Idea",1,neutral,1,neutral,neutral,1,0,FinGPT-mt-Llama2-7B-LoRA,tfns,-10.539730072021484,0.3333333432674408,-10.539730072021484,0.3333333432674408,-10.539730072021484,0.3333333432674408
2203,Taking A Look At Eastman Chemical Company's (NYSE:EMN) ROE,1,neutral,1,neutral,neutral,1,0,FinGPT-mt-Llama2-7B-LoRA,tfns,-10.544866561889648,0.3333333432674408,-10.544866561889648,0.3333333432674408,-10.544866561889648,0.3333333432674408
2204,The 3 Biggest Risks to Momo’s Stock,1,neutral,1,neutral,neutral,1,0,FinGPT-mt-Llama2-7B-LoRA,tfns,-10.73137378692627,0.3333333432674408,-10.73137378692627,0.3333333432674408,-10.73137378692627,0.3333333432674408
2205,There goes $ACST,1,neutral,1,neutral,neutral,1,0,FinGPT-mt-Llama2-7B-LoRA,tfns,-10.180750846862793,0.3333333432674408,-10.180750846862793,0.3333333432674408,-10.180750846862793,0.3333333432674408
2206,These Stocks Could Bounce High in January and Beyond,1,neutral,2,positive,positive,0,0,FinGPT-mt-Llama2-7B-LoRA,tfns,-10.600963592529297,0.3333333432674408,-10.600963592529297,0.3333333432674408,-10.600963592529297,0.3333333432674408
2207,This Dividend Hero’s Too Cheap To Miss Right Now,1,neutral,1,neutral,neutral,1,0,FinGPT-mt-Llama2-7B-LoRA,tfns,-9.886670112609863,0.3333333432674408,-9.886670112609863,0.3333333432674408,-9.886670112609863,0.3333333432674408
2208,Three stocks to buy during the coronavirus crash - besides the usual suspects https://t.co/00GgjoZr9U,1,neutral,1,neutral,neutral,1,0,FinGPT-mt-Llama2-7B-LoRA,tfns,-9.949514389038086,0.3333333432674408,-9.949514389038086,0.3333333432674408,-9.949514389038086,0.3333333432674408
2209,Top 5 Buys of John Rogers' Ariel Investment,1,neutral,1,neutral,neutral,1,0,FinGPT-mt-Llama2-7B-LoRA,tfns,-10.022093772888184,0.3333333432674408,-10.022093772888184,0.3333333432674408,-10.022093772888184,0.3333333432674408
2210,Top Technology Holdings of Warren Buffett's Berkshire Hathaway,1,neutral,1,neutral,neutral,1,0,FinGPT-mt-Llama2-7B-LoRA,tfns,-11.0806303024292,0.3333333432674408,-11.0806303024292,0.3333333432674408,-11.0806303024292,0.3333333432674408
2211,"Toyota, AB InBev, Funko: Companies to Watch",1,neutral,1,neutral,neutral,1,0,FinGPT-mt-Llama2-7B-LoRA,tfns,-10.55958366394043,0.3333333432674408,-10.55958366394043,0.3333333432674408,-10.55958366394043,0.3333333432674408
2212,"Trade Alert: The Independent Director Of Cerus Corporation (NASDAQ:CERS), Franklin Witney, Has Just Spent US$100k Buying Shares",1,neutral,1,neutral,neutral,1,0,FinGPT-mt-Llama2-7B-LoRA,tfns,-10.215319633483887,0.3333333432674408,-10.215319633483887,0.3333333432674408,-10.215319633483887,0.3333333432674408
2213,"Translate Bio, Inc. (TBIO): Are Hedge Funds Right About This Stock?",1,neutral,1,neutral,neutral,1,0,FinGPT-mt-Llama2-7B-LoRA,tfns,-10.661155700683594,0.3333333432674408,-10.661155700683594,0.3333333432674408,-10.661155700683594,0.3333333432674408
2214,Two Firms Are Clashing About the Fate of U.S. Small-Cap Stocks,1,neutral,1,neutral,neutral,1,0,FinGPT-mt-Llama2-7B-LoRA,tfns,-9.802703857421875,0.3333333432674408,-9.802703857421875,0.3333333432674408,-9.802703857421875,0.3333333432674408
2215,VIS Containers Manufacturing (ATH:VIS) Has Debt But No Earnings; Should You Worry?,1,neutral,1,neutral,neutral,1,0,FinGPT-mt-Llama2-7B-LoRA,tfns,-10.170677185058594,0.3333333432674408,-10.170677185058594,0.3333333432674408,-10.170677185058594,0.3333333432674408
2216,What Does KPS AG's (ETR:KSC) Share Price Indicate?,1,neutral,1,neutral,neutral,1,0,FinGPT-mt-Llama2-7B-LoRA,tfns,-10.576742172241211,0.3333333432674408,-10.576742172241211,0.3333333432674408,-10.576742172241211,0.3333333432674408
2217,"What Does Reading International, Inc.'s (NASDAQ:RDI) Share Price Indicate?",1,neutral,1,neutral,neutral,1,0,FinGPT-mt-Llama2-7B-LoRA,tfns,-10.577888488769531,0.3333333432674408,-10.577888488769531,0.3333333432674408,-10.577888488769531,0.3333333432674408
2218,What To Know Before Buying Flushing Financial Corporation (NASDAQ:FFIC) For Its Dividend,1,neutral,1,neutral,neutral,1,0,FinGPT-mt-Llama2-7B-LoRA,tfns,-10.907058715820312,0.3333333432674408,-10.907058715820312,0.3333333432674408,-10.907058715820312,0.3333333432674408
2219,What You Must Know About Hingham Institution for Savings's (NASDAQ:HIFS) Beta Value,1,neutral,1,neutral,neutral,1,0,FinGPT-mt-Llama2-7B-LoRA,tfns,-11.022974014282227,0.3333333432674408,-11.022974014282227,0.3333333432674408,-11.022974014282227,0.3333333432674408
2220,Why value stocks surged more than growth stocks in 2019,1,neutral,2,positive,positive,0,0,FinGPT-mt-Llama2-7B-LoRA,tfns,-10.135868072509766,0.3333333432674408,-10.135868072509766,0.3333333432674408,-10.135868072509766,0.3333333432674408
2221,"Would Xiamen International Port Co., Ltd (HKG:3378) Be Valuable To Income Investors?",1,neutral,1,neutral,neutral,1,0,FinGPT-mt-Llama2-7B-LoRA,tfns,-10.46070671081543,0.3333333432674408,-10.46070671081543,0.3333333432674408,-10.46070671081543,0.3333333432674408
2222,$AQST - Aquestive readies equity offering; shares down 7% after hours https://t.co/mTUhau6lCg,0,negative,0,negative,negative,1,0,FinGPT-mt-Llama2-7B-LoRA,tfns,-9.919037818908691,0.3333333432674408,-9.919037818908691,0.3333333432674408,-9.919037818908691,0.3333333432674408
2223,$CBAY - CymaBat halts trial of seladelpar; shares dip 4% https://t.co/0XHQXzW5ai,0,negative,0,negative,negative,1,0,FinGPT-mt-Llama2-7B-LoRA,tfns,-9.899557113647461,0.3333333432674408,-9.899557113647461,0.3333333432674408,-9.899557113647461,0.3333333432674408
2224,$CIM (-1.8% pre) Chimera Investment (CIM) Announces Public Offering of Convertible Senior Notes - SI https://t.co/icZf07FFnY,0,negative,0,negative,negative,1,0,FinGPT-mt-Llama2-7B-LoRA,tfns,-9.698010444641113,0.3333333432674408,-9.698010444641113,0.3333333432674408,-9.698010444641113,0.3333333432674408
2225,$LNN - Lindsay -2% as COVID-19 impact 'remains uncertain' https://t.co/X5HppJ6i0k,0,negative,0,negative,negative,1,0,FinGPT-mt-Llama2-7B-LoRA,tfns,-9.561107635498047,0.3333333432674408,-9.561107635498047,0.3333333432674408,-9.561107635498047,0.3333333432674408
2226,$MRNA - Moderna files for mixed shelf; shares down 8% after hours https://t.co/O9O0jyiytg,0,negative,0,negative,negative,1,0,FinGPT-mt-Llama2-7B-LoRA,tfns,-9.978107452392578,0.3333333432674408,-9.978107452392578,0.3333333432674408,-9.978107452392578,0.3333333432674408
2227,$TBPH - Theravance readies $150M stock offering; shares down 5% after hours https://t.co/YgYqnXrOnQ,0,negative,0,negative,negative,1,0,FinGPT-mt-Llama2-7B-LoRA,tfns,-9.687931060791016,0.3333333432674408,-9.687931060791016,0.3333333432674408,-9.687931060791016,0.3333333432674408
2228,$UBER shares down 3.7% after company loses London licence over safety failures https://t.co/mwRK6XOrbS https://t.co/l7lFNGWDRh,0,negative,0,negative,negative,1,0,FinGPT-mt-Llama2-7B-LoRA,tfns,-9.90005874633789,0.3333333432674408,-9.90005874633789,0.3333333432674408,-9.90005874633789,0.3333333432674408
2229,$WORK - Slack -5% after statement on IBM https://t.co/L71kecX7LL,0,negative,0,negative,negative,1,0,FinGPT-mt-Llama2-7B-LoRA,tfns,-9.785040855407715,0.3333333432674408,-9.785040855407715,0.3333333432674408,-9.785040855407715,0.3333333432674408
2230,Abiomed down 8% on guidance cut,0,negative,0,negative,negative,1,0,FinGPT-mt-Llama2-7B-LoRA,tfns,-9.763334274291992,0.3333333432674408,-9.763334274291992,0.3333333432674408,-9.763334274291992,0.3333333432674408
2231,Adamis Pharma -61% on FDA's Zimhi rejection,0,negative,0,negative,negative,1,0,FinGPT-mt-Llama2-7B-LoRA,tfns,-10.133349418640137,0.3333333432674408,-10.133349418640137,0.3333333432674408,-10.133349418640137,0.3333333432674408
2232,Afya -3.4% on offering of class A common shares,0,negative,0,negative,negative,1,0,FinGPT-mt-Llama2-7B-LoRA,tfns,-9.839862823486328,0.3333333432674408,-9.839862823486328,0.3333333432674408,-9.839862823486328,0.3333333432674408
2233,Akoustis down 13% on pricing equity offering,0,negative,0,negative,negative,1,0,FinGPT-mt-Llama2-7B-LoRA,tfns,-10.027192115783691,0.3333333432674408,-10.027192115783691,0.3333333432674408,-10.027192115783691,0.3333333432674408
2234,Applied Genetic Tech down 7% premarket after pricing equity offering,0,negative,0,negative,negative,1,0,FinGPT-mt-Llama2-7B-LoRA,tfns,-10.20146369934082,0.3333333432674408,-10.20146369934082,0.3333333432674408,-10.20146369934082,0.3333333432674408
2235,"As Kohl's shares plunge, Cramer calls out CEO for glossing over why earnings missed estimates",0,negative,0,negative,negative,1,0,FinGPT-mt-Llama2-7B-LoRA,tfns,-10.026993751525879,0.3333333432674408,-10.026993751525879,0.3333333432674408,-10.026993751525879,0.3333333432674408
2236,Athenex down 17% on oral paclitaxel data,0,negative,0,negative,negative,1,0,FinGPT-mt-Llama2-7B-LoRA,tfns,-10.1976957321167,0.3333333432674408,-10.1976957321167,0.3333333432674408,-10.1976957321167,0.3333333432674408
2237,Becton Dickinson's stock tumbles 11% premarket after Q1 results,0,negative,0,negative,negative,1,0,FinGPT-mt-Llama2-7B-LoRA,tfns,-10.134273529052734,0.3333333432674408,-10.134273529052734,0.3333333432674408,-10.134273529052734,0.3333333432674408
2238,"Becton Dickinson's stock tumbles, as lowered earnings guidance offsets profit beat",0,negative,0,negative,negative,1,0,FinGPT-mt-Llama2-7B-LoRA,tfns,-10.154500007629395,0.3333333432674408,-10.154500007629395,0.3333333432674408,-10.154500007629395,0.3333333432674408
2239,"Becton, Dickinson slips 9% on lowered guidance",0,negative,0,negative,negative,1,0,FinGPT-mt-Llama2-7B-LoRA,tfns,-10.19931411743164,0.3333333432674408,-10.19931411743164,0.3333333432674408,-10.19931411743164,0.3333333432674408
2240,Cabot Microelectronics tanks on soft guidance,0,negative,0,negative,negative,1,0,FinGPT-mt-Llama2-7B-LoRA,tfns,-9.831681251525879,0.3333333432674408,-9.831681251525879,0.3333333432674408,-9.831681251525879,0.3333333432674408
2241,Checkpoint Therapeutics down 14% after hours on equity offering,0,negative,0,negative,negative,1,0,FinGPT-mt-Llama2-7B-LoRA,tfns,-10.202336311340332,0.3333333432674408,-10.202336311340332,0.3333333432674408,-10.202336311340332,0.3333333432674408
2242,Ciena Corp. shares slide after earnings miss,0,negative,0,negative,negative,1,0,FinGPT-mt-Llama2-7B-LoRA,tfns,-10.018732070922852,0.3333333432674408,-10.018732070922852,0.3333333432674408,-10.018732070922852,0.3333333432674408
2243,Ether Turns Negative For the Year as Crypto Sell-Off Accelerates,0,negative,0,negative,negative,1,0,FinGPT-mt-Llama2-7B-LoRA,tfns,-10.070406913757324,0.3333333432674408,-10.070406913757324,0.3333333432674408,-10.070406913757324,0.3333333432674408
2244,GoPro's stock tumbles 13% premarket after Q4 results late Wednesday,0,negative,0,negative,negative,1,0,FinGPT-mt-Llama2-7B-LoRA,tfns,-10.019305229187012,0.3333333432674408,-10.019305229187012,0.3333333432674408,-10.019305229187012,0.3333333432674408
2245,"Irish bank and real-estate stocks fall after a strong electoral showing for Sinn in, a left-wing nationalist part... https://t.co/dfReOhhlBX",0,negative,0,negative,negative,1,0,FinGPT-mt-Llama2-7B-LoRA,tfns,-9.854365348815918,0.3333333432674408,-9.854365348815918,0.3333333432674408,-9.854365348815918,0.3333333432674408
2246,"JUST IN: Slack shares halted for pending news.

https://t.co/jn8limUSe7",0,negative,1,neutral,neutral,0,0,FinGPT-mt-Llama2-7B-LoRA,tfns,-10.42278003692627,0.3333333432674408,-10.42278003692627,0.3333333432674408,-10.42278003692627,0.3333333432674408
2247,"KL, CBAY among premarket losers",0,negative,0,negative,negative,1,0,FinGPT-mt-Llama2-7B-LoRA,tfns,-9.836414337158203,0.3333333432674408,-9.836414337158203,0.3333333432674408,-9.836414337158203,0.3333333432674408
2248,Kohl's -11% after profit view slashed,0,negative,0,negative,negative,1,0,FinGPT-mt-Llama2-7B-LoRA,tfns,-9.950116157531738,0.3333333432674408,-9.950116157531738,0.3333333432674408,-9.950116157531738,0.3333333432674408
2249,Kohl's stock drops 10% after it cuts guidance,0,negative,0,negative,negative,1,0,FinGPT-mt-Llama2-7B-LoRA,tfns,-10.187932014465332,0.3333333432674408,-10.187932014465332,0.3333333432674408,-10.187932014465332,0.3333333432674408
2250,Macy’s shares sink after date-breach reports,0,negative,0,negative,negative,1,0,FinGPT-mt-Llama2-7B-LoRA,tfns,-9.948537826538086,0.3333333432674408,-9.948537826538086,0.3333333432674408,-9.948537826538086,0.3333333432674408
2251,Mahindra & Mahindra shares head for their steepest decline in more than a decade after surprise drop in earnings https://t.co/RyNmr09Ei7,0,negative,0,negative,negative,1,0,FinGPT-mt-Llama2-7B-LoRA,tfns,-9.780890464782715,0.3333333432674408,-9.780890464782715,0.3333333432674408,-9.780890464782715,0.3333333432674408
2252,Myriad Genetics slips 27% premarket after weak FQ2 and guidance cut,0,negative,0,negative,negative,1,0,FinGPT-mt-Llama2-7B-LoRA,tfns,-9.908344268798828,0.3333333432674408,-9.908344268798828,0.3333333432674408,-9.908344268798828,0.3333333432674408
2253,New York Mortgage Trust sinks 2.7% after announcing capital raise,0,negative,0,negative,negative,1,0,FinGPT-mt-Llama2-7B-LoRA,tfns,-10.199708938598633,0.3333333432674408,-10.199708938598633,0.3333333432674408,-10.199708938598633,0.3333333432674408
2254,"Nio's stock falls after January deliveries decline on coronavirus, New Years holiday timing effects",0,negative,0,negative,negative,1,0,FinGPT-mt-Llama2-7B-LoRA,tfns,-10.084071159362793,0.3333333432674408,-10.084071159362793,0.3333333432674408,-10.084071159362793,0.3333333432674408
2255,Organogenesis -8.9% amid 9M-share offering,0,negative,0,negative,negative,1,0,FinGPT-mt-Llama2-7B-LoRA,tfns,-9.716590881347656,0.3333333432674408,-9.716590881347656,0.3333333432674408,-9.716590881347656,0.3333333432674408
2256,PagSeguro slides 4.5% after Q3 disappoints,0,negative,0,negative,negative,1,0,FinGPT-mt-Llama2-7B-LoRA,tfns,-10.132976531982422,0.3333333432674408,-10.132976531982422,0.3333333432674408,-10.132976531982422,0.3333333432674408
2257,Post Holdings -4% after earnings miss,0,negative,0,negative,negative,1,0,FinGPT-mt-Llama2-7B-LoRA,tfns,-9.841387748718262,0.3333333432674408,-9.841387748718262,0.3333333432674408,-9.841387748718262,0.3333333432674408
2258,PTC Therapeutics down 6% premarket on risidplam data,0,negative,0,negative,negative,1,0,FinGPT-mt-Llama2-7B-LoRA,tfns,-10.023172378540039,0.3333333432674408,-10.023172378540039,0.3333333432674408,-10.023172378540039,0.3333333432674408
2259,"QD, HEXO among premarket losers",0,negative,0,negative,negative,1,0,FinGPT-mt-Llama2-7B-LoRA,tfns,-9.838644981384277,0.3333333432674408,-9.838644981384277,0.3333333432674408,-9.838644981384277,0.3333333432674408
2260,Roku -5.1% after filing to offer up to 1M shares,0,negative,0,negative,negative,1,0,FinGPT-mt-Llama2-7B-LoRA,tfns,-10.198897361755371,0.3333333432674408,-10.198897361755371,0.3333333432674408,-10.198897361755371,0.3333333432674408
2261,Roku shares dropped after it notified users that FOX channels will be not accessible for the Super Bowl https://t.co/W8JTisSnaC,0,negative,0,negative,negative,1,0,FinGPT-mt-Llama2-7B-LoRA,tfns,-9.905263900756836,0.3333333432674408,-9.905263900756836,0.3333333432674408,-9.905263900756836,0.3333333432674408
2262,Roku stock falls after disclosure of shareholder resales,0,negative,0,negative,negative,1,0,FinGPT-mt-Llama2-7B-LoRA,tfns,-9.956339836120605,0.3333333432674408,-9.956339836120605,0.3333333432674408,-9.956339836120605,0.3333333432674408
2263,SES shares tumble 20% after FCC chairman voices support for public airwaves sale,0,negative,0,negative,negative,1,0,FinGPT-mt-Llama2-7B-LoRA,tfns,-10.017417907714844,0.3333333432674408,-10.017417907714844,0.3333333432674408,-10.017417907714844,0.3333333432674408
2264,Slack shares slump as Microsoft continues to make corporate inroads,0,negative,0,negative,negative,1,0,FinGPT-mt-Llama2-7B-LoRA,tfns,-10.216748237609863,0.3333333432674408,-10.216748237609863,0.3333333432674408,-10.216748237609863,0.3333333432674408
2265,SunPower's stock sinks after plans to sell 22 million shares to the public,0,negative,0,negative,negative,1,0,FinGPT-mt-Llama2-7B-LoRA,tfns,-10.13697624206543,0.3333333432674408,-10.13697624206543,0.3333333432674408,-10.13697624206543,0.3333333432674408
2266,"Synthetic Biologics, Inc. (SYN) Sinks -4.79% Today: Breaking Down The Root Causes - Find News",0,negative,0,negative,negative,1,0,FinGPT-mt-Llama2-7B-LoRA,tfns,-9.85971450805664,0.3333333432674408,-9.85971450805664,0.3333333432674408,-9.85971450805664,0.3333333432674408
2267,"Taco Bell, KFC parent Yum Brands' stock drops after profit misses but revenue beat",0,negative,0,negative,negative,1,0,FinGPT-mt-Llama2-7B-LoRA,tfns,-9.776333808898926,0.3333333432674408,-9.776333808898926,0.3333333432674408,-9.776333808898926,0.3333333432674408
2268,Tesla -3% as China slowdown factors in,0,negative,0,negative,negative,1,0,FinGPT-mt-Llama2-7B-LoRA,tfns,-9.916171073913574,0.3333333432674408,-9.916171073913574,0.3333333432674408,-9.916171073913574,0.3333333432674408
2269,Tesla falls more than 6% after Cybertruck flub—Cramer and other pros talk prospects $TSLA (via @TradingNation) https://t.co/6KwIqJa65g,0,negative,0,negative,negative,1,0,FinGPT-mt-Llama2-7B-LoRA,tfns,-9.791458129882812,0.3333333432674408,-9.791458129882812,0.3333333432674408,-9.791458129882812,0.3333333432674408
2270,"Tesla's stock falls again, extends pullback to 22%",0,negative,0,negative,negative,1,0,FinGPT-mt-Llama2-7B-LoRA,tfns,-10.129596710205078,0.3333333432674408,-10.129596710205078,0.3333333432674408,-10.129596710205078,0.3333333432674408
2271,"Twilio Crushes Q4 Expectations, Shares Fall 7% on Modest Bottom-Line Guidance",0,negative,0,negative,negative,1,0,FinGPT-mt-Llama2-7B-LoRA,tfns,-9.839630126953125,0.3333333432674408,-9.839630126953125,0.3333333432674408,-9.839630126953125,0.3333333432674408
2272,"Tyson Foods -4% after chicken, beef sales disappoint",0,negative,0,negative,negative,1,0,FinGPT-mt-Llama2-7B-LoRA,tfns,-10.133540153503418,0.3333333432674408,-10.133540153503418,0.3333333432674408,-10.133540153503418,0.3333333432674408
2273,"Uber's $UBER share price is down approximately 29% since its IPO in May 2019, while the S&P 500 is up nearly 8% dur… https://t.co/V7eqP2opTW",0,negative,0,negative,negative,1,0,FinGPT-mt-Llama2-7B-LoRA,tfns,-9.771256446838379,0.3333333432674408,-9.771256446838379,0.3333333432674408,-9.771256446838379,0.3333333432674408
2274,Varonis -6% on wider-than-expected loss forecast,0,negative,0,negative,negative,1,0,FinGPT-mt-Llama2-7B-LoRA,tfns,-10.19355297088623,0.3333333432674408,-10.19355297088623,0.3333333432674408,-10.19355297088623,0.3333333432674408
2275,Woodward ~6% post Q4 earnings miss,0,negative,0,negative,negative,1,0,FinGPT-mt-Llama2-7B-LoRA,tfns,-9.786974906921387,0.3333333432674408,-9.786974906921387,0.3333333432674408,-9.786974906921387,0.3333333432674408
2276,WWE -3.1% amid two-notch cut at Wells Fargo,0,negative,0,negative,negative,1,0,FinGPT-mt-Llama2-7B-LoRA,tfns,-10.202713966369629,0.3333333432674408,-10.202713966369629,0.3333333432674408,-10.202713966369629,0.3333333432674408
2277,WWE Plunges After Sales Forecast Uncovers Dismal Fan Engagement,0,negative,0,negative,negative,1,0,FinGPT-mt-Llama2-7B-LoRA,tfns,-10.134514808654785,0.3333333432674408,-10.134514808654785,0.3333333432674408,-10.134514808654785,0.3333333432674408
2278,"Zoom shares slip over security concerns, rising competition https://t.co/9LgzbL552F https://t.co/VSENzzofYP",0,negative,0,negative,negative,1,0,FinGPT-mt-Llama2-7B-LoRA,tfns,-9.852180480957031,0.3333333432674408,-9.852180480957031,0.3333333432674408,-9.852180480957031,0.3333333432674408
2279,"Zoom shares slip over security concerns, rising competition https://t.co/u0l97LVQDa https://t.co/dcVT5Zzh2L",0,negative,0,negative,negative,1,0,FinGPT-mt-Llama2-7B-LoRA,tfns,-9.844698905944824,0.3333333432674408,-9.844698905944824,0.3333333432674408,-9.844698905944824,0.3333333432674408
2280,$AAPL (+0.2% pre) Apple to expand operations in India: IT minister https://t.co/1DmAytdTR0,2,positive,2,positive,positive,1,0,FinGPT-mt-Llama2-7B-LoRA,tfns,-10.84743595123291,0.3333333432674408,-10.84743595123291,0.3333333432674408,-10.84743595123291,0.3333333432674408
2281,"$AAXN gapped up on earnings, up 24.57% on 6x average volume. It cleared the top of its earnings gap up at 71. On wa… https://t.co/1e7NB4TsUa",2,positive,2,positive,positive,1,0,FinGPT-mt-Llama2-7B-LoRA,tfns,-10.552943229675293,0.3333333432674408,-10.552943229675293,0.3333333432674408,-10.552943229675293,0.3333333432674408
2282,$AVDL (+2.7% pre) Avadel Pharmaceuticals Achieves Enrollment Target in REST-ON Phase 3 Pivotal Trial of FT218 for E… https://t.co/sz4WqZbAac,2,positive,2,positive,positive,1,0,FinGPT-mt-Llama2-7B-LoRA,tfns,-10.092801094055176,0.3333333432674408,-10.092801094055176,0.3333333432674408,-10.092801094055176,0.3333333432674408
2283,$BXRX - Baudax Bio +7% premarket on Anjeso launch in U.S. https://t.co/2hI5uKFCHw,2,positive,2,positive,positive,1,0,FinGPT-mt-Llama2-7B-LoRA,tfns,-10.72722053527832,0.3333333432674408,-10.72722053527832,0.3333333432674408,-10.72722053527832,0.3333333432674408
2284,$CANF (+20.3% pre) Can-Fite BioPharma (CANF) Announces Positive Top Line Results from its Phase II NASH Study with… https://t.co/HLKZq00QPy,2,positive,2,positive,positive,1,0,FinGPT-mt-Llama2-7B-LoRA,tfns,-10.700736045837402,0.3333333432674408,-10.700736045837402,0.3333333432674408,-10.700736045837402,0.3333333432674408
2285,$CC $MMM $DD - PFAS chemical makers climb as Congress makes no decision https://t.co/cthudaPdFL,2,positive,2,positive,positive,1,0,FinGPT-mt-Llama2-7B-LoRA,tfns,-9.641820907592773,0.3333333432674408,-9.641820907592773,0.3333333432674408,-9.641820907592773,0.3333333432674408
2286,$CGC - Canopy Growth +4% premarket on new cannabis license for Smiths Falls facility https://t.co/FYvMKq9dAf,2,positive,2,positive,positive,1,0,FinGPT-mt-Llama2-7B-LoRA,tfns,-10.791633605957031,0.3333333432674408,-10.791633605957031,0.3333333432674408,-10.791633605957031,0.3333333432674408
2287,$DPW (+90.0% pre) DPW Holdings Announces That Its Coolisys Power Electronics Business Sees Increased Offshore Manuf… https://t.co/DwW8Lz0dDd,2,positive,2,positive,positive,1,0,FinGPT-mt-Llama2-7B-LoRA,tfns,-10.488173484802246,0.3333333432674408,-10.488173484802246,0.3333333432674408,-10.488173484802246,0.3333333432674408
2288,$ENOB (+17.5% pre) Enochian Biosciences (ENOB) Expands Infectious Disease Pipeline by Entering Pact to Acquire Excl… https://t.co/NP7PYIkHtt,2,positive,2,positive,positive,1,0,FinGPT-mt-Llama2-7B-LoRA,tfns,-10.671034812927246,0.3333333432674408,-10.671034812927246,0.3333333432674408,-10.671034812927246,0.3333333432674408
2289,"$HCHC (+5.7% pre) HC2 Holdings (HCHC) in Advanced Discussions to Sell Continental Insurance, Retains Advisor to Exp… https://t.co/a36tqbUnUy",2,positive,2,positive,positive,1,0,FinGPT-mt-Llama2-7B-LoRA,tfns,-10.117045402526855,0.3333333432674408,-10.117045402526855,0.3333333432674408,-10.117045402526855,0.3333333432674408
2290,$ICPT - FDA OKs Intercept’s NDA for obeticholic acid; shares up 5% premarket https://t.co/VgfLhFDoWm,2,positive,2,positive,positive,1,0,FinGPT-mt-Llama2-7B-LoRA,tfns,-10.85302448272705,0.3333333432674408,-10.85302448272705,0.3333333432674408,-10.85302448272705,0.3333333432674408
2291,"$JAN (+92.2% pre) JanOne entered into a Patent and Know How License Agreement with UAB Research Foundation, TheraVa… https://t.co/lNeVmJnG1c",2,positive,2,positive,positive,1,0,FinGPT-mt-Llama2-7B-LoRA,tfns,-10.423458099365234,0.3333333432674408,-10.423458099365234,0.3333333432674408,-10.423458099365234,0.3333333432674408
2292,"$JKHY day highs and clearing resistance, name not far from its record highs",2,positive,2,positive,positive,1,0,FinGPT-mt-Llama2-7B-LoRA,tfns,-10.414225578308105,0.3333333432674408,-10.414225578308105,0.3333333432674408,-10.414225578308105,0.3333333432674408
2293,$KOD $REGN - Kodiak Sciences up 9% on positive early-stage KSI-301 data https://t.co/Dixe4svpxG,2,positive,2,positive,positive,1,0,FinGPT-mt-Llama2-7B-LoRA,tfns,-10.819842338562012,0.3333333432674408,-10.819842338562012,0.3333333432674408,-10.819842338562012,0.3333333432674408
2294,"$LIVX (+16.8% pre) LiveXLive Media (LIVX), Samsung Announce Production And Distribution Partnership - SI - SI https://t.co/us7jsZ5apN",2,positive,2,positive,positive,1,0,FinGPT-mt-Llama2-7B-LoRA,tfns,-10.607460021972656,0.3333333432674408,-10.607460021972656,0.3333333432674408,-10.607460021972656,0.3333333432674408
2295,$LMNX - Luminex Q1 revenue tops guidance; shares up 7% after hours https://t.co/plWYnRO6A1,2,positive,2,positive,positive,1,0,FinGPT-mt-Llama2-7B-LoRA,tfns,-10.665448188781738,0.3333333432674408,-10.665448188781738,0.3333333432674408,-10.665448188781738,0.3333333432674408
2296,"$M (+11.7% pre) Macy's finance chief Paula Price to step down in May - SI

https://t.co/qKgwR2a9Ft",2,positive,1,neutral,neutral,0,0,FinGPT-mt-Llama2-7B-LoRA,tfns,-9.868403434753418,0.3333333432674408,-9.868403434753418,0.3333333432674408,-9.868403434753418,0.3333333432674408
2297,"$MGI (+4.2% pre) Ripple Makes Investment in MoneyGram Equity to Complete Original Investment Commitment, Expansion… https://t.co/CbJ8u15z83",2,positive,2,positive,positive,1,0,FinGPT-mt-Llama2-7B-LoRA,tfns,-10.441544532775879,0.3333333432674408,-10.441544532775879,0.3333333432674408,-10.441544532775879,0.3333333432674408
2298,$MTH - Meritage Homes 1Q20 orders rise 23% Y/Y; shares up ~20% https://t.co/wByVa9hi30,2,positive,2,positive,positive,1,0,FinGPT-mt-Llama2-7B-LoRA,tfns,-10.541510581970215,0.3333333432674408,-10.541510581970215,0.3333333432674408,-10.541510581970215,0.3333333432674408
2299,$NSPR - InspireMD chief to step down; shares up 3% https://t.co/nw4ii9SQFu,2,positive,2,positive,positive,1,0,FinGPT-mt-Llama2-7B-LoRA,tfns,-10.31180191040039,0.3333333432674408,-10.31180191040039,0.3333333432674408,-10.31180191040039,0.3333333432674408
2300,$NTLA $EDIT $CRSP - Intellia up 5% on new data from CRSPR/Cas9 programs https://t.co/We4Yiy0bs8,2,positive,2,positive,positive,1,0,FinGPT-mt-Llama2-7B-LoRA,tfns,-10.8199462890625,0.3333333432674408,-10.8199462890625,0.3333333432674408,-10.8199462890625,0.3333333432674408
2301,$NVCR shows institutional accumulation with blue skyscraper last week and closing near highs. Forms a cup base with… https://t.co/s6fdABDVVW,2,positive,2,positive,positive,1,0,FinGPT-mt-Llama2-7B-LoRA,tfns,-10.495463371276855,0.3333333432674408,-10.495463371276855,0.3333333432674408,-10.495463371276855,0.3333333432674408
2302,$ONVO - Organovo stockholders nix Tarveda merger; shares up 2% after hours https://t.co/3tGA8kVpl2,2,positive,2,positive,positive,1,0,FinGPT-mt-Llama2-7B-LoRA,tfns,-10.195270538330078,0.3333333432674408,-10.195270538330078,0.3333333432674408,-10.195270538330078,0.3333333432674408
2303,$PACD Added + shares on pullback. BORR +130% they will find this sympathy play very soon. Money will flow into this… https://t.co/0PTZlnV1ps,2,positive,2,positive,positive,1,0,FinGPT-mt-Llama2-7B-LoRA,tfns,-10.490029335021973,0.3333333432674408,-10.490029335021973,0.3333333432674408,-10.490029335021973,0.3333333432674408
2304,"$PSTI (+56.3% pre) Pluristem Reports Preliminary Data from its COVID-19 Compassionate Use Program, Treating Seven P… https://t.co/hke1zV8mkt",2,positive,2,positive,positive,1,0,FinGPT-mt-Llama2-7B-LoRA,tfns,-10.492252349853516,0.3333333432674408,-10.492252349853516,0.3333333432674408,-10.492252349853516,0.3333333432674408
2305,$SRNE (+36.3% pre) Sorrento Therapeutics shares soar 25% after it rejects offer from two companies - MW https://t.co/5WB1nxwKVn,2,positive,2,positive,positive,1,0,FinGPT-mt-Llama2-7B-LoRA,tfns,-10.155329704284668,0.3333333432674408,-10.155329704284668,0.3333333432674408,-10.155329704284668,0.3333333432674408
2306,"$SSL $CHMI $CANF - RTX, SKT among premarket gainers https://t.co/YC36Ef6fZt",2,positive,2,positive,positive,1,0,FinGPT-mt-Llama2-7B-LoRA,tfns,-10.308061599731445,0.3333333432674408,-10.308061599731445,0.3333333432674408,-10.308061599731445,0.3333333432674408
2307,"$STZ (+4.9% pre) UBS Upgrades Constellation Brands (STZ) to Buy, $180 PT

https://t.co/y3Tfnn7kfo",2,positive,2,positive,positive,1,0,FinGPT-mt-Llama2-7B-LoRA,tfns,-10.78982162475586,0.3333333432674408,-10.78982162475586,0.3333333432674408,-10.78982162475586,0.3333333432674408
2308,"$TIF (+5.6% pre) LVMH aims to restore Tiffany's sparkle with $16.2 billion takeover - Reuters

https://t.co/6rlL3xPZWj",2,positive,2,positive,positive,1,0,FinGPT-mt-Llama2-7B-LoRA,tfns,-10.725604057312012,0.3333333432674408,-10.725604057312012,0.3333333432674408,-10.725604057312012,0.3333333432674408
2309,$TSLA +7% in pm (BLOG IDEA). Breaking out of the bullish flag that i mentioned several times last week.,2,positive,2,positive,positive,1,0,FinGPT-mt-Llama2-7B-LoRA,tfns,-10.66050910949707,0.3333333432674408,-10.66050910949707,0.3333333432674408,-10.66050910949707,0.3333333432674408
2310,"$VRNS (+0.0% pre) Varonis Systems reports preliminary Q1 - SA

https://t.co/ORtdEEogHg",2,positive,2,positive,positive,1,0,FinGPT-mt-Llama2-7B-LoRA,tfns,-10.479290962219238,0.3333333432674408,-10.479290962219238,0.3333333432674408,-10.479290962219238,0.3333333432674408
2311,"$XOM (+5.8% pre) Exxon cuts full-year capex forecast by 30%, maintains long-term outlook - SA

https://t.co/zXwoE1Emyq",2,positive,0,negative,negative,0,0,FinGPT-mt-Llama2-7B-LoRA,tfns,-9.866353034973145,0.3333333432674408,-9.866353034973145,0.3333333432674408,-9.866353034973145,0.3333333432674408
2312,$ZIOP (+6.4% pre) Ziopharm Oncology Presents Encouraging Clinical Data for Controlled IL-12 for the Treatment of Re… https://t.co/F5WFn7CrP6,2,positive,2,positive,positive,1,0,FinGPT-mt-Llama2-7B-LoRA,tfns,-10.732592582702637,0.3333333432674408,-10.732592582702637,0.3333333432674408,-10.732592582702637,0.3333333432674408
2313,"$ZS (+3.6% pre) BofA/Merrill Lynch Upgrades Zscaler (ZS) to Buy; Cyber Security Opportunity Too Big to Ignore, $68… https://t.co/CJBmEfW5tG",2,positive,2,positive,positive,1,0,FinGPT-mt-Llama2-7B-LoRA,tfns,-10.788908004760742,0.3333333432674408,-10.788908004760742,0.3333333432674408,-10.788908004760742,0.3333333432674408
2314,AbbVie stock jumps 2.6% premarket,2,positive,2,positive,positive,1,0,FinGPT-mt-Llama2-7B-LoRA,tfns,-10.538976669311523,0.3333333432674408,-10.538976669311523,0.3333333432674408,-10.538976669311523,0.3333333432674408
2315,AIA's announcement of a new CEO sends shares higher in Hong Kong https://t.co/vVmrVJVl90 https://t.co/6sb0BnZHx6,2,positive,2,positive,positive,1,0,FinGPT-mt-Llama2-7B-LoRA,tfns,-10.327596664428711,0.3333333432674408,-10.327596664428711,0.3333333432674408,-10.327596664428711,0.3333333432674408
2316,AMC Entertainment rallies after big Frozen 2 weekend,2,positive,2,positive,positive,1,0,FinGPT-mt-Llama2-7B-LoRA,tfns,-10.72228717803955,0.3333333432674408,-10.72228717803955,0.3333333432674408,-10.72228717803955,0.3333333432674408
2317,"ArcelorMittal shares surge on higher operating profit, dividend than expected",2,positive,2,positive,positive,1,0,FinGPT-mt-Llama2-7B-LoRA,tfns,-10.657944679260254,0.3333333432674408,-10.657944679260254,0.3333333432674408,-10.657944679260254,0.3333333432674408
2318,Argo Group gains 2.2% after moving to refresh board,2,positive,2,positive,positive,1,0,FinGPT-mt-Llama2-7B-LoRA,tfns,-10.601091384887695,0.3333333432674408,-10.601091384887695,0.3333333432674408,-10.601091384887695,0.3333333432674408
2319,Athenex up 28% on expected positive data on oral paclitaxel,2,positive,2,positive,positive,1,0,FinGPT-mt-Llama2-7B-LoRA,tfns,-10.658652305603027,0.3333333432674408,-10.658652305603027,0.3333333432674408,-10.658652305603027,0.3333333432674408
2320,Aurora beefs up leadership team; shares up 3% premarket,2,positive,2,positive,positive,1,0,FinGPT-mt-Llama2-7B-LoRA,tfns,-10.474287986755371,0.3333333432674408,-10.474287986755371,0.3333333432674408,-10.474287986755371,0.3333333432674408
2321,Bill.com +72% in trading debut,2,positive,2,positive,positive,1,0,FinGPT-mt-Llama2-7B-LoRA,tfns,-10.416372299194336,0.3333333432674408,-10.416372299194336,0.3333333432674408,-10.416372299194336,0.3333333432674408
2322,BioLineRx reports data on triple combination arm of COMBAT/KEYNOTE-202 study; shares up 21% premarket,2,positive,2,positive,positive,1,0,FinGPT-mt-Llama2-7B-LoRA,tfns,-10.598353385925293,0.3333333432674408,-10.598353385925293,0.3333333432674408,-10.598353385925293,0.3333333432674408
2323,Brazil broker XP surges in debut after $1.96 billion U.S. IPO https://t.co/JCpfrpsjX4 via @business https://t.co/WTr4j8LUbO,2,positive,2,positive,positive,1,0,FinGPT-mt-Llama2-7B-LoRA,tfns,-10.372906684875488,0.3333333432674408,-10.372906684875488,0.3333333432674408,-10.372906684875488,0.3333333432674408
2324,Bristol-Myers +3% premarket on Q4 beat,2,positive,2,positive,positive,1,0,FinGPT-mt-Llama2-7B-LoRA,tfns,-10.784684181213379,0.3333333432674408,-10.784684181213379,0.3333333432674408,-10.784684181213379,0.3333333432674408
2325,Canopy Growth +4% premarket on new cannabis license for Smiths Falls facility,2,positive,2,positive,positive,1,0,FinGPT-mt-Llama2-7B-LoRA,tfns,-10.781669616699219,0.3333333432674408,-10.781669616699219,0.3333333432674408,-10.781669616699219,0.3333333432674408
2326,Carnival's stock soars after Saudi sovereign wealth fund takes stake in the crippled cruise company https://t.co/IFYPXCDpja,2,positive,2,positive,positive,1,0,FinGPT-mt-Llama2-7B-LoRA,tfns,-10.726969718933105,0.3333333432674408,-10.726969718933105,0.3333333432674408,-10.726969718933105,0.3333333432674408
2327,Co-Diagnostics up 36% on coronavirus test sales,2,positive,2,positive,positive,1,0,FinGPT-mt-Llama2-7B-LoRA,tfns,-10.658284187316895,0.3333333432674408,-10.658284187316895,0.3333333432674408,-10.658284187316895,0.3333333432674408
2328,Eidos up 13% on sustained benefit of AG10 in ATTR-CM,2,positive,2,positive,positive,1,0,FinGPT-mt-Llama2-7B-LoRA,tfns,-10.536897659301758,0.3333333432674408,-10.536897659301758,0.3333333432674408,-10.536897659301758,0.3333333432674408
2329,Endonovo up 35% on SofPulse collaboration,2,positive,2,positive,positive,1,0,FinGPT-mt-Llama2-7B-LoRA,tfns,-10.78217601776123,0.3333333432674408,-10.78217601776123,0.3333333432674408,-10.78217601776123,0.3333333432674408
2330,Extreme Networks stock up 2.6% premarket,2,positive,2,positive,positive,1,0,FinGPT-mt-Llama2-7B-LoRA,tfns,-10.601496696472168,0.3333333432674408,-10.601496696472168,0.3333333432674408,-10.601496696472168,0.3333333432674408
2331,"Gap ticks higher despite lowered full-year comps, which point to a bah humbug holiday quarter https://t.co/M4f8u4Zza2 $GPS",2,positive,2,positive,positive,1,0,FinGPT-mt-Llama2-7B-LoRA,tfns,-10.546961784362793,0.3333333432674408,-10.546961784362793,0.3333333432674408,-10.546961784362793,0.3333333432674408
2332,Intelsat +10%; Height expects C-band payout to rise,2,positive,2,positive,positive,1,0,FinGPT-mt-Llama2-7B-LoRA,tfns,-10.658960342407227,0.3333333432674408,-10.658960342407227,0.3333333432674408,-10.658960342407227,0.3333333432674408
2333,"Intelsat's stock bounces 6.6% premarket, after plummeting 55% over the past 2 days to 19-mo. low",2,positive,2,positive,positive,1,0,FinGPT-mt-Llama2-7B-LoRA,tfns,-9.91991138458252,0.3333333432674408,-9.91991138458252,0.3333333432674408,-9.91991138458252,0.3333333432674408
2334,Kodiak Sciences up 9% on positive early-stage KSI-301 data,2,positive,2,positive,positive,1,0,FinGPT-mt-Llama2-7B-LoRA,tfns,-10.782569885253906,0.3333333432674408,-10.782569885253906,0.3333333432674408,-10.782569885253906,0.3333333432674408
2335,LiveXLive +23% on Samsung tie-up,2,positive,2,positive,positive,1,0,FinGPT-mt-Llama2-7B-LoRA,tfns,-10.601194381713867,0.3333333432674408,-10.601194381713867,0.3333333432674408,-10.601194381713867,0.3333333432674408
2336,"Marriott Up Over 14%, on Pace for Largest Percent Increase Since December 2008 -- Data Tal...… https://t.co/WMIRbwXDRt",2,positive,2,positive,positive,1,0,FinGPT-mt-Llama2-7B-LoRA,tfns,-10.492860794067383,0.3333333432674408,-10.492860794067383,0.3333333432674408,-10.492860794067383,0.3333333432674408
2337,"Medtronic's stock surges after earnings rise above expectations, and outlook raised",2,positive,2,positive,positive,1,0,FinGPT-mt-Llama2-7B-LoRA,tfns,-10.71997356414795,0.3333333432674408,-10.71997356414795,0.3333333432674408,-10.71997356414795,0.3333333432674408
2338,National Oilwell Varco +10% after Q4 results,2,positive,2,positive,positive,1,0,FinGPT-mt-Llama2-7B-LoRA,tfns,-10.72120475769043,0.3333333432674408,-10.72120475769043,0.3333333432674408,-10.72120475769043,0.3333333432674408
2339,Nio Shares Continue Higher Despite Predictions Of Record Plunge In Chinese Auto Sales,2,positive,2,positive,positive,1,0,FinGPT-mt-Llama2-7B-LoRA,tfns,-10.081046104431152,0.3333333432674408,-10.081046104431152,0.3333333432674408,-10.081046104431152,0.3333333432674408
2340,One Medical parent 1Life Healthcare stock soars 38% in early debut trading https://t.co/dRNcVEH6ob,2,positive,2,positive,positive,1,0,FinGPT-mt-Llama2-7B-LoRA,tfns,-10.42188835144043,0.3333333432674408,-10.42188835144043,0.3333333432674408,-10.42188835144043,0.3333333432674408
2341,Qiagen shares surge as diagnostics group says open to takeover talks,2,positive,2,positive,positive,1,0,FinGPT-mt-Llama2-7B-LoRA,tfns,-10.720792770385742,0.3333333432674408,-10.720792770385742,0.3333333432674408,-10.720792770385742,0.3333333432674408
2342,RealNetworks CEO Rob Glaser to invest into the Company; shares +12%,2,positive,2,positive,positive,1,0,FinGPT-mt-Llama2-7B-LoRA,tfns,-10.472926139831543,0.3333333432674408,-10.472926139831543,0.3333333432674408,-10.472926139831543,0.3333333432674408
2343,Sanofi Q4 top-line up 7%; shares up 3% premarket,2,positive,2,positive,positive,1,0,FinGPT-mt-Llama2-7B-LoRA,tfns,-10.536775588989258,0.3333333432674408,-10.536775588989258,0.3333333432674408,-10.536775588989258,0.3333333432674408
2344,ServiceNow stock up 4% on news it is joining the S&P 500,2,positive,2,positive,positive,1,0,FinGPT-mt-Llama2-7B-LoRA,tfns,-10.658711433410645,0.3333333432674408,-10.658711433410645,0.3333333432674408,-10.658711433410645,0.3333333432674408
2345,Shares of SoftBank-backed OneConnect rise 5% in U.S. market debut,2,positive,2,positive,positive,1,0,FinGPT-mt-Llama2-7B-LoRA,tfns,-10.601618766784668,0.3333333432674408,-10.601618766784668,0.3333333432674408,-10.601618766784668,0.3333333432674408
2346,Splunk boosted on FCF potential; shares +3.4%,2,positive,2,positive,positive,1,0,FinGPT-mt-Llama2-7B-LoRA,tfns,-10.477498054504395,0.3333333432674408,-10.477498054504395,0.3333333432674408,-10.477498054504395,0.3333333432674408
2347,Splunk sees its biggest surge in a year after reporting strong third-quarter sales. Bloomberg's Taylor Riggs… https://t.co/oAFf2pMKTX,2,positive,2,positive,positive,1,0,FinGPT-mt-Llama2-7B-LoRA,tfns,-10.379629135131836,0.3333333432674408,-10.379629135131836,0.3333333432674408,-10.379629135131836,0.3333333432674408
2348,Starbucks climbs as Pershing reinvests with $720 million stake https://t.co/AZQ6aJrAQM,2,positive,2,positive,positive,1,0,FinGPT-mt-Llama2-7B-LoRA,tfns,-10.604056358337402,0.3333333432674408,-10.604056358337402,0.3333333432674408,-10.604056358337402,0.3333333432674408
2349,Stock Market Update: Amazon and Microsoft hit new highs,2,positive,2,positive,positive,1,0,FinGPT-mt-Llama2-7B-LoRA,tfns,-10.53191089630127,0.3333333432674408,-10.53191089630127,0.3333333432674408,-10.53191089630127,0.3333333432674408
2350,"Tesla Tops $900 in Parabolic Surge, Spurring Analyst Downgrade",2,positive,0,negative,negative,0,0,FinGPT-mt-Llama2-7B-LoRA,tfns,-9.687949180603027,0.3333333432674408,-9.687949180603027,0.3333333432674408,-9.687949180603027,0.3333333432674408
2351,"Tesla's stock ticks up after Deutsche Bank lifts price target, which implies an 18% decline",2,positive,2,positive,positive,1,0,FinGPT-mt-Llama2-7B-LoRA,tfns,-10.847070693969727,0.3333333432674408,-10.847070693969727,0.3333333432674408,-10.847070693969727,0.3333333432674408
2352,Transocean up 4% on new $91M contract,2,positive,2,positive,positive,1,0,FinGPT-mt-Llama2-7B-LoRA,tfns,-10.720511436462402,0.3333333432674408,-10.720511436462402,0.3333333432674408,-10.720511436462402,0.3333333432674408
2353,Trevena refiles U.S. application for IV oliceridine; shares up 6%,2,positive,2,positive,positive,1,0,FinGPT-mt-Llama2-7B-LoRA,tfns,-10.536195755004883,0.3333333432674408,-10.536195755004883,0.3333333432674408,-10.536195755004883,0.3333333432674408
2354,Unisys's stock soars 16% premarket after sale of U.S. Federal business for $1.2 bln,2,positive,2,positive,positive,1,0,FinGPT-mt-Llama2-7B-LoRA,tfns,-10.658673286437988,0.3333333432674408,-10.658673286437988,0.3333333432674408,-10.658673286437988,0.3333333432674408
2355,Wayfair soared as much as 51% after the online home-goods retailer said first-quarter net revenue growth would at l… https://t.co/aGZUiKSDvu,2,positive,2,positive,positive,1,0,FinGPT-mt-Llama2-7B-LoRA,tfns,-10.431571006774902,0.3333333432674408,-10.431571006774902,0.3333333432674408,-10.431571006774902,0.3333333432674408
2356,$SCANX: Today's biggest % gainers/losers https://t.co/DmtfA3iwPi,1,neutral,1,neutral,neutral,1,0,FinGPT-mt-Llama2-7B-LoRA,tfns,-9.829080581665039,0.3333333432674408,-9.829080581665039,0.3333333432674408,-9.829080581665039,0.3333333432674408
2357,"$SUMRX: Gapping up/down: ABB +4%, MCHP +3%, NVO +3%, HUM +2% and CMG +1.6% after earnings, RDS.A +2% and TOL +2%... https://t.co/P30bZdswdX",1,neutral,2,positive,positive,0,0,FinGPT-mt-Llama2-7B-LoRA,tfns,-9.96711254119873,0.3333333432674408,-9.96711254119873,0.3333333432674408,-9.96711254119873,0.3333333432674408
2358,"$SUMRX: Gapping up/down: DOCU +10.5%, ULTA +9%, AOBC +7%, BIG +7%, CLDR +6.5% and CRWD +5% after earnings, TTD +5%.… https://t.co/a5vlQXPdji",1,neutral,2,positive,positive,0,0,FinGPT-mt-Llama2-7B-LoRA,tfns,-10.034764289855957,0.3333333432674408,-10.034764289855957,0.3333333432674408,-10.034764289855957,0.3333333432674408
2359,Darling Ingredients and Vertex Energy among industrial gainers; DMC Global tops losers,1,neutral,2,positive,positive,0,0,FinGPT-mt-Llama2-7B-LoRA,tfns,-10.36773681640625,0.3333333432674408,-10.36773681640625,0.3333333432674408,-10.36773681640625,0.3333333432674408
2360,Dixie Group leads industrial gainers; Ballard Power Systems among the losers,1,neutral,1,neutral,neutral,1,0,FinGPT-mt-Llama2-7B-LoRA,tfns,-9.826464653015137,0.3333333432674408,-9.826464653015137,0.3333333432674408,-9.826464653015137,0.3333333432674408
2361,Forescout shares halted for the news,1,neutral,1,neutral,neutral,1,0,FinGPT-mt-Llama2-7B-LoRA,tfns,-9.945464134216309,0.3333333432674408,-9.945464134216309,0.3333333432674408,-9.945464134216309,0.3333333432674408
2362,Iconix Brand leads consumer gainers; Pitney Bowes leads the losers,1,neutral,1,neutral,neutral,1,0,FinGPT-mt-Llama2-7B-LoRA,tfns,-10.202197074890137,0.3333333432674408,-10.202197074890137,0.3333333432674408,-10.202197074890137,0.3333333432674408
2363,Lithium Americas and Gulf Resources among Energy/Materials gainers; ION Geophysical and Contura Energy among losers,1,neutral,1,neutral,neutral,1,0,FinGPT-mt-Llama2-7B-LoRA,tfns,-9.731850624084473,0.3333333432674408,-9.731850624084473,0.3333333432674408,-9.731850624084473,0.3333333432674408
2364,Marvell Technology (MRVL) Gains As Market Dips: What You Should Know - Nasdaq,1,neutral,2,positive,positive,0,0,FinGPT-mt-Llama2-7B-LoRA,tfns,-10.48274040222168,0.3333333432674408,-10.48274040222168,0.3333333432674408,-10.48274040222168,0.3333333432674408
2365,Peloton Interactive among consumer gainers; Pyxus International among losers,1,neutral,1,neutral,neutral,1,0,FinGPT-mt-Llama2-7B-LoRA,tfns,-10.195014953613281,0.3333333432674408,-10.195014953613281,0.3333333432674408,-10.195014953613281,0.3333333432674408
2366,Sarepta Therapeutics leads healthcare gainers; OncoSec Medical among losers,1,neutral,1,neutral,neutral,1,0,FinGPT-mt-Llama2-7B-LoRA,tfns,-9.652522087097168,0.3333333432674408,-9.652522087097168,0.3333333432674408,-9.652522087097168,0.3333333432674408
2367,Stabilis Energy and Yuma Energy among Energy/Materials gainers; Trilogy Metals  and Range Resources among losers,1,neutral,1,neutral,neutral,1,0,FinGPT-mt-Llama2-7B-LoRA,tfns,-9.773566246032715,0.3333333432674408,-9.773566246032715,0.3333333432674408,-9.773566246032715,0.3333333432674408
2368,"Stocks making the biggest moves midday: TD Ameritrade, Tiffany, Uber, Hasbro & more https://t.co/gJM9nLZlzL",1,neutral,1,neutral,neutral,1,0,FinGPT-mt-Llama2-7B-LoRA,tfns,-10.707728385925293,0.3333333432674408,-10.707728385925293,0.3333333432674408,-10.707728385925293,0.3333333432674408
2369,"Stocks making the biggest moves premarket: Fitbit, Xerox, Ford, Five Below, TripAdvisor & more",1,neutral,1,neutral,neutral,1,0,FinGPT-mt-Llama2-7B-LoRA,tfns,-10.960697174072266,0.3333333432674408,-10.960697174072266,0.3333333432674408,-10.960697174072266,0.3333333432674408
2370,"Stocks making the biggest moves premarket: Home Depot, Kohl's, Disney, Broadcom & more",1,neutral,1,neutral,neutral,1,0,FinGPT-mt-Llama2-7B-LoRA,tfns,-10.838500022888184,0.3333333432674408,-10.838500022888184,0.3333333432674408,-10.838500022888184,0.3333333432674408
2371,"Stocks making the biggest moves premarket: TD Ameritrade, Charles Schwab, Tesla & more https://t.co/gvK766Jmmm",1,neutral,1,neutral,neutral,1,0,FinGPT-mt-Llama2-7B-LoRA,tfns,-10.832395553588867,0.3333333432674408,-10.832395553588867,0.3333333432674408,-10.832395553588867,0.3333333432674408
2372,"TCO, NNVC, GPOR and JE among midday movers",1,neutral,1,neutral,neutral,1,0,FinGPT-mt-Llama2-7B-LoRA,tfns,-10.83176326751709,0.3333333432674408,-10.83176326751709,0.3333333432674408,-10.83176326751709,0.3333333432674408
