index,sentence,gold_id,gold_label,pred_id,pred_label,raw_output,correct,unparseable,model,dataset,logprob_negative,score_negative,logprob_neutral,score_neutral,logprob_positive,score_positive
0,$ALLY - Ally Financial pulls outlook https://t.co/G9Zdi1boy5,0,negative,0,negative,Negative,1,0,FinGPT-Llama-3-8B-LoRA,tfns,-11.636688232421875,0.5610029697418213,-11.886688232421875,0.436909556388855,-17.230438232421875,0.0020875190384685993
1,"$DELL $HPE - Dell, HPE targets trimmed on compute headwinds https://t.co/YRUHZw7cYl",0,negative,-1,UNPARSEABLE,,0,1,FinGPT-Llama-3-8B-LoRA,tfns,-11.582035064697266,0.7894747257232666,-12.957035064697266,0.19961047172546387,-15.863285064697266,0.01091478019952774
2,$PRTY - Moody's turns negative on Party City https://t.co/MBD5TFGC4P,0,negative,0,negative,Negative,1,0,FinGPT-Llama-3-8B-LoRA,tfns,-10.044833183288574,0.9340484738349915,-12.732333183288574,0.0635627955198288,-16.013582229614258,0.0023887716233730316
3,$SAN: Deutsche Bank cuts to Hold,0,negative,0,negative,Negative,1,0,FinGPT-Llama-3-8B-LoRA,tfns,-10.285625457763672,0.81653892993927,-11.785625457763672,0.18219445645809174,-16.754375457763672,0.0012665853137150407
4,$SITC: Compass Point cuts to Sell,0,negative,0,negative,Negative,1,0,FinGPT-Llama-3-8B-LoRA,tfns,-10.12646484375,0.9135633111000061,-12.50146484375,0.08497462421655655,-16.56396484375,0.0014620692236348987
5,$TAP - Barclays cools on Molson Coors https://t.co/FJFsZWJHuH,0,negative,0,negative,Negative,1,0,FinGPT-Llama-3-8B-LoRA,tfns,-11.568341255187988,0.6069285869598389,-12.005841255187988,0.39186257123947144,-17.787092208862305,0.0012088387738913298
6,$TAP: Barclays cuts to Equal Weight,0,negative,1,neutral,Neutral,0,0,FinGPT-Llama-3-8B-LoRA,tfns,-10.129326820373535,0.6213729381561279,-10.629326820373535,0.37688174843788147,-16.00432586669922,0.0017453106120228767
7,"Analysts Eviscerate Musk's Cybertruck: ""0% Of Responses Felt It Will Be A Success"" https://t.co/2NTzeZea4G",0,negative,0,negative,Negative,1,0,FinGPT-Llama-3-8B-LoRA,tfns,-11.33914852142334,0.6363402009010315,-11.90164852142334,0.3625756800174713,-17.714147567749023,0.0010840827599167824
8,Barclays assigns only a 20% chance that studies on a Gilead antiviral drug being done in China will succeed against… https://t.co/lIgDhy1Gli,0,negative,0,negative,Negative,1,0,FinGPT-Llama-3-8B-LoRA,tfns,-9.873468399047852,0.8689594864845276,-11.810968399047852,0.12518548965454102,-14.873468399047852,0.005855002906173468
9,BTIG points to breakfast pressure for Dunkin' Brands,0,negative,0,negative,Negative,1,0,FinGPT-Llama-3-8B-LoRA,tfns,-10.923226356506348,0.5592741370201111,-11.235726356506348,0.4091736972332001,-13.798226356506348,0.031552091240882874
10,"Children's Place downgraded to neutral from outperform at Wedbush, price target slashed to $60 from $130",0,negative,0,negative,Negative,1,0,FinGPT-Llama-3-8B-LoRA,tfns,-10.404987335205078,0.9541829824447632,-13.467487335205078,0.044627733528614044,-17.092487335205078,0.0011892887996509671
11,Clovis Oncology downgraded to in line from outperform at Evercore ISI,0,negative,0,negative,Negative,1,0,FinGPT-Llama-3-8B-LoRA,tfns,-11.150997161865234,0.8344987630844116,-12.775997161865234,0.16432254016399384,-17.713497161865234,0.0011786047834903002
12,Downgrades 4/7: $AAN $BDN $BECN $BTE $CDEV $CHK $COOP $CPE $CVA $DAN $DOC $DRH $EPR $ESRT $ETM $FAST $FBM $GM $GMS… https://t.co/CMXD50oQxI,0,negative,0,negative,Negative,1,0,FinGPT-Llama-3-8B-LoRA,tfns,-8.629447937011719,0.7794404029846191,-9.941947937011719,0.20978353917598724,-12.910697937011719,0.010776052251458168
13,Goldman pulls Progressive from Goldman's conviction list; shares -2.7%,0,negative,0,negative,Negative,1,0,FinGPT-Llama-3-8B-LoRA,tfns,-11.500581741333008,0.8721276521682739,-13.438081741333008,0.12564191222190857,-17.469331741333008,0.002230410696938634
14,Hanesbrands downgraded to underperform vs. neutral at BofA Merrill Lynch,0,negative,0,negative,Negative,1,0,FinGPT-Llama-3-8B-LoRA,tfns,-10.237613677978516,0.956576943397522,-13.362613677978516,0.042029060423374176,-16.768863677978516,0.0013939078198745847
15,Intelsat cut to Market Perform at Raymond James,0,negative,-1,UNPARSEABLE,,0,1,FinGPT-Llama-3-8B-LoRA,tfns,-11.071819305419922,0.7420695424079895,-12.134319305419922,0.25645238161087036,-17.290569305419922,0.0014780047349631786
16,LendingTree price target cut to $350 from $400 at SunTrust Robinson Humphrey,0,negative,0,negative,Negative,1,0,FinGPT-Llama-3-8B-LoRA,tfns,-11.80441665649414,0.8243296146392822,-13.36691665649414,0.17278887331485748,-17.46066665649414,0.0028815274126827717
17,Mizuho cuts XLNX target on near-term headwinds,0,negative,0,negative,Negative,1,0,FinGPT-Llama-3-8B-LoRA,tfns,-10.656291007995605,0.907658576965332,-12.968791007995605,0.08987037092447281,-16.562541961669922,0.002470986219123006
18,MPLX cut at Credit Suisse on potential dilution from Marathon strategic review,0,negative,0,negative,Negative,1,0,FinGPT-Llama-3-8B-LoRA,tfns,-10.28144645690918,0.8160210251808167,-11.78144645690918,0.18207891285419464,-16.34394645690918,0.001900163828395307
19,Netflix downgraded to underperform at Wells Fargo,0,negative,0,negative,Negative,1,0,FinGPT-Llama-3-8B-LoRA,tfns,-11.07347297668457,0.9486469626426697,-14.01097297668457,0.05027644708752632,-17.85472297668457,0.0010765771148726344
20,NortonLifeLock stock price target cut to $18 from $25 at Deutsche Bank,0,negative,0,negative,Negative,1,0,FinGPT-Llama-3-8B-LoRA,tfns,-11.757841110229492,0.8783347606658936,-13.757841110229492,0.11886967718601227,-17.507841110229492,0.0027955470141023397
21,Norwegian Cruise stock price target cut to $48 from $55 at CFRA,0,negative,0,negative,Negative,1,0,FinGPT-Llama-3-8B-LoRA,tfns,-11.905787467956543,0.824542224407196,-13.468287467956543,0.17283344268798828,-17.655786514282227,0.002624339424073696
22,Novus Therapeutics stock price target cut to $2.50 from $3.75 at Ascendiant Capital,0,negative,0,negative,Negative,1,0,FinGPT-Llama-3-8B-LoRA,tfns,-11.108945846557617,0.8965556621551514,-13.296445846557617,0.10059075802564621,-16.858945846557617,0.002853540237993002
23,Nutrien stock price target cut to $54 vs. $55 at BofA Merrill Lynch,0,negative,0,negative,Negative,1,0,FinGPT-Llama-3-8B-LoRA,tfns,-11.014369010925293,0.9032142758369446,-13.264369010925293,0.09519807994365692,-17.358118057250977,0.00158757995814085
24,Okta -2% on valuation downgrade,0,negative,0,negative,Negative,1,0,FinGPT-Llama-3-8B-LoRA,tfns,-11.86599349975586,0.9720976948738098,-15.42849349975586,0.02757629007101059,-19.86599349975586,0.00032610242487862706
25,Solarworlds stock price target cut to $23 vs. $24 at Instinet,0,negative,0,negative,Negative,1,0,FinGPT-Llama-3-8B-LoRA,tfns,-11.698776245117188,0.8505969047546387,-13.448776245117188,0.14781156182289124,-17.980026245117188,0.0015915181720629334
26,Trendforce cuts iPhone estimate after Foxconn delay,0,negative,0,negative,Negative,1,0,FinGPT-Llama-3-8B-LoRA,tfns,-10.544387817382812,0.8976112604141235,-12.731887817382812,0.10070918500423431,-16.825637817382812,0.0016794848488643765
27,"Wayfair price target lowered to $110 from $120 at Stifel, buy rating maintained",0,negative,0,negative,Negative,1,0,FinGPT-Llama-3-8B-LoRA,tfns,-11.271964073181152,0.7642465233802795,-12.459464073181152,0.23308199644088745,-16.92821502685547,0.002671498106792569
28,WWE stock price target cut to $58 from $92 at MKM Partners,0,negative,0,negative,Negative,1,0,FinGPT-Llama-3-8B-LoRA,tfns,-11.80421257019043,0.8580501675605774,-13.61671257019043,0.14007283747196198,-17.92921257019043,0.0018769771559163928
29,"$ABEO as expected, keeps going higher. Cantor doubled its price target this morning to $4",2,positive,2,positive,Positive,1,0,FinGPT-Llama-3-8B-LoRA,tfns,-15.125751495361328,0.0032992828637361526,-13.188251495361328,0.022901562973856926,-9.438251495361328,0.9737991690635681
30,$CACI - CACI gains a bull on growth acceleration https://t.co/VSXcxKpgly,2,positive,2,positive,Positive,1,0,FinGPT-Llama-3-8B-LoRA,tfns,-14.199341773986816,0.00425392622128129,-12.761841773986816,0.0179096981883049,-8.761841773986816,0.9778363704681396
31,$CNHI - CNH Industrial upped to Buy at Deutsche Bank on valuation https://t.co/w8VWmkTwAb,2,positive,2,positive,Positive,1,0,FinGPT-Llama-3-8B-LoRA,tfns,-13.809807777404785,0.005988546181470156,-12.716057777404785,0.017878498882055283,-8.716057777404785,0.9761329293251038
32,"$DVN $HES $VET - Devon Energy, Hess upgraded at J.P. Morgan on improved E&P outlook https://t.co/ULkUan1Vkq",2,positive,2,positive,Positive,1,0,FinGPT-Llama-3-8B-LoRA,tfns,-13.935748100280762,0.0031980988569557667,-11.966998100280762,0.022903885692358017,-8.216998100280762,0.9738979935646057
33,$ENR - Energizer shakes off JPMorgan's bear call https://t.co/w83qnp2ni5,2,positive,2,positive,Positive,1,0,FinGPT-Llama-3-8B-LoRA,tfns,-13.122056007385254,0.03598819673061371,-11.434556007385254,0.19455033540725708,-10.059556007385254,0.7694615125656128
34,$GOOS - Baird bullish on beat-up Canada Goose https://t.co/lMwTKDcG5R,2,positive,2,positive,Positive,1,0,FinGPT-Llama-3-8B-LoRA,tfns,-14.060267448425293,0.005348686128854752,-12.122767448425293,0.037127237766981125,-8.872767448425293,0.9575240612030029
35,$NKE - BMO Capital joins Nike bull camp https://t.co/diInCmHUi5,2,positive,2,positive,Positive,1,0,FinGPT-Llama-3-8B-LoRA,tfns,-13.962031364440918,0.006293230690062046,-11.712031364440918,0.05970850586891174,-8.962031364440918,0.9339982271194458
36,"$OIH $BKR $NOV - Buy oil service firms, Bernstein says after seven-year bearish view https://t.co/FFUM7WlJIZ",2,positive,-1,UNPARSEABLE,,0,1,FinGPT-Llama-3-8B-LoRA,tfns,-12.056220054626465,0.013545781373977661,-11.056220054626465,0.03682125359773636,-7.806219577789307,0.949633002281189
37,$SMPQY $HSIC $XRAY - Goldman ups view on Henry Schein in premarket analyst action https://t.co/ZjKejttior,2,positive,2,positive,Positive,1,0,FinGPT-Llama-3-8B-LoRA,tfns,-14.904674530029297,0.010471334680914879,-13.404674530029297,0.046929262578487396,-10.404674530029297,0.9425994157791138
38,$STML: Alliance Global Partners starts at Buy https://t.co/MCyfTsXc2N,2,positive,2,positive,Positive,1,0,FinGPT-Llama-3-8B-LoRA,tfns,-14.023019790649414,0.0037442967295646667,-10.960519790649414,0.08005659282207489,-8.523019790649414,0.9161992073059082
39,$URBN - Urban Outfitters stands out in mall sector - BofA https://t.co/pvig3M420p,2,positive,2,positive,Positive,1,0,FinGPT-Llama-3-8B-LoRA,tfns,-13.701507568359375,0.007659334223717451,-11.826507568359375,0.049945130944252014,-8.889007568359375,0.9423954486846924
40,$ZYME: H.C. Wainwright starts at Buy,2,positive,2,positive,Positive,1,0,FinGPT-Llama-3-8B-LoRA,tfns,-12.96811294555664,0.011200876906514168,-11.65561294555664,0.04161630943417549,-8.53061294555664,0.9471827745437622
41,Adobe price target raised to $350 vs. $320 at Canaccord,2,positive,2,positive,Positive,1,0,FinGPT-Llama-3-8B-LoRA,tfns,-16.87428092956543,0.00621689623221755,-14.968031883239746,0.041826073080301285,-11.843031883239746,0.9519569873809814
42,AM Best Revises Outlooks to Positive for Pacífico Compañía de Seguros y Reaseguros S.A. https://t.co/BGvmfeHKod https://t.co/gvtIQzMVbf,2,positive,-1,UNPARSEABLE,,0,1,FinGPT-Llama-3-8B-LoRA,tfns,-13.850221633911133,0.026655981317162514,-12.162721633911133,0.1441008597612381,-10.412721633911133,0.8292432427406311
43,AMD +1.3% after Cowen's target lift,2,positive,2,positive,Positive,1,0,FinGPT-Llama-3-8B-LoRA,tfns,-16.097734451293945,0.002700404729694128,-15.410234451293945,0.005370396189391613,-10.191484451293945,0.9919291734695435
44,"Applied Materials, Inc. Reported Earnings Last Week And Analysts Are Already Upgrading Their Estimates",2,positive,2,positive,Positive,1,0,FinGPT-Llama-3-8B-LoRA,tfns,-11.780374526977539,0.0951082780957222,-11.280374526977539,0.1568070501089096,-9.717874526977539,0.7480846047401428
45,"Arch Coal rated Buy at Benchmark, seeing opportunity after selloff",2,positive,2,positive,Positive,1,0,FinGPT-Llama-3-8B-LoRA,tfns,-13.48409652709961,0.004711877554655075,-11.35909652709961,0.039452068507671356,-8.17159652709961,0.9558361172676086
46,Autodesk stock price target raised to $162 from $149 at Wedbush,2,positive,2,positive,Positive,1,0,FinGPT-Llama-3-8B-LoRA,tfns,-16.560928344726562,0.007447981275618076,-14.717179298400879,0.0470726452767849,-11.717179298400879,0.9454793930053711
47,Avnet stock price target raised to $37 vs. $35 at SunTrust Robinson Humphrey,2,positive,2,positive,Positive,1,0,FinGPT-Llama-3-8B-LoRA,tfns,-16.167659759521484,0.009278709068894386,-14.605158805847168,0.044266294687986374,-11.542658805847168,0.9464550614356995
48,Boeing started at buy with $375 stock price target at Benchmark,2,positive,2,positive,Positive,1,0,FinGPT-Llama-3-8B-LoRA,tfns,-14.448528289794922,0.004281125497072935,-12.167278289794922,0.04190754145383835,-9.042278289794922,0.9538112878799438
49,BofA sees 'solid demand backdrop' for D.R. Horton in 2020,2,positive,2,positive,Positive,1,0,FinGPT-Llama-3-8B-LoRA,tfns,-15.157610893249512,0.004724741447716951,-12.157610893249512,0.09489896148443222,-9.907610893249512,0.9003763198852539
50,Broadcom stock price target raised to $361 vs. $322 at SunTrust Robinson Humphrey,2,positive,2,positive,Positive,1,0,FinGPT-Llama-3-8B-LoRA,tfns,-16.508804321289062,0.007614560425281525,-15.290055274963379,0.025759702548384666,-11.665055274963379,0.9666256904602051
51,Cantor sees 19% upside in J&J in premarket analyst action,2,positive,2,positive,Positive,1,0,FinGPT-Llama-3-8B-LoRA,tfns,-13.268340110778809,0.01572299376130104,-11.768340110778809,0.0704655721783638,-9.205840110778809,0.913811445236206
52,Champions Oncology started at speculative buy with $11 stock price target at Benchmark,2,positive,2,positive,Positive,1,0,FinGPT-Llama-3-8B-LoRA,tfns,-14.778847694396973,0.00772504135966301,-12.560097694396973,0.071038156747818,-9.997597694396973,0.9212367534637451
53,Citi raises Alphabet on margin potential,2,positive,2,positive,Positive,1,0,FinGPT-Llama-3-8B-LoRA,tfns,-15.23017692565918,0.0023222609888762236,-12.63642692565918,0.031071508303284645,-9.19892692565918,0.9666061997413635
54,Citigroup stock price target raised to $127 from $124 at Oppenheimer,2,positive,2,positive,Positive,1,0,FinGPT-Llama-3-8B-LoRA,tfns,-16.88968849182129,0.007287896703928709,-15.233438491821289,0.03818585351109505,-12.014688491821289,0.9545261859893799
55,"ETF assets to surge tenfold in 10 years to $50 trillion, Bank of America predicts",2,positive,2,positive,Positive,1,0,FinGPT-Llama-3-8B-LoRA,tfns,-11.730133056640625,0.035871367901563644,-9.042633056640625,0.527125895023346,-9.230133056640625,0.4370027482509613
56,GE upgraded from Sell by longtime bear,2,positive,2,positive,Positive,1,0,FinGPT-Llama-3-8B-LoRA,tfns,-14.791763305664062,0.004692618269473314,-13.760513305664062,0.013160773552954197,-9.448013305664062,0.982146680355072
57,Goldman Sachs stock price target raised to $367 from $358 at Oppenheimer,2,positive,2,positive,Positive,1,0,FinGPT-Llama-3-8B-LoRA,tfns,-16.400569915771484,0.009084799326956272,-15.0568208694458,0.03482556343078613,-11.7443208694458,0.9560896158218384
58,GrubHub stock price target raised to $50 from $40 at Stifel Nicolaus,2,positive,2,positive,Positive,1,0,FinGPT-Llama-3-8B-LoRA,tfns,-16.582815170288086,0.006647858768701553,-14.864066123962402,0.03707874193787575,-11.614066123962402,0.9562733769416809
59,Halliburton started at buy with $26 stock price target at Deutsche Bank,2,positive,2,positive,Positive,1,0,FinGPT-Llama-3-8B-LoRA,tfns,-14.981694221496582,0.004973788280040026,-12.731694221496582,0.04718998819589615,-9.731694221496582,0.9478362798690796
60,Helen of Troy started at outperform with $210 stock price target at Oppenheimer,2,positive,2,positive,Positive,1,0,FinGPT-Llama-3-8B-LoRA,tfns,-16.260881423950195,0.0035308627411723137,-12.635880470275879,0.1324947625398636,-10.760880470275879,0.863974392414093
61,Highlight: Edward Jones Sr. Equity Analyst Jennifer Roland on ExxonMobil reducing 2020 Capex by 30%: “Definitely a… https://t.co/dH0xlJujc1,2,positive,-1,UNPARSEABLE,,0,1,FinGPT-Llama-3-8B-LoRA,tfns,-10.989469528198242,0.7679483294487,-12.239469528198242,0.22002087533473969,-15.145719528198242,0.01203082874417305
62,Humana stock price target raised to $370 from $350 at SunTrust RH,2,positive,2,positive,Positive,1,0,FinGPT-Llama-3-8B-LoRA,tfns,-16.58799934387207,0.007447974756360054,-14.74424934387207,0.0470726452767849,-11.74424934387207,0.9454793930053711
63,JMP Securities upgrades snap to outperform with $20 pt,2,positive,2,positive,Positive,1,0,FinGPT-Llama-3-8B-LoRA,tfns,-16.004730224609375,0.008590254001319408,-14.785981178283691,0.029060430824756622,-11.285981178283691,0.9623492360115051
64,Liberty Global PLC maintained as buy with $32 price target at Benchmark,2,positive,2,positive,Positive,1,0,FinGPT-Llama-3-8B-LoRA,tfns,-12.07109260559082,0.020549776032567024,-11.19609260559082,0.04929635301232338,-8.25859260559082,0.9301539063453674
65,Lululemon Athletica price target raised to $255 from $220 at CFRA,2,positive,2,positive,Positive,1,0,FinGPT-Llama-3-8B-LoRA,tfns,-15.74160099029541,0.00794717576354742,-14.02285099029541,0.04432578757405281,-10.96035099029541,0.9477270841598511
66,Lumentum initiated as positive at Susquehanna,2,positive,2,positive,Positive,1,0,FinGPT-Llama-3-8B-LoRA,tfns,-15.60207462310791,0.0024539337027817965,-14.47707462310791,0.0075586470775306225,-9.60207462310791,0.9899874329566956
67,Markel Corporation Beat Analyst Estimates: See What The Consensus Is Forecasting For Next Year,2,positive,2,positive,Positive,1,0,FinGPT-Llama-3-8B-LoRA,tfns,-12.45058822631836,0.011255919001996517,-11.26308822631836,0.036906737834215164,-8.01308822631836,0.9518373012542725
68,"Mednax upgraded to buy from hold at Stifel, price target raised to $33 from $25",2,positive,2,positive,Positive,1,0,FinGPT-Llama-3-8B-LoRA,tfns,-16.724828720092773,0.0033081851433962584,-14.912328720092773,0.020265089347958565,-11.037328720092773,0.9764267206192017
69,"Model N upgraded to overweight from neutral at JPMorgan, price target raised to $36 from $30",2,positive,2,positive,Positive,1,0,FinGPT-Llama-3-8B-LoRA,tfns,-16.03802490234375,0.00417990842834115,-13.91302490234375,0.03499794751405716,-10.60052490234375,0.9608221650123596
70,Morgan Stanley sees GM doubling in bull case scenario,2,positive,2,positive,Positive,1,0,FinGPT-Llama-3-8B-LoRA,tfns,-12.794447898864746,0.01152763795107603,-10.044447898864746,0.18032260239124298,-8.544447898864746,0.8081498146057129
71,Motorola Solutions stock fair value estimate raised to $192 from $167 at MKM Partners,2,positive,2,positive,Positive,1,0,FinGPT-Llama-3-8B-LoRA,tfns,-15.799814224243164,0.015373981557786465,-14.393564224243164,0.06273544579744339,-11.706064224243164,0.9218906164169312
72,New for subscribers:  Analysts continue to upgrade stocks like Tesla and eBay on hopes the rebound is for real… https://t.co/Mku8heEOR2,2,positive,-1,UNPARSEABLE,,0,1,FinGPT-Llama-3-8B-LoRA,tfns,-12.00223159790039,0.011444112285971642,-10.06473159790039,0.07943788170814514,-7.627232074737549,0.9091179966926575
73,Omnicell stock price target raised to $96 vs. $90 at Benchmark,2,positive,2,positive,Positive,1,0,FinGPT-Llama-3-8B-LoRA,tfns,-16.637792587280273,0.006459156982600689,-14.95029354095459,0.03491784259676933,-11.63779354095459,0.9586229920387268
74,Peloton bulls defend the upside case,2,positive,2,positive,Positive,1,0,FinGPT-Llama-3-8B-LoRA,tfns,-13.967434883117676,0.018634332343935966,-12.467434883117676,0.0835132822394371,-10.092434883117676,0.8978524208068848
75,Piper Jaffray analyst Erinn Murphy reiterated an Overweight rating and $44.00 price target on Crocs (NASDAQ: $CROX)… https://t.co/iVlcTMWm1r,2,positive,-1,UNPARSEABLE,,0,1,FinGPT-Llama-3-8B-LoRA,tfns,-12.851587295532227,0.03474746271967888,-12.164087295532227,0.06910358369350433,-9.601587295532227,0.8961489200592041
76,Progyny started at overweight with $26 stock price target at J.P. Morgan,2,positive,2,positive,Positive,1,0,FinGPT-Llama-3-8B-LoRA,tfns,-15.889623641967773,0.004775020759552717,-13.420873641967773,0.05638190731406212,-10.608373641967773,0.9388430714607239
77,Snap Analyst Projects 37% Revenue Growth In 2020,2,positive,2,positive,Positive,1,0,FinGPT-Llama-3-8B-LoRA,tfns,-11.779404640197754,0.028306622058153152,-9.466904640197754,0.2858867347240448,-8.591904640197754,0.6858066320419312
78,Spirit Airlines stock price target raised to $55 from $49 at Deutsche Bank,2,positive,2,positive,Positive,1,0,FinGPT-Llama-3-8B-LoRA,tfns,-16.57982635498047,0.007425423711538315,-14.673575401306152,0.04995690658688545,-11.736075401306152,0.942617654800415
79,State Street stock price target raised to $84 from $73 at Buckingham,2,positive,2,positive,Positive,1,0,FinGPT-Llama-3-8B-LoRA,tfns,-16.133176803588867,0.011914653703570366,-14.88317584991455,0.041586264967918396,-11.75817584991455,0.9464990496635437
80,Stock Market Update: AMD's price target raised to $47 at Cowen,2,positive,2,positive,Positive,1,0,FinGPT-Llama-3-8B-LoRA,tfns,-15.890483856201172,0.009058641269803047,-13.890483856201172,0.06693480908870697,-11.265483856201172,0.9240065217018127
81,Synaptics stock price target raised to $76 from $60 at Susquehanna,2,positive,2,positive,Positive,1,0,FinGPT-Llama-3-8B-LoRA,tfns,-16.387128829956055,0.009130780585110188,-15.199627876281738,0.029938705265522003,-11.730877876281738,0.9609304666519165
82,TechnipFMC started at buy with $33 stock price target at Deutsche Bank,2,positive,2,positive,Positive,1,0,FinGPT-Llama-3-8B-LoRA,tfns,-15.248136520385742,0.0057045104913413525,-13.435636520385742,0.03494436666369438,-10.123136520385742,0.9593511819839478
83,Tesla stock price target raised to $290 from $260 at Deutsche Bank,2,positive,2,positive,Positive,1,0,FinGPT-Llama-3-8B-LoRA,tfns,-16.52945899963379,0.007763398811221123,-14.966958999633789,0.03703710064291954,-11.716958999633789,0.9551994204521179
84,TJX stock price target raised to $70 from $62 at MKM Partners,2,positive,2,positive,Positive,1,0,FinGPT-Llama-3-8B-LoRA,tfns,-16.581865310668945,0.009620463475584984,-15.175615310668945,0.03925749659538269,-11.988115310668945,0.9511220455169678
85,Twitter upgraded to positive from neutral at Susquehanna,2,positive,2,positive,Positive,1,0,FinGPT-Llama-3-8B-LoRA,tfns,-16.98982048034668,0.004634052515029907,-13.802321434020996,0.1122727021574974,-11.739821434020996,0.8830932378768921
86,Uber stock price target raised to $42 from $31 at Susquehanna,2,positive,2,positive,Positive,1,0,FinGPT-Llama-3-8B-LoRA,tfns,-17.53459358215332,0.005716608837246895,-15.784592628479004,0.03289684280753136,-12.409592628479004,0.9613866209983826
87,Uber stock price target raised to $48 from $46 at HSBC Global,2,positive,2,positive,Positive,1,0,FinGPT-Llama-3-8B-LoRA,tfns,-16.73661231994629,0.006429265718907118,-14.924113273620605,0.03938399255275726,-11.736613273620605,0.9541867971420288
88,"UBS Upgrades Hasbro As Stock Price Bakes In Tariffs, Slow Holiday",2,positive,2,positive,Positive,1,0,FinGPT-Llama-3-8B-LoRA,tfns,-14.587940216064453,0.015035674907267094,-12.587940216064453,0.11109944432973862,-10.525440216064453,0.8738648295402527
89,UnitedHealth stock price target raised to $335 from $310 at SunTrust RH,2,positive,2,positive,Positive,1,0,FinGPT-Llama-3-8B-LoRA,tfns,-16.930320739746094,0.0062475954182446,-15.149070739746094,0.03709368035197258,-11.899070739746094,0.956658661365509
90,Vertex Pharmaceuticals stock price target raised to $245 from $235 at BofA Merrill Lynch,2,positive,2,positive,Positive,1,0,FinGPT-Llama-3-8B-LoRA,tfns,-16.407859802246094,0.0075432732701301575,-14.876609802246094,0.034879740327596664,-11.564109802246094,0.9575769901275635
91,Xilinx stock price target raised to $97 vs. $94 at SunTrust Robinson Humphrey,2,positive,2,positive,Positive,1,0,FinGPT-Llama-3-8B-LoRA,tfns,-16.371809005737305,0.007841336540877819,-15.121808052062988,0.027368981391191483,-11.559308052062988,0.9647898077964783
92,AM Best Revises Outlooks to Stable for Sublimity Insurance Company https://t.co/WPcVIMko76 https://t.co/glnxmA3iIv,1,neutral,-1,UNPARSEABLE,,0,1,FinGPT-Llama-3-8B-LoRA,tfns,-11.951788902282715,0.08021502196788788,-9.764288902282715,0.7149487137794495,-11.014288902282715,0.20483624935150146
93,Analyst: Amazon Blocking FedEx Ground Good News For UPS,1,neutral,1,neutral,Neutral,1,0,FinGPT-Llama-3-8B-LoRA,tfns,-10.77163028717041,0.22030098736286163,-9.70913028717041,0.6374620199203491,-11.20913028717041,0.14223700761795044
94,Analysts Expect Breakeven For China Online Education Group (NYSE:COE),1,neutral,1,neutral,neutral,1,0,FinGPT-Llama-3-8B-LoRA,tfns,-7.321305751800537,0.5952853560447693,-7.758805751800537,0.384345144033432,-10.696306228637695,0.02036953717470169
95,"Crown Holdings, Inc. Full-Year Results: Here's What Analysts Are Forecasting For Next Year",1,neutral,1,neutral,Neutral,1,0,FinGPT-Llama-3-8B-LoRA,tfns,-10.983206748962402,0.1111656129360199,-8.983206748962402,0.8214089870452881,-11.483206748962402,0.06742535531520844
96,Here are the best analyst calls of the week on Wall Street including Disney and a satellite play https://t.co/u9r1QPQli5,1,neutral,1,neutral,Neutral,1,0,FinGPT-Llama-3-8B-LoRA,tfns,-10.209787368774414,0.09452575445175171,-8.084787368774414,0.7914544343948364,-10.022287368774414,0.11401982605457306
97,Little impact on Netflix from Disney Plus launch - Credit Suisse,1,neutral,1,neutral,Neutral,1,0,FinGPT-Llama-3-8B-LoRA,tfns,-11.36221981048584,0.18978415429592133,-10.11221981048584,0.6624118089675903,-11.61221981048584,0.14780405163764954
98,Mitek bull calls pullback 'an overreaction',1,neutral,0,negative,Negative,0,0,FinGPT-Llama-3-8B-LoRA,tfns,-10.33906364440918,0.5019388198852539,-10.52656364440918,0.4161219000816345,-12.15156364440918,0.08193925768136978
99,Peabody Energy started at hold at Benchmark,1,neutral,1,neutral,Neutral,1,0,FinGPT-Llama-3-8B-LoRA,tfns,-10.81947135925293,0.30583861470222473,-10.00697135925293,0.6892179250717163,-14.94447135925293,0.0049434201791882515
100,"Skechers U.S.A., Inc. Annual Results: Here's What Analysts Are Forecasting For Next Year",1,neutral,1,neutral,neutral,1,0,FinGPT-Llama-3-8B-LoRA,tfns,-10.639209747314453,0.11162160336971283,-8.639209747314453,0.8247782588005066,-11.201709747314453,0.0636000707745552
101,T. Boone Pickens' BP Capital Adds 3 Energy Stocks to Portfolio,1,neutral,1,neutral,Neutral,1,0,FinGPT-Llama-3-8B-LoRA,tfns,-13.216373443603516,0.030787624418735504,-10.153873443603516,0.658268392086029,-10.903873443603516,0.31094399094581604
102,"Tenable Holdings, Inc. Just Released Its Third-Quarter And Analysts Have Been Updating Their Estimates",1,neutral,-1,UNPARSEABLE,,0,1,FinGPT-Llama-3-8B-LoRA,tfns,-10.753744125366211,0.22221598029136658,-9.691244125366211,0.6430032253265381,-11.253744125366211,0.13478079438209534
103,"Top Analyst Upgrades and Downgrades: Cardinal Health, Domino’s, FedEx, Ford, GE, Grubhub, HSBC, Marvell, Twitter, Uber and More",1,neutral,1,neutral,Neutral,1,0,FinGPT-Llama-3-8B-LoRA,tfns,-10.862256050109863,0.23055589199066162,-9.799756050109863,0.6671355962753296,-11.674756050109863,0.10230855643749237
104,"Tyson Foods, Inc. First-Quarter Results Just Came Out: Here's What Analysts Are Forecasting For Next Year",1,neutral,-1,UNPARSEABLE,,0,1,FinGPT-Llama-3-8B-LoRA,tfns,-9.797805786132812,0.12183070927858353,-7.922805309295654,0.7944363951683044,-10.172805786132812,0.08373294025659561
105,Wayfair initiated as hold with $95 price target at SunTrust Robinson Humphrey,1,neutral,1,neutral,Neutral,1,0,FinGPT-Llama-3-8B-LoRA,tfns,-11.448853492736816,0.3623407781124115,-10.886353492736816,0.6359279155731201,-16.792604446411133,0.0017312337877228856
106,"Central bank 'collateral damage' is skewing financial markets, one economist says https://t.co/sshC7mEqzk",0,negative,1,neutral,Neutral,0,0,FinGPT-Llama-3-8B-LoRA,tfns,-11.511236190795898,0.3524676561355591,-10.948736190795898,0.6186000108718872,-14.011236190795898,0.02893231064081192
107,China central bank warns high financial risks amid rising economic headwinds - Reuters https://t.co/p26nFHoGg5,0,negative,0,negative,Negative,1,0,FinGPT-Llama-3-8B-LoRA,tfns,-11.234162330627441,0.6191251277923584,-11.734162330627441,0.3755183815956116,-15.984162330627441,0.0053564817644655704
108,ECB data show eurozone banks had weak profits before coronavirus https://t.co/QI7pbqPGkG,0,negative,0,negative,Negative,1,0,FinGPT-Llama-3-8B-LoRA,tfns,-10.528751373291016,0.729252278804779,-11.528751373291016,0.26827695965766907,-16.216251373291016,0.0024707450065761805
109,Fed's Williams says U.S. economy is clearly facing several challenges,0,negative,0,negative,Negative,1,0,FinGPT-Llama-3-8B-LoRA,tfns,-11.269247055053711,0.5917412638664246,-11.644247055053711,0.40669742226600647,-17.20674705505371,0.0015613790601491928
110,"Former Federal Reserve Chairman Ben Bernanke says he doesn't see a quick, sharp rebound in the economy after its pr… https://t.co/pu15VlJ4IO",0,negative,0,negative,Negative,1,0,FinGPT-Llama-3-8B-LoRA,tfns,-11.219198226928711,0.7404553294181824,-12.281698226928711,0.2558945119380951,-16.53169822692871,0.0036501390859484673
111,Jerome Powell comes close to acknowledging that the Federal Reserve may not have the firepower to fight the next re… https://t.co/UD2rqlD6SD,0,negative,1,neutral,Neutral,0,0,FinGPT-Llama-3-8B-LoRA,tfns,-10.75544548034668,0.5190938711166382,-10.88044548034668,0.45809873938560486,-13.88044548034668,0.022807393223047256
112,"No, The Fed Won't ""Save The Market"" - Here's Why  https://t.co/Ibq99qWSFz",0,negative,-1,UNPARSEABLE,,0,1,FinGPT-Llama-3-8B-LoRA,tfns,-8.118603706359863,0.6145204901695251,-8.618603706359863,0.3727255165576935,-11.993603706359863,0.012753966264426708
113,"""There is every reason to believe that the economic rebound, when it comes, can be robust,"" Fed Chair Jerome Powell… https://t.co/Ovi6BRM3TK",2,positive,2,positive,Positive,1,0,FinGPT-Llama-3-8B-LoRA,tfns,-13.427342414855957,0.020276671275496483,-11.302342414855957,0.16977448761463165,-9.739842414855957,0.8099488019943237
114,$ECONX: Federal Reserve announces extensive new measures to support the economy https://t.co/Gf6CfThO7r,1,neutral,1,neutral,Neutral,1,0,FinGPT-Llama-3-8B-LoRA,tfns,-10.423474311828613,0.15124297142028809,-9.360974311828613,0.43763601779937744,-9.423474311828613,0.4111209809780121
115,Commercial and industrial loans at all commercial banks climb by $105.8 billion to $2.845 trillion in the week endi… https://t.co/jTTkUE4l0L,1,neutral,-1,UNPARSEABLE,,0,1,FinGPT-Llama-3-8B-LoRA,tfns,-9.367274284362793,0.0636000707745552,-8.804774284362793,0.11162160336971283,-6.804774284362793,0.8247782588005066
116,Fed surprises market with program to support corporate bonds amid coronavirus pandemic https://t.co/NLeJwjmyXw,1,neutral,1,neutral,Neutral,1,0,FinGPT-Llama-3-8B-LoRA,tfns,-11.130789756774902,0.0804954394698143,-9.193289756774902,0.5587490797042847,-9.630789756774902,0.3607555031776428
117,"Highlight: The Fed has launched an unprecedented round of asset purchases. ""The idea here is the Federal Reserve is… https://t.co/9J31vhPbUG",1,neutral,1,neutral,Neutral,1,0,FinGPT-Llama-3-8B-LoRA,tfns,-12.154069900512695,0.08718948811292648,-10.154069900512695,0.6442480087280273,-11.029069900512695,0.26856252551078796
118,The World Bank plans to lend Uganda $1.9 billion to help finance the East African nation's budget deficit https://t.co/Yxiz7BduSw,1,neutral,2,positive,Positive,0,0,FinGPT-Llama-3-8B-LoRA,tfns,-10.178187370300293,0.03913038596510887,-7.803187370300293,0.42069128155708313,-7.553187370300293,0.5401782989501953
119,"""We encourage families to explore virtual #financialliteracy resources. The Federal Reserve Bank of Richmond create… https://t.co/heJwnQ4RoN",1,neutral,1,neutral,Neutral,1,0,FinGPT-Llama-3-8B-LoRA,tfns,-12.302017211914062,0.03343512862920761,-8.989517211914062,0.9179170727729797,-11.927017211914062,0.04864782094955444
120,Africa-Europe Alliance: Denmark provides 10 million for sustainable development under the EU External Investment P… https://t.co/fdp58lt4xu,1,neutral,1,neutral,Neutral,1,0,FinGPT-Llama-3-8B-LoRA,tfns,-10.88492202758789,0.050890665501356125,-8.19742202758789,0.7478328347206116,-9.50992202758789,0.2012764811515808
121,Bank agencies announced they'll temporarily lower the community bank leverage ratio to 8%. The rule change - requir… https://t.co/m6N7S7zEwo,1,neutral,2,positive,Positive,0,0,FinGPT-Llama-3-8B-LoRA,tfns,-9.290838241577148,0.11548029631376266,-8.478338241577148,0.2602388560771942,-7.60333776473999,0.6242808699607849
122,Bank of Ireland : Mortgage Bank - 7 KB #BankofIreland #Stock #MarketScreener https://t.co/1UOheYSgzq https://t.co/EmpEi8jWMG,1,neutral,1,neutral,Neutral,1,0,FinGPT-Llama-3-8B-LoRA,tfns,-11.95885944366455,0.09071942418813705,-9.70885944366455,0.8607219457626343,-12.58385944366455,0.048558611422777176
123,Bank of Jamaica 14-Day Repo Auction Announcement -24 February 2020 #Stock #MarketScreener https://t.co/aLTELpPUc3 https://t.co/ZFCCNZVhWK,1,neutral,1,neutral,Neutral,1,0,FinGPT-Llama-3-8B-LoRA,tfns,-10.77724838256836,0.15172365307807922,-9.08974838256836,0.8202102780342102,-12.46474838256836,0.028066052123904228
124,Bank of Jamaica 30-day CD Auction Press Release #economy #MarketScreener https://t.co/GXh2AJS7u7 https://t.co/4tV8ge3FKr,1,neutral,1,neutral,Neutral,1,0,FinGPT-Llama-3-8B-LoRA,tfns,-11.59391975402832,0.11388663947582245,-9.59391975402832,0.8415147662162781,-12.53141975402832,0.04459865018725395
125,Brazil economists forecast more rate cuts ahead https://t.co/MVimfZn0x9,1,neutral,2,positive,Positive,0,0,FinGPT-Llama-3-8B-LoRA,tfns,-9.936437606811523,0.2295907884836197,-9.623937606811523,0.31381338834762573,-9.248937606811523,0.456595778465271
126,Buyback Backlash Begins: Fed Will Limit Buybacks & Dividends For Companies Using Its Credit Facility https://t.co/qvANL8EAGI,1,neutral,1,neutral,Neutral,1,0,FinGPT-Llama-3-8B-LoRA,tfns,-11.434896469116211,0.6169812083244324,-11.934896469116211,0.37421801686286926,-15.684896469116211,0.008800763636827469
127,Central Bank of Nigeria Communique No. 128 of the Monetary Policy Committee Meeting of Jan... #Stock… https://t.co/Vhs3QezjMh,1,neutral,-1,UNPARSEABLE,,0,1,FinGPT-Llama-3-8B-LoRA,tfns,-10.329697608947754,0.12304133921861649,-8.454697608947754,0.8023303151130676,-10.829697608947754,0.07462833821773529
128,"Central banks don’t have as much monetary policy power as they used to, former BOE policy maker Ian McCafferty says https://t.co/LjFUOi4x2A",1,neutral,1,neutral,Neutral,1,0,FinGPT-Llama-3-8B-LoRA,tfns,-10.59539794921875,0.3583768308162689,-10.03289794921875,0.6289709210395813,-13.93914794921875,0.012652249075472355
129,Cleveland Fed President Loretta Mester said the coronavirus outbreak is a threat to the economy but doesn't yet jus… https://t.co/KpqpNnFL4L,1,neutral,-1,UNPARSEABLE,,0,1,FinGPT-Llama-3-8B-LoRA,tfns,-11.62866497039795,0.34008562564849854,-11.19116497039795,0.5267348885536194,-12.56616497039795,0.1331794410943985
130,Efforts to support the faltering economy could extend to some form of direct yield curve control. New… https://t.co/Cd4JvxMiXA,1,neutral,1,neutral,Neutral,1,0,FinGPT-Llama-3-8B-LoRA,tfns,-10.343243598937988,0.12062182277441025,-8.905743598937988,0.5078368186950684,-9.218243598937988,0.3715413510799408
131,"Fed Chair Jay Powell grilled on China's cryptocurrency plans, US response https://t.co/9tkOjL0blx by @readDanwrite https://t.co/urM93khqZo",1,neutral,1,neutral,Neutral,1,0,FinGPT-Llama-3-8B-LoRA,tfns,-12.65927791595459,0.1849430799484253,-11.22177791595459,0.7786394357681274,-14.28427791595459,0.03641745075583458
132,Fed Chair Jerome Powell was chided by a Democratic lawmaker for his attendance at a party thrown by Amazon CEO Jeff… https://t.co/BNq5I9PUqc,1,neutral,-1,UNPARSEABLE,,0,1,FinGPT-Llama-3-8B-LoRA,tfns,-10.944428443908691,0.43259528279304504,-10.756928443908691,0.5218095183372498,-13.194428443908691,0.0455952063202858
133,Fed Chairman Jerome Powell puts lawmakers on notice that fiscal policy may need to play a bigger role countering do… https://t.co/URFHNRkmfh,1,neutral,1,neutral,Neutral,1,0,FinGPT-Llama-3-8B-LoRA,tfns,-10.47227668762207,0.13818369805812836,-8.97227668762207,0.6192963123321533,-9.90977668762207,0.24251993000507355
134,Fed minutes to tell a story,1,neutral,1,neutral,Neutral,1,0,FinGPT-Llama-3-8B-LoRA,tfns,-10.920019149780273,0.13457636535167694,-9.107519149780273,0.8243801593780518,-12.107519149780273,0.041043471544981
135,Fed Officials Weigh Risks Of Covid-19 -- Update #economy #MarketScreener https://t.co/1pQjFOAdWi https://t.co/nxTApO6GEp,1,neutral,1,neutral,Neutral,1,0,FinGPT-Llama-3-8B-LoRA,tfns,-12.053311347961426,0.15965767204761505,-10.428311347961426,0.8108085989952087,-13.740811347961426,0.02953370288014412
136,Fed President Loretta Mester due to speak in 5 minutes.,1,neutral,1,neutral,Neutral,1,0,FinGPT-Llama-3-8B-LoRA,tfns,-13.36359977722168,0.06618328392505646,-10.73859977722168,0.9136319756507874,-14.55109977722168,0.02018475905060768
137,"Fed removes reference to ""global developments"", has yet to blame global warming for repo crisis",1,neutral,1,neutral,Neutral,1,0,FinGPT-Llama-3-8B-LoRA,tfns,-14.37703800201416,0.03251626715064049,-11.31453800201416,0.6952283978462219,-12.25203800201416,0.2722553610801697
138,Fed’s Rosengren Says Pursuing 2% Inflation Could Distort Markets,1,neutral,1,neutral,Neutral,1,0,FinGPT-Llama-3-8B-LoRA,tfns,-9.716456413269043,0.4533937871456146,-9.591456413269043,0.5137624740600586,-12.341456413269043,0.032843735069036484
139,Federal Reserve Keeps Rates Steady and Sees Long Pause #currency #MarketScreener https://t.co/tpSm4ZImNv https://t.co/f5uwKiweEN,1,neutral,1,neutral,Neutral,1,0,FinGPT-Llama-3-8B-LoRA,tfns,-14.234373092651367,0.023800985887646675,-10.609373092651367,0.8931254148483276,-12.984373092651367,0.08307360112667084
140,Federal Reserve officials will feel comfortable maintaining their wait-and-see posture on interest rates after Frid… https://t.co/Jlpmp7kwVr,1,neutral,1,neutral,Neutral,1,0,FinGPT-Llama-3-8B-LoRA,tfns,-11.79535961151123,0.09651554375886917,-10.10785961151123,0.5217580795288086,-10.42035961151123,0.38172635436058044
141,Fed's 42-Day Repo 2x Oversubscribed In Scramble For Year End Liquidity https://t.co/skVPSppwaY,1,neutral,1,neutral,Neutral,1,0,FinGPT-Llama-3-8B-LoRA,tfns,-10.784012794494629,0.1755441278219223,-9.534012794494629,0.6127092242240906,-10.596512794494629,0.21174664795398712
142,Fed's Bullard said actions taken by the Fed and other authorities during this time period shouldn't be seen as stim… https://t.co/gJ9vd4Qttq,1,neutral,1,neutral,Neutral,1,0,FinGPT-Llama-3-8B-LoRA,tfns,-11.803914070129395,0.08747591823339462,-9.866414070129395,0.6072031855583191,-10.553914070129395,0.30532094836235046
143,Fed's Mester says central bank can watch and wait on interest rates,1,neutral,1,neutral,Neutral,1,0,FinGPT-Llama-3-8B-LoRA,tfns,-13.5557279586792,0.10289666056632996,-11.4307279586792,0.8615431785583496,-14.6182279586792,0.035560134798288345
144,Fed's Rosengren backs 'patient' approach to any interest-rate moves,1,neutral,1,neutral,Neutral,1,0,FinGPT-Llama-3-8B-LoRA,tfns,-13.379707336425781,0.10964105278253555,-11.379707336425781,0.8101438879966736,-13.692207336425781,0.08021511137485504
145,Fed's Williams says rates are 'in the right place' but policy is not set in stone,1,neutral,1,neutral,Neutral,1,0,FinGPT-Llama-3-8B-LoRA,tfns,-14.901566505432129,0.010582521557807922,-10.589066505432129,0.7897399067878723,-11.964066505432129,0.19967752695083618
146,Global Risks to Extend Czech Rate Lockdown: Decision Day Guide,1,neutral,1,neutral,Neutral,1,0,FinGPT-Llama-3-8B-LoRA,tfns,-10.84183406829834,0.3556857109069824,-10.27933406829834,0.6242478489875793,-13.71683406829834,0.020066415891051292
147,"Heard on the Street: The Fed may need banks to lever up to absorb more activity, but it needs to do so in a way tha… https://t.co/m6nXfI4or7",1,neutral,1,neutral,Neutral,1,0,FinGPT-Llama-3-8B-LoRA,tfns,-11.952960968017578,0.17854830622673035,-10.577960968017578,0.7061722278594971,-12.390460968017578,0.11527945101261139
148,"In the battle of central-bank stimulus bazookas, the Fed is winning out https://t.co/dw2zb5Zi3b",1,neutral,1,neutral,Neutral,1,0,FinGPT-Llama-3-8B-LoRA,tfns,-12.75372314453125,0.08718948811292648,-10.75372314453125,0.6442480087280273,-11.62872314453125,0.26856252551078796
149,"In undertaking what will undoubtedly be its largest rescue effort ever, the Federal Reserve announced programs that… https://t.co/iMHp4NZFeV",1,neutral,1,neutral,Neutral,1,0,FinGPT-Llama-3-8B-LoRA,tfns,-10.176207542419434,0.19045035541057587,-8.863707542419434,0.7076088786125183,-10.801207542419434,0.10194073617458344
150,Indonesia's central bank says the New York Federal Reserve will provide it with a $60 billion repurchase facility t… https://t.co/8mWrf9uPDI,1,neutral,-1,UNPARSEABLE,,0,1,FinGPT-Llama-3-8B-LoRA,tfns,-10.456525802612305,0.11161290109157562,-8.769025802612305,0.6033735871315002,-9.519025802612305,0.2850135266780853
151,Italy may be willing to compromise on its holdout against a German plan for further integration of the EU’s banking… https://t.co/6z5rU3nonk,1,neutral,2,positive,Positive,0,0,FinGPT-Llama-3-8B-LoRA,tfns,-11.72574520111084,0.04370419308543205,-9.53824520111084,0.3895312547683716,-9.16324520111084,0.5667645931243896
152,"LISTEN NOW: The Fed continues to make moves to combat the coronavirus crisis, including assuring limitless asset pu… https://t.co/2g1K81EdRO",1,neutral,1,neutral,Neutral,1,0,FinGPT-Llama-3-8B-LoRA,tfns,-11.170557022094727,0.19665221869945526,-10.170557022094727,0.5345560908317566,-10.858057022094727,0.26879167556762695
153,LIVE: Fed Chair Powell testifies before the Senate Banking Committee https://t.co/RsYYaf1Et1,1,neutral,1,neutral,Neutral,1,0,FinGPT-Llama-3-8B-LoRA,tfns,-12.42082691192627,0.059069760143756866,-9.67082691192627,0.9240065217018127,-13.67082691192627,0.016923770308494568
154,Markets bet Fed is pushed to cut rates in coronavirus response https://t.co/4NDOpE6Kka https://t.co/8L2dYY8EYK,1,neutral,-1,UNPARSEABLE,,0,1,FinGPT-Llama-3-8B-LoRA,tfns,-10.149290084838867,0.6426965594291687,-10.961790084838867,0.28519487380981445,-12.336790084838867,0.07210855185985565
155,Minneapolis Fed chief Neel Kashkari says monetary policy can play the kind of redistributing role once thought to b… https://t.co/urzkYwOgOy,1,neutral,-1,UNPARSEABLE,,0,1,FinGPT-Llama-3-8B-LoRA,tfns,-9.098485946655273,0.2598336935043335,-8.348485946655273,0.5500679016113281,-9.410985946655273,0.19009838998317719
156,Morocco is considering tapping at least part of a $2.97 billion liquidity line with the IMF as the coronavirus outb… https://t.co/8Fn0bGuM7L,1,neutral,-1,UNPARSEABLE,,0,1,FinGPT-Llama-3-8B-LoRA,tfns,-9.107278823852539,0.3522113263607025,-8.794778823852539,0.4814158082008362,-9.857278823852539,0.1663728654384613
157,New Zealand central bank governor Adrian Orr may signal he's prepared to cut interest rates to cushion the economic... https://t.co/i8Oz63zrZK,1,neutral,1,neutral,Neutral,1,0,FinGPT-Llama-3-8B-LoRA,tfns,-11.878012657165527,0.32891198992729187,-11.378012657165527,0.5422841906547546,-12.815512657165527,0.1288037896156311
158,Norway's central bank governor says it's too early to reach any conclusions on the long term outlook for inflation https://t.co/Jy76GFLKm2,1,neutral,1,neutral,Neutral,1,0,FinGPT-Llama-3-8B-LoRA,tfns,-13.433915138244629,0.04969819635152817,-10.496415138244629,0.9377361536026001,-14.808915138244629,0.012565672397613525
159,Praet: ECB Needs Governments to Act,1,neutral,1,neutral,Neutral,1,0,FinGPT-Llama-3-8B-LoRA,tfns,-10.313288688659668,0.33951735496520996,-9.688288688659668,0.6343019008636475,-12.875788688659668,0.02618076652288437
160,"Rabobank: ""Fed's Kashkari Has Just Come Out With A Jaw-Dropping Policy Shift"" https://t.co/8TYLEPXBXU",1,neutral,1,neutral,Neutral,1,0,FinGPT-Llama-3-8B-LoRA,tfns,-10.900213241577148,0.1961987018585205,-9.650213241577148,0.6848007440567017,-11.400213241577148,0.11900051683187485
161,"RBI May Cut Rates Later This Year, TS Lombard Says",1,neutral,1,neutral,Neutral,1,0,FinGPT-Llama-3-8B-LoRA,tfns,-9.405339241027832,0.2585151195526123,-8.780339241027832,0.48296982049942017,-9.405339241027832,0.2585151195526123
162,RBI’s Long-Term Repo Operations Seen As Stealth Move To Bring Down Rates,1,neutral,1,neutral,Neutral,1,0,FinGPT-Llama-3-8B-LoRA,tfns,-9.734950065612793,0.35129666328430176,-9.359950065612793,0.51113361120224,-10.672450065612793,0.13756974041461945
163,Spain to guarantee up to 80% of SME bank loans to ease virus impact #economy #MarketScreener https://t.co/SAmTS65y1z https://t.co/JFT2FzyZVp,1,neutral,1,neutral,Neutral,1,0,FinGPT-Llama-3-8B-LoRA,tfns,-9.564433097839355,0.20782102644443512,-8.439433097839355,0.640133798122406,-9.876933097839355,0.1520451158285141
164,The Bank of England's Financial Policy Committee says it's prepared to take further action as needed to help the fi… https://t.co/nXFVWsODV3,1,neutral,1,neutral,Neutral,1,0,FinGPT-Llama-3-8B-LoRA,tfns,-10.20590877532959,0.14024437963962555,-8.70590877532959,0.6285316944122314,-9.70590877532959,0.231223925948143
165,The Bank of England's Term Funding Scheme... #Stock #MarketScreener https://t.co/UYAUVEOvlM https://t.co/SeJVLxIyZA,1,neutral,1,neutral,Neutral,1,0,FinGPT-Llama-3-8B-LoRA,tfns,-10.481961250305176,0.14871950447559357,-8.856961250305176,0.7552599906921387,-10.919461250305176,0.09602052718400955
166,The Committee lowers the CBR to 7.25PC #Stock #MarketScreener https://t.co/fUgL7df83o https://t.co/p3lSsTQ3JL,1,neutral,1,neutral,Neutral,1,0,FinGPT-Llama-3-8B-LoRA,tfns,-12.00876235961914,0.19762355089187622,-10.75876235961914,0.6897739768028259,-12.57126235961914,0.11260250210762024
167,"The consensus case for following the Fed is right, Ashok Bhatia of Neuberger Bergman tells @FerroTV… https://t.co/O4PII3Nx4S",1,neutral,1,neutral,Neutral,1,0,FinGPT-Llama-3-8B-LoRA,tfns,-10.308830261230469,0.1045067235827446,-8.683830261230469,0.5307289361953735,-9.058830261230469,0.36476433277130127
168,The Fed mounted an extraordinary new array of programs to offset the 'severe disruptions' to the economy caused by… https://t.co/Q0oP8CE8Vy,1,neutral,1,neutral,Neutral,1,0,FinGPT-Llama-3-8B-LoRA,tfns,-10.128803253173828,0.14636008441448212,-8.941303253173828,0.47989627718925476,-9.191303253173828,0.37374359369277954
169,The Federal Reserve has launched an array of programs aimed at helping the markets and economy through the coronavi… https://t.co/pEUAkq0LF0,1,neutral,2,positive,Positive,0,0,FinGPT-Llama-3-8B-LoRA,tfns,-11.164978981018066,0.05161517858505249,-9.477478981018066,0.2790290117263794,-8.602478981018066,0.6693558096885681
170,"The Federal Reserve System includes 12 districts. Using those numbers, 1-12, is a handy way to learn about the cent… https://t.co/cbNWuE9tqT",1,neutral,1,neutral,Neutral,1,0,FinGPT-Llama-3-8B-LoRA,tfns,-10.765345573425293,0.15771587193012238,-9.202845573425293,0.7524203658103943,-11.327845573425293,0.08986379951238632
171,"The FRED Blog: Since the end of the Great Recession, market-based measures of long-run inflation expectations have… https://t.co/0xHldQgKkG",1,neutral,1,neutral,Neutral,1,0,FinGPT-Llama-3-8B-LoRA,tfns,-10.573301315307617,0.13386087119579315,-8.885801315307617,0.723645031452179,-10.510801315307617,0.14249414205551147
172,The IMF may launch a new program that could back up the Federal Reserve's campaign to keep dollars flowing in the g… https://t.co/lKciLE5v3x,1,neutral,2,positive,Positive,0,0,FinGPT-Llama-3-8B-LoRA,tfns,-10.099481582641602,0.11203718930482864,-8.786981582641602,0.41626861691474915,-8.661981582641602,0.4716941714286804
173,The Most Momentous Rate Decision This Month Isn’t at Fed or ECB,1,neutral,1,neutral,Neutral,1,0,FinGPT-Llama-3-8B-LoRA,tfns,-10.926684379577637,0.17529039084911346,-9.426684379577637,0.785597026348114,-12.426684379577637,0.03911257162690163
174,"-The U.K. will go into full lockdown to stymie the spread of coronavirus
-The Fed offers to directly finance U.S. c… https://t.co/ruvvXSN2l8",1,neutral,0,negative,Negative,0,0,FinGPT-Llama-3-8B-LoRA,tfns,-11.684700965881348,0.5313419699668884,-11.872200965881348,0.4404979646205902,-14.622200965881348,0.0281600933521986
175,Top economists say that the spread of the new coronavirus outbreak makes it more likely that the Federal Reserve wi… https://t.co/tvoJevdk2y,1,neutral,0,negative,Negative,0,0,FinGPT-Llama-3-8B-LoRA,tfns,-11.317432403564453,0.6627820730209351,-12.067432403564453,0.31307610869407654,-14.629932403564453,0.024141835048794746
176,Two crisis-veteran Federal Reserve officials said the central bank has plenty of room for more moves following a fl… https://t.co/8tGk3P7TPq,1,neutral,-1,UNPARSEABLE,,0,1,FinGPT-Llama-3-8B-LoRA,tfns,-10.286677360534668,0.24368178844451904,-9.786677360534668,0.40176334977149963,-9.911677360534668,0.3545548915863037
177,"Two weeks later, no change, Fed ain't stopping the selling",1,neutral,1,neutral,Neutral,1,0,FinGPT-Llama-3-8B-LoRA,tfns,-13.775211334228516,0.43611910939216614,-13.525211334228516,0.5599880218505859,-18.493961334228516,0.0038929430302232504
178,U.S. Fed preparing to buy new small business payroll loans: Wall Street Journal https://t.co/bKlfm9QFgB https://t.co/ZnUbuWVFFu,1,neutral,-1,UNPARSEABLE,,0,1,FinGPT-Llama-3-8B-LoRA,tfns,-12.611350059509277,0.07006943225860596,-10.923850059509277,0.37879177927970886,-10.548850059509277,0.5511388182640076
179,UK starts first stage of 330 billion pound loan guarantee scheme https://t.co/hZiqmzoZBr https://t.co/0z6Kisr3Oe,1,neutral,1,neutral,Neutral,1,0,FinGPT-Llama-3-8B-LoRA,tfns,-10.58238697052002,0.0841793417930603,-8.58238697052002,0.6220058798789978,-9.33238697052002,0.2938148081302643
180,Zambia’s kwacha staged a comeback on Tuesday after the central bank raised the amount of funds that commercial lend… https://t.co/oS097rGn8S,1,neutral,2,positive,Positive,0,0,FinGPT-Llama-3-8B-LoRA,tfns,-11.674683570861816,0.029463989660143852,-10.362183570861816,0.10947199910879135,-8.299683570861816,0.8610640168190002
181,Bank of America sees demand surge for paycheck protection loans https://t.co/6feALqK8zN,0,negative,2,positive,Positive,0,0,FinGPT-Llama-3-8B-LoRA,tfns,-12.537918090820312,0.018080422654747963,-10.725418090820312,0.11075600981712341,-8.662918090820312,0.871163547039032
182,$HON - Honeywell says MAX production freeze to hurt 2020 sales growth https://t.co/ADon2RBcIz,0,negative,-1,UNPARSEABLE,,0,1,FinGPT-Llama-3-8B-LoRA,tfns,-10.998719215393066,0.9144830703735352,-13.436219215393066,0.0799066349864006,-16.092470169067383,0.005610321182757616
183,Africa retailer Jumia suspends e-commerce in Cameroon,0,negative,1,neutral,Neutral,0,0,FinGPT-Llama-3-8B-LoRA,tfns,-12.271868705749512,0.5605736374855042,-12.521868705749512,0.4365752041339874,-17.553119659423828,0.0028511136770248413
184,Amazon blames holiday delivery delays on winter storms and high demand https://t.co/TjLnFZBE44,0,negative,0,negative,Negative,1,0,FinGPT-Llama-3-8B-LoRA,tfns,-10.509735107421875,0.5438165068626404,-10.759735107421875,0.42352473735809326,-13.322235107421875,0.03265871852636337
185,Beckhams’ business empire sees revenues drop 18% https://t.co/Vyukksr4NP,0,negative,0,negative,Negative,1,0,FinGPT-Llama-3-8B-LoRA,tfns,-9.816940307617188,0.9275985956192017,-12.379440307617188,0.07152872532606125,-16.785690307617188,0.0008727110107429326
186,BREAKING: FDA issues ban on some fruit and mint flavored vaping products https://t.co/MxWx3AqSi8,0,negative,0,negative,Negative,1,0,FinGPT-Llama-3-8B-LoRA,tfns,-11.657334327697754,0.6887645721435547,-12.469834327697754,0.3056374490261078,-16.469833374023438,0.005597949959337711
187,Bristol-Myers says trial of Opdivo plus Yervoy in melanoma treatment failed to meet main goal,0,negative,0,negative,Negative,1,0,FinGPT-Llama-3-8B-LoRA,tfns,-10.873970985412598,0.7302559018135071,-11.873970985412598,0.26864615082740784,-17.373971939086914,0.0010978943901136518
188,Casino Operator Wynn Resorts Is Losing Up To $2.6 Million Per Day From Coronavirus Shutdown,0,negative,0,negative,Negative,1,0,FinGPT-Llama-3-8B-LoRA,tfns,-8.71924877166748,0.8655869364738464,-10.59424877166748,0.13274206221103668,-14.96924877166748,0.0016709758201614022
189,"China Solar Group Flags Raw Material, Labor Shortages on Virus",0,negative,0,negative,Negative,1,0,FinGPT-Llama-3-8B-LoRA,tfns,-9.67233657836914,0.7135674357414246,-10.60983657836914,0.27943700551986694,-14.29733657836914,0.006995569448918104
190,Fiat Chrysler Relies on Ram Growth as Europe Losses Mount,0,negative,1,neutral,Neutral,0,0,FinGPT-Llama-3-8B-LoRA,tfns,-9.530261993408203,0.5513588786125183,-9.842761993408203,0.4033827781677246,-12.030261993408203,0.0452582947909832
191,"Ford recalls 262,000 pickup trucks with defective tailgate latches https://t.co/r1OmCaHlBs",0,negative,-1,UNPARSEABLE,,0,1,FinGPT-Llama-3-8B-LoRA,tfns,-11.733061790466309,0.701227068901062,-12.608061790466309,0.29231491684913635,-16.420560836791992,0.006458084098994732
192,Fox says cable ad revenue was hurt by impeachment coverage last quarter,0,negative,0,negative,Negative,1,0,FinGPT-Llama-3-8B-LoRA,tfns,-12.70673656463623,0.8142926096916199,-14.20673656463623,0.18169324100017548,-18.019235610961914,0.004014130216091871
193,"ICYMI: Transport for London said Uber $UBER was not ""fit and proper"" to hold an operating license in London after a… https://t.co/6KXYb2e38V",0,negative,0,negative,Negative,1,0,FinGPT-Llama-3-8B-LoRA,tfns,-10.312487602233887,0.6886422634124756,-11.124987602233887,0.3055831491947174,-15.093737602233887,0.0057746171951293945
194,Jetstar to cut capacity by 10% in January as pilots take industrial action,0,negative,0,negative,Negative,1,0,FinGPT-Llama-3-8B-LoRA,tfns,-10.600308418273926,0.8233563303947449,-12.162808418273926,0.17258486151695251,-15.912808418273926,0.00405880669131875
195,Lowe's to shut 34 Canadian stores as it reports revenue miss,0,negative,0,negative,Negative,1,0,FinGPT-Llama-3-8B-LoRA,tfns,-11.407312393188477,0.7541109323501587,-12.532312393188477,0.24482397735118866,-17.969812393188477,0.0010650688782334328
196,Macy's says temporary issue with e-commerce business also impacted Q3 performance,0,negative,0,negative,Negative,1,0,FinGPT-Llama-3-8B-LoRA,tfns,-13.084895133972168,0.6498751640319824,-13.709895133972168,0.3478531241416931,-18.74114418029785,0.002271706471219659
197,Mahindra Says Coronavirus May Jeopardize India Emissions Rollout,0,negative,0,negative,Negative,1,0,FinGPT-Llama-3-8B-LoRA,tfns,-10.461782455444336,0.6492701768875122,-11.086782455444336,0.3475292921066284,-15.774282455444336,0.00320063391700387
198,Major blockchain developer ConsenSys announces job losses #economy #MarketScreener https://t.co/ryVmI8mEkG https://t.co/bw56wJfVGF,0,negative,0,negative,Negative,1,0,FinGPT-Llama-3-8B-LoRA,tfns,-11.309745788574219,0.7733739614486694,-12.559745788574219,0.22157536447048187,-16.34099578857422,0.005050628446042538
199,"NTSB cites Uber, driver in fatal crash",0,negative,1,neutral,Neutral,0,0,FinGPT-Llama-3-8B-LoRA,tfns,-12.167125701904297,0.3909243047237396,-11.729625701904297,0.6054754257202148,-16.854625701904297,0.0036002881824970245
200,NVIDIA's New Cloud Service Could Spell Doom for Google's Stadia,0,negative,1,neutral,Neutral,0,0,FinGPT-Llama-3-8B-LoRA,tfns,-9.717534065246582,0.22696274518966675,-8.530034065246582,0.7441822290420532,-11.780034065246582,0.02885507605969906
201,"Oaktree Strategic Income NII misses by $0.01, misses on total investment income",0,negative,0,negative,Negative,1,0,FinGPT-Llama-3-8B-LoRA,tfns,-9.987663269042969,0.7421360015869141,-11.050163269042969,0.2564753592014313,-16.26891326904297,0.0013885812368243933
202,PG&E Loses Half of Financial Backing for Bankruptcy in New Pacts,0,negative,1,neutral,Neutral,0,0,FinGPT-Llama-3-8B-LoRA,tfns,-11.983051300048828,0.3607853055000305,-11.420551300048828,0.6331979632377625,-16.076801300048828,0.0060166651383042336
203,"Stock Market Live Updates: Home Depot faults tariffs, lumber prices for grim quarter - Yahoo Finance",0,negative,0,negative,Negative,1,0,FinGPT-Llama-3-8B-LoRA,tfns,-11.178640365600586,0.7952473163604736,-12.553640365600586,0.20106999576091766,-16.553640365600586,0.003682725830003619
204,"Trans Mountain Costs to Increase 70% to $9.5 Billion, CBC Says",0,negative,1,neutral,Neutral,0,0,FinGPT-Llama-3-8B-LoRA,tfns,-10.748334884643555,0.536062479019165,-10.935834884643555,0.44441142678260803,-14.060834884643555,0.019526075571775436
205,"Transport for London has decided not to extend Uber’s license to operate in the city. In a statement, transit offic… https://t.co/Wh2Fx1FLgh",0,negative,-1,UNPARSEABLE,,0,1,FinGPT-Llama-3-8B-LoRA,tfns,-10.18889045715332,0.7954248189926147,-11.56389045715332,0.20111487805843353,-15.62639045715332,0.0034603727981448174
206,Tuna maker Bumble Bee Foods has filed for Chapter 11 bankruptcy protection. https://t.co/d2gVKB0BB3,0,negative,0,negative,Negative,1,0,FinGPT-Llama-3-8B-LoRA,tfns,-12.168087005615234,0.5911424160003662,-12.543087005615234,0.4062858819961548,-17.605587005615234,0.002571673830971122
207,WeWork Could Leave Thousands Without Jobs,0,negative,0,negative,Negative,1,0,FinGPT-Llama-3-8B-LoRA,tfns,-10.288082122802734,0.8512488603591919,-12.038082122802734,0.14792485535144806,-17.225582122802734,0.0008263015188276768
208,Exxon is cutting billions of dollars in investments to keep its financial footing during the worst oil-price rout i… https://t.co/MI5vCEkhlm,0,negative,0,negative,Negative,1,0,FinGPT-Llama-3-8B-LoRA,tfns,-11.358064651489258,0.7043443918228149,-12.233064651489258,0.2936144173145294,-17.201814651489258,0.0020411584991961718
209,$ICPT: Intercept Pharma reports publication of positive results from Phase 3 REGENERATE https://t.co/Md0lhRJikS,2,positive,2,positive,Positive,1,0,FinGPT-Llama-3-8B-LoRA,tfns,-13.441859245300293,0.019460290670394897,-11.379359245300293,0.15306705236434937,-9.691859245300293,0.8274726271629333
210,$IEA - Infrastructure and Energy Alternatives secures two wind construction project awards totaling $115M https://t.co/hHMY90wYaC,2,positive,-1,UNPARSEABLE,,0,1,FinGPT-Llama-3-8B-LoRA,tfns,-12.995233535766602,0.021332934498786926,-9.995233535766602,0.4284834563732147,-9.745233535766602,0.5501836538314819
211,$KTOS: Kratos Defense and Security awarded a $39 million sole-source contract for Geolocation Global Support Servic… https://t.co/uPPTCX837l,2,positive,2,positive,Positive,1,0,FinGPT-Llama-3-8B-LoRA,tfns,-11.842667579650879,0.025081481784582138,-10.092667579650879,0.14433394372463226,-8.342667579650879,0.8305845856666565
212,$MGTA - Magenta up 15% on promising data on ADC conditioning agent https://t.co/pKMo1OORDm,2,positive,2,positive,Positive,1,0,FinGPT-Llama-3-8B-LoRA,tfns,-16.896940231323242,0.0026183894369751215,-16.240690231323242,0.005047077313065529,-10.959439277648926,0.9923345446586609
213,$RHHBY - Genentech nabs accelerated review status for risdiplam https://t.co/TlPBstlehr,2,positive,2,positive,Positive,1,0,FinGPT-Llama-3-8B-LoRA,tfns,-14.724526405334473,0.009287756867706776,-11.912026405334473,0.15465502440929413,-10.224526405334473,0.836057186126709
214,$SAGE - Sage Therapeutics to advance Huntington's candidate SAGE-718; shares up 2% https://t.co/Dhso6xIUJu,2,positive,2,positive,Positive,1,0,FinGPT-Llama-3-8B-LoRA,tfns,-14.292364120483398,0.007684700191020966,-13.511114120483398,0.016784926876425743,-9.448614120483398,0.9755303859710693
215,$SRNE UPDATE 1-Sorrento Therapeutics rejects all-cash takeout proposal; shares jump https://t.co/rPHkDVbzui via @YahooFinance,2,positive,2,positive,Positive,1,0,FinGPT-Llama-3-8B-LoRA,tfns,-14.302170753479004,0.024143904447555542,-13.239670753479004,0.06986270844936371,-10.677170753479004,0.9059933423995972
216,$ZGNX - FDA OKs Zogenix's Fintepla for Dravet syndrome https://t.co/vdfppIz1AN,2,positive,2,positive,Positive,1,0,FinGPT-Llama-3-8B-LoRA,tfns,-14.774374008178711,0.004427663516253233,-12.586874008178711,0.039463333785533905,-9.399374008178711,0.9561090469360352
217,5 Reasons To Love Wendy's On Its 50th Birthday,2,positive,2,positive,Positive,1,0,FinGPT-Llama-3-8B-LoRA,tfns,-11.308517456054688,0.03495385870337486,-8.683517456054688,0.4825230836868286,-8.683517456054688,0.4825230836868286
218,AT&T says it will continue investing in Mexico: Mexican president,2,positive,2,positive,Positive,1,0,FinGPT-Llama-3-8B-LoRA,tfns,-15.986988067626953,0.00510482769459486,-11.768238067626953,0.34686535596847534,-11.143238067626953,0.6480297446250916
219,BancorpSouth Bank boosts share repurchase program,2,positive,2,positive,Positive,1,0,FinGPT-Llama-3-8B-LoRA,tfns,-13.136473655700684,0.031552091240882874,-10.573973655700684,0.4091736972332001,-10.261473655700684,0.5592741370201111
220,Boeing : Deliveries 24 Jets in November #Boeing #Stock #MarketScreener https://t.co/jtBrv76jG6 https://t.co/s9q1BEhwcC,2,positive,2,positive,Positive,1,0,FinGPT-Llama-3-8B-LoRA,tfns,-12.090752601623535,0.040606021881103516,-9.590752601623535,0.4946826100349426,-9.653252601623535,0.4647113084793091
221,"Boeing 737 Max Net Orders Rise to -73 YTD in Nov. From -93 Oct. Yes, negative",2,positive,0,negative,Negative,0,0,FinGPT-Llama-3-8B-LoRA,tfns,-9.784870147705078,0.7362475395202637,-11.159870147705078,0.18615253269672394,-12.034870147705078,0.0775999203324318
222,Canada's TD Beats Its U.S. Banking Competitors on Their Own Turf,2,positive,2,positive,Positive,1,0,FinGPT-Llama-3-8B-LoRA,tfns,-12.042160034179688,0.07680612802505493,-10.417160034179688,0.3900536894798279,-10.104660034179688,0.5331401824951172
223,"Congratulations to Phreesia (NYSE: $PHR) who was just named 2020 Best in KLAS for Patient Intake Management 

Read... https://t.co/lgQFrG7lOr",2,positive,2,positive,Positive,1,0,FinGPT-Llama-3-8B-LoRA,tfns,-10.91108226776123,0.005653969012200832,-7.598581790924072,0.15522229671478271,-5.911081790924072,0.8391237854957581
224,FDA Approves First Drug for Peanut Allergy,2,positive,2,positive,Positive,1,0,FinGPT-Llama-3-8B-LoRA,tfns,-14.424985885620117,0.029697217047214508,-11.799985885620117,0.4099574387073517,-11.487485885620117,0.5603454113006592
225,Fortune Brands Home & Security (NYSE:FBHS) Shareholders Booked A 47% Gain In The Last Year,2,positive,2,positive,Positive,1,0,FinGPT-Llama-3-8B-LoRA,tfns,-10.84006404876709,0.07623199373483658,-10.52756404876709,0.10419677942991257,-8.46506404876709,0.8195711970329285
226,Hastings Technology Metals : Bulk Ore Sorting Trial Shows Outstanding Results #HastingsTechnologyMetals #Stock… https://t.co/jH9XEyDAxJ,2,positive,-1,UNPARSEABLE,,0,1,FinGPT-Llama-3-8B-LoRA,tfns,-10.403905868530273,0.0397099032998085,-8.153905868530273,0.37675705552101135,-7.716405391693115,0.583532989025116
227,J.P. Morgan: Bausch to better weather the market than other specialty drugmakers,2,positive,2,positive,Positive,1,0,FinGPT-Llama-3-8B-LoRA,tfns,-13.838236808776855,0.04861082509160042,-11.838236808776855,0.35918810963630676,-11.338236808776855,0.5922010540962219
228,Mediaset CEO upbeat on reaching accord with Vivendi,2,positive,2,positive,Positive,1,0,FinGPT-Llama-3-8B-LoRA,tfns,-15.046683311462402,0.011082970537245274,-11.609183311462402,0.34478113055229187,-10.984183311462402,0.6441359519958496
229,Microfinance Loan Portfolio Jumps 48% In September Quarter,2,positive,1,neutral,Neutral,0,0,FinGPT-Llama-3-8B-LoRA,tfns,-11.941853523254395,0.05941971018910408,-9.566853523254395,0.638822078704834,-10.316853523254395,0.30175819993019104
230,"Microsoft Could Win Next Phase Of Cloud Battle, Wedbush Says",2,positive,2,positive,Positive,1,0,FinGPT-Llama-3-8B-LoRA,tfns,-11.304105758666992,0.02560787834227085,-9.366605758666992,0.17775392532348633,-7.866605281829834,0.7966381907463074
231,NVIDIA : GPU-Powered Semi Simulation Snags Coveted Research Award #NVIDIA #Stock #MarketScreener… https://t.co/03LwvaKx5q,2,positive,1,neutral,Neutral,0,0,FinGPT-Llama-3-8B-LoRA,tfns,-9.81181526184082,0.07301414012908936,-7.87431526184082,0.5068185329437256,-8.06181526184082,0.42016732692718506
232,Pershing Square Holdings announces new $100M share buyback program,2,positive,1,neutral,Neutral,0,0,FinGPT-Llama-3-8B-LoRA,tfns,-13.608798027038574,0.040849629789590836,-10.733798027038574,0.7240769863128662,-11.858798027038574,0.23507338762283325
233,Publicis Signals Worst May Be Over for Struggling Ad Group,2,positive,2,positive,Positive,1,0,FinGPT-Llama-3-8B-LoRA,tfns,-12.575464248657227,0.0499686561524868,-10.387964248657227,0.4453657567501068,-10.262964248657227,0.5046655535697937
234,Sales of grounded Boeing 737 MAX gather pace at Dubai Airshow,2,positive,2,positive,Positive,1,0,FinGPT-Llama-3-8B-LoRA,tfns,-10.80550765991211,0.15308289229869843,-9.61800765991211,0.5019394755363464,-9.99300765991211,0.34497764706611633
235,Sales of grounded Boeing 737 MAX pick up steam at Dubai Airshow,2,positive,2,positive,Positive,1,0,FinGPT-Llama-3-8B-LoRA,tfns,-12.884018898010254,0.057068463414907455,-11.259018898010254,0.28981757164001465,-10.446518898010254,0.6531140208244324
236,SourceDay Announces Record Growth as One of Austin’s Fastest-Growing Companies,2,positive,2,positive,Positive,1,0,FinGPT-Llama-3-8B-LoRA,tfns,-11.410017967224121,0.02267758920788765,-8.472517967224121,0.4278947114944458,-8.222517967224121,0.5494276881217957
237,"Tezos rallies into the top ten cryptocurrencies, ousting Stellar",2,positive,2,positive,Positive,1,0,FinGPT-Llama-3-8B-LoRA,tfns,-13.731903076171875,0.010308452881872654,-10.669403076171875,0.22040444612503052,-9.419403076171875,0.769287109375
238,This chart shows how Vanguard’s explosive growth has ‘taken on a life of its own’: https://t.co/8IOnrejNLy,2,positive,1,neutral,Neutral,0,0,FinGPT-Llama-3-8B-LoRA,tfns,-10.350164413452148,0.09670945256948471,-8.412664413452148,0.6712966561317444,-9.475164413452148,0.2319939136505127
239,UPDATE 1-Keystone operator TC Energy sees EBITDA exceeding C$10 bln in 2022,2,positive,2,positive,Positive,1,0,FinGPT-Llama-3-8B-LoRA,tfns,-11.9096040725708,0.037644367665052414,-9.0971040725708,0.6268349885940552,-9.7221040725708,0.33552059531211853
240,UPDATE 1-Qualcomm expects 5G phone sales to double in 2021,2,positive,2,positive,Positive,1,0,FinGPT-Llama-3-8B-LoRA,tfns,-12.533414840698242,0.0776955783367157,-10.533414840698242,0.5740970373153687,-11.033414840698242,0.3482074439525604
241,Why Walmart and Target are still winning with consumers https://t.co/TvPW2GzpQ6 by @DegrootMckenzie https://t.co/MHBf51cVBC,2,positive,2,positive,Positive,1,0,FinGPT-Llama-3-8B-LoRA,tfns,-12.543037414550781,0.018461303785443306,-9.793037414550781,0.28878337144851685,-8.918037414550781,0.6927552819252014
242,$CVX - Chevron ramps output at key Venezuela oil project as U.S. weighs sanctions https://t.co/o4g9WuvJfo,2,positive,2,positive,Positive,1,0,FinGPT-Llama-3-8B-LoRA,tfns,-10.715548515319824,0.12689447402954102,-9.840548515319824,0.30440402030944824,-9.215548515319824,0.5687015056610107
243,BP expects to keep Azeri ACG oil output stable as Shah Deniz gas powers ahead https://t.co/dcNqW5BxVN https://t.co/a0y3sr6K0u,2,positive,1,neutral,Neutral,0,0,FinGPT-Llama-3-8B-LoRA,tfns,-11.156986236572266,0.05224641412496567,-8.781986236572266,0.5617018938064575,-9.156986236572266,0.3860517144203186
244,$AAPL - Apple delays theatrical debut of 'The Banker' https://t.co/vAHWmIoXp8,1,neutral,0,negative,Negative,0,0,FinGPT-Llama-3-8B-LoRA,tfns,-11.965700149536133,0.4822947680950165,-11.903200149536133,0.5134000778198242,-16.684450149536133,0.004305122420191765
245,"$AAPL - Max out Apple's Mac Pro for $52,599 https://t.co/HIRuhy8Pqd",1,neutral,1,neutral,Neutral,1,0,FinGPT-Llama-3-8B-LoRA,tfns,-10.866654396057129,0.16070754826068878,-9.241654396057129,0.816140353679657,-12.804154396057129,0.023152120411396027
246,$ACER - Acer Therapeutics: Upcoming Catalysts. https://t.co/vseXJ9e1nH #business #investing #markets,1,neutral,2,positive,Positive,0,0,FinGPT-Llama-3-8B-LoRA,tfns,-12.936695098876953,0.035871367901563644,-10.249195098876953,0.527125895023346,-10.436695098876953,0.4370027482509613
247,$APLS - Apellis Pharmaceuticals (APLS) Investor Presentation - Slideshow. Read more and get updates on any stock!… https://t.co/wJLXS3OeNb,1,neutral,1,neutral,Neutral,1,0,FinGPT-Llama-3-8B-LoRA,tfns,-9.654282569885254,0.09073077887296677,-7.529282569885254,0.7596794962882996,-9.154282569885254,0.14958974719047546
248,$ATRO - Astronics unveils universal radio field test solution https://t.co/diC9vddtwB,1,neutral,1,neutral,Neutral,1,0,FinGPT-Llama-3-8B-LoRA,tfns,-12.85720157623291,0.024702347815036774,-9.41970157623291,0.7684674859046936,-10.73220157623291,0.2068302184343338
249,$AUDC: AudioCodes enters into royalty buyout agreement with the Israel National Authority for Technology and... https://t.co/YVzJTV68bn,1,neutral,1,neutral,Neutral,1,0,FinGPT-Llama-3-8B-LoRA,tfns,-11.014349937438965,0.06854017078876495,-8.701849937438965,0.6922311782836914,-9.764349937438965,0.23922869563102722
250,"$BA 737 MAX makes debut at Renton, Washington Factory - Bloomberg",1,neutral,1,neutral,Neutral,1,0,FinGPT-Llama-3-8B-LoRA,tfns,-12.22248649597168,0.057068321853876114,-9.59748649597168,0.7878038883209229,-11.22248649597168,0.15512776374816895
251,$BGNE: BeiGene reports clinical data on Tislelizumab https://t.co/f1bfcfhxoh,1,neutral,1,neutral,Neutral,1,0,FinGPT-Llama-3-8B-LoRA,tfns,-12.751753807067871,0.10258401930332184,-10.689253807067871,0.806885838508606,-12.876753807067871,0.09053008258342743
252,$CMI - Cummins (CMI) Investor Presentation - Slideshow. Continue reading: https://t.co/4ropk5quxp #investing #stocks #business,1,neutral,1,neutral,Neutral,1,0,FinGPT-Llama-3-8B-LoRA,tfns,-11.43210220336914,0.0668083131313324,-8.86960220336914,0.8663833737373352,-11.43210220336914,0.0668083131313324
253,$DAN - Dana (DAN) Presents At 7th Annual Industrials Conference - Slideshow. Get more updates here:… https://t.co/34xt9wQ6lG,1,neutral,1,neutral,Neutral,1,0,FinGPT-Llama-3-8B-LoRA,tfns,-10.309038162231445,0.11797130852937698,-8.371538162231445,0.8188831806182861,-10.934038162231445,0.06314548850059509
254,$ENLC - EnLink Midstream (ENLC) Presents At RBC Capital Markets Midstream Conference - Slideshow. Continue reading:… https://t.co/2mbkE6IWgW,1,neutral,1,neutral,Neutral,1,0,FinGPT-Llama-3-8B-LoRA,tfns,-9.797748565673828,0.14538443088531494,-8.110248565673828,0.7859408259391785,-10.547748565673828,0.06867474317550659
255,$EPR: EPR Properties announces sale of charter school portfolio for approximately $454 mln; lowers FY19 FFO guidance https://t.co/i4GZ0uGlgp,1,neutral,-1,UNPARSEABLE,,0,1,FinGPT-Llama-3-8B-LoRA,tfns,-12.225298881530762,0.6319630742073059,-12.787798881530762,0.36008167266845703,-16.600297927856445,0.007955248467624187
256,$EQNR $SU - Siccar Point attracts bids as high as nearly $2B - Reuters https://t.co/CMSO3XjoN1,1,neutral,-1,UNPARSEABLE,,0,1,FinGPT-Llama-3-8B-LoRA,tfns,-12.505400657653809,0.03935057297348976,-10.067900657653809,0.45034345984458923,-9.942900657653809,0.5103060007095337
257,$INTI - Inhibitor Therapeutics to start prostate cancer treatment trial https://t.co/hKmHpHCXGJ,1,neutral,2,positive,Positive,0,0,FinGPT-Llama-3-8B-LoRA,tfns,-12.654959678649902,0.03560362756252289,-10.217459678649902,0.407461941242218,-9.904959678649902,0.5569344758987427
258,$ITRN - Margins suffer at Ituran Location in Q3 https://t.co/cCI94Csl3s,1,neutral,0,negative,Negative,0,0,FinGPT-Llama-3-8B-LoRA,tfns,-10.901305198669434,0.9176151156425476,-13.338805198669434,0.08018030971288681,-16.932554244995117,0.0022045623045414686
259,$KSU - Kansas City Southern (KSU) Presents At 7th Annual Industrials Conference - Slideshow. Keep reading:… https://t.co/GndL4OFGVw,1,neutral,1,neutral,Neutral,1,0,FinGPT-Llama-3-8B-LoRA,tfns,-9.551533699035645,0.1447712481021881,-7.9265336990356445,0.7352091073989868,-9.739033699035645,0.1200195923447609
260,$LJPC (halted pre) La Jolla Pharmaceutical (LJPC) to Reassess Continued Development of LJPC-401 Based on Recent Mix… https://t.co/8wDkULKz7f,1,neutral,0,negative,Negative,0,0,FinGPT-Llama-3-8B-LoRA,tfns,-11.202011108398438,0.6466755270957947,-11.827011108398438,0.3461405038833618,-15.702011108398438,0.007183916866779327
261,$MDGL - Madrigal launches 1.2M-share stock offering by current investor https://t.co/V3c2xhnDBB,1,neutral,1,neutral,Neutral,1,0,FinGPT-Llama-3-8B-LoRA,tfns,-11.146218299865723,0.3699043393135071,-10.646218299865723,0.609869122505188,-14.052468299865723,0.02022651769220829
262,$MIST - Milestone Pharmaceuticals (MIST) Investor Presentation - Slideshow. Read more and get updates on any stock!… https://t.co/JDkL37unei,1,neutral,1,neutral,Neutral,1,0,FinGPT-Llama-3-8B-LoRA,tfns,-9.96605396270752,0.07761464267969131,-7.591053485870361,0.8344364762306213,-9.84105396270752,0.08794891834259033
263,$NGL - NGL Energy Partners (NGL) Presents At RBC Capital Markets Midstream Conference - Slideshow. Keep reading:… https://t.co/KxjcrlAlcX,1,neutral,1,neutral,Neutral,1,0,FinGPT-Llama-3-8B-LoRA,tfns,-9.891988754272461,0.15395791828632355,-8.266988754272461,0.7818628549575806,-10.766988754272461,0.06417921185493469
264,$NSC - Norfolk Southern (NSC) Presents At 7th Annual Industrials Conference - Slideshow. Follow this and any other… https://t.co/D8uQNEKjmz,1,neutral,1,neutral,Neutral,1,0,FinGPT-Llama-3-8B-LoRA,tfns,-9.907522201538086,0.13093975186347961,-8.157522201538086,0.7535063028335571,-10.032522201538086,0.11555393785238266
265,"$PBR $BAK - Petrobras CEO wants fast sale of Braskem, improved Brazil auction process https://t.co/utBwKEfXai",1,neutral,1,neutral,Neutral,1,0,FinGPT-Llama-3-8B-LoRA,tfns,-13.171289443969727,0.14260292053222656,-11.483789443969727,0.7709040641784668,-13.671289443969727,0.08649303764104843
266,$PFBOF - Bumbershoot Holdings - 2019 Investor Letter. https://t.co/VSz41aei6i #finance #markets #stockmarket,1,neutral,1,neutral,Neutral,1,0,FinGPT-Llama-3-8B-LoRA,tfns,-11.89530086517334,0.11246206611394882,-9.89530086517334,0.8309885263442993,-12.58280086517334,0.05654947832226753
267,$PI - Impinj plans $75M private offering https://t.co/TgxgZBHfqy,1,neutral,1,neutral,Neutral,1,0,FinGPT-Llama-3-8B-LoRA,tfns,-10.516341209411621,0.23672670125961304,-9.391341209411621,0.7291695475578308,-12.453841209411621,0.034103717654943466
268,$PZZA - Papa John's International (PZZA) Investor Presentation - Slideshow. Read more and sign up for updates:… https://t.co/S2JCz391yG,1,neutral,1,neutral,Neutral,1,0,FinGPT-Llama-3-8B-LoRA,tfns,-9.242284774780273,0.11401982605457306,-7.304784774780273,0.7914544343948364,-9.429784774780273,0.09452575445175171
269,$REGN: Regeneron Pharma and Sanofi (SNY) restructure Kevzara and Paluent agreement https://t.co/PH1vNcbN28,1,neutral,1,neutral,Neutral,1,0,FinGPT-Llama-3-8B-LoRA,tfns,-12.192264556884766,0.18940365314483643,-10.817264556884766,0.7491059899330139,-13.317264556884766,0.061490364372730255
270,$RM - Regional Management (RM) Investor Presentation - Slideshow. Get more info on Seeking Alpha:… https://t.co/oTKMYsuWee,1,neutral,1,neutral,Neutral,1,0,FinGPT-Llama-3-8B-LoRA,tfns,-10.203011512756348,0.10637311637401581,-8.140511512756348,0.8366894125938416,-10.828011512756348,0.056937430053949356
271,$SAVE - Spirit Airlines (SAVE) Investor Presentation - Slideshow. Subscribe to Seeking Alpha for more:… https://t.co/p8zUL1L274,1,neutral,1,neutral,Neutral,1,0,FinGPT-Llama-3-8B-LoRA,tfns,-8.701589584350586,0.12997108697891235,-6.951589107513428,0.7479323744773865,-8.764089584350586,0.12209654599428177
272,$SO - Final containment ring placed for Georgia Power's Vogtle nuclear expansion https://t.co/gTNtdx755r,1,neutral,1,neutral,Neutral,1,0,FinGPT-Llama-3-8B-LoRA,tfns,-12.337563514709473,0.02885507605969906,-9.087563514709473,0.7441822290420532,-10.275063514709473,0.22696274518966675
273,"$SRNE - Sorrento received, rejected unsolicited acquisition proposal https://t.co/jNJl3adLlp",1,neutral,1,neutral,Neutral,1,0,FinGPT-Llama-3-8B-LoRA,tfns,-12.492862701416016,0.19840863347053528,-11.180362701416016,0.7371774911880493,-13.617862701416016,0.06441384553909302
274,$VRML - Vermillion (VRML) Investor Presentation - Slideshow. Keep reading: https://t.co/Ms2VW2VLX3 #finance #stocks #business,1,neutral,1,neutral,Neutral,1,0,FinGPT-Llama-3-8B-LoRA,tfns,-11.149054527282715,0.08011132478713989,-8.774054527282715,0.8612779974937439,-11.461554527282715,0.058610700070858
275,$XOM - Exxon to wrap up Beaumont hydrocracker restart next week - Reuters https://t.co/qF2gXFqc5r,1,neutral,2,positive,Positive,0,0,FinGPT-Llama-3-8B-LoRA,tfns,-13.153800964355469,0.03725763037800789,-11.403800964355469,0.21440288424491882,-10.153800964355469,0.7483395338058472
276,$XON: Intrexon to achieve $175 mln cash goal; appoints Helen Sabzevari as New President and CEO; will change name t… https://t.co/1Yt9sU0plb,1,neutral,1,neutral,Neutral,1,0,FinGPT-Llama-3-8B-LoRA,tfns,-11.665328025817871,0.08821531385183334,-9.852828025817871,0.5403843522071838,-10.227828025817871,0.3714003562927246
277,"3M is exploring a sale of its drug delivery systems unit, which could fetch about $1 billion https://t.co/ISlbwO3FCd",1,neutral,-1,UNPARSEABLE,,0,1,FinGPT-Llama-3-8B-LoRA,tfns,-11.864044189453125,0.1914990395307541,-10.614044189453125,0.6683973073959351,-12.176544189453125,0.14010368287563324
278,A meaty situation for Burger King,1,neutral,1,neutral,Neutral,1,0,FinGPT-Llama-3-8B-LoRA,tfns,-10.773788452148438,0.06531764566898346,-8.461288452148438,0.6596848368644714,-9.336288452148438,0.2749975621700287
279,A New Look at Wendy's,1,neutral,1,neutral,Neutral,1,0,FinGPT-Llama-3-8B-LoRA,tfns,-10.72514820098877,0.09098710864782333,-8.47514820098877,0.8632616400718689,-11.41264820098877,0.045751191675662994
280,accesso Technology : Form 8.3 - Accesso Technology Group PLC #accessoTechnology #Stock #MarketScreener… https://t.co/U7Ek9RNca7,1,neutral,1,neutral,Neutral,1,0,FinGPT-Llama-3-8B-LoRA,tfns,-8.579723358154297,0.28297659754753113,-7.829723834991455,0.5990611910820007,-9.454723358154297,0.11796219646930695
281,ACI Worlwide to deliver Universal Payments tech via Azure,1,neutral,1,neutral,Neutral,1,0,FinGPT-Llama-3-8B-LoRA,tfns,-12.152381896972656,0.05997785925865173,-9.527381896972656,0.8279687762260437,-11.527381896972656,0.11205338686704636
282,Activision Blizzard’s Revenue To See Double-Digit Decline In 2019?,1,neutral,0,negative,negative,0,0,FinGPT-Llama-3-8B-LoRA,tfns,-8.776993751525879,0.9077159762382507,-11.151993751525879,0.08443073183298111,-13.526993751525879,0.007853281684219837
283,Adocia annonce son calendrier financier pour l’année 2020,1,neutral,1,neutral,Neutral,1,0,FinGPT-Llama-3-8B-LoRA,tfns,-12.480087280273438,0.04923110082745552,-9.542587280273438,0.928922712802887,-13.292587280273438,0.021846169605851173
284,Advent to build up hair care brand following Olaplex buyout,1,neutral,1,neutral,Neutral,1,0,FinGPT-Llama-3-8B-LoRA,tfns,-12.666755676269531,0.11647798120975494,-10.791755676269531,0.7595317959785461,-12.604255676269531,0.12399016320705414
285,AGF Announces Closure and Liquidation of AGFiQ U.S. Market Neutral Size Fund  https://t.co/lOOBLANzmz,1,neutral,-1,UNPARSEABLE,,0,1,FinGPT-Llama-3-8B-LoRA,tfns,-11.337020874023438,0.4367881417274475,-11.087020874023438,0.5608470439910889,-16.555770874023438,0.002364811487495899
286,Airbus dominates second day of Dubai show as Boeing wins MAX order,1,neutral,1,neutral,Neutral,1,0,FinGPT-Llama-3-8B-LoRA,tfns,-12.563827514648438,0.09235410392284393,-10.438827514648438,0.7732714414596558,-12.188827514648438,0.13437442481517792
287,Aivo’s Conversational AI Bot Now Available on Genesys AppFoundry,1,neutral,1,neutral,Neutral,1,0,FinGPT-Llama-3-8B-LoRA,tfns,-10.269012451171875,0.07365106046199799,-7.831512928009033,0.8428913354873657,-10.144012451171875,0.0834575891494751
288,Alibaba Guides Pricing on Hong Kong Listing Around HK$176,1,neutral,1,neutral,Neutral,1,0,FinGPT-Llama-3-8B-LoRA,tfns,-12.186025619506836,0.12000507861375809,-10.248525619506836,0.8330003023147583,-13.123525619506836,0.046994663774967194
289,Alibaba on track to raise $12.9 billion in Hong Kong listing - CNN,1,neutral,1,neutral,Neutral,1,0,FinGPT-Llama-3-8B-LoRA,tfns,-12.79905891418457,0.044090740382671356,-9.92405891418457,0.781527042388916,-11.42405891418457,0.1743822544813156
290,Alibaba share sale for $13.B Hong Kong listing oversubscribed,1,neutral,2,positive,Positive,0,0,FinGPT-Llama-3-8B-LoRA,tfns,-12.342341423034668,0.04186064004898071,-9.904841423034668,0.47906967997550964,-9.904841423034668,0.47906967997550964
291,Alibaba to pioneer paperless listing in break with Hong Kong norm - Reuters UK,1,neutral,1,neutral,Neutral,1,0,FinGPT-Llama-3-8B-LoRA,tfns,-11.81553840637207,0.09163464605808258,-9.62803840637207,0.8167307376861572,-11.81553840637207,0.09163464605808258
292,"Aline Sara, CEO of @NaTakallam is the latest to take our 30 second challenge. The big question: how can the private… https://t.co/otUh5GYZpI",1,neutral,1,neutral,Neutral,1,0,FinGPT-Llama-3-8B-LoRA,tfns,-9.514506340026855,0.20378199219703674,-8.264506340026855,0.7112690210342407,-10.389506340026855,0.08494897186756134
293,Allergan : Form 8.3 -  #Allergan #Stock #MarketScreener https://t.co/Fc6eMgvCAQ https://t.co/4vPUhxFD8E,1,neutral,1,neutral,Neutral,1,0,FinGPT-Llama-3-8B-LoRA,tfns,-11.005183219909668,0.20189900696277618,-9.692683219909668,0.7501457929611206,-12.442683219909668,0.047955214977264404
294,Allergan : Form 8.3 - -2- #Allergan #Stock #MarketScreener https://t.co/auV1AwcmcT https://t.co/HRDqybz3f8,1,neutral,1,neutral,Neutral,1,0,FinGPT-Llama-3-8B-LoRA,tfns,-11.757013320922852,0.27108168601989746,-10.819513320922852,0.6922313570976257,-13.757013320922852,0.03668691962957382
295,Amazon blocks third-party sellers from using FedEx shipping,1,neutral,1,neutral,Neutral,1,0,FinGPT-Llama-3-8B-LoRA,tfns,-10.57763671875,0.4714955985546112,-10.51513671875,0.5019044280052185,-13.45263671875,0.026599960401654243
296,Amazon tunes to new cloud wavelength https://t.co/ximH0zukU9,1,neutral,1,neutral,Neutral,1,0,FinGPT-Llama-3-8B-LoRA,tfns,-12.165637016296387,0.06444533169269562,-9.603137016296387,0.83573979139328,-11.728137016296387,0.09981489181518555
297,"Amazon will spend more than $35 billion on shipping costs this year, more than twice what it spent two years ago. T… https://t.co/7eBU5nTpEF",1,neutral,1,neutral,Neutral,1,0,FinGPT-Llama-3-8B-LoRA,tfns,-9.82798957824707,0.379364937543869,-9.51548957824707,0.5185304284095764,-11.14048957824707,0.10210468620061874
298,Angkor Reports Results From Banlung Drill Program  https://t.co/QWxX3i7DCR,1,neutral,-1,UNPARSEABLE,,0,1,FinGPT-Llama-3-8B-LoRA,tfns,-8.780365943908691,0.22594745457172394,-7.655365943908691,0.6959671974182129,-9.842865943908691,0.07808534801006317
299,Ant Financial Considers Applying for Virtual Banking License in Singapore,1,neutral,1,neutral,Neutral,1,0,FinGPT-Llama-3-8B-LoRA,tfns,-9.76283073425293,0.1383705884218216,-8.01283073425293,0.7962678074836731,-10.51283073425293,0.0653616413474083
300,Apple starts construction of new campus in Texas,1,neutral,1,neutral,Neutral,1,0,FinGPT-Llama-3-8B-LoRA,tfns,-13.432838439941406,0.013324396684765816,-9.307838439941406,0.8243512511253357,-10.932838439941406,0.16232436895370483
301,"Apple's redesigned maps service has rolled out across the United States, giving users more accurate navigation and... https://t.co/RxC4CXqb71",1,neutral,2,positive,Positive,0,0,FinGPT-Llama-3-8B-LoRA,tfns,-13.702895164489746,0.01184358261525631,-9.827895164489746,0.5706557631492615,-10.140395164489746,0.41750067472457886
302,ArcelorMittal willing to re-commit to Ilva steel plant on three conditions - paper,1,neutral,1,neutral,Neutral,1,0,FinGPT-Llama-3-8B-LoRA,tfns,-11.102636337280273,0.0926961749792099,-9.102636337280273,0.6849372386932373,-10.227636337280273,0.2223665714263916
303,"ArcelorMittal, commissioners extend talks on Ilva plant - Reuters",1,neutral,1,neutral,Neutral,1,0,FinGPT-Llama-3-8B-LoRA,tfns,-12.637489318847656,0.08435562998056412,-10.387489318847656,0.800343930721283,-12.324989318847656,0.1153004840016365
304,"ArcelorMittal, commissioners extend talks on Italy's Ilva plant: lawyer",1,neutral,1,neutral,Neutral,1,0,FinGPT-Llama-3-8B-LoRA,tfns,-13.559165954589844,0.045013077557086945,-10.684165954589844,0.7978758215904236,-12.309165954589844,0.1571110635995865
305,Arrow Electronics Forges New Global IoT Solutions Collaboration with Microshare Inc.,1,neutral,1,neutral,Neutral,1,0,FinGPT-Llama-3-8B-LoRA,tfns,-11.60193920135498,0.05578284338116646,-8.85193920135498,0.8725905418395996,-11.35193920135498,0.07162658870220184
306,"As department stories struggle, Nordstrom makes a play in New York City",1,neutral,1,neutral,Neutral,1,0,FinGPT-Llama-3-8B-LoRA,tfns,-13.460768699645996,0.17405173182487488,-12.023268699645996,0.7327851057052612,-14.085768699645996,0.09316316246986389
307,"ASAE Technology Exploration Conference Delivered Thought-Leaders, Live Demos and Best in Class Learning for Associa… https://t.co/shsWIU84Xy",1,neutral,1,neutral,Neutral,1,0,FinGPT-Llama-3-8B-LoRA,tfns,-11.733416557312012,0.021728137508034706,-8.045916557312012,0.8679273128509521,-10.108416557312012,0.11034457385540009
308,Ashley House : 10th December 2019 - Annual General Meeting and Trading Update #AshleyHouse #Stock #MarketScreener… https://t.co/MVwTUJjqON,1,neutral,1,neutral,Neutral,1,0,FinGPT-Llama-3-8B-LoRA,tfns,-9.710135459899902,0.17191913723945618,-8.272635459899902,0.723806619644165,-10.210135459899902,0.10427423566579819
309,Auto Expo 2020: JBM To Invest Rs 500 Crore In Electric Bus Business,1,neutral,1,neutral,Neutral,1,0,FinGPT-Llama-3-8B-LoRA,tfns,-12.437640190124512,0.10337967425584793,-10.437640190124512,0.7638782262802124,-12.187640190124512,0.13274212181568146
310,AVJennings : AVJ Progressing with 3500 Lot Project in SEQ Growth Corridor #AVJennings #Stock #MarketScreener… https://t.co/wEuepnKClY,1,neutral,1,neutral,Neutral,1,0,FinGPT-Llama-3-8B-LoRA,tfns,-10.012962341308594,0.06610477715730667,-7.887962341308594,0.5534884929656982,-8.262962341308594,0.3804067075252533
311,Azure Healthcare : Rights Issue Offer Document Lodgement and Cleansing Notice #AzureHealthcare #Stock… https://t.co/ewCxUbTQM6,1,neutral,1,neutral,Neutral,1,0,FinGPT-Llama-3-8B-LoRA,tfns,-10.851259231567383,0.12932807207107544,-9.038759231567383,0.792230486869812,-11.351259231567383,0.07844144105911255
312,"Balance Point already near goal for new fundraise, just a year after $380m Fund III close",1,neutral,1,neutral,Neutral,1,0,FinGPT-Llama-3-8B-LoRA,tfns,-10.148714065551758,0.09415606409311295,-8.086214065551758,0.7405948638916016,-9.586214065551758,0.1652490645647049
313,Barrick to sell Super Pit mine share for $750M,1,neutral,1,neutral,Neutral,1,0,FinGPT-Llama-3-8B-LoRA,tfns,-12.435506820678711,0.19311703741550446,-11.060506820678711,0.7637927532196045,-13.935506820678711,0.04309023916721344
314,Bass Oil : Bunian-5 Testing Complete - Now Set to Commence Production #BassOil #Stock #MarketScreener… https://t.co/DmbhYHiI9T,1,neutral,-1,UNPARSEABLE,,0,1,FinGPT-Llama-3-8B-LoRA,tfns,-10.793237686157227,0.06522972881793976,-8.855737686157227,0.45278406143188477,-8.793237686157227,0.4819861352443695
315,Berenberg expects higher offer for LogMeIn,1,neutral,2,positive,Positive,0,0,FinGPT-Llama-3-8B-LoRA,tfns,-14.794601440429688,0.035542234778404236,-13.044601440429688,0.20453141629695892,-11.732101440429688,0.7599263787269592
316,"BHP, Woodside agree on tolling price for Scarborough gas",1,neutral,1,neutral,Neutral,1,0,FinGPT-Llama-3-8B-LoRA,tfns,-11.738966941833496,0.08605197072029114,-9.488966941833496,0.8164383769035339,-11.613966941833496,0.09750965982675552
317,Bobit Business Media’s Chris Brown Wins Eddie Award For Business Fleet Article  https://t.co/m1YoKG5j2w,1,neutral,1,neutral,Neutral,1,0,FinGPT-Llama-3-8B-LoRA,tfns,-9.232061386108398,0.027913840487599373,-5.794561862945557,0.868373692035675,-7.919561862945557,0.10371244698762894
318,Boeing announces additional order for 737 MAX planes,1,neutral,2,positive,Positive,0,0,FinGPT-Llama-3-8B-LoRA,tfns,-12.658246040344238,0.027268631383776665,-10.220746040344238,0.3120729625225067,-9.470746040344238,0.6606584191322327
319,Boeing gets 10 additional orders for 737 MAX 8 planes valued at $1.2 billion from SunExpress,1,neutral,2,positive,Positive,0,0,FinGPT-Llama-3-8B-LoRA,tfns,-13.346729278564453,0.017362210899591446,-10.534229278564453,0.28910672664642334,-9.659229278564453,0.6935310363769531
320,Boeing Maintains Supremacy Over Airbus at United Airlines Despite A321XLR Order,1,neutral,2,positive,Positive,0,0,FinGPT-Llama-3-8B-LoRA,tfns,-11.80944538116455,0.09602075815200806,-9.93444538116455,0.6261339783668518,-10.74694538116455,0.27784526348114014
321,Brookfield Asset Management closes $20B infrastructure fund,1,neutral,1,neutral,Neutral,1,0,FinGPT-Llama-3-8B-LoRA,tfns,-13.508570671081543,0.03482121601700783,-10.321070671081543,0.8436408042907715,-12.258570671081543,0.12153798341751099
322,Cadbury Chocolate Maker Sees ‘No Stopping of Growth’ in Demand,1,neutral,2,positive,Positive,0,0,FinGPT-Llama-3-8B-LoRA,tfns,-13.700369834899902,0.005313234403729439,-10.325369834899902,0.15527547895908356,-8.637869834899902,0.8394112586975098
323,CAE : completes upgrades of CT-156 and CT-155 FTDs for NFTC program at 15 Wing Moose Jaw #CAE #Stock… https://t.co/QtvyZaPnzE,1,neutral,1,neutral,Neutral,1,0,FinGPT-Llama-3-8B-LoRA,tfns,-10.59262466430664,0.12612822651863098,-9.15512466430664,0.5310196876525879,-9.59262466430664,0.34285208582878113
324,Cambridge Cognition : expands eCOA offering and wins contract with top 10 pharmaceutical c... #CambridgeCognition… https://t.co/KG7utY8LZm,1,neutral,2,positive,Positive,0,0,FinGPT-Llama-3-8B-LoRA,tfns,-11.321287155151367,0.05675220116972923,-9.446287155151367,0.37007084488868713,-9.008787155151367,0.573176920413971
325,Canadian Milk Giant Saputo Homes in on Dairy-Free Deal This Year,1,neutral,1,neutral,Neutral,1,0,FinGPT-Llama-3-8B-LoRA,tfns,-12.381556510925293,0.06591422110795975,-9.881556510925293,0.8029996156692505,-11.694056510925293,0.1310860961675644
326,Canadian regulator dismisses Catalyst request for cease trade order on Hudson's take private deal,1,neutral,1,neutral,Neutral,1,0,FinGPT-Llama-3-8B-LoRA,tfns,-12.783681869506836,0.10819299519062042,-10.971181869506836,0.662762463092804,-12.033681869506836,0.2290445864200592
327,"CG Power Gets Shareholders Nod To Raise Rs 5,000 Crore",1,neutral,1,neutral,Neutral,1,0,FinGPT-Llama-3-8B-LoRA,tfns,-12.773398399353027,0.029463989660143852,-9.398398399353027,0.8610640168190002,-11.460898399353027,0.10947199910879135
328,Chipotle highlights fast drive-thru lanes,1,neutral,1,neutral,Neutral,1,0,FinGPT-Llama-3-8B-LoRA,tfns,-12.84289264678955,0.041611723601818085,-10.09289264678955,0.6509168744087219,-10.84289264678955,0.307471364736557
329,"Comstock Mining Provides Strategic Overview and Updates; Value Proposition, Strategic Initiatives and Reverse Stock… https://t.co/Yozj1lH9TS",1,neutral,1,neutral,Neutral,1,0,FinGPT-Llama-3-8B-LoRA,tfns,-10.757781028747559,0.1251065582036972,-8.882781028747559,0.8157972097396851,-11.507781028747559,0.05909615755081177
330,"Cree, STM double silicon carbide wafer agreement",1,neutral,1,neutral,Neutral,1,0,FinGPT-Llama-3-8B-LoRA,tfns,-12.110918998718262,0.09640508145093918,-9.985918998718262,0.8071898221969604,-12.110918998718262,0.09640508145093918
331,Crunch talks lead to Emirates order for 30 Boeing Dreamliners,1,neutral,1,neutral,Neutral,1,0,FinGPT-Llama-3-8B-LoRA,tfns,-12.529560089111328,0.05349770933389664,-10.154560089111328,0.5751546025276184,-10.592060089111328,0.37134772539138794
332,"David Marcus heads the Facebook subsidiary Calibra, which is creating the digital wallet that lets you store and se… https://t.co/EBRdFFrkwo",1,neutral,1,neutral,Neutral,1,0,FinGPT-Llama-3-8B-LoRA,tfns,-10.992334365844727,0.1519467830657959,-9.367334365844727,0.7716495394706726,-11.679834365844727,0.0764036476612091
333,Delta's CEO explains why Wifi isn't better on airplanes https://t.co/7HKHdNyP4Z https://t.co/fF7fvnSUlc,1,neutral,0,negative,Negative,0,0,FinGPT-Llama-3-8B-LoRA,tfns,-11.447664260864258,0.37257471680641174,-10.947664260864258,0.6142718195915222,-14.791414260864258,0.013153495267033577
334,Disney is allowed to build nuclear power plants thanks to a 1967 law. But the park is turning to solar power with… https://t.co/BzRI5tlce3,1,neutral,1,neutral,Neutral,1,0,FinGPT-Llama-3-8B-LoRA,tfns,-11.73031234741211,0.06220417842268944,-9.23031234741211,0.7578020691871643,-10.66781234741211,0.17999376356601715
335,Dyadic International : Announces Achieving Human Like Glycan Structures From Its Engineere... #DyadicInternational… https://t.co/eVfCZjC60j,1,neutral,1,neutral,Neutral,1,0,FinGPT-Llama-3-8B-LoRA,tfns,-11.474347114562988,0.06839846074581146,-9.411847114562988,0.5379955768585205,-9.724347114562988,0.3936059772968292
336,Ecolab Launches Innovative Eco-Flex™ Non-Iodine Teat Dip,1,neutral,1,neutral,Neutral,1,0,FinGPT-Llama-3-8B-LoRA,tfns,-11.501720428466797,0.08015085756778717,-9.251720428466797,0.7604501843452454,-10.814220428466797,0.15939901769161224
337,"Elections boost YouGov's profile, but the company makes most of its money tracking brands and market trends https://t.co/8fp3XHBmHG",1,neutral,1,neutral,Neutral,1,0,FinGPT-Llama-3-8B-LoRA,tfns,-13.28100299835205,0.020646777004003525,-9.71850299835205,0.7278239727020264,-10.78100299835205,0.2515292465686798
338,Elon Musk probably wasn’t expecting this… Watch what happened when Tesla unveiled its “bulletproof” Cybertruck:… https://t.co/WlDIOM3seK,1,neutral,0,negative,Negative,0,0,FinGPT-Llama-3-8B-LoRA,tfns,-11.98422908782959,0.4982132613658905,-11.98422908782959,0.4982132613658905,-16.921728134155273,0.003573441645130515
339,Emerald Resources NL : Voluntary Suspension #EmeraldResourcesNL #Stock #MarketScreener https://t.co/zefjhT7YbV https://t.co/0f5IRUY68q,1,neutral,-1,UNPARSEABLE,,0,1,FinGPT-Llama-3-8B-LoRA,tfns,-13.045782089233398,0.12374696135520935,-11.108282089233398,0.8589740991592407,-15.014532089233398,0.017278945073485374
340,Emirates orders 30 Boeing 787 Dreamliners,1,neutral,1,neutral,Neutral,1,0,FinGPT-Llama-3-8B-LoRA,tfns,-12.51074504852295,0.04456154257059097,-9.63574504852295,0.7898722290992737,-11.19824504852295,0.16556620597839355
341,Encana files paperwork for move to U.S. from Canada,1,neutral,1,neutral,Neutral,1,0,FinGPT-Llama-3-8B-LoRA,tfns,-13.982779502868652,0.05230938643217087,-11.107779502868652,0.9272059798240662,-14.920279502868652,0.020484648644924164
342,Encantos Partners With Award-Winning Chef Aliya LeeKong to Develop New Food-Inspired Preschool Brand ISSA’S EDIBLE ADVENTURES™,1,neutral,1,neutral,Neutral,1,0,FinGPT-Llama-3-8B-LoRA,tfns,-12.977312088012695,0.033477783203125,-9.727312088012695,0.8634033799171448,-11.852312088012695,0.10311882942914963
343,Exclusive: Russia's VTB plans to expand grain business and then exit - CEO,1,neutral,1,neutral,Neutral,1,0,FinGPT-Llama-3-8B-LoRA,tfns,-13.355069160461426,0.09697148203849792,-11.230069160461426,0.8119322657585144,-13.417569160461426,0.09109626710414886
344,FedEx discontinues pension for new hires,1,neutral,1,neutral,Neutral,1,0,FinGPT-Llama-3-8B-LoRA,tfns,-11.768133163452148,0.5276808142662048,-11.893133163452148,0.4656766653060913,-16.14313316345215,0.006642520893365145
345,Fidelity granted charter for virtual currency platform from New York state,1,neutral,1,neutral,Neutral,1,0,FinGPT-Llama-3-8B-LoRA,tfns,-13.789125442504883,0.027533581480383873,-10.476625442504883,0.7558979988098145,-11.726625442504883,0.21656839549541473
346,Flynas exercises options for A321XLR jets,1,neutral,1,neutral,Neutral,1,0,FinGPT-Llama-3-8B-LoRA,tfns,-12.60274887084961,0.13727496564388275,-10.97774887084961,0.6971397995948792,-12.41524887084961,0.1655852198600769
347,Ford and McDonalds are teaming up to create car parts out of coffee beans https://t.co/HZOpOUPKJh,1,neutral,1,neutral,Neutral,1,0,FinGPT-Llama-3-8B-LoRA,tfns,-13.288265228271484,0.02487173117697239,-9.725765228271484,0.8767586946487427,-11.913265228271484,0.09836959093809128
348,Foxconn Interconnect Technology : Renewal of Continuing Connected Transactions - New Conti...… https://t.co/ni0Mg3aCxf,1,neutral,1,neutral,Neutral,1,0,FinGPT-Llama-3-8B-LoRA,tfns,-11.264969825744629,0.15332327783107758,-9.639969825744629,0.7786399126052856,-12.077469825744629,0.06803679466247559
349,Foxconn won't amend Wisconsin contract - The Verge,1,neutral,1,neutral,Neutral,1,0,FinGPT-Llama-3-8B-LoRA,tfns,-12.899259567260742,0.18763168156147003,-11.461759567260742,0.7899588942527771,-15.024259567260742,0.022409409284591675
350,"Franklin Berger Is The Independent Director of Kezar Life Sciences, Inc. (NASDAQ:KZR) And They Just Spent US$314k On Shares",1,neutral,1,neutral,Neutral,1,0,FinGPT-Llama-3-8B-LoRA,tfns,-12.042097091674805,0.0464741550385952,-9.104597091674805,0.8769029378890991,-11.542097091674805,0.07662292569875717
351,Free Shipping Is the Key to Amazon's Success,1,neutral,1,neutral,neutral,1,0,FinGPT-Llama-3-8B-LoRA,tfns,-9.209296226501465,0.25375404953956604,-8.396796226501465,0.5718435645103455,-9.584296226501465,0.1744024157524109
352,Future Land Development : Speech on financial education #FutureLandDevelopment #Stock #MarketScreener… https://t.co/t5Y2rr9cBR,1,neutral,1,neutral,Neutral,1,0,FinGPT-Llama-3-8B-LoRA,tfns,-10.168262481689453,0.07879956066608429,-7.793262481689453,0.847175121307373,-10.230762481689453,0.07402534037828445
353,Galp Energia : secures new renewable power purchase agreement in Spain #GalpEnergia #Stock #MarketScreener… https://t.co/3b9FxGED3y,1,neutral,1,neutral,Neutral,1,0,FinGPT-Llama-3-8B-LoRA,tfns,-10.14208984375,0.06522972881793976,-8.14208984375,0.4819861352443695,-8.20458984375,0.45278406143188477
354,GCEL’s Digital Economy Platform To Assist Realization of Malaysia’s Shared Prosperity Vision 2030 Objectives,1,neutral,1,neutral,neutral,1,0,FinGPT-Llama-3-8B-LoRA,tfns,-8.178351402282715,0.10375796258449554,-6.303351879119873,0.6765865087509155,-7.428351879119873,0.21965548396110535
355,Genetic Signatures : Appendix 3B - Share Issue SPP #GeneticSignatures #Stock #MarketScreener https://t.co/082ZoLFZDn https://t.co/ZdNx7jp4uW,1,neutral,1,neutral,Neutral,1,0,FinGPT-Llama-3-8B-LoRA,tfns,-11.304203987121582,0.13513053953647614,-9.554203987121582,0.777622640132904,-11.741703987121582,0.087246835231781
356,Germany's Condor sets ambitious margin target to court buyers https://t.co/COG93noQDO https://t.co/uTis2d6Fix,1,neutral,1,neutral,Neutral,1,0,FinGPT-Llama-3-8B-LoRA,tfns,-11.656990051269531,0.06990756839513779,-9.281990051269531,0.7515771985054016,-10.719490051269531,0.1785152405500412
357,GM and South Korea’s LG Chem set $2.3 billion electric-vehicle-battery venture in Ohio. The joint venture is expect… https://t.co/px1loY3FYe,1,neutral,-1,UNPARSEABLE,,0,1,FinGPT-Llama-3-8B-LoRA,tfns,-10.90107250213623,0.01960088685154915,-7.651072978973389,0.5055133104324341,-7.713572978973389,0.4748857915401459
358,Goldman Sachs is planning on giving some of its most valuable software to Wall Street for free. https://t.co/dn4iEluF1j,1,neutral,1,neutral,Neutral,1,0,FinGPT-Llama-3-8B-LoRA,tfns,-12.459784507751465,0.036749467253685,-9.459784507751465,0.7381327748298645,-10.647284507751465,0.2251177579164505
359,"Goldman's Marcus aims to lure home buyers, sellers to its personal loan platform",1,neutral,1,neutral,Neutral,1,0,FinGPT-Llama-3-8B-LoRA,tfns,-13.215810775756836,0.06985365599393845,-10.715810775756836,0.8509917855262756,-13.090810775756836,0.07915456593036652
360,Google Stadia review: The game streaming service works — but it’s missing key features,1,neutral,1,neutral,Neutral,1,0,FinGPT-Llama-3-8B-LoRA,tfns,-12.945202827453613,0.23852607607841492,-11.820202827453613,0.7347120642662048,-15.132702827453613,0.026761885732412338
361,Grazitti Interactive Expands Its Presence in North America,1,neutral,1,neutral,Neutral,1,0,FinGPT-Llama-3-8B-LoRA,tfns,-12.215585708618164,0.03085586428642273,-8.903085708618164,0.8471068143844604,-10.840585708618164,0.12203731387853622
362,GreenPrint Launches IMPACT COLLECTIVE Sustainability Initiative,1,neutral,1,neutral,Neutral,1,0,FinGPT-Llama-3-8B-LoRA,tfns,-12.448014259338379,0.061502259224653244,-9.823014259338379,0.8490124344825745,-12.073014259338379,0.08948525041341782
363,Heard on the Street: Dubai shows up Boeing’s wide-body woes https://t.co/Jla8Ap1CJm,1,neutral,1,neutral,Neutral,1,0,FinGPT-Llama-3-8B-LoRA,tfns,-10.763704299926758,0.4439351260662079,-10.638704299926758,0.5030444264411926,-12.888704299926758,0.05302048847079277
364,Hedge fund Two Sigma builds private equity power with $1.2bn debut Sightway Capital fund close,1,neutral,1,neutral,Neutral,1,0,FinGPT-Llama-3-8B-LoRA,tfns,-12.072962760925293,0.05526765063405037,-9.385462760925293,0.8121522068977356,-11.197962760925293,0.1325802057981491
365,Here's the Most Detailed Breakdown of Netflix's Subscriber Base Ever,1,neutral,1,neutral,Neutral,1,0,FinGPT-Llama-3-8B-LoRA,tfns,-11.835199356079102,0.1259813904762268,-9.960199356079102,0.8215017914772034,-12.710199356079102,0.05251685157418251
366,HKScan Oyj:OMIEN OSAKKEIDEN HANKINTA 25.11.2019 #Stock #MarketScreener https://t.co/pJy7Wb5xzZ https://t.co/iZcxHLUncR,1,neutral,1,neutral,Neutral,1,0,FinGPT-Llama-3-8B-LoRA,tfns,-11.462132453918457,0.12676362693309784,-9.587132453918457,0.8266026377677917,-12.462132453918457,0.046633731573820114
367,Honda pushes back Wuhan restart timeline,1,neutral,0,negative,Negative,0,0,FinGPT-Llama-3-8B-LoRA,tfns,-10.998285293579102,0.7388426661491394,-12.060785293579102,0.2553372085094452,-15.842035293579102,0.005820202641189098
368,Horizon Gold : Management Agreement Extended #HorizonGold #Stock #MarketScreener https://t.co/hJVXxzyv43 https://t.co/fkLqS0DRZp,1,neutral,1,neutral,Neutral,1,0,FinGPT-Llama-3-8B-LoRA,tfns,-12.420388221740723,0.05798086151480675,-9.857888221740723,0.751907229423523,-11.232888221740723,0.1901119202375412
369,HSBC : Terms of Reference of Nomination & Corporate Governance Committee #HSBC #Stock #MarketScreener… https://t.co/ZAdqozoyZG,1,neutral,1,neutral,Neutral,1,0,FinGPT-Llama-3-8B-LoRA,tfns,-11.315467834472656,0.09697148203849792,-9.190467834472656,0.8119322657585144,-11.377967834472656,0.09109626710414886
370,Icade : Investor Presentation - November 2019 #Icade #Stock #MarketScreener https://t.co/9OI0H5lNAj https://t.co/vVW9zc9YrM,1,neutral,1,neutral,Neutral,1,0,FinGPT-Llama-3-8B-LoRA,tfns,-11.278780937194824,0.07879956066608429,-8.903780937194824,0.847175121307373,-11.341280937194824,0.07402534037828445
371,intelliHR : Initial Director's Interest Notice #intelliHR #Stock #MarketScreener https://t.co/3SWLeBWsRy https://t.co/YoKYR1jZ9G,1,neutral,1,neutral,Neutral,1,0,FinGPT-Llama-3-8B-LoRA,tfns,-11.36662769317627,0.13522854447364807,-9.55412769317627,0.8283752202987671,-12.67912769317627,0.036396268755197525
372,iPhone maker Foxconn to make surgical face masks alongside Apple products in Shenzhen,1,neutral,1,neutral,Neutral,1,0,FinGPT-Llama-3-8B-LoRA,tfns,-12.660452842712402,0.08931020647287369,-10.472952842712402,0.7960132360458374,-12.410452842712402,0.1146765872836113
373,iStar : An amendment to a SC 13D filing #iStar #Stock #MarketScreener https://t.co/bxeJCoYpzv https://t.co/PLNQ0BchJR,1,neutral,1,neutral,Neutral,1,0,FinGPT-Llama-3-8B-LoRA,tfns,-12.29372501373291,0.07615169137716293,-9.85622501373291,0.8715100288391113,-12.66872501373291,0.052338242530822754
374,"John Hussman Buys Amazon, Facebook",1,neutral,1,neutral,Neutral,1,0,FinGPT-Llama-3-8B-LoRA,tfns,-12.35690975189209,0.004016031976789236,-7.294410228729248,0.6344724893569946,-7.856910228729248,0.3615114986896515
375,JPMorgan expands private credit group,1,neutral,2,positive,Positive,0,0,FinGPT-Llama-3-8B-LoRA,tfns,-11.097579956054688,0.05933211371302605,-8.910079956054688,0.5288214087486267,-9.160079956054688,0.4118465185165405
376,JUST & Sodexo Partner on a Breakfast Solution for a Better Tomorrow,1,neutral,1,neutral,Neutral,1,0,FinGPT-Llama-3-8B-LoRA,tfns,-11.298972129821777,0.036570049822330475,-8.111472129821777,0.8860111236572266,-10.548972129821777,0.07741878926753998
377,Kabbage Drums Up Gig Economy Business (Podcast),1,neutral,1,neutral,Neutral,1,0,FinGPT-Llama-3-8B-LoRA,tfns,-11.86334228515625,0.053028665482997894,-9.05084228515625,0.8830065131187439,-11.67584228515625,0.06396478414535522
378,Karrie International : UNAUDITED INTERIM RESULTS FOR THE SIX MONTHS ENDED 30 SEPTEMBER 201... #KarrieInternational… https://t.co/KMY8o7CH7h,1,neutral,1,neutral,Neutral,1,0,FinGPT-Llama-3-8B-LoRA,tfns,-9.800399780273438,0.2248152792453766,-8.675399780273438,0.6924798488616943,-10.800399780273438,0.08270492404699326
379,Kathie Lee's move can be a life-changer -- if it's done right. https://t.co/fRGHT9YUs9,1,neutral,1,neutral,Neutral,1,0,FinGPT-Llama-3-8B-LoRA,tfns,-13.645208358764648,0.056876201182603836,-10.895208358764648,0.889693558216095,-13.707708358764648,0.05343024805188179
380,Kelley Blue Book publisher on Tesla CyberTruck: 'People are going to think about this truck' https://t.co/m1VhRuLX5R https://t.co/cTHboEEJBp,1,neutral,1,neutral,Neutral,1,0,FinGPT-Llama-3-8B-LoRA,tfns,-12.97022819519043,0.023535864427685738,-9.47022819519043,0.7794007658958435,-10.84522819519043,0.1970633715391159
381,Kroton Educacional S A : Material Fact - Migration Debentures #CognaEducação #Stock #MarketScreener… https://t.co/kBiatBgRJB,1,neutral,1,neutral,Neutral,1,0,FinGPT-Llama-3-8B-LoRA,tfns,-10.525859832763672,0.1652490645647049,-9.025859832763672,0.7405948638916016,-11.088359832763672,0.09415606409311295
382,Lithium : Sampling Results Belmont Tailings #Lithium #Stock #MarketScreener https://t.co/9gwU3f3JMu https://t.co/E4ngjYhr73,1,neutral,1,neutral,Neutral,1,0,FinGPT-Llama-3-8B-LoRA,tfns,-11.907991409301758,0.12726923823356628,-10.095491409301758,0.7796186208724976,-12.220491409301758,0.09311216324567795
383,L'Oreal CEO Speaks About Coronavirus Impact and Earnings,1,neutral,1,neutral,Neutral,1,0,FinGPT-Llama-3-8B-LoRA,tfns,-12.0897855758667,0.36872127652168274,-11.6522855758667,0.5710866451263428,-13.9022855758667,0.06019208952784538
384,Mallinckrodt loses bid to overturn adverse INOmax patent ruling,1,neutral,0,negative,Negative,0,0,FinGPT-Llama-3-8B-LoRA,tfns,-11.703474044799805,0.7529281377792358,-12.828474044799805,0.2444399744272232,-17.359724044799805,0.0026319364551454782
385,Marubeni : 10 Year Extension of Production Sharing Contract for Ravva Oil and Gas Field in... #Marubeni #Stock… https://t.co/4lYEQ2SMIF,1,neutral,-1,UNPARSEABLE,,0,1,FinGPT-Llama-3-8B-LoRA,tfns,-9.600106239318848,0.14579643309116364,-8.162606239318848,0.6138259172439575,-9.100106239318848,0.24037766456604004
386,Maruti Suzuki Says India Not Ready For EVs As Peers Take The Plunge,1,neutral,0,negative,Negative,0,0,FinGPT-Llama-3-8B-LoRA,tfns,-8.613028526306152,0.6469571590423584,-9.238028526306152,0.3462912142276764,-13.175528526306152,0.006751603912562132
387,"Mastercard Cash Pick-Up lets anyone with a cell phone, even those without a bank account, withdraw cash from a near... https://t.co/MmVDwyWUy0",1,neutral,1,neutral,Neutral,1,0,FinGPT-Llama-3-8B-LoRA,tfns,-10.136666297912598,0.05465999245643616,-7.511666297912598,0.7545579075813293,-8.886666297912598,0.1907821148633957
388,Maurice Lévy says his starting point at WeWork is to stem 'the flow of bad news' and refocus efforts on the core bu… https://t.co/YppGAFypPH,1,neutral,1,neutral,Neutral,1,0,FinGPT-Llama-3-8B-LoRA,tfns,-12.053751945495605,0.2465227246284485,-11.116251945495605,0.6295178532600403,-12.741251945495605,0.12395940721035004
389,Merkel says financial transaction tax is right for equities - sources #economy #MarketScreener… https://t.co/LhK8h9DCXC,1,neutral,1,neutral,Neutral,1,0,FinGPT-Llama-3-8B-LoRA,tfns,-9.918947219848633,0.09259522706270218,-8.043947219848633,0.6037967205047607,-8.731447219848633,0.3036080598831177
390,"MJardin Receives Cultivation, Processing License For Warman Facility",1,neutral,1,neutral,Neutral,1,0,FinGPT-Llama-3-8B-LoRA,tfns,-11.733138084411621,0.06265204399824142,-9.358138084411621,0.6735730171203613,-10.295638084411621,0.26377496123313904
391,"MMTC To Import 6,090 Tonne Onion To Boost Supply, Cut Prices",1,neutral,1,neutral,Neutral,1,0,FinGPT-Llama-3-8B-LoRA,tfns,-9.591934204101562,0.1626778095960617,-8.404434204101562,0.5334000587463379,-8.966934204101562,0.303922176361084
392,"Moncler, the Italian maker of luxury puffy ski jackets, is holding a board meeting to discuss the company’s strateg… https://t.co/6MZQW1iMLl",1,neutral,1,neutral,Neutral,1,0,FinGPT-Llama-3-8B-LoRA,tfns,-10.077951431274414,0.24799522757530212,-9.265451431274414,0.5588658452033997,-10.327951431274414,0.19313888251781464
393,Morgan Stanley pushes advisers to boost revenue in 2020 pay plan -sources,1,neutral,1,neutral,Neutral,1,0,FinGPT-Llama-3-8B-LoRA,tfns,-12.684996604919434,0.22594745457172394,-11.559996604919434,0.6959671974182129,-13.747496604919434,0.07808534801006317
394,MTU Aero Engines : Maintenance signs exclusive CFM56-7B contract with Malaysia Airlines Berhad #MTU #Stock… https://t.co/38qwmBg0CB,1,neutral,1,neutral,Neutral,1,0,FinGPT-Llama-3-8B-LoRA,tfns,-10.126548767089844,0.07936988025903702,-8.251548767089844,0.5175566077232361,-8.501548767089844,0.4030735194683075
395,Myovant conference call tomorrow on late-stage study of relugolix in prostate cancer,1,neutral,1,neutral,Neutral,1,0,FinGPT-Llama-3-8B-LoRA,tfns,-13.184073448181152,0.09580937772989273,-11.059073448181152,0.8022021055221558,-13.121573448181152,0.1019885465502739
396,Naspers : Statement regarding Just Eat PLC circular #Naspers #Stock #MarketScreener https://t.co/1fevTx1FVf https://t.co/EfITyuOucV,1,neutral,1,neutral,Neutral,1,0,FinGPT-Llama-3-8B-LoRA,tfns,-11.545768737792969,0.1433541476726532,-9.858268737792969,0.7749651670455933,-12.108268737792969,0.08168072253465652
397,Naspers : Statistical Yearbook of the Czech Republic 2019 Released #Naspers #Stock #MarketScreener… https://t.co/Veh3TNMnb4,1,neutral,1,neutral,Neutral,1,0,FinGPT-Llama-3-8B-LoRA,tfns,-11.386235237121582,0.13653022050857544,-9.636235237121582,0.7856771945953369,-11.948735237121582,0.07779257744550705
398,Netflix : Says 26.4 Million Users Watched 'The Irishman' in First Week #Netflix #Stock #MarketScreener… https://t.co/sSRSMs74uw,1,neutral,-1,UNPARSEABLE,,0,1,FinGPT-Llama-3-8B-LoRA,tfns,-10.74306583404541,0.03809673711657524,-8.11806583404541,0.5259091854095459,-8.30556583404541,0.43599405884742737
399,Neuronetics to Present at the 31st Annual Piper Jaffray Healthcare Conference  https://t.co/Xkt7qnHTs7,1,neutral,-1,UNPARSEABLE,0,0,1,FinGPT-Llama-3-8B-LoRA,tfns,-10.579572677612305,0.038127511739730835,-7.392072677612305,0.9237450361251831,-10.579572677612305,0.038127511739730835
400,"New investment by Carlyle, others values American Express Global Business Travel at $5 billion--WSJ",1,neutral,1,neutral,Neutral,1,0,FinGPT-Llama-3-8B-LoRA,tfns,-11.332308769226074,0.06354821473360062,-8.832308769226074,0.774175763130188,-10.394808769226074,0.16227605938911438
401,New Media closes Gannett combination,1,neutral,1,neutral,Neutral,1,0,FinGPT-Llama-3-8B-LoRA,tfns,-11.668575286865234,0.10266122221946716,-9.543575286865234,0.8595718145370483,-12.668575286865234,0.0377669520676136
402,"Next: Charles Amerischwab pays clients to trade on its platform, crushes E-Trade stock and then buys it 80% off.",1,neutral,1,neutral,Neutral,1,0,FinGPT-Llama-3-8B-LoRA,tfns,-12.35739803314209,0.21815690398216248,-11.16989803314209,0.7153089642524719,-13.54489803314209,0.06653409451246262
403,Nieuwe vice president supply chain benoemd bij Viking Malt Group,1,neutral,1,neutral,Neutral,1,0,FinGPT-Llama-3-8B-LoRA,tfns,-13.125646591186523,0.034087613224983215,-9.813146591186523,0.9358302354812622,-13.250646591186523,0.03008221462368965
404,Nike creates the gridiron of the future for Miami powerhouse schools https://t.co/bmeD4T5Has,1,neutral,1,neutral,Neutral,1,0,FinGPT-Llama-3-8B-LoRA,tfns,-12.277453422546387,0.027913827449083328,-8.839953422546387,0.868373692035675,-10.964953422546387,0.10371244698762894
405,Nike sets strategy in South America,1,neutral,1,neutral,Neutral,1,0,FinGPT-Llama-3-8B-LoRA,tfns,-12.482906341552734,0.1210816353559494,-10.670406341552734,0.7417148947715759,-12.357906341552734,0.13720346987247467
406,Nike's Vaporfly running sneakers to be allowed in 2020 Olympics https://t.co/zokAlame0K,1,neutral,1,neutral,Neutral,1,0,FinGPT-Llama-3-8B-LoRA,tfns,-12.420923233032227,0.023664020001888275,-9.108423233032227,0.6496642827987671,-9.795923233032227,0.3266717195510864
407,Nomura highlights casino sleeper amid coronavirus anxiety,1,neutral,-1,UNPARSEABLE,,0,1,FinGPT-Llama-3-8B-LoRA,tfns,-9.060465812683105,0.2657702565193176,-8.310465812683105,0.562635600566864,-9.497965812683105,0.17159414291381836
408,"Notable Insider Buys Last Week: Anthem, Discover Financial",1,neutral,1,neutral,Neutral,1,0,FinGPT-Llama-3-8B-LoRA,tfns,-10.49499797821045,0.12689447402954102,-8.99499797821045,0.5687015056610107,-9.61999797821045,0.30440402030944824
409,NYC pension leader targets three utilities over emissions plans,1,neutral,1,neutral,Neutral,1,0,FinGPT-Llama-3-8B-LoRA,tfns,-11.987003326416016,0.4799865782260895,-11.924503326416016,0.5109430551528931,-15.955753326416016,0.009070325642824173
410,Oakdale Resources : Guangdong achieves sustained progress in utilization of FDI #OakdaleResources #Stock… https://t.co/Y1ktrolyvu,1,neutral,-1,UNPARSEABLE,,0,1,FinGPT-Llama-3-8B-LoRA,tfns,-9.542232513427734,0.08963111788034439,-7.917232513427734,0.4551844000816345,-7.917232513427734,0.4551844000816345
411,"Oaktree Specialty Lending NII in-line, misses on total investment income",1,neutral,0,negative,Negative,0,0,FinGPT-Llama-3-8B-LoRA,tfns,-12.556809425354004,0.40634918212890625,-12.181809425354004,0.591234564781189,-17.68181037902832,0.002416238421574235
412,Ontario and Quebec on board with Merck HIV meds,1,neutral,1,neutral,Neutral,1,0,FinGPT-Llama-3-8B-LoRA,tfns,-13.488424301147461,0.040849629789590836,-10.613424301147461,0.7240769863128662,-11.738424301147461,0.23507338762283325
413,"Opal Energy : Versus Systems to Present at the LD Micro Main Event (XII) on Tuesday, Decem... #Versus #Stock… https://t.co/4VAFhHVN4S",1,neutral,1,neutral,Neutral,1,0,FinGPT-Llama-3-8B-LoRA,tfns,-10.197354316711426,0.12789198756217957,-8.447354316711426,0.7359676361083984,-10.134854316711426,0.13614033162593842
414,"Osram Licht CFO on Coronavirus, Auto Market, 2020 Outlook",1,neutral,1,neutral,Neutral,1,0,FinGPT-Llama-3-8B-LoRA,tfns,-10.367714881896973,0.3482074439525604,-9.867714881896973,0.5740970373153687,-11.867714881896973,0.0776955783367157
415,Otello : Commodity Classic Announces Main Stage Line-Up for 2020 #Otello #Stock #MarketScreener… https://t.co/kpMbYgOGOx,1,neutral,1,neutral,Neutral,1,0,FinGPT-Llama-3-8B-LoRA,tfns,-10.600001335144043,0.07438044250011444,-8.162501335144043,0.8512390851974487,-10.600001335144043,0.07438044250011444
416,Pepkor Weathers Tough South African Market,1,neutral,1,neutral,neutral,1,0,FinGPT-Llama-3-8B-LoRA,tfns,-10.321266174316406,0.2274574190378189,-9.258766174316406,0.6581698060035706,-11.008766174316406,0.11437275260686874
417,"PG&E to cut power to 150,000 customer for fire risk",1,neutral,1,neutral,Neutral,1,0,FinGPT-Llama-3-8B-LoRA,tfns,-12.031298637390137,0.43556836247444153,-11.781298637390137,0.5592808127403259,-16.468799591064453,0.005150793585926294
418,PG&E’s Bid to Save Bankruptcy Plan Can Skip State Approval,1,neutral,1,neutral,Neutral,1,0,FinGPT-Llama-3-8B-LoRA,tfns,-10.579385757446289,0.1914990395307541,-9.329385757446289,0.6683973073959351,-10.891885757446289,0.14010368287563324
419,Piper Jaffray Announces Ticker Symbol Change to PIPR,1,neutral,1,neutral,Neutral,1,0,FinGPT-Llama-3-8B-LoRA,tfns,-13.549378395080566,0.0326627753674984,-10.174378395080566,0.9545462727546692,-14.486878395080566,0.012790927663445473
420,"Porsche is going all in on electric vehicles, but the legendary 911 will be the last of the brand’s lineup to make… https://t.co/cenmzD3pmN",1,neutral,1,neutral,Neutral,1,0,FinGPT-Llama-3-8B-LoRA,tfns,-10.242169380187988,0.2316027730703354,-9.117169380187988,0.7133867740631104,-11.679669380187988,0.05501048266887665
421,"Porsche is going all in on electric vehicles, but the legendary 911 will be the last of the brand’s lineup to make… https://t.co/yLO2JlqVp6",1,neutral,1,neutral,Neutral,1,0,FinGPT-Llama-3-8B-LoRA,tfns,-10.30551528930664,0.21082891523838043,-9.05551528930664,0.7358652353286743,-11.68051528930664,0.05330589786171913
422,"ProAmpac Awarded ISO Certifications in Cincinnati and Suffolk, Va. Facilities",1,neutral,1,neutral,Neutral,1,0,FinGPT-Llama-3-8B-LoRA,tfns,-13.806229591369629,0.015364314429461956,-9.806229591369629,0.8388631343841553,-11.556229591369629,0.1457725465297699
423,Procter & Gamble looks to get well in healthcare,1,neutral,2,positive,Positive,0,0,FinGPT-Llama-3-8B-LoRA,tfns,-13.020432472229004,0.031552091240882874,-10.457932472229004,0.4091736972332001,-10.145432472229004,0.5592741370201111
424,Profiles in Quality: Beef Marketing Group #Wendys #Stock #MarketScreener https://t.co/t9sARAvDwC https://t.co/nQpHpouz8o,1,neutral,1,neutral,Neutral,1,0,FinGPT-Llama-3-8B-LoRA,tfns,-11.816243171691895,0.09163464605808258,-9.628743171691895,0.8167307376861572,-11.816243171691895,0.09163464605808258
425,PSA trade unions give the nod to merger with Fiat,1,neutral,1,neutral,Neutral,1,0,FinGPT-Llama-3-8B-LoRA,tfns,-13.59653091430664,0.03407859802246094,-10.34653091430664,0.8788986802101135,-12.65903091430664,0.08702275902032852
426,"Q&A: Geoff McHale, VP, Data Client Partnerships #QuotientTechnology #Stock #MarketScreener https://t.co/kdb8g3Ri6O https://t.co/Djio99jAe1",1,neutral,1,neutral,Neutral,1,0,FinGPT-Llama-3-8B-LoRA,tfns,-10.54775619506836,0.1433541476726532,-8.86025619506836,0.7749651670455933,-11.11025619506836,0.08168072253465652
427,Qualcomm CEO Says 5G 'Is a Big Deal For Us',1,neutral,1,neutral,Neutral,1,0,FinGPT-Llama-3-8B-LoRA,tfns,-11.243148803710938,0.04956240952014923,-8.555648803710938,0.7283142805099487,-9.743148803710938,0.22212329506874084
428,REGO Restaurant Group Inks 20-store Development Deal for Quiznos Expansion into Latin America,1,neutral,1,neutral,Neutral,1,0,FinGPT-Llama-3-8B-LoRA,tfns,-12.389297485351562,0.0450131893157959,-9.701797485351562,0.6614639759063721,-10.514297485351562,0.2935228645801544
429,Renault : New Espace illustrated press kit #Renault #Stock #MarketScreener https://t.co/JCISUSGwbo https://t.co/M9sEsCHSvO,1,neutral,1,neutral,Neutral,1,0,FinGPT-Llama-3-8B-LoRA,tfns,-12.843111038208008,0.04669090732932091,-9.905611038208008,0.8809927701950073,-12.405611038208008,0.07231628894805908
430,Respimat® re-usable inhaler wins 2020 Pharmapack Eco-Design Award,1,neutral,1,neutral,Neutral,1,0,FinGPT-Llama-3-8B-LoRA,tfns,-9.899077415466309,0.07040673494338989,-7.649077415466309,0.6680005192756653,-8.586577415466309,0.2615927457809448
431,Riviera Resources Announces Cash Distribution of $4.25 Per Share; Closes the Sale of Remaining Hugoton Properties;… https://t.co/6JZLBg3EfZ,1,neutral,1,neutral,Neutral,1,0,FinGPT-Llama-3-8B-LoRA,tfns,-11.79279899597168,0.08931020647287369,-9.60529899597168,0.7960132360458374,-11.54279899597168,0.1146765872836113
432,Rocket Lab passes key milestone in quest to recover and reuse rockets like SpaceX https://t.co/3lZ0V5SJjV,1,neutral,1,neutral,Neutral,1,0,FinGPT-Llama-3-8B-LoRA,tfns,-12.359660148620605,0.03618163987994194,-9.484660148620605,0.6413348913192749,-10.172160148620605,0.32248345017433167
433,Rolls-Royce touts nuclear reactors as the most effective way of powering the production of carbon-neutral synthetic… https://t.co/dV4owYaY0v,1,neutral,1,neutral,Neutral,1,0,FinGPT-Llama-3-8B-LoRA,tfns,-10.630154609680176,0.10325434803962708,-8.942654609680176,0.55818772315979,-9.442654609680176,0.3385579586029053
434,Royal Caribbean said few potential cruisers are asking about the coronavirus https://t.co/5DBeyXErMX,1,neutral,0,negative,Negative,0,0,FinGPT-Llama-3-8B-LoRA,tfns,-11.417776107788086,0.7006245851516724,-12.292776107788086,0.29206377267837524,-15.980276107788086,0.0073116738349199295
435,Samenvatting: Daisy wint AI Company of the Year bij de Canadese FinTech & AI Awards,1,neutral,1,neutral,Neutral,1,0,FinGPT-Llama-3-8B-LoRA,tfns,-11.97828197479248,0.03865289315581322,-8.91578197479248,0.8264352679252625,-10.72828197479248,0.13491185009479523
436,Schroders : Form 8.3 -  #Schroders #Stock #MarketScreener https://t.co/j8cE9ai6TU https://t.co/XOYpvouz9E,1,neutral,1,neutral,Neutral,1,0,FinGPT-Llama-3-8B-LoRA,tfns,-10.237723350524902,0.15455889701843262,-8.612723350524902,0.7849149107933044,-11.175223350524902,0.06052614003419876
437,Season Pacific : ANNOUNCEMENT OF INTERIM RESULTS FOR THE SIX MONTHS ENDED 30 SEPTEMBER 2019 #SeasonPacific #Stock… https://t.co/c97pSCIfIB,1,neutral,1,neutral,Neutral,1,0,FinGPT-Llama-3-8B-LoRA,tfns,-9.072213172912598,0.18522551655769348,-7.697213172912598,0.7325811386108398,-9.884713172912598,0.08219332247972488
438,Seazen : CONTINUING CONNECTED TRANSACTIONS 2020 SERVICES FRAMEWORK AGREEMENT #Seazen #Stock #MarketScreener… https://t.co/61yitLx18a,1,neutral,1,neutral,Neutral,1,0,FinGPT-Llama-3-8B-LoRA,tfns,-9.922101974487305,0.17191913723945618,-8.484601974487305,0.723806619644165,-10.422101974487305,0.10427423566579819
439,Semafo to restart mining at its Boungou in Q4; provides 2020 outlook,1,neutral,-1,UNPARSEABLE,,0,1,FinGPT-Llama-3-8B-LoRA,tfns,-11.901920318603516,0.04240161180496216,-9.964420318603516,0.2943255305290222,-9.151920318603516,0.6632728576660156
440,SHAREHOLDER UPDATE: Airtrona International Executes LOI With Canadian Based Medical Device Company.,1,neutral,1,neutral,Neutral,1,0,FinGPT-Llama-3-8B-LoRA,tfns,-14.830286979675293,0.026311447843909264,-11.267786979675293,0.9275104999542236,-14.267786979675293,0.046178027987480164
441,Shutterstock launches unlimited Music plan,1,neutral,1,neutral,Neutral,1,0,FinGPT-Llama-3-8B-LoRA,tfns,-11.99136734008789,0.04766681045293808,-9.11636734008789,0.8449143767356873,-11.17886734008789,0.10741879791021347
442,SIFCO Industries : 11-22-2019 SIFCO Orange Fire Update #SIFCOIndustries #Stock #MarketScreener… https://t.co/bUNAvojUs2,1,neutral,1,neutral,Neutral,1,0,FinGPT-Llama-3-8B-LoRA,tfns,-11.5626220703125,0.15041661262512207,-9.9376220703125,0.7638786435127258,-12.1251220703125,0.08570480346679688
443,Simon Property Group Is Preparing Its Balance Sheet for Armageddon,1,neutral,0,negative,Negative,0,0,FinGPT-Llama-3-8B-LoRA,tfns,-10.63763427734375,0.6349734663963318,-11.20013427734375,0.3617969751358032,-15.91888427734375,0.003229518886655569
444,SKYCITY Entertainment : NOTICE OF ON-MARKET SHARE BUY BACK #SKYCITY #Stock #MarketScreener https://t.co/PYHdNhcr3k https://t.co/5J1DH6NFBI,1,neutral,1,neutral,Neutral,1,0,FinGPT-Llama-3-8B-LoRA,tfns,-11.419967651367188,0.10250213742256165,-9.419967651367188,0.7573940753936768,-11.107467651367188,0.14010381698608398
445,"So WeWork is hoping to transform into IWG which has double the revenue, 5x the members, 10x the city exposure, more… https://t.co/4Mkvur6vxJ",1,neutral,1,neutral,Neutral,1,0,FinGPT-Llama-3-8B-LoRA,tfns,-11.238595962524414,0.10070379078388214,-9.301095962524414,0.6990228295326233,-10.551095962524414,0.20027339458465576
446,"Sorrento Therapeutics, Inc. Received and Rejected Unsolicited All Cash Acquisition Proposal  https://t.co/3qcx6CAeCD",1,neutral,-1,UNPARSEABLE,,0,1,FinGPT-Llama-3-8B-LoRA,tfns,-11.38096809387207,0.18763168156147003,-9.94346809387207,0.7899588942527771,-13.50596809387207,0.022409409284591675
447,Southwest Airlines Pushes Back Schedule For 737 MAX Until April,1,neutral,0,negative,Negative,0,0,FinGPT-Llama-3-8B-LoRA,tfns,-10.668412208557129,0.6815401315689087,-11.480912208557129,0.3024316132068634,-14.418412208557129,0.01602828875184059
448,Sports Direct International : Notice of General Meeting #SportsDirectInternational #Stock #MarketScreener… https://t.co/3fhuqDnFQD,1,neutral,1,neutral,Neutral,1,0,FinGPT-Llama-3-8B-LoRA,tfns,-11.363648414611816,0.10468026250600815,-9.301148414611816,0.8233740925788879,-11.738648414611816,0.07194563001394272
449,Standard Cognition Partners with Mars Wrigley to Help Retailers Optimize Impulse Item Sales in Autonomous Checkout… https://t.co/vWZz4yXeU3,1,neutral,1,neutral,Neutral,1,0,FinGPT-Llama-3-8B-LoRA,tfns,-9.487357139587402,0.09689357876777649,-7.424857139587402,0.7621271014213562,-9.112357139587402,0.1409793496131897
450,Statement Regarding Agency Mortgage-Backed Securities Small Value Coupon Swap Exercise Results → https://t.co/pX7DhorLFL,1,neutral,1,neutral,Neutral,1,0,FinGPT-Llama-3-8B-LoRA,tfns,-11.359241485595703,0.1255561113357544,-9.484241485595703,0.8187286853790283,-12.171741485595703,0.05571518465876579
451,Strike Resources : Pause in Trading #StrikeResources #Stock #MarketScreener https://t.co/YQIpscfvjm https://t.co/lw25uJ3hGn,1,neutral,1,neutral,Neutral,1,0,FinGPT-Llama-3-8B-LoRA,tfns,-11.562646865844727,0.2406764179468155,-10.437646865844727,0.7413355708122253,-14.156396865844727,0.017987973988056183
452,"Struggling British luxury carmaker Aston Martin aims to rustle up a $650 million capital boost, led by Canadian bil... https://t.co/tpgeI6vmuo",1,neutral,1,neutral,Neutral,1,0,FinGPT-Llama-3-8B-LoRA,tfns,-10.073583602905273,0.2093430757522583,-8.823583602905273,0.7306790947914124,-11.323583602905273,0.05997779220342636
453,"Sysco : Lends a Hand to the Houston Food Bank Through Financial Support, Product Donations... #Sysco #Stock… https://t.co/SMmj7Q7fUe",1,neutral,2,positive,Positive,0,0,FinGPT-Llama-3-8B-LoRA,tfns,-10.983734130859375,0.03809673711657524,-8.358734130859375,0.5259091854095459,-8.546234130859375,0.43599405884742737
454,Tencent : ADOPTION OF RESTRICTED SHARE AWARD SCHEME #Tencent #Stock #MarketScreener https://t.co/W6zh5JYStc https://t.co/QuP4GAWkRu,1,neutral,1,neutral,Neutral,1,0,FinGPT-Llama-3-8B-LoRA,tfns,-12.011900901794434,0.08021511137485504,-9.699400901794434,0.8101438879966736,-11.699400901794434,0.10964105278253555
455,Tesla fans in China can now take a test drive in a Model 3 made in Shanghai https://t.co/HJbMCXnViG,1,neutral,1,neutral,Neutral,1,0,FinGPT-Llama-3-8B-LoRA,tfns,-14.395819664001465,0.008124268613755703,-9.958319664001465,0.6870147585868835,-10.770819664001465,0.3048609495162964
456,Tesla will top biggest battery record,1,neutral,2,positive,Positive,0,0,FinGPT-Llama-3-8B-LoRA,tfns,-10.007295608520508,0.05384991317987442,-8.194795608520508,0.32987070083618164,-7.569796085357666,0.6162793040275574
457,"Tesla's truck, a Mustang SUV, a 304-mph Bugatti, and 11 other standouts from a wild week at the L.A. Auto Show https://t.co/EB1T7AOGMv",1,neutral,1,neutral,Neutral,1,0,FinGPT-Llama-3-8B-LoRA,tfns,-11.959526062011719,0.08174750208854675,-9.647026062011719,0.8256204724311829,-11.834526062011719,0.09263204783201218
458,The Aliera Companies Holds Holiday Drive to Support Toys for Tots,1,neutral,1,neutral,Neutral,1,0,FinGPT-Llama-3-8B-LoRA,tfns,-12.131675720214844,0.01260361634194851,-7.8191752433776855,0.9405683279037476,-10.819175720214844,0.04682811722159386
459,The latest marker of Chinese interest in African fintech is a $120 million funding round for OPay,1,neutral,2,positive,Positive,0,0,FinGPT-Llama-3-8B-LoRA,tfns,-13.029898643493652,0.041439831256866455,-10.154898643493652,0.7345385551452637,-11.342398643493652,0.22402158379554749
460,This sustainable fund already doesn't invest in fossil fuels. Now it wants all portfolio companies to align with th... https://t.co/vcxPmt4JUL,1,neutral,1,neutral,Neutral,1,0,FinGPT-Llama-3-8B-LoRA,tfns,-12.084466934204102,0.056937430053949356,-9.396966934204102,0.8366894125938416,-11.459466934204102,0.10637311637401581
461,This Tiny Crypto Startup Has Lessons for Libra’s ‘Unbanked’ Dreams,1,neutral,1,neutral,Neutral,1,0,FinGPT-Llama-3-8B-LoRA,tfns,-10.320781707763672,0.25078821182250977,-9.320781707763672,0.6817129850387573,-11.633281707763672,0.06749872863292694
462,TikTok exploring distancing itself from China roots - WSJ,1,neutral,1,neutral,Neutral,1,0,FinGPT-Llama-3-8B-LoRA,tfns,-13.189850807189941,0.0854250118136406,-10.877350807189941,0.8627620935440063,-13.689850807189941,0.05181289091706276
463,TikTok takes on Facebook in US advertising push https://t.co/xvVfQHl8Uj,1,neutral,1,neutral,Neutral,1,0,FinGPT-Llama-3-8B-LoRA,tfns,-9.843748092651367,0.1243993267416954,-8.093748092651367,0.7158687710762024,-9.593748092651367,0.1597319096326828
464,T-Mobile moves not enough to address concerns - New York AG,1,neutral,0,negative,Negative,0,0,FinGPT-Llama-3-8B-LoRA,tfns,-12.990987777709961,0.4219192564487457,-12.678487777709961,0.5766952633857727,-18.70973777770996,0.001385504030622542
465,Total : Details Plans to Develop Waha Concessions in Libya #Total #Stock #MarketScreener https://t.co/tpVWTyuD5K https://t.co/wf7QAN9arD,1,neutral,1,neutral,Neutral,1,0,FinGPT-Llama-3-8B-LoRA,tfns,-12.033232688903809,0.08168072253465652,-9.783232688903809,0.7749651670455933,-11.470732688903809,0.1433541476726532
466,Total Halts Production at Normandy Refinery After Fire,1,neutral,0,negative,Negative,0,0,FinGPT-Llama-3-8B-LoRA,tfns,-9.67558479309082,0.7600228190422058,-10.86308479309082,0.2317938506603241,-14.20683479309082,0.008183324709534645
467,TriStar Gold : Working with GoldSpot Discoveries at CDS and Announces Brokered Private Pla... #TriStarGold #economy… https://t.co/SY3soXR2Qq,1,neutral,1,neutral,Neutral,1,0,FinGPT-Llama-3-8B-LoRA,tfns,-10.144185066223145,0.1503029316663742,-8.581685066223145,0.7170552015304565,-10.269185066223145,0.13264188170433044
468,Troy Income & Growth Trust : Publication of Suppl.Prospcts  #Stock #MarketScreener https://t.co/6rYHq9nvYb https://t.co/0jjvKVppPI,1,neutral,1,neutral,Neutral,1,0,FinGPT-Llama-3-8B-LoRA,tfns,-10.840812683105469,0.1277824342250824,-8.965812683105469,0.833246111869812,-12.028312683105469,0.038971442729234695
469,Two of three SandRidge royalty trusts lose NYSE listing,1,neutral,1,neutral,Neutral,1,0,FinGPT-Llama-3-8B-LoRA,tfns,-11.480978965759277,0.5577042698860168,-11.730978965759277,0.4343405067920685,-15.730978965759277,0.007955223321914673
470,"U.S. Congress seeks answers on patient privacy in Google, Ascension cloud deal",1,neutral,1,neutral,Neutral,1,0,FinGPT-Llama-3-8B-LoRA,tfns,-12.355254173278809,0.32758259773254395,-11.667754173278809,0.6514757871627808,-15.105254173278809,0.020941656082868576
471,UAE says Emirates pilots did not monitor settings in 2016 crash,1,neutral,0,negative,Negative,0,0,FinGPT-Llama-3-8B-LoRA,tfns,-11.985980033874512,0.4467526078224182,-11.798480033874512,0.5388864874839783,-15.423480033874512,0.014360838569700718
472,Uber Declares an End to Growth at All Costs,1,neutral,1,neutral,Neutral,1,0,FinGPT-Llama-3-8B-LoRA,tfns,-11.538533210754395,0.5303127765655518,-11.663533210754395,0.4679993689060211,-17.288532257080078,0.0016878708265721798
473,"Uber is adding video and audio recording for more trips to make the service safer, but the move has triggered priva… https://t.co/C9jUnjSvzE",1,neutral,1,neutral,Neutral,1,0,FinGPT-Llama-3-8B-LoRA,tfns,-10.193758964538574,0.42203429341316223,-10.006258964538574,0.5090705156326294,-12.006258964538574,0.06889519840478897
474,Uber's arrival caused binge drinking to increase up to 21.8% and a possible decrease in drunk driving. Here's a lo… https://t.co/4h7tuhLp1B,1,neutral,2,positive,Positive,0,0,FinGPT-Llama-3-8B-LoRA,tfns,-11.577071189880371,0.07844143360853195,-11.077071189880371,0.12932805716991425,-9.264571189880371,0.7922304272651672
475,United Airlines' next CEO a 'details guy' who will have labor contracts and the 737 Max on his plate https://t.co/FQ54xaqF6L,1,neutral,1,neutral,Neutral,1,0,FinGPT-Llama-3-8B-LoRA,tfns,-13.67142105102539,0.08181042969226837,-11.29642105102539,0.8795450329780579,-14.42142105102539,0.03864451125264168
476,UPDATE 1-BT will maintain ties with skills group if it drops Prince Andrew as patron,1,neutral,1,neutral,Neutral,1,0,FinGPT-Llama-3-8B-LoRA,tfns,-11.81761646270752,0.21215778589248657,-10.56761646270752,0.7405034303665161,-13.31761646270752,0.04733879864215851
477,UPDATE 1-Italian airline Alitalia's rescue in doubt as Atlantia backtracks,1,neutral,0,negative,Negative,0,0,FinGPT-Llama-3-8B-LoRA,tfns,-12.127140998840332,0.6645569205284119,-12.814640998840332,0.334160178899765,-18.377140045166016,0.001282897894270718
478,UPDATE 1-LivaNova to scrap mitral heart valve device as part of restructuring,1,neutral,0,negative,Negative,0,0,FinGPT-Llama-3-8B-LoRA,tfns,-11.488740921020508,0.7036246657371521,-12.363740921020508,0.2933143675327301,-16.926240921020508,0.003061010269448161
479,UPDATE 2-Crunch talks lead to Emirates order for 30 Boeing Dreamliners,1,neutral,2,positive,Positive,0,0,FinGPT-Llama-3-8B-LoRA,tfns,-12.424278259277344,0.07362113893032074,-10.299278259277344,0.6164222359657288,-10.986778259277344,0.3099565804004669
480,UPDATE 2-Thousands of CN Rail workers hold first strike in a decade,1,neutral,1,neutral,Neutral,1,0,FinGPT-Llama-3-8B-LoRA,tfns,-12.360660552978516,0.31960877776145935,-11.610660552978516,0.6766117215156555,-16.798160552978516,0.0037795223761349916
481,VGI Partners Global Investments : Change of Director's Interest Notice-Robert Luciano #VGI #Stock #MarketScreener… https://t.co/RdC3f43HPU,1,neutral,-1,UNPARSEABLE,,0,1,FinGPT-Llama-3-8B-LoRA,tfns,-9.945867538452148,0.202671617269516,-8.695867538452148,0.7073934078216553,-10.758367538452148,0.08993497490882874
482,Volkswagen talks up next-gen EV wagon,1,neutral,1,neutral,Neutral,1,0,FinGPT-Llama-3-8B-LoRA,tfns,-12.867582321166992,0.040802597999572754,-10.117582321166992,0.6382600665092468,-10.805082321166992,0.32093730568885803
483,"VTEX, an e-commerce platform used by Walmart, raises $140M led by SoftBank's LatAm fund https://t.co/UJ2s2wUYPD via… https://t.co/sATiJD3uQM",1,neutral,2,positive,Positive,0,0,FinGPT-Llama-3-8B-LoRA,tfns,-11.439286231994629,0.03712449222803116,-8.876786231994629,0.4814377427101135,-8.876786231994629,0.4814377427101135
484,Wagners : Boral Cement Supply Agreement Update #Wagners #Stock #MarketScreener https://t.co/LFuHxWqfMI https://t.co/KjVa1a4bT7,1,neutral,1,neutral,Neutral,1,0,FinGPT-Llama-3-8B-LoRA,tfns,-11.872776985168457,0.10578036308288574,-9.872776985168457,0.7816170454025269,-11.810276985168457,0.1126026138663292
485,Walgreens Boots Alliance and McKesson team up in Germany,1,neutral,1,neutral,Neutral,1,0,FinGPT-Llama-3-8B-LoRA,tfns,-12.7816801071167,0.04081975668668747,-9.7191801071167,0.8727648258209229,-12.0316801071167,0.08641542494297028
486,Walmart looks to get past dog days of in-house grocery delivery,1,neutral,1,neutral,Neutral,1,0,FinGPT-Llama-3-8B-LoRA,tfns,-13.59123420715332,0.10250213742256165,-11.59123420715332,0.7573940753936768,-13.27873420715332,0.14010381698608398
487,Warren Buffett's Berkshire bets on a heavily shorted stock https://t.co/KGSTAcOHTL,1,neutral,2,positive,Positive,0,0,FinGPT-Llama-3-8B-LoRA,tfns,-10.054813385009766,0.10210468620061874,-8.429813385009766,0.5185304284095764,-8.742313385009766,0.379364937543869
488,"WATCH: Unilever, Henkel and as well as some buyout funds could be in the market for some of Coty's brands in a deal… https://t.co/VZFaz5oTOn",1,neutral,1,neutral,Neutral,1,0,FinGPT-Llama-3-8B-LoRA,tfns,-10.88754653930664,0.18417033553123474,-9.63754653930664,0.6428176164627075,-10.95004653930664,0.17301201820373535
489,"WATCH: Unilever, Henkel as well as buyout funds including Advent and Cinven are exploring bids for some of Coty’s t… https://t.co/wc4unz3izM",1,neutral,1,neutral,Neutral,1,0,FinGPT-Llama-3-8B-LoRA,tfns,-10.753044128417969,0.2140229195356369,-9.690544128417969,0.6192958354949951,-11.003044128417969,0.1666812151670456
490,Wells Fargo offers real-time payments on RTP network,1,neutral,1,neutral,Neutral,1,0,FinGPT-Llama-3-8B-LoRA,tfns,-11.366400718688965,0.06188178434967995,-8.928900718688965,0.7081995606422424,-10.053900718688965,0.2299187332391739
491,WeWork’s chairman outlined a 5-year turnaround plan at a meeting with employees Friday and introduced new additions… https://t.co/m0CqE1LsIx,1,neutral,1,neutral,Neutral,1,0,FinGPT-Llama-3-8B-LoRA,tfns,-11.835896492004395,0.08632677048444748,-9.773396492004395,0.6790127158164978,-10.835896492004395,0.23466052114963531
492,What Top Shareholders Said in Run Up to Credit Suisse CEO Ouster,1,neutral,1,neutral,Neutral,1,0,FinGPT-Llama-3-8B-LoRA,tfns,-11.157477378845215,0.2299187332391739,-10.032477378845215,0.7081995606422424,-12.469977378845215,0.06188178434967995
493,Will 2020 Finally Be the Year AR and VR Matter for Facebook?,1,neutral,1,neutral,neutral,1,0,FinGPT-Llama-3-8B-LoRA,tfns,-6.488779544830322,0.20768453180789948,-5.238779544830322,0.7248902320861816,-7.613779544830322,0.06742528825998306
494,Will Second-Hand Sales Add Value to Nordstrom?,1,neutral,1,neutral,neutral,1,0,FinGPT-Llama-3-8B-LoRA,tfns,-8.892088890075684,0.1494220346212387,-7.204588890075684,0.8077678680419922,-10.142088890075684,0.04281013086438179
495,WRAPUP-Airbus dominates second day of Dubai show as Boeing wins MAX order,1,neutral,1,neutral,Neutral,1,0,FinGPT-Llama-3-8B-LoRA,tfns,-12.37529468536377,0.16091449558734894,-10.81279468536377,0.7676801085472107,-13.18779468536377,0.07140537351369858
496,WuXi AppTec : 1) ADJUSTMENTS TO THE NUMBER OF THE INCENTIVE PARTICIPANTS AND NUMBER OF RES... #Stock… https://t.co/piw3RrVBvr,1,neutral,1,neutral,Neutral,1,0,FinGPT-Llama-3-8B-LoRA,tfns,-11.100807189941406,0.18522551655769348,-9.725807189941406,0.7325811386108398,-11.913307189941406,0.08219332247972488
497,Zijin Mining : Announcement in Relation to Listing of A Shares Issued under the Public Iss... #ZijinMining #Stock… https://t.co/GJHpHm4moY,1,neutral,1,neutral,Neutral,1,0,FinGPT-Llama-3-8B-LoRA,tfns,-9.792656898498535,0.17077068984508514,-8.355156898498535,0.7189714312553406,-10.230156898498535,0.11025784909725189
498,Zoono : Response to ASX Price Query #Zoono #Stock #MarketScreener https://t.co/vGfeMDtA3E https://t.co/62mQHJC6x2,1,neutral,1,neutral,Neutral,1,0,FinGPT-Llama-3-8B-LoRA,tfns,-11.909039497375488,0.13653022050857544,-10.159039497375488,0.7856771945953369,-12.471539497375488,0.07779257744550705
499,"A fire broke out overnight at Exxon's Baton Rouge oil refinery in Louisiana, halting production at the fifth-bigges… https://t.co/fo5UTOUNMB",1,neutral,-1,UNPARSEABLE,,0,1,FinGPT-Llama-3-8B-LoRA,tfns,-10.548160552978516,0.6674695014953613,-11.298160552978516,0.31529027223587036,-14.204410552978516,0.017240198329091072
500,Hackers Breach Ring Home Security Cameras,0,negative,1,neutral,Neutral,0,0,FinGPT-Llama-3-8B-LoRA,tfns,-11.815192222595215,0.45025834441185,-11.627692222595215,0.5431151986122131,-16.03394317626953,0.006626458838582039
501,"Press release: cyber attack - update January 31, 2020 #Picanol #Stock #MarketScreener https://t.co/AXwQmrRC3G https://t.co/e4KSKzdmA9",0,negative,1,neutral,Neutral,0,0,FinGPT-Llama-3-8B-LoRA,tfns,-11.295022964477539,0.2554152309894562,-10.295022964477539,0.6942905187606812,-12.920022964477539,0.05029423534870148
502,T-Mobile said a hacker gained access to limited information contained in prepaid accounts https://t.co/Ui6KpaVAmj,0,negative,0,negative,Negative,1,0,FinGPT-Llama-3-8B-LoRA,tfns,-12.297406196594238,0.35989701747894287,-11.734906196594238,0.6316390037536621,-16.047405242919922,0.008463975042104721
503,Did the Russians hack WIRP?,1,neutral,1,neutral,Neutral,1,0,FinGPT-Llama-3-8B-LoRA,tfns,-12.14733600616455,0.21656839549541473,-10.89733600616455,0.7558979988098145,-14.20983600616455,0.027533581480383873
504,10Y Yield LOD 1.7620%,0,negative,-1,UNPARSEABLE,,0,1,FinGPT-Llama-3-8B-LoRA,tfns,-11.723780632019043,0.2670607566833496,-10.848780632019043,0.6406455039978027,-12.786280632019043,0.09229373931884766
505,30-year Treasury yield plumbs key 2% support level https://t.co/g1AUTKwOCb,0,negative,1,neutral,Neutral,0,0,FinGPT-Llama-3-8B-LoRA,tfns,-9.783302307128906,0.21520403027534485,-8.595802307128906,0.7056268453598022,-10.783302307128906,0.0791691392660141
506,$BONDX: Overnight Treasury Market Summary https://t.co/5J3iMVcpJL,1,neutral,1,neutral,Neutral,1,0,FinGPT-Llama-3-8B-LoRA,tfns,-10.809342384338379,0.14385353028774261,-9.059342384338379,0.8278200030326843,-12.434342384338379,0.02832644246518612
507,$COLL - Collegium launches convertible debt offering https://t.co/TlHbqpmywE,1,neutral,1,neutral,Neutral,1,0,FinGPT-Llama-3-8B-LoRA,tfns,-10.745685577392578,0.08218361437320709,-8.370685577392578,0.883557140827179,-11.620685577392578,0.03425922617316246
508,$ITHUF - iAnthus Defaults On Debt: What Comes Next?. https://t.co/3Tb0wenS3x #investing #economy #finance,1,neutral,0,negative,Negative,0,0,FinGPT-Llama-3-8B-LoRA,tfns,-11.518027305603027,0.7519363164901733,-12.643027305603027,0.24411797523498535,-16.76802635192871,0.003945803269743919
509,$RILY - B. Riley offers $50M of senior notes https://t.co/p8Kqe6nSTR,1,neutral,1,neutral,Neutral,1,0,FinGPT-Llama-3-8B-LoRA,tfns,-11.11909008026123,0.06733691692352295,-8.55659008026123,0.8732384443283081,-11.24409008026123,0.05942462384700775
510,$UNIT - Uniti closes $2.25B in refinancing https://t.co/NxKtfwbaZa,1,neutral,1,neutral,Neutral,1,0,FinGPT-Llama-3-8B-LoRA,tfns,-10.47767448425293,0.03105948120355606,-7.22767448425293,0.8010345697402954,-8.79017448425293,0.16790597140789032
511,$WBA - Walgreens sets $500M revolving credit line https://t.co/jsiWkSKB7P,1,neutral,1,neutral,Neutral,1,0,FinGPT-Llama-3-8B-LoRA,tfns,-11.869614601135254,0.016077261418104172,-7.807114601135254,0.934401273727417,-10.744614601135254,0.04952145367860794
512,$WDAY - Workday enters new credit facility https://t.co/XBMCTYEJRi,1,neutral,1,neutral,Neutral,1,0,FinGPT-Llama-3-8B-LoRA,tfns,-11.13706111907959,0.02659165859222412,-7.637061595916748,0.8805943727493286,-9.88706111907959,0.09281400591135025
513,10-year yield at 1.632%; 2-year yield at 1.450%; 30-year yield at 2.088%,1,neutral,-1,UNPARSEABLE,,0,1,FinGPT-Llama-3-8B-LoRA,tfns,-11.587896347045898,0.1931384801864624,-10.337896347045898,0.6741195321083069,-11.962896347045898,0.1327420026063919
514,8x8 -2.9% on $75M convertible note issue,1,neutral,1,neutral,Neutral,1,0,FinGPT-Llama-3-8B-LoRA,tfns,-11.211017608642578,0.4501636326313019,-11.023517608642578,0.5430009961128235,-15.398517608642578,0.00683537358418107
515,"A group of investors agreed to a tentative plan to reduce Puerto Rico's debt by about 40%, a key hurdle in its reco… https://t.co/KZK55OaEmp",1,neutral,2,positive,Positive,0,0,FinGPT-Llama-3-8B-LoRA,tfns,-10.52690315246582,0.03406417742371559,-8.27690315246582,0.32319191098213196,-7.58940315246582,0.6427438855171204
516,Archrock prices $500M of senior notes,1,neutral,1,neutral,Neutral,1,0,FinGPT-Llama-3-8B-LoRA,tfns,-11.484772682189941,0.05508328974246979,-8.672272682189941,0.9172191023826599,-12.172272682189941,0.027697617188096046
517,AT&T takes on $5.5 billion loan to boost 'financial flexibility' https://t.co/ENTHbld55o https://t.co/BsoQHzpzao,1,neutral,-1,UNPARSEABLE,,0,1,FinGPT-Llama-3-8B-LoRA,tfns,-10.548905372619629,0.21047134697437286,-9.361405372619629,0.6901090145111084,-11.298905372619629,0.09941963851451874
518,B. Riley offers $50M of senior notes,1,neutral,1,neutral,Neutral,1,0,FinGPT-Llama-3-8B-LoRA,tfns,-11.770381927490234,0.06276512891054153,-9.082881927490234,0.9223268628120422,-13.207881927490234,0.014908025041222572
519,B. Riley prices upsized $115M offering of notes,1,neutral,1,neutral,Neutral,1,0,FinGPT-Llama-3-8B-LoRA,tfns,-12.112361907958984,0.1371767520904541,-10.362361907958984,0.7893977761268616,-12.737361907958984,0.07342542707920074
520,Chefs' Warehouse floats new debt,1,neutral,1,neutral,Neutral,1,0,FinGPT-Llama-3-8B-LoRA,tfns,-10.280632972717285,0.08948525041341782,-8.030632972717285,0.8490124344825745,-10.655632972717285,0.061502259224653244
521,"China is planning a record sale of sovereign bonds in dollars, with a potential $6 billion offering https://t.co/zWNMQ4mXNb",1,neutral,1,neutral,Neutral,1,0,FinGPT-Llama-3-8B-LoRA,tfns,-10.561872482299805,0.18322037160396576,-9.186872482299805,0.7246506214141846,-11.249372482299805,0.09212898463010788
522,China lines up record-breaking dollar bond https://t.co/XqtVhZcmWm,1,neutral,1,neutral,Neutral,1,0,FinGPT-Llama-3-8B-LoRA,tfns,-9.858470916748047,0.04976624622941017,-7.295970916748047,0.6453785300254822,-8.045970916748047,0.30485522747039795
523,China’s $1.5 Trillion Pile of Bad Debt Lures Foreign Funds,1,neutral,1,neutral,neutral,1,0,FinGPT-Llama-3-8B-LoRA,tfns,-8.556639671325684,0.4030735194683075,-8.306639671325684,0.5175566077232361,-10.181639671325684,0.07936988025903702
524,"CLARIDA: DON'T THINK YIELD CURVE REFLECTS U.S. SITUATION

Yes, well, thanks to the Fed nothing reflects anything anymore",1,neutral,1,neutral,Neutral,1,0,FinGPT-Llama-3-8B-LoRA,tfns,-11.36290168762207,0.3495948314666748,-10.80040168762207,0.6135581135749817,-13.61290168762207,0.03684702888131142
525,Comcast redeeming all $1B in 2047 senior notes,1,neutral,1,neutral,Neutral,1,0,FinGPT-Llama-3-8B-LoRA,tfns,-12.12269115447998,0.058896567672491074,-9.43519115447998,0.8654787540435791,-11.87269115447998,0.07562468945980072
526,"EasyJet requests draw down of $500 million credit facility, explores more funding https://t.co/ZQZlGMNBJS https://t.co/09iTvOg2Av",1,neutral,-1,UNPARSEABLE,,0,1,FinGPT-Llama-3-8B-LoRA,tfns,-12.086605072021484,0.5235624313354492,-12.211605072021484,0.4620422124862671,-15.680355072021484,0.014395364560186863
527,Gates to offer $568M of senior notes,1,neutral,1,neutral,Neutral,1,0,FinGPT-Llama-3-8B-LoRA,tfns,-12.29094409942627,0.05938402935862541,-9.54094409942627,0.9289225339889526,-13.91594409942627,0.011693408712744713
528,Kaiser Aluminum offers $500M senior notes due 2028,1,neutral,1,neutral,Neutral,1,0,FinGPT-Llama-3-8B-LoRA,tfns,-12.18436336517334,0.05755645036697388,-9.43436336517334,0.900334358215332,-12.49686336517334,0.04210920259356499
529,LabCorp prices $1.05B debt offering,1,neutral,1,neutral,Neutral,1,0,FinGPT-Llama-3-8B-LoRA,tfns,-10.807971954345703,0.1226845234632492,-8.870471954345703,0.8515993356704712,-12.370471954345703,0.02571607194840908
530,Landsbankinn hf.: Supplement to the base prospectus for covered bond programme #Stock #MarketScreener… https://t.co/5TUTVnGSFd,1,neutral,1,neutral,Neutral,1,0,FinGPT-Llama-3-8B-LoRA,tfns,-11.269436836242676,0.08836447447538376,-9.019436836242676,0.8383787870407104,-11.456936836242676,0.0732567235827446
531,Match Group announces $500M senior notes offering,1,neutral,1,neutral,Neutral,1,0,FinGPT-Llama-3-8B-LoRA,tfns,-11.790719985961914,0.09413473308086395,-9.540719985961914,0.8931254744529724,-13.790719985961914,0.012739750556647778
532,Nasdaq prices 600M senior notes offering,1,neutral,1,neutral,Neutral,1,0,FinGPT-Llama-3-8B-LoRA,tfns,-11.506766319274902,0.09704490005970001,-9.319266319274902,0.8649517893791199,-12.444266319274902,0.03800332918763161
533,New York Sports Clubs Owner Plans Debt Extension With Sweetener,1,neutral,1,neutral,Neutral,1,0,FinGPT-Llama-3-8B-LoRA,tfns,-11.502784729003906,0.08737262338399887,-9.190284729003906,0.882432222366333,-12.565284729003906,0.030195169150829315
534,"Nigeria won't seek a suspension of interest payments from its Eurobond bondholders, but will seek debt relief from… https://t.co/Bh7HUUF4kO",1,neutral,1,neutral,Neutral,1,0,FinGPT-Llama-3-8B-LoRA,tfns,-10.015213012695312,0.2762559652328491,-9.265213012695312,0.5848338603973389,-10.702713012695312,0.1389102190732956
535,Piraeus Port Authority (ATH:PPA) Seems To Use Debt Rather Sparingly,1,neutral,-1,UNPARSEABLE,,0,1,FinGPT-Llama-3-8B-LoRA,tfns,-9.189205169677734,0.13357874751091003,-7.439204692840576,0.7686929702758789,-9.501705169677734,0.09772830456495285
536,"Qatar began marketing U.S. dollar-denominated bonds, the first Persian Gulf state to tap the debt markets since the… https://t.co/UknSZl5wZv",1,neutral,-1,UNPARSEABLE,,0,1,FinGPT-Llama-3-8B-LoRA,tfns,-9.57927417755127,0.09381164610385895,-7.6417741775512695,0.6511818766593933,-8.57927417755127,0.25500646233558655
537,"Repsol SA is the latest oil major to head to Europe's debt market for fresh financing, with other large borrowers p… https://t.co/oJrYVdaGNY",1,neutral,-1,UNPARSEABLE,,0,1,FinGPT-Llama-3-8B-LoRA,tfns,-9.184738159179688,0.2850135266780853,-8.434738159179688,0.6033735871315002,-10.122238159179688,0.11161290109157562
538,"Spanish companies, households snap up state-backed emergency credit  #Stock #MarketScreener https://t.co/o9iBDZEijE https://t.co/FQyY8WaORo",1,neutral,2,positive,Positive,0,0,FinGPT-Llama-3-8B-LoRA,tfns,-9.752685546875,0.05224644020199776,-7.752686023712158,0.3860517144203186,-7.377686023712158,0.5617018938064575
539,"Telenet : issues a new 6.2-year Ã‚â‚¬510.0 million revolving credit facility, further strength... #Telenet #Stock… https://t.co/6u4or9Yn9H",1,neutral,1,neutral,Neutral,1,0,FinGPT-Llama-3-8B-LoRA,tfns,-10.632848739624023,0.05749554932117462,-8.132848739624023,0.7004391551017761,-9.195348739624023,0.24206531047821045
540,"The bond market is looking 'overbought' even in the context of coronavirus fears, analysts say https://t.co/ALSVRYK0bD",1,neutral,0,negative,Negative,0,0,FinGPT-Llama-3-8B-LoRA,tfns,-11.616009712219238,0.46515414118766785,-11.491009712219238,0.5270887017250061,-15.709759712219238,0.007757179904729128
541,"Two key regulators are holding off on easing Wall Street debt limits, leaving billions of dollars locked up that co… https://t.co/YvDDlEcmh2",1,neutral,0,negative,Negative,0,0,FinGPT-Llama-3-8B-LoRA,tfns,-10.764352798461914,0.48049870133399963,-10.701852798461914,0.5114881992340088,-14.858102798461914,0.008013074286282063
542,Vereit files for senior notes offering,1,neutral,1,neutral,Neutral,1,0,FinGPT-Llama-3-8B-LoRA,tfns,-12.406756401062012,0.0997496247291565,-10.219256401062012,0.8890587687492371,-14.594256401062012,0.011191598139703274
543,"VF : to Draw Down $1 Billion From Credit Facility, Cuts CEO's Pay by 50% #VF #Stock #MarketScreener… https://t.co/ZWMiFpYcfy",1,neutral,1,neutral,Neutral,1,0,FinGPT-Llama-3-8B-LoRA,tfns,-9.8927001953125,0.5936751961708069,-10.3302001953125,0.38330551981925964,-13.1427001953125,0.02301928587257862
544,White House considering U.S. Treasury coronavirus bond: Kudlow #economy #MarketScreener https://t.co/qti2hB0N8z https://t.co/LT6g2sGH51,1,neutral,1,neutral,Neutral,1,0,FinGPT-Llama-3-8B-LoRA,tfns,-12.248459815979004,0.07933525741100311,-9.998459815979004,0.7527120113372803,-11.498459815979004,0.167952761054039
545,Yields head lower despite strong economic numbers,1,neutral,0,negative,Negative,0,0,FinGPT-Llama-3-8B-LoRA,tfns,-11.520464897155762,0.9190787076950073,-13.957964897155762,0.08030819892883301,-18.832965850830078,0.0006131601403467357
546,Democrats push for the Fed to buy low-rated municipal debt to ease the virus strain on state and local governments https://t.co/rFJqDxUqZM,1,neutral,1,neutral,Neutral,1,0,FinGPT-Llama-3-8B-LoRA,tfns,-9.866803169250488,0.24177764356136322,-9.054303169250488,0.5448543429374695,-9.991803169250488,0.2133680284023285
547,Euro zone to consider credit line from bailout fund to fight coronavirus https://t.co/aHTraPoyIK https://t.co/Rra8KyLRGy,1,neutral,-1,UNPARSEABLE,,0,1,FinGPT-Llama-3-8B-LoRA,tfns,-10.837014198303223,0.13647858798503876,-9.399514198303223,0.5745962858200073,-10.087014198303223,0.2889251410961151
548,$BEVFF - Diversified Royalty cuts dividend by ~14% https://t.co/O7QVe3IbbN,0,negative,0,negative,Negative,1,0,FinGPT-Llama-3-8B-LoRA,tfns,-11.681966781616211,0.6605278849601746,-12.369466781616211,0.33213427662849426,-16.18196678161621,0.007337802555412054
549,"$CAE: CAE temporarily suspends dividend and share repurchase plan; lays off 2,600 of its 10,500 employees; to... https://t.co/8PObDJoSCb",0,negative,0,negative,Negative,1,0,FinGPT-Llama-3-8B-LoRA,tfns,-11.165614128112793,0.8020979762077332,-12.603114128112793,0.19051498174667358,-15.853114128112793,0.007387067191302776
550,Boeing supplier Spirit cuts dividend due to 737 MAX crisis,0,negative,0,negative,Negative,1,0,FinGPT-Llama-3-8B-LoRA,tfns,-10.774985313415527,0.7177689671516418,-11.712485313415527,0.2810823619365692,-17.212486267089844,0.0011487181764096022
551,$JKHY: Jack Henry increases quarterly dividend to $0.43/share from $0.40/share https://t.co/qKWFqFJW2n,2,positive,2,positive,Positive,1,0,FinGPT-Llama-3-8B-LoRA,tfns,-15.1040678024292,0.009821178391575813,-12.0415678024292,0.20998604595661163,-10.7290678024292,0.7801927924156189
552,"AT&T to raise quarterly dividend by 2% to 52 cents a share, retire $100 million of stock in Q1",2,positive,2,positive,Positive,1,0,FinGPT-Llama-3-8B-LoRA,tfns,-13.855466842651367,0.016304338350892067,-10.417966842651367,0.5072130560874939,-10.480466842651367,0.4764825701713562
553,International Bancshares Corporation's (NASDAQ:IBOC) 2.6% Dividend Yield Looks Pretty Interesting,2,positive,1,neutral,neutral,0,0,FinGPT-Llama-3-8B-LoRA,tfns,-9.02241325378418,0.11050208657979965,-7.459913730621338,0.5271757245063782,-7.834913730621338,0.36232221126556396
554,Suncor's dividend boost reassures analysts amid weak Q4,2,positive,2,positive,Positive,1,0,FinGPT-Llama-3-8B-LoRA,tfns,-13.639690399169922,0.061567485332489014,-11.389690399169922,0.5841360688209534,-11.889690399169922,0.3542964458465576
555,$ATGFF - AltaGas declares CAD 0.08 dividend https://t.co/kw9EvOcgYY,1,neutral,1,neutral,Neutral,1,0,FinGPT-Llama-3-8B-LoRA,tfns,-12.417490005493164,0.020868102088570595,-8.917490005493164,0.6910566091537476,-9.792490005493164,0.2880752682685852
556,$BANC - Banc of California declares $0.06 dividend https://t.co/T4PbSBACvo,1,neutral,1,neutral,Neutral,1,0,FinGPT-Llama-3-8B-LoRA,tfns,-12.566594123840332,0.01742362417280674,-8.941594123840332,0.6538166999816895,-9.629094123840332,0.32875967025756836
557,$BOTJ - Bank of the James Financial Group declares $0.04 dividend https://t.co/aHMeRZPJNk,1,neutral,1,neutral,Neutral,1,0,FinGPT-Llama-3-8B-LoRA,tfns,-12.946335792541504,0.01638527773320675,-9.258835792541504,0.654507577419281,-9.946335792541504,0.3291071057319641
558,$ELY - Callaway Golf declares $0.01 dividend https://t.co/EnRdwwSBCR,1,neutral,1,neutral,Neutral,1,0,FinGPT-Llama-3-8B-LoRA,tfns,-12.866616249084473,0.015129786916077137,-8.929116249084473,0.7760099768638611,-10.241616249084473,0.20886024832725525
559,$ERC - Wells Fargo Multi-Sector Income Fund declares $0.09888 dividend https://t.co/7AP9iYwPSF,1,neutral,1,neutral,Neutral,1,0,FinGPT-Llama-3-8B-LoRA,tfns,-12.725468635559082,0.01879006437957287,-9.100468635559082,0.7050919532775879,-10.037968635559082,0.2761179804801941
560,$ES - Eversource Energy declares $0.535 dividend https://t.co/hgU90swNYW,1,neutral,1,neutral,Neutral,1,0,FinGPT-Llama-3-8B-LoRA,tfns,-12.250191688537598,0.019876834005117416,-8.875191688537598,0.5808862447738647,-9.250191688537598,0.39923691749572754
561,$JPM - JPMorgan Chase declares $0.90 dividend https://t.co/NGBRqyTMUq,1,neutral,1,neutral,Neutral,1,0,FinGPT-Llama-3-8B-LoRA,tfns,-12.25186538696289,0.019628586247563362,-8.68936538696289,0.6919314861297607,-9.56436538696289,0.28843995928764343
562,$STE - Steris declares $0.37 dividend https://t.co/VkiswVp82t,1,neutral,1,neutral,Neutral,1,0,FinGPT-Llama-3-8B-LoRA,tfns,-12.721320152282715,0.01223444752395153,-8.596320152282715,0.7569184899330139,-9.783820152282715,0.2308470755815506
563,$SWZ - Swiss Helvetia Fund declares $0.1404 dividend https://t.co/Aoc3efzp2w,1,neutral,1,neutral,Neutral,1,0,FinGPT-Llama-3-8B-LoRA,tfns,-12.801267623901367,0.013338128104805946,-8.926267623901367,0.6426669955253601,-9.551267623901367,0.3439948856830597
564,Alaris Royalty declares CAD 0.1375 dividend,1,neutral,1,neutral,Neutral,1,0,FinGPT-Llama-3-8B-LoRA,tfns,-13.786273002624512,0.01648082584142685,-9.786273002624512,0.8998225927352905,-12.161273002624512,0.08369653671979904
565,BankFinancial goes ex-dividend tomorrow,1,neutral,1,neutral,Neutral,1,0,FinGPT-Llama-3-8B-LoRA,tfns,-15.055489540100098,0.0392204113304615,-11.867989540100098,0.9502235651016235,-16.36798858642578,0.01055604126304388
566,Beach Energy declares AUD 1.00 dividend,1,neutral,1,neutral,Neutral,1,0,FinGPT-Llama-3-8B-LoRA,tfns,-14.691264152526855,0.01312614418566227,-10.441264152526855,0.9202137589454651,-13.066264152526855,0.06666006147861481
567,Boyd Gaming declares $0.07 dividend,1,neutral,1,neutral,Neutral,1,0,FinGPT-Llama-3-8B-LoRA,tfns,-15.328136444091797,0.0086131002753973,-10.640636444091797,0.9352223873138428,-13.453136444091797,0.056164469569921494
568,Chorus Aviation declares CAD 0.04 dividend,1,neutral,1,neutral,Neutral,1,0,FinGPT-Llama-3-8B-LoRA,tfns,-14.019732475280762,0.016564825549721718,-10.019732475280762,0.9044088125228882,-12.457232475280762,0.07902635633945465
569,Contact Energy declares NZ$0.16 dividend,1,neutral,1,neutral,Neutral,1,0,FinGPT-Llama-3-8B-LoRA,tfns,-13.561906814575195,0.024954114109277725,-9.936906814575195,0.9363961815834045,-13.124406814575195,0.03864968940615654
570,Contango Income Generator : September 2019 Quarter Dividend #ContangoIncomeGenerator #Stock #MarketScreener… https://t.co/OU5Rh5rlLB,1,neutral,1,neutral,Neutral,1,0,FinGPT-Llama-3-8B-LoRA,tfns,-10.772367477416992,0.12677884101867676,-9.022367477416992,0.7295619249343872,-10.647367477416992,0.14365924894809723
571,Dicker Data : Update - Dividend/Distribution - DDR #DickerData #Stock #MarketScreener https://t.co/xihVE978uQ https://t.co/VxJWQ2nvtH,1,neutral,1,neutral,Neutral,1,0,FinGPT-Llama-3-8B-LoRA,tfns,-11.853022575378418,0.12048745155334473,-9.978022575378418,0.7856768369674683,-12.103022575378418,0.09383571892976761
572,"Digital Realty Trust, Inc. 5.2% PFD SER L declares $0.2925 dividend",1,neutral,1,neutral,Neutral,1,0,FinGPT-Llama-3-8B-LoRA,tfns,-12.13138198852539,0.02597082406282425,-8.56888198852539,0.9155030250549316,-11.31888198852539,0.05852615088224411
573,"Digital Realty Trust, Inc. 6.35% PFD I CUM declares $0.396875 dividend",1,neutral,1,neutral,Neutral,1,0,FinGPT-Llama-3-8B-LoRA,tfns,-12.494497299194336,0.024522870779037476,-8.869497299194336,0.9202139973640442,-11.681997299194336,0.05526314303278923
574,Equinor declares $0.27 dividend,1,neutral,1,neutral,Neutral,1,0,FinGPT-Llama-3-8B-LoRA,tfns,-14.948251724243164,0.009759761393070221,-10.448251724243164,0.8785457015037537,-12.510751724243164,0.11169453710317612
575,Franklin Universal Trust declares $0.032 dividend,1,neutral,1,neutral,Neutral,1,0,FinGPT-Llama-3-8B-LoRA,tfns,-15.016106605529785,0.011304943822324276,-10.578606605529785,0.95598304271698,-13.953606605529785,0.0327119417488575
576,GasLog Partners declares $0.561 dividend,1,neutral,1,neutral,Neutral,1,0,FinGPT-Llama-3-8B-LoRA,tfns,-14.176422119140625,0.015326803550124168,-10.113922119140625,0.8907850980758667,-12.363922119140625,0.093888059258461
577,Inter Pipeline declares CAD 0.1425 dividend,1,neutral,1,neutral,Neutral,1,0,FinGPT-Llama-3-8B-LoRA,tfns,-14.053974151611328,0.011944761499762535,-9.678974151611328,0.9488899111747742,-12.866474151611328,0.03916536644101143
578,INVESCO Perpetual UK Smaller Investment Trust : Dividend Declaration  #Stock #MarketScreener https://t.co/ImzY3UWZed https://t.co/xPxZGkhcdl,1,neutral,1,neutral,Neutral,1,0,FinGPT-Llama-3-8B-LoRA,tfns,-10.229263305664062,0.08578664809465408,-8.291763305664062,0.595477283000946,-8.916763305664062,0.3187360465526581
579,Nexus REIT declares CAD 0.0133 dividend,1,neutral,1,neutral,Neutral,1,0,FinGPT-Llama-3-8B-LoRA,tfns,-14.148482322692871,0.0173264741897583,-10.148482322692871,0.9459934234619141,-13.398482322692871,0.03668014332652092
580,Northern Star Resources : Appendix 3A.1 &ndash; Notification of Dividend #NorthernStarResources #Stock… https://t.co/1VwT4eGaXs,1,neutral,1,neutral,Neutral,1,0,FinGPT-Llama-3-8B-LoRA,tfns,-10.790349960327148,0.13437442481517792,-9.040349960327148,0.7732714414596558,-11.165349960327148,0.09235410392284393
581,Northfield Bancorp goes ex-dividend tomorrow,1,neutral,1,neutral,Neutral,1,0,FinGPT-Llama-3-8B-LoRA,tfns,-14.728135108947754,0.04701342433691025,-11.728135108947754,0.9442899227142334,-16.415634155273438,0.008696617558598518
582,Nuveen Pennsylvania Municipal Value Fund declares $0.038 dividend,1,neutral,1,neutral,Neutral,1,0,FinGPT-Llama-3-8B-LoRA,tfns,-14.43008041381836,0.011327394284307957,-9.99258041381836,0.957881510257721,-13.43008041381836,0.03079105168581009
583,NXP Semiconductors declares $0.375 dividend,1,neutral,1,neutral,Neutral,1,0,FinGPT-Llama-3-8B-LoRA,tfns,-15.24618148803711,0.013010665774345398,-10.99618148803711,0.912118136882782,-13.49618148803711,0.07487121224403381
584,OneMain Holdings declares $0.33 dividend,1,neutral,1,neutral,Neutral,1,0,FinGPT-Llama-3-8B-LoRA,tfns,-15.013582229614258,0.009095527231693268,-10.388582229614258,0.9277690052986145,-13.076082229614258,0.06313547492027283
585,PennyMac Mortgage Investment Trust CUM RED PFD B declares $0.50 dividend,1,neutral,1,neutral,Neutral,1,0,FinGPT-Llama-3-8B-LoRA,tfns,-14.19434642791748,0.014071010984480381,-10.00684642791748,0.9266878366470337,-12.75684642791748,0.059241168200969696
586,PennyMac Mortgage Investment Trust PFD SER A declares $0.5078 dividend,1,neutral,1,neutral,Neutral,1,0,FinGPT-Llama-3-8B-LoRA,tfns,-14.130403518676758,0.011170893907546997,-9.692903518676758,0.9446473121643066,-12.755403518676758,0.04418174549937248
587,Primerica goes ex-dividend tomorrow,1,neutral,1,neutral,Neutral,1,0,FinGPT-Llama-3-8B-LoRA,tfns,-14.793896675109863,0.03268811106681824,-11.418896675109863,0.9552866220474243,-15.793896675109863,0.012025284580886364
588,QIWI plc declares $0.28 dividend,1,neutral,1,neutral,Neutral,1,0,FinGPT-Llama-3-8B-LoRA,tfns,-15.055558204650879,0.01188279502093792,-10.680558204650879,0.9439672827720642,-13.743058204650879,0.04414994269609451
589,SB One Bancorp goes ex-dividend on Monday,1,neutral,1,neutral,Neutral,1,0,FinGPT-Llama-3-8B-LoRA,tfns,-15.029472351074219,0.04706151783466339,-12.029472351074219,0.9452558755874634,-16.84197235107422,0.00768258236348629
590,Schlumberger goes ex-dividend tomorrow,1,neutral,1,neutral,Neutral,1,0,FinGPT-Llama-3-8B-LoRA,tfns,-14.532776832580566,0.03477213904261589,-11.220276832580566,0.9546229839324951,-15.720276832580566,0.010604904033243656
591,Southwest Airlines declares $0.18 dividend,1,neutral,1,neutral,Neutral,1,0,FinGPT-Llama-3-8B-LoRA,tfns,-14.747989654541016,0.009949767030775547,-10.247989654541016,0.8956494331359863,-12.497989654541016,0.09440075606107712
592,Superior Plus Announces February 2020 Cash Dividend and Upcoming Events,1,neutral,1,neutral,Neutral,1,0,FinGPT-Llama-3-8B-LoRA,tfns,-12.833187103271484,0.0425276942551136,-9.770687103271484,0.9092821478843689,-12.708187103271484,0.04819018766283989
593,Sylogist declares CAD 0.10 dividend,1,neutral,1,neutral,Neutral,1,0,FinGPT-Llama-3-8B-LoRA,tfns,-13.972053527832031,0.016564825549721718,-9.972053527832031,0.9044088125228882,-12.409553527832031,0.07902635633945465
594,Tekla Healthcare Opportunities Fund declares $0.1125 dividend,1,neutral,1,neutral,Neutral,1,0,FinGPT-Llama-3-8B-LoRA,tfns,-13.417964935302734,0.009130452759563923,-8.792964935302734,0.9313315153121948,-11.542964935302734,0.05953802913427353
595,Tekla World Healthcare Fund declares $0.1167 dividend,1,neutral,1,neutral,Neutral,1,0,FinGPT-Llama-3-8B-LoRA,tfns,-14.106731414794922,0.005202834494411945,-8.919231414794922,0.9314137101173401,-11.606731414794922,0.06338349729776382
596,Vishay Intertechnology declares $0.095 dividend,1,neutral,1,neutral,Neutral,1,0,FinGPT-Llama-3-8B-LoRA,tfns,-14.735417366027832,0.011281144805252552,-10.297917366027832,0.9539704918861389,-13.610417366027832,0.034748375415802
597,WPT Industrial REIT declares $0.0633 dividend,1,neutral,1,neutral,Neutral,1,0,FinGPT-Llama-3-8B-LoRA,tfns,-14.040180206298828,0.013405588455498219,-9.790180206298828,0.9398043155670166,-12.790180206298828,0.04679010063409805
598,WVS Financial goes ex-dividend tomorrow,1,neutral,1,neutral,Neutral,1,0,FinGPT-Llama-3-8B-LoRA,tfns,-14.687182426452637,0.03472311049699783,-11.374682426452637,0.9532769322395325,-15.749682426452637,0.011999985203146935
599,Dish TV India Limited Just Missed Earnings With A Surprise Loss - Here Are Analysts Latest Forecasts,0,negative,0,negative,Negative,1,0,FinGPT-Llama-3-8B-LoRA,tfns,-9.40220832824707,0.8253527283668518,-10.96470832824707,0.17300333082675934,-15.62095832824707,0.0016438827151432633
600,Legacy Housing Corporation Earnings Missed Analyst Estimates: Here's What Analysts Are Forecasting Now,0,negative,-1,UNPARSEABLE,,0,1,FinGPT-Llama-3-8B-LoRA,tfns,-9.84332275390625,0.8405061960220337,-11.53082275390625,0.15547801554203033,-15.18707275390625,0.004015871323645115
601,Playtech warns it will miss earnings expectations https://t.co/Zsz2VKkcrc,0,negative,0,negative,Negative,1,0,FinGPT-Llama-3-8B-LoRA,tfns,-10.287839889526367,0.8965556621551514,-12.475339889526367,0.10059075802564621,-16.037839889526367,0.002853540237993002
602,Was Five Star Senior Living Inc.'s (NASDAQ:FVE) Earnings Decline Part Of A Broader Industry Downturn?,0,negative,1,neutral,Neutral,0,0,FinGPT-Llama-3-8B-LoRA,tfns,-7.567884922027588,0.2251177579164505,-6.380384922027588,0.7381327748298645,-9.38038444519043,0.03674948588013649
603,Why Home Depot Stumbled on Earnings,0,negative,0,negative,Negative,1,0,FinGPT-Llama-3-8B-LoRA,tfns,-10.328621864318848,0.925212562084198,-12.891121864318848,0.07134473323822021,-15.922371864318848,0.0034427603241056204
604,"$NVDA - After Intel And AMD, Nvidia Q4 Earnings Release Most Likely Beats. https://t.co/e87ZEOd1Z8 #business #stockmarket #markets",2,positive,2,positive,Positive,1,0,FinGPT-Llama-3-8B-LoRA,tfns,-13.385146141052246,0.011813350021839142,-11.947646141052246,0.049736060202121735,-9.010146141052246,0.9384505748748779
605,Adobe Hits New Highs on Earnings - Here’s What the Charts Say - TheStreet,2,positive,2,positive,Positive,1,0,FinGPT-Llama-3-8B-LoRA,tfns,-15.03227710723877,0.006956263445317745,-13.00102710723877,0.05303184688091278,-10.12602710723877,0.9400119185447693
606,Amazon rejoins $1tn club on back of blockbuster earnings https://t.co/a3rPNz6Xsn,2,positive,2,positive,Positive,1,0,FinGPT-Llama-3-8B-LoRA,tfns,-12.56081485748291,0.00831031333655119,-10.18581485748291,0.08934429287910461,-7.87331485748291,0.9023454189300537
607,Cineplex Inc. Just Beat Earnings Expectations: Here's What Analysts Think Will Happen Next,2,positive,-1,UNPARSEABLE,,0,1,FinGPT-Llama-3-8B-LoRA,tfns,-13.067073822021484,0.018474364653229713,-11.004573822021484,0.1453121155500412,-9.254573822021484,0.8362135887145996
608,"CrowdStrike strikes gain with another blow out report (CRWD)                   
https://t.co/GtK5LmJbfX $CRWD",2,positive,2,positive,Positive,1,0,FinGPT-Llama-3-8B-LoRA,tfns,-12.688129425048828,0.004497498739510775,-11.000629425048828,0.024313246831297874,-7.313129425048828,0.9711892008781433
609,Pharma ETFs Gain on Healthy Q4 Earnings,2,positive,2,positive,Positive,1,0,FinGPT-Llama-3-8B-LoRA,tfns,-16.528533935546875,0.00213563721626997,-14.216033935546875,0.02156917005777359,-10.403533935546875,0.9762952327728271
610,Sonos Sounds Good After Earnings Beat,2,positive,2,positive,Positive,1,0,FinGPT-Llama-3-8B-LoRA,tfns,-15.699461936950684,0.007074473891407251,-12.355711936950684,0.20038551092147827,-10.980711936950684,0.7925400733947754
611,Why Pinterest Earnings Were So Inspiring,2,positive,2,positive,Positive,1,0,FinGPT-Llama-3-8B-LoRA,tfns,-12.84124755859375,0.06301048398017883,-11.27874755859375,0.3006061911582947,-10.52874755859375,0.6363832950592041
612,$AIZ - Assurant Q4 2019 Earnings Preview https://t.co/RbjIk0NRk8,1,neutral,1,neutral,Neutral,1,0,FinGPT-Llama-3-8B-LoRA,tfns,-10.255367279052734,0.1111656129360199,-8.255367279052734,0.8214089870452881,-10.755367279052734,0.06742535531520844
613,$AMBA - Ambarella Q3 2020 Earnings Preview https://t.co/NR63jlJVHm,1,neutral,1,neutral,Neutral,1,0,FinGPT-Llama-3-8B-LoRA,tfns,-10.012533187866211,0.19141602516174316,-8.637533187866211,0.7570650577545166,-11.325033187866211,0.05151892453432083
614,$AN - AutoNation Q4 2019 Earnings Preview https://t.co/6dXenvxdEY,1,neutral,1,neutral,Neutral,1,0,FinGPT-Llama-3-8B-LoRA,tfns,-10.771397590637207,0.11388663947582245,-8.771397590637207,0.8415147662162781,-11.708897590637207,0.04459865018725395
615,$BAH - Booz Allen Hamilton Holding Corporation (BAH) CEO Horacio Rozanski on Q3 2020 Results - Earnings Call Transc... https://t.co/dNOLR4pBSn,1,neutral,1,neutral,Neutral,1,0,FinGPT-Llama-3-8B-LoRA,tfns,-9.756689071655273,0.13653022050857544,-8.006689071655273,0.7856771945953369,-10.319189071655273,0.07779257744550705
616,$BPIRY $BPIRD $BPIRF - Piraeus Bank reports Q3 results https://t.co/w7GoiSjs8N,1,neutral,1,neutral,Neutral,1,0,FinGPT-Llama-3-8B-LoRA,tfns,-10.133105278015137,0.1652490645647049,-8.633105278015137,0.7405948638916016,-10.695605278015137,0.09415606409311295
617,"$BR - Broadridge Financial Solutions, Inc. (BR) CEO Tim Gokey on Q2 2020 Results - Earnings Call Transcript.... https://t.co/yYrbfCRfBh",1,neutral,1,neutral,Neutral,1,0,FinGPT-Llama-3-8B-LoRA,tfns,-10.280227661132812,0.09506214410066605,-8.092727661132812,0.8472797274589539,-10.780227661132812,0.057658106088638306
618,$CEIX - CONSOL Energy Q4 2019 Earnings Preview https://t.co/hNZ8OnhPhh,1,neutral,1,neutral,Neutral,1,0,FinGPT-Llama-3-8B-LoRA,tfns,-10.322298049926758,0.15455889701843262,-8.697298049926758,0.7849149107933044,-11.259798049926758,0.06052614003419876
619,"$CLDR - Cloudera, Inc. (CLDR) CEO Martin Cole on Q3 2020 Results - Earnings Call Transcript. Read more and get upda… https://t.co/zgmQ7X8gvp",1,neutral,1,neutral,Neutral,1,0,FinGPT-Llama-3-8B-LoRA,tfns,-10.473287582397461,0.1601768434047699,-8.910787582397461,0.7641609907150269,-11.223287582397461,0.07566218823194504
620,$CMD - Cantel Medical Corp. (CMD) CEO George Fotiades on Q1 2020 Results - Earnings Call Transcript. Continue readi… https://t.co/2ZQtrDBqqe,1,neutral,1,neutral,Neutral,1,0,FinGPT-Llama-3-8B-LoRA,tfns,-9.875659942626953,0.15395791828632355,-8.250659942626953,0.7818628549575806,-10.750659942626953,0.06417921185493469
621,$CNS - Cohen & Steers reports January AUM of $73.3B https://t.co/fmpmExnIde,1,neutral,1,neutral,Neutral,1,0,FinGPT-Llama-3-8B-LoRA,tfns,-13.088854789733887,0.04977040737867355,-10.213854789733887,0.8822014927864075,-12.776354789733887,0.06802807748317719
622,$CRL - Charles River Laboratories Q4 2019 Earnings Preview https://t.co/kXRc3AJodT,1,neutral,1,neutral,Neutral,1,0,FinGPT-Llama-3-8B-LoRA,tfns,-10.227477073669434,0.11645478010177612,-8.289977073669434,0.8083563446998596,-10.664977073669434,0.07518885284662247
623,"$CULP - Culp, Inc. 2020 Q2 - Results - Earnings Call Presentation. Read more and get updates on any stock!… https://t.co/k65vOwaaB9",1,neutral,1,neutral,Neutral,1,0,FinGPT-Llama-3-8B-LoRA,tfns,-9.699753761291504,0.15566600859165192,-8.074753761291504,0.7905372381210327,-10.762253761291504,0.053796734660863876
624,$D - Dominion Energy Q4 2019 Earnings Preview https://t.co/blwGYqai5K,1,neutral,1,neutral,Neutral,1,0,FinGPT-Llama-3-8B-LoRA,tfns,-10.028730392456055,0.12412983924150467,-8.153730392456055,0.8094282150268555,-10.653730392456055,0.06644191592931747
625,$DBD - Diebold Nixdorf Q4 2019 Earnings Preview https://t.co/fbABq6ow2F,1,neutral,1,neutral,Neutral,1,0,FinGPT-Llama-3-8B-LoRA,tfns,-10.686817169189453,0.15665626525878906,-9.061817169189453,0.7955662608146667,-11.874317169189453,0.04777746647596359
626,$EARN - Ellington Residential Mortgage REIT reports Q4 results https://t.co/VyLG9T1ATd,1,neutral,1,neutral,Neutral,1,0,FinGPT-Llama-3-8B-LoRA,tfns,-12.128753662109375,0.07865629345178604,-9.691253662109375,0.9001736044883728,-13.441253662109375,0.021170055493712425
627,$ELY - Callaway Golf Company 2019 Q4 - Results - Earnings Call Presentation. https://t.co/57nAtnddKP #markets #trading #economy,1,neutral,1,neutral,Neutral,1,0,FinGPT-Llama-3-8B-LoRA,tfns,-10.623796463012695,0.09163464605808258,-8.436296463012695,0.8167307376861572,-10.623796463012695,0.09163464605808258
628,$EVI - EVI reports Q2 results https://t.co/JORsCDM5m7,1,neutral,1,neutral,Neutral,1,0,FinGPT-Llama-3-8B-LoRA,tfns,-11.509599685668945,0.09924426674842834,-9.322099685668945,0.8845545649528503,-13.322099685668945,0.016201183199882507
629,"$FISI - Financial Institutions, Inc. (FISI) CEO Marty Birmingham on Q4 2019 Results - Earnings Call Transcript.... https://t.co/x0EUXRLkqc",1,neutral,1,neutral,Neutral,1,0,FinGPT-Llama-3-8B-LoRA,tfns,-10.371197700500488,0.11284869909286499,-8.371197700500488,0.8338453769683838,-11.121197700500488,0.05330595001578331
630,$HAS - Hasbro Q4 2019 Earnings Preview https://t.co/vMIhbuEfgX,1,neutral,1,neutral,Neutral,1,0,FinGPT-Llama-3-8B-LoRA,tfns,-9.797513961791992,0.1702621877193451,-8.297513961791992,0.7630621790885925,-10.735013961791992,0.06667562574148178
631,$HBAYF - Hudson's Bay Company (HBAYF) CEO Helena Foulkes on Q3 2019 Results - Earnings Call Transcript. Continue re… https://t.co/YoS5k00NYv,1,neutral,1,neutral,Neutral,1,0,FinGPT-Llama-3-8B-LoRA,tfns,-10.250903129577637,0.15512776374816895,-8.625903129577637,0.7878038883209229,-11.250903129577637,0.057068321853876114
632,$IFLXF - Imaflex reports Q3 results https://t.co/3rqgPSpjRZ,1,neutral,1,neutral,Neutral,1,0,FinGPT-Llama-3-8B-LoRA,tfns,-11.46519947052002,0.11592083424329758,-9.46519947052002,0.8565455675125122,-12.90269947052002,0.02753361314535141
633,$IOFB - Iowa First Bancshares reports Q4 results https://t.co/jT2mbQvS4e,1,neutral,1,neutral,Neutral,1,0,FinGPT-Llama-3-8B-LoRA,tfns,-11.551168441772461,0.08768372237682343,-9.238668441772461,0.885574221611023,-12.738668441772461,0.02674202434718609
634,$IVC - Invacare Corporation (IVC) CEO Matthew Monaghan on Q4 2019 Results - Earnings Call Transcript.… https://t.co/Okr6M5SxnF,1,neutral,1,neutral,Neutral,1,0,FinGPT-Llama-3-8B-LoRA,tfns,-9.350556373596191,0.21815690398216248,-8.163056373596191,0.7153089642524719,-10.538056373596191,0.06653409451246262
635,"$JBSS - John B. Sanfilippo & Son, Inc. (JBSS) CEO Jeffrey Sanfilippo on Q2 2020 Results - Earnings Call Transcript.... https://t.co/6vtzuGJJVc",1,neutral,1,neutral,Neutral,1,0,FinGPT-Llama-3-8B-LoRA,tfns,-10.598294258117676,0.10557275265455246,-8.535794258117676,0.8303940892219543,-11.098294258117676,0.06403312087059021
636,$LPX - Louisiana-Pacific Q4 2019 Earnings Preview https://t.co/4vQ4G5x1Yv,1,neutral,1,neutral,Neutral,1,0,FinGPT-Llama-3-8B-LoRA,tfns,-10.65693473815918,0.15265344083309174,-9.03193473815918,0.7752381563186646,-11.40693473815918,0.07210838049650192
637,"$MELI - MercadoLibre, Inc. 2019 Q4 - Results - Earnings Call Presentation. https://t.co/KcRqfODmhA #business #markets #stockmarket",1,neutral,1,neutral,Neutral,1,0,FinGPT-Llama-3-8B-LoRA,tfns,-10.884739875793457,0.10020614415407181,-8.759739875793457,0.839015781879425,-11.384739875793457,0.06077810004353523
638,$MLM - Martin Marietta Materials Q4 2019 Earnings Preview https://t.co/jgnzxkIdqd,1,neutral,1,neutral,Neutral,1,0,FinGPT-Llama-3-8B-LoRA,tfns,-10.196263313293457,0.10907674580812454,-8.196263313293457,0.8059742450714111,-10.446263313293457,0.0849490538239479
639,$NCR - NCR Q4 2019 Earnings Preview https://t.co/VDRlgyflHj,1,neutral,1,neutral,Neutral,1,0,FinGPT-Llama-3-8B-LoRA,tfns,-10.433746337890625,0.11355998367071152,-8.433746337890625,0.8391011357307434,-11.308746337890625,0.04733884707093239
640,$NIU - Niu Technologies 2019 Q3 - Results - Earnings Call Presentation. Read more: https://t.co/OOWkcX2Atx #investing #stocks #stockmarket,1,neutral,1,neutral,Neutral,1,0,FinGPT-Llama-3-8B-LoRA,tfns,-11.242623329162598,0.10513855516910553,-9.180123329162598,0.826978862285614,-11.680123329162598,0.06788256019353867
641,$NNN - National Retail Properties Q4 Earnings Preview https://t.co/pyBH8YQj1p,1,neutral,1,neutral,Neutral,1,0,FinGPT-Llama-3-8B-LoRA,tfns,-9.9674654006958,0.16458964347839355,-8.4049654006958,0.78521329164505,-11.1549654006958,0.05019700527191162
642,$NSP - Insperity Q4 2019 Earnings Preview https://t.co/bhbi9TFrFi,1,neutral,1,neutral,Neutral,1,0,FinGPT-Llama-3-8B-LoRA,tfns,-10.177474021911621,0.12183074653148651,-8.302474021911621,0.7944362163543701,-10.552474021911621,0.0837329626083374
643,$OMC - Omnicom Q4 2019 Earnings Preview https://t.co/RuCz38Mcy6,1,neutral,1,neutral,Neutral,1,0,FinGPT-Llama-3-8B-LoRA,tfns,-10.327276229858398,0.10674133896827698,-8.264776229858398,0.8395857214927673,-11.014776229858398,0.0536729171872139
644,$PANW - Palo Alto Networks Q1 2020 Earnings Preview https://t.co/DfQXpl34fA,1,neutral,1,neutral,Neutral,1,0,FinGPT-Llama-3-8B-LoRA,tfns,-9.740396499633789,0.14125779271125793,-7.990396499633789,0.8128825426101685,-10.865396499633789,0.045859698206186295
645,$PHCEF - PharmaCielo reports Q3 results https://t.co/8l2CVHznGj,1,neutral,1,neutral,Neutral,1,0,FinGPT-Llama-3-8B-LoRA,tfns,-11.342255592346191,0.14084123075008392,-9.592255592346191,0.8104853630065918,-12.404755592346191,0.04867342859506607
646,$PSX - Phillips 66 2019 Q4 - Results - Earnings Call Presentation. https://t.co/lQFktaxl9V #markets #trading #stocks,1,neutral,1,neutral,Neutral,1,0,FinGPT-Llama-3-8B-LoRA,tfns,-10.743913650512695,0.09191732853651047,-8.493913650512695,0.872087299823761,-11.681413650512695,0.03599534556269646
647,$PVH - Phillips-Van Heusen Q3 2020 Earnings Preview https://t.co/kNhCYwVnBX,1,neutral,1,neutral,Neutral,1,0,FinGPT-Llama-3-8B-LoRA,tfns,-10.49992847442627,0.14202310144901276,-8.74992847442627,0.8172865509986877,-11.74992847442627,0.04069029912352562
648,"$RGCO - RGC Resources, Inc. (RGCO) CEO John D'Orazio on Q4 2019 Results - Earnings Call Transcript. Read more and g… https://t.co/UR8KXNoy1h",1,neutral,1,neutral,Neutral,1,0,FinGPT-Llama-3-8B-LoRA,tfns,-10.488814353942871,0.10964105278253555,-8.488814353942871,0.8101438879966736,-10.801314353942871,0.08021511137485504
649,$RNUGF - ReNeuron Group plc (RNUGF) CEO Olav Hellebø on Q2 2020 Results - Earnings Call Transcript. Follow this and… https://t.co/mHsXKdhtCw,1,neutral,1,neutral,Neutral,1,0,FinGPT-Llama-3-8B-LoRA,tfns,-10.115683555603027,0.13778972625732422,-8.365683555603027,0.792925238609314,-10.803183555603027,0.06928502768278122
650,$UAA - Under Armour Q4 2019 Earnings Preview https://t.co/5lR80ygFWK,1,neutral,1,neutral,Neutral,1,0,FinGPT-Llama-3-8B-LoRA,tfns,-9.79170036315918,0.17529039084911346,-8.29170036315918,0.785597026348114,-11.29170036315918,0.03911257162690163
651,$UNFI - United Natural Foods Inc (UNFI) CEO Steve Spinner on Q1 2020 Results - Earnings Call Transcript. Keep readi… https://t.co/9UbHS6nuQP,1,neutral,1,neutral,Neutral,1,0,FinGPT-Llama-3-8B-LoRA,tfns,-10.229256629943848,0.18213814496994019,-8.854256629943848,0.720370352268219,-10.854256629943848,0.09749151766300201
652,"$USAK - USA Truck, Inc. 2019 Q4 - Results - Earnings Call Presentation. https://t.co/VaoeaJ18mB #markets #economy #trading",1,neutral,1,neutral,Neutral,1,0,FinGPT-Llama-3-8B-LoRA,tfns,-10.266214370727539,0.11284869909286499,-8.266214370727539,0.8338453769683838,-11.016214370727539,0.05330595001578331
653,$VIRT - Virtu Financial Q4 2019 Earnings Preview https://t.co/DEQoJ2KqSU,1,neutral,1,neutral,Neutral,1,0,FinGPT-Llama-3-8B-LoRA,tfns,-10.504669189453125,0.12034773081541061,-8.567169189453125,0.8353787660598755,-11.504669189453125,0.04427345469594002
654,"$ZUO - Zuora, Inc. (ZUO) CEO Tien Tzuo on Q3 2020 Results - Earnings Call Transcript. Subscribe to Seeking Alpha fo… https://t.co/phrquf7Ktv",1,neutral,1,neutral,Neutral,1,0,FinGPT-Llama-3-8B-LoRA,tfns,-8.944297790527344,0.1670977622270584,-7.444297790527344,0.7488802075386047,-9.631797790527344,0.08402203023433685
655,.@BruceKamich digs into Palo Alto $PANW charts ahead of earnings:   https://t.co/9bh2ztu5Yv,1,neutral,1,neutral,Neutral,1,0,FinGPT-Llama-3-8B-LoRA,tfns,-9.264405250549316,0.2433156967163086,-8.264405250549316,0.661400556564331,-10.201905250549316,0.09528379142284393
656,01 Communique Laboratory reports Q4 results,1,neutral,1,neutral,Neutral,1,0,FinGPT-Llama-3-8B-LoRA,tfns,-10.503686904907227,0.1774609088897705,-9.003686904907227,0.7953245639801025,-12.378686904907227,0.02721451036632061
657,Acura Pharmaceuticals reports Q2 results,1,neutral,1,neutral,Neutral,1,0,FinGPT-Llama-3-8B-LoRA,tfns,-12.38437271118164,0.13522854447364807,-10.57187271118164,0.8283752202987671,-13.69687271118164,0.036396268755197525
658,Adhera Therapeutics reports Q3 results,1,neutral,1,neutral,Neutral,1,0,FinGPT-Llama-3-8B-LoRA,tfns,-13.260619163513184,0.09310487657785416,-11.010619163513184,0.8833544850349426,-14.635619163513184,0.023540599271655083
659,Advanced Drainage Systems Announces Third Quarter Fiscal 2020 Results,1,neutral,1,neutral,Neutral,1,0,FinGPT-Llama-3-8B-LoRA,tfns,-11.565568923950195,0.13522854447364807,-9.753068923950195,0.8283752202987671,-12.878068923950195,0.036396268755197525
660,Alternus Energy reports Q3 results,1,neutral,1,neutral,Neutral,1,0,FinGPT-Llama-3-8B-LoRA,tfns,-11.404335021972656,0.14084123075008392,-9.654335021972656,0.8104853630065918,-12.466835021972656,0.04867342859506607
661,Amen Properties Reports Results for Third Quarter of 2019 and Announces Dividend,1,neutral,1,neutral,Neutral,1,0,FinGPT-Llama-3-8B-LoRA,tfns,-12.838945388793945,0.0650433748960495,-10.213945388793945,0.8978960514068604,-13.401445388793945,0.03706059604883194
662,B Communications reports Q3 results,1,neutral,1,neutral,Neutral,1,0,FinGPT-Llama-3-8B-LoRA,tfns,-11.438762664794922,0.08160704374313354,-9.063762664794922,0.8773584365844727,-12.126262664794922,0.041034601628780365
663,Bank Hapoalim reports Q3 results,1,neutral,1,neutral,Neutral,1,0,FinGPT-Llama-3-8B-LoRA,tfns,-11.952982902526855,0.1111656129360199,-9.952982902526855,0.8214089870452881,-12.452982902526855,0.06742535531520844
664,Biofrontera reports 9M results,1,neutral,1,neutral,Neutral,1,0,FinGPT-Llama-3-8B-LoRA,tfns,-11.328912734985352,0.12746207416057587,-9.453912734985352,0.8311570286750793,-12.453912734985352,0.0413808710873127
665,Biorem reports Q3 results,1,neutral,1,neutral,Neutral,1,0,FinGPT-Llama-3-8B-LoRA,tfns,-12.30472183227539,0.08753275871276855,-9.99222183227539,0.8840495347976685,-13.42972183227539,0.02841772697865963
666,Biotage AB reports Q4 results,1,neutral,1,neutral,Neutral,1,0,FinGPT-Llama-3-8B-LoRA,tfns,-12.323192596435547,0.10266122221946716,-10.198192596435547,0.8595718145370483,-13.323192596435547,0.0377669520676136
667,"BlackBerry, Conagra, FedEx, Micron, Nike and More Earnings Coming This Week",1,neutral,1,neutral,neutral,1,0,FinGPT-Llama-3-8B-LoRA,tfns,-11.231233596801758,0.10092692822217941,-9.106233596801758,0.8450508117675781,-11.856233596801758,0.05402228981256485
668,"BrightSphere Reports Financial and Operating Results for the Fourth Quarter Ended December 31, 2019",1,neutral,1,neutral,Neutral,1,0,FinGPT-Llama-3-8B-LoRA,tfns,-10.552146911621094,0.11388663947582245,-8.552146911621094,0.8415147662162781,-11.489646911621094,0.04459865018725395
669,Canbiola reports Q3 results,1,neutral,1,neutral,Neutral,1,0,FinGPT-Llama-3-8B-LoRA,tfns,-11.35615062713623,0.1785152405500412,-9.91865062713623,0.7515771985054016,-12.29365062713623,0.06990756839513779
670,Centaurus Energy reports Q3 results,1,neutral,1,neutral,Neutral,1,0,FinGPT-Llama-3-8B-LoRA,tfns,-11.062939643859863,0.10311882942914963,-8.937939643859863,0.8634033799171448,-12.187939643859863,0.033477783203125
671,ChoiceOne Financial Services reports Q4 results,1,neutral,1,neutral,Neutral,1,0,FinGPT-Llama-3-8B-LoRA,tfns,-12.276178359985352,0.05842828005552292,-9.526178359985352,0.9139721393585205,-13.026178359985352,0.02759956754744053
672,Ciner Resources LP to Release 4th Quarter and Year-End 2019 Results,1,neutral,1,neutral,Neutral,1,0,FinGPT-Llama-3-8B-LoRA,tfns,-12.599846839904785,0.025555020198225975,-8.974846839904785,0.958945095539093,-13.099846839904785,0.015499903820455074
673,CyberOptics Fourth Quarter 2019 Earnings Conference Call Scheduled for February 19,1,neutral,1,neutral,Neutral,1,0,FinGPT-Llama-3-8B-LoRA,tfns,-11.99374008178711,0.034263838082551956,-8.68124008178711,0.9406681656837463,-12.30624008178711,0.025067957118153572
674,DCP Midstream Q4 Earnings Preview,1,neutral,1,neutral,Neutral,1,0,FinGPT-Llama-3-8B-LoRA,tfns,-10.015467643737793,0.1575407087802887,-8.390467643737793,0.8000577688217163,-11.327967643737793,0.0424015074968338
675,Did Thermo Fisher Scientific Inc.'s (NYSE:TMO) Recent Earnings Growth Beat The Trend?,1,neutral,-1,UNPARSEABLE,,0,1,FinGPT-Llama-3-8B-LoRA,tfns,-8.86065673828125,0.244567409157753,-7.923156261444092,0.6245250701904297,-9.48565673828125,0.13090749084949493
676,DSV Panalpina A/S reports FY results,1,neutral,1,neutral,Neutral,1,0,FinGPT-Llama-3-8B-LoRA,tfns,-10.945563316345215,0.13993434607982635,-9.195563316345215,0.8052666187286377,-11.883063316345215,0.05479907989501953
677,Earnings heatmap https://t.co/gY9oNC5zPW,1,neutral,1,neutral,Neutral,1,0,FinGPT-Llama-3-8B-LoRA,tfns,-12.636881828308105,0.08702275902032852,-10.324381828308105,0.8788986802101135,-13.574381828308105,0.03407859802246094
678,Edited Transcript of AMG earnings conference call or presentation 29-Jul-19 12:30pm GMT,1,neutral,1,neutral,Neutral,1,0,FinGPT-Llama-3-8B-LoRA,tfns,-11.088397979736328,0.09821204841136932,-8.900897979736328,0.875354528427124,-12.400897979736328,0.026433415710926056
679,Edited Transcript of BFF.MI earnings conference call or presentation 8-Nov-19 11:30am GMT,1,neutral,1,neutral,Neutral,1,0,FinGPT-Llama-3-8B-LoRA,tfns,-12.105422019958496,0.07403487712144852,-9.605422019958496,0.901929497718811,-13.230422019958496,0.024035606533288956
680,Edited Transcript of CIO earnings conference call or presentation 1-Nov-19 3:00pm GMT,1,neutral,1,neutral,Neutral,1,0,FinGPT-Llama-3-8B-LoRA,tfns,-11.039848327636719,0.12913309037685394,-9.164848327636719,0.8420534729957581,-12.539848327636719,0.02881348319351673
681,Edited Transcript of DS earnings conference call or presentation 12-Nov-19 2:15pm GMT,1,neutral,1,neutral,Neutral,1,0,FinGPT-Llama-3-8B-LoRA,tfns,-10.883934020996094,0.11002625524997711,-8.821434020996094,0.8654236197471619,-12.383934020996094,0.02455017901957035
682,Edited Transcript of DZSI earnings conference call or presentation 12-Nov-19 10:00pm GMT,1,neutral,1,neutral,Neutral,1,0,FinGPT-Llama-3-8B-LoRA,tfns,-11.125700950622559,0.10405374318361282,-9.000700950622559,0.8712313175201416,-12.563200950622559,0.02471492998301983
683,Edited Transcript of EPR.OL earnings conference call or presentation 1-Nov-19 7:30am GMT,1,neutral,1,neutral,Neutral,1,0,FinGPT-Llama-3-8B-LoRA,tfns,-12.341577529907227,0.08281116932630539,-9.966577529907227,0.8903039693832397,-13.466577529907227,0.02688485197722912
684,Edited Transcript of FALC earnings conference call or presentation 19-Nov-19 9:30pm GMT,1,neutral,1,neutral,Neutral,1,0,FinGPT-Llama-3-8B-LoRA,tfns,-11.253071784973145,0.1154974102973938,-9.253071784973145,0.8534168601036072,-12.565571784973145,0.031085707247257233
685,Edited Transcript of GILT earnings conference call or presentation 19-Nov-19 2:30pm GMT,1,neutral,1,neutral,Neutral,1,0,FinGPT-Llama-3-8B-LoRA,tfns,-11.28797721862793,0.09878967702388763,-9.10047721862793,0.8805028796195984,-12.85047721862793,0.020707443356513977
686,Edited Transcript of GNW earnings conference call or presentation 5-Feb-20 2:00pm GMT,1,neutral,1,neutral,Neutral,1,0,FinGPT-Llama-3-8B-LoRA,tfns,-11.045242309570312,0.11592083424329758,-9.045242309570312,0.8565455675125122,-12.482742309570312,0.02753361314535141
687,Edited Transcript of GWGH earnings conference call or presentation 21-Nov-19 9:30pm GMT,1,neutral,1,neutral,Neutral,1,0,FinGPT-Llama-3-8B-LoRA,tfns,-11.1494722366333,0.11571534723043442,-9.1494722366333,0.8550271987915039,-12.5244722366333,0.02925742231309414
688,Edited Transcript of KNDI earnings conference call or presentation 12-Nov-19 1:00pm GMT,1,neutral,1,neutral,Neutral,1,0,FinGPT-Llama-3-8B-LoRA,tfns,-11.196776390075684,0.11502133309841156,-9.196776390075684,0.8498991131782532,-12.384276390075684,0.03507952764630318
689,Edited Transcript of MAGS earnings conference call or presentation 18-Nov-19 3:00pm GMT,1,neutral,1,neutral,Neutral,1,0,FinGPT-Llama-3-8B-LoRA,tfns,-11.114716529846191,0.10985231399536133,-9.052216529846191,0.8640554547309875,-12.552216529846191,0.02609221450984478
690,Edited Transcript of MPAA earnings conference call or presentation 12-Nov-19 6:00pm GMT,1,neutral,1,neutral,Neutral,1,0,FinGPT-Llama-3-8B-LoRA,tfns,-10.473739624023438,0.12808486819267273,-8.598739624023438,0.8352182507514954,-11.723739624023438,0.03669692948460579
691,Edited Transcript of NJR earnings conference call or presentation 19-Nov-19 3:00pm GMT,1,neutral,1,neutral,Neutral,1,0,FinGPT-Llama-3-8B-LoRA,tfns,-11.12153148651123,0.12913309037685394,-9.24653148651123,0.8420534729957581,-12.62153148651123,0.02881348319351673
692,Edited Transcript of ORBC earnings conference call or presentation 30-Oct-19 12:30pm GMT,1,neutral,1,neutral,Neutral,1,0,FinGPT-Llama-3-8B-LoRA,tfns,-10.73110580444336,0.12203731387853622,-8.79360580444336,0.8471068143844604,-12.10610580444336,0.03085586428642273
693,Edited Transcript of PLC.TO earnings conference call or presentation 13-Nov-19 2:30pm GMT,1,neutral,1,neutral,Neutral,1,0,FinGPT-Llama-3-8B-LoRA,tfns,-10.894290924072266,0.11592083424329758,-8.894290924072266,0.8565455675125122,-12.331790924072266,0.02753361314535141
694,Edited Transcript of QD.N earnings conference call or presentation 18-Nov-19 12:00pm GMT,1,neutral,1,neutral,Neutral,1,0,FinGPT-Llama-3-8B-LoRA,tfns,-11.91520881652832,0.09296374022960663,-9.66520881652832,0.8820154070854187,-13.22770881652832,0.02502085268497467
695,Edited Transcript of SFUN earnings conference call or presentation 18-Nov-19 12:00pm GMT,1,neutral,1,neutral,Neutral,1,0,FinGPT-Llama-3-8B-LoRA,tfns,-10.613619804382324,0.15085051953792572,-8.926119804382324,0.815490186214447,-12.113619804382324,0.033659301698207855
696,Edited Transcript of SMCI earnings conference call or presentation 6-Feb-20 10:00pm GMT,1,neutral,1,neutral,Neutral,1,0,FinGPT-Llama-3-8B-LoRA,tfns,-10.699592590332031,0.13552738726139069,-8.887092590332031,0.8302059173583984,-12.074592590332031,0.03426669165492058
697,Edited Transcript of TOY.TO earnings conference call or presentation 6-Nov-19 2:30pm GMT,1,neutral,1,neutral,Neutral,1,0,FinGPT-Llama-3-8B-LoRA,tfns,-11.407550811767578,0.09767956286668777,-9.220050811767578,0.8706085085868835,-12.532550811767578,0.03171191364526749
698,Edited Transcript of TTMI earnings conference call or presentation 30-Oct-19 8:30pm GMT,1,neutral,1,neutral,Neutral,1,0,FinGPT-Llama-3-8B-LoRA,tfns,-10.963505744934082,0.1283702701330185,-9.088505744934082,0.8370793461799622,-12.276005744934082,0.034550391137599945
699,Edited Transcript of WIZZ.L earnings conference call or presentation 13-Nov-19 9:00am GMT,1,neutral,1,neutral,Neutral,1,0,FinGPT-Llama-3-8B-LoRA,tfns,-11.832447052001953,0.08281116932630539,-9.457447052001953,0.8903039693832397,-12.957447052001953,0.02688485197722912
700,ESI Group SA reports Q3 results,1,neutral,1,neutral,Neutral,1,0,FinGPT-Llama-3-8B-LoRA,tfns,-12.43603515625,0.10674133896827698,-10.37353515625,0.8395857214927673,-13.12353515625,0.0536729171872139
701,EVI reports Q2 results,1,neutral,1,neutral,Neutral,1,0,FinGPT-Llama-3-8B-LoRA,tfns,-11.503686904907227,0.1259813904762268,-9.628686904907227,0.8215017914772034,-12.378686904907227,0.05251685157418251
702,Flurry of retailer earnings on tap,1,neutral,1,neutral,Neutral,1,0,FinGPT-Llama-3-8B-LoRA,tfns,-11.754312515258789,0.10637311637401581,-9.691812515258789,0.8366894125938416,-12.379312515258789,0.056937430053949356
703,Formula Systems reports Q3 results,1,neutral,1,neutral,Neutral,1,0,FinGPT-Llama-3-8B-LoRA,tfns,-12.104940414428711,0.11068430542945862,-10.104940414428711,0.8178525567054749,-12.542440414428711,0.07146315276622772
704,G. Willi-Food reports Q3 results,1,neutral,1,neutral,Neutral,1,0,FinGPT-Llama-3-8B-LoRA,tfns,-12.428796768188477,0.08618851751089096,-10.116296768188477,0.8704731464385986,-13.116296768188477,0.04333830624818802
705,Galaxy Next Generation reports Q1 results,1,neutral,1,neutral,Neutral,1,0,FinGPT-Llama-3-8B-LoRA,tfns,-11.977450370788574,0.10186780244112015,-9.852450370788574,0.852928638458252,-12.789950370788574,0.0452035628259182
706,General Moly reports Q3 results,1,neutral,1,neutral,Neutral,1,0,FinGPT-Llama-3-8B-LoRA,tfns,-11.537513732910156,0.13457636535167694,-9.725013732910156,0.8243801593780518,-12.725013732910156,0.041043471544981
707,Green Plains Partners Reports Fourth Quarter and Full Year 2019 Financial Results  https://t.co/Z6dgpRbycs,1,neutral,1,neutral,Neutral,1,0,FinGPT-Llama-3-8B-LoRA,tfns,-8.86892318725586,0.13717682659626007,-7.118923664093018,0.7893977761268616,-9.49392318725586,0.07342546433210373
708,HanesBrands Reports Full-Year and Fourth-Quarter 2019 Financial Results,1,neutral,1,neutral,Neutral,1,0,FinGPT-Llama-3-8B-LoRA,tfns,-12.287985801696777,0.12203731387853622,-10.350485801696777,0.8471068143844604,-13.662985801696777,0.03085586428642273
709,"Henry Schein to Webcast Fourth Quarter and Full-Year 2019 Conference Call on Thursday, February 20, 2020 at 10:00 A.M. ET",1,neutral,1,neutral,Neutral,1,0,FinGPT-Llama-3-8B-LoRA,tfns,-11.286699295043945,0.053789734840393066,-8.474199295043945,0.8956794738769531,-11.349199295043945,0.05053078010678291
710,Héroux-Devtek reports Q3 results,1,neutral,1,neutral,Neutral,1,0,FinGPT-Llama-3-8B-LoRA,tfns,-12.116735458374023,0.08116358518600464,-9.741735458374023,0.8725907802581787,-12.679235458374023,0.04624561965465546
711,How Driller Helmerich & Payne Scored a Q1 2020 Earnings Beat,1,neutral,2,positive,Positive,0,0,FinGPT-Llama-3-8B-LoRA,tfns,-11.844962120056152,0.05185037851333618,-10.344962120056152,0.23237726092338562,-9.219962120056152,0.7157723903656006
712,IEH Corporation reports Q2 results,1,neutral,1,neutral,Neutral,1,0,FinGPT-Llama-3-8B-LoRA,tfns,-11.031647682189941,0.14084123075008392,-9.281647682189941,0.8104853630065918,-12.094147682189941,0.04867342859506607
713,Insperity Q4 2019 Earnings Preview,1,neutral,1,neutral,Neutral,1,0,FinGPT-Llama-3-8B-LoRA,tfns,-10.030957221984863,0.11842438578605652,-8.093457221984863,0.8220281004905701,-10.718457221984863,0.05954752117395401
714,Intercontinental Exchange Reports Fourth Quarter & Full Year 2019,1,neutral,1,neutral,Neutral,1,0,FinGPT-Llama-3-8B-LoRA,tfns,-11.02217960357666,0.07424456626176834,-8.52217960357666,0.9044840335845947,-12.27217960357666,0.02127142623066902
715,"JD.com, Inc. Reported Third-Quarter Earnings: Here's What Analysts Think Will Happen Next",1,neutral,1,neutral,Neutral,1,0,FinGPT-Llama-3-8B-LoRA,tfns,-10.196905136108398,0.16556620597839355,-8.634405136108398,0.7898722290992737,-11.509405136108398,0.04456154257059097
716,Kaya Holdings reports Q3 results,1,neutral,1,neutral,Neutral,1,0,FinGPT-Llama-3-8B-LoRA,tfns,-11.594650268554688,0.1330256313085556,-9.782150268554688,0.8148807883262634,-12.532150268554688,0.05209358409047127
717,Lupin reports Q3 results,1,neutral,1,neutral,Neutral,1,0,FinGPT-Llama-3-8B-LoRA,tfns,-12.154141426086426,0.1383705884218216,-10.404141426086426,0.7962678074836731,-12.904141426086426,0.0653616413474083
718,Mechel PAO reports Q3 results,1,neutral,1,neutral,Neutral,1,0,FinGPT-Llama-3-8B-LoRA,tfns,-12.020927429199219,0.15332327783107758,-10.395927429199219,0.7786399126052856,-12.833427429199219,0.06803679466247559
719,Next round of notable earnings,1,neutral,1,neutral,Neutral,1,0,FinGPT-Llama-3-8B-LoRA,tfns,-12.471728324890137,0.11555393785238266,-10.596728324890137,0.7535063028335571,-12.346728324890137,0.13093975186347961
720,Northeast Community Bancorp reports Q4 results,1,neutral,1,neutral,Neutral,1,0,FinGPT-Llama-3-8B-LoRA,tfns,-12.747476577758789,0.11162160336971283,-10.747476577758789,0.8247782588005066,-13.309976577758789,0.0636000707745552
721,Notable earnings after Monday’s close,1,neutral,1,neutral,Neutral,1,0,FinGPT-Llama-3-8B-LoRA,tfns,-11.824724197387695,0.12153798341751099,-9.887224197387695,0.8436408042907715,-13.074724197387695,0.03482121601700783
722,Novoheart Holdings reports Q1 results,1,neutral,1,neutral,Neutral,1,0,FinGPT-Llama-3-8B-LoRA,tfns,-12.062148094177246,0.1743822544813156,-10.562148094177246,0.781527042388916,-13.437148094177246,0.044090740382671356
723,NVIDIA Earnings: What to Watch on Thursday,1,neutral,1,neutral,neutral,1,0,FinGPT-Llama-3-8B-LoRA,tfns,-10.164545059204102,0.18304972350597382,-8.727045059204102,0.770668089389801,-11.539545059204102,0.046282216906547546
724,Omni-Lite Industries reports Q3 results,1,neutral,1,neutral,Neutral,1,0,FinGPT-Llama-3-8B-LoRA,tfns,-12.649701118469238,0.10772991925477982,-10.587201118469238,0.8473615050315857,-13.524701118469238,0.044908516108989716
725,Orkla reports Q4 results,1,neutral,1,neutral,Neutral,1,0,FinGPT-Llama-3-8B-LoRA,tfns,-11.90909481048584,0.11797130852937698,-9.97159481048584,0.8188831806182861,-12.53409481048584,0.06314548850059509
726,PagSeguro Q3 2019 Earnings Preview,1,neutral,1,neutral,neutral,1,0,FinGPT-Llama-3-8B-LoRA,tfns,-8.982291221618652,0.10830142349004745,-6.919791221618652,0.8518567085266113,-9.982291221618652,0.039841871708631516
727,Park City Group Reports Financial Results for the Fiscal Second Quarter of 2020,1,neutral,1,neutral,Neutral,1,0,FinGPT-Llama-3-8B-LoRA,tfns,-11.60168170928955,0.15287518501281738,-9.91418170928955,0.8264354467391968,-13.60168170928955,0.020689407363533974
728,Peak Positioning Technologies reports Q3 results,1,neutral,1,neutral,Neutral,1,0,FinGPT-Llama-3-8B-LoRA,tfns,-11.991656303405762,0.10856347531080246,-9.929156303405762,0.8539179563522339,-13.054156303405762,0.03751853480935097
729,Plato Gold reports Q3 results,1,neutral,1,neutral,Neutral,1,0,FinGPT-Llama-3-8B-LoRA,tfns,-12.530436515808105,0.09170443564653397,-10.280436515808105,0.8700675368309021,-13.405436515808105,0.038228098303079605
730,Publicis Groupe S.A. reports FY results,1,neutral,1,neutral,Neutral,1,0,FinGPT-Llama-3-8B-LoRA,tfns,-11.653169631958008,0.09248650074005127,-9.403169631958008,0.8774875402450562,-12.778169631958008,0.030025972053408623
731,Q1 Earnings Preview For Nutanix,1,neutral,1,neutral,Neutral,1,0,FinGPT-Llama-3-8B-LoRA,tfns,-10.98231315612793,0.16227605938911438,-9.41981315612793,0.774175763130188,-11.91981315612793,0.06354821473360062
732,Quinsam Capital reports Q3 results,1,neutral,1,neutral,Neutral,1,0,FinGPT-Llama-3-8B-LoRA,tfns,-12.223621368408203,0.12034773081541061,-10.286121368408203,0.8353787660598755,-13.223621368408203,0.04427345469594002
733,"Ruth's Hospitality Group, Inc. to Announce Fourth Quarter and Full Year 2019 Financial Results on February 21st, 2020",1,neutral,1,neutral,Neutral,1,0,FinGPT-Llama-3-8B-LoRA,tfns,-11.714614868164062,0.036718688905239105,-8.464614868164062,0.9469874501228333,-12.527114868164062,0.01629381813108921
734,"Sally Beauty Holdings, Inc. Announces First Quarter Results",1,neutral,1,neutral,Neutral,1,0,FinGPT-Llama-3-8B-LoRA,tfns,-11.252049446105957,0.13491185009479523,-9.439549446105957,0.8264352679252625,-12.502049446105957,0.03865289315581322
735,"ServiceSource to Hold Fourth Quarter and Full Year 2019 Financial Results Call on February 20, 2020",1,neutral,1,neutral,Neutral,1,0,FinGPT-Llama-3-8B-LoRA,tfns,-10.371973991394043,0.0550832636654377,-7.559473514556885,0.9172191023826599,-11.059473991394043,0.027697604149580002
736,"Simon Property Group, Inc. Just Reported Annual Earnings: Have Analysts Changed Their Mind On The Stock?",1,neutral,-1,UNPARSEABLE,,0,1,FinGPT-Llama-3-8B-LoRA,tfns,-10.458175659179688,0.11355998367071152,-8.458175659179688,0.8391011357307434,-11.333175659179688,0.04733884707093239
737,Snap-on Announces Fourth Quarter and Full Year 2019 Results,1,neutral,1,neutral,Neutral,1,0,FinGPT-Llama-3-8B-LoRA,tfns,-12.095760345458984,0.10741879791021347,-10.033260345458984,0.8449143767356873,-12.908260345458984,0.04766681045293808
738,Sun Pharmaceuticals Industries reports Q3 results,1,neutral,1,neutral,Neutral,1,0,FinGPT-Llama-3-8B-LoRA,tfns,-11.023266792297363,0.1330256313085556,-9.210766792297363,0.8148807883262634,-11.960766792297363,0.05209358409047127
739,"Tapestry, Inc. Reports Fiscal 2020 Second Quarter Results",1,neutral,1,neutral,Neutral,1,0,FinGPT-Llama-3-8B-LoRA,tfns,-12.322392463684082,0.09211822599172592,-10.072392463684082,0.8739933967590332,-13.322392463684082,0.033888403326272964
740,The RMR Group Inc. Announces First Quarter Fiscal 2020 Results,1,neutral,1,neutral,Neutral,1,0,FinGPT-Llama-3-8B-LoRA,tfns,-12.078225135803223,0.07434038072824478,-9.578225135803223,0.9056512117385864,-13.390725135803223,0.02000844106078148
741,Twitter's Q4 Earnings Preview,1,neutral,1,neutral,Neutral,1,0,FinGPT-Llama-3-8B-LoRA,tfns,-10.165064811706543,0.16227605938911438,-8.602564811706543,0.774175763130188,-11.102564811706543,0.06354821473360062
742,Universal Electronics to Host Fourth Quarter 2019 Financial Results Conference Call on February 20th,1,neutral,1,neutral,Neutral,1,0,FinGPT-Llama-3-8B-LoRA,tfns,-11.891003608703613,0.03414985537528992,-8.578503608703613,0.9375389218330383,-12.078503608703613,0.028311222791671753
743,Upcoming #earnings conference calls https://t.co/K4KO9JYhxN $JKS $HD $URBN $LOW $M $LB $SQM $BRC $GPS $FL $DELL $DE,1,neutral,1,neutral,Neutral,1,0,FinGPT-Llama-3-8B-LoRA,tfns,-11.984658241271973,0.18417033553123474,-10.734658241271973,0.6428176164627075,-12.047158241271973,0.17301201820373535
744,Voya Financial Announces Fourth-Quarter and Full-Year 2019 Results,1,neutral,1,neutral,Neutral,1,0,FinGPT-Llama-3-8B-LoRA,tfns,-12.079870223999023,0.09767956286668777,-9.892370223999023,0.8706085085868835,-13.204870223999023,0.03171191364526749
745,West End Indiana Bancshares : 3rd Quarter 2019 Earnings Release #WestEndIndianaBancshares #Stock #MarketScreener… https://t.co/PT0kmmpmrJ,1,neutral,1,neutral,Neutral,1,0,FinGPT-Llama-3-8B-LoRA,tfns,-10.779533386230469,0.1126026138663292,-8.842033386230469,0.7816170454025269,-10.842033386230469,0.10578036308288574
746,What to Watch When Micron Reports Wednesday,1,neutral,1,neutral,Neutral,1,0,FinGPT-Llama-3-8B-LoRA,tfns,-9.413370132446289,0.34013187885284424,-8.850870132446289,0.5969500541687012,-11.100870132446289,0.06291807442903519
747,$TOPS The world could soon run out of space to store oil. That may plunge prices below zero https://t.co/4ZEUx6r7qj.,0,negative,0,negative,Negative,1,0,FinGPT-Llama-3-8B-LoRA,tfns,-9.61262321472168,0.6538166999816895,-10.30012321472168,0.32875967025756836,-13.23762321472168,0.01742362417280674
748,Can West Texas Intermediate crude fall beneath 50 cents a barrel? Someone thinks so https://t.co/cCYayTd9qW,0,negative,0,negative,Negative,1,0,FinGPT-Llama-3-8B-LoRA,tfns,-10.17018985748291,0.8026285171508789,-11.60768985748291,0.19064100086688995,-14.95143985748291,0.0067304507829248905
749,Fracking Blows Up Investors Again: Phase 2 Of The Great American Shale Oil & Gas Bust https://t.co/tsawCbV7Jn,0,negative,0,negative,Negative,1,0,FinGPT-Llama-3-8B-LoRA,tfns,-11.007043838500977,0.878623366355896,-13.007043838500977,0.11890873312950134,-16.882043838500977,0.002467872342094779
750,"Largest coal plant in the West shuts down, dealing financial losses to Native American tribes",0,negative,1,neutral,Neutral,0,0,FinGPT-Llama-3-8B-LoRA,tfns,-11.315520286560059,0.4106963872909546,-11.003020286560059,0.5613554120063782,-14.003020286560059,0.02794823981821537
751,Oil companies warn Kansas City Fed there could be widespread insolvencies https://t.co/DRXouEBf0p,0,negative,0,negative,Negative,1,0,FinGPT-Llama-3-8B-LoRA,tfns,-10.919930458068848,0.7714213132858276,-12.169930458068848,0.22101591527462006,-15.544930458068848,0.007562748622149229
752,Oil Slumps as Market Catches up with Empty Trade-Deal Talk,0,negative,0,negative,Negative,1,0,FinGPT-Llama-3-8B-LoRA,tfns,-10.703078269958496,0.9716542363166809,-14.265578269958496,0.027563709765672684,-17.82807731628418,0.0007819230086170137
753,OPEC+ Weighs Emergency Response as Oil Slumps on Virus Panic,0,negative,0,negative,Negative,1,0,FinGPT-Llama-3-8B-LoRA,tfns,-10.094277381896973,0.7482353448867798,-11.219277381896973,0.24291644990444183,-14.531777381896973,0.008848230354487896
754,Saudis Slash Oil Prices in Asia as Virus Causes Demand Shock,0,negative,-1,UNPARSEABLE,,0,1,FinGPT-Llama-3-8B-LoRA,tfns,-11.171114921569824,0.815868616104126,-12.671114921569824,0.18204490840435028,-17.13986587524414,0.0020865299738943577
755,"The U.S. cut its oil output forecast by more than 1 million barrels a day, days before OPEC and other producers mee… https://t.co/1ileJAr6cD",0,negative,-1,UNPARSEABLE,,0,1,FinGPT-Llama-3-8B-LoRA,tfns,-11.281517028808594,0.6659408807754517,-12.031517028808594,0.3145681917667389,-14.812767028808594,0.019490962848067284
756,U.K. Flash PMIs - Uncertainty Driving Economy Into Recessionary Territory. Subscribe to Seeking Alpha for more:… https://t.co/5R3pl0m4Ik,0,negative,0,negative,Negative,1,0,FinGPT-Llama-3-8B-LoRA,tfns,-9.430792808532715,0.8762080073356628,-11.430792808532715,0.1185818612575531,-14.555792808532715,0.005210123024880886
757,U.S. Shale Producers Slash Spending Once Again,0,negative,0,negative,Negative,1,0,FinGPT-Llama-3-8B-LoRA,tfns,-9.503152847290039,0.8777347207069397,-11.503152847290039,0.1187884733080864,-15.034402847290039,0.0034767375327646732
758,"$ASC - Coronavirus slowing oil product demand into China, Ardmore says https://t.co/Onv6h4wcFO",0,negative,0,negative,Negative,1,0,FinGPT-Llama-3-8B-LoRA,tfns,-11.016702651977539,0.9140094518661499,-13.391702651977539,0.08501612395048141,-17.86045265197754,0.0009744237759150565
759,$OIS - Waning Pricing Power Could Stymie Oil States. https://t.co/cv7dKthhRN #finance #stockmarket #economy,0,negative,0,negative,Negative,1,0,FinGPT-Llama-3-8B-LoRA,tfns,-11.410265922546387,0.6993741989135742,-12.285265922546387,0.29154253005981445,-15.754015922546387,0.009083284996449947
760,$XLE $NOV $XEC - Oil slides again as traders await news on OPEC+ cuts https://t.co/fM4jMDNb9U,0,negative,0,negative,Negative,1,0,FinGPT-Llama-3-8B-LoRA,tfns,-10.725969314575195,0.9692284464836121,-14.225969314575195,0.029268162325024605,-17.194719314575195,0.0015034317038953304
761,"Damned if they do, damned if they don't: Investors are punishing major oil companies for new crude reserves-and cle… https://t.co/mILVq1M0cW",0,negative,0,negative,Negative,1,0,FinGPT-Llama-3-8B-LoRA,tfns,-11.082986831665039,0.6238504648208618,-11.645486831665039,0.3554592728614807,-14.489236831665039,0.02069021202623844
762,Empty LNG tankers are idling off Qatar as China slows imports amid the virus outbreak https://t.co/Vhf6L9WRYU,0,negative,-1,UNPARSEABLE,,0,1,FinGPT-Llama-3-8B-LoRA,tfns,-10.96352481842041,0.6762714385986328,-11.71352481842041,0.3194480240345001,-16.026025772094727,0.004280601628124714
763,Energy Down After Coronavirus-Case Estimate Revision -- Energy Roundup #economy #MarketScreener… https://t.co/VUfTEliqBC,0,negative,-1,UNPARSEABLE,,0,1,FinGPT-Llama-3-8B-LoRA,tfns,-9.61832046508789,0.8833412528038025,-11.68082046508789,0.11230423301458359,-14.93082046508789,0.0043545076623559
764,Gasoline futures tumbled 17%to touch 50 cents a gallon for the first time since 2001 https://t.co/IEY9r0mWBR https://t.co/VDR92rHToO,0,negative,0,negative,Negative,1,0,FinGPT-Llama-3-8B-LoRA,tfns,-9.510461807250977,0.9811073541641235,-13.510461807250977,0.017969608306884766,-16.479211807250977,0.0009230535360984504
765,GlobalData : Pemex in no position to maintain output profitably regardless of OPEC+ reques... #GlobalData #economy… https://t.co/gkm88jCriu,0,negative,0,negative,Negative,1,0,FinGPT-Llama-3-8B-LoRA,tfns,-9.6011381149292,0.7213991284370422,-10.6011381149292,0.2653879225254059,-13.6011381149292,0.01321288663893938
766,"Natural Gas $UNG sharp sell-off past month seeing over 15,000 April $17 ITM calls open into weakness today",0,negative,0,negative,Negative,1,0,FinGPT-Llama-3-8B-LoRA,tfns,-10.044767379760742,0.794959545135498,-11.419767379760742,0.2009972482919693,-15.326017379760742,0.004043219145387411
767,Natural Gas Finally Starting To Buckle Against The Broader Market Liquidation. https://t.co/I7Uxy9MOlT #stocks #stockmarket #business,0,negative,0,negative,Negative,1,0,FinGPT-Llama-3-8B-LoRA,tfns,-11.345921516418457,0.8414891362190247,-13.033421516418457,0.15565983951091766,-17.03342056274414,0.0028510121628642082
768,Oil drops 5% https://t.co/QTBfZT68Ti https://t.co/JQ8jsuuMhI,0,negative,0,negative,Negative,1,0,FinGPT-Llama-3-8B-LoRA,tfns,-10.997400283813477,0.9729670882225037,-14.622400283813477,0.025928694754838943,-17.778650283813477,0.001104176975786686
769,Oil drops https://t.co/xb3srmfsWj https://t.co/I5DioT0KQk,0,negative,0,negative,Negative,1,0,FinGPT-Llama-3-8B-LoRA,tfns,-10.739786148071289,0.8917715549468994,-12.864786148071289,0.10650692880153656,-16.98978614807129,0.0017215241678059101
770,Oil expert: 'We're looking at a worst case scenario of a $41 a barrel' https://t.co/mTxDKbjfej by @GreteSuarez https://t.co/I9FfdG1OxC,0,negative,0,negative,Negative,1,0,FinGPT-Llama-3-8B-LoRA,tfns,-10.200724601745605,0.8750931620597839,-12.200724601745605,0.1184309795498848,-15.106974601745605,0.006475852802395821
771,Oil futures fall below $50 a barrel to settle at lowest in more than a year https://t.co/2bTUny1QEA,0,negative,0,negative,Negative,1,0,FinGPT-Llama-3-8B-LoRA,tfns,-9.91757583618164,0.9566578269004822,-13.04257583618164,0.04203261062502861,-16.51132583618164,0.0013095660833641887
772,Oil Prices' Hard Landing Initializing Descent. Continue reading: https://t.co/4zqKuKP70N #markets #business #economy,0,negative,0,negative,Negative,1,0,FinGPT-Llama-3-8B-LoRA,tfns,-11.393145561218262,0.7712361812591553,-12.643145561218262,0.22096286714076996,-15.986895561218262,0.007800943683832884
773,"Oil spikes, U.S. stock futures sink after Iranian general killed in airstrike https://t.co/T1MV2H4a2z",0,negative,0,negative,Negative,1,0,FinGPT-Llama-3-8B-LoRA,tfns,-11.371009826660156,0.9172523021697998,-13.871009826660156,0.07529265433549881,-16.183509826660156,0.0074549829587340355
774,Saudi Arabia tanker power play could backfire as oil demand shrinks https://t.co/NccWYluy4I https://t.co/5u2SO81qM2,0,negative,-1,UNPARSEABLE,,0,1,FinGPT-Llama-3-8B-LoRA,tfns,-10.83613109588623,0.7225208878517151,-11.83613109588623,0.2658006250858307,-14.96113109588623,0.011678462848067284
775,"WTI Extends Losses After Unexpected Crude Inventory Rise, Huge Product Build https://t.co/OYinFBsrnc",0,negative,-1,UNPARSEABLE,,0,1,FinGPT-Llama-3-8B-LoRA,tfns,-10.767569541931152,0.969926118850708,-14.330069541931152,0.027514688670635223,-16.705068588256836,0.002559266984462738
776,Equinor Boosts Climate Targets as Oil Output Hits Record,2,positive,1,neutral,Neutral,0,0,FinGPT-Llama-3-8B-LoRA,tfns,-9.388582229614258,0.26193323731422424,-8.701082229614258,0.5209164619445801,-9.576082229614258,0.21715028584003448
777,"Exxon: Shale Production Growth is Through the Roof, and It's Just Getting Started",2,positive,2,positive,Positive,1,0,FinGPT-Llama-3-8B-LoRA,tfns,-12.0292329788208,0.04912053793668747,-10.7167329788208,0.18250495195388794,-9.2792329788208,0.768374502658844
778,Lumber futures rally as producers cut output https://t.co/WsTaphOfvv,2,positive,2,positive,Positive,1,0,FinGPT-Llama-3-8B-LoRA,tfns,-13.647459983825684,0.021382924169301987,-14.334959983825684,0.010752011090517044,-9.834959983825684,0.9678651094436646
779,Oil - The Shale Treadmill Is Going To Be A Thing Of Beauty. https://t.co/Efdq6nuU9b #stockmarket #economy #investing,2,positive,2,positive,Positive,1,0,FinGPT-Llama-3-8B-LoRA,tfns,-10.644953727722168,0.04332013055682182,-8.644953727722168,0.32009488344192505,-7.95745325088501,0.636584997177124
780,Oil kicks off week with gains on fresh hopes for U.S.-China trade talks #economy #MarketScreener… https://t.co/8QB6hKz9lI,2,positive,2,positive,Positive,1,0,FinGPT-Llama-3-8B-LoRA,tfns,-12.277982711791992,0.012166211381554604,-11.715482711791992,0.021352365612983704,-7.90298318862915,0.9664813876152039
781,"Oil nears three-month high as trade hopes, UK election lift sentiment",2,positive,2,positive,Positive,1,0,FinGPT-Llama-3-8B-LoRA,tfns,-14.376784324645996,0.009026279672980309,-14.189284324645996,0.010887772776186466,-9.689284324645996,0.9800859689712524
782,Oil pared losses amid signs that Saudi Arabia and Russia are making progress toward an agreement to curb crude outp… https://t.co/d8GzSKGYQE,2,positive,-1,UNPARSEABLE,,0,1,FinGPT-Llama-3-8B-LoRA,tfns,-12.019749641418457,0.04909233748912811,-11.019749641418457,0.1334468126296997,-9.207249641418457,0.817460834980011
783,Oil rises for a second day as OPEC+ weighs coronavirus action,2,positive,2,positive,Positive,1,0,FinGPT-Llama-3-8B-LoRA,tfns,-14.817502975463867,0.012957455590367317,-14.380002975463867,0.020068898797035217,-10.505002975463867,0.9669737219810486
784,U.S. Oil Prices Edge Up as Traders Look to OPEC+ Meeting #WhitingPetroleum #Stock #MarketScreener… https://t.co/DVuLjISijw,2,positive,2,positive,Positive,1,0,FinGPT-Llama-3-8B-LoRA,tfns,-10.43460464477539,0.011775583028793335,-8.93460464477539,0.052774496376514435,-6.059605121612549,0.9354499578475952
785,"Futures for Brent crude, a global benchmark, jumped 3.3% to $68.44 per barrel during Asian trading hours on Friday,… https://t.co/lHjTlVf46c",2,positive,2,positive,Positive,1,0,FinGPT-Llama-3-8B-LoRA,tfns,-12.6823148727417,0.003571081440895796,-12.1198148727417,0.006267443299293518,-7.057315349578857,0.9901614189147949
786,Guyana is set to become a top oil producer with a newly-discovered offshore oil field. Insights via @CMEGroup https://t.co/RMDfHqqRm4,2,positive,2,positive,Positive,1,0,FinGPT-Llama-3-8B-LoRA,tfns,-13.105836868286133,0.013704740442335606,-10.793336868286133,0.1384129822254181,-8.980836868286133,0.8478822708129883
787,Investment in Canada's oil-sands is forecast to grow for the first time since prices crashed in 2014 https://t.co/DiGWq1zdvr,2,positive,2,positive,Positive,1,0,FinGPT-Llama-3-8B-LoRA,tfns,-12.191170692443848,0.02276313677430153,-10.503670692443848,0.12305636703968048,-8.566170692443848,0.8541804552078247
788,JUST RELEASED: Oil Price Dynamics Report Oil prices rose over the past week owing to decreased supply.… https://t.co/GDfcDZqNZ0,2,positive,2,positive,Positive,1,0,FinGPT-Llama-3-8B-LoRA,tfns,-12.73598575592041,0.012236327864229679,-12.48598575592041,0.01571175642311573,-8.36098575592041,0.9720519185066223
789,Natural Gas And The Electric Power Sector: Mostly Bullish Signals. https://t.co/d1pDLS2Ej5 #markets #stocks #economy,2,positive,2,positive,Positive,1,0,FinGPT-Llama-3-8B-LoRA,tfns,-14.429878234863281,0.01583307422697544,-11.523628234863281,0.2895566523075104,-10.648628234863281,0.6946102976799011
790,Oil held near $50 a barrel in New York on signs that OPEC and its allies probably won't go ahead with a much-touted… https://t.co/LXi5faZhIf,2,positive,-1,UNPARSEABLE,,0,1,FinGPT-Llama-3-8B-LoRA,tfns,-10.12670612335205,0.17455241084098816,-9.00170612335205,0.5376592874526978,-9.62670612335205,0.2877883017063141
791,"Oil prices soar after a U.S. air strike in Baghdad killed the head of Iran's elite Quds Force, raising concerns tha… https://t.co/982TZUwI2F",2,positive,-1,UNPARSEABLE,,0,1,FinGPT-Llama-3-8B-LoRA,tfns,-12.320457458496094,0.09214621782302856,-12.382957458496094,0.0865633636713028,-10.132957458496094,0.8212903738021851
792,"Oil prices surge after the U.S. kills Iran's top commander in an airstrike, Brent crude nears $70 a barrel.… https://t.co/H127IQcfte",2,positive,-1,UNPARSEABLE,,0,1,FinGPT-Llama-3-8B-LoRA,tfns,-12.351304054260254,0.035983722656965256,-12.351304054260254,0.035983722656965256,-9.101304054260254,0.9280324578285217
793,Oil rises for third day as coronavirus impact may spur output cuts #economy #MarketScreener https://t.co/8mQEa5vMRv https://t.co/AuaBTevMHr,2,positive,-1,UNPARSEABLE,,0,1,FinGPT-Llama-3-8B-LoRA,tfns,-13.625575065612793,0.021157996729016304,-13.625575065612793,0.021157996729016304,-9.813075065612793,0.9576840996742249
794,$UNG $WMB $XLE - U.S. oil firms vented or flared record amount of gas in 2018 https://t.co/JxF5CcvNyo,2,positive,0,negative,Negative,0,0,FinGPT-Llama-3-8B-LoRA,tfns,-8.371532440185547,0.8332183957099915,-10.059032440185547,0.15412990748882294,-12.559032440185547,0.012651752680540085
795,Bipartisan Group Of US Lawmakers Introduce Bill Providing $3B To Buy Oil To Fill Strategic Petroleum Reserve $SPY… https://t.co/pBI3Mk19e7,2,positive,2,positive,Positive,1,0,FinGPT-Llama-3-8B-LoRA,tfns,-9.543807029724121,0.09880053997039795,-8.231307029724121,0.36708852648735046,-7.856306552886963,0.5341109037399292
796,$COMDX: Energy Settlement Prices https://t.co/FTQnDmL7t5,1,neutral,1,neutral,Neutral,1,0,FinGPT-Llama-3-8B-LoRA,tfns,-9.112141609191895,0.16349691152572632,-7.5496416091918945,0.7800000905990601,-10.174641609191895,0.056503020226955414
797,$XLE: Sector Briefing: Energy https://t.co/JU4fcO0cpl,1,neutral,1,neutral,Neutral,1,0,FinGPT-Llama-3-8B-LoRA,tfns,-9.43118953704834,0.22342446446418762,-8.24368953704834,0.7325806617736816,-11.05618953704834,0.04399488493800163
798,Chinese Gas Buyer CNOOC Declares Force Majeure on LNG Contracts,1,neutral,1,neutral,Neutral,1,0,FinGPT-Llama-3-8B-LoRA,tfns,-9.578782081604004,0.6270310282707214,-10.141282081604004,0.3572714924812317,-13.266282081604004,0.0156974159181118
799,Crude Oil Price Forecast – Could Oil Markets Take A Hit,1,neutral,1,neutral,neutral,1,0,FinGPT-Llama-3-8B-LoRA,tfns,-6.658018112182617,0.7023702263832092,-7.595518112182617,0.27505213022232056,-10.095518112182617,0.02257765643298626
800,"Exxon and Papua New Guinea should return to LNG negotiating table, says Total CEO",1,neutral,1,neutral,Neutral,1,0,FinGPT-Llama-3-8B-LoRA,tfns,-12.418487548828125,0.06595141440629959,-9.980987548828125,0.7547739744186401,-11.418487548828125,0.1792745441198349
801,Oil Price Fundamental Daily Forecast – Lack of Details Over Trade Deal Progress Capping Prices,1,neutral,-1,UNPARSEABLE,,0,1,FinGPT-Llama-3-8B-LoRA,tfns,-9.00191593170166,0.5858964920043945,-9.37691593170166,0.402680367231369,-12.93941593170166,0.011423163115978241
802,Oil traders and sellers are looking at floating storage as they grapple with the effects of coronavirus https://t.co/dSRKUccfEB,1,neutral,1,neutral,Neutral,1,0,FinGPT-Llama-3-8B-LoRA,tfns,-9.674328804016113,0.5001330971717834,-9.736828804016113,0.46983158588409424,-12.486828804016113,0.03003532625734806
803,OPEC+ Extends Virus Crisis Talks as Russia Resists Oil Cuts,1,neutral,-1,UNPARSEABLE,,0,1,FinGPT-Llama-3-8B-LoRA,tfns,-11.490675926208496,0.27763551473617554,-10.553175926208496,0.7089670896530151,-14.521925926208496,0.013397379778325558
804,Russia Asks for Time as OPEC+ Technocrats Recommend Oil Cut,1,neutral,1,neutral,Neutral,1,0,FinGPT-Llama-3-8B-LoRA,tfns,-10.809948921203613,0.4259028732776642,-10.559948921203613,0.5468701124191284,-13.559948921203613,0.02722705900669098
805,"Starting next year, jet fuel suppliers in Norway must blend 0.5% of biofuel in all their aviation fuel, a policy th… https://t.co/qE7kEu9aEv",1,neutral,2,positive,Positive,0,0,FinGPT-Llama-3-8B-LoRA,tfns,-9.641623497009277,0.11541574448347092,-8.079123497009277,0.5506176948547363,-8.579123497009277,0.33396652340888977
806,"U.S. rig count stays flat, Baker Hughes reports",1,neutral,1,neutral,Neutral,1,0,FinGPT-Llama-3-8B-LoRA,tfns,-14.539741516113281,0.024066584184765816,-10.852241516113281,0.9613363146781921,-15.039741516113281,0.014597119763493538
807,$UNG $DGAZ $UGAZ - Natural gas inventory draw in-line with estimates https://t.co/bdJKXSH7Ye,1,neutral,1,neutral,Neutral,1,0,FinGPT-Llama-3-8B-LoRA,tfns,-12.198204040527344,0.044176891446113586,-9.510704040527344,0.649174690246582,-10.260704040527344,0.3066484332084656
808,$USO $XLE $OIL - No oil market fix from today's G-20 meeting https://t.co/la6aPsRBh6,1,neutral,0,negative,Negative,0,0,FinGPT-Llama-3-8B-LoRA,tfns,-10.17789077758789,0.7758050560951233,-11.42789077758789,0.2222718745470047,-16.17789077758789,0.0019230286125093699
809,December bump in oil prices not enough to salvage energy earnings #Samp;P500 #economy #MarketScreener… https://t.co/oi6a3rLykt,1,neutral,0,negative,Negative,0,0,FinGPT-Llama-3-8B-LoRA,tfns,-9.186140060424805,0.7990424633026123,-10.686140060424805,0.1782904714345932,-12.748640060424805,0.022667089477181435
810,"Despite OPEC+ deal collapse, Saudi oil exports yet to rise-sources https://t.co/kPGWllrMqi https://t.co/47FpVRrhMY",1,neutral,-1,UNPARSEABLE,,0,1,FinGPT-Llama-3-8B-LoRA,tfns,-11.185419082641602,0.33066585659980774,-10.622919082641602,0.5803366899490356,-12.497919082641602,0.08899751305580139
811,Ecuador awards 20.2 mln barrel oil supply contract to Shell unit #economy #MarketScreener https://t.co/f9C9uAR7lG https://t.co/KrI5G5eZJO,1,neutral,1,neutral,Neutral,1,0,FinGPT-Llama-3-8B-LoRA,tfns,-10.702296257019043,0.07333344221115112,-8.639796257019043,0.576812207698822,-9.139796257019043,0.34985432028770447
812,"In oil market standoff with Saudi Arabia, weakened rouble helps Russia #SaudiArabianOil #Stock #MarketScreener… https://t.co/wj5c7AaMXF",1,neutral,1,neutral,Neutral,1,0,FinGPT-Llama-3-8B-LoRA,tfns,-9.151253700256348,0.26783257722854614,-8.838753700256348,0.3660837411880493,-8.838753700256348,0.3660837411880493
813,LHN : Moscow Exchange to launch natural gas futures #LHN #Stock #MarketScreener https://t.co/3F477DYamU https://t.co/KrqtIuhvoO,1,neutral,1,neutral,Neutral,1,0,FinGPT-Llama-3-8B-LoRA,tfns,-12.09109878540039,0.08601091057062149,-9.96609878540039,0.7201604843139648,-11.27859878540039,0.19382856786251068
814,News Highlights : Top Energy News of the Day #WTI #Stock #MarketScreener https://t.co/N5y62YFanH https://t.co/DKGKz9lvWI,1,neutral,1,neutral,Neutral,1,0,FinGPT-Llama-3-8B-LoRA,tfns,-10.880992889404297,0.23466052114963531,-9.818492889404297,0.6790127158164978,-11.880992889404297,0.08632677048444748
815,News Highlights : Top Energy News of the Day #WTI #Stock #MarketScreener https://t.co/xtZKbd5J1L https://t.co/KsI3MoSvPq,1,neutral,1,neutral,Neutral,1,0,FinGPT-Llama-3-8B-LoRA,tfns,-10.914950370788574,0.2591632306575775,-9.977450370788574,0.661796510219574,-12.102450370788574,0.07904031872749329
816,Oil - Low Refinery Throughput Does Not Appear To Be A Structural Issue Just Yet. Follow this and any other stock on… https://t.co/kmQg86qyXL,1,neutral,1,neutral,Neutral,1,0,FinGPT-Llama-3-8B-LoRA,tfns,-9.831907272338867,0.2693083584308624,-9.331907272338867,0.44401440024375916,-9.769407272338867,0.2866772711277008
817,Oil workers from the United States are leaving Iraq after Iranian military leader Qasem Soleimani was killed in a U… https://t.co/MFcBJAERvs,1,neutral,-1,UNPARSEABLE,,0,1,FinGPT-Llama-3-8B-LoRA,tfns,-10.879936218261719,0.4824824631214142,-11.567436218261719,0.24260741472244263,-11.442436218261719,0.27491021156311035
818,OPEC and Russia postponed a meeting that could end a price war and reduce a supply glut that has driven oil futures… https://t.co/FfJ65bScoJ,1,neutral,-1,UNPARSEABLE,,0,1,FinGPT-Llama-3-8B-LoRA,tfns,-9.918317794799805,0.733785092830658,-10.980817794799805,0.25358936190605164,-13.980817794799805,0.012625469826161861
819,OPEC+ will adjust its output target and redistribute production cuts between its members under pressure from Saudi… https://t.co/9LLzyIDWqG,1,neutral,-1,UNPARSEABLE,,0,1,FinGPT-Llama-3-8B-LoRA,tfns,-10.142065048217773,0.27419447898864746,-9.517065048217773,0.5122627019882202,-10.392065048217773,0.2135428637266159
820,"Saudi Arabia and Kuwait have authorized the restart of oil production at the Wafra field from Sunday, more than fou… https://t.co/QzwNno2qrE",1,neutral,-1,UNPARSEABLE,,0,1,FinGPT-Llama-3-8B-LoRA,tfns,-10.004951477050781,0.10910797119140625,-8.629951477050781,0.4315303862094879,-8.567451477050781,0.4593617022037506
821,Saudi Arabia is reviewing its plan for life after oil with Crown Prince Mohammed bin Salman said to be unsatisfied… https://t.co/oWcSqo1dE1,1,neutral,1,neutral,Neutral,1,0,FinGPT-Llama-3-8B-LoRA,tfns,-11.003559112548828,0.31526675820350647,-10.441059112548828,0.5533104538917542,-11.878559112548828,0.131422758102417
822,"The FRED Blog plots the spot price of oil (West Texas Intermediate) against the 5-year, 5-year forward expected inf… https://t.co/KPO4aknMBx",1,neutral,1,neutral,Neutral,1,0,FinGPT-Llama-3-8B-LoRA,tfns,-8.312066078186035,0.2077215611934662,-7.124565601348877,0.6810930967330933,-8.937066078186035,0.11118534207344055
823,The Oil Price War: A 3-Ring Circus. https://t.co/IBrJTQmcvM #stockmarket #trading #economy,1,neutral,1,neutral,Neutral,1,0,FinGPT-Llama-3-8B-LoRA,tfns,-12.072755813598633,0.4412508010864258,-11.885255813598633,0.5322500467300415,-14.885255813598633,0.026499168947339058
824,The Oil to Toilet Paper price ratio has never been this low,1,neutral,1,neutral,Neutral,1,0,FinGPT-Llama-3-8B-LoRA,tfns,-10.490031242370605,0.33894503116607666,-9.865031242370605,0.6332326531410217,-12.990031242370605,0.027822302654385567
825,The world's largest oil producers are groping their way toward a deal on who's willing to cut production and by how… https://t.co/zhXJENTilz,1,neutral,-1,UNPARSEABLE,,0,1,FinGPT-Llama-3-8B-LoRA,tfns,-10.616713523864746,0.17522284388542175,-9.616713523864746,0.4763050377368927,-9.929213523864746,0.3484721779823303
826,Trump says US will 'help Mexico along' with its OPEC+ production cuts. https://t.co/NdNXHiJV3E,1,neutral,1,neutral,Neutral,1,0,FinGPT-Llama-3-8B-LoRA,tfns,-11.090155601501465,0.15510645508766174,-10.027655601501465,0.44881537556648254,-10.152655601501465,0.3960781693458557
827,U.S. should stop preventing Iran from selling oil - Iran foreign minister #economy #MarketScreener… https://t.co/KXV6FrmF1S,1,neutral,1,neutral,Neutral,1,0,FinGPT-Llama-3-8B-LoRA,tfns,-8.920716285705566,0.15308289229869843,-7.733216285705566,0.5019394755363464,-8.108216285705566,0.34497764706611633
828,Upstream Service Sector In The New Sub-$40/bbl Brent Environment. https://t.co/AiurrUmXJP #trading #finance #markets,1,neutral,1,neutral,Neutral,1,0,FinGPT-Llama-3-8B-LoRA,tfns,-11.1303071975708,0.5298753976821899,-11.3178071975708,0.4392821490764618,-13.9740571975708,0.03084244392812252
829,"$HOLX: Hologic sees Q2 below consensus, withdraws FY 20 guidance https://t.co/GXnXlLa9uZ",0,negative,0,negative,Negative,1,0,FinGPT-Llama-3-8B-LoRA,tfns,-12.11286735534668,0.9102447628974915,-14.45661735534668,0.08735354244709015,-18.05036735534668,0.002401788253337145
830,$IART - Integra LifeSciences sees drop in Q1 revenue amid COVID-19 https://t.co/E7Eo6ADSvu,0,negative,0,negative,Negative,1,0,FinGPT-Llama-3-8B-LoRA,tfns,-11.614250183105469,0.9082087874412537,-13.926750183105469,0.08992484956979752,-17.80175018310547,0.0018663306254893541
831,$NSTG - NanoString Q1 top line shy of guidance amid COVID-19 https://t.co/zst2W9TDhE,0,negative,-1,UNPARSEABLE,,0,1,FinGPT-Llama-3-8B-LoRA,tfns,-11.801200866699219,0.884929358959198,-13.863700866699219,0.11250612884759903,-17.64495086669922,0.0025644854176789522
832,"$PRCP - Perceptron EPS misses by $0.02, misses on revenue https://t.co/jNVJq3onzx",0,negative,0,negative,Negative,1,0,FinGPT-Llama-3-8B-LoRA,tfns,-11.486186027526855,0.4684165418148041,-11.361186027526855,0.5307855010032654,-17.861186981201172,0.0007980029913596809
833,$PXLW: Pixelworks reports prelim Q1 revs below consensus https://t.co/xPleDhctYT,0,negative,0,negative,Negative,1,0,FinGPT-Llama-3-8B-LoRA,tfns,-11.584065437316895,0.7959310412406921,-12.959065437316895,0.20124289393424988,-17.224689483642578,0.002826073905453086
834,"$RLGT - Radiant Logistics EPS misses by $0.04, misses on revenue https://t.co/6PdH5dGuBC",0,negative,0,negative,Negative,1,0,FinGPT-Llama-3-8B-LoRA,tfns,-10.988563537597656,0.606594979763031,-11.426063537597656,0.3916471600532532,-16.832313537597656,0.0017578849801793694
835,$SILC: Silicom Limited sees Q1 revs below consensus https://t.co/wGtSELbYrm,0,negative,-1,UNPARSEABLE,,0,1,FinGPT-Llama-3-8B-LoRA,tfns,-11.949953079223633,0.8414891362190247,-13.637453079223633,0.15565983951091766,-17.637453079223633,0.0028510093688964844
836,$SPNE: SeaSpine reports prelim Q1 revs below consensus; withdraws FY20 guidance https://t.co/260zcwPGAX,0,negative,0,negative,Negative,1,0,FinGPT-Llama-3-8B-LoRA,tfns,-11.676657676696777,0.8910736441612244,-13.801657676696777,0.10642357170581818,-17.551658630371094,0.002502840245142579
837,"Affimed EPS misses by €0.03, misses on revenue",0,negative,0,negative,Negative,1,0,FinGPT-Llama-3-8B-LoRA,tfns,-10.383441925048828,0.5771961212158203,-10.695941925048828,0.42228567600250244,-17.399066925048828,0.0005181746673770249
838,BJ's Wholesale lowers 2019 sales outlook to approximately $12.9 bln from $12.9 bln-$13.2 bln,0,negative,0,negative,Negative,1,0,FinGPT-Llama-3-8B-LoRA,tfns,-11.115373611450195,0.8722454905509949,-13.052873611450195,0.12565888464450836,-17.146623611450195,0.002095560310408473
839,"Brixmor Property FFO misses by $0.01, misses on revenue",0,negative,0,negative,Negative,1,0,FinGPT-Llama-3-8B-LoRA,tfns,-10.558664321899414,0.5152887105941772,-10.621164321899414,0.48406898975372314,-17.246164321899414,0.0006422532605938613
840,"Brookfield Business Partners L.P. EPS misses by $1.41, misses on revenue",0,negative,0,negative,Negative,1,0,FinGPT-Llama-3-8B-LoRA,tfns,-10.090493202209473,0.6069942116737366,-10.527993202209473,0.39190492033958435,-16.40299415588379,0.001100779278203845
841,"Caterpillar Inc.'s 2020 profit outlook trailed analysts' estimates, with the heavy-equipment saying continued econo... https://t.co/xbEWT86BAc",0,negative,-1,UNPARSEABLE,,0,1,FinGPT-Llama-3-8B-LoRA,tfns,-11.71546459197998,0.9211660623550415,-14.21546459197998,0.07561391592025757,-17.371715545654297,0.0032200259156525135
842,Coach owner Tapestry cuts profit forecast on coronavirus hit,0,negative,0,negative,Negative,1,0,FinGPT-Llama-3-8B-LoRA,tfns,-10.554908752441406,0.9391571283340454,-13.304908752441406,0.060038305819034576,-17.617408752441406,0.0008045137510634959
843,"CoreSite Realty FFO misses by $0.01, misses on revenue",0,negative,0,negative,Negative,1,0,FinGPT-Llama-3-8B-LoRA,tfns,-10.364974975585938,0.46844998002052307,-10.239974975585938,0.5308233499526978,-16.833724975585938,0.0007266425527632236
844,Kellogg sees 2020 adj. currency-neutral EPS down 3%-4%,0,negative,0,negative,Negative,1,0,FinGPT-Llama-3-8B-LoRA,tfns,-11.39548110961914,0.6781711578369141,-12.14548110961914,0.32034537196159363,-17.52048110961914,0.0014834933681413531
845,Kohl's Q3 EPS 78 cents vs. 98 cents,0,negative,0,negative,Negative,1,0,FinGPT-Llama-3-8B-LoRA,tfns,-12.218883514404297,0.663866400718689,-12.906383514404297,0.33381298184394836,-17.875133514404297,0.002320612082257867
846,Kohl's Q3 revenue $4.625 bln vs. $4.628 bln; FactSet consensus $4.399 bln,0,negative,-1,UNPARSEABLE,,0,1,FinGPT-Llama-3-8B-LoRA,tfns,-10.856527328491211,0.3714003562927246,-10.481527328491211,0.5403843522071838,-12.294027328491211,0.08821531385183334
847,Macy's Q3 same-store sales down 3.5%,0,negative,0,negative,Negative,1,0,FinGPT-Llama-3-8B-LoRA,tfns,-11.122204780578613,0.8262267112731934,-12.684704780578613,0.1731865257024765,-18.372203826904297,0.0005867656436748803
848,National Oilwell Varco EPS of -$1.01,0,negative,1,neutral,Neutral,0,0,FinGPT-Llama-3-8B-LoRA,tfns,-11.966228485107422,0.25524139404296875,-10.903728485107422,0.7385653853416443,-15.684978485107422,0.006193248089402914
849,"New Jersey Resources EPS misses by $0.33, misses on revenue",0,negative,0,negative,Negative,1,0,FinGPT-Llama-3-8B-LoRA,tfns,-10.362225532531738,0.6364400386810303,-10.924725532531738,0.3626325726509094,-16.893476486206055,0.0009274088661186397
850,New York Times sees Q1 ad revenue down about 10%,0,negative,0,negative,Negative,1,0,FinGPT-Llama-3-8B-LoRA,tfns,-11.475604057312012,0.9145349264144897,-13.850604057312012,0.08506499230861664,-19.209978103637695,0.0004001329652965069
851,"Nordic American Tankers EPS misses by $0.04, misses on revenue",0,negative,0,negative,Negative,1,0,FinGPT-Llama-3-8B-LoRA,tfns,-11.328010559082031,0.48409682512283325,-11.265510559082031,0.5153183937072754,-18.04676055908203,0.0005848118453286588
852,Penn National EPS of -$0.80,0,negative,1,neutral,Neutral,0,0,FinGPT-Llama-3-8B-LoRA,tfns,-10.366883277893066,0.29263800382614136,-9.491883277893066,0.7020021080970764,-14.366883277893066,0.0053598517552018166
853,"PPDAI Group EPS misses by $0.0452, misses on revenue",0,negative,0,negative,Negative,1,0,FinGPT-Llama-3-8B-LoRA,tfns,-10.610661506652832,0.6364213228225708,-11.173161506652832,0.36262190341949463,-17.110660552978516,0.0009568216628395021
854,"Ship Finance EPS misses by $0.18, misses on revenue",0,negative,0,negative,Negative,1,0,FinGPT-Llama-3-8B-LoRA,tfns,-10.475464820861816,0.6220715641975403,-10.975464820861816,0.3773054778575897,-17.381715774536133,0.0006230080034583807
855,"Suburban Propane Partners EPS misses by $0.02, misses on revenue",0,negative,0,negative,Negative,1,0,FinGPT-Llama-3-8B-LoRA,tfns,-10.219310760498047,0.6072572469711304,-10.656810760498047,0.3920747637748718,-17.031810760498047,0.0006679462967440486
856,Target Hospitality Corp. Just Missed EPS By 34%: Here's What Analysts Think Will Happen Next,0,negative,-1,UNPARSEABLE,,0,1,FinGPT-Llama-3-8B-LoRA,tfns,-10.229130744934082,0.8779930472373962,-12.291630744934082,0.11162427812814713,-14.666630744934082,0.01038267556577921
857,ThermoGenesis misses on revenue,0,negative,0,negative,Negative,1,0,FinGPT-Llama-3-8B-LoRA,tfns,-10.47270393371582,0.935895562171936,-13.16020393371582,0.0636884942650795,-18.19145393371582,0.000415926770074293
858,"Tyson Foods EPS misses by $0.01, misses on revenue",0,negative,0,negative,Negative,1,0,FinGPT-Llama-3-8B-LoRA,tfns,-10.248861312866211,0.4996579885482788,-10.248861312866211,0.4996579885482788,-16.84261131286621,0.0006839803536422551
859,Tyson Foods Q1 prepared foods sales fell 3.1% to $2.14 bln,0,negative,0,negative,Negative,1,0,FinGPT-Llama-3-8B-LoRA,tfns,-9.593857765197754,0.9455808401107788,-12.468857765197754,0.053346022963523865,-16.37510871887207,0.0010730965295806527
860,"Vir Biotechnology EPS misses by $0.52, misses on revenue",0,negative,0,negative,Negative,1,0,FinGPT-Llama-3-8B-LoRA,tfns,-10.219635009765625,0.5152782797813416,-10.282135009765625,0.4840591251850128,-16.875885009765625,0.0006626271060667932
861,"Volkswagen cuts profit, sales forecasts as autos downturn bites",0,negative,0,negative,Negative,1,0,FinGPT-Llama-3-8B-LoRA,tfns,-10.378765106201172,0.9094492793083191,-12.691265106201172,0.0900476723909378,-17.878765106201172,0.0005030021420679986
862,Zynga (ZNGA) Q4 Earnings Miss Estimates - Nasdaq,0,negative,0,negative,Negative,1,0,FinGPT-Llama-3-8B-LoRA,tfns,-10.043539047241211,0.8588258624076843,-11.856039047241211,0.1401994675397873,-16.82478904724121,0.0009746431605890393
863,"$ANGO: AngioDynamics beats by $0.02, beats on revs; withdraws FY20 guidance https://t.co/aNS8ghvyjy",2,positive,-1,UNPARSEABLE,,0,1,FinGPT-Llama-3-8B-LoRA,tfns,-14.877083778381348,0.014017454348504543,-13.377083778381348,0.0628218725323677,-10.689583778381348,0.9231606721878052
864,"$BHF - Brighthouse Financial EPS beats by $0.27, beats on revenue https://t.co/hMLskSiNCP",2,positive,2,positive,Positive,1,0,FinGPT-Llama-3-8B-LoRA,tfns,-14.304143905639648,0.010781620629131794,-12.022893905639648,0.10554030537605286,-9.897893905639648,0.883678138256073
865,"$CHGG - Chegg EPS beats by $0.06, beats on revenue https://t.co/ymtDWb33bD",2,positive,2,positive,Positive,1,0,FinGPT-Llama-3-8B-LoRA,tfns,-14.778647422790527,0.011391513980925083,-12.497397422790527,0.11151048541069031,-10.434897422790527,0.8770979642868042
866,"$IIVI - II-VI EPS in-line, beats on revenue https://t.co/CXUZw29Z3g",2,positive,2,positive,Positive,1,0,FinGPT-Llama-3-8B-LoRA,tfns,-13.335406303405762,0.02410496398806572,-10.647906303405762,0.35421982407569885,-10.085406303405762,0.6216751933097839
867,"$JCOM - j2 Global EPS beats by $0.01, beats on revenue https://t.co/i7AKcjCVj2",2,positive,2,positive,Positive,1,0,FinGPT-Llama-3-8B-LoRA,tfns,-14.44046401977539,0.012771012261509895,-12.00296401977539,0.14615648984909058,-10.25296401977539,0.8410725593566895
868,"$MIME - Mimecast EPS beats by $0.02, beats on revenue https://t.co/W0BN0AakK6",2,positive,2,positive,Positive,1,0,FinGPT-Llama-3-8B-LoRA,tfns,-14.703274726867676,0.010191301815211773,-11.984524726867676,0.15451399981975555,-10.297024726867676,0.835294783115387
869,$PSMT: PriceSmart announced that for the month of March 2020 net merchandise sales increased 17.1% to $306.1... https://t.co/fjoxrpZfZ9,2,positive,-1,UNPARSEABLE,,0,1,FinGPT-Llama-3-8B-LoRA,tfns,-11.640179634094238,0.12445119768381119,-10.702679634094238,0.3177972435951233,-10.140179634094238,0.5577515363693237
870,"$SGH - SMART Global EPS beats by $0.02, beats on revenue https://t.co/Fyds4oELv7",2,positive,2,positive,Positive,1,0,FinGPT-Llama-3-8B-LoRA,tfns,-14.539024353027344,0.009169238619506359,-12.320274353027344,0.08431874215602875,-9.945274353027344,0.9065119624137878
871,Ã‚Â Chegg Reports 2019 Financial Results and Raises 2020 Guidance,2,positive,2,positive,Positive,1,0,FinGPT-Llama-3-8B-LoRA,tfns,-12.912137031555176,0.061567485332489014,-10.662137031555176,0.5841360688209534,-11.162137031555176,0.3542964458465576
872,"Albany EPS beats by $0.24, beats on revenue",2,positive,2,positive,Positive,1,0,FinGPT-Llama-3-8B-LoRA,tfns,-14.312153816223145,0.008693698793649673,-11.593403816223145,0.13180828094482422,-9.718403816223145,0.8594979643821716
873,"Becton Dickinson Earnings, Revenue Beat in Q1",2,positive,2,positive,Positive,1,0,FinGPT-Llama-3-8B-LoRA,tfns,-14.394104957580566,0.009839862585067749,-11.800354957580566,0.13165588676929474,-9.925354957580566,0.8585042357444763
874,"Blackbaud EPS beats by $0.01, beats on revenue",2,positive,2,positive,Positive,1,0,FinGPT-Llama-3-8B-LoRA,tfns,-14.684946060180664,0.00948517769575119,-11.841196060180664,0.16295598447322845,-10.216196060180664,0.8275588154792786
875,Chipotle Earnings Highlight Strong Business Momentum,2,positive,2,positive,Positive,1,0,FinGPT-Llama-3-8B-LoRA,tfns,-13.620292663574219,0.009457549080252647,-11.432792663574219,0.08429421484470367,-9.057792663574219,0.9062482118606567
876,"Construction Partners EPS in-line, beats on revenue",2,positive,2,positive,Positive,1,0,FinGPT-Llama-3-8B-LoRA,tfns,-14.75175666809082,0.015810638666152954,-11.28300666809082,0.5074676275253296,-11.34550666809082,0.47672173380851746
877,Equinor fourth-quarter profit beats forecast amid oilfield startup,2,positive,2,positive,Positive,1,0,FinGPT-Llama-3-8B-LoRA,tfns,-13.479093551635742,0.020776327699422836,-12.854093551635742,0.038815293461084366,-9.666593551635742,0.94040846824646
878,"Euroseas EPS beats by $0.02, beats on revenue",2,positive,2,positive,Positive,1,0,FinGPT-Llama-3-8B-LoRA,tfns,-13.983057022094727,0.00945966225117445,-11.295557022094727,0.13900871574878693,-9.483057022094727,0.8515315651893616
879,"EVI Industries Sets Records for Revenue, Gross Profit and Operating Cash Flow for Second Quarter of Fiscal 2020",2,positive,2,positive,Positive,1,0,FinGPT-Llama-3-8B-LoRA,tfns,-13.127148628234863,0.009554052725434303,-9.939648628234863,0.23147350549697876,-8.752148628234863,0.7589724063873291
880,Fiat Chrysler fourth-quarter lifted by North America business to meet expectations,2,positive,2,positive,Positive,1,0,FinGPT-Llama-3-8B-LoRA,tfns,-13.006470680236816,0.014446886256337166,-10.693970680236816,0.14590837061405182,-8.943970680236816,0.8396447896957397
881,Geely's Volvo posts 18% rise in fourth-quarter profit,2,positive,2,positive,Positive,1,0,FinGPT-Llama-3-8B-LoRA,tfns,-13.466054916381836,0.020317187532782555,-10.903554916381836,0.2634773254394531,-9.903554916381836,0.7162055373191833
882,Home Depot Q3 comparable-store sales in U.S. up 3.8%,2,positive,2,positive,Positive,1,0,FinGPT-Llama-3-8B-LoRA,tfns,-14.30420970916748,0.01934390515089035,-11.92920970916748,0.20796656608581543,-10.61670970916748,0.7726895213127136
883,"II-VI EPS in-line, beats on revenue",2,positive,2,positive,Positive,1,0,FinGPT-Llama-3-8B-LoRA,tfns,-13.68840217590332,0.02711167186498642,-10.96965217590332,0.4110497832298279,-10.65715217590332,0.5618384480476379
884,Just Energy (JE) Tops Q3 Earnings Estimates,2,positive,-1,UNPARSEABLE,,0,1,FinGPT-Llama-3-8B-LoRA,tfns,-12.506004333496094,0.006216680631041527,-10.068504333496094,0.07114613801240921,-7.506004333496094,0.9226371645927429
885,"LexinFintech EPS in-line, beats on revenue",2,positive,1,neutral,Neutral,0,0,FinGPT-Llama-3-8B-LoRA,tfns,-13.468842506408691,0.026807907968759537,-10.375092506408691,0.5913729667663574,-10.812592506408691,0.38181909918785095
886,Madison Square Garden Q2 EPS $3.93 vs. $3.42,2,positive,2,positive,Positive,1,0,FinGPT-Llama-3-8B-LoRA,tfns,-14.974141120910645,0.019526075571775436,-11.849141120910645,0.44441142678260803,-11.661641120910645,0.536062479019165
887,Nokia posts surprise fourth-quarter profit rise on cost cuts,2,positive,2,positive,Positive,1,0,FinGPT-Llama-3-8B-LoRA,tfns,-13.342835426330566,0.018534502014517784,-11.780335426330566,0.08842316269874573,-9.467835426330566,0.8930423259735107
888,"OneMain Holdings EPS beats by $0.21, beats on revenue",2,positive,2,positive,Positive,1,0,FinGPT-Llama-3-8B-LoRA,tfns,-14.661182403564453,0.006323243025690317,-11.786182403564453,0.11208216845989227,-9.723682403564453,0.8815945982933044
889,"PJT Partners EPS beats by $0.11, beats on revenue",2,positive,2,positive,Positive,1,0,FinGPT-Llama-3-8B-LoRA,tfns,-14.587696075439453,0.006285760551691055,-11.931446075439453,0.0895266905426979,-9.618946075439453,0.9041875600814819
890,Popeyes Chicken Sandwich Causes Sales to Jump 42% Higher,2,positive,2,positive,Positive,1,0,FinGPT-Llama-3-8B-LoRA,tfns,-14.899648666381836,0.007155524101108313,-12.430898666381836,0.08449011296033859,-10.055898666381836,0.9083543419837952
891,"QIWI plc EPS beats by $0.15, beats on revenue",2,positive,2,positive,Positive,1,0,FinGPT-Llama-3-8B-LoRA,tfns,-15.361610412597656,0.005983059294521809,-12.486610412597656,0.10605226457118988,-10.361610412597656,0.8879647254943848
892,Rapid7 (RPD) Q4 Earnings and Revenues Beat Estimates,2,positive,2,positive,Positive,1,0,FinGPT-Llama-3-8B-LoRA,tfns,-14.557007789611816,0.005536530166864395,-12.119507789611816,0.0633622407913208,-9.432007789611816,0.9311012625694275
893,"Regeneron Pharmaceuticals EPS beats by $0.59, beats on revenue",2,positive,2,positive,Positive,1,0,FinGPT-Llama-3-8B-LoRA,tfns,-15.105146408081055,0.005726470611989498,-12.355146408081055,0.0895770713686943,-10.042646408081055,0.9046963453292847
894,"RMR Group EPS beats by $0.01, beats on revenue",2,positive,2,positive,Positive,1,0,FinGPT-Llama-3-8B-LoRA,tfns,-14.755082130432129,0.007053964305669069,-11.880082130432129,0.12503451108932495,-9.942582130432129,0.8679114580154419
895,"Samsung first-quarter beats estimates; chips likely to prop up virus-hit second-quarter - Reuters

https://t.co/ogYnZF6u6X",2,positive,2,positive,Positive,1,0,FinGPT-Llama-3-8B-LoRA,tfns,-13.07281494140625,0.011944761499762535,-11.88531494140625,0.03916536644101143,-8.69781494140625,0.9488899111747742
896,Sanofi eyes more EPS growth this year as it narrows focus,2,positive,2,positive,Positive,1,0,FinGPT-Llama-3-8B-LoRA,tfns,-14.079928398132324,0.01107153482735157,-11.392428398132324,0.1626950055360794,-9.767428398132324,0.826233446598053
897,Skechers Announces Record Fourth Quarter Sales of $1.33 Billion and Record Annual Sales of $5.22 Billion in 2019,2,positive,1,neutral,neutral,0,0,FinGPT-Llama-3-8B-LoRA,tfns,-11.613603591918945,0.015935618430376053,-7.988603591918945,0.5979796648025513,-8.426103591918945,0.3860846757888794
898,Strong cash flow keeps Total's fourth-quarter net profit steady,2,positive,1,neutral,Neutral,0,0,FinGPT-Llama-3-8B-LoRA,tfns,-12.442469596862793,0.03018234111368656,-9.379969596862793,0.6453268527984619,-10.067469596862793,0.3244907259941101
899,The Estée Lauder Companies Delivers Exceptional Fiscal 2020 Second Quarter Results,2,positive,2,positive,Positive,1,0,FinGPT-Llama-3-8B-LoRA,tfns,-12.336867332458496,0.01289279479533434,-9.649367332458496,0.18945825099945068,-8.211867332458496,0.7976489663124084
900,TJX raises 2020 EPS outlook to $2.61-$2.63 from $2.56-$2.61,2,positive,2,positive,Positive,1,0,FinGPT-Llama-3-8B-LoRA,tfns,-16.010883331298828,0.015035661868751049,-14.010882377624512,0.11109944432973862,-11.948382377624512,0.8738648295402527
901,"Transurban : 1st Half Profit Up 46%, Increased Traffic Drives Toll Revenue Rise #Transurban #Stock #MarketScreener… https://t.co/246Nl7a9j3",2,positive,-1,UNPARSEABLE,,0,1,FinGPT-Llama-3-8B-LoRA,tfns,-11.364803314208984,0.014717520214617252,-9.739803314208984,0.07474173605442047,-7.239803314208984,0.910540759563446
902,"Twitter notches first $1 billion quarterly revenue, beating estimates",2,positive,2,positive,Positive,1,0,FinGPT-Llama-3-8B-LoRA,tfns,-13.055167198181152,0.010705716907978058,-10.492667198181152,0.13883385062217712,-8.680167198181152,0.850460410118103
903,"Twitter tops user, sales expectations for 4Q",2,positive,2,positive,Positive,1,0,FinGPT-Llama-3-8B-LoRA,tfns,-11.596628189086914,0.06839846074581146,-9.846628189086914,0.3936059772968292,-9.534128189086914,0.5379955768585205
904,UPDATE: New York Times beats earnings estimates for Q4 as subscriptions rise,2,positive,2,positive,Positive,1,0,FinGPT-Llama-3-8B-LoRA,tfns,-14.239767074584961,0.016868429258465767,-11.927267074584961,0.1703650951385498,-10.364767074584961,0.812766432762146
905,UPL Q3 Results: Profit  Meets Estimates As Latin American Markets Shine,2,positive,2,positive,Positive,1,0,FinGPT-Llama-3-8B-LoRA,tfns,-11.72388744354248,0.014845539815723896,-8.16138744354248,0.5233232975006104,-8.28638744354248,0.4618311822414398
906,"Viomi Technology EPS beats by $0.01, beats on revenue",2,positive,2,positive,Positive,1,0,FinGPT-Llama-3-8B-LoRA,tfns,-14.40622615814209,0.009196032769978046,-11.53122615814209,0.16300354897975922,-9.90622615814209,0.8278003931045532
907,"Volvo Cars posts rise in fourth-quarter profit, helped by cost cuts and sales growth",2,positive,2,positive,Positive,1,0,FinGPT-Llama-3-8B-LoRA,tfns,-15.909497261047363,0.007276251912117004,-13.065747261047363,0.1250065118074417,-11.128247261047363,0.8677171468734741
908,Yum! Brands Reports Solid Fourth-Quarter Results and Completion of Strategic Transformation; System Sales Growth of 10%; Same-Store Sales Growth of 2%; GAAP Operating Profit Decline of (26)%; Core Operating Profit Growth of 14%,2,positive,1,neutral,Neutral,0,0,FinGPT-Llama-3-8B-LoRA,tfns,-13.21817398071289,0.04205702617764473,-10.40567398071289,0.7003123760223389,-11.40567398071289,0.2576305568218231
909,"$FRT - Federal REIT FFO misses by $0.02, beats on revenue https://t.co/uldAfaa7ba",1,neutral,1,neutral,Neutral,1,0,FinGPT-Llama-3-8B-LoRA,tfns,-12.442541122436523,0.16179722547531128,-10.817541122436523,0.8216741681098938,-14.723791122436523,0.016528626903891563
910,"$MESA - Mesa Air EPS beats by $0.01, misses on revenue https://t.co/yPRqsm3RG5",1,neutral,1,neutral,Neutral,1,0,FinGPT-Llama-3-8B-LoRA,tfns,-11.899279594421387,0.35691016912460327,-11.336779594421387,0.626396894454956,-14.961779594421387,0.016692910343408585
911,"$MOH - Molina Healthcare EPS beats by $0.07, misses on revenue https://t.co/a6bdVyNm88",1,neutral,1,neutral,Neutral,1,0,FinGPT-Llama-3-8B-LoRA,tfns,-12.535396575927734,0.20666815340518951,-11.222896575927734,0.7678653597831726,-14.629146575927734,0.025466514751315117
912,BJ's Wholesale Q3 adj. EPS 41 cents; FactSet consensus 40 cents,1,neutral,2,positive,Positive,0,0,FinGPT-Llama-3-8B-LoRA,tfns,-12.328014373779297,0.012121127918362617,-9.578014373779297,0.18960635364055634,-8.140514373779297,0.7982725501060486
913,"CAE EPS beats by C$0.02, misses on revenue",1,neutral,1,neutral,Neutral,1,0,FinGPT-Llama-3-8B-LoRA,tfns,-13.600573539733887,0.09427586197853088,-11.350573539733887,0.8944644927978516,-15.725573539733887,0.011259646154940128
914,"Domtar EPS misses by $0.05,  revenue in-line",1,neutral,0,negative,Negative,0,0,FinGPT-Llama-3-8B-LoRA,tfns,-7.9043354988098145,0.8432255983352661,-9.591835021972656,0.1559811234474182,-14.873085021972656,0.0007933307788334787
915,Estee Lauder Q2 adj. EPS $2.11; FactSet consensus $1.90,1,neutral,2,positive,Positive,0,0,FinGPT-Llama-3-8B-LoRA,tfns,-13.727473258972168,0.013179372064769268,-12.164973258972168,0.06287527084350586,-9.477473258972168,0.9239453673362732
916,"FirstEnergy EPS beats by $0.05, misses on revenue",1,neutral,1,neutral,Neutral,1,0,FinGPT-Llama-3-8B-LoRA,tfns,-13.39055347442627,0.07894202321767807,-10.95305347442627,0.9034436345100403,-14.89055347442627,0.017614347860217094
917,Kellogg 2020 FactSet EPS consensus is $4.03; 2019 currency-neutral adj. EPS was $4.00,1,neutral,1,neutral,Neutral,1,0,FinGPT-Llama-3-8B-LoRA,tfns,-10.966958999633789,0.06532786041498184,-8.341958999633789,0.9018232226371765,-11.654458999633789,0.03284890949726105
918,"Lowe's EPS beats by $0.06, misses on revenue",1,neutral,1,neutral,Neutral,1,0,FinGPT-Llama-3-8B-LoRA,tfns,-14.037013053894043,0.08330658823251724,-11.662013053894043,0.8956302404403687,-15.412013053894043,0.02106320485472679
919,"Molina Healthcare EPS beats by $0.07, misses on revenue",1,neutral,1,neutral,Neutral,1,0,FinGPT-Llama-3-8B-LoRA,tfns,-13.640745162963867,0.09364532679319382,-11.390745162963867,0.8884821534156799,-15.296995162963867,0.01787252351641655
920,"Nokia EPS beats by €0.02, misses on revenue",1,neutral,1,neutral,Neutral,1,0,FinGPT-Llama-3-8B-LoRA,tfns,-13.509567260742188,0.16313780844211578,-11.884567260742188,0.8284822106361389,-16.478317260742188,0.008379979059100151
921,Philip Morris profit and sales top estimates but tobacco company offers soft guidance,1,neutral,1,neutral,Neutral,1,0,FinGPT-Llama-3-8B-LoRA,tfns,-11.869993209838867,0.36566847562789917,-11.557493209838867,0.4998095631599426,-12.869993209838867,0.13452193140983582
922,SoftBank's Oyo reveals over $330 million annual loss; revenue surges https://t.co/sboVq3nnEm https://t.co/FNiIij62NJ,1,neutral,-1,UNPARSEABLE,,0,1,FinGPT-Llama-3-8B-LoRA,tfns,-11.680147171020508,0.47909045219421387,-11.617647171020508,0.5099891424179077,-15.461397171020508,0.01092047430574894
923,"The Buckle, Inc. Reports January 2020 Net Sales",1,neutral,1,neutral,Neutral,1,0,FinGPT-Llama-3-8B-LoRA,tfns,-12.056184768676758,0.1945503205060959,-10.681184768676758,0.769461452960968,-13.743684768676758,0.03598819300532341
924,"Twin River Worldwide Holdings, Inc. Just Missed EPS By 44%: Here's What Analysts Think Will Happen Next",1,neutral,-1,UNPARSEABLE,,0,1,FinGPT-Llama-3-8B-LoRA,tfns,-9.009872436523438,0.7804286479949951,-10.322372436523438,0.21004952490329742,-13.416122436523438,0.009521888568997383
925,"Virco Manufacturing EPS beats by $0.14, misses on revenue",1,neutral,1,neutral,Neutral,1,0,FinGPT-Llama-3-8B-LoRA,tfns,-13.687081336975098,0.11134161055088043,-11.624581336975098,0.8757696747779846,-15.843331336975098,0.012888727709650993
926,AUD/USD Weekly Price Forecast – Australian Dollar Slams Into Resistance,0,negative,1,neutral,Neutral,0,0,FinGPT-Llama-3-8B-LoRA,tfns,-8.859638214111328,0.578514814376831,-9.234638214111328,0.3976070284843445,-12.047138214111328,0.023878159001469612
927,EUR/USD Price Forecast – Euro Looks Likely To Break Down,0,negative,0,negative,Negative,1,0,FinGPT-Llama-3-8B-LoRA,tfns,-9.117284774780273,0.9351935982704163,-11.804784774780273,0.06364072114229202,-15.804784774780273,0.0011656205169856548
928,Euro pinned near 10-day lows as outlook bleak - SI https://t.co/kPqleNJhIY,0,negative,0,negative,Negative,1,0,FinGPT-Llama-3-8B-LoRA,tfns,-10.32376480102539,0.8977025747299194,-12.51126480102539,0.10071943700313568,-16.66751480102539,0.0015778904780745506
929,The Euro Is A Structural Short As BoJo’s Landslide Victory Ensures The U.K.’s Exit From the E.U.,0,negative,1,neutral,neutral,0,0,FinGPT-Llama-3-8B-LoRA,tfns,-9.044100761413574,0.3952438533306122,-8.731600761413574,0.5402343273162842,-10.856600761413574,0.06452178955078125
930,U.S. Dollar Index Futures (DX) Technical Analysis – Looking for Break into Retracement Zone at 97.630 to 97.472,0,negative,1,neutral,Neutral,0,0,FinGPT-Llama-3-8B-LoRA,tfns,-9.068428993225098,0.3219816982746124,-8.443428993225098,0.6015409827232361,-10.505928993225098,0.07647734880447388
931,Canadian dollar climbs to 11-day high amid coronavirus optimism #economy #MarketScreener https://t.co/8ohQPiXekn https://t.co/z98FjTKvFr,2,positive,2,positive,Positive,1,0,FinGPT-Llama-3-8B-LoRA,tfns,-13.221382141113281,0.021703898906707764,-12.283882141113281,0.05542284622788429,-9.471382141113281,0.9228732585906982
932,EUR/USD Failure of 1-2-3 Pattern Might be Bullish,2,positive,2,positive,Positive,1,0,FinGPT-Llama-3-8B-LoRA,tfns,-11.037492752075195,0.15134677290916443,-10.287492752075195,0.320401132106781,-9.787492752075195,0.528252124786377
933,GBP/JPY Price Forecast – British Pound Gaps Higher After Election Results,2,positive,2,positive,Positive,1,0,FinGPT-Llama-3-8B-LoRA,tfns,-11.236910820007324,0.051528993993997574,-10.674410820007324,0.09043619781732559,-8.424410820007324,0.8580347895622253
934,GBP/USD – Pound Soars as Conservatives Cruise to Majority,2,positive,2,positive,Positive,1,0,FinGPT-Llama-3-8B-LoRA,tfns,-12.008112907409668,0.029793759807944298,-11.633112907409668,0.04334966465830803,-8.570612907409668,0.9268566370010376
935,Pound Jumps To The Highest This Year As Boris Johnson Heads For Majority,2,positive,2,positive,Positive,1,0,FinGPT-Llama-3-8B-LoRA,tfns,-14.828373908996582,0.009922819212079048,-13.453373908996582,0.03924551233649254,-10.265873908996582,0.9508317112922668
936,"South Africa's rand firmer as risk takers return, stocks up 3.29% #economy #MarketScreener https://t.co/c8xg62L0XF https://t.co/e1g8OtVhBZ",2,positive,2,positive,Positive,1,0,FinGPT-Llama-3-8B-LoRA,tfns,-13.416288375854492,0.019202595576643944,-12.353788375854492,0.055564552545547485,-9.541288375854492,0.9252328872680664
937,USD/JPY Forecast: USD to Consolidate Against JPY - DailyForex.com,2,positive,1,neutral,neutral,0,0,FinGPT-Llama-3-8B-LoRA,tfns,-9.179824829101562,0.31920313835144043,-8.492324829101562,0.634811282157898,-11.117324829101562,0.04598557576537132
938,USD/JPY Weekly Price Forecast – Dollar Continues To Test Resistance,2,positive,1,neutral,Neutral,0,0,FinGPT-Llama-3-8B-LoRA,tfns,-9.421603202819824,0.3768830895423889,-9.109103202819824,0.5151380896568298,-10.671603202819824,0.10797881335020065
939,Dollar mixed versus major rivals after January jobs report,1,neutral,1,neutral,Neutral,1,0,FinGPT-Llama-3-8B-LoRA,tfns,-13.611809730529785,0.10554030537605286,-11.486809730529785,0.883678138256073,-15.893059730529785,0.010781620629131794
940,"EUR/USD Mid-Session Technical Analysis for December 17, 2019",1,neutral,-1,UNPARSEABLE,,0,1,FinGPT-Llama-3-8B-LoRA,tfns,-11.855183601379395,0.2564641833305359,-10.917683601379395,0.6549042463302612,-12.917683601379395,0.08863164484500885
941,EUR/USD Price Forecast – Euro Continues To Grind Towards Resistance,1,neutral,1,neutral,Neutral,1,0,FinGPT-Llama-3-8B-LoRA,tfns,-9.837898254394531,0.20937617123126984,-8.775398254394531,0.6058500409126282,-9.962898254394531,0.18477380275726318
942,Japan Seen Needing U.S. Help to Check China’s Digital Yuan,1,neutral,1,neutral,Neutral,1,0,FinGPT-Llama-3-8B-LoRA,tfns,-9.526266098022461,0.6919314861297607,-10.401266098022461,0.28843995928764343,-13.088766098022461,0.019628586247563362
943,"Volatility still remains near all-time lows across some major currency pairs, including the euro versus the dollar,… https://t.co/nZbJPUWFdn",1,neutral,1,neutral,Neutral,1,0,FinGPT-Llama-3-8B-LoRA,tfns,-10.621827125549316,0.2628611922264099,-9.871827125549316,0.5564771294593811,-10.996827125549316,0.18066167831420898
944,A Health Check of India Shadow Banks Points to Prolonged Trouble,0,negative,0,negative,Negative,1,0,FinGPT-Llama-3-8B-LoRA,tfns,-10.501615524291992,0.5450208187103271,-10.689115524291992,0.4518381357192993,-15.657865524291992,0.0031411030795425177
945,American farmers are already suffering for lack of exports (via @bopinion) https://t.co/kmIhRwtJ4x,0,negative,0,negative,Negative,1,0,FinGPT-Llama-3-8B-LoRA,tfns,-11.940271377563477,0.9005071520805359,-14.190271377563477,0.09491275250911713,-17.221521377563477,0.0045800418592989445
946,Banks undergoing 'real stress test' as recession fears continue https://t.co/lY9UvWu4yE by @bcheungz https://t.co/aJbqRFxRQY,0,negative,0,negative,Negative,1,0,FinGPT-Llama-3-8B-LoRA,tfns,-11.745340347290039,0.8231408596038818,-13.307840347290039,0.17253969609737396,-16.99534034729004,0.0043194470927119255
947,Business tax payments will hit a record low this year,0,negative,0,negative,Negative,1,0,FinGPT-Llama-3-8B-LoRA,tfns,-9.282723426818848,0.5803366303443909,-9.845223426818848,0.33066582679748535,-11.157723426818848,0.0889975056052208
948,Canada's economy could end up being the big loser as a rail strike drags on https://t.co/aGYaQzTAD8,0,negative,0,negative,Negative,1,0,FinGPT-Llama-3-8B-LoRA,tfns,-11.776693344116211,0.7480252385139465,-12.901693344116211,0.2428482472896576,-16.18294334411621,0.009126540273427963
949,Caution Abounds Even as Emerging Markets Ready Year-Ending Rally,0,negative,1,neutral,Neutral,0,0,FinGPT-Llama-3-8B-LoRA,tfns,-10.515376091003418,0.34686535596847534,-9.890376091003418,0.6480297446250916,-14.734126091003418,0.00510482769459486
950,China M&A Bankers Face Another Grim Year,0,negative,0,negative,Negative,1,0,FinGPT-Llama-3-8B-LoRA,tfns,-8.971160888671875,0.8657569289207458,-10.846160888671875,0.13276812434196472,-15.346160888671875,0.0014749207766726613
951,Coronavirus pandemic has driven a very 'ample' market correction: former European Central Bank chief… https://t.co/dSD0FhQt36,0,negative,0,negative,Negative,1,0,FinGPT-Llama-3-8B-LoRA,tfns,-9.965108871459961,0.5793529748916626,-10.340108871459961,0.39818307757377625,-13.215108871459961,0.022463951259851456
952,Coronavirus will probably destroy one of the stock market's biggest crutches https://t.co/6PAfslV0ul by @BrianSozzi https://t.co/yFTXFTKQV0,0,negative,0,negative,Negative,1,0,FinGPT-Llama-3-8B-LoRA,tfns,-11.449563980102539,0.7486366629600525,-12.574563980102539,0.24304674565792084,-15.949563980102539,0.008316602557897568
953,Every Bubble Eventually Finds Its Pin https://t.co/E3LesbBMP1,0,negative,1,neutral,Neutral,0,0,FinGPT-Llama-3-8B-LoRA,tfns,-11.293258666992188,0.40222877264022827,-10.918258666992188,0.5852394104003906,-14.762008666992188,0.012531819753348827
954,Here is a list of companies that have suspended dividends or stopped stock buybacks in April https://t.co/JUYLRQJyGp,0,negative,0,negative,Negative,1,0,FinGPT-Llama-3-8B-LoRA,tfns,-11.475899696350098,0.7417135238647461,-12.538399696350098,0.25632935762405396,-17.413400650024414,0.0019570968579500914
955,"Highlight: ""We're gonna see companies start to report results and I think it's gonna look ugly,"" @FBBCap's Mike Bai… https://t.co/gdtm8YBxPc",0,negative,0,negative,Negative,1,0,FinGPT-Llama-3-8B-LoRA,tfns,-10.713747024536133,0.8381463885307312,-12.401247024536133,0.15504148602485657,-15.526247024536133,0.006812048144638538
956,New #IMFBlog by @GitaGopinath shows #COVID19 is already impacting the US economy with unprecedented speed and sever… https://t.co/1M3rfTmYSi,0,negative,0,negative,Negative,1,0,FinGPT-Llama-3-8B-LoRA,tfns,-10.268444061279297,0.8298085927963257,-11.955944061279297,0.15349915623664856,-14.174694061279297,0.016692258417606354
957,"Only 11% of quant funds are ahead of their benchmark YTD, underperforming by 3.2ppt: BofA",0,negative,0,negative,Negative,1,0,FinGPT-Llama-3-8B-LoRA,tfns,-9.686847686767578,0.8147657513618469,-11.186847686767578,0.1817988157272339,-15.155597686767578,0.003435459453612566
958,Small U.S. businesses were already struggling. Then coronavirus hit https://t.co/hT3SLBlI3c https://t.co/vMqjAebRe4,0,negative,-1,UNPARSEABLE,,0,1,FinGPT-Llama-3-8B-LoRA,tfns,-11.588783264160156,0.794752299785614,-12.963783264160156,0.20094484090805054,-16.807533264160156,0.00430286256596446
959,Survey: 1 in 6 shoppers are still paying off last year's holiday debt https://t.co/AA08zAofod by @SJAsymkos https://t.co/di37aiduNS,0,negative,0,negative,Negative,1,0,FinGPT-Llama-3-8B-LoRA,tfns,-12.306632041931152,0.5457582473754883,-12.494132041931152,0.4524495005607605,-18.025381088256836,0.001792169758118689
960,Tech War Set To Deepen As China Stockpiles US Chips Amid 'Silicon Curtain' Threat  https://t.co/sMw7Z0Xo3w,0,negative,-1,UNPARSEABLE,,0,1,FinGPT-Llama-3-8B-LoRA,tfns,-9.194075584411621,0.5558632612228394,-9.631575584411621,0.3588922917842865,-11.069075584411621,0.08524439483880997
961,"The days of extraordinary market returns are over, says BlackRock https://t.co/gJu52JoL8J",0,negative,0,negative,Negative,1,0,FinGPT-Llama-3-8B-LoRA,tfns,-10.775797843933105,0.561394214630127,-11.025797843933105,0.4372142255306244,-16.775798797607422,0.0013915556482970715
962,"The dual shocks of the Saudi-Russian oil price war and the Covid-19 pandemic could put 500,000 Albertans out of wor… https://t.co/FUepZVgKx2",0,negative,0,negative,Negative,1,0,FinGPT-Llama-3-8B-LoRA,tfns,-9.883062362670898,0.8139715194702148,-11.383062362670898,0.18162159621715546,-15.101812362670898,0.004406916908919811
963,The Fraud That Is ESG Strikes Again: Six Of Top 10 ESG Funds Underperform The S&P500  https://t.co/rHbzc3YyMu,0,negative,0,negative,Negative,1,0,FinGPT-Llama-3-8B-LoRA,tfns,-8.067764282226562,0.8151708245277405,-9.567764282226562,0.18188919126987457,-13.692764282226562,0.0029399648774415255
964,"The job loss reflected in Friday's report is a shock that is unprecedented, as is the uncertainty surrounding it-wh… https://t.co/zqYuNg31Kb",0,negative,0,negative,Negative,1,0,FinGPT-Llama-3-8B-LoRA,tfns,-11.039251327514648,0.7939170002937317,-12.414251327514648,0.20073364675045013,-16.03925132751465,0.005349370650947094
965,"Trader Warns ""The Rally Is Crumbling Below The Surface"" https://t.co/kdxXwZGizy",0,negative,0,negative,Negative,1,0,FinGPT-Llama-3-8B-LoRA,tfns,-9.875167846679688,0.7751935124397278,-11.125167846679688,0.22209666669368744,-15.531417846679688,0.0027097673155367374
966,"Turkish banks refuse to lend to Istanbul, hey here's an idea: let's open it up to the European idiots who will buy… https://t.co/oimo5fD1IB",0,negative,1,neutral,Neutral,0,0,FinGPT-Llama-3-8B-LoRA,tfns,-8.239526748657227,0.39187705516815186,-8.052026748657227,0.47269392013549805,-9.302026748657227,0.13542908430099487
967,Videoconferences Zoom Toward Market-Boom Reckoning. https://t.co/kbPZdZj8DF #stocks #trading #economy,0,negative,1,neutral,Neutral,0,0,FinGPT-Llama-3-8B-LoRA,tfns,-11.138561248779297,0.4467739164829254,-11.076061248779297,0.4755883514881134,-12.888561248779297,0.07763766497373581
968,"$USA $CRF $SCHX - U.S. is past the peak, economy to reopen shortly - JPMorgan https://t.co/V97lqc11yV",2,positive,2,positive,Positive,1,0,FinGPT-Llama-3-8B-LoRA,tfns,-13.510059356689453,0.01709642820060253,-12.447559356689453,0.04947015643119812,-9.510059356689453,0.9334333539009094
969,Conditions for stock picking are improving as shares of big U.S. companies have begun to diverge https://t.co/Xrl2GkXhyW,2,positive,2,positive,Positive,1,0,FinGPT-Llama-3-8B-LoRA,tfns,-12.8781156539917,0.025181293487548828,-10.6281156539917,0.23891346156597137,-9.5031156539917,0.7359052896499634
970,"Highlight: ""You're seeing some level of optimism, just because we've come way off the lows,"" @colonymktstrat says.… https://t.co/CdkwSBZK9H",2,positive,2,positive,Positive,1,0,FinGPT-Llama-3-8B-LoRA,tfns,-13.326164245605469,0.035871367901563644,-10.826164245605469,0.4370027482509613,-10.638664245605469,0.527125895023346
971,"Highlight: Berenberg reiterates its 'Buy' rating on $BYND. ""I think the most exciting part is the growth potential,… https://t.co/7HhrL3mt4s",2,positive,-1,UNPARSEABLE,,0,1,FinGPT-Llama-3-8B-LoRA,tfns,-14.26969051361084,0.017779266461730003,-12.89469051361084,0.07031836360692978,-10.33219051361084,0.9119023680686951
972,"Highlight: Goldman Sachs predicts that gold will reach $1,600 an ounce by 2020. “$1,600 is gonna be a footnote,” sa… https://t.co/DFzhAByZ6Y",2,positive,-1,UNPARSEABLE,,0,1,FinGPT-Llama-3-8B-LoRA,tfns,-10.176121711730957,0.06553739309310913,-8.613621711730957,0.31266146898269653,-7.926122188568115,0.6218011975288391
973,Navigant Research Report Shows Commercial Lighting Controls Revenue Is Expected to Experience a 5% Compound Annual Growth Rate from 2019-2028,2,positive,2,positive,Positive,1,0,FinGPT-Llama-3-8B-LoRA,tfns,-9.970978736877441,0.0840585008263588,-8.408478736877441,0.40102067589759827,-8.158478736877441,0.5149207711219788
974,Santa Claus rally,2,positive,2,positive,Positive,1,0,FinGPT-Llama-3-8B-LoRA,tfns,-14.378573417663574,0.013931318186223507,-12.191073417663574,0.1241685003042221,-10.253573417663574,0.8619001507759094
975,Spirit MTA REIT (NYSE:SMTA) Shares Have Generated A Total Return Of 34% In The Last Year,2,positive,-1,UNPARSEABLE,,0,1,FinGPT-Llama-3-8B-LoRA,tfns,-8.221349716186523,0.04170294478535652,-7.158850193023682,0.12067142128944397,-5.221350193023682,0.8376256227493286
976,The EVN (VIE:EVN) Share Price Has Gained 60% And Shareholders Are Hoping For More,2,positive,2,positive,Positive,1,0,FinGPT-Llama-3-8B-LoRA,tfns,-14.601600646972656,0.012525524944067001,-13.164100646972656,0.05273443087935448,-10.289100646972656,0.9347400665283203
977,The number of customers canceling Netflix hasn’t accelerated around the debut of rival services from Disney and App… https://t.co/O7kqU5s0aM,2,positive,1,neutral,Neutral,0,0,FinGPT-Llama-3-8B-LoRA,tfns,-11.512985229492188,0.24083203077316284,-10.887985229492188,0.4499334692955017,-11.262985229492188,0.3092344403266907
978,This chart shows why BlackRock is upbeat on U.S. credit despite the pandemic https://t.co/7LYUG0HLHr,2,positive,2,positive,Positive,1,0,FinGPT-Llama-3-8B-LoRA,tfns,-12.612068176269531,0.007038595154881477,-10.299568176269531,0.0710873007774353,-7.737068176269531,0.9218741059303284
979,This Is Why Peloton Stock Remains a Buy,2,positive,2,positive,positive,1,0,FinGPT-Llama-3-8B-LoRA,tfns,-12.555160522460938,0.01585426554083824,-11.180160522460938,0.06270483881235123,-8.492660522460938,0.9214408993721008
980,"This ratio suggests the U.S. stock market will take a ‘brief pause’ then climb higher, analyst says - MarketWatch",2,positive,2,positive,Positive,1,0,FinGPT-Llama-3-8B-LoRA,tfns,-11.458558082580566,0.060192085802555084,-9.646058082580566,0.36872124671936035,-9.208558082580566,0.5710866451263428
981,"U.S. banks will likely be allowed to keep paying dividends, even as the coronavirus pandemic threatens to create a… https://t.co/AjsqnpfOdJ",2,positive,2,positive,Positive,1,0,FinGPT-Llama-3-8B-LoRA,tfns,-10.864558219909668,0.050702743232250214,-9.114558219909668,0.29177412390708923,-8.302058219909668,0.6575231552124023
982,Weekly portfolios report : Stress quickly erased #Weeklyportfoliosreport #portfolio #MarketScreener… https://t.co/aght48Gwte,2,positive,1,neutral,Neutral,0,0,FinGPT-Llama-3-8B-LoRA,tfns,-10.977435111999512,0.296474814414978,-10.164935111999512,0.6681163311004639,-13.102435111999512,0.0354088693857193
983,"""Cash is trash? No, cash is king! Especially when the discounts come along on high-quality stocks.""... https://t.co/7D0mmjE7xl",1,neutral,2,positive,Positive,0,0,FinGPT-Llama-3-8B-LoRA,tfns,-13.949892044067383,0.018822696059942245,-11.449892044067383,0.2293073534965515,-10.262392044067383,0.7518699169158936
984,"""CO2 emissions aren't reducing, they are in fact increasing,"" @GretaThunberg says at #COP25. ""We have achieved noth… https://t.co/EP3atEwq2M",1,neutral,0,negative,Negative,0,0,FinGPT-Llama-3-8B-LoRA,tfns,-9.880289077758789,0.7982725501060486,-11.317789077758789,0.18960635364055634,-14.067789077758789,0.012121127918362617
985,"""Convinced am I that a world without nuclear weapons is possible and necessary."" Pope Francis called for global nu… https://t.co/xL1ES2nwbw",1,neutral,1,neutral,Neutral,1,0,FinGPT-Llama-3-8B-LoRA,tfns,-10.930360794067383,0.046801261603832245,-8.117860794067383,0.7793110013008118,-9.617860794067383,0.17388778924942017
986,"""Freedom of speech is not freedom of reach,"" actor and comedian Sacha Baron Cohen said in a speech. ""Under this twi… https://t.co/XzJEY4pS8E",1,neutral,1,neutral,Neutral,1,0,FinGPT-Llama-3-8B-LoRA,tfns,-9.714314460754395,0.3028484880924225,-8.964314460754395,0.6411302089691162,-11.401814460754395,0.05602133274078369
987,"""I am going to microsoft you"" just doesn't carry the same spark as ""I will bloomberg you""",1,neutral,1,neutral,Neutral,1,0,FinGPT-Llama-3-8B-LoRA,tfns,-15.001185417175293,0.027545014396309853,-11.438685417175293,0.9709951877593994,-17.938684463500977,0.001459833700209856
988,"""I find this worship no different from the regular worship at a church so I am delighted.""

A church in South Korea… https://t.co/MnibZjnsFJ",1,neutral,1,neutral,Neutral,1,0,FinGPT-Llama-3-8B-LoRA,tfns,-11.103370666503906,0.006098167970776558,-6.290870666503906,0.7503113746643066,-7.415870666503906,0.24359042942523956
989,"""In the very best case it was a five year delay. In the worst case it was...completely collapsed it."" Here's why B… https://t.co/LNsrTCgcld",1,neutral,0,negative,Negative,0,0,FinGPT-Llama-3-8B-LoRA,tfns,-10.8427152633667,0.588411808013916,-11.2177152633667,0.40440914034843445,-15.2489652633667,0.007179121486842632
990,"""More Eco-Friendly"" Meets ""Horrors Of Capitalism"": $34 Toilet Paper 'With A Conscience' https://t.co/S3jmLnZt7Z",1,neutral,1,neutral,Neutral,1,0,FinGPT-Llama-3-8B-LoRA,tfns,-11.265889167785645,0.029040690511465073,-7.8908891677856445,0.8486934304237366,-9.828389167785645,0.12226588279008865
991,"""With self-driving cars, automakers can reimagine the interior cabin to provide passengers a holistically new and i… https://t.co/5KRYlJ8mTQ",1,neutral,1,neutral,Neutral,1,0,FinGPT-Llama-3-8B-LoRA,tfns,-10.976322174072266,0.039565470069646835,-8.038822174072266,0.746545672416687,-9.288822174072266,0.21388891339302063
992,"#5things
-China IP concession
-Hong Kong election
-Loads of corporate news
-Markets rise
-Coming up...… https://t.co/aSJjULIOt3",1,neutral,2,positive,Positive,0,0,FinGPT-Llama-3-8B-LoRA,tfns,-11.533416748046875,0.016392340883612633,-9.845916748046875,0.08861615508794785,-7.533416748046875,0.8949914574623108
993,#ICYMI: Press Releases: https://t.co/4czrcfGQbt Vice Chair for Supervision Quarles Testimony:… https://t.co/1ROdwkNBSU,1,neutral,1,neutral,Neutral,1,0,FinGPT-Llama-3-8B-LoRA,tfns,-13.522331237792969,0.048432208597660065,-10.584831237792969,0.9138487577438354,-13.772331237792969,0.03771904483437538
994,"$BA - Boeing plane skids off runway in Istanbul, killing one passenger https://t.co/IBHUB8yLOO",1,neutral,0,negative,Negative,0,0,FinGPT-Llama-3-8B-LoRA,tfns,-11.872856140136719,0.6775190830230713,-12.622856140136719,0.3200373649597168,-17.49785614013672,0.0024435154628008604
995,"$ENB - No additional risk to Lake Superior from Enbridge pipeline, Minnesota says https://t.co/3AlY719yio",1,neutral,2,positive,Positive,0,0,FinGPT-Llama-3-8B-LoRA,tfns,-12.697162628173828,0.03091535158455372,-9.884662628173828,0.5147868394851685,-10.009662628173828,0.4542977809906006
996,$PBF - PBF Energy: A Mexican Billionaire Can't Get Enough Of This New Jersey Refiner. https://t.co/ouNSD0zChc #markets #finance #trading,1,neutral,1,neutral,Neutral,1,0,FinGPT-Llama-3-8B-LoRA,tfns,-11.389840126037598,0.05779692158102989,-9.202340126037598,0.5151383876800537,-9.389840126037598,0.4270647168159485
997,$SPX There are still ZERO confirmed cases of novel #coronavirus in NYC.,1,neutral,1,neutral,Neutral,1,0,FinGPT-Llama-3-8B-LoRA,tfns,-13.6548490524292,0.05808844789862633,-11.2173490524292,0.6647871136665344,-12.0923490524292,0.2771244943141937
998,".@JimCramer and @ByKatherineRoss are back in business breaking down Tiffany, TD Ameritrade and Bloomberg’s presiden… https://t.co/z517l6YmW2",1,neutral,1,neutral,Neutral,1,0,FinGPT-Llama-3-8B-LoRA,tfns,-9.712289810180664,0.19382856786251068,-8.399789810180664,0.7201604843139648,-10.524789810180664,0.08601091057062149
999,.@JimCramer breaks down what this blowout jobs number is saying about the economy at large: https://t.co/c9cby6UgZD https://t.co/l12THHHGDJ,1,neutral,2,positive,Positive,0,0,FinGPT-Llama-3-8B-LoRA,tfns,-13.504228591918945,0.044176891446113586,-11.566728591918945,0.3066484332084656,-10.816728591918945,0.649174690246582
1000,".@Tesla 's advertising department is an army of one, @elonmusk, with 27 million Twitter followers. Despite that, Te… https://t.co/HF1XQ7vmnt",1,neutral,1,neutral,Neutral,1,0,FinGPT-Llama-3-8B-LoRA,tfns,-11.015604972839355,0.2578487694263458,-10.078104972839355,0.6584399342536926,-12.140604972839355,0.08371123671531677
1001,.@TiernanRayTech have 5 names that might be worth a second look:  https://t.co/qm2pTZO7xS,1,neutral,1,neutral,Neutral,1,0,FinGPT-Llama-3-8B-LoRA,tfns,-10.653424263000488,0.05251682922244072,-7.90342378616333,0.8215017914772034,-9.778424263000488,0.12598133087158203
1002,@TicToc @bpolitics @bloom @bopinion #RecuseNow,1,neutral,1,neutral,Neutral,1,0,FinGPT-Llama-3-8B-LoRA,tfns,-11.683385848999023,0.1870735138654709,-10.245885848999023,0.7876088619232178,-13.683385848999023,0.02531764656305313
1003,@tictoc oh fuck yeah Bloomberg you know about TickTock you must be something cool! here is a link to my profile wit… https://t.co/pvIL8KsEx5,1,neutral,1,neutral,Neutral,1,0,FinGPT-Llama-3-8B-LoRA,tfns,-11.901589393615723,0.034550391137599945,-8.714089393615723,0.8370793461799622,-10.589089393615723,0.1283702701330185
1004,"{Free} Premium Earnings 11-25-19: Palo Alto Networks and Dollar Tree, on the blog and here https://t.co/zrIPU1I3zV $PANW $DLTR",1,neutral,1,neutral,Neutral,1,0,FinGPT-Llama-3-8B-LoRA,tfns,-11.232416152954102,0.13944151997566223,-9.482416152954102,0.8024306297302246,-12.107416152954102,0.05812788009643555
1005,‘This is the most prosperous economy the world has ever seen’ says Jamie Dimon — and it’s going to continue https://t.co/Y6gkuTBby5,1,neutral,2,positive,Positive,0,0,FinGPT-Llama-3-8B-LoRA,tfns,-14.56887435913086,0.0035441261716187,-10.63137435913086,0.18177899718284607,-9.13137435913086,0.8146769404411316
1006,"“Anal cancer may be one of the most rapidly accelerating causes of cancer incidence and mortality in the U.S."" https://t.co/d0VXzuZaIu",1,neutral,2,positive,Positive,0,0,FinGPT-Llama-3-8B-LoRA,tfns,-12.27236270904541,0.2777884900569916,-11.64736270904541,0.518977165222168,-12.58486270904541,0.20323437452316284
1007,"“I think there are important things we have to offer for free for people who need basic health care, basic educatio… https://t.co/1P7soFMbfF",1,neutral,1,neutral,Neutral,1,0,FinGPT-Llama-3-8B-LoRA,tfns,-11.15972900390625,0.10741879791021347,-9.09722900390625,0.8449143767356873,-11.97222900390625,0.04766681045293808
1008,"“Periods aren't just a women's issue, it's a human issue."" Meet @nadyaokamoto, an activist whose fight for gender… https://t.co/SdXSBCjsmD",1,neutral,1,neutral,Neutral,1,0,FinGPT-Llama-3-8B-LoRA,tfns,-11.95572280883789,0.0439864806830883,-8.95572280883789,0.8834920525550842,-11.45572280883789,0.07252144813537598
1009,“The Irishman” was seen by 13.2 million U.S. viewers over its first five days on Netflix. But only 18% of them ma… https://t.co/UuCfGXTC6w,1,neutral,1,neutral,Neutral,1,0,FinGPT-Llama-3-8B-LoRA,tfns,-8.929532051086426,0.2751496434211731,-8.242032051086426,0.5472003817558289,-9.367032051086426,0.17764995992183685
1010,“Who Wants to be a Development Genius?” is our fun trivia challenge on development. Play along and test your knowle… https://t.co/7cXmBEeTMV,1,neutral,1,neutral,Neutral,1,0,FinGPT-Llama-3-8B-LoRA,tfns,-9.962047576904297,0.15617504715919495,-8.337047576904297,0.793122410774231,-11.087047576904297,0.050702616572380066
1011,��‍♀️The Netherlands has more bicycles than people and it's now home to the world's largest bicycle park https://t.co/m2IlurcW4G,1,neutral,1,neutral,Neutral,1,0,FinGPT-Llama-3-8B-LoRA,tfns,-10.40018081665039,0.05058552324771881,-7.587680339813232,0.84232497215271,-9.65018081665039,0.1070895567536354
1012,"✅Get the best deals. 
✅Don't break the bank. 
Our guide on how to get it done: https://t.co/QrIh2UFASd https://t.co/IPxHN05zxZ",1,neutral,1,neutral,Neutral,1,0,FinGPT-Llama-3-8B-LoRA,tfns,-9.914332389831543,0.009967138059437275,-5.664332389831543,0.698750376701355,-6.539332389831543,0.2912824749946594
1013,"⚡️ “Most people choose to support environment and healthcare organizations”

https://t.co/9rFXXJ2EfN",1,neutral,1,neutral,neutral,1,0,FinGPT-Llama-3-8B-LoRA,tfns,-7.809447288513184,0.020966291427612305,-4.246947288513184,0.7390872240066528,-5.371947288513184,0.23994648456573486
1014,2 Ways Government Pensions Can Reduce Your Social Security,1,neutral,-1,UNPARSEABLE,,0,1,FinGPT-Llama-3-8B-LoRA,tfns,-9.090238571166992,0.39415445923805237,-8.715238571166992,0.5734913349151611,-11.590238571166992,0.032354168593883514
1015,201 books to read before the end of the year https://t.co/HgzlXonUVR #FTReadingList,1,neutral,1,neutral,Neutral,1,0,FinGPT-Llama-3-8B-LoRA,tfns,-10.829054832458496,0.07252144813537598,-8.329054832458496,0.8834920525550842,-11.329054832458496,0.0439864806830883
1016,2020 Advances in Construction and Demolition Waste Recycling: Woodhead Publishing Series in Civil and Structural En… https://t.co/NDeG5e1kYs,1,neutral,1,neutral,Neutral,1,0,FinGPT-Llama-3-8B-LoRA,tfns,-10.542122840881348,0.10020614415407181,-8.417122840881348,0.839015781879425,-11.042122840881348,0.06077810004353523
1017,"20k next week this was my consolidation week. $500-$16,600 in 8 weeks. https://t.co/rxWtgDGKAT",1,neutral,1,neutral,Neutral,1,0,FinGPT-Llama-3-8B-LoRA,tfns,-12.217855453491211,0.10931822657585144,-10.280355453491211,0.7588188648223877,-12.030355453491211,0.13186293840408325
1018,3 Companies That Are Raising Their Dividends,1,neutral,2,positive,positive,0,0,FinGPT-Llama-3-8B-LoRA,tfns,-12.690288543701172,0.01814229227602482,-9.752788543701172,0.34231993556022644,-9.127788543701172,0.6395378112792969
1019,3 Lagging Long Ideas That We Still Love. https://t.co/4Lq29yLh6D #stocks #trading #markets,1,neutral,2,positive,Positive,0,0,FinGPT-Llama-3-8B-LoRA,tfns,-12.297179222106934,0.03265871852636337,-9.484679222106934,0.5438165068626404,-9.734679222106934,0.42352473735809326
1020,3 Leveraged Emerging Markets Traders Should Consider in Q1,1,neutral,1,neutral,neutral,1,0,FinGPT-Llama-3-8B-LoRA,tfns,-9.731267929077148,0.16161367297172546,-8.168767929077148,0.7710157036781311,-10.606267929077148,0.06737060099840164
1021,"3 Mutual Fund Misfires to Avoid - November 25, 2019",1,neutral,1,neutral,Neutral,1,0,FinGPT-Llama-3-8B-LoRA,tfns,-10.220356941223145,0.3477195203304291,-9.595356941223145,0.6496255993843079,-15.095356941223145,0.0026548714376986027
1022,"3 Mutual Fund Misfires To Avoid In Your Retirement Portfolio - November 25, 2019",1,neutral,1,neutral,Neutral,1,0,FinGPT-Llama-3-8B-LoRA,tfns,-9.85818099975586,0.4517466127872467,-9.67068099975586,0.5449104309082031,-14.76443099975586,0.0033430091571062803
1023,"3 Top-Ranked Mutual Funds for Your Retirement - February 06, 2020",1,neutral,1,neutral,Neutral,1,0,FinGPT-Llama-3-8B-LoRA,tfns,-12.569619178771973,0.017444195225834846,-8.819619178771973,0.7417460680007935,-9.944619178771973,0.24080969393253326
1024,"52% of Older Adults Are Making This Crucial Social Security Mistake, a Survey Shows",1,neutral,1,neutral,Neutral,1,0,FinGPT-Llama-3-8B-LoRA,tfns,-9.941964149475098,0.4053807258605957,-9.566964149475098,0.589825451374054,-14.379464149475098,0.004793815780431032
1025,7 Stocks to Buy to Ride the Vegan Wave,1,neutral,1,neutral,neutral,1,0,FinGPT-Llama-3-8B-LoRA,tfns,-10.21320629119873,0.11654014140367508,-8.40070629119873,0.7138949036598206,-9.83820629119873,0.16956491768360138
1026,A certified fraud examiner lays out three big investing red flags #investinyou (In partnership with @acorns.) https://t.co/eGvx23n4Uc,1,neutral,1,neutral,Neutral,1,0,FinGPT-Llama-3-8B-LoRA,tfns,-11.146095275878906,0.3585163950920105,-10.583595275878906,0.6292158961296082,-14.521095275878906,0.012267757207155228
1027,"A couple claims a 500-pound, $280-million emerald was destroyed when their house burned down in California's worst-… https://t.co/jJFqUHN5qr",1,neutral,1,neutral,Neutral,1,0,FinGPT-Llama-3-8B-LoRA,tfns,-8.386390686035156,0.47906967997550964,-8.386390686035156,0.47906967997550964,-10.823890686035156,0.04186064004898071
1028,A REIT Activist's New Positions In Q3. Continue reading: https://t.co/rv7TZZGn6g #business #finance #trading,1,neutral,1,neutral,Neutral,1,0,FinGPT-Llama-3-8B-LoRA,tfns,-13.16551399230957,0.0837329626083374,-10.91551399230957,0.7944362163543701,-12.79051399230957,0.12183074653148651
1029,A rusty pre-WWII train car gets a second life,1,neutral,1,neutral,Neutral,1,0,FinGPT-Llama-3-8B-LoRA,tfns,-12.272353172302246,0.03551492094993591,-9.022353172302246,0.9159418940544128,-11.959853172302246,0.048543140292167664
1030,A South African grieving family took a man's corpse to an insurance company to prove he's dead.  Here's why their… https://t.co/bxACoIRGV0,1,neutral,1,neutral,Neutral,1,0,FinGPT-Llama-3-8B-LoRA,tfns,-7.948236465454102,0.3819364309310913,-7.573236465454102,0.5557141900062561,-9.760736465454102,0.06234940141439438
1031,'A victim of their own success': How vaccines became a casualty of misinformation in the U.S.:… https://t.co/jRQt6BxmHz,1,neutral,1,neutral,Neutral,1,0,FinGPT-Llama-3-8B-LoRA,tfns,-10.875957489013672,0.3915419578552246,-10.500957489013672,0.5696901679039001,-13.188457489013672,0.03876790404319763
1032,"Accident Deaths Plunge Drastically In Few States, Union Territories Post New Motor Act: Government",1,neutral,2,positive,Positive,0,0,FinGPT-Llama-3-8B-LoRA,tfns,-11.74882698059082,0.0652790367603302,-10.06132698059082,0.35289517045021057,-9.56132698059082,0.5818257927894592
1033,"Activism Rises In Japan as Firms Go Hostile, Investors Speak Out",1,neutral,1,neutral,Neutral,1,0,FinGPT-Llama-3-8B-LoRA,tfns,-11.591292381286621,0.22030098736286163,-10.528792381286621,0.6374620199203491,-12.028792381286621,0.14223700761795044
1034,"AI Poised to Impact High-Skill U.S. Jobs Including Finance, Tech",1,neutral,1,neutral,neutral,1,0,FinGPT-Llama-3-8B-LoRA,tfns,-9.130208969116211,0.26856252551078796,-8.255208969116211,0.6442480087280273,-10.255208969116211,0.08718948811292648
1035,Air Water : Notice of Execution of the Business Transfer Agreement for the Acquisition of ... #AirWater #Stock… https://t.co/BgG7Fp4BcS,1,neutral,1,neutral,Neutral,1,0,FinGPT-Llama-3-8B-LoRA,tfns,-10.64915657043457,0.13513053953647614,-8.89915657043457,0.777622640132904,-11.08665657043457,0.087246835231781
1036,Almost 1 in 5 Millennials Think They'll Be Paying Student Loans in Their 50s,1,neutral,1,neutral,Neutral,1,0,FinGPT-Llama-3-8B-LoRA,tfns,-10.470891952514648,0.4593297243118286,-10.345891952514648,0.5204887390136719,-13.595891952514648,0.02018153853714466
1037,ALROSA : Supervisory Board to consider disposal of Non-State Pension Fund Almaznaya Osen #ALROSA #Stock… https://t.co/RcGh6YQY2A,1,neutral,1,neutral,Neutral,1,0,FinGPT-Llama-3-8B-LoRA,tfns,-10.300962448120117,0.3363182842731476,-9.800962448120117,0.5544951558113098,-11.425962448120117,0.1091865599155426
1038,AM Best Affirms Credit Ratings of Legal & General Group Plc and Legal and General Assurance Society Limited… https://t.co/dopr5WqWYx,1,neutral,-1,UNPARSEABLE,,0,1,FinGPT-Llama-3-8B-LoRA,tfns,-11.062970161437988,0.0425601527094841,-8.187970161437988,0.7543967366218567,-9.500470161437988,0.203043133020401
1039,America isn’t ready for longer lifespans,1,neutral,0,negative,Negative,0,0,FinGPT-Llama-3-8B-LoRA,tfns,-10.25054931640625,0.4823586642742157,-10.18804931640625,0.5134681463241577,-15.00054931640625,0.0041732206009328365
1040,America’s Reluctance To Tax Wealth Has Its Roots In Slavery,1,neutral,1,neutral,Neutral,1,0,FinGPT-Llama-3-8B-LoRA,tfns,-9.468470573425293,0.33769407868385315,-8.843470573425293,0.6308955550193787,-11.843470573425293,0.03141043707728386
1041,"Analysis on the World's Cognitive Collaboration Market, 2019-2024 - Increasing Need for Mobility & Collaboration Dr… https://t.co/DWGHx4ruLX",1,neutral,1,neutral,Neutral,1,0,FinGPT-Llama-3-8B-LoRA,tfns,-8.640888214111328,0.17503972351551056,-7.203388214111328,0.7369447350502014,-9.328388214111328,0.08801549673080444
1042,Another coal-fired power plant closes its doors,1,neutral,0,negative,Negative,0,0,FinGPT-Llama-3-8B-LoRA,tfns,-11.638104438781738,0.7146732807159424,-12.575604438781738,0.27987009286880493,-16.513105392456055,0.005456592887639999
1043,"Arm yourself with live #marketanalysis, #investmentresearch, and #investingideas. Try Briefing In Play Plus risk-fr… https://t.co/q2bLi8O81t",1,neutral,1,neutral,Neutral,1,0,FinGPT-Llama-3-8B-LoRA,tfns,-8.878996849060059,0.2850135266780853,-8.128996849060059,0.6033735871315002,-9.816496849060059,0.11161290109157562
1044,"As Illinois Legalizes Marijuana, Cook County Prosecutor Vacates Over 1,000 Low-Level Cannabis Convictions",1,neutral,2,positive,Positive,0,0,FinGPT-Llama-3-8B-LoRA,tfns,-11.847940444946289,0.14515435695648193,-10.597940444946289,0.5066384673118591,-10.972940444946289,0.34820717573165894
1045,"As relations between the U.S. and China continue to deteriorate, one immediate risk is a “military accident or oper… https://t.co/N2fewJJeQc",1,neutral,0,negative,Negative,0,0,FinGPT-Llama-3-8B-LoRA,tfns,-10.4828462600708,0.7052034735679626,-11.5453462600708,0.24371179938316345,-13.1078462600708,0.051084768027067184
1046,Asset Acquisitions and Disposals::Proposed Acquisition of Assets in Singapore Mobike Pte. Ltd. #ISOTeam #Stock… https://t.co/f6tx3DSIBR,1,neutral,1,neutral,Neutral,1,0,FinGPT-Llama-3-8B-LoRA,tfns,-9.84996509552002,0.15003417432308197,-8.41246509552002,0.63166743516922,-9.47496509552002,0.21829843521118164
1047,Australians Love Rooftop Panels. That’s a Problem for Big Solar,1,neutral,1,neutral,Neutral,1,0,FinGPT-Llama-3-8B-LoRA,tfns,-9.492033004760742,0.32093730568885803,-8.804533004760742,0.6382600665092468,-11.554533004760742,0.040802597999572754
1048,"Basking in the glow of a luxury-goods deal, Burberry boosts London stocks https://t.co/MTuHyI5ysO",1,neutral,2,positive,Positive,0,0,FinGPT-Llama-3-8B-LoRA,tfns,-14.722765922546387,0.004516948945820332,-12.316515922546387,0.05010329186916351,-9.379015922546387,0.9453797340393066
1049,BDO Christmas party chaperones to guard against ghosts of scandals past https://t.co/HCiRkzZJGi,1,neutral,1,neutral,Neutral,1,0,FinGPT-Llama-3-8B-LoRA,tfns,-12.6566162109375,0.0520068034529686,-9.7816162109375,0.9218425750732422,-13.3441162109375,0.026150662451982498
1050,Beer Drinkers Want More Than a Typical Lager These Days,1,neutral,1,neutral,Neutral,1,0,FinGPT-Llama-3-8B-LoRA,tfns,-13.899642944335938,0.04230274632573128,-10.899642944335938,0.8496733903884888,-12.962142944335938,0.10802384465932846
1051,Before You Say 'OK Boomer' -- or Get Angry About It -- Embrace the Value of a Multigenerational Workforce,1,neutral,1,neutral,Neutral,1,0,FinGPT-Llama-3-8B-LoRA,tfns,-12.481451034545898,0.06788256019353867,-9.981451034545898,0.826978862285614,-12.043951034545898,0.10513855516910553
1052,Beyond Meat and Impossible Foods have a new foe in the plant-based burger wars: the Ultimate Burger… https://t.co/7RHXZNGEBG,1,neutral,1,neutral,Neutral,1,0,FinGPT-Llama-3-8B-LoRA,tfns,-11.270600318908691,0.41666609048843384,-10.958100318908691,0.56951504945755,-14.676850318908691,0.013818872161209583
1053,"Billionaire investor Howard Marks says we're not in a bubble, but sees reasons to take less risk https://t.co/BoHEP6B2Hi",1,neutral,1,neutral,Neutral,1,0,FinGPT-Llama-3-8B-LoRA,tfns,-12.388362884521484,0.23190884292125702,-11.200862884521484,0.7603998780250549,-15.794612884521484,0.007691335864365101
1054,"Black Friday 2019: How scammers use gift cards, hot toy deals to trick you",1,neutral,1,neutral,Neutral,1,0,FinGPT-Llama-3-8B-LoRA,tfns,-10.941825866699219,0.4478522539138794,-10.754325866699219,0.5402129292488098,-14.566825866699219,0.0119348568841815
1055,Bloomberg Daybreak: Middle East Full Show (02/06/2020),1,neutral,1,neutral,Neutral,1,0,FinGPT-Llama-3-8B-LoRA,tfns,-11.89859676361084,0.1161145269870758,-9.89859676361084,0.8579767942428589,-13.39859676361084,0.025908654555678368
1056,'Bloomberg The Open' Full Show (12/13/2019),1,neutral,1,neutral,Neutral,1,0,FinGPT-Llama-3-8B-LoRA,tfns,-11.528148651123047,0.0628218725323677,-8.840648651123047,0.9231606721878052,-13.028148651123047,0.014017454348504543
1057,"Brazil's Afro-Brazilians are beginning to get their due, says @macmargolis (via @bopinion) https://t.co/tezavhCp6r",1,neutral,2,positive,Positive,0,0,FinGPT-Llama-3-8B-LoRA,tfns,-12.923463821411133,0.020855184644460678,-9.548463821411133,0.6094778180122375,-10.048463821411133,0.3696669936180115
1058,Breaking - @NYDailyNews reports potential coronavirus patient at Elmhurst Hospital. Note: NYC Department of Health... https://t.co/U6wm1qJ4Ft,1,neutral,1,neutral,Neutral,1,0,FinGPT-Llama-3-8B-LoRA,tfns,-11.70040512084961,0.2822515368461609,-10.82540512084961,0.6770862936973572,-13.63790512084961,0.040662191808223724
1059,Brief calm in Hong Kong is over,1,neutral,1,neutral,Neutral,1,0,FinGPT-Llama-3-8B-LoRA,tfns,-11.050848960876465,0.4927884638309479,-11.050848960876465,0.4927884638309479,-14.582098960876465,0.014423084445297718
1060,Bumrungrad Hospital Public : Notification of the joint new business model #BumrungradHospitalPublic #Stock… https://t.co/QhvKqiE4Cd,1,neutral,1,neutral,Neutral,1,0,FinGPT-Llama-3-8B-LoRA,tfns,-10.405381202697754,0.16094495356082916,-8.905381202697754,0.7213051915168762,-10.717881202697754,0.11774984002113342
1061,Burger King® Restaurants Partner With DC’s Harley Quinn and the Birds of Prey to Flame-Grill Memories of Your Ex and Emancipate Your Heart This Valentine’s Day,1,neutral,1,neutral,Neutral,1,0,FinGPT-Llama-3-8B-LoRA,tfns,-11.87904167175293,0.07471715658903122,-9.44154167175293,0.8550925850868225,-11.94154167175293,0.07019027322530746
1062,"By diversifying, you reduce the risk of any one company losing value and negatively affecting your portfolio.… https://t.co/fZZP7j69yG",1,neutral,1,neutral,Neutral,1,0,FinGPT-Llama-3-8B-LoRA,tfns,-10.823100090026855,0.09760909527540207,-9.073100090026855,0.5617015957832336,-9.573100090026855,0.3406892418861389
1063,"California must sound the alarm over rising seas, an analyst says https://t.co/vExxAxSA9t",1,neutral,1,neutral,Neutral,1,0,FinGPT-Llama-3-8B-LoRA,tfns,-10.862844467163086,0.30175819993019104,-10.112844467163086,0.638822078704834,-12.487844467163086,0.05941971018910408
1064,Can Nostalgia Revive Star Wars?,1,neutral,1,neutral,Neutral,1,0,FinGPT-Llama-3-8B-LoRA,tfns,-11.09017276763916,0.10557275265455246,-9.02767276763916,0.8303940892219543,-11.59017276763916,0.06403312087059021
1065,"Car Rams Israelis, Palestinians Die in Post-Trump Plan Violence",1,neutral,1,neutral,Neutral,1,0,FinGPT-Llama-3-8B-LoRA,tfns,-12.144684791564941,0.37510401010513306,-11.644684791564941,0.6184419393539429,-16.207183837890625,0.006454027257859707
1066,Carbon Taxes Alone Aren't Good Climate Policy: Gernot Wagner,1,neutral,1,neutral,Neutral,1,0,FinGPT-Llama-3-8B-LoRA,tfns,-10.665888786315918,0.32564565539360046,-9.978388786315918,0.6476237177848816,-13.165888786315918,0.026730624958872795
1067,"Carolina Panthers owner David Tepper is close to adding another sports team to his empire, as Major League Soccer m… https://t.co/dvCe5VNlmL",1,neutral,1,neutral,Neutral,1,0,FinGPT-Llama-3-8B-LoRA,tfns,-10.251254081726074,0.09381164610385895,-8.313754081726074,0.6511818766593933,-9.251254081726074,0.25500646233558655
1068,"Cash is king, and these investors are hoarding it in case of a recession 
https://t.co/YQemHWVfpv",1,neutral,0,negative,Negative,0,0,FinGPT-Llama-3-8B-LoRA,tfns,-9.757956504821777,0.663095235824585,-10.445456504821777,0.33342522382736206,-15.007956504821777,0.0034796043764799833
1069,CDC: 6 Confirmed coronavirus cases in U.S.,1,neutral,1,neutral,Neutral,1,0,FinGPT-Llama-3-8B-LoRA,tfns,-11.525660514831543,0.2727927565574646,-10.588160514831543,0.6966007351875305,-13.713160514831543,0.030606500804424286
1070,CH Robinson's Growth Is Fueled By Tech Investment,1,neutral,2,positive,Positive,0,0,FinGPT-Llama-3-8B-LoRA,tfns,-10.469724655151367,0.0450131893157959,-8.594724655151367,0.2935228645801544,-7.782224655151367,0.6614639759063721
1071,"China Gangs Spreading Rumors to Exploit Pork Crisis, Report Says",1,neutral,1,neutral,Neutral,1,0,FinGPT-Llama-3-8B-LoRA,tfns,-10.070133209228516,0.5126765370368958,-10.195133209228516,0.4524354338645935,-12.757633209228516,0.034888073801994324
1072,China Today Is Like Japan In 1989 https://t.co/xsAIxibRYL,1,neutral,1,neutral,Neutral,1,0,FinGPT-Llama-3-8B-LoRA,tfns,-10.247748374938965,0.20624269545078278,-9.060248374938965,0.676243782043457,-10.810248374938965,0.11751353740692139
1073,China Scrutinizes U.S. Bid to Control Chinese Chipmaker,1,neutral,1,neutral,Neutral,1,0,FinGPT-Llama-3-8B-LoRA,tfns,-9.782649040222168,0.5681872367858887,-10.095149040222168,0.41569462418556213,-13.345149040222168,0.016118230298161507
1074,China’s Drug Patent Grab Makes Coronavirus Scary for Pharma,1,neutral,0,negative,Negative,0,0,FinGPT-Llama-3-8B-LoRA,tfns,-9.925058364868164,0.6242478489875793,-10.487558364868164,0.3556857109069824,-13.362558364868164,0.020066415891051292
1075,"China’s IP crackdown, pro-democracy forces win big in Hong Kong, and big M&A news. Here’s what’s moving markets https://t.co/w0sI8qpNU0",1,neutral,1,neutral,Neutral,1,0,FinGPT-Llama-3-8B-LoRA,tfns,-12.721470832824707,0.22104507684707642,-11.596470832824707,0.6808667778968811,-13.533970832824707,0.09808816015720367
1076,Chinese Ambassador to EU Says Economic Impact of Virus Is Limited,1,neutral,1,neutral,Neutral,1,0,FinGPT-Llama-3-8B-LoRA,tfns,-11.283019065856934,0.18322037160396576,-9.908019065856934,0.7246506214141846,-11.970519065856934,0.09212898463010788
1077,Choking Haze Is Turning Sydney Into the World’s Laboratory,1,neutral,1,neutral,Neutral,1,0,FinGPT-Llama-3-8B-LoRA,tfns,-9.666267395019531,0.4559541344642639,-9.541267395019531,0.5166637301445007,-12.478767395019531,0.027382174506783485
1078,Consummate New York City insider Kriegel dies at 79 https://t.co/iCYz8QnhNV,1,neutral,1,neutral,Neutral,1,0,FinGPT-Llama-3-8B-LoRA,tfns,-13.330305099487305,0.0996776819229126,-11.142805099487305,0.8884175419807434,-15.455305099487305,0.011904802173376083
1079,CoreCivic : Inmate Students Earn College Degrees from Ashland University #CoreCivic #Stock #MarketScreener… https://t.co/ZjvZFvLif6,1,neutral,1,neutral,Neutral,1,0,FinGPT-Llama-3-8B-LoRA,tfns,-10.129439353942871,0.04598557576537132,-7.504439353942871,0.634811282157898,-8.191939353942871,0.31920313835144043
1080,"Coronavirus case tally: 565 deaths, 28,256 cases",1,neutral,1,neutral,Neutral,1,0,FinGPT-Llama-3-8B-LoRA,tfns,-13.329507827758789,0.2794971466064453,-12.392007827758789,0.7137210369110107,-17.04825782775879,0.006781797390431166
1081,"Coronavirus continues to spread, retailers are feeling the impact",1,neutral,0,negative,Negative,0,0,FinGPT-Llama-3-8B-LoRA,tfns,-12.890687942504883,0.9232601523399353,-15.390687942504883,0.0757858082652092,-19.765687942504883,0.000954002549406141
1082,Coronavirus Threat Looms Over Fragile African Health Systems,1,neutral,0,negative,Negative,0,0,FinGPT-Llama-3-8B-LoRA,tfns,-10.828946113586426,0.6900542378425598,-11.641446113586426,0.3062097132205963,-16.04769515991211,0.003736021462827921
1083,Create a Song in the Palm of Your Hand With Orba by Artiphon,1,neutral,1,neutral,Neutral,1,0,FinGPT-Llama-3-8B-LoRA,tfns,-11.540129661560059,0.059898555278778076,-8.852629661560059,0.8802028894424438,-11.540129661560059,0.059898555278778076
1084,CVC/European football: round numbers https://t.co/SBZqSrERpS,1,neutral,1,neutral,Neutral,1,0,FinGPT-Llama-3-8B-LoRA,tfns,-11.182398796081543,0.11592083424329758,-9.182398796081543,0.8565455675125122,-12.619898796081543,0.02753361314535141
1085,Daily Insider Ratings Round Up 12/2/19. Subscribe to Seeking Alpha for more: https://t.co/5yEVpyN3jt #trading #investing #economy,1,neutral,1,neutral,Neutral,1,0,FinGPT-Llama-3-8B-LoRA,tfns,-9.918660163879395,0.21815690398216248,-8.731160163879395,0.7153089642524719,-11.106160163879395,0.06653409451246262
1086,"David Vélez founded Nubank to offer financial services to Brazilians who had never had a bank account before. Now,… https://t.co/S665GCSUwu",1,neutral,1,neutral,Neutral,1,0,FinGPT-Llama-3-8B-LoRA,tfns,-11.309454917907715,0.0812620148062706,-8.996954917907715,0.8207172751426697,-11.121954917907715,0.09802070260047913
1087,Death of a Hero Doctor Sparks Crisis of Confidence in Xi’s China,1,neutral,0,negative,Negative,0,0,FinGPT-Llama-3-8B-LoRA,tfns,-11.814491271972656,0.5593695044517517,-12.064491271972656,0.43563738465309143,-16.533241271972656,0.004993116017431021
1088,"Dennis Gartman, who’s closing down his daily newsletter, had some parting advice for investors: sell https://t.co/GwcaDQjWJJ",1,neutral,0,negative,Negative,0,0,FinGPT-Llama-3-8B-LoRA,tfns,-10.65038776397705,0.6624404788017273,-11.33788776397705,0.3330959975719452,-15.65038776397705,0.004463489167392254
1089,"Desalination can provide safe drinking water, but it also creates other environmental concerns like brine. Watch th… https://t.co/yLIMmQdmp5",1,neutral,1,neutral,Neutral,1,0,FinGPT-Llama-3-8B-LoRA,tfns,-9.971220016479492,0.41266822814941406,-9.658720016479492,0.5640506148338318,-12.846220016479492,0.023281149566173553
1090,"Despite the Talk of Coal’s Demise, It Still Powers the World",1,neutral,1,neutral,Neutral,1,0,FinGPT-Llama-3-8B-LoRA,tfns,-11.695080757141113,0.0926961749792099,-9.695080757141113,0.6849372386932373,-10.820080757141113,0.2223665714263916
1091,Do money woes leave you sleepless? You’re not alone. Here are the money fears that keep people awake at night.… https://t.co/56kJBsl625,1,neutral,1,neutral,Neutral,1,0,FinGPT-Llama-3-8B-LoRA,tfns,-10.967041015625,0.32617393136024475,-10.279541015625,0.6486743092536926,-13.529541015625,0.025151832029223442
1092,Do U.S. consumers still have enough disposable income to drive growth? Bloomberg's Vincent Cignarella discusses… https://t.co/yWZOqTa1Tj,1,neutral,-1,UNPARSEABLE,,0,1,FinGPT-Llama-3-8B-LoRA,tfns,-10.959328651428223,0.4439351260662079,-10.834328651428223,0.5030444264411926,-13.084328651428223,0.05302048847079277
1093,Do you believe in a Santa rally? https://t.co/1NMmDSiQ6A,1,neutral,1,neutral,Neutral,1,0,FinGPT-Llama-3-8B-LoRA,tfns,-12.161803245544434,0.07404079288244247,-9.786803245544434,0.7960135340690613,-11.599303245544434,0.12994563579559326
1094,Do you qualify as a business owner? Here's what you need to know before applying for a business credit card. https://t.co/DDDXvyqMSp,1,neutral,1,neutral,Neutral,1,0,FinGPT-Llama-3-8B-LoRA,tfns,-12.669727325439453,0.04573657736182213,-9.669727325439453,0.9186437129974365,-12.919727325439453,0.03561968356370926
1095,Does the stock market even need a U.S.-China trade deal with the jobs report this hot? https://t.co/WZnyfq6jp8,1,neutral,1,neutral,Neutral,1,0,FinGPT-Llama-3-8B-LoRA,tfns,-12.07182788848877,0.1688709706068039,-10.75932788848877,0.6274317502975464,-11.88432788848877,0.20369726419448853
1096,"Don't be a Turkey
Only Price Pays! https://t.co/Z44GkSaAgM",1,neutral,1,neutral,Neutral,1,0,FinGPT-Llama-3-8B-LoRA,tfns,-10.877023696899414,0.13632607460021973,-9.064523696899414,0.8350984454154968,-12.439523696899414,0.02857549674808979
1097,Duke University was built on a tobacco fortune. Now a tense showdown over college vaping and its health risks is ro… https://t.co/W38Vt442IL,1,neutral,1,neutral,Neutral,1,0,FinGPT-Llama-3-8B-LoRA,tfns,-10.267888069152832,0.33769407868385315,-9.642888069152832,0.6308955550193787,-12.642888069152832,0.03141043707728386
1098,Eaton Vance was one of my favorite fundamental finds to start 2019..gets little recognition but simple thematic pla… https://t.co/3EW07tiRJj,1,neutral,-1,UNPARSEABLE,,0,1,FinGPT-Llama-3-8B-LoRA,tfns,-10.057733535766602,0.13209064304828644,-8.932733535766602,0.4068678021430969,-8.807733535766602,0.4610416293144226
1099,Elevated Valuations Are New Normal In PE: Karen Davies (Radio),1,neutral,1,neutral,Neutral,1,0,FinGPT-Llama-3-8B-LoRA,tfns,-8.707954406738281,0.23158712685108185,-7.895454406738281,0.5218896269798279,-8.645454406738281,0.24652323126792908
1100,Enfindus sceglie gli inverter SolarEdge per 1 GW di progetti fotovoltaici in Europa,1,neutral,1,neutral,Neutral,1,0,FinGPT-Llama-3-8B-LoRA,tfns,-11.053426742553711,0.052338242530822754,-8.240926742553711,0.8715100288391113,-10.678426742553711,0.07615169137716293
1101,Equity rotations and the value of industrials https://t.co/OCR2NRSE87,1,neutral,1,neutral,Neutral,1,0,FinGPT-Llama-3-8B-LoRA,tfns,-10.680503845214844,0.22803978621959686,-9.555503845214844,0.7024120092391968,-11.868003845214844,0.06954820454120636
1102,Europe is set to stake its economic future on an environmental clean-up that will overhaul the way the world’s bigg… https://t.co/slU8gPy5AE,1,neutral,1,neutral,Neutral,1,0,FinGPT-Llama-3-8B-LoRA,tfns,-9.911979675292969,0.1435706615447998,-8.474479675292969,0.6044549942016602,-9.349479675292969,0.25197434425354004
1103,Evacuation of Canadians from Virus Zone Is ‘Underway’ in China,1,neutral,1,neutral,Neutral,1,0,FinGPT-Llama-3-8B-LoRA,tfns,-12.054157257080078,0.21829843521118164,-10.991657257080078,0.63166743516922,-12.429157257080078,0.15003417432308197
1104,"Everybody likes a deal, and now some investors have decided that means they like junk bonds. https://t.co/jTwZwrqL9c",1,neutral,2,positive,Positive,0,0,FinGPT-Llama-3-8B-LoRA,tfns,-13.175644874572754,0.019087882712483406,-10.738144874572754,0.21844924986362457,-9.488144874572754,0.7624627947807312
1105,Ex-JPMorgan Banker’s Career Gamble Pays Off in Muni-Bond Blitz,1,neutral,1,neutral,Neutral,1,0,FinGPT-Llama-3-8B-LoRA,tfns,-9.856842994689941,0.1360556185245514,-8.356842994689941,0.6097589731216431,-9.231842994689941,0.25418534874916077
1106,Expense report fraud opening the door to bigger financial losses,1,neutral,0,negative,Negative,0,0,FinGPT-Llama-3-8B-LoRA,tfns,-11.174236297607422,0.7612467408180237,-12.361736297607422,0.23216712474822998,-15.924236297607422,0.0065860748291015625
1107,Explains the recent put buying or part of the reason?,1,neutral,-1,UNPARSEABLE,,0,1,FinGPT-Llama-3-8B-LoRA,tfns,-16.412002563476562,0.5587300062179565,-17.005752563476562,0.30855998396873474,-17.849502563476562,0.13271000981330872
1108,"EY has put 100 jobs in its financial consulting unit at risk of redundancy
https://t.co/d63wR7xMfR",1,neutral,0,negative,Negative,0,0,FinGPT-Llama-3-8B-LoRA,tfns,-10.8926362991333,0.7858334183692932,-12.2051362991333,0.21150419116020203,-16.580137252807617,0.0026624423917382956
1109,"Fed Inequality, China IP Crackdown, Canada Rail Strike: Eco Day",1,neutral,1,neutral,Neutral,1,0,FinGPT-Llama-3-8B-LoRA,tfns,-10.777547836303711,0.28422752022743225,-9.902547836303711,0.6818263530731201,-12.902547836303711,0.03394613415002823
1110,Federal Prohibition Of Cannabis (Not Vitamin E Acetate) Is The Real Cause Of The Vaping Crisis,1,neutral,1,neutral,Neutral,1,0,FinGPT-Llama-3-8B-LoRA,tfns,-11.08854866027832,0.35806554555892944,-10.58854866027832,0.5903502702713013,-13.02604866027832,0.05158422887325287
1111,FedEx CEO calls out NYT over tax bill report,1,neutral,1,neutral,Neutral,1,0,FinGPT-Llama-3-8B-LoRA,tfns,-12.176810264587402,0.218195378780365,-11.051810264587402,0.6720890998840332,-12.864310264587402,0.1097155287861824
1112,FedEx CEO hits back at New York Times tax-bill exposé,1,neutral,1,neutral,Neutral,1,0,FinGPT-Llama-3-8B-LoRA,tfns,-11.800399780273438,0.18799211084842682,-10.550399780273438,0.6561568975448608,-11.987899780273438,0.15585093200206757
1113,Financial Planning Just Got A Whole Lot Harder. Subscribe to Seeking Alpha for more: https://t.co/Q9ZQPgCQjK… https://t.co/UGPLharNlL,1,neutral,-1,UNPARSEABLE,,0,1,FinGPT-Llama-3-8B-LoRA,tfns,-10.300406455993652,0.4630063474178314,-10.175406455993652,0.5246549248695374,-13.925406455993652,0.012338701635599136
1114,Flu Season Is Starting Off Early: 10 Things You Need to Know,1,neutral,1,neutral,Neutral,1,0,FinGPT-Llama-3-8B-LoRA,tfns,-10.294586181640625,0.35037705302238464,-9.732086181640625,0.6149308681488037,-12.607086181640625,0.034692030400037766
1115,For every winner....  https://t.co/1pm4UFoCE2,1,neutral,1,neutral,Neutral,1,0,FinGPT-Llama-3-8B-LoRA,tfns,-9.183955192565918,0.05552634224295616,-6.433955192565918,0.8685781359672546,-8.871455192565918,0.0758955106139183
1116,Foroohar: 2020 Election Poses Risk To Silicon Valley Tech Giants. Get more updates here: https://t.co/9UzZfKJoGd #business #finance #economy,1,neutral,0,negative,Negative,0,0,FinGPT-Llama-3-8B-LoRA,tfns,-12.12725830078125,0.461389422416687,-12.00225830078125,0.5228227376937866,-15.50225830078125,0.0157878790050745
1117,France's Richest Man Gets a Free Lunch From the ECB,1,neutral,1,neutral,Neutral,1,0,FinGPT-Llama-3-8B-LoRA,tfns,-10.399507522583008,0.21965549886226654,-9.274507522583008,0.6765865683555603,-11.149507522583008,0.10375791788101196
1118,"Frank Barlow, former Pearson chief executive, 1930-2019 https://t.co/JZE8bGgJct",1,neutral,1,neutral,Neutral,1,0,FinGPT-Llama-3-8B-LoRA,tfns,-12.900795936584473,0.10405374318361282,-10.775795936584473,0.8712313175201416,-14.338295936584473,0.02471492998301983
1119,Free agent Antonio Brown says it&apos;s time to ghost white women,1,neutral,1,neutral,Neutral,1,0,FinGPT-Llama-3-8B-LoRA,tfns,-13.5089750289917,0.10497307777404785,-11.3839750289917,0.8789287805557251,-15.3839750289917,0.0160981435328722
1120,"French Private Equity Has a Problem With Equality, Firms Warned",1,neutral,0,negative,Negative,0,0,FinGPT-Llama-3-8B-LoRA,tfns,-11.681550025939941,0.478924423456192,-11.619050025939941,0.5098124146461487,-15.431550025939941,0.011263222433626652
1121,Fresh tensions over USMCA enforcement?,1,neutral,1,neutral,Neutral,1,0,FinGPT-Llama-3-8B-LoRA,tfns,-11.443169593811035,0.37477561831474304,-11.005669593811035,0.5804638266563416,-13.568169593811035,0.0447605662047863
1122,"Friendship doesn't only make you happier — a good friend is worth more than $150,000. Here's why.… https://t.co/SrVlBcVoI3",1,neutral,1,neutral,Neutral,1,0,FinGPT-Llama-3-8B-LoRA,tfns,-10.346088409423828,0.0458281934261322,-7.658588886260986,0.6734400987625122,-8.533588409423828,0.280731737613678
1123,"From the turkey and casseroles to the mashed potatoes, here's a helpful guide detailing the TSA-approved items you… https://t.co/nHdZIH6Zoj",1,neutral,1,neutral,Neutral,1,0,FinGPT-Llama-3-8B-LoRA,tfns,-10.241592407226562,0.06652168929576874,-7.6790924072265625,0.8626663088798523,-10.179092407226562,0.07081196457147598
1124,"From Trump to Bolsonaro, Climate Skeptics Stir Green Activism",1,neutral,1,neutral,Neutral,1,0,FinGPT-Llama-3-8B-LoRA,tfns,-11.552421569824219,0.31513646245002747,-10.927421569824219,0.5887523889541626,-12.739921569824219,0.09611118584871292
1125,Germany: Consumption Is The New Export. Get more info on Seeking Alpha: https://t.co/uNytzzpWSE #trading #stocks #stockmarket,1,neutral,2,positive,Positive,0,0,FinGPT-Llama-3-8B-LoRA,tfns,-12.679853439331055,0.058793939650058746,-10.429853439331055,0.5578213930130005,-10.804853439331055,0.38338467478752136
1126,Get LIVE #analysis of the #equitymarkets featuring sophisticated #investing and #swingtrading ideas. Totally… https://t.co/gbWGLEa611,1,neutral,1,neutral,Neutral,1,0,FinGPT-Llama-3-8B-LoRA,tfns,-9.244873046875,0.1487194448709488,-7.619872570037842,0.7552599906921387,-9.682373046875,0.09602049738168716
1127,Goldperson Sachs,1,neutral,1,neutral,neutral,1,0,FinGPT-Llama-3-8B-LoRA,tfns,-10.434929847717285,0.13491185009479523,-8.622429847717285,0.8264352679252625,-11.684929847717285,0.03865289315581322
1128,Got a tip? Click for a secure and anonymous link to Bloomberg reporters https://t.co/dPwBoTbrNr https://t.co/BY9EdJI9rE,1,neutral,1,neutral,Neutral,1,0,FinGPT-Llama-3-8B-LoRA,tfns,-12.066583633422852,0.12746207416057587,-10.191583633422852,0.8311570286750793,-13.191583633422852,0.0413808710873127
1129,"Gundlach: ""those cynics out there who call it quantitative easing, they do have a point""",1,neutral,1,neutral,Neutral,1,0,FinGPT-Llama-3-8B-LoRA,tfns,-11.77340316772461,0.1983160674571991,-10.39840316772461,0.7843552231788635,-14.21090316772461,0.017328664660453796
1130,"Guyana defends Exxon deal, attacks critics",1,neutral,2,positive,Positive,0,0,FinGPT-Llama-3-8B-LoRA,tfns,-13.431432723999023,0.029697217047214508,-10.806432723999023,0.4099574387073517,-10.493932723999023,0.5603454113006592
1131,Hannah Elliott on the Future of Luxury Cars (Podcast),1,neutral,1,neutral,Neutral,1,0,FinGPT-Llama-3-8B-LoRA,tfns,-11.26672649383545,0.11476170271635056,-9.26672649383545,0.8479806780815125,-12.39172649383545,0.03725767135620117
1132,Has bitcoin become 'digital gold?' @KitcoNewsNOW sat down with @mikemcglone11:  https://t.co/Sg3a5Xwpfj,1,neutral,1,neutral,Neutral,1,0,FinGPT-Llama-3-8B-LoRA,tfns,-9.982749938964844,0.06954824179410934,-7.670250415802002,0.702411949634552,-8.795249938964844,0.22803987562656403
1133,"Has Disney's ""Star Wars"" Acquisition Been a Failure?",1,neutral,1,neutral,Neutral,1,0,FinGPT-Llama-3-8B-LoRA,tfns,-10.534828186035156,0.17803020775318146,-9.034828186035156,0.7978760004043579,-12.534828186035156,0.024093767628073692
1134,"Have a great weekened everyone !!! Dont forget : It’s good to have money and the things that money can buy, but it’… https://t.co/echs3JqWSX",1,neutral,1,neutral,Neutral,1,0,FinGPT-Llama-3-8B-LoRA,tfns,-11.279227256774902,0.024702347815036774,-7.841727256774902,0.7684674859046936,-9.154227256774902,0.2068302184343338
1135,Health insurance industry eyes federal aid amid coronavirus pandemic https://t.co/xyXJtq7gwE by @AnjKhem and… https://t.co/kaopnmSfQW,1,neutral,1,neutral,Neutral,1,0,FinGPT-Llama-3-8B-LoRA,tfns,-10.268754959106445,0.250031441450119,-9.518754959106445,0.5293165445327759,-10.393754959106445,0.22065196931362152
1136,"Heavy coffee drinkers live longer, study says. ☕: https://t.co/90JAiq6Dpo https://t.co/dZAiT3pjsb",1,neutral,2,positive,Positive,0,0,FinGPT-Llama-3-8B-LoRA,tfns,-12.87100887298584,0.02732929214835167,-11.37100887298584,0.12248139083385468,-9.43350887298584,0.8501893281936646
1137,"Hedge Fund CIO: ""We Are Playing The Game Called Institutional Investor"" https://t.co/oiQjnbJBj7",1,neutral,1,neutral,Neutral,1,0,FinGPT-Llama-3-8B-LoRA,tfns,-11.769793510437012,0.07402534037828445,-9.332293510437012,0.847175121307373,-11.707293510437012,0.07879956066608429
1138,"Helping to build new airports was a natural next step in creating a better flying experience for customers, says De… https://t.co/n67VG7MVhr",1,neutral,1,neutral,Neutral,1,0,FinGPT-Llama-3-8B-LoRA,tfns,-10.770808219909668,0.03149745240807533,-7.583308219909668,0.7631133794784546,-8.895808219909668,0.20538918673992157
1139,Here is the 30th Most Popular Stocks Among 752 Hedge Funds,1,neutral,1,neutral,neutral,1,0,FinGPT-Llama-3-8B-LoRA,tfns,-10.504056930541992,0.04916185513138771,-7.56655740737915,0.9276157021522522,-11.254056930541992,0.023222416639328003
1140,Here’s how to get married in style https://t.co/BLvOGQSyrR,1,neutral,1,neutral,Neutral,1,0,FinGPT-Llama-3-8B-LoRA,tfns,-12.062979698181152,0.019588274881243706,-8.187979698181152,0.9438159465789795,-11.437979698181152,0.03659571707248688
1141,"Here's why British comedian Sacha Baron Cohen calls social media ""the greatest propaganda machine in history"" https://t.co/fJ2EAQEAmF",1,neutral,1,neutral,Neutral,1,0,FinGPT-Llama-3-8B-LoRA,tfns,-10.390737533569336,0.37301376461982727,-9.890737533569336,0.6149957180023193,-13.828237533569336,0.011990508064627647
1142,Here's Why You Need To Hedge Your Stock Investments - Seeking Alpha,1,neutral,1,neutral,Neutral,1,0,FinGPT-Llama-3-8B-LoRA,tfns,-10.75626277923584,0.4658641517162323,-10.63126277923584,0.5278932452201843,-15.06876277923584,0.00624258304014802
1143,"Highlight: ""An authentic digital presence is what makes you different and what you have to offer that other people… https://t.co/Ba7fCa7R5v",1,neutral,1,neutral,Neutral,1,0,FinGPT-Llama-3-8B-LoRA,tfns,-11.630156517028809,0.09940173476934433,-9.505156517028809,0.8322805166244507,-12.005156517028809,0.06831774860620499
1144,"Highlight: ""This year, you've had three things in your favor,"" @amundipioneer says about the high-yield bond market… https://t.co/ywPLWmNHWb",1,neutral,1,neutral,Neutral,1,0,FinGPT-Llama-3-8B-LoRA,tfns,-10.977622032165527,0.09766482561826706,-9.102622032165527,0.6368546485900879,-9.977622032165527,0.26548051834106445
1145,Highlight: @bankrategreg on why Americans are behind on their retirement savings: https://t.co/bKazTWGZvB,1,neutral,1,neutral,Neutral,1,0,FinGPT-Llama-3-8B-LoRA,tfns,-11.478019714355469,0.3410439193248749,-10.853019714355469,0.6371538639068604,-14.228019714355469,0.021802205592393875
1146,Highlight: @jessicaasmith8 on new legislation related to insider trading: “Right now there is no specific insider t… https://t.co/DKxVVEWgIK,1,neutral,1,neutral,Neutral,1,0,FinGPT-Llama-3-8B-LoRA,tfns,-10.747733116149902,0.24206531047821045,-9.685233116149902,0.7004391551017761,-12.185233116149902,0.05749554932117462
1147,Highlight: @julialaroche breaks down Jamie Dimon's letter to $JPM shareholders: https://t.co/x527rcLWml,1,neutral,1,neutral,Neutral,1,0,FinGPT-Llama-3-8B-LoRA,tfns,-12.62399959564209,0.14711172878742218,-10.93649959564209,0.7952784895896912,-13.56149959564209,0.057609785348176956
1148,"Highlight: “I think it does give him more leverage in the trade war,” @rickjnewman says about the jobs report being… https://t.co/N46Fd7Y4Eq",1,neutral,1,neutral,Neutral,1,0,FinGPT-Llama-3-8B-LoRA,tfns,-10.228967666625977,0.2098318338394165,-9.478967666625977,0.44421398639678955,-9.728967666625977,0.34595420956611633
1149,Highlight: “Kin is actually designed to deliver a feeling at the bar. It’s the first non-alcoholic beverage that’s… https://t.co/h5zMXyU2sg,1,neutral,1,neutral,Neutral,1,0,FinGPT-Llama-3-8B-LoRA,tfns,-11.09186840057373,0.09311216324567795,-8.96686840057373,0.7796186208724976,-10.77936840057373,0.12726923823356628
1150,"Highlight: “The average investor is already trading probably for free right now,” @spyjared says about the Schwab-T… https://t.co/cVauFbGE1W",1,neutral,1,neutral,Neutral,1,0,FinGPT-Llama-3-8B-LoRA,tfns,-9.928139686584473,0.17503972351551056,-8.490639686584473,0.7369447350502014,-10.615639686584473,0.08801549673080444
1151,Highlight: “We have very lean standard operating procedures that can be replicated— and that's the core of any fran… https://t.co/Q2QNWaGV9y,1,neutral,1,neutral,Neutral,1,0,FinGPT-Llama-3-8B-LoRA,tfns,-11.190320014953613,0.14630091190338135,-9.627820014953613,0.6979625821113586,-11.127820014953613,0.15573650598526
1152,"Highlight: “When growth is scarce, investors seem very willing to pay up for growth stock"" @PNCBank's… https://t.co/rO4fBOkBG9",1,neutral,2,positive,Positive,0,0,FinGPT-Llama-3-8B-LoRA,tfns,-11.152658462524414,0.06301048398017883,-9.590158462524414,0.3006061911582947,-8.840158462524414,0.6363832950592041
1153,Highlight: “When you don’t have organic growth because of overall economic activity on a global basis kind of being… https://t.co/E9BPwBKx5E,1,neutral,1,neutral,Neutral,1,0,FinGPT-Llama-3-8B-LoRA,tfns,-12.102784156799316,0.4819882810115814,-12.102784156799316,0.4819882810115814,-14.696534156799316,0.03602343797683716
1154,"Highlight: '10 years ago... it was the big reveal at the Super Bowl to see the ads for the first time,â€... https://t.co/MPiTNca3kw",1,neutral,1,neutral,Neutral,1,0,FinGPT-Llama-3-8B-LoRA,tfns,-11.876157760620117,0.12153798341751099,-9.938657760620117,0.8436408042907715,-13.126157760620117,0.03482121601700783
1155,Highlight: Fed Chair Jerome Powell shares a few words about Paul Volcker: “He accomplished many things during his l… https://t.co/9GRYrEObjt,1,neutral,1,neutral,Neutral,1,0,FinGPT-Llama-3-8B-LoRA,tfns,-12.410994529724121,0.09214623272418976,-10.223494529724121,0.8212904334068298,-12.473494529724121,0.08656337112188339
1156,"Highlight: Miller Tabak + Co. Chief Market Strategist Matt Maley: ""You can never pick the exact low in the market.… https://t.co/hnQkPa1P6u",1,neutral,-1,UNPARSEABLE,,0,1,FinGPT-Llama-3-8B-LoRA,tfns,-9.95122241973877,0.4802877604961395,-9.95122241973877,0.4802877604961395,-12.45122241973877,0.03942441940307617
1157,Highlight: Pictet Asset Management Chief Strategist @luca_paolini on the UK elections: “If the Labour Party does we… https://t.co/BsIJZU3JEb,1,neutral,1,neutral,Neutral,1,0,FinGPT-Llama-3-8B-LoRA,tfns,-9.56152057647705,0.28101590275764465,-8.74902057647705,0.6332790851593018,-10.74902057647705,0.08570500463247299
1158,Highlight: 'What we see as the number one problem right now in implementing some of these AI solutions” in detecti... https://t.co/bn1qMWihcp,1,neutral,1,neutral,Neutral,1,0,FinGPT-Llama-3-8B-LoRA,tfns,-11.72524356842041,0.3057771921157837,-10.97524356842041,0.6473303437232971,-13.60024356842041,0.046892452985048294
1159,Hong Kong Protesters Clash With Police as Lam Visits Beijing,1,neutral,0,negative,Negative,0,0,FinGPT-Llama-3-8B-LoRA,tfns,-11.827046394348145,0.46577188372612,-11.702046394348145,0.5277886986732483,-16.108295440673828,0.006439474411308765
1160,"Hong Kong Protesters Get A Win, Setting Stage For Foggy China Relations",1,neutral,1,neutral,Neutral,1,0,FinGPT-Llama-3-8B-LoRA,tfns,-12.156293869018555,0.125710591673851,-10.468793869018555,0.6795850396156311,-11.718793869018555,0.19470438361167908
1161,Hong Kong’s anti-government demonstrations have exposed deep schisms within the territory’s Catholic church. ‘We ar… https://t.co/YOiFws0mPz,1,neutral,1,neutral,Neutral,1,0,FinGPT-Llama-3-8B-LoRA,tfns,-11.095232963562012,0.4337936043739319,-10.907732963562012,0.5232549905776978,-13.407732963562012,0.04295138269662857
1162,"How a 29-year-old YouTube millionaire making up to $220,000 a month spends his money. (via @CNBCMakeIt)… https://t.co/G2bYoMnim9",1,neutral,1,neutral,Neutral,1,0,FinGPT-Llama-3-8B-LoRA,tfns,-10.305598258972168,0.17301218211650848,-8.868098258972168,0.7284084558486938,-10.868098258972168,0.09857936203479767
1163,"How likely is it that the U.S. will enter a recession? Our updating tracker will tell you. 

Sign up to get the lat… https://t.co/5w0lwFHRCF",1,neutral,1,neutral,Neutral,1,0,FinGPT-Llama-3-8B-LoRA,tfns,-6.86685848236084,0.5494276881217957,-7.11685848236084,0.4278947114944458,-10.05435848236084,0.02267758920788765
1164,"How much you can expect to get from Social Security if you make $45,000 a year #investinyou (In partnership with… https://t.co/TKqvDtWH0t",1,neutral,1,neutral,Neutral,1,0,FinGPT-Llama-3-8B-LoRA,tfns,-6.716299057006836,0.3825390338897705,-6.841299057006836,0.3375895023345947,-7.028799057006836,0.27987152338027954
1165,How the world’s biggest companies got millions of people to let temps analyze some very sensitive recordings https://t.co/PlHP1ub2i9,1,neutral,1,neutral,Neutral,1,0,FinGPT-Llama-3-8B-LoRA,tfns,-11.179669380187988,0.3135347068309784,-10.429669380187988,0.6637529730796814,-13.804669380187988,0.022712375968694687
1166,"HP Doesn’t Need Xerox, Which May Have Been the Point",1,neutral,1,neutral,Neutral,1,0,FinGPT-Llama-3-8B-LoRA,tfns,-7.786846160888672,0.42515629529953003,-7.536846160888672,0.5459114909172058,-10.474346160888672,0.028932249173521996
1167,'I can't afford that': Woman in student loan limbo since 1997 decries a muddy system,1,neutral,1,neutral,Neutral,1,0,FinGPT-Llama-3-8B-LoRA,tfns,-11.483600616455078,0.30605748295783997,-10.671100616455078,0.6897111535072327,-15.764850616455078,0.004231357481330633
1168,"I got $10,000 more when I negotiated my salary—here's the exact script I used. (via @CNBCMakeIt) https://t.co/M2jCPARYdx",1,neutral,1,neutral,Neutral,1,0,FinGPT-Llama-3-8B-LoRA,tfns,-12.809544563293457,0.01550122071057558,-8.809544563293457,0.8463379144668579,-10.622044563293457,0.13816086947917938
1169,I have some advice for anyone who dares to write about the latest Social Security cost-of-living adjustment: Don’t. https://t.co/MFOCzn0Whx,1,neutral,1,neutral,Neutral,1,0,FinGPT-Llama-3-8B-LoRA,tfns,-12.214805603027344,0.20796656608581543,-10.902305603027344,0.7726895213127136,-14.589805603027344,0.01934390515089035
1170,I quit caring when a fancy chocolatier near us tried to convince me to try chocolate with horseradish. Seriously. T… https://t.co/csZFMNlhSD,1,neutral,0,negative,Negative,0,0,FinGPT-Llama-3-8B-LoRA,tfns,-11.446194648742676,0.5446679592132568,-11.633694648742676,0.4515456259250641,-16.41494369506836,0.0037864441983401775
1171,I Sabotaged My Boss With Ransomware From the Dark Web,1,neutral,1,neutral,Neutral,1,0,FinGPT-Llama-3-8B-LoRA,tfns,-12.242963790893555,0.21618452668190002,-10.992963790893555,0.7545580863952637,-14.242963790893555,0.02925739251077175
1172,I think Billions jumped the shark a season ago.,1,neutral,1,neutral,Neutral,1,0,FinGPT-Llama-3-8B-LoRA,tfns,-11.941397666931152,0.4520809054374695,-11.753897666931152,0.5453136563301086,-17.09764862060547,0.002605462446808815
1173,ICYMI: The famous Rockefeller Center Christmas tree in New York lights up to welcome the holiday season 🎄 https://t.co/Wo7kQwFbns,1,neutral,1,neutral,Neutral,1,0,FinGPT-Llama-3-8B-LoRA,tfns,-14.268893241882324,0.004858832340687513,-9.081393241882324,0.8698302507400513,-11.018893241882324,0.12531092762947083
1174,"If we ever get back to the moon, we could be living in inflatable habitats. https://t.co/7fMoB4YuYt https://t.co/qPC69ZcD7a",1,neutral,1,neutral,Neutral,1,0,FinGPT-Llama-3-8B-LoRA,tfns,-13.068509101867676,0.05668088048696518,-10.318509101867676,0.8866381645202637,-13.068509101867676,0.05668088048696518
1175,If you are throwing deep you definitely want to be targeting Blake Jarwin lol,1,neutral,1,neutral,Neutral,1,0,FinGPT-Llama-3-8B-LoRA,tfns,-13.980231285095215,0.04350195452570915,-10.917731285095215,0.9301127791404724,-14.480231285095215,0.026385270059108734
1176,If you make your dream a priority long enough... it comes true. https://t.co/mk5TSWxly6,1,neutral,1,neutral,Neutral,1,0,FinGPT-Llama-3-8B-LoRA,tfns,-12.358508110046387,0.015221212059259415,-8.358508110046387,0.8310500383377075,-10.046008110046387,0.15372879803180695
1177,"In 1994, #Rwanda faced the Tutsi genocide claiming the lives  of 1m+ people. In the aftermath, several @WBG_IDA pro… https://t.co/PkgnSSSe7D",1,neutral,1,neutral,Neutral,1,0,FinGPT-Llama-3-8B-LoRA,tfns,-10.153278350830078,0.4313821792602539,-10.028278350830078,0.48882007598876953,-11.840778350830078,0.07979768514633179
1178,In case you need another reason to delete your Facebook: https://t.co/SGVxYSwjo0,1,neutral,1,neutral,Neutral,1,0,FinGPT-Llama-3-8B-LoRA,tfns,-12.216800689697266,0.24428273737430573,-11.091800689697266,0.7524438500404358,-16.529300689697266,0.0032733906991779804
1179,Industry Experts at Infiniti Research Weigh the Pros and Cons of Medical Device Outsourcing in Their Latest Article,1,neutral,1,neutral,Neutral,1,0,FinGPT-Llama-3-8B-LoRA,tfns,-10.51465892791748,0.1154974102973938,-8.51465892791748,0.8534168601036072,-11.82715892791748,0.031085707247257233
1180,Infrastructure Funds: Definition and Examples,1,neutral,1,neutral,Neutral,1,0,FinGPT-Llama-3-8B-LoRA,tfns,-11.536314964294434,0.10947199910879135,-9.473814964294434,0.8610640168190002,-12.848814964294434,0.029463989660143852
1181,Inovalon’s stock renaissance returns CEO to the billionaire club https://t.co/0ebuLqVjDs,1,neutral,2,positive,Positive,0,0,FinGPT-Llama-3-8B-LoRA,tfns,-11.421453475952148,0.050419870764017105,-9.421453475952148,0.37255528569221497,-8.983953475952148,0.5770248770713806
1182,Internet Initiative Japan reports 9M results,1,neutral,1,neutral,Neutral,1,0,FinGPT-Llama-3-8B-LoRA,tfns,-9.110579490661621,0.13778972625732422,-7.360579490661621,0.792925238609314,-9.798079490661621,0.06928502768278122
1183,Investors shrugged off a WSJ report that said the US and China are working on a deal to delay the next round of Ame… https://t.co/D4CJFfE98t,1,neutral,-1,UNPARSEABLE,,0,1,FinGPT-Llama-3-8B-LoRA,tfns,-11.013019561767578,0.11533323675394058,-9.638019561767578,0.4561518132686615,-9.700519561767578,0.4285149574279785
1184,"Iran to Seek Advanced Arms as UN Embargo Expires, Pentagon Says",1,neutral,1,neutral,Neutral,1,0,FinGPT-Llama-3-8B-LoRA,tfns,-10.58641529083252,0.3881310522556305,-10.27391529083252,0.530512273311615,-12.14891529083252,0.08135669678449631
1185,Is Inflation Really Under Control? https://t.co/B86ntFUj2h,1,neutral,1,neutral,Neutral,1,0,FinGPT-Llama-3-8B-LoRA,tfns,-10.914772987365723,0.37134772539138794,-10.477272987365723,0.5751546025276184,-12.852272987365723,0.05349770933389664
1186,Is it really possible that only 14% of families own stocks outright? @JimCramer has a few reasons:  https://t.co/pxA4SfyBtM,1,neutral,1,neutral,Neutral,1,0,FinGPT-Llama-3-8B-LoRA,tfns,-8.979637145996094,0.35037705302238464,-8.417137145996094,0.6149308681488037,-11.292137145996094,0.034692030400037766
1187,Is Pelosi Rushing Impeachment Because Dems Know They Have Failed?  https://t.co/49HRcpAw7T,1,neutral,-1,UNPARSEABLE,,0,1,FinGPT-Llama-3-8B-LoRA,tfns,-7.3461761474609375,0.4542977809906006,-7.2211761474609375,0.5147868394851685,-10.033676147460938,0.03091535158455372
1188,Is Tesla Shoving It In Trump's Face By Producing Cars In China To Skirt Tariffs? https://t.co/9KXPAYNuhr,1,neutral,1,neutral,Neutral,1,0,FinGPT-Llama-3-8B-LoRA,tfns,-10.634212493896484,0.2129591703414917,-9.446712493896484,0.6982662677764893,-11.509212493896484,0.08877459168434143
1189,Is this the end of the road for Uber in London? https://t.co/D8QDe2OkRd,1,neutral,1,neutral,Neutral,1,0,FinGPT-Llama-3-8B-LoRA,tfns,-11.414045333862305,0.4810563027858734,-11.351545333862305,0.5120817422866821,-15.664045333862305,0.006861899513751268
1190,It doesn't pay to be a stock picker anymore. https://t.co/amkOz3dTxj https://t.co/6e50u9TPuU,1,neutral,1,neutral,Neutral,1,0,FinGPT-Llama-3-8B-LoRA,tfns,-12.345125198364258,0.5285415053367615,-12.470125198364258,0.4664362370967865,-17.001375198364258,0.005022216122597456
1191,"It's cold outside, but White Claw summer lives on https://t.co/4JdNqODTOj",1,neutral,1,neutral,Neutral,1,0,FinGPT-Llama-3-8B-LoRA,tfns,-13.360618591308594,0.027697617188096046,-9.860618591308594,0.9172191023826599,-12.673118591308594,0.05508328974246979
1192,"Japan Post Probe Finds 9,000 Cases of Missold Insurance: Yomiuri",1,neutral,1,neutral,Neutral,1,0,FinGPT-Llama-3-8B-LoRA,tfns,-9.218393325805664,0.5985575318336487,-9.655893325805664,0.38645780086517334,-12.905893325805664,0.014984595589339733
1193,Jason Garrett’s job security in picture form https://t.co/CBpCNx3Frg,1,neutral,1,neutral,Neutral,1,0,FinGPT-Llama-3-8B-LoRA,tfns,-11.566388130187988,0.19734477996826172,-10.191388130187988,0.7805137038230896,-13.753888130187988,0.0221414715051651
1194,"John B. Sanfilippo & Son, Inc. Mourns the Passing of Former Chairman and CEO, Jasper B. Sanfilippo, Sr.",1,neutral,1,neutral,Neutral,1,0,FinGPT-Llama-3-8B-LoRA,tfns,-10.622638702392578,0.19060027599334717,-9.185138702392578,0.8024570941925049,-13.935138702392578,0.006942613981664181
1195,"Joseph Stiglitz, a Nobel-Prize winning economist, says cryptocurrencies should be shut down. Here's why.… https://t.co/qpEnoXPS96",1,neutral,0,negative,Negative,0,0,FinGPT-Llama-3-8B-LoRA,tfns,-10.362234115600586,0.7518420815467834,-11.487234115600586,0.24408738315105438,-15.580984115600586,0.00407054228708148
1196,"Just received a full briefing on the tragic shooting at NAS Pensacola in Florida, and spoke to @GovRonDeSantis. My… https://t.co/Em3f4rgehW",1,neutral,1,neutral,Neutral,1,0,FinGPT-Llama-3-8B-LoRA,tfns,-10.43338394165039,0.30485522747039795,-9.68338394165039,0.6453785300254822,-12.24588394165039,0.04976624622941017
1197,Justin Bieber wants to sell his $8.5 million Beverly Hills home on Instagram. Here's a look inside. (via… https://t.co/kwqjstwso6,1,neutral,1,neutral,Neutral,1,0,FinGPT-Llama-3-8B-LoRA,tfns,-11.322585105895996,0.16790597140789032,-9.760085105895996,0.8010345697402954,-13.010085105895996,0.03105948120355606
1198,Justin Fox on Christmas's New York Roots (Podcast),1,neutral,1,neutral,Neutral,1,0,FinGPT-Llama-3-8B-LoRA,tfns,-12.566411972045898,0.06206648796796799,-9.878911972045898,0.9120603799819946,-13.441411972045898,0.02587316185235977
1199,Key Events In The Holiday Shortened Week https://t.co/n7Q9OeE5yu,1,neutral,1,neutral,Neutral,1,0,FinGPT-Llama-3-8B-LoRA,tfns,-11.309273719787598,0.10388815402984619,-9.184273719787598,0.8698448538780212,-12.684273719787598,0.0262670386582613
1200,"Known as the ""most beautiful café in the world,"" the New York Café is nothing short of spectacular. (PS -- it's not… https://t.co/laxpn15BP7",1,neutral,1,neutral,Neutral,1,0,FinGPT-Llama-3-8B-LoRA,tfns,-10.848823547363281,0.03325660899281502,-7.598823547363281,0.8576992154121399,-9.661323547363281,0.10904420912265778
1201,Last day to sign up for a discount to our community. Will be limiting alerts and charts here. Price already settled… https://t.co/qFjitpKlKo,1,neutral,1,neutral,Neutral,1,0,FinGPT-Llama-3-8B-LoRA,tfns,-10.643266677856445,0.2129591703414917,-9.455766677856445,0.6982662677764893,-11.518266677856445,0.08877459168434143
1202,Launch of new generic drugs in U.S. still lags - WSJ,1,neutral,0,negative,Negative,0,0,FinGPT-Llama-3-8B-LoRA,tfns,-10.7205228805542,0.6041746139526367,-11.1580228805542,0.390084445476532,-15.3767728805542,0.005740884225815535
1203,Leaks offer glimpse inside China’s detention camps https://t.co/hqKYf75c5V,1,neutral,1,neutral,Neutral,1,0,FinGPT-Llama-3-8B-LoRA,tfns,-11.202911376953125,0.3556857109069824,-10.640411376953125,0.6242478489875793,-14.077911376953125,0.020066415891051292
1204,Let’s Talk Donald Trump and Coronavirus,1,neutral,1,neutral,Neutral,1,0,FinGPT-Llama-3-8B-LoRA,tfns,-11.690605163574219,0.13580934703350067,-9.878105163574219,0.8319331407546997,-13.128105163574219,0.03225754573941231
1205,"LISTEN NOW: Trade news is in focus today, as progress is made on the USMCA and China tariffs reportedly could be de… https://t.co/FWS9MkuY65",1,neutral,1,neutral,Neutral,1,0,FinGPT-Llama-3-8B-LoRA,tfns,-11.64521598815918,0.14583167433738708,-10.02021598815918,0.7405944466590881,-11.89521598815918,0.1135738417506218
1206,Looking for a play on $CVX?  https://t.co/yGYLAiHwO3,1,neutral,1,neutral,Neutral,1,0,FinGPT-Llama-3-8B-LoRA,tfns,-8.703182220458984,0.12571071088314056,-6.890682220458984,0.7700714468955994,-8.890682220458984,0.10421784222126007
1207,Major League Baseball Is Ushering in a New Era of Sports Streaming,1,neutral,1,neutral,Neutral,1,0,FinGPT-Llama-3-8B-LoRA,tfns,-10.3758544921875,0.11735960841178894,-8.5008544921875,0.7652807235717773,-10.3758544921875,0.11735960841178894
1208,"Make the Most of Your Retirement with These Top-Ranked Mutual Funds - February 06, 2020",1,neutral,1,neutral,Neutral,1,0,FinGPT-Llama-3-8B-LoRA,tfns,-12.003640174865723,0.0288055632263422,-8.816140174865723,0.6978948712348938,-9.753640174865723,0.27329954504966736
1209,Man vs. Microbe: We’re Not Ready for the Next Global Virus Outbreak,1,neutral,1,neutral,Neutral,1,0,FinGPT-Llama-3-8B-LoRA,tfns,-10.88181209564209,0.44441142678260803,-10.69431209564209,0.536062479019165,-14.00681209564209,0.019526075571775436
1210,Mandiri Warns of Risk to Loan Growth From Virus Outbreak,1,neutral,0,negative,Negative,0,0,FinGPT-Llama-3-8B-LoRA,tfns,-9.341501235961914,0.7032605409622192,-10.216501235961914,0.29316261410713196,-14.622751235961914,0.0035768316593021154
1211,Market Movers: What changed for D-Street while you were sleeping - Economic Times,1,neutral,1,neutral,Neutral,1,0,FinGPT-Llama-3-8B-LoRA,tfns,-11.49769401550293,0.12203731387853622,-9.56019401550293,0.8471068143844604,-12.87269401550293,0.03085586428642273
1212,Marvel Comics 1 torches record with $1.26M sale at auction https://t.co/ZCIXTnGfPG via @FoxBusiness https://t.co/09Sj0PfU9H,1,neutral,2,positive,Positive,0,0,FinGPT-Llama-3-8B-LoRA,tfns,-10.787261009216309,0.06810301542282104,-9.224761009216309,0.32490137219429016,-8.599761009216309,0.6069956421852112
1213,"Meet Bread and Butter, two turkeys slated to receive a presidential pardon this week https://t.co/gVMwhszyuH",1,neutral,1,neutral,Neutral,1,0,FinGPT-Llama-3-8B-LoRA,tfns,-13.742508888244629,0.02066950313746929,-9.930008888244629,0.935573160648346,-12.992508888244629,0.04375734180212021
1214,Mexico’s former top police official has been arrested in the U.S. for allegedly taking millions in bribes to help t… https://t.co/gumELPl8zp,1,neutral,-1,UNPARSEABLE,,0,1,FinGPT-Llama-3-8B-LoRA,tfns,-10.616360664367676,0.4976033866405487,-10.741360664367676,0.4391334652900696,-12.678860664367676,0.0632631704211235
1215,"MILLION DOLLAR MARVEL: The 1939 comic book that laid the groundwork for the Avengers, Spider-Man, and the X-Men has… https://t.co/DfpVefYXH0",1,neutral,1,neutral,Neutral,1,0,FinGPT-Llama-3-8B-LoRA,tfns,-10.515681266784668,0.06220417842268944,-8.015681266784668,0.7578020691871643,-9.453181266784668,0.17999376356601715
1216,Ministers risk NHS pension tax breach in bid to avert pre-poll crisis https://t.co/hw8VhL3IgU,1,neutral,1,neutral,Neutral,1,0,FinGPT-Llama-3-8B-LoRA,tfns,-10.965216636657715,0.24766823649406433,-9.902716636657715,0.7166517376899719,-12.902716636657715,0.03567998856306076
1217,Monday's big rally is premature: financial advisor #economy #MarketScreener https://t.co/Ld6fdzqgQd https://t.co/nqWvTA19gR,1,neutral,0,negative,Negative,0,0,FinGPT-Llama-3-8B-LoRA,tfns,-11.042174339294434,0.763027548789978,-12.229674339294434,0.23271024227142334,-16.22967529296875,0.0042622326873242855
1218,"More than 140,000 people died from measles last year, according to new estimates from the World Health Organization… https://t.co/hdvfswYuFA",1,neutral,0,negative,Negative,0,0,FinGPT-Llama-3-8B-LoRA,tfns,-10.894957542419434,0.7633455991744995,-12.144957542419434,0.21870218217372894,-14.644957542419434,0.017952168360352516
1219,Mother of Jailed Israeli Appeals to Putin as Netanyahu Stumbles,1,neutral,1,neutral,Neutral,1,0,FinGPT-Llama-3-8B-LoRA,tfns,-12.753573417663574,0.18250495195388794,-11.316073417663574,0.768374502658844,-14.066073417663574,0.04912053793668747
1220,Mountain America’s Free Adoption Event Saves Over 160 Pets at the Humane Society of Utah  https://t.co/SAkC0zncke,1,neutral,1,neutral,Neutral,1,0,FinGPT-Llama-3-8B-LoRA,tfns,-11.155393600463867,0.021131696179509163,-7.842894077301025,0.5801424384117126,-8.217893600463867,0.39872586727142334
1221,"MURKOWSKI WILL VOTE ``NO'' ON WITNESSES, WASH. POST SAYS",1,neutral,0,negative,Negative,0,0,FinGPT-Llama-3-8B-LoRA,tfns,-12.188827514648438,0.7037551403045654,-13.063827514648438,0.29336878657341003,-17.688827514648438,0.002876086626201868
1222,"My wife is 61 and earns $50,000. I’m 65 and earn $400,000 and will work until 71. Should my wife take her Social Se… https://t.co/XBkIQCDPzD",1,neutral,1,neutral,Neutral,1,0,FinGPT-Llama-3-8B-LoRA,tfns,-10.14206600189209,0.2290445864200592,-9.07956600189209,0.662762463092804,-10.89206600189209,0.10819299519062042
1223,Myanmar Asks Tour Firms to Suspend Services for Chinese Visitors,1,neutral,-1,UNPARSEABLE,,0,1,FinGPT-Llama-3-8B-LoRA,tfns,-11.08337116241455,0.47781452536582947,-11.02087116241455,0.5086309313774109,-14.64587116241455,0.013554554432630539
1224,National Cattlemen Beef Association of United St : Kansas Corn Encouraged by Bipartisan Ef... #economy… https://t.co/YFY2qzqpWw,1,neutral,1,neutral,Neutral,1,0,FinGPT-Llama-3-8B-LoRA,tfns,-11.322067260742188,0.06360001116991043,-8.884567260742188,0.7278635501861572,-10.134567260742188,0.20853641629219055
1225,"NBA should trim schedule to 68 games, says Washington University sports business director https://t.co/GGXMbWQjbV",1,neutral,1,neutral,Neutral,1,0,FinGPT-Llama-3-8B-LoRA,tfns,-9.404864311218262,0.5477737188339233,-9.654864311218262,0.4266066253185272,-12.467364311218262,0.025619719177484512
1226,NBC’s Today Co-anchors Savannah Guthrie and Hoda Kotb to Be Honored at 2020 Outstanding Mother Awards,1,neutral,1,neutral,Neutral,1,0,FinGPT-Llama-3-8B-LoRA,tfns,-11.766230583190918,0.04333830624818802,-8.766230583190918,0.8704731464385986,-11.078730583190918,0.08618851751089096
1227,Nevada casinos record big Super Bowl win,1,neutral,2,positive,positive,0,0,FinGPT-Llama-3-8B-LoRA,tfns,-11.615655899047852,0.0063376957550644875,-9.490655899047852,0.05306487902998924,-6.615655899047852,0.940597414970398
1228,Never lose sight of the big picture. @JimCramer breaks down how he's approaching a market obsessed with the headlin… https://t.co/L49D4iPLH2,1,neutral,1,neutral,Neutral,1,0,FinGPT-Llama-3-8B-LoRA,tfns,-10.141315460205078,0.2578487694263458,-9.203815460205078,0.6584399342536926,-11.266315460205078,0.08371123671531677
1229,New Cortec PE fund biggest winner from latest Texas CDRS pension commitments,1,neutral,1,neutral,Neutral,1,0,FinGPT-Llama-3-8B-LoRA,tfns,-10.503448486328125,0.10686851292848587,-8.878448486328125,0.5427231192588806,-9.315948486328125,0.3504083752632141
1230,New Dungeons & Dragons game announced,1,neutral,1,neutral,Neutral,1,0,FinGPT-Llama-3-8B-LoRA,tfns,-14.874938011169434,0.048558611422777176,-11.999938011169434,0.8607219457626343,-14.249938011169434,0.09071942418813705
1231,New England Patriots acknowledge team video crew filmed opposing team’s sideline during game https://t.co/Hrrt5qmCsT,1,neutral,0,negative,Negative,0,0,FinGPT-Llama-3-8B-LoRA,tfns,-11.166267395019531,0.6678237318992615,-11.916267395019531,0.31545761227607727,-14.853767395019531,0.01671864092350006
1232,New for subscribers:  This mutual fund returned over 400% last decade. Here are the stocks it's betting on now... https://t.co/8H17ZdXvNJ,1,neutral,1,neutral,Neutral,1,0,FinGPT-Llama-3-8B-LoRA,tfns,-9.753263473510742,0.026599973440170288,-6.8157639503479,0.5019044280052185,-6.8782639503479,0.4714955985546112
1233,New markets for the C-390 Millennium,1,neutral,1,neutral,Neutral,1,0,FinGPT-Llama-3-8B-LoRA,tfns,-11.191445350646973,0.02345847897231579,-8.066445350646973,0.5339124798774719,-8.253945350646973,0.44262903928756714
1234,New Special Effects Lighting at Aviva Stadium Takes Entertainment Experience to the Next Level,1,neutral,1,neutral,Neutral,1,0,FinGPT-Llama-3-8B-LoRA,tfns,-10.929030418395996,0.01152763795107603,-6.679030418395996,0.8081498146057129,-8.179030418395996,0.18032260239124298
1235,New York Governor Cuomo notes hospitalizations down sharply @Street_Insider $SPY,1,neutral,2,positive,Positive,0,0,FinGPT-Llama-3-8B-LoRA,tfns,-13.181621551513672,0.03865289315581322,-11.931621551513672,0.13491185009479523,-10.119121551513672,0.8264352679252625
1236,"New York Knicks fire head coach David Fizdale, report says https://t.co/SjxbaVIfmR",1,neutral,1,neutral,Neutral,1,0,FinGPT-Llama-3-8B-LoRA,tfns,-11.903026580810547,0.5436362624168396,-12.090526580810547,0.4506903290748596,-16.465526580810547,0.005673354025930166
1237,Nintendo Download: Wage War in the World of The Witcher,1,neutral,1,neutral,Neutral,1,0,FinGPT-Llama-3-8B-LoRA,tfns,-12.761956214904785,0.10332842171192169,-10.636956214904785,0.8651582598686218,-13.949456214904785,0.031513385474681854
1238,"No Insurance Policy? Lisa Page Sues FBI, DOJ For ""Unlawful"" Disclosure Of Strozk Texts https://t.co/0nqyroM0jD",1,neutral,1,neutral,Neutral,1,0,FinGPT-Llama-3-8B-LoRA,tfns,-10.736129760742188,0.31825926899909973,-10.048629760742188,0.6329340934753418,-12.611129760742188,0.04880663752555847
1239,Not every advance in electric-vehicle technology takes place inside the sterile calm of a research laboratory https://t.co/FgNwoVF270,1,neutral,1,neutral,Neutral,1,0,FinGPT-Llama-3-8B-LoRA,tfns,-11.785811424255371,0.06216895952820778,-9.223311424255371,0.8062193393707275,-11.035811424255371,0.1316116899251938
1240,Oliver has had this figured out for months.,1,neutral,1,neutral,Neutral,1,0,FinGPT-Llama-3-8B-LoRA,tfns,-14.96157169342041,0.02925742231309414,-11.58657169342041,0.8550271987915039,-13.58657169342041,0.11571534723043442
1241,"On this day in 1994 Orange County, California filed for bankruptcy protection after interest rate swaps imploded in… https://t.co/NatWmeuiIg",1,neutral,0,negative,Negative,0,0,FinGPT-Llama-3-8B-LoRA,tfns,-10.457301139831543,0.6296838521957397,-11.019801139831543,0.3587830364704132,-14.457301139831543,0.011533061973750591
1242,One California teacher says he has learned the hard way how the deck can be stacked against teachers’ retirement sa… https://t.co/DTpFqNo2FO,1,neutral,1,neutral,Neutral,1,0,FinGPT-Llama-3-8B-LoRA,tfns,-10.286564826965332,0.4706881046295166,-10.224064826965332,0.5010448694229126,-13.099064826965332,0.028267018496990204
1243,One Conscious Objector. Follow this and any other stock on Seeking Alpha! https://t.co/HUiIlURifS #business #finance #investing,1,neutral,1,neutral,Neutral,1,0,FinGPT-Llama-3-8B-LoRA,tfns,-11.780010223388672,0.13552738726139069,-9.967510223388672,0.8302059173583984,-13.155010223388672,0.03426669165492058
1244,"One in four mammals are traded internationally – alive and dead, whole and in pieces – by legal operations, crimina… https://t.co/g2yzN2gsD9",1,neutral,1,neutral,Neutral,1,0,FinGPT-Llama-3-8B-LoRA,tfns,-9.385021209716797,0.4099574387073517,-9.072521209716797,0.5603454113006592,-12.010021209716797,0.029697217047214508
1245,One of the largest coal-fired power plants in the Western US has just closed for good,1,neutral,1,neutral,Neutral,1,0,FinGPT-Llama-3-8B-LoRA,tfns,-11.699979782104492,0.48957568407058716,-11.699979782104492,0.48957568407058716,-14.856229782104492,0.020848648622632027
1246,One of the world's rarest butterflies is thriving in an unlikely place: a military artillery range https://t.co/D262xE8iFP,1,neutral,2,positive,Positive,0,0,FinGPT-Llama-3-8B-LoRA,tfns,-12.314163208007812,0.027635369449853897,-9.689163208007812,0.3814944922924042,-9.251663208007812,0.590870201587677
1247,Only 35 Shopping Days Until Christmas,1,neutral,1,neutral,neutral,1,0,FinGPT-Llama-3-8B-LoRA,tfns,-8.455548286437988,0.05916764587163925,-5.76804780960083,0.8694625496864319,-8.268048286437988,0.07136980444192886
1248,OPEC Considers Oil Output Cut; Tesla Shuts Stores: Virus Update,1,neutral,1,neutral,Neutral,1,0,FinGPT-Llama-3-8B-LoRA,tfns,-11.117109298706055,0.326793372631073,-10.554609298706055,0.5735402703285217,-12.304609298706055,0.09966634958982468
1249,"Pantone's 2020 Color of the Year is Classic Blue, chosen for its calming, reassuring vibes https://t.co/Z0KQG6EDZu",1,neutral,1,neutral,Neutral,1,0,FinGPT-Llama-3-8B-LoRA,tfns,-12.704773902893066,0.031378693878650665,-9.454773902893066,0.8092672228813171,-11.079773902893066,0.15935415029525757
1250,Partnering with Costco is the latest major expansion for Beyond Meat https://t.co/TEcFCWg7Ej,1,neutral,2,positive,Positive,0,0,FinGPT-Llama-3-8B-LoRA,tfns,-13.150824546813965,0.011263222433626652,-9.338324546813965,0.5098124146461487,-9.400824546813965,0.478924423456192
1251,Parts with passports: how free trade drives GM's engines,1,neutral,1,neutral,Neutral,1,0,FinGPT-Llama-3-8B-LoRA,tfns,-10.559003829956055,0.12245196104049683,-8.684003829956055,0.7984870672225952,-10.996503829956055,0.07906092703342438
1252,Passing The Torch … Or Should I Say The Flashlight App?,1,neutral,1,neutral,Neutral,1,0,FinGPT-Llama-3-8B-LoRA,tfns,-10.72059154510498,0.13491185009479523,-8.90809154510498,0.8264352679252625,-11.97059154510498,0.03865289315581322
1253,Paul Krugman Is More Than One Toke Over The Line https://t.co/SPM4T5j22Y,1,neutral,1,neutral,Neutral,1,0,FinGPT-Llama-3-8B-LoRA,tfns,-11.603592872619629,0.20538918673992157,-10.291092872619629,0.7631133794784546,-13.478592872619629,0.03149745240807533
1254,"Pearl Harbor vet’s interment to be last on sunken Arizona
https://t.co/kpn5NiTrWC",1,neutral,1,neutral,Neutral,1,0,FinGPT-Llama-3-8B-LoRA,tfns,-10.183151245117188,0.172810897231102,-8.683151245117188,0.7744846940040588,-11.370651245117188,0.0527043454349041
1255,"Philip Moulin, an expert on counterfeit wine, is charged with keeping bogus Bordeaux and Burgundies out of Berry Br… https://t.co/tstX3Y0f66",1,neutral,1,neutral,Neutral,1,0,FinGPT-Llama-3-8B-LoRA,tfns,-10.67336368560791,0.25279322266578674,-9.67336368560791,0.6871631741523743,-12.11086368560791,0.06004364416003227
1256,Pilita Clark: Any employer who can offer sabbatical leave will always be a step ahead of the rest https://t.co/wtvLnRCKOX,1,neutral,1,neutral,Neutral,1,0,FinGPT-Llama-3-8B-LoRA,tfns,-11.702287673950195,0.042010024189949036,-8.827287673950195,0.7446454167366028,-10.077287673950195,0.2133444994688034
1257,"Power Rankings: Chicken clash, Crocs comeback & end zone exec — top moments from the week https://t.co/2pd0UX0DBq",1,neutral,1,neutral,Neutral,1,0,FinGPT-Llama-3-8B-LoRA,tfns,-12.228607177734375,0.07615169137716293,-9.791107177734375,0.8715100288391113,-12.603607177734375,0.052338242530822754
1258,Private equity firms are increasingly turning to an obscure type of loan to fund larger and larger buyouts. That'… https://t.co/DZBVZnwj0C,1,neutral,-1,UNPARSEABLE,,0,1,FinGPT-Llama-3-8B-LoRA,tfns,-9.092529296875,0.28026506304740906,-8.842529296875,0.35986748337745667,-8.842529296875,0.35986748337745667
1259,Put Your Smaller Bonus to Better Use on Things That Will Appreciate,1,neutral,1,neutral,Neutral,1,0,FinGPT-Llama-3-8B-LoRA,tfns,-7.99567985534668,0.25279322266578674,-6.99567985534668,0.6871631741523743,-9.43317985534668,0.06004364416003227
1260,Q4 2019 Investment Style Ratings For ETFs And Mutual Funds. Keep reading: https://t.co/ULtBNLURe7 #economy #investing #markets,1,neutral,1,neutral,Neutral,1,0,FinGPT-Llama-3-8B-LoRA,tfns,-11.89394760131836,0.18615253269672394,-10.51894760131836,0.7362475395202637,-12.76894760131836,0.0775999203324318
1261,Qatar Not in Talks Yet With U.A.E. Over Healing Rift,1,neutral,1,neutral,Neutral,1,0,FinGPT-Llama-3-8B-LoRA,tfns,-11.0795316696167,0.42033782601356506,-10.7670316696167,0.5745337009429932,-15.4857816696167,0.005128476768732071
1262,Read like Bill Gates: His 5 picks of 2019 https://t.co/Gyp8FvcuDD,1,neutral,1,neutral,Neutral,1,0,FinGPT-Llama-3-8B-LoRA,tfns,-12.603700637817383,0.02460525557398796,-8.978700637817383,0.9233053922653198,-11.853700637817383,0.052089329808950424
1263,Real estate secondaries: Deals where ‘both parties walk away happy’,1,neutral,1,neutral,Neutral,1,0,FinGPT-Llama-3-8B-LoRA,tfns,-9.971246719360352,0.11527945101261139,-8.158746719360352,0.7061722278594971,-9.533746719360352,0.17854830622673035
1264,RECAP 1/31 TRUMPSAYS: THE BEST IS YET TO COME! Live Breaking trading news https://t.co/yChRCoaR8v,1,neutral,2,positive,Positive,0,0,FinGPT-Llama-3-8B-LoRA,tfns,-12.365411758422852,0.016789013519883156,-9.052911758422852,0.4609200954437256,-8.927911758422852,0.5222908854484558
1265,Record Demand For Fixed Income ETFs,1,neutral,1,neutral,Neutral,1,0,FinGPT-Llama-3-8B-LoRA,tfns,-6.2122321128845215,0.5064803957939148,-6.7122321128845215,0.30719587206840515,-7.2122321128845215,0.18632373213768005
1266,Remastering Volatility: Reducing Noise In Equity Allocations. Read more: https://t.co/EpjNmsSKIM #trading #economy #markets,1,neutral,1,neutral,Neutral,1,0,FinGPT-Llama-3-8B-LoRA,tfns,-13.315498352050781,0.13502658903598785,-11.627998352050781,0.7299467921257019,-13.315498352050781,0.13502658903598785
1267,"Residents play #SocialDistancing Bingo in Dublin, Ireland #COVID19ireland #coronavirus https://t.co/k7MEKlKttQ",1,neutral,1,neutral,Neutral,1,0,FinGPT-Llama-3-8B-LoRA,tfns,-13.135841369628906,0.027020420879125595,-9.635841369628906,0.8947934508323669,-12.073341369628906,0.07818617671728134
1268,Resumen: ProAmpac y nkd LIFE son reconocidos en los premios mundiales de la innovación en bebidas,1,neutral,1,neutral,Neutral,1,0,FinGPT-Llama-3-8B-LoRA,tfns,-12.993460655212402,0.03864451125264168,-9.868460655212402,0.8795450329780579,-12.243460655212402,0.08181042969226837
1269,"Retail earnings, Fed minutes, impeachment hearings: 3 things to watch for Wednesday",1,neutral,1,neutral,Neutral,1,0,FinGPT-Llama-3-8B-LoRA,tfns,-12.786828994750977,0.1217949390411377,-10.849328994750977,0.8454244136810303,-14.099328994750977,0.032780662178993225
1270,Retirement expert: The 'easiest' crack to fix in the system is workplace access https://t.co/MHHzY6X8Dh by… https://t.co/9sLWOOQsHP,1,neutral,1,neutral,Neutral,1,0,FinGPT-Llama-3-8B-LoRA,tfns,-10.107057571411133,0.17288756370544434,-8.732057571411133,0.6837835907936096,-10.294557571411133,0.14332883059978485
1271,"Roger Federer, preparing for life after tennis, buys stake in Swiss sneaker company after Nike contract expires https://t.co/oNmlohXmfL",1,neutral,1,neutral,Neutral,1,0,FinGPT-Llama-3-8B-LoRA,tfns,-13.954217910766602,0.04178895056247711,-10.891717910766602,0.8934870958328247,-13.516717910766602,0.06472399085760117
1272,"Romania's health-care system is one of the worst in Europe, so much so that a team of people took matters into thei... https://t.co/dkQoUmUia4",1,neutral,1,neutral,Neutral,1,0,FinGPT-Llama-3-8B-LoRA,tfns,-10.119158744812012,0.5090704560279846,-10.306658744812012,0.42203426361083984,-12.119158744812012,0.06889519840478897
1273,Russia Is Readying For Robot Wars https://t.co/YpKCkpSrTG,1,neutral,1,neutral,Neutral,1,0,FinGPT-Llama-3-8B-LoRA,tfns,-11.216495513916016,0.2738439440727234,-10.341495513916016,0.6569174528121948,-12.591495513916016,0.0692385882139206
1274,Russia Says Lives Lost in Joint Operation With Turkey in Syria,1,neutral,1,neutral,Neutral,1,0,FinGPT-Llama-3-8B-LoRA,tfns,-12.462007522583008,0.3143737018108368,-11.712007522583008,0.6655290722846985,-15.212007522583008,0.020097237080335617
1275,Russia Seeks to Lift Ban on ‘Blood Diamonds’ From African Ally,1,neutral,1,neutral,Neutral,1,0,FinGPT-Llama-3-8B-LoRA,tfns,-9.605391502380371,0.19921787083148956,-8.480391502380371,0.6136342883110046,-9.667891502380371,0.18714787065982819
1276,Saudi Arabia arrested at least 8 intellectuals last week as it extended a crackdown on political dissent https://t.co/Da4AfKxDMn,1,neutral,0,negative,Negative,0,0,FinGPT-Llama-3-8B-LoRA,tfns,-11.4364652633667,0.6200913190841675,-11.9364652633667,0.3761044144630432,-16.530216217041016,0.0038042382802814245
1277,Scientists are using realistic-looking fake penguins to convince real ones to move to safer habitats https://t.co/duMa8nLPzD,1,neutral,2,positive,Positive,0,0,FinGPT-Llama-3-8B-LoRA,tfns,-12.067309379577637,0.07337643206119537,-9.879809379577637,0.653997004032135,-10.754809379577637,0.27262651920318604
1278,Secret Chinese documents reveal inner workings of Muslim detention camps. https://t.co/mpAg6qq6BX https://t.co/avWP2G04uC,1,neutral,1,neutral,Neutral,1,0,FinGPT-Llama-3-8B-LoRA,tfns,-11.407641410827637,0.4033827781677246,-11.095141410827637,0.5513588786125183,-13.595141410827637,0.0452582947909832
1279,"Snap CEO Evan Spiegel Talks TikTok, Politics And Earnings",1,neutral,1,neutral,Neutral,1,0,FinGPT-Llama-3-8B-LoRA,tfns,-12.428857803344727,0.13944151997566223,-10.678857803344727,0.8024306297302246,-13.303857803344727,0.05812788009643555
1280,So Halsey needs a shower,1,neutral,1,neutral,Neutral,1,0,FinGPT-Llama-3-8B-LoRA,tfns,-13.896242141723633,0.02143390104174614,-10.083742141723633,0.9701724648475647,-14.833742141723633,0.008393636904656887
1281,Soccer-Mancini spoilt for choice as record-breaking Italy head to Euros - Nasdaq,1,neutral,1,neutral,Neutral,1,0,FinGPT-Llama-3-8B-LoRA,tfns,-12.46311092376709,0.04332014545798302,-9.77561092376709,0.6365848779678345,-10.46311092376709,0.3200949728488922
1282,SolarEdge dostarczy Enfindus falowniki dla Europejskiego projektu solarnego o mocy 1GW.,1,neutral,1,neutral,Neutral,1,0,FinGPT-Llama-3-8B-LoRA,tfns,-12.37656021118164,0.04123849421739578,-9.31406021118164,0.8817178606987,-11.75156021118164,0.07704364508390427
1283,Some universities have pledged not to set exam questions on topics that have been hit by strike disruption https://t.co/HBD2kg7nMI,1,neutral,1,neutral,Neutral,1,0,FinGPT-Llama-3-8B-LoRA,tfns,-12.475334167480469,0.15152060985565186,-10.912834167480469,0.7228643894195557,-12.662834167480469,0.1256149858236313
1284,"-Spaghetti with a sweet banana ketchup sauce and hotdog chunks
-Sweet burger steaks
-Buckets of fried chicken 
The… https://t.co/Pvy1ytdlSY",1,neutral,1,neutral,Neutral,1,0,FinGPT-Llama-3-8B-LoRA,tfns,-8.699535369873047,0.16289122402668,-7.449534893035889,0.56854647397995,-8.199535369873047,0.2685622572898865
1285,"Special Reports: Weekly Options Volatility Analysis Ahead of Earnings -- $CDMO, $ORCL seeing high relative volatili… https://t.co/A1YCdejDbS",1,neutral,1,neutral,Neutral,1,0,FinGPT-Llama-3-8B-LoRA,tfns,-8.819265365600586,0.27814337611198425,-8.131765365600586,0.5531541705131531,-9.319265365600586,0.16870246827602386
1286,Stock market crashes happen more than you think. The key to surviving them is being prepared.  https://t.co/1DutJov1m0,1,neutral,0,negative,Negative,0,0,FinGPT-Llama-3-8B-LoRA,tfns,-11.149299621582031,0.6739324927330017,-11.899299621582031,0.3183431625366211,-15.618049621582031,0.007724368013441563
1287,Stocks Are Writing Checks the Economic Data Can’t Cash,1,neutral,0,negative,Negative,0,0,FinGPT-Llama-3-8B-LoRA,tfns,-10.038729667663574,0.5757505893707275,-10.351229667663574,0.4212281107902527,-15.288729667663574,0.00302126188762486
1288,Supreme Court Takes Cognisance Of Infant’s Death During Shaheen Bagh Protest,1,neutral,1,neutral,Neutral,1,0,FinGPT-Llama-3-8B-LoRA,tfns,-10.908032417297363,0.2815132737159729,-10.033032417297363,0.675315260887146,-12.783032417297363,0.04317145794630051
1289,Supreme Court won't give Adnan Syed new trial in 'Serial' podcast murder case https://t.co/gUbF5AO9EI,1,neutral,1,neutral,Neutral,1,0,FinGPT-Llama-3-8B-LoRA,tfns,-12.204460144042969,0.3715667724609375,-11.704460144042969,0.6126100420951843,-15.360710144042969,0.01582322269678116
1290,Sydney's smoke-filled air from the bushfires is so bad it's setting off fire alarms. @SybillaGross explains just h… https://t.co/Ss3reLWhlW,1,neutral,0,negative,Negative,0,0,FinGPT-Llama-3-8B-LoRA,tfns,-10.591212272644043,0.635791540145874,-11.216212272644043,0.34031468629837036,-13.872462272644043,0.023893842473626137
1291,"Taylor Swift sings 'Love Story', 'Blank Space' and more during American Music Awards performance https://t.co/qgEfuSM5xp",1,neutral,1,neutral,Neutral,1,0,FinGPT-Llama-3-8B-LoRA,tfns,-12.744165420532227,0.02106320485472679,-8.994165420532227,0.8956302404403687,-11.369165420532227,0.08330658823251724
1292,Tension in Hong Kong simmers on,1,neutral,1,neutral,Neutral,1,0,FinGPT-Llama-3-8B-LoRA,tfns,-12.08423900604248,0.36155617237091064,-11.52173900604248,0.6345508694648743,-16.615489959716797,0.003892947221174836
1293,The 16 most innovative new companies of the 2010s https://t.co/oFcdKQkRMu by @ewolffmann https://t.co/wzisb9VNvh,1,neutral,1,neutral,Neutral,1,0,FinGPT-Llama-3-8B-LoRA,tfns,-10.218973159790039,0.07518885284662247,-7.843973159790039,0.8083563446998596,-9.781473159790039,0.11645478010177612
1294,"The Afghanistan Papers Reveal a Tragedy, Not a Crime",1,neutral,1,neutral,Neutral,1,0,FinGPT-Llama-3-8B-LoRA,tfns,-11.772014617919922,0.2290293276309967,-10.584514617919922,0.750958263874054,-14.209514617919922,0.02001236006617546
1295,"The African grey parrot is an intelligent animal capable of mimicking human speech, which can live in captivity up… https://t.co/1UX49C10l7",1,neutral,1,neutral,Neutral,1,0,FinGPT-Llama-3-8B-LoRA,tfns,-10.529566764831543,0.10785679519176483,-8.529566764831543,0.7969599366188049,-10.654566764831543,0.09518329054117203
1296,The backlash over Peloton's much-maligned holiday ad could be a good thing for the company in the long run https://t.co/VTjv9gaE5Y,1,neutral,2,positive,Positive,0,0,FinGPT-Llama-3-8B-LoRA,tfns,-11.326936721801758,0.07108777016401291,-9.514436721801758,0.43546533584594727,-9.389436721801758,0.49344688653945923
1297,"The Best Apple Watch Black Friday Deals (2019): List of Apple Watch Series 3, 4 & 5 GPS & Cellular Savings Shared by Save Bubble",1,neutral,1,neutral,Neutral,1,0,FinGPT-Llama-3-8B-LoRA,tfns,-10.416173934936523,0.07844144105911255,-8.103673934936523,0.792230486869812,-9.916173934936523,0.12932807207107544
1298,The Big Dirty Secret Behind Wind Power,1,neutral,1,neutral,neutral,1,0,FinGPT-Llama-3-8B-LoRA,tfns,-8.459571838378906,0.4284834563732147,-8.209571838378906,0.5501836538314819,-11.459571838378906,0.021332934498786926
1299,The Big Picture: More to the good employment report than job growth $SPY $TNX-- https://t.co/w4dAzYCmAz… https://t.co/6a6tdtLR2k,1,neutral,2,positive,Positive,0,0,FinGPT-Llama-3-8B-LoRA,tfns,-12.746538162231445,0.023152178153395653,-10.184038162231445,0.30024203658103943,-9.371538162231445,0.6766058206558228
1300,The biggest holdup in the U.S.-China negotiations is Washington’s demand that China guarantee its pledge to buy mor… https://t.co/FIbhm2SNtj,1,neutral,1,neutral,Neutral,1,0,FinGPT-Llama-3-8B-LoRA,tfns,-10.401508331298828,0.39166969060897827,-10.151508331298828,0.5029138326644897,-11.714008331298828,0.10541646927595139
1301,The Billionaire's Big Job of Restoring Aston Martin,1,neutral,1,neutral,Neutral,1,0,FinGPT-Llama-3-8B-LoRA,tfns,-12.132502555847168,0.14981059730052948,-10.445002555847168,0.8098683953285217,-13.445002555847168,0.040320973843336105
1302,The CDC says Americans don't have to wear facemasks because of coronavirus https://t.co/uOZUXtZJxt,1,neutral,1,neutral,Neutral,1,0,FinGPT-Llama-3-8B-LoRA,tfns,-12.355461120605469,0.06160403788089752,-9.980461120605469,0.6623058319091797,-10.855461120605469,0.276090145111084
1303,The companies all deserve credit for conscientiously reconsidering the consequences of their design choices https://t.co/U8xZNmVfZQ,1,neutral,1,neutral,Neutral,1,0,FinGPT-Llama-3-8B-LoRA,tfns,-12.642072677612305,0.018548382446169853,-8.954572677612305,0.7409125566482544,-10.079572677612305,0.2405390739440918
1304,The consequences of ultra-low US unemployment https://t.co/sfRBlPKbuY,1,neutral,1,neutral,Neutral,1,0,FinGPT-Llama-3-8B-LoRA,tfns,-10.451181411743164,0.24182955920696259,-9.451181411743164,0.657360851764679,-11.326181411743164,0.10080955177545547
1305,The End of Econ Blogging’s Golden Age,1,neutral,1,neutral,Neutral,1,0,FinGPT-Llama-3-8B-LoRA,tfns,-7.954177379608154,0.4168432950973511,-7.641677379608154,0.5697572827339172,-11.391676902770996,0.013399412855505943
1306,The family behind Krispy Kreme Doughnuts and Panera Bread is adding a member of the Kardashian clan to its portfolio https://t.co/0h1f7I0IyY,1,neutral,1,neutral,Neutral,1,0,FinGPT-Llama-3-8B-LoRA,tfns,-12.191121101379395,0.04997638985514641,-9.316121101379395,0.8858526349067688,-11.941121101379395,0.0641709491610527
1307,"The FT View: Jair Bolsonaro should keep his nerve and seize Brazil’s chance to change
https://t.co/4QkSKpohll",1,neutral,2,positive,Positive,0,0,FinGPT-Llama-3-8B-LoRA,tfns,-11.945476531982422,0.08093264698982239,-9.882976531982422,0.6365846395492554,-10.695476531982422,0.28248271346092224
1308,The Infinite Energy Resource We’re Overlooking,1,neutral,1,neutral,neutral,1,0,FinGPT-Llama-3-8B-LoRA,tfns,-9.770279884338379,0.2129591703414917,-8.582779884338379,0.6982662677764893,-10.645279884338379,0.08877459168434143
1309,The IRS has a new tax form out and wants to know all about your cryptocurrency https://t.co/dgAgh1v040,1,neutral,1,neutral,Neutral,1,0,FinGPT-Llama-3-8B-LoRA,tfns,-12.98003101348877,0.20923222601413727,-11.66753101348877,0.7773920297622681,-15.73003101348877,0.013375768437981606
1310,"The JEDI suit isn't about Star Wars.

Amazon is suing the Pentagon because it gave Microsoft a cloud computing cont… https://t.co/VAQytv4kJ3",1,neutral,0,negative,Negative,0,0,FinGPT-Llama-3-8B-LoRA,tfns,-10.610334396362305,0.6755642890930176,-11.360334396362305,0.31911396980285645,-15.454084396362305,0.005321729928255081
1311,The Least Expensive Car Of 2019,1,neutral,1,neutral,neutral,1,0,FinGPT-Llama-3-8B-LoRA,tfns,-10.975593566894531,0.08782602846622467,-8.663093566894531,0.8870114088058472,-12.225593566894531,0.025162577629089355
1312,The man once dubbed 'Britain's Bill Gates' could be one step closer to a US jail,1,neutral,1,neutral,Neutral,1,0,FinGPT-Llama-3-8B-LoRA,tfns,-11.644319534301758,0.25583431124687195,-10.581819534301758,0.7402810454368591,-15.831819534301758,0.003884638426825404
1313,The Markets Speak: The Lesson Has Been Harsh. https://t.co/89QRsOfn53 #business #stocks #stockmarket,1,neutral,1,neutral,Neutral,1,0,FinGPT-Llama-3-8B-LoRA,tfns,-12.612909317016602,0.37057510018348694,-12.112909317016602,0.6109750270843506,-15.612909317016602,0.018449848517775536
1314,"The most patient investors may want some commodities in their portfolio, says @jasonzweigwsj https://t.co/iPzo9hUxaj",1,neutral,2,positive,Positive,0,0,FinGPT-Llama-3-8B-LoRA,tfns,-13.839776992797852,0.015721634030342102,-10.089776992797852,0.6685009002685547,-10.839776992797852,0.3157774806022644
1315,The most successful money maker in modern finance has one simple rule of thumb for investing: remove all emotion. https://t.co/MBtciNVHrn,1,neutral,1,neutral,Neutral,1,0,FinGPT-Llama-3-8B-LoRA,tfns,-12.707674980163574,0.06051832064986229,-10.020174980163574,0.8893102407455444,-12.895174980163574,0.05017145350575447
1316,The MTA's 2020 resolution: bring contactless payments to all subway stations and buses by the end of the year. https://t.co/5OJSrin71m,1,neutral,1,neutral,Neutral,1,0,FinGPT-Llama-3-8B-LoRA,tfns,-13.837565422058105,0.014226159080862999,-9.837565422058105,0.7767219543457031,-11.150065422058105,0.20905187726020813
1317,"The New England Patriots admitted that a crew last Sunday ""unknowingly violated a league policy by filming the fiel… https://t.co/3VK3izjuim",1,neutral,-1,UNPARSEABLE,,0,1,FinGPT-Llama-3-8B-LoRA,tfns,-10.23232650756836,0.6850926876068115,-11.16982650756836,0.2682861387729645,-12.91982650756836,0.04662114381790161
1318,The number of new coronavirus cases in Indonesia surges by more than 200 for second consecutive day https://t.co/bdhN2NroqM,1,neutral,0,negative,Negative,0,0,FinGPT-Llama-3-8B-LoRA,tfns,-11.611196517944336,0.6496642827987671,-12.298696517944336,0.3266717195510864,-14.923696517944336,0.023664020001888275
1319,"The Oxford Word of the Year 2019 is what the UN secretary-general called ""the defining issue of our time"" https://t.co/CG7TmQCOW5",1,neutral,1,neutral,Neutral,1,0,FinGPT-Llama-3-8B-LoRA,tfns,-12.542603492736816,0.09147889167070389,-10.292603492736816,0.867927610874176,-13.355103492736816,0.04059351608157158
1320,The Protected Principal Retirement Portfolio: Preliminary Rebalancing - Part II. Read more: https://t.co/FqgNC2brWZ… https://t.co/4os0EzLBOA,1,neutral,1,neutral,Neutral,1,0,FinGPT-Llama-3-8B-LoRA,tfns,-11.524271965026855,0.12153798341751099,-9.586771965026855,0.8436408042907715,-12.774271965026855,0.03482121601700783
1321,The retail winners and losers for when we can spend again: https://t.co/qLtOPsBmME,1,neutral,1,neutral,Neutral,1,0,FinGPT-Llama-3-8B-LoRA,tfns,-12.223042488098145,0.09170443564653397,-9.973042488098145,0.8700675368309021,-13.098042488098145,0.038228098303079605
1322,The search for the Alzheimer's drug is costly and frustratingly unpredictable. But it's actually a calculated gambl… https://t.co/wh7v9OAq23,1,neutral,1,neutral,Neutral,1,0,FinGPT-Llama-3-8B-LoRA,tfns,-11.325065612792969,0.37427660822868347,-11.012565612792969,0.51157546043396,-12.512565612792969,0.11414792388677597
1323,"The U.S. may not be able to stop China and Russia from selling arms to Iran next year, says @GhoshWorld… https://t.co/llJ1jsbDiz",1,neutral,1,neutral,Neutral,1,0,FinGPT-Llama-3-8B-LoRA,tfns,-9.022383689880371,0.5282739996910095,-9.209883689880371,0.4379545748233795,-11.772383689880371,0.03377142921090126
1324,"The U.S. Navy says a second victim is dead in addition to the shooter at Naval Air Station Pensacola in Florida, th… https://t.co/cns2vm5dvN",1,neutral,1,neutral,Neutral,1,0,FinGPT-Llama-3-8B-LoRA,tfns,-10.579826354980469,0.4567118287086487,-10.454826354980469,0.5175222754478455,-13.454826354980469,0.02576591819524765
1325,"The U.S. reopening its market to Brazilian fresh beef is a matter of when, not if https://t.co/Jr2lcHzJOr",1,neutral,2,positive,Positive,0,0,FinGPT-Llama-3-8B-LoRA,tfns,-12.923669815063477,0.01742362417280674,-9.986169815063477,0.32875967025756836,-9.298669815063477,0.6538166999816895
1326,The US has added waiters and bartenders in 112 of the past 11 7 months https://t.co/b1LS0U7EUi,1,neutral,2,positive,Positive,0,0,FinGPT-Llama-3-8B-LoRA,tfns,-13.188736915588379,0.05075288191437721,-11.313736915588379,0.33095037937164307,-10.688736915588379,0.6182966828346252
1327,The US has crazy-low taxes and this is why https://t.co/rOJq3Bp5r6 via @bopinion,1,neutral,2,positive,Positive,0,0,FinGPT-Llama-3-8B-LoRA,tfns,-11.465531349182129,0.037393976002931595,-8.715531349182129,0.5849402546882629,-9.153031349182129,0.37766581773757935
1328,The Web Might Be a Monopolist’s Best Friend,1,neutral,1,neutral,neutral,1,0,FinGPT-Llama-3-8B-LoRA,tfns,-6.816159248352051,0.4777797758579254,-6.816159248352051,0.4777797758579254,-9.19115924835205,0.04444044083356857
1329,"The Week Ahead: Monetary Policy, Stats and an Impeachment in Focus",1,neutral,1,neutral,Neutral,1,0,FinGPT-Llama-3-8B-LoRA,tfns,-11.31058406829834,0.08393304795026779,-8.93558406829834,0.9023653268814087,-13.12308406829834,0.013701693154871464
1330,There are 'a lot of predators' in the fashion industry: Kathy Ireland,1,neutral,1,neutral,Neutral,1,0,FinGPT-Llama-3-8B-LoRA,tfns,-13.600971221923828,0.11176062375307083,-11.538471221923828,0.8790654540061951,-16.100971221923828,0.009173871949315071
1331,"There has been a lot conversation about why companies are staying private longer, but not enough conversation on th… https://t.co/wpIl7U9TJ9",1,neutral,1,neutral,Neutral,1,0,FinGPT-Llama-3-8B-LoRA,tfns,-11.589235305786133,0.1785152405500412,-10.151735305786133,0.7515771985054016,-12.526735305786133,0.06990756839513779
1332,These three retail innovators challenge the conventional wisdom of brick and mortar https://t.co/45B2Hlbm32,1,neutral,1,neutral,Neutral,1,0,FinGPT-Llama-3-8B-LoRA,tfns,-11.982793807983398,0.01006361749023199,-7.545293807983398,0.8510124087333679,-9.357793807983398,0.13892395794391632
1333,This app recommends stocks based on your Zodiac sign. But it's not what you think,1,neutral,1,neutral,Neutral,1,0,FinGPT-Llama-3-8B-LoRA,tfns,-13.445281982421875,0.08139164000749588,-11.070281982421875,0.8750425577163696,-14.070281982421875,0.04356580227613449
1334,This is a great and well reseached book on Justice K. The Ruth Marcus book is a badly written & reseached disaster.… https://t.co/vS6EEFdMEj,1,neutral,1,neutral,Neutral,1,0,FinGPT-Llama-3-8B-LoRA,tfns,-11.29189682006836,0.3238603174686432,-10.60439682006836,0.6440731883049011,-13.60439682006836,0.03206651285290718
1335,This Is When Your Favorite Stores Open on Black Friday,1,neutral,1,neutral,neutral,1,0,FinGPT-Llama-3-8B-LoRA,tfns,-10.78298568725586,0.05069597437977791,-7.907985210418701,0.8986080884933472,-10.78298568725586,0.05069597437977791
1336,This man is making millions selling testicular implants for everything from a dog to an elephant.… https://t.co/yDYQvADflP,1,neutral,1,neutral,Neutral,1,0,FinGPT-Llama-3-8B-LoRA,tfns,-11.274641036987305,0.10468026250600815,-9.212141036987305,0.8233740925788879,-11.649641036987305,0.07194563001394272
1337,This map shows the U.S. cities where robots are impacting jobs the most. (via @CNBCMakeIt) https://t.co/75r14auc32 https://t.co/dolkFZtPxx,1,neutral,1,neutral,Neutral,1,0,FinGPT-Llama-3-8B-LoRA,tfns,-12.158028602600098,0.2822515368461609,-11.283028602600098,0.6770862936973572,-14.095528602600098,0.040662191808223724
1338,Three breakfast reads https://t.co/VHJwACKpI8,1,neutral,1,neutral,Neutral,1,0,FinGPT-Llama-3-8B-LoRA,tfns,-12.677062034606934,0.04961518570780754,-9.739562034606934,0.9361698627471924,-13.927062034606934,0.014214987866580486
1339,Three Things You Should Check Before Buying Avery Dennison Corporation (NYSE:AVY) For Its Dividend,1,neutral,1,neutral,neutral,1,0,FinGPT-Llama-3-8B-LoRA,tfns,-8.972810745239258,0.42515629529953003,-8.722810745239258,0.5459114909172058,-11.660310745239258,0.028932249173521996
1340,"Thyssenkrupp, Kone discuss multi-billion euro break-up fee - sources",1,neutral,1,neutral,Neutral,1,0,FinGPT-Llama-3-8B-LoRA,tfns,-12.785798072814941,0.16349691152572632,-11.223298072814941,0.7800000905990601,-13.848298072814941,0.056503020226955414
1341,TicToc Good news...the minority male turtles can handle it]... they are  required to pay child support.,1,neutral,2,positive,Positive,0,0,FinGPT-Llama-3-8B-LoRA,tfns,-13.906578063964844,0.018461303785443306,-10.281578063964844,0.6927552819252014,-11.156578063964844,0.28878337144851685
1342,"TicToc https://t.co/EOsKuYWXOv tarafından ⚡️ “Iman, the last Sumatran rhinoceros in Malaysia, has died at 25”",1,neutral,0,negative,Negative,0,0,FinGPT-Llama-3-8B-LoRA,tfns,-11.125926971435547,0.48135191202163696,-11.063426971435547,0.5123964548110962,-15.469676971435547,0.006251669488847256
1343,Tiger Woods and U.S. Team Score Another Presidents Cup Win,1,neutral,2,positive,Positive,0,0,FinGPT-Llama-3-8B-LoRA,tfns,-12.454747200012207,0.03603455796837807,-9.642247200012207,0.6000292897224426,-10.142247200012207,0.3639361560344696
1344,Time to drive pensions sharks out of the water for good https://t.co/0B8FXfEjvI,1,neutral,1,neutral,Neutral,1,0,FinGPT-Llama-3-8B-LoRA,tfns,-11.160877227783203,0.1251065582036972,-9.285877227783203,0.8157972097396851,-11.910877227783203,0.05909615755081177
1345,Today millions of people around the world continue to suffer in poverty. #Data and #technology can enable governmen… https://t.co/6uirAecyyP,1,neutral,1,neutral,Neutral,1,0,FinGPT-Llama-3-8B-LoRA,tfns,-8.986505508422852,0.2762559652328491,-8.236505508422852,0.5848338603973389,-9.674005508422852,0.1389102190732956
1346,Top trending: Assange rape investigation dropped; Chick-Fil-A bans donating to anti-LGBTQ groups,1,neutral,1,neutral,Neutral,1,0,FinGPT-Llama-3-8B-LoRA,tfns,-15.305888175964355,0.012994171120226383,-11.118388175964355,0.8557693362236023,-12.993388175964355,0.1312364786863327
1347,"Trade war. Possible recession. Presidential election.

Here are the 3 stocks you need heading into 2020. 

https://t.co/fdcXiqwKpw",1,neutral,0,negative,Negative,0,0,FinGPT-Llama-3-8B-LoRA,tfns,-4.103304386138916,0.5434055924415588,-4.853304386138916,0.25668662786483765,-5.103304386138916,0.19990776479244232
1348,"Travel Restrictions Won't Help Contain Virus, Johns Hopkins' Nuzzo Says",1,neutral,0,negative,Negative,0,0,FinGPT-Llama-3-8B-LoRA,tfns,-10.125268936157227,0.5740358233451843,-10.437768936157227,0.41997355222702026,-14.687768936157227,0.005990601610392332
1349,"Troops are reinforcing the police in Bogota, after outbreaks of looting and vandalism https://t.co/tGzHJL5v84",1,neutral,1,neutral,Neutral,1,0,FinGPT-Llama-3-8B-LoRA,tfns,-12.12047290802002,0.4993002116680145,-12.30797290802002,0.4139344096183777,-13.87047290802002,0.086765356361866
1350,Two More Bankers Arrested in Germany Over Tax Scandal Investigation,1,neutral,1,neutral,Neutral,1,0,FinGPT-Llama-3-8B-LoRA,tfns,-9.408031463623047,0.5228227376937866,-9.533031463623047,0.461389422416687,-12.908031463623047,0.0157878790050745
1351,"Two people in custody after vehicle breaches checkpoints at Trump's Mar-a-Lago resort, police say https://t.co/rz7EV9ncJw",1,neutral,1,neutral,Neutral,1,0,FinGPT-Llama-3-8B-LoRA,tfns,-10.357675552368164,0.18131905794143677,-8.920175552368164,0.7633817195892334,-11.545175552368164,0.05529918894171715
1352,Ukraine still hasn't received $35 million of approved military aid: report https://t.co/N0yrGxtdQl via @HuffPost https://t.co/58RXm3xu0f,1,neutral,0,negative,Negative,0,0,FinGPT-Llama-3-8B-LoRA,tfns,-11.633535385131836,0.6267187595367432,-12.196035385131836,0.35709357261657715,-15.289785385131836,0.01618763990700245
1353,"Unlock our award-winning LIVE #investmentresearch, fundamental and #technicalanalysis, #market flow, #earnings cove… https://t.co/1G5gqkLBzM",1,neutral,1,neutral,Neutral,1,0,FinGPT-Llama-3-8B-LoRA,tfns,-9.675240516662598,0.20150282979011536,-8.425240516662598,0.7033140063285828,-10.425240516662598,0.09518319368362427
1354,Venture capital doesn't work for everyone. There's another way https://t.co/kp76Buetao,1,neutral,1,neutral,Neutral,1,0,FinGPT-Llama-3-8B-LoRA,tfns,-12.403820991516113,0.11692758649587631,-10.403820991516113,0.8639845252037048,-14.216320991516113,0.019087903201580048
1355,Venture capitalists are embracing direct listings and curbing fees for bankers https://t.co/Xm3d9qsGhl,1,neutral,1,neutral,Neutral,1,0,FinGPT-Llama-3-8B-LoRA,tfns,-11.710027694702148,0.12583893537521362,-10.085027694702148,0.6390628814697266,-11.085027694702148,0.23509812355041504
1356,Virus Hits Hong Kong Insurers Already Reeling From Protests,1,neutral,0,negative,Negative,0,0,FinGPT-Llama-3-8B-LoRA,tfns,-10.32272720336914,0.7712361812591553,-11.57272720336914,0.22096286714076996,-14.91647720336914,0.007800943683832884
1357,Voters left in the dark over money behind online election ads https://t.co/84RDNVsRKP,1,neutral,1,neutral,Neutral,1,0,FinGPT-Llama-3-8B-LoRA,tfns,-11.328486442565918,0.3330959975719452,-10.640986442565918,0.6624404788017273,-15.640986442565918,0.004463489167392254
1358,Waiting for your Equifax settlement cash? Don’t hold your breath https://t.co/60naM4i2NO,1,neutral,1,neutral,Neutral,1,0,FinGPT-Llama-3-8B-LoRA,tfns,-11.050724983215332,0.46537286043167114,-10.925724983215332,0.5273365378379822,-15.206974983215332,0.0072906226851046085
1359,Wall Street Breakfast: Merger Monday. Get more updates here: https://t.co/jl4re63yZs #investing #markets #business,1,neutral,1,neutral,Neutral,1,0,FinGPT-Llama-3-8B-LoRA,tfns,-12.101642608642578,0.11735960841178894,-10.226642608642578,0.7652807235717773,-12.101642608642578,0.11735960841178894
1360,"Wall Street Has Plans for Newspapers, and They Aren't Pretty",1,neutral,1,neutral,Neutral,1,0,FinGPT-Llama-3-8B-LoRA,tfns,-12.42603874206543,0.43668660521507263,-12.17603874206543,0.5607166886329651,-17.55103874206543,0.002596633741632104
1361,Wall Street's Finest Walk Into a $2 Trillion Mess on Saudi Aramco,1,neutral,1,neutral,Neutral,1,0,FinGPT-Llama-3-8B-LoRA,tfns,-9.233210563659668,0.5211259126663208,-9.358210563659668,0.45989203453063965,-12.545710563659668,0.018982011824846268
1362,Warren Buffett: Growth vs. Cash Generation,1,neutral,1,neutral,neutral,1,0,FinGPT-Llama-3-8B-LoRA,tfns,-9.127031326293945,0.21334458887577057,-7.8770318031311035,0.7446454167366028,-10.752031326293945,0.04201003909111023
1363,Watch Live: Shots Fired At Mar-a-Lago https://t.co/kxZiY2weRW,1,neutral,1,neutral,Neutral,1,0,FinGPT-Llama-3-8B-LoRA,tfns,-10.699580192565918,0.17529039084911346,-9.199580192565918,0.785597026348114,-12.199580192565918,0.03911257162690163
1364,WATCH: A sea of fans filled the streets of Rio de Janeiro to celebrate Flamengo's win over River Plate in the Copa… https://t.co/U0spDtnEzr,1,neutral,1,neutral,Neutral,1,0,FinGPT-Llama-3-8B-LoRA,tfns,-9.925202369689941,0.05712452530860901,-7.550202369689941,0.6141465306282043,-8.175202369689941,0.32872897386550903
1365,"Watchdog faults FBI in Trump campaign probe, but sees no bias https://t.co/ntqbKnWfWJ",1,neutral,1,neutral,Neutral,1,0,FinGPT-Llama-3-8B-LoRA,tfns,-11.294593811035156,0.10642410814762115,-9.357093811035156,0.7387296557426453,-10.919593811035156,0.15484614670276642
1366,"What are Kimberly Esterkin's top priorities as an #IRO? 

✅ ""Staying ahead of the best practices in my industry"" 
✅… https://t.co/JDyJevXsED",1,neutral,1,neutral,neutral,1,0,FinGPT-Llama-3-8B-LoRA,tfns,-8.237807273864746,0.016327455639839172,-4.487806797027588,0.694261372089386,-5.362806797027588,0.28941118717193604
1367,What Can the 1991 Recession and S&L Crisis Tell Us About Today?,1,neutral,1,neutral,Neutral,1,0,FinGPT-Llama-3-8B-LoRA,tfns,-9.947441101074219,0.2848132848739624,-9.072441101074219,0.6832315921783447,-12.134941101074219,0.03195516765117645
1368,What is the age of the ‘Instagram face’?,1,neutral,1,neutral,Neutral,1,0,FinGPT-Llama-3-8B-LoRA,tfns,-6.616776466369629,0.27817460894584656,-5.679276466369629,0.7103437781333923,-9.804276466369629,0.011481637135148048
1369,"What to watch in the markets: Thursday, Feb 6",1,neutral,1,neutral,Neutral,1,0,FinGPT-Llama-3-8B-LoRA,tfns,-12.294726371765137,0.15617504715919495,-10.669726371765137,0.793122410774231,-13.419726371765137,0.050702616572380066
1370,What was the top cryptocurrency of 2019?,1,neutral,-1,UNPARSEABLE,,0,1,FinGPT-Llama-3-8B-LoRA,tfns,-17.71917152404785,0.39983561635017395,-18.71917152404785,0.14709129929542542,-17.59417152404785,0.453073114156723
1371,When Can You Afford to Retire? Ask Yourself These 4 Questions,1,neutral,1,neutral,Neutral,1,0,FinGPT-Llama-3-8B-LoRA,tfns,-8.460203170776367,0.18356451392173767,-7.022703647613525,0.7728350758552551,-9.897703170776367,0.04360039159655571
1372,"When companies buy their own shares, executives are quick to cash out https://t.co/19bF83Xoi7 via @BW",1,neutral,1,neutral,Neutral,1,0,FinGPT-Llama-3-8B-LoRA,tfns,-10.271251678466797,0.4963476061820984,-10.271251678466797,0.4963476061820984,-14.490001678466797,0.007304762024432421
1373,"When in doubt, follow the Oracle of Omaha?  https://t.co/eG7b0eXXit",1,neutral,1,neutral,Neutral,1,0,FinGPT-Llama-3-8B-LoRA,tfns,-10.07229995727539,0.16227605938911438,-8.50979995727539,0.774175763130188,-11.00979995727539,0.06354821473360062
1374,"Which way will the markets be headed next week before traders head home for Thanksgiving? On @MadMoneyOnCNBC,… https://t.co/q4NtFLbrmV",1,neutral,1,neutral,Neutral,1,0,FinGPT-Llama-3-8B-LoRA,tfns,-9.294207572937012,0.22221598029136658,-8.231707572937012,0.6430032253265381,-9.794207572937012,0.13478079438209534
1375,Whn you've lost Tom Lee...,1,neutral,1,neutral,Neutral,1,0,FinGPT-Llama-3-8B-LoRA,tfns,-11.384206771850586,0.2795554995536804,-10.446706771850586,0.7138699889183044,-15.134206771850586,0.006574515253305435
1376,Why Accelerated Approval Could Be Huge for This Ovarian Cancer Study,1,neutral,2,positive,Positive,0,0,FinGPT-Llama-3-8B-LoRA,tfns,-11.334856033325195,0.18632373213768005,-10.334856033325195,0.5064803957939148,-10.834856033325195,0.30719587206840515
1377,why macro funds are shutting down left and right https://t.co/gVYowOBmqe,1,neutral,0,negative,Negative,0,0,FinGPT-Llama-3-8B-LoRA,tfns,-11.208123207092285,0.6474708914756775,-11.833123207092285,0.34656620025634766,-15.895623207092285,0.0059630004689097404
1378,Why paying down your mortgage faster could be a good investment strategy https://t.co/mUrPzoRwaf,1,neutral,1,neutral,Neutral,1,0,FinGPT-Llama-3-8B-LoRA,tfns,-11.709132194519043,0.08751088380813599,-9.459132194519043,0.8302801847457886,-11.771632194519043,0.08220887184143066
1379,Why some critics are questioning KKR’s ‘responsible investing’ posture https://t.co/XcwjDUvvDQ,1,neutral,0,negative,Negative,0,0,FinGPT-Llama-3-8B-LoRA,tfns,-11.878140449523926,0.5593695044517517,-12.128140449523926,0.43563738465309143,-16.59688949584961,0.004993120674043894
1380,Why the Coronavirus Is Making It Cheaper to Fuel Planes,1,neutral,1,neutral,Neutral,1,0,FinGPT-Llama-3-8B-LoRA,tfns,-10.166949272155762,0.5427230596542358,-10.604449272155762,0.3504083752632141,-11.791949272155762,0.10686850547790527
1381,"Why the Equal Rights Amendment, a 1972 Ideal, Is Back",1,neutral,1,neutral,Neutral,1,0,FinGPT-Llama-3-8B-LoRA,tfns,-11.241741180419922,0.1558510810136795,-9.679241180419922,0.7435239553451538,-11.679241180419922,0.10062502324581146
1382,Why This Is a Huge Win Against Prostate Cancer,1,neutral,2,positive,Positive,0,0,FinGPT-Llama-3-8B-LoRA,tfns,-11.719236373901367,0.0870748907327652,-10.031736373901367,0.47072237730026245,-10.094236373901367,0.44220274686813354
1383,Why You're Probably Underestimating How Much You'll Need in Retirement,1,neutral,1,neutral,Neutral,1,0,FinGPT-Llama-3-8B-LoRA,tfns,-10.979728698730469,0.28875479102134705,-10.167228698730469,0.6507189273834229,-12.542228698730469,0.0605262890458107
1384,"Wildfires are still raging across New South Wales, Australia.

Australian firefighters are battling 6 emergency-lev… https://t.co/8KQ9JZVd3L",1,neutral,1,neutral,Neutral,1,0,FinGPT-Llama-3-8B-LoRA,tfns,-10.356492042541504,0.4206913113594055,-10.106492042541504,0.5401782989501953,-12.731492042541504,0.03913038969039917
1385,Will the yen see a decline in popularity as more countries enter zero-rate territory? Insights via @CMEGroup https://t.co/zPR2qSO8Pq,1,neutral,1,neutral,Neutral,1,0,FinGPT-Llama-3-8B-LoRA,tfns,-11.521448135375977,0.2966410517692566,-10.896448135375977,0.5541984438896179,-12.208948135375977,0.1491604894399643
1386,Wish you could only work 4 days a week? Here's why this company made the switch to a shorter workweek.… https://t.co/SHNefqcV1o,1,neutral,1,neutral,Neutral,1,0,FinGPT-Llama-3-8B-LoRA,tfns,-9.583172798156738,0.09528381377458572,-7.6456732749938965,0.6614004373550415,-8.645672798156738,0.24331577122211456
1387,Witch Hunt!,1,neutral,1,neutral,Neutral,1,0,FinGPT-Llama-3-8B-LoRA,tfns,-12.079063415527344,0.17100316286087036,-10.516563415527344,0.81581050157547,-14.641563415527344,0.013186348602175713
1388,With #YFPremium you can get a heatmap view of your portfolio. Examine sector- and company-level contribution to ret… https://t.co/lq5EJGZ3tg,1,neutral,1,neutral,Neutral,1,0,FinGPT-Llama-3-8B-LoRA,tfns,-10.199816703796387,0.18920639157295227,-8.887316703796387,0.702987015247345,-10.762316703796387,0.10780655592679977
1389,Woodford’s Bet on U.K. Plc Comes Good Too Late for Investors,1,neutral,0,negative,Negative,0,0,FinGPT-Llama-3-8B-LoRA,tfns,-9.980928421020508,0.568742573261261,-10.293428421020508,0.4161009192466736,-13.605928421020508,0.015156475827097893
1390,World’s Biggest Reservoir May Stop Power Output Amid Drought,1,neutral,-1,UNPARSEABLE,,0,1,FinGPT-Llama-3-8B-LoRA,tfns,-10.55642318725586,0.7525931596755981,-11.68142318725586,0.2443312257528305,-16.05642318725586,0.0030756762716919184
1391,Worried about a recession? Here’s how to prepare your retirement nest egg,1,neutral,0,negative,Negative,0,0,FinGPT-Llama-3-8B-LoRA,tfns,-11.851994514465332,0.4347468912601471,-11.601994514465332,0.5582260489463806,-15.976994514465332,0.007027029059827328
1392,Wuhan Doctor’s Death A Massive Headwind For China Coronavirus Sentiment,1,neutral,0,negative,Negative,0,0,FinGPT-Llama-3-8B-LoRA,tfns,-10.31285285949707,0.7616956830024719,-11.50035285949707,0.23230405151844025,-15.15660285949707,0.006000226363539696
1393,You Can Own a Fraction of a Warhol. But Should You?,1,neutral,1,neutral,Neutral,1,0,FinGPT-Llama-3-8B-LoRA,tfns,-11.420439720153809,0.21844927966594696,-10.170439720153809,0.762462854385376,-13.857939720153809,0.019087884575128555
1394,You should always buy these 4 things in bulk. (via @CNBCMakeIt) https://t.co/Dujz63MaP5,1,neutral,1,neutral,Neutral,1,0,FinGPT-Llama-3-8B-LoRA,tfns,-12.356526374816895,0.019590748474001884,-8.669026374816895,0.7825496792793274,-10.044026374816895,0.19785955548286438
1395,Your 70s can be tricky — how do you increase your resources while using them wisely? Here's how to invest for a lif… https://t.co/iVyGisOsaA,1,neutral,1,neutral,Neutral,1,0,FinGPT-Llama-3-8B-LoRA,tfns,-10.251646041870117,0.15455889701843262,-8.626646041870117,0.7849149107933044,-11.189146041870117,0.06052614003419876
1396,"Your future portfolio might be stocks, bonds, and a bit of basketball https://t.co/6Dmyj8s9aJ via @BW",1,neutral,1,neutral,Neutral,1,0,FinGPT-Llama-3-8B-LoRA,tfns,-9.883523941040039,0.06873168051242828,-7.383523941040039,0.8373233079910278,-9.571023941040039,0.09394506365060806
1397,"🖥️ Google new quantum computer that can perform computations in 200 seconds that otherwise would take 10,000 years https://t.co/wxZxiFnotV",1,neutral,2,positive,Positive,0,0,FinGPT-Llama-3-8B-LoRA,tfns,-11.004273414611816,0.037813037633895874,-8.629273414611816,0.40652844309806824,-8.316773414611816,0.5556585192680359
1398,Gold Price Forecast – Gold Markets Decline Into The Weekend,0,negative,0,negative,Negative,1,0,FinGPT-Llama-3-8B-LoRA,tfns,-9.314289093017578,0.9227337837219238,-11.814289093017578,0.07574260234832764,-15.720539093017578,0.0015236226608976722
1399,Brazil's Vale loses spot as world's top iron ore producer to Rio Tinto https://t.co/YFpdog1bsu https://t.co/QYFVJa50go,0,negative,-1,UNPARSEABLE,,0,1,FinGPT-Llama-3-8B-LoRA,tfns,-11.752634048461914,0.4570741355419159,-11.627634048461914,0.5179328918457031,-14.658884048461914,0.024992994964122772
1400,India's gold imports declined for the fifth month as the slowest economic growth in six years curbed demand during… https://t.co/y6BgL5cSPj,0,negative,-1,UNPARSEABLE,,0,1,FinGPT-Llama-3-8B-LoRA,tfns,-11.742907524108887,0.8705533742904663,-13.680407524108887,0.1254151165485382,-17.117908477783203,0.004031458403915167
1401,Gold Falls After Strong Jobless Report #Silver #Stock #MarketScreener https://t.co/3ztxIAtUKP https://t.co/v92anbNxu3,0,negative,0,negative,Negative,1,0,FinGPT-Llama-3-8B-LoRA,tfns,-10.80254077911377,0.8543955683708191,-12.61504077911377,0.1394762545824051,-15.74004077911377,0.006128157954663038
1402,Gold Edges Lower With Investors Eyeing Economic Data #Silver #Stock #MarketScreener https://t.co/7goZcHKZGW https://t.co/9oGCWjeq0J,0,negative,0,negative,Negative,1,0,FinGPT-Llama-3-8B-LoRA,tfns,-10.305581092834473,0.8232502341270447,-11.868081092834473,0.1725626289844513,-15.586831092834473,0.004187107551842928
1403,Gold Edges Lower With Investors Eyeing Economic Data #Silver #Stock #MarketScreener https://t.co/i53u7vaynH https://t.co/XI4WdZLCZf,0,negative,0,negative,Negative,1,0,FinGPT-Llama-3-8B-LoRA,tfns,-10.256038665771484,0.8323621153831482,-11.881038665771484,0.16390180587768555,-15.662288665771484,0.003736007958650589
1404,$FCX $BHP $SCCO - Copper drops again; LME closes Ring for first time since WW II https://t.co/79bmc5AC7W,0,negative,0,negative,Negative,1,0,FinGPT-Llama-3-8B-LoRA,tfns,-9.16047477722168,0.9183728098869324,-11.59797477722168,0.08024651557207108,-15.66047477722168,0.0013807176146656275
1405,CME : Volatility in New York gold prices impacting liquidity in London - LBMA #CME #Stock #MarketScreener… https://t.co/8ILGYoJHzS,0,negative,1,neutral,Neutral,0,0,FinGPT-Llama-3-8B-LoRA,tfns,-10.142989158630371,0.4439351260662079,-10.017989158630371,0.5030444264411926,-12.267989158630371,0.05302048847079277
1406,"$XAUUSD:CUR $GLD $IAU - Gold closing in on $1,700 https://t.co/dlF56Hes3D",2,positive,2,positive,Positive,1,0,FinGPT-Llama-3-8B-LoRA,tfns,-10.660171508789062,0.034821201115846634,-9.410171508789062,0.12153793126344681,-7.472671031951904,0.8436408638954163
1407,"Dec. gold climbs $2.40, or 0.2%, to settle at $1,474.30/oz",2,positive,2,positive,Positive,1,0,FinGPT-Llama-3-8B-LoRA,tfns,-12.353307723999023,0.008433617651462555,-11.665807723999023,0.016772249713540077,-7.603307247161865,0.9747940897941589
1408,"Feb. gold climbs $8.90, or 0.6%, to settle at $1,481.20/oz",2,positive,2,positive,Positive,1,0,FinGPT-Llama-3-8B-LoRA,tfns,-13.629695892333984,0.004037456586956978,-12.942195892333984,0.00802944228053093,-8.129695892333984,0.9879330992698669
1409,"Gold futures climb nearly 3%, settling at the highest level since December 2012 https://t.co/um1vukp9mc",2,positive,2,positive,Positive,1,0,FinGPT-Llama-3-8B-LoRA,tfns,-15.394977569580078,0.006250585429370403,-15.394977569580078,0.006250585429370403,-10.332477569580078,0.9874987006187439
1410,Gold Soars To 8-Year Highs As Stocks Melt-Up On Massive Short-Squeeze  https://t.co/80904NqvN0,2,positive,2,positive,Positive,1,0,FinGPT-Llama-3-8B-LoRA,tfns,-11.209996223449707,0.018606316298246384,-10.834996223449707,0.027072032913565636,-7.272496700286865,0.954321563243866
1411,Silver Weekly Price Forecast – Silver Markets Rally Significantly,2,positive,2,positive,Positive,1,0,FinGPT-Llama-3-8B-LoRA,tfns,-12.366850852966309,0.01066832710057497,-11.366850852966309,0.02899951860308647,-7.866850852966309,0.9603321552276611
1412,Gold rises https://t.co/pCFxistRTq https://t.co/EccKbrGpHF,2,positive,-1,UNPARSEABLE,,0,1,FinGPT-Llama-3-8B-LoRA,tfns,-12.345974922180176,0.04309023916721344,-10.845974922180176,0.19311703741550446,-9.470974922180176,0.7637927532196045
1413,Gold: Prepare For Bull Market To Begin Any Day. https://t.co/H54NIPOiww #business #finance #economy,2,positive,2,positive,Positive,1,0,FinGPT-Llama-3-8B-LoRA,tfns,-12.51191520690918,0.015654942020773888,-9.82441520690918,0.23004768788814545,-8.63691520690918,0.7542973756790161
1414,Best And Worst Q1 2020: Basic Materials ETFs And Mutual Funds. https://t.co/IPnvVdskQZ #business #finance #markets,1,neutral,1,neutral,Neutral,1,0,FinGPT-Llama-3-8B-LoRA,tfns,-11.83010196685791,0.17647047340869904,-10.33010196685791,0.7908857464790344,-13.51760196685791,0.03264375403523445
1415,Catalyst Metals : Joint Venture with St Barbara on Drummartin project #CatalystMetals #Stock #MarketScreener… https://t.co/hs4iuvtDbN,1,neutral,1,neutral,Neutral,1,0,FinGPT-Llama-3-8B-LoRA,tfns,-9.758359909057617,0.1768389195203781,-8.445859909057617,0.6570362448692322,-9.820859909057617,0.16612477600574493
1416,The diamond industry is working to build a carbon-neutral mine within the next decade. Insights via @DPAssociation https://t.co/bkqWR2d1aX,1,neutral,2,positive,Positive,0,0,FinGPT-Llama-3-8B-LoRA,tfns,-14.383508682250977,0.011599808931350708,-10.571008682250977,0.5250474214553833,-10.696008682250977,0.4633527398109436
1417,$COMDX: Metals Settlement Prices https://t.co/hcbCEY76s8,1,neutral,1,neutral,Neutral,1,0,FinGPT-Llama-3-8B-LoRA,tfns,-10.270533561706543,0.13210929930210114,-8.458033561706543,0.8092675805091858,-11.083033561706543,0.05862314999103546
1418,$COMDX: Metals Settlement Prices https://t.co/klzxoYZMDh,1,neutral,1,neutral,Neutral,1,0,FinGPT-Llama-3-8B-LoRA,tfns,-10.336992263793945,0.11885317414999008,-8.399492263793945,0.825004518032074,-11.086992263793945,0.05614226311445236
1419,Nickel Monthly News For The Month Of January 2020. https://t.co/dqgOlMmJMl #markets #economy #stocks,1,neutral,1,neutral,Neutral,1,0,FinGPT-Llama-3-8B-LoRA,tfns,-11.746776580810547,0.17095279693603516,-10.246776580810547,0.7661572098731995,-12.746776580810547,0.06289001554250717
1420,$COMDX: Metals Settlement Prices https://t.co/UultNDoj0j,1,neutral,1,neutral,Neutral,1,0,FinGPT-Llama-3-8B-LoRA,tfns,-10.369255065917969,0.1316116899251938,-8.556755065917969,0.8062193393707275,-11.119255065917969,0.06216895952820778
1421,$COMDX: Metals Settlement Prices https://t.co/FdbGhOjvKi,1,neutral,1,neutral,Neutral,1,0,FinGPT-Llama-3-8B-LoRA,tfns,-9.674779891967773,0.15332327783107758,-8.049779891967773,0.7786399126052856,-10.487279891967773,0.06803679466247559
1422,$COMDX: Metals Settlement Prices https://t.co/zZXI6yitLs,1,neutral,1,neutral,Neutral,1,0,FinGPT-Llama-3-8B-LoRA,tfns,-10.093268394470215,0.1383705884218216,-8.343268394470215,0.7962678074836731,-10.843268394470215,0.0653616413474083
1423,#IPOs expected/Priced this week https://t.co/CUVLFGPBiP #IPOCalendar $CAN $PINE $SITM,1,neutral,-1,UNPARSEABLE,,0,1,FinGPT-Llama-3-8B-LoRA,tfns,-12.537886619567871,0.0791691392660141,-10.350386619567871,0.7056268453598022,-11.537886619567871,0.21520403027534485
1424,A year in which the IPO market sobered up https://t.co/bgpuGK5XpJ,1,neutral,0,negative,Negative,0,0,FinGPT-Llama-3-8B-LoRA,tfns,-10.846197128295898,0.5615670680999756,-11.096197128295898,0.437348872423172,-17.0961971282959,0.0010840795002877712
1425,"Casper prices its IPO at $12 a share, the low end of range",1,neutral,1,neutral,Neutral,1,0,FinGPT-Llama-3-8B-LoRA,tfns,-12.952116966247559,0.08720280230045319,-10.639616966247559,0.8807170391082764,-13.952116966247559,0.032080117613077164
1426,"For International Funds Considering The Aramco IPO, A Short-Term Strategy That Might Play Out",1,neutral,1,neutral,Neutral,1,0,FinGPT-Llama-3-8B-LoRA,tfns,-9.503270149230957,0.2299187332391739,-8.378270149230957,0.7081995606422424,-10.815770149230957,0.06188178434967995
1427,Fortinet Makes an Acquisition for One of the Fastest-Growing Segments of Cybersecurity,1,neutral,1,neutral,Neutral,1,0,FinGPT-Llama-3-8B-LoRA,tfns,-11.517547607421875,0.0908169373869896,-9.642547607421875,0.5922008156776428,-10.267547607421875,0.3169822692871094
1428,"Inszone Insurance Acquires James Swiniuch Agency, Inc",1,neutral,1,neutral,Neutral,1,0,FinGPT-Llama-3-8B-LoRA,tfns,-12.426560401916504,0.04733884707093239,-9.551560401916504,0.8391011357307434,-11.551560401916504,0.11355998367071152
1429,Meritex Enters Dallas Market With Acquisition of Jetstar 114 Business Center,1,neutral,1,neutral,Neutral,1,0,FinGPT-Llama-3-8B-LoRA,tfns,-13.067623138427734,0.02529718540608883,-9.505123138427734,0.8917564749717712,-11.880123138427734,0.08294627070426941
1430,OneWater Marine raised $55.4 mln in the IPO,1,neutral,1,neutral,Neutral,1,0,FinGPT-Llama-3-8B-LoRA,tfns,-13.086687088012695,0.021777024492621422,-9.336687088012695,0.9259825944900513,-12.211687088012695,0.052240367978811264
1431,"PPD's stock indicated in early going to open at $30, or 11% above $27 IPO price",1,neutral,2,positive,Positive,0,0,FinGPT-Llama-3-8B-LoRA,tfns,-16.325544357299805,0.0029459607321769,-11.638045310974121,0.31987619400024414,-10.888045310974121,0.677177906036377
1432,$ALGN - Align loses patent case against 3Shape https://t.co/2HgNiksWgy,0,negative,0,negative,Negative,1,0,FinGPT-Llama-3-8B-LoRA,tfns,-11.426519393920898,0.6770492196083069,-12.176519393920898,0.31981542706489563,-16.8015193939209,0.0031353600788861513
1433,Alstom's U.K. unit fined 15 million pounds in connection with bribes paid in Tunisia https://t.co/wAS04f4bOb,0,negative,-1,UNPARSEABLE,,0,1,FinGPT-Llama-3-8B-LoRA,tfns,-10.359593391418457,0.8498736619949341,-12.172093391418457,0.13873805105686188,-14.672093391418457,0.01138831302523613
1434,"Amazon files suit, challenging Pentagon’s $10 billion cloud contract to Microsoft https://t.co/bhI1vQg91J",0,negative,-1,UNPARSEABLE,,0,1,FinGPT-Llama-3-8B-LoRA,tfns,-11.329668045043945,0.5235624313354492,-11.454668045043945,0.4620422124862671,-14.923418045043945,0.014395364560186863
1435,Amazon's Third-Party Marketplace Faces Fresh Regulatory Headwinds,0,negative,0,negative,Negative,1,0,FinGPT-Llama-3-8B-LoRA,tfns,-10.866422653198242,0.7042987942695618,-11.741422653198242,0.29359540343284607,-16.678922653198242,0.0021058153361082077
1436,Auto parts supplier Prevent sues Volkswagen for suppressing competition,0,negative,0,negative,Negative,1,0,FinGPT-Llama-3-8B-LoRA,tfns,-10.539306640625,0.7321033477783203,-11.664306640625,0.2376791536808014,-13.726806640625,0.03021751530468464
1437,EU probes Qualcomm over radio-frequency chips,0,negative,0,negative,Negative,1,0,FinGPT-Llama-3-8B-LoRA,tfns,-9.457404136657715,0.8402884602546692,-11.144904136657715,0.15543773770332336,-14.738654136657715,0.004273765254765749
1438,India's state-run banks report fraud of more than $13 billion in 6 months,0,negative,1,neutral,Neutral,0,0,FinGPT-Llama-3-8B-LoRA,tfns,-11.987079620361328,0.41954854130744934,-11.674579620361328,0.5734548568725586,-16.080829620361328,0.006996634416282177
1439,"Madhya Pradesh Vyapam Scam: Man Gets 10 Years, 30 Others Get 7 Years In Jail",0,negative,1,neutral,Neutral,0,0,FinGPT-Llama-3-8B-LoRA,tfns,-10.468900680541992,0.2757837772369385,-9.531400680541992,0.7042385339736938,-13.093900680541992,0.019977711141109467
1440,New York hits Juul with a lawsuit,0,negative,0,negative,Negative,1,0,FinGPT-Llama-3-8B-LoRA,tfns,-12.25623607635498,0.8157588243484497,-13.75623607635498,0.1820204108953476,-18.162487030029297,0.002220800844952464
1441,Rio Tinto faces Mongolia lawsuit over Oyu Tolgoi mine,0,negative,0,negative,Negative,1,0,FinGPT-Llama-3-8B-LoRA,tfns,-11.825661659240723,0.5730607509613037,-12.138161659240723,0.4192602038383484,-16.13816261291504,0.007679011672735214
1442,Sanctions-hit refiner Nynas handed administrator by Swedish court,0,negative,1,neutral,Neutral,0,0,FinGPT-Llama-3-8B-LoRA,tfns,-11.252385139465332,0.5266871452331543,-11.377385139465332,0.46479976177215576,-15.377385139465332,0.008513104170560837
1443,U.S. agency probes 12th Tesla crash tied to possible Autopilot use,0,negative,0,negative,Negative,1,0,FinGPT-Llama-3-8B-LoRA,tfns,-10.544113159179688,0.8128081560134888,-12.044113159179688,0.18136203289031982,-15.481613159179688,0.0058298720978200436
1444,UK regulator orders recall of fire-risk Whirlpool washing machines,0,negative,0,negative,Negative,1,0,FinGPT-Llama-3-8B-LoRA,tfns,-11.78625774383545,0.7394651770591736,-12.84875774383545,0.2555523216724396,-16.786256790161133,0.004982481244951487
1445,"United was sued by a passenger for refusing to issue refunds, just days after U.S. regulators ordered airlines to r… https://t.co/JvGcITvqPf",0,negative,0,negative,Negative,1,0,FinGPT-Llama-3-8B-LoRA,tfns,-10.14393138885498,0.6329340934753418,-10.83143138885498,0.31825926899909973,-12.70643138885498,0.04880663752555847
1446,UPDATE 1-Italian police search ArcelorMittal offices over Ilva probe,0,negative,0,negative,Negative,1,0,FinGPT-Llama-3-8B-LoRA,tfns,-11.470514297485352,0.46479976177215576,-11.345514297485352,0.5266871452331543,-15.470514297485352,0.008513104170560837
1447,Walmart employee's family files wrongful death lawsuit after man dies of coronavirus complications https://t.co/cXYG6iXeL0,0,negative,0,negative,Negative,1,0,FinGPT-Llama-3-8B-LoRA,tfns,-11.954085350036621,0.5194584131240845,-12.079085350036621,0.45842042565345764,-15.110335350036621,0.022121207788586617
1448,WeWork Faces Another Investigation Over Neumann,0,negative,0,negative,Negative,1,0,FinGPT-Llama-3-8B-LoRA,tfns,-10.18600082397461,0.7858334183692932,-11.49850082397461,0.21150419116020203,-15.87350082397461,0.0026624449528753757
1449,$TEVA - Teva in talks with DoJ to end generics probes - Bloomberg https://t.co/a47OmArrQY,2,positive,2,positive,Positive,1,0,FinGPT-Llama-3-8B-LoRA,tfns,-11.291704177856445,0.04969223216176033,-9.354204177856445,0.3449324369430542,-8.791704177856445,0.6053752899169922
1450,BPH Energy : Settlement of Litigation #BPHEnergy #Stock #MarketScreener https://t.co/DD5IfT4zgo https://t.co/sZfkzFWMcP,2,positive,1,neutral,Neutral,0,0,FinGPT-Llama-3-8B-LoRA,tfns,-11.05294132232666,0.08312618732452393,-8.86544132232666,0.7408956289291382,-10.30294132232666,0.1759781539440155
1451,Enterprise Wins Favorable Ruling From Texas Supreme Court,2,positive,2,positive,Positive,1,0,FinGPT-Llama-3-8B-LoRA,tfns,-12.92032241821289,0.023547986522316933,-9.92032241821289,0.47297391295433044,-9.85782241821289,0.5034781098365784
1452,Fiat reaches settlement with Italy tax agency over Chrysler value claim,2,positive,1,neutral,Neutral,0,0,FinGPT-Llama-3-8B-LoRA,tfns,-11.396120071411133,0.18322037160396576,-10.021120071411133,0.7246506214141846,-12.083620071411133,0.09212898463010788
1453,GM not liable for punitive damages in ignition switch cases: U.S. appeals court,2,positive,2,positive,Positive,1,0,FinGPT-Llama-3-8B-LoRA,tfns,-10.830886840820312,0.14127479493618011,-9.393386840820312,0.5947890877723694,-10.205886840820312,0.2639360725879669
1454,Gm wins key legal victory over pre-bankruptcy liability,2,positive,2,positive,Positive,1,0,FinGPT-Llama-3-8B-LoRA,tfns,-13.672057151794434,0.04332014545798302,-11.672057151794434,0.3200949728488922,-10.984557151794434,0.6365848779678345
1455,HSBC makes last-minute settlement with ex-currencies head https://t.co/uqYy01pnBL,2,positive,1,neutral,Neutral,0,0,FinGPT-Llama-3-8B-LoRA,tfns,-10.922025680541992,0.13720346987247467,-9.234525680541992,0.7417148947715759,-11.047025680541992,0.1210816353559494
1456,Alphabet Seeks Quiet End to Investor Suits Over Sex Harassment,1,neutral,1,neutral,Neutral,1,0,FinGPT-Llama-3-8B-LoRA,tfns,-10.848331451416016,0.2738439440727234,-9.973331451416016,0.6569174528121948,-12.223331451416016,0.0692385882139206
1457,"Amazon seeks to depose Trump, Esper in lawsuit over cloud computing contract",1,neutral,1,neutral,Neutral,1,0,FinGPT-Llama-3-8B-LoRA,tfns,-11.759943008422852,0.286377876996994,-10.884943008422852,0.6869848370552063,-14.134943008422852,0.02663729153573513
1458,Bayer seeks reversal of $86M Roundup cancer verdict,1,neutral,1,neutral,Neutral,1,0,FinGPT-Llama-3-8B-LoRA,tfns,-12.010529518127441,0.3542964458465576,-11.510529518127441,0.5841360688209534,-13.760529518127441,0.061567485332489014
1459,"California to stop buying GM, Toyota and Fiat Chrysler vehicles over emissions fight",1,neutral,1,neutral,Neutral,1,0,FinGPT-Llama-3-8B-LoRA,tfns,-11.695940017700195,0.4478522539138794,-11.508440017700195,0.5402129292488098,-15.320940017700195,0.0119348568841815
1460,CN meets U.S. federal requirement to operate Positive Train Control on all required tracks ahead of schedule  https://t.co/79kRLNp5Ip,1,neutral,-1,UNPARSEABLE,,0,1,FinGPT-Llama-3-8B-LoRA,tfns,-11.998335838317871,0.012121123261749744,-9.248335838317871,0.18960627913475037,-7.810835361480713,0.7982726097106934
1461,Department of Justice Blames China for Equifax Data Breach: What You Need to Know,1,neutral,1,neutral,Neutral,1,0,FinGPT-Llama-3-8B-LoRA,tfns,-8.677586555480957,0.5745962858200073,-9.365086555480957,0.2889251410961151,-10.115086555480957,0.13647858798503876
1462,DOJ moves to scrap decades-old movie distribution rules,1,neutral,1,neutral,Neutral,1,0,FinGPT-Llama-3-8B-LoRA,tfns,-12.048604011535645,0.20483624935150146,-10.798604011535645,0.7149487137794495,-12.986104011535645,0.08021502196788788
1463,DOJ seeks to reverse the ruling against Qualcomm,1,neutral,1,neutral,Neutral,1,0,FinGPT-Llama-3-8B-LoRA,tfns,-12.002398490905762,0.1960851103067398,-10.939898490905762,0.5673910975456238,-11.814898490905762,0.23652377724647522
1464,FAA chief weighs changes to plane approval process: WSJ,1,neutral,1,neutral,Neutral,1,0,FinGPT-Llama-3-8B-LoRA,tfns,-10.850646018981934,0.2299187332391739,-9.725646018981934,0.7081995606422424,-12.163146018981934,0.06188178434967995
1465,"JetBlue founder was a ""death knell"" for this Canada carrier, a lawsuit says https://t.co/14JYSa5ahV",1,neutral,1,neutral,Neutral,1,0,FinGPT-Llama-3-8B-LoRA,tfns,-11.833673477172852,0.43193161487579346,-11.583673477172852,0.5546111464500427,-15.302423477172852,0.013457240536808968
1466,"NEW: A federal appeals court in Washington upheld regulations by the FDA saying ""e-cigarettes are indisputably high… https://t.co/fM0DaAKGK6",1,neutral,1,neutral,Neutral,1,0,FinGPT-Llama-3-8B-LoRA,tfns,-10.612793922424316,0.2913341522216797,-9.925293922424316,0.5793871283531189,-11.425293922424316,0.1292787492275238
1467,NEW: Teva and other generic drugmakers have held talks with the U.S. about resolving a long-running probe of allege… https://t.co/CmycwwREYa,1,neutral,-1,UNPARSEABLE,,0,1,FinGPT-Llama-3-8B-LoRA,tfns,-10.27774429321289,0.19585809111595154,-9.52774429321289,0.41463157534599304,-9.59024429321289,0.3895103335380554
1468,Roche's Small Spark Deal Holds a Big Regulatory Warning,1,neutral,1,neutral,Neutral,1,0,FinGPT-Llama-3-8B-LoRA,tfns,-11.625763893127441,0.4954625964164734,-11.625763893127441,0.4954625964164734,-15.625763893127441,0.009074714034795761
1469,SEC investigator https://t.co/xn4CBYig52,1,neutral,1,neutral,Neutral,1,0,FinGPT-Llama-3-8B-LoRA,tfns,-12.169034004211426,0.1870735138654709,-10.731534004211426,0.7876088619232178,-14.169034004211426,0.02531764656305313
1470,U.S. arrests three in alleged $722 million cryptocurrency fraud https://t.co/r7JbcAUepE https://t.co/I6DBZ4xKzB,1,neutral,0,negative,Negative,0,0,FinGPT-Llama-3-8B-LoRA,tfns,-10.561129570007324,0.6557702422142029,-11.248629570007324,0.3297419846057892,-14.373629570007324,0.014487850479781628
1471,UPDATE 1-Swedbank pledges prompt release of money laundering probe,1,neutral,1,neutral,Neutral,1,0,FinGPT-Llama-3-8B-LoRA,tfns,-11.931417465209961,0.21577735245227814,-10.681417465209961,0.753136932849884,-13.868917465209961,0.031085675582289696
1472,$AMTD - Ameritrade: Charles Schwab's Offer In Line With Our Valuation. Keep reading: https://t.co/soth7CVICV #business #finance #stocks,1,neutral,2,positive,Positive,0,0,FinGPT-Llama-3-8B-LoRA,tfns,-13.543712615966797,0.0166928768157959,-10.043712615966797,0.5527921915054321,-10.293712615966797,0.43051499128341675
1473,$AMTD $SCHW - Schwab to buy TD Ameritrade in $26B all-stock deal https://t.co/eycEc0Nye9,1,neutral,1,neutral,Neutral,1,0,FinGPT-Llama-3-8B-LoRA,tfns,-13.34188461303711,0.023540599271655083,-9.71688461303711,0.8833544850349426,-11.96688461303711,0.09310487657785416
1474,$BYND - Susquehanna holds stake in Beyond Meat https://t.co/RIuPccbwsX,1,neutral,2,positive,Positive,0,0,FinGPT-Llama-3-8B-LoRA,tfns,-12.198810577392578,0.012362511828541756,-8.511310577392578,0.4938187599182129,-8.511310577392578,0.4938187599182129
1475,"$CBS: CBS/Viacom (VIAB) expect to close merger on Wednesday, December 4th https://t.co/UuC8Oj9MAP",1,neutral,1,neutral,Neutral,1,0,FinGPT-Llama-3-8B-LoRA,tfns,-12.973836898803711,0.026154229417443275,-9.723836898803711,0.6745264530181885,-10.536336898803711,0.2993192970752716
1476,$GATX: GATX enters into stock purchase agreement for the sale of its American Steamship Company business to Rand... https://t.co/FgdxBcYBd9,1,neutral,1,neutral,Neutral,1,0,FinGPT-Llama-3-8B-LoRA,tfns,-11.601186752319336,0.13993434607982635,-9.851186752319336,0.8052666187286377,-12.538686752319336,0.05479907989501953
1477,$INFY: Infosys to acquire cloud solutions company Simplus; terms not disclosed https://t.co/yYMwyRYblI,1,neutral,1,neutral,Neutral,1,0,FinGPT-Llama-3-8B-LoRA,tfns,-13.329601287841797,0.014505008235573769,-9.392101287841797,0.7439649701118469,-10.517101287841797,0.24153004586696625
1478,$LCII - LCI Industries lands Polyplastic https://t.co/t6omAq06sK,1,neutral,2,positive,Positive,0,0,FinGPT-Llama-3-8B-LoRA,tfns,-13.196112632751465,0.0119348568841815,-9.383612632751465,0.5402129292488098,-9.571112632751465,0.4478522539138794
1479,$NVS - Novartis: Swiss Pharmaceutical Titan On Sale. https://t.co/FI5wU6MyeC #investing #markets #stocks,1,neutral,1,neutral,Neutral,1,0,FinGPT-Llama-3-8B-LoRA,tfns,-11.668533325195312,0.36434006690979004,-11.168533325195312,0.6006952524185181,-14.012283325195312,0.03496465086936951
1480,$RMLRF $TRYUF - Ramelius Resources to scoop up Spectrum Metals https://t.co/5gqMvy0sSS,1,neutral,1,neutral,Neutral,1,0,FinGPT-Llama-3-8B-LoRA,tfns,-13.053131103515625,0.04023956134915352,-10.178131103515625,0.7132632732391357,-11.240631103515625,0.24649719893932343
1481,$SRNE: Sorrento Therapeutics says rejects cash acquisition proposal for between $3.00-5.00/share https://t.co/ib0vORvPPF,1,neutral,1,neutral,Neutral,1,0,FinGPT-Llama-3-8B-LoRA,tfns,-12.055097579956055,0.4161219298839569,-11.867597579956055,0.5019388198852539,-13.680097579956055,0.08193926513195038
1482,$TCO: Taubman Centers: Simon Property Group to acquire TCO for $52.50 per share in cash https://t.co/WbnGpQwuiR,1,neutral,1,neutral,Neutral,1,0,FinGPT-Llama-3-8B-LoRA,tfns,-12.769700050354004,0.045354392379522324,-10.019700050354004,0.7094621062278748,-11.082200050354004,0.2451835423707962
1483,$TD $SCHW $AMTD - TD Bank to own 13% Schwab stake after Ameritrade deal https://t.co/oqmaKzAJTW,1,neutral,1,neutral,Neutral,1,0,FinGPT-Llama-3-8B-LoRA,tfns,-11.585068702697754,0.02609221450984478,-8.085068702697754,0.8640554547309875,-10.147568702697754,0.10985231399536133
1484,"$TIF: Tiffany & Co confirms agreement to be acquired by LVMH (LVMUY) for $135/share in cash, or approximately $16.2… https://t.co/xhNzqZ8PVx",1,neutral,1,neutral,Neutral,1,0,FinGPT-Llama-3-8B-LoRA,tfns,-11.794995307922363,0.1045067235827446,-10.169995307922363,0.5307289361953735,-10.544995307922363,0.36476433277130127
1485,AE Industrial Partners buys American Pacific from Jon M Huntsman family office,1,neutral,1,neutral,Neutral,1,0,FinGPT-Llama-3-8B-LoRA,tfns,-12.979796409606934,0.051186952739953995,-10.229796409606934,0.8006986975669861,-11.917296409606934,0.1481143683195114
1486,Alkermes acquires Rodin Therapeutics for up to $950M,1,neutral,1,neutral,Neutral,1,0,FinGPT-Llama-3-8B-LoRA,tfns,-13.571331977844238,0.05997785925865173,-10.946331977844238,0.8279687762260437,-12.946331977844238,0.11205338686704636
1487,Ayala Yields Control of Manila Water to Billionaire Razon,1,neutral,1,neutral,Neutral,1,0,FinGPT-Llama-3-8B-LoRA,tfns,-11.820218086242676,0.16721443831920624,-10.257718086242676,0.7977354526519775,-13.382718086242676,0.03505004942417145
1488,Barrick Gold denies Freeport-McMoran tie-up in the works,1,neutral,1,neutral,Neutral,1,0,FinGPT-Llama-3-8B-LoRA,tfns,-13.372146606445312,0.1970633715391159,-11.997146606445312,0.7794007658958435,-15.497146606445312,0.023535864427685738
1489,BlackRock slashes stake in Peabody Energy,1,neutral,0,negative,Negative,0,0,FinGPT-Llama-3-8B-LoRA,tfns,-12.407927513122559,0.5456281304359436,-12.595427513122559,0.45234161615371704,-18.001676559448242,0.002030310221016407
1490,CBS and Viacom to close merger on Dec. 4,1,neutral,1,neutral,Neutral,1,0,FinGPT-Llama-3-8B-LoRA,tfns,-13.876126289367676,0.01970631815493107,-10.063626289367676,0.8919761180877686,-12.376126289367676,0.08831759542226791
1491,CBS and Viacom to close merger on Dec. 4 https://t.co/V6yhhhQkOu https://t.co/mG8Ri2LR71,1,neutral,1,neutral,Neutral,1,0,FinGPT-Llama-3-8B-LoRA,tfns,-13.17807388305664,0.014915903098881245,-9.17807388305664,0.8143807053565979,-10.74057388305664,0.1707034558057785
1492,CBS Corporation and Viacom Inc. Announce Expected Closing Date of Merger,1,neutral,1,neutral,Neutral,1,0,FinGPT-Llama-3-8B-LoRA,tfns,-14.277894020080566,0.01209286693483591,-9.902894020080566,0.9606553912162781,-13.465394020080566,0.027251696214079857
1493,Charles Schwab to buy TD Ameritrade in $26 billion all-stock deal https://t.co/1wEXNU4RV0,1,neutral,1,neutral,Neutral,1,0,FinGPT-Llama-3-8B-LoRA,tfns,-13.068973541259766,0.03130476549267769,-9.756473541259766,0.8594308495521545,-11.818973541259766,0.10926436632871628
1494,Charles Schwab to buy TD Ameritrade in $26-billion blockbuster brokerage deal,1,neutral,1,neutral,Neutral,1,0,FinGPT-Llama-3-8B-LoRA,tfns,-13.067496299743652,0.02884947508573532,-9.629996299743652,0.897480845451355,-12.129996299743652,0.07366971671581268
1495,Chinese dairy giant Mengniu agrees to buy Kirin's Australian beverage unit Lion for $419 million https://t.co/O3gL3uOfY8,1,neutral,1,neutral,Neutral,1,0,FinGPT-Llama-3-8B-LoRA,tfns,-12.194490432739258,0.019977711141109467,-8.631990432739258,0.7042385339736938,-9.569490432739258,0.2757837772369385
1496,Chubb to buy stake in China's Huatai Insurance for $1.53 billion #economy #MarketScreener https://t.co/sUAx6evkmj https://t.co/DVUL8EMQ0t,1,neutral,1,neutral,Neutral,1,0,FinGPT-Llama-3-8B-LoRA,tfns,-11.72452449798584,0.046892452985048294,-9.09952449798584,0.6473303437232971,-9.84952449798584,0.3057771921157837
1497,Coty Acquires $600M Majority Stake In Kylie Jenner's Cosmetics Company,1,neutral,1,neutral,Neutral,1,0,FinGPT-Llama-3-8B-LoRA,tfns,-13.315835952758789,0.06114935129880905,-10.690835952758789,0.8441407084465027,-12.878335952758789,0.09470996260643005
1498,"CVC Capital said to consider strategic options for Elsan, sale could reach €3bn",1,neutral,1,neutral,Neutral,1,0,FinGPT-Llama-3-8B-LoRA,tfns,-11.92413330078125,0.13892070949077606,-10.17413330078125,0.7994335293769836,-12.73663330078125,0.06164569407701492
1499,Duravant To Acquire WECO,1,neutral,1,neutral,Neutral,1,0,FinGPT-Llama-3-8B-LoRA,tfns,-13.433094024658203,0.04882698506116867,-10.558094024658203,0.8654789328575134,-12.870594024658203,0.08569402247667313
1500,Edgewell Personal Care is ditching its bid to acquire shaving-supply maker Harry's -- reminding big consumer compan… https://t.co/WIlJz1fbNc,1,neutral,-1,UNPARSEABLE,,0,1,FinGPT-Llama-3-8B-LoRA,tfns,-10.983245849609375,0.6952283978462219,-11.920745849609375,0.2722553610801697,-14.045745849609375,0.03251626715064049
1501,"Edgewell Personal Care, which owns Schick, said it is no longer pursuing the $1.4 billion deal to buy Harry's Razor… https://t.co/P3wTZL4p3t",1,neutral,-1,UNPARSEABLE,,0,1,FinGPT-Llama-3-8B-LoRA,tfns,-11.534235000610352,0.6553800106048584,-12.346735000610352,0.2908231317996979,-14.034235000610352,0.05379686877131462
1502,Elliott Capital sells its stake in XPO Logistics Europe,1,neutral,1,neutral,Neutral,1,0,FinGPT-Llama-3-8B-LoRA,tfns,-12.464937210083008,0.17045357823371887,-10.902437210083008,0.8131884932518005,-14.808687210083008,0.01635793223977089
1503,EVI Industries to acquire Commercial Laundry Equipment Company,1,neutral,1,neutral,Neutral,1,0,FinGPT-Llama-3-8B-LoRA,tfns,-13.275162696838379,0.060387831181287766,-10.650162696838379,0.8336282968521118,-12.712662696838379,0.10598393529653549
1504,Exclusive: Daimler seeks majority control of its main China joint venture - sources,1,neutral,1,neutral,Neutral,1,0,FinGPT-Llama-3-8B-LoRA,tfns,-12.946683883666992,0.09263204783201218,-10.759183883666992,0.8256204724311829,-13.071683883666992,0.08174750208854675
1505,Factbox: M&As in vogue for luxury retailers seeking growth,1,neutral,1,neutral,Neutral,1,0,FinGPT-Llama-3-8B-LoRA,tfns,-11.873096466064453,0.1243993267416954,-10.123096466064453,0.7158687710762024,-11.623096466064453,0.1597319096326828
1506,Forescout expects deal to close in Q2,1,neutral,1,neutral,Neutral,1,0,FinGPT-Llama-3-8B-LoRA,tfns,-15.166041374206543,0.01648448407649994,-11.228541374206543,0.8454926609992981,-13.041041374206543,0.13802288472652435
1507,Formula Systems acquires Unique Software Industries,1,neutral,1,neutral,Neutral,1,0,FinGPT-Llama-3-8B-LoRA,tfns,-13.858223915100098,0.04309873282909393,-10.858223915100098,0.8656612634658813,-13.108223915100098,0.09124001860618591
1508,France's LVMH close to buying Tiffany after sweetening offer: sources https://t.co/5HyHxPhyqL https://t.co/eofnMyZ54Q,1,neutral,-1,UNPARSEABLE,,0,1,FinGPT-Llama-3-8B-LoRA,tfns,-12.966349601745605,0.034744516015052795,-10.778849601745605,0.30967453122138977,-10.028849601745605,0.6555809378623962
1509,Harsco (HSC) to Buy Stericycle's Environmental Solutions,1,neutral,1,neutral,Neutral,1,0,FinGPT-Llama-3-8B-LoRA,tfns,-10.532767295837402,0.10281919687986374,-8.970267295837402,0.49052298069000244,-9.157767295837402,0.4066578447818756
1510,"Hg to buy electronic trading software business smartTrade from Keensight Capital, Pléiade Venture",1,neutral,1,neutral,Neutral,1,0,FinGPT-Llama-3-8B-LoRA,tfns,-10.578006744384766,0.07848510146141052,-8.328006744384766,0.7446459531784058,-9.765506744384766,0.17686893045902252
1511,Hologic to sell Cynosure aesthetics unit for net $138M,1,neutral,1,neutral,Neutral,1,0,FinGPT-Llama-3-8B-LoRA,tfns,-12.072890281677246,0.1675702929496765,-10.510390281677246,0.799433171749115,-13.697890281677246,0.03299655020236969
1512,HP is open to exploring bid from Xerox: RTR,1,neutral,1,neutral,Neutral,1,0,FinGPT-Llama-3-8B-LoRA,tfns,-12.472607612609863,0.06188178434967995,-10.035107612609863,0.7081995606422424,-11.160107612609863,0.2299187332391739
1513,HP reiterates its rejection of Xerox's offer to buy the company https://t.co/9qYk413PZE https://t.co/WLdlx9gnjf,1,neutral,0,negative,Negative,0,0,FinGPT-Llama-3-8B-LoRA,tfns,-11.486377716064453,0.6196863055229187,-12.048877716064453,0.35308659076690674,-14.611377716064453,0.027227116748690605
1514,IBP scoops up Premier Building Supply,1,neutral,1,neutral,Neutral,1,0,FinGPT-Llama-3-8B-LoRA,tfns,-12.769795417785645,0.04399488493800163,-9.957295417785645,0.7325806617736816,-11.144795417785645,0.22342446446418762
1515,IFF Said to Near $26 Billion Deal for DuPont Nutrition Unit,1,neutral,1,neutral,Neutral,1,0,FinGPT-Llama-3-8B-LoRA,tfns,-13.148649215698242,0.0464741550385952,-10.211149215698242,0.8769029378890991,-12.648649215698242,0.07662292569875717
1516,Japan Exchange : Announcement of completed acquisition of the balancer business from Schmi... #JapanExchange #Stock… https://t.co/3mODefuFt0,1,neutral,1,neutral,Neutral,1,0,FinGPT-Llama-3-8B-LoRA,tfns,-10.253246307373047,0.13136842846870422,-8.565746307373047,0.7101709842681885,-10.065746307373047,0.1584605723619461
1517,"Kirkland Lake is buying Detour for $3.7 billion, the latest deal in a wave of consolidation among gold miners https://t.co/peEFjKDxeV",1,neutral,1,neutral,Neutral,1,0,FinGPT-Llama-3-8B-LoRA,tfns,-11.252821922302246,0.06417936831712723,-8.940321922302246,0.6481886506080627,-9.752821922302246,0.28763195872306824
1518,LVMH nears deal to buy Tiffany for $16.3 billion https://t.co/SlI2ZpyYhH,1,neutral,1,neutral,Neutral,1,0,FinGPT-Llama-3-8B-LoRA,tfns,-12.682890892028809,0.016945961862802505,-9.120390892028809,0.5973657369613647,-9.557890892028809,0.38568830490112305
1519,M&A Monday: Charles Schwab to buy TD Ameritrade https://t.co/MF0tOYzLjI https://t.co/bwWCGuIzCY,1,neutral,1,neutral,Neutral,1,0,FinGPT-Llama-3-8B-LoRA,tfns,-12.38381290435791,0.06077810004353523,-9.75881290435791,0.839015781879425,-11.88381290435791,0.10020614415407181
1520,"Mairs and Power Sells UPS, Abbott Labs",1,neutral,1,neutral,Neutral,1,0,FinGPT-Llama-3-8B-LoRA,tfns,-11.635777473449707,0.33402103185653687,-10.948277473449707,0.664280116558075,-16.91702651977539,0.0016988556599244475
1521,Mall Operator Simon Property Buying a Major Competitor,1,neutral,1,neutral,Neutral,1,0,FinGPT-Llama-3-8B-LoRA,tfns,-12.525514602661133,0.11025784909725189,-10.650514602661133,0.7189714312553406,-12.088014602661133,0.17077068984508514
1522,Mediawan Acquires the Black Dynamite Label to Expand Its Premium Documentary Offer,1,neutral,1,neutral,Neutral,1,0,FinGPT-Llama-3-8B-LoRA,tfns,-13.197132110595703,0.06803679466247559,-10.759632110595703,0.7786399126052856,-12.384632110595703,0.15332327783107758
1523,Medicines : Novartis to buy U.S. biotech The Medicines Co. for $9.7 billion #Medicines #Stock #MarketScreener… https://t.co/TA05wVBHcd,1,neutral,1,neutral,Neutral,1,0,FinGPT-Llama-3-8B-LoRA,tfns,-10.947976112365723,0.10104794800281525,-9.260476112365723,0.5462600588798523,-9.697976112365723,0.35269200801849365
1524,"Merger Monday roars back — LVMH buys Tiffany, Charles Schwab buys TD Ameritrade",1,neutral,2,positive,Positive,0,0,FinGPT-Llama-3-8B-LoRA,tfns,-14.037168502807617,0.005466202739626169,-10.287168502807617,0.23242886364459991,-9.099668502807617,0.7621049284934998
1525,MGM officially in pursuit of Osaka casino,1,neutral,1,neutral,Neutral,1,0,FinGPT-Llama-3-8B-LoRA,tfns,-10.917662620544434,0.08757181465625763,-8.855162620544434,0.6888056993484497,-9.980162620544434,0.22362247109413147
1526,"NOVARTIS : CHF0.50(REGD) Novartis To Acquire The Medicines Company For Usd 9.7 Bn, Adding ... #Novartis #Stock… https://t.co/TEgmm5XKnN",1,neutral,1,neutral,Neutral,1,0,FinGPT-Llama-3-8B-LoRA,tfns,-10.575882911682129,0.1054166704416275,-8.888382911682129,0.5698771476745605,-9.450882911682129,0.32470619678497314
1527,"PayPal has struck a deal to acquire Honey, a shopping platform that offers online shoppers discounts and rewards, f… https://t.co/D9FqQbl3Tb",1,neutral,1,neutral,Neutral,1,0,FinGPT-Llama-3-8B-LoRA,tfns,-10.976953506469727,0.11161290109157562,-9.289453506469727,0.6033735871315002,-10.039453506469727,0.2850135266780853
1528,Razor maker Edgewell calls off $1.7bn plans to buy rival Harry's https://t.co/m57n68T5WK,1,neutral,-1,UNPARSEABLE,,0,1,FinGPT-Llama-3-8B-LoRA,tfns,-11.405982971191406,0.46413156390190125,-11.280982971191406,0.5259299278259277,-15.249732971191406,0.009938519448041916
1529,Rexford Industrial acquires two industrial properties for $99.7M,1,neutral,1,neutral,Neutral,1,0,FinGPT-Llama-3-8B-LoRA,tfns,-13.55951976776123,0.018534502014517784,-9.68451976776123,0.8930423259735107,-11.99701976776123,0.08842316269874573
1530,Shell to buy operating stakes in three oil blocks offshore Colombia,1,neutral,1,neutral,Neutral,1,0,FinGPT-Llama-3-8B-LoRA,tfns,-11.759897232055664,0.10905672609806061,-9.884897232055664,0.7111391425132751,-11.259897232055664,0.17980413138866425
1531,"Simon's Taubman Deal Shows Mall REITs Undervalued, Analyst Says",1,neutral,2,positive,Positive,0,0,FinGPT-Llama-3-8B-LoRA,tfns,-12.901911735534668,0.019828446209430695,-10.651911735534668,0.1881270557641983,-9.214411735534668,0.792044460773468
1532,SIX Group Offers to Buy Spanish Exchange BME for $3.1 Billion,1,neutral,1,neutral,Neutral,1,0,FinGPT-Llama-3-8B-LoRA,tfns,-12.378334045410156,0.05439775437116623,-9.565834045410156,0.9058039784431458,-12.690834045410156,0.039798248559236526
1533,Swiss pharma company Novartis has reached a deal to purchase cholesterol drugmaker The Medicines Company for $9.7 b… https://t.co/AmTfZh6WEG,1,neutral,1,neutral,Neutral,1,0,FinGPT-Llama-3-8B-LoRA,tfns,-10.955856323242188,0.08912457525730133,-9.018356323242188,0.6186471581459045,-9.768356323242188,0.29222825169563293
1534,"U.S. Fed approves merger between BB&T, SunTrust Banks",1,neutral,1,neutral,Neutral,1,0,FinGPT-Llama-3-8B-LoRA,tfns,-13.175918579101562,0.02531764656305313,-9.738418579101562,0.7876088619232178,-11.175918579101562,0.1870735138654709
1535,UPDATE 1-PSA trade unions give the nod to merger with Fiat,1,neutral,1,neutral,Neutral,1,0,FinGPT-Llama-3-8B-LoRA,tfns,-13.709818840026855,0.03706059604883194,-10.522318840026855,0.8978960514068604,-13.147318840026855,0.0650433748960495
1536,Warner Music Group is teaming up with private equity giant Providence Equity Partners on a new fund to acquire musi… https://t.co/ADPCaF4x9i,1,neutral,1,neutral,Neutral,1,0,FinGPT-Llama-3-8B-LoRA,tfns,-9.662422180175781,0.07146308571100235,-7.349922180175781,0.7217516303062439,-8.599922180175781,0.20678530633449554
1537,"WhiteWater Express Acquires Quick N Clean Location, Launching Dedicated Expansion Into Austin",1,neutral,1,neutral,Neutral,1,0,FinGPT-Llama-3-8B-LoRA,tfns,-13.803163528442383,0.028592266142368317,-10.490663528442383,0.7849627733230591,-11.928163528442383,0.18644499778747559
1538,Yum! Tries to Reboot Slumping Pizza Hut,1,neutral,0,negative,Negative,0,0,FinGPT-Llama-3-8B-LoRA,tfns,-11.935799598693848,0.5801424980163574,-12.310799598693848,0.3987257480621338,-15.248299598693848,0.021131690591573715
1539,America's manufacturing sector is in a recession. But that is only part of the story. The industry has expanded by... https://t.co/YUtP2dQsAj,0,negative,1,neutral,Neutral,0,0,FinGPT-Llama-3-8B-LoRA,tfns,-11.319951057434082,0.3680180609226227,-10.882451057434082,0.5699975490570068,-13.101201057434082,0.0619843564927578
1540,"Argentina's story: 
⏩ Leaders spend 
⏩ Investors sour 
⏩ Inflation spikes 
⏩ Recession hits
🔃 Repeat 
(via… https://t.co/2AnRzFq7MM",0,negative,1,neutral,Neutral,0,0,FinGPT-Llama-3-8B-LoRA,tfns,-8.619606018066406,0.6086591482162476,-9.119606018066406,0.3691704273223877,-11.932106018066406,0.022170407697558403
1541,Brazil coffee production falls 20%,0,negative,0,negative,Negative,1,0,FinGPT-Llama-3-8B-LoRA,tfns,-10.299732208251953,0.8481610417366028,-12.049732208251953,0.1473882794380188,-15.549732208251953,0.00445074075832963
1542,Brazil is losing one of its most reliable growth drivers as consumer demand plummets https://t.co/pvvdLfR07D,0,negative,-1,UNPARSEABLE,,0,1,FinGPT-Llama-3-8B-LoRA,tfns,-11.227253913879395,0.8728175163269043,-13.164753913879395,0.12574128806591034,-17.63350486755371,0.0014411992160603404
1543,Builder confidence slips in November,0,negative,0,negative,Negative,1,0,FinGPT-Llama-3-8B-LoRA,tfns,-9.521659851074219,0.9621444940567017,-12.771659851074219,0.03730639070272446,-16.99040985107422,0.0005490392213687301
1544,"Canada’s job market unexpectedly weakened for a second-straight month, registering the biggest drop in employment s… https://t.co/YEeyGW71ek",0,negative,-1,UNPARSEABLE,,0,1,FinGPT-Llama-3-8B-LoRA,tfns,-11.03072738647461,0.9124816656112671,-13.40572738647461,0.08487401157617569,-16.87447738647461,0.0026443307287991047
1545,China braces for a wave of soured loans with a new bad-debt manager https://t.co/9iDZNKljqu,0,negative,1,neutral,Neutral,0,0,FinGPT-Llama-3-8B-LoRA,tfns,-11.259825706481934,0.4940066337585449,-11.259825706481934,0.4940066337585449,-14.978575706481934,0.011986714787781239
1546,China delays trade data; S&P cuts growth forecast,0,negative,0,negative,Negative,1,0,FinGPT-Llama-3-8B-LoRA,tfns,-11.971059799194336,0.689801037311554,-12.783559799194336,0.3060973584651947,-17.096059799194336,0.0041017066687345505
1547,China's first-quarter smartphone sales may halve due to coronavirus: analysts,0,negative,0,negative,Negative,1,0,FinGPT-Llama-3-8B-LoRA,tfns,-9.74794864654541,0.926848292350769,-12.31044864654541,0.07147086411714554,-16.060447692871094,0.0016808351501822472
1548,Eurozone PMI Shows Economy Close To Stagnation. Sign up for updates on Seeking Alpha! https://t.co/h0OGX7AT9k #economy #finance #business,0,negative,0,negative,Negative,1,0,FinGPT-Llama-3-8B-LoRA,tfns,-11.593329429626465,0.8061195015907288,-13.030829429626465,0.1914701759815216,-17.40582847595215,0.0024102560710161924
1549,Fitch Ratings adds to the drumbeat of credit assessors warning Oman about its precarious public finances https://t.co/4qw624Ecw2,0,negative,-1,UNPARSEABLE,,0,1,FinGPT-Llama-3-8B-LoRA,tfns,-11.108804702758789,0.7194387912750244,-12.108804702758789,0.26466676592826843,-14.921304702758789,0.01589447259902954
1550,German Economic Weakness Exposed Again as Industry Slumps,0,negative,0,negative,Negative,1,0,FinGPT-Llama-3-8B-LoRA,tfns,-10.84034252166748,0.8920733332633972,-12.96534252166748,0.10654296725988388,-17.309091567993164,0.0013837529113516212
1551,Germany’s machine makers warned that concerns over investments from China into Europe’s largest economy are at risk… https://t.co/Uwi0ksH0pd,0,negative,0,negative,Negative,1,0,FinGPT-Llama-3-8B-LoRA,tfns,-11.446253776550293,0.7623574137687683,-12.633753776550293,0.23250585794448853,-16.44625473022461,0.005136718973517418
1552,Gig workers could increase unemployment claims by another 10%: economist  by @KristinReports https://t.co/NA63QEl64P https://t.co/brqpXRi6De,0,negative,-1,UNPARSEABLE,,0,1,FinGPT-Llama-3-8B-LoRA,tfns,-10.124117851257324,0.7050919532775879,-11.061617851257324,0.2761179804801941,-13.749117851257324,0.01879006437957287
1553,Goldman Sachs sees China lowering its economic growth target for 2020 to 'around 6%' https://t.co/L4v0LbULsq,0,negative,0,negative,Negative,1,0,FinGPT-Llama-3-8B-LoRA,tfns,-11.548140525817871,0.6628684997558594,-12.235640525817871,0.33331120014190674,-16.704389572143555,0.0038202947471290827
1554,"Half of small businesses fall behind on April rent, poll finds - WSJ https://t.co/mcpS5eh1ao",0,negative,-1,UNPARSEABLE,,0,1,FinGPT-Llama-3-8B-LoRA,tfns,-11.151871681213379,0.908624529838562,-13.464371681213379,0.08996601402759552,-17.620622634887695,0.001409424003213644
1555,Jobless claims hits 2.5 months high,0,negative,0,negative,Negative,1,0,FinGPT-Llama-3-8B-LoRA,tfns,-10.34914493560791,0.8863919973373413,-12.41164493560791,0.11269208788871765,-17.224143981933594,0.0009159075561910868
1556,Lackluster U.S. retail sales dim fourth quarter economic growth outlook,0,negative,0,negative,Negative,1,0,FinGPT-Llama-3-8B-LoRA,tfns,-10.305322647094727,0.9574205875396729,-13.430322647094727,0.04206612706184387,-17.836572647094727,0.0005132423248142004
1557,Larry Kudlow says Dec. 15 tariffs are 'still on the table' https://t.co/ft8Avs632w,0,negative,1,neutral,Neutral,0,0,FinGPT-Llama-3-8B-LoRA,tfns,-10.703330993652344,0.5820422172546387,-11.140830993652344,0.3757947087287903,-13.328330993652344,0.042162999510765076
1558,Lebanon Turns to IMF as Fitch Sounds Alarm on Default,0,negative,0,negative,Negative,1,0,FinGPT-Llama-3-8B-LoRA,tfns,-10.656840324401855,0.5718136429786682,-10.969340324401855,0.4183477759361267,-14.719340324401855,0.009838596917688847
1559,"March 2020 SCE records a substantial deterioration in financial and economic expectations, including sharp declines… https://t.co/fIdRZPXfcI",0,negative,0,negative,Negative,1,0,FinGPT-Llama-3-8B-LoRA,tfns,-11.052627563476562,0.9232321977615356,-13.552627563476562,0.07578351348638535,-17.896377563476562,0.0009842561557888985
1560,March SCE results show a sharp deterioration in consumer expectations. Check out the findings at the Center for Mic… https://t.co/FX6qV9aJA7,0,negative,0,negative,Negative,1,0,FinGPT-Llama-3-8B-LoRA,tfns,-11.473299980163574,0.8972428441047668,-13.660799980163574,0.10066785663366318,-17.535799026489258,0.0020892967004328966
1561,Mass layoffs push Canada consumer confidence to all-time low https://t.co/GVK9N8RK22,0,negative,0,negative,Negative,1,0,FinGPT-Llama-3-8B-LoRA,tfns,-10.217763900756836,0.9681013822555542,-13.655263900756836,0.031119568273425102,-17.342763900756836,0.0007790631498210132
1562,"Mortgage forbearance requests jump nearly 2,000% as borrowers seek relief during coronavirus outbreak https://t.co/MJ1exQ1C7K",0,negative,0,negative,Negative,1,0,FinGPT-Llama-3-8B-LoRA,tfns,-10.250860214233398,0.6365848779678345,-10.938360214233398,0.3200949728488922,-12.938360214233398,0.04332014545798302
1563,Our microeconomists take a look at the substantial deterioration in consumer expectations in March as a result of t… https://t.co/CPp5g9xcpr,0,negative,0,negative,Negative,1,0,FinGPT-Llama-3-8B-LoRA,tfns,-11.471714973449707,0.781891405582428,-12.784214973449707,0.21044322848320007,-16.096715927124023,0.0076653859578073025
1564,Retail sales falls short of expectation,0,negative,0,negative,Negative,1,0,FinGPT-Llama-3-8B-LoRA,tfns,-10.786405563354492,0.9235724210739136,-13.286405563354492,0.07581143826246262,-18.098905563354492,0.0006161586497910321
1565,Revised Mexican data paints an even bleaker picture of a stagnant economy https://t.co/It97z86YO1,0,negative,0,negative,Negative,1,0,FinGPT-Llama-3-8B-LoRA,tfns,-10.66757869720459,0.8146769404411316,-12.16757869720459,0.18177899718284607,-16.105079650878906,0.003544122911989689
1566,San Francisco Faces Budget Gap as $6 Billion Can’t Meet Costs,0,negative,0,negative,Negative,1,0,FinGPT-Llama-3-8B-LoRA,tfns,-10.082240104675293,0.5905853509902954,-10.457240104675293,0.4059029817581177,-15.207240104675293,0.003511748742312193
1567,Sentiment among U.S. small businesses collapsed in March by the most on record https://t.co/KnB8Bq8MtF https://t.co/stAz2xPazT,0,negative,-1,UNPARSEABLE,,0,1,FinGPT-Llama-3-8B-LoRA,tfns,-11.00484848022461,0.9690749049186707,-14.47359848022461,0.030192453414201736,-18.19234848022461,0.0007325980695895851
1568,Spanish Farmers Rise Up Against Unfair Prices Amidst The Worst Agri-Food Crisis In Decades,0,negative,0,negative,Negative,1,0,FinGPT-Llama-3-8B-LoRA,tfns,-8.997940063476562,0.5528749227523804,-9.310440063476562,0.40449193120002747,-11.560440063476562,0.042633138597011566
1569,Stock Market Update: November retail sales increase less than expected,0,negative,0,negative,Negative,1,0,FinGPT-Llama-3-8B-LoRA,tfns,-12.227954864501953,0.807055652141571,-13.665454864501953,0.191692516207695,-18.696704864501953,0.001251875190064311
1570,Substantial deterioration' in consumer expectations: NY Fed survey https://t.co/VxqxsYW0yb by @bcheungz https://t.co/cGQuyU85as,0,negative,0,negative,Negative,1,0,FinGPT-Llama-3-8B-LoRA,tfns,-11.748961448669434,0.9386277198791504,-14.498961448669434,0.06000446155667305,-18.28021240234375,0.0013677512761205435
1571,Texas manufacturing activity weakens slightly https://t.co/MMbMlGel5P,0,negative,-1,UNPARSEABLE,,0,1,FinGPT-Llama-3-8B-LoRA,tfns,-11.265528678894043,0.8573179841041565,-13.078028678894043,0.13995331525802612,-17.015527725219727,0.0027286577969789505
1572,The real estate market in downtown Los Angeles is taking a hit as Chinese cash dries up https://t.co/Wg3Roxe9pk,0,negative,0,negative,Negative,1,0,FinGPT-Llama-3-8B-LoRA,tfns,-12.439163208007812,0.8070235848426819,-13.876663208007812,0.19168490171432495,-18.876663208007812,0.0012915626866742969
1573,The U.S. budget deficit widened in November to $208.8 billion https://t.co/PsXjeUbXvP,0,negative,0,negative,Negative,1,0,FinGPT-Llama-3-8B-LoRA,tfns,-9.82595157623291,0.8412535190582275,-11.51345157623291,0.15561625361442566,-15.41970157623291,0.0031303444411605597
1574,"U.S. coal production will fall even more sharply than expected this year, dragging down demand for electricity https://t.co/EyVWpQmpUr",0,negative,-1,UNPARSEABLE,,0,1,FinGPT-Llama-3-8B-LoRA,tfns,-11.385758399963379,0.8879647254943848,-13.510758399963379,0.10605226457118988,-16.385757446289062,0.005983064416795969
1575,"U.S. economy is in a contraction, says Larry Kudlow, adding that it could reopen in four to eight weeks https://t.co/tgwRWgau7k",0,negative,0,negative,Negative,1,0,FinGPT-Llama-3-8B-LoRA,tfns,-9.996147155761719,0.7204635143280029,-10.996147155761719,0.2650437355041504,-13.902397155761719,0.014492694288492203
1576,"U.S. retail sales rise slightly, cast shadow on Q4 economic growth",0,negative,2,positive,Positive,0,0,FinGPT-Llama-3-8B-LoRA,tfns,-12.376935958862305,0.22721977531909943,-11.626935958862305,0.48102426528930664,-12.126935958862305,0.2917559742927551
1577,U.S. Stocks Drop on Economic Growth Concerns #SP500 #index #MarketScreener https://t.co/f2nxgBZJfU https://t.co/0IcsN3843x,0,negative,0,negative,Negative,1,0,FinGPT-Llama-3-8B-LoRA,tfns,-10.036436080932617,0.9637568593025208,-13.411436080932617,0.03297794610261917,-15.723936080932617,0.0032652588561177254
1578,US Proved Oil & Gas Reserves Hit New Record High,0,negative,2,positive,positive,0,0,FinGPT-Llama-3-8B-LoRA,tfns,-8.42916488647461,0.05070261284708977,-7.304164886474609,0.15617503225803375,-5.679164886474609,0.7931222915649414
1579,Diesel Demand Slump Signals Manufacturing Recession Is Still Raging https://t.co/yKe9QbFfKO,0,negative,0,negative,Negative,1,0,FinGPT-Llama-3-8B-LoRA,tfns,-10.269862174987793,0.9351935982704163,-12.957362174987793,0.06364072114229202,-16.957361221313477,0.001165621681138873
1580,$ECONX: December University of Michigan Consumer Sentiment- Prelim 99.2 vs 96.5 https://t.co/M9gpUZQoF7 consensus;… https://t.co/fmehvuGCH2,2,positive,-1,UNPARSEABLE,,0,1,FinGPT-Llama-3-8B-LoRA,tfns,-9.926973342895508,0.08986376225948334,-9.364473342895508,0.1577158123254776,-7.80197286605835,0.7524204254150391
1581,$ECONX: November Nonfarm Payrolls 266K vs 182K https://t.co/M9gpUZQoF7 consensus https://t.co/uPsOqomWWO,2,positive,-1,UNPARSEABLE,,0,1,FinGPT-Llama-3-8B-LoRA,tfns,-11.705995559692383,0.0951082780957222,-11.205995559692383,0.1568070501089096,-9.643495559692383,0.7480846047401428
1582,$ECONX: October Wholesale Inventories M/M -0.7% vs +0.2% https://t.co/M9gpUZQoF7 consensus https://t.co/FnLMSxNhlq,2,positive,0,negative,Negative,0,0,FinGPT-Llama-3-8B-LoRA,tfns,-11.526754379272461,0.8120075464248657,-13.026754379272461,0.18118338286876678,-16.30800437927246,0.006809098180383444
1583,12.23 Lakh New Jobs Created In September: ESIC Payroll Data,2,positive,2,positive,Positive,1,0,FinGPT-Llama-3-8B-LoRA,tfns,-12.024194717407227,0.025619719177484512,-9.211694717407227,0.4266066253185272,-8.961694717407227,0.5477737188339233
1584,"At 11.2%, Air Passenger Growth Returns To Double-Digits In November",2,positive,2,positive,Positive,1,0,FinGPT-Llama-3-8B-LoRA,tfns,-12.79666519165039,0.0222622063010931,-10.10916519165039,0.327140748500824,-9.42166519165039,0.650597095489502
1585,"Austria is planning the first steps to restart its economy as soon as next week, the first European country to do so https://t.co/wpN1WMrcW5",2,positive,2,positive,Positive,1,0,FinGPT-Llama-3-8B-LoRA,tfns,-12.710439682006836,0.04244391620159149,-10.647939682006836,0.3338472843170166,-10.022939682006836,0.6237088441848755
1586,Booming London Defies Weak Second Quarter for Britain’s Economy,2,positive,2,positive,Positive,1,0,FinGPT-Llama-3-8B-LoRA,tfns,-11.08768081665039,0.07333344221115112,-9.52518081665039,0.34985432028770447,-9.02518081665039,0.576812207698822
1587,Building permits rise 5% in October to 1.461 million rate,2,positive,2,positive,Positive,1,0,FinGPT-Llama-3-8B-LoRA,tfns,-12.827937126159668,0.008283070288598537,-9.952937126159668,0.14682090282440186,-8.202937126159668,0.8448960781097412
1588,Canadian builders began 2020 with a strong rebound in housing starts that is good news for the nation's increasingl… https://t.co/r6YX9IpI51,2,positive,-1,UNPARSEABLE,,0,1,FinGPT-Llama-3-8B-LoRA,tfns,-13.826821327209473,0.004001567605882883,-12.389321327209473,0.01684722676873207,-8.326821327209473,0.9791512489318848
1589,China is buying more U.S. soybeans as both countries try to reach an initial agreement on trade. https://t.co/AXVjY70Yoc,2,positive,2,positive,Positive,1,0,FinGPT-Llama-3-8B-LoRA,tfns,-13.954113006591797,0.02551419287919998,-12.329113006591797,0.12957176566123962,-10.454113006591797,0.8449140191078186
1590,"China is in the process of waiving retaliatory tariffs on imports of U.S. pork and soy by domestic companies, a pro… https://t.co/08mZU9TrBX",2,positive,-1,UNPARSEABLE,,0,1,FinGPT-Llama-3-8B-LoRA,tfns,-10.70359992980957,0.07362114638090134,-9.26609992980957,0.3099565804004669,-8.57859992980957,0.6164222955703735
1591,"Consumer credit $18.9BN, Exp. $16BN, Last $9.6BN",2,positive,-1,UNPARSEABLE,,0,1,FinGPT-Llama-3-8B-LoRA,tfns,-13.109416007995605,0.06653409451246262,-11.921916007995605,0.21815690398216248,-10.734416007995605,0.7153089642524719
1592,Corporate venture capital deals hit new record as banks invest in fintech competitors https://t.co/yNdMmEYskR,2,positive,2,positive,Positive,1,0,FinGPT-Llama-3-8B-LoRA,tfns,-10.399975776672363,0.104506716132164,-9.149975776672363,0.3647643029689789,-8.774975776672363,0.5307289361953735
1593,"Dubai Economy Grew 2.1% in First Half of 2019, Says Media Office",2,positive,-1,UNPARSEABLE,,0,1,FinGPT-Llama-3-8B-LoRA,tfns,-7.802708625793457,0.058009665459394455,-5.677708625793457,0.48570898175239563,-5.740208625793457,0.4562813639640808
1594,Fannie boosts 2020 real GDP outlook on housing strength,2,positive,2,positive,Positive,1,0,FinGPT-Llama-3-8B-LoRA,tfns,-14.03254222869873,0.019477277994155884,-12.40754222869873,0.0989137813448906,-10.22004222869873,0.8816089630126953
1595,Global air passenger traffic has grown at 4% YoY in 2019 ytd while air freight volumes contracted 4% over the same period: BofA,2,positive,1,neutral,Neutral,0,0,FinGPT-Llama-3-8B-LoRA,tfns,-11.45933723449707,0.4020688235759735,-11.08433723449707,0.5850067138671875,-14.89683723449707,0.012924480251967907
1596,"Global Economy Won't See Recession in 2020, Says Quilvest",2,positive,2,positive,Positive,1,0,FinGPT-Llama-3-8B-LoRA,tfns,-13.410069465637207,0.015510438941419125,-10.910069465637207,0.18895582854747772,-9.472569465637207,0.7955337166786194
1597,GlobalData : Global sales of psychiatric drugs could reach more than $40bn by 2025 due to ... #GlobalData #Stock… https://t.co/rKWo7oKcgD,2,positive,2,positive,Positive,1,0,FinGPT-Llama-3-8B-LoRA,tfns,-8.691288948059082,0.06519756466150284,-7.628788471221924,0.18865549564361572,-6.253788471221924,0.7461469769477844
1598,Goldman: Go Long On Fracking,2,positive,2,positive,Positive,1,0,FinGPT-Llama-3-8B-LoRA,tfns,-11.088130950927734,0.050238557159900665,-10.275630950927734,0.11321433633565903,-8.275630950927734,0.8365470767021179
1599,Here Is The Main Reason For Today's Blockbuster Jobs Report https://t.co/KEB3cegJ7E,2,positive,2,positive,Positive,1,0,FinGPT-Llama-3-8B-LoRA,tfns,-12.262871742248535,0.014282522723078728,-9.387871742248535,0.25316378474235535,-8.325371742248535,0.7325536608695984
1600,Housing starts climb 3.8% in October to 1.314 million rate,2,positive,2,positive,Positive,1,0,FinGPT-Llama-3-8B-LoRA,tfns,-14.621033668518066,0.004925849847495556,-12.183533668518066,0.056373365223407745,-9.371033668518066,0.9387008547782898
1601,"IHS Markit sees global GDP growth stabilizing at 2.5% in 2020, rising to 2.7% in 2021",2,positive,2,positive,Positive,1,0,FinGPT-Llama-3-8B-LoRA,tfns,-14.172638893127441,0.00958013441413641,-9.985138893127441,0.6309279799461365,-10.547638893127441,0.35949188470840454
1602,"Job Growth Surges In January, Beating Wall Street Expectations",2,positive,2,positive,Positive,1,0,FinGPT-Llama-3-8B-LoRA,tfns,-13.930212020874023,0.007634741719812155,-11.992712020874023,0.05299560725688934,-9.117712020874023,0.9393695592880249
1603,Job growth swells in January,2,positive,2,positive,Positive,1,0,FinGPT-Llama-3-8B-LoRA,tfns,-15.217167854309082,0.0038889881689101458,-12.779667854309082,0.044507112354040146,-9.717167854309082,0.9516040086746216
1604,Jobs Report Should Bolster Fed Confidence: Riccadonna (Radio),2,positive,2,positive,Positive,1,0,FinGPT-Llama-3-8B-LoRA,tfns,-13.452493667602539,0.019977711141109467,-10.827493667602539,0.2757837772369385,-9.889993667602539,0.7042385339736938
1605,Mild weather boosts U.S. job growth; but benchmark revisions show ebbing momentum,2,positive,1,neutral,Neutral,0,0,FinGPT-Llama-3-8B-LoRA,tfns,-14.9854097366333,0.03544445335865021,-12.1104097366333,0.6282678842544556,-12.7354097366333,0.33628758788108826
1606,Mnuchin says trade deal with China to boost global economy,2,positive,2,positive,Positive,1,0,FinGPT-Llama-3-8B-LoRA,tfns,-12.533003807067871,0.019159061834216118,-9.533003807067871,0.38482001423835754,-9.095503807067871,0.5960208773612976
1607,"RECAP 11/22 TRUMPSAYS:
China deal is coming along very well

Live Breaking trading news
https://t.co/yChRCoaR8v",2,positive,2,positive,Positive,1,0,FinGPT-Llama-3-8B-LoRA,tfns,-13.998417854309082,0.010705716907978058,-11.435917854309082,0.13883385062217712,-9.623417854309082,0.850460410118103
1608,Saudi Arabia's Unemployment Falls to Lowest in Over Three Years,2,positive,2,positive,Positive,1,0,FinGPT-Llama-3-8B-LoRA,tfns,-12.238992691040039,0.038971442729234695,-11.051492691040039,0.1277824342250824,-9.176492691040039,0.833246111869812
1609,"Small Business Roundtable with President Trump: Regulatory Relief is Boosting Revenues, Job Growth and Entrepreneur… https://t.co/5DucI1Vn14",2,positive,2,positive,Positive,1,0,FinGPT-Llama-3-8B-LoRA,tfns,-11.22668170928955,0.02333172596991062,-8.85168170928955,0.2508396804332733,-7.789181709289551,0.7258286476135254
1610,"Stock Market Update: Housing starts, building permits pick up in October",2,positive,2,positive,Positive,1,0,FinGPT-Llama-3-8B-LoRA,tfns,-14.290346145629883,0.016404643654823303,-11.602846145629883,0.24106448888778687,-10.477846145629883,0.7425309419631958
1611,U.K. House Prices Rise 0.4% With Signs of Strengthening Economy,2,positive,2,positive,Positive,1,0,FinGPT-Llama-3-8B-LoRA,tfns,-14.59089183807373,0.007853281684219837,-12.21589183807373,0.08443073183298111,-9.84089183807373,0.9077159762382507
1612,U.S. factory and services activity quicken in November: Markit https://t.co/Uvnds2WdjP https://t.co/NlVK9IhoJ1,2,positive,-1,UNPARSEABLE,,0,1,FinGPT-Llama-3-8B-LoRA,tfns,-14.975852012634277,0.0072204782627522945,-13.100852012634277,0.04708343371748924,-10.100852012634277,0.9456961154937744
1613,UMich Consumer Confidence Surges In Early December Read https://t.co/u0HvOhY3Ri,2,positive,2,positive,Positive,1,0,FinGPT-Llama-3-8B-LoRA,tfns,-12.652287483215332,0.013443700037896633,-11.464787483215332,0.04408019781112671,-8.402287483215332,0.9424761533737183
1614,United States: JOLTS Job Openings better than estimates at 6.88M #economy #MarketScreener https://t.co/DFfgeUsoXi https://t.co/t52IA8Ih3K,2,positive,2,positive,Positive,1,0,FinGPT-Llama-3-8B-LoRA,tfns,-13.346111297607422,0.012948142364621162,-11.533611297607422,0.07931698858737946,-9.096111297607422,0.9077349305152893
1615,"US industrial production snaps back, rises 1.1% in November",2,positive,2,positive,Positive,1,0,FinGPT-Llama-3-8B-LoRA,tfns,-13.53080940246582,0.0020282587502151728,-11.84330940246582,0.01096466463059187,-7.3433098793029785,0.9870071411132812
1616,WRAPUP 1-U.S. housing starts rise; permits highest in over 12 years,2,positive,2,positive,Positive,1,0,FinGPT-Llama-3-8B-LoRA,tfns,-13.349130630493164,0.02155621349811554,-11.286630630493164,0.1695527583360672,-9.724130630493164,0.8088909983634949
1617,Zimbabwe to the IMF: “Our fundamentals are now sound” https://t.co/HSSo4iqk7M,2,positive,1,neutral,Neutral,0,0,FinGPT-Llama-3-8B-LoRA,tfns,-12.187094688415527,0.027268631383776665,-8.999594688415527,0.6606584191322327,-9.749594688415527,0.3120729625225067
1618,Argentina Hikes Export Taxes to Fund New Leader’s Spending,1,neutral,1,neutral,Neutral,1,0,FinGPT-Llama-3-8B-LoRA,tfns,-10.348114013671875,0.46221232414245605,-10.285614013671875,0.49202245473861694,-12.660614013671875,0.045765217393636703
1619,Banque national de Belgique : Press release - Business confidence indicator (2019-11) PDF ...… https://t.co/GpWUf01E3a,1,neutral,1,neutral,Neutral,1,0,FinGPT-Llama-3-8B-LoRA,tfns,-10.452433586120605,0.17999376356601715,-9.014933586120605,0.7578020691871643,-11.514933586120605,0.06220417842268944
1620,"Before the coronavirus struck, U.S. job openings stood at nearly 7 million https://t.co/gEijFZ3crn",1,neutral,2,positive,Positive,0,0,FinGPT-Llama-3-8B-LoRA,tfns,-10.55239486694336,0.22503623366355896,-9.86489486694336,0.44753798842430115,-10.17739486694336,0.3274257779121399
1621,Britain seeking far-reaching tariff cuts in post Brexit U.S. trade deal,1,neutral,1,neutral,Neutral,1,0,FinGPT-Llama-3-8B-LoRA,tfns,-11.51673698425293,0.10194073617458344,-9.57923698425293,0.7076088786125183,-10.89173698425293,0.19045035541057587
1622,Canada readies Alberta aid package as Frontier deadline nears - Reuters,1,neutral,1,neutral,Neutral,1,0,FinGPT-Llama-3-8B-LoRA,tfns,-11.339287757873535,0.1901119202375412,-9.964287757873535,0.751907229423523,-12.526787757873535,0.05798086151480675
1623,China and U.S. 'very close' to phase one trade deal - Global Times https://t.co/t4idLxj9Bz https://t.co/oLkqruR3gU,1,neutral,2,positive,Positive,0,0,FinGPT-Llama-3-8B-LoRA,tfns,-13.241820335388184,0.018123703077435493,-11.054320335388184,0.16153481602668762,-9.429320335388184,0.8203415274620056
1624,"China Delays Trade Statistics, Merges January and February Data",1,neutral,1,neutral,Neutral,1,0,FinGPT-Llama-3-8B-LoRA,tfns,-12.119808197021484,0.2868407964706421,-11.244808197021484,0.6880953311920166,-14.557308197021484,0.02506387047469616
1625,China likely considering disaster clause in Phase 1 deal with U.S.: Global Times,1,neutral,1,neutral,Neutral,1,0,FinGPT-Llama-3-8B-LoRA,tfns,-10.078875541687012,0.38338467478752136,-9.703875541687012,0.5578213930130005,-11.953875541687012,0.058793939650058746
1626,"China to raise penalties on IP theft in trade war compromise - SCMP

https://t.co/hVY3zAtMg0",1,neutral,1,neutral,Neutral,1,0,FinGPT-Llama-3-8B-LoRA,tfns,-10.691304206848145,0.08601091057062149,-8.566304206848145,0.7201604843139648,-9.878804206848145,0.19382856786251068
1627,China's mutant pigs could help save the nation from a pork apocalypse. That's if the U.S. doesn't create super swin… https://t.co/wcwdQAmpK4,1,neutral,2,positive,Positive,0,0,FinGPT-Llama-3-8B-LoRA,tfns,-9.928945541381836,0.0889975056052208,-8.616445541381836,0.33066582679748535,-8.053945541381836,0.5803366303443909
1628,Economy Week Ahead : U.S. Inflation and Chinese Manufacturing Data #EconomyWeekAhead #economy #MarketScreener… https://t.co/v3NCaFfyNy,1,neutral,1,neutral,Neutral,1,0,FinGPT-Llama-3-8B-LoRA,tfns,-9.782157897949219,0.20772160589694977,-8.594657897949219,0.6810929775238037,-10.407157897949219,0.11118537187576294
1629,EU trade chief Hogan returns to Washington as auto tariffs loom,1,neutral,1,neutral,Neutral,1,0,FinGPT-Llama-3-8B-LoRA,tfns,-12.027186393737793,0.39333370327949524,-11.652186393737793,0.5722971558570862,-14.464686393737793,0.03436911478638649
1630,France’s Le Maire Says Retirement Age Could Be Negotiable,1,neutral,1,neutral,Neutral,1,0,FinGPT-Llama-3-8B-LoRA,tfns,-11.814230918884277,0.11419519782066345,-9.814230918884277,0.8437947034835815,-12.814230918884277,0.04201006516814232
1631,"Grain Prices To Hold Steady, Trade Within A Range After A Neutral Inspections Report. Keep reading:… https://t.co/561iJ6W4Kg",1,neutral,-1,UNPARSEABLE,0,0,1,FinGPT-Llama-3-8B-LoRA,tfns,-12.446056365966797,0.07848510146141052,-10.196056365966797,0.7446459531784058,-11.633556365966797,0.17686893045902252
1632,Greenhouse gas emissions in the U.S. are forecast to decline by a whopping 7.5% this year https://t.co/MjBXKkouHy,1,neutral,-1,UNPARSEABLE,,0,1,FinGPT-Llama-3-8B-LoRA,tfns,-11.246312141418457,0.24494411051273346,-11.433812141418457,0.20306582748889923,-10.433812141418457,0.5519900918006897
1633,IFA Irish Farmers Association : EU COMMISSION INDICATE THAT CAP TRANSITIONAL RULES FACILITATE THE REOPENING OF GLAS… https://t.co/mcHUiy15CH,1,neutral,1,neutral,Neutral,1,0,FinGPT-Llama-3-8B-LoRA,tfns,-10.087553977966309,0.13003943860530853,-8.400053977966309,0.7029865980148315,-9.837553977966309,0.16697394847869873
1634,Immigration in Emerging Countries: A Macroeconomic Perspective #Stock #MarketScreener https://t.co/4kg5Pcsr1Q https://t.co/4NJamVTUeX,1,neutral,1,neutral,Neutral,1,0,FinGPT-Llama-3-8B-LoRA,tfns,-10.926529884338379,0.12867708504199982,-9.114029884338379,0.7882426977157593,-11.364029884338379,0.08308016508817673
1635,"In Apparent Trade War Compromise, China Issues Guidelines For IP Theft https://t.co/bAIXnkHG0u",1,neutral,2,positive,Positive,0,0,FinGPT-Llama-3-8B-LoRA,tfns,-11.519474983215332,0.03377142921090126,-8.769474983215332,0.5282739996910095,-8.956974983215332,0.4379545748233795
1636,India is reviewing trade and goods agreements with its Southeast Asian neighbors after opting out of a China-backed… https://t.co/JUB0UJL4SP,1,neutral,1,neutral,Neutral,1,0,FinGPT-Llama-3-8B-LoRA,tfns,-9.912368774414062,0.32065537571907043,-9.474868774414062,0.49664074182510376,-10.474868774414062,0.18270394206047058
1637,India Plans Incentives to Bring In Foreign Manufacturers From Tesla to Glaxo,1,neutral,1,neutral,Neutral,1,0,FinGPT-Llama-3-8B-LoRA,tfns,-12.502488136291504,0.06803695857524872,-10.252488136291504,0.6455167531967163,-11.064988136291504,0.28644630312919617
1638,Kenya trade deal seen helping apparel industry,1,neutral,2,positive,Positive,0,0,FinGPT-Llama-3-8B-LoRA,tfns,-11.658987045288086,0.029290566220879555,-9.471487045288086,0.26106399297714233,-8.471487045288086,0.7096454501152039
1639,Mexico's economy minister tries to dispel concerns over labor reform #economy #MarketScreener… https://t.co/dZ3UhEBzkv,1,neutral,2,positive,Positive,0,0,FinGPT-Llama-3-8B-LoRA,tfns,-13.215826988220215,0.03290579468011856,-10.528326988220215,0.4835470914840698,-10.528326988220215,0.4835470914840698
1640,Mnuchin: 'The deficit right now as a percentage of GDP is manageable',1,neutral,1,neutral,Neutral,1,0,FinGPT-Llama-3-8B-LoRA,tfns,-14.767218589782715,0.030362501740455627,-11.454718589782715,0.8335621953010559,-13.267218589782715,0.13607528805732727
1641,"Morgan Stanley Sees Lower Truck Capacity, Higher Rates In 2020",1,neutral,1,neutral,Neutral,1,0,FinGPT-Llama-3-8B-LoRA,tfns,-11.31449031829834,0.2790290117263794,-10.43949031829834,0.6693558096885681,-13.00199031829834,0.05161517858505249
1642,Nearly 148 Million Americans Plan to Shop Super Saturday,1,neutral,1,neutral,Neutral,1,0,FinGPT-Llama-3-8B-LoRA,tfns,-12.26580810546875,0.03197745978832245,-9.01580810546875,0.8247095346450806,-10.76580810546875,0.14331302046775818
1643,Personal Consumption Driving U.S. Market: BBH's Clemons (Radio),1,neutral,2,positive,Positive,0,0,FinGPT-Llama-3-8B-LoRA,tfns,-9.492013931274414,0.05311854928731918,-7.304513454437256,0.4734407067298889,-7.304513454437256,0.4734407067298889
1644,Q4 GDP: Trudging Along. https://t.co/IQebEf5ooz #business #stockmarket #stocks,1,neutral,0,negative,Negative,0,0,FinGPT-Llama-3-8B-LoRA,tfns,-10.533724784851074,0.8399357795715332,-12.221224784851074,0.1553725004196167,-15.721224784851074,0.004691842943429947
1645,"Retail Loans To Double To Rs 96 Lakh-Crore In Five Years, Says Crisil",1,neutral,1,neutral,Neutral,1,0,FinGPT-Llama-3-8B-LoRA,tfns,-9.70777416229248,0.08405867964029312,-7.7702741622924805,0.5834828615188599,-8.33277416229248,0.33245849609375
1646,"Robert Tombs: 'There may be some short-term disturbance. But Brexit is economically rational' 
https://t.co/GznnjuD55S",1,neutral,2,positive,Positive,0,0,FinGPT-Llama-3-8B-LoRA,tfns,-13.247941970825195,0.005866583436727524,-8.747941970825195,0.5280929803848267,-8.872941970825195,0.46604040265083313
1647,The U.S. and China are reportedly taking steps to delay the next round of American tariffs set for Sunday as they s… https://t.co/HWzU8RAkIt,1,neutral,-1,UNPARSEABLE,,0,1,FinGPT-Llama-3-8B-LoRA,tfns,-10.610136985778809,0.09602075815200806,-9.547636985778809,0.27784526348114014,-8.735136985778809,0.6261339783668518
1648,Top economist lowers recession risk for 2020 but says hurdles remain via @TradingNation) https://t.co/0uYhHyIugr,1,neutral,2,positive,Positive,0,0,FinGPT-Llama-3-8B-LoRA,tfns,-13.70769214630127,0.0889975056052208,-12.39519214630127,0.33066582679748535,-11.83269214630127,0.5803366303443909
1649,U.S. consumer credit increased at faster pace in February https://t.co/VvjV1lEi7x,1,neutral,2,positive,Positive,0,0,FinGPT-Llama-3-8B-LoRA,tfns,-11.046957015991211,0.11025784909725189,-10.609457015991211,0.17077068984508514,-9.171957015991211,0.7189714312553406
1650,US GDP over time https://t.co/HQRrC4a1Pt,1,neutral,1,neutral,Neutral,1,0,FinGPT-Llama-3-8B-LoRA,tfns,-10.326454162597656,0.12306568026542664,-8.513954162597656,0.7538686394691467,-10.326454162597656,0.12306568026542664
1651,Worker and environment safeguards among changes in new USMCA trade deal #economy #MarketScreener… https://t.co/GbXqn0s4Pa,1,neutral,1,neutral,Neutral,1,0,FinGPT-Llama-3-8B-LoRA,tfns,-10.846796035766602,0.0771135613322258,-8.534296035766602,0.7788193821907043,-10.221796035766602,0.14406709372997284
1652,Poland's reserve assets in March 2020 #Stock #MarketScreener https://t.co/sTZKhR4svG https://t.co/HFyO8rcjDZ,1,neutral,1,neutral,Neutral,1,0,FinGPT-Llama-3-8B-LoRA,tfns,-10.930120468139648,0.1602136641740799,-9.305120468139648,0.8136321902275085,-12.742620468139648,0.026154164224863052
1653,New Zealand's resurgent housing market could get a rate-cut boost https://t.co/OMD3CqZ03T,1,neutral,2,positive,Positive,0,0,FinGPT-Llama-3-8B-LoRA,tfns,-11.462626457214355,0.0413808710873127,-10.337626457214355,0.12746207416057587,-8.462626457214355,0.8311570286750793
1654,Richmond Fed Business Survey Shockingly Rises... Here's Why  https://t.co/c4DsjNAHPS,1,neutral,-1,UNPARSEABLE,,0,1,FinGPT-Llama-3-8B-LoRA,tfns,-11.804880142211914,0.03575252741575241,-10.367380142211914,0.15052376687526703,-8.679880142211914,0.8137237429618835
1655,Asia markets mostly fall as China's trade data gets delayed - CNBC,0,negative,0,negative,Negative,1,0,FinGPT-Llama-3-8B-LoRA,tfns,-11.759171485900879,0.9188839197158813,-14.196671485900879,0.08029118180274963,-18.774797439575195,0.0008249222300946712
1656,China Risks Exporting Market Volatility Like Never Before,0,negative,0,negative,negative,1,0,FinGPT-Llama-3-8B-LoRA,tfns,-8.739943504333496,0.6440731883049011,-9.427443504333496,0.3238603174686432,-11.739943504333496,0.03206651285290718
1657,"Dow closes about 102 points, 0.4%, lower",0,negative,0,negative,Negative,1,0,FinGPT-Llama-3-8B-LoRA,tfns,-10.175193786621094,0.9492560625076294,-13.112693786621094,0.050308726727962494,-17.862693786621094,0.00043525578803382814
1658,Dow falls 0.5%;S&P 500 falls 0.3% at Friday's open,0,negative,0,negative,Negative,1,0,FinGPT-Llama-3-8B-LoRA,tfns,-10.028017044067383,0.9429644346237183,-12.840517044067383,0.05662941560149193,-17.778017044067383,0.00040617489139549434
1659,Dow is down over 500 points. Here's what you need to know now:  https://t.co/hvgRljuQji,0,negative,-1,UNPARSEABLE,,0,1,FinGPT-Llama-3-8B-LoRA,tfns,-8.501667976379395,0.9760969281196594,-12.251667976379395,0.022955600172281265,-15.439167976379395,0.0009474906837567687
1660,Dow Jones Industrial Average 8 points lower,0,negative,0,negative,Negative,1,0,FinGPT-Llama-3-8B-LoRA,tfns,-9.63064193725586,0.9684392213821411,-13.06814193725586,0.031130429357290268,-17.34939193725586,0.0004303896857891232
1661,Final-hour selloff costs stocks all their gains Tuesday as the Dow ends down 26 https://t.co/Sc6WQUz66L https://t.co/OGoPceRsWB,0,negative,-1,UNPARSEABLE,,0,1,FinGPT-Llama-3-8B-LoRA,tfns,-9.882101058959961,0.9078593850135803,-12.194601058959961,0.089890256524086,-15.882101058959961,0.002250358462333679
1662,Futures extend declines after January jobs data,0,negative,0,negative,Negative,1,0,FinGPT-Llama-3-8B-LoRA,tfns,-11.663606643676758,0.9702945947647095,-15.163606643676758,0.029300358146429062,-19.444856643676758,0.0004050882416777313
1663,Higher tariffs threat weigh on global markets,0,negative,0,negative,Negative,1,0,FinGPT-Llama-3-8B-LoRA,tfns,-9.528377532958984,0.9489211440086365,-12.465877532958984,0.05029097944498062,-16.622127532958984,0.0007878683391027153
1664,"Japanese shares fall led by IT sector, as Trump warns of more tariffs",0,negative,0,negative,Negative,1,0,FinGPT-Llama-3-8B-LoRA,tfns,-10.031498908996582,0.9660353064537048,-13.406498908996582,0.03305590897798538,-17.0002498626709,0.0009088724036701024
1665,"Nasdaq-100 futures fall 20 points, or 0.2%",0,negative,0,negative,Negative,1,0,FinGPT-Llama-3-8B-LoRA,tfns,-11.44393253326416,0.8864646553993225,-13.50643253326416,0.11270132660865784,-18.412681579589844,0.0008340117637999356
1666,S&P Futures Crater 40 Points In One Tick On Huge For Sell Closing Imbalance  https://t.co/CFb8vKL8Hu,0,negative,0,negative,Negative,1,0,FinGPT-Llama-3-8B-LoRA,tfns,-7.72551965713501,0.9483972787857056,-10.663019180297852,0.050263237208127975,-14.288019180297852,0.001339469919912517
1667,Stock Market Live Updates: Markets lower as US-China trade optimism dissipates,0,negative,0,negative,Negative,1,0,FinGPT-Llama-3-8B-LoRA,tfns,-11.737936973571777,0.9598184823989868,-14.925436973571777,0.03961643949151039,-19.17543601989746,0.0005650986568070948
1668,"Stock Market Update: Asia closes mixed, Asia trades lower",0,negative,0,negative,Negative,1,0,FinGPT-Llama-3-8B-LoRA,tfns,-11.88625717163086,0.4214783310890198,-11.57375717163086,0.5760926008224487,-17.04250717163086,0.0024290941655635834
1669,Stock Market Update: Futures slip lower following trade tweet from CNBC reporter,0,negative,0,negative,Negative,1,0,FinGPT-Llama-3-8B-LoRA,tfns,-12.151890754699707,0.9733258485794067,-15.776890754699707,0.025938255712389946,-19.33938980102539,0.0007358123548328876
1670,Stock Market Update: Semiconductor stocks pull back after Qualcomm earnings,0,negative,0,negative,Negative,1,0,FinGPT-Llama-3-8B-LoRA,tfns,-13.398995399475098,0.87980055809021,-15.398995399475098,0.11906805634498596,-20.05524444580078,0.0011313891736790538
1671,Stock-index futures turn negative,0,negative,0,negative,Negative,1,0,FinGPT-Llama-3-8B-LoRA,tfns,-10.561054229736328,0.9893535375595093,-15.123554229736328,0.010324831120669842,-18.592304229736328,0.00032167992321774364
1672,Stocks hit lows of the day as oil briefly plunges more than 9% https://t.co/JhUWpIRPRb https://t.co/hqK9nGcKy1,0,negative,0,negative,Negative,1,0,FinGPT-Llama-3-8B-LoRA,tfns,-10.358272552490234,0.9539490342140198,-13.420772552490234,0.04461679235100746,-16.858272552490234,0.0014342042850330472
1673,Stocks hit lows of the day as oil plunges briefly plunges more than 9% https://t.co/JhUWpIRPRb https://t.co/WS7bbpWEQh,0,negative,0,negative,Negative,1,0,FinGPT-Llama-3-8B-LoRA,tfns,-10.703473091125488,0.9452514052391052,-13.578473091125488,0.05332743749022484,-17.203472137451172,0.0014211294474080205
1674,Stocks open lower on trade deal skepticism,0,negative,0,negative,Negative,1,0,FinGPT-Llama-3-8B-LoRA,tfns,-11.287217140197754,0.9841833710670471,-15.443467140197754,0.015418409369885921,-19.099716186523438,0.0003982454363722354
1675,The Dow is down more than 500 points as Friday's selloff intensifies https://t.co/tK5DeT4k4V,0,negative,0,negative,Negative,1,0,FinGPT-Llama-3-8B-LoRA,tfns,-10.053378105163574,0.9489664435386658,-12.990878105163574,0.05029337853193283,-17.209627151489258,0.0007401698385365307
1676,"The S&P 500's chart is signaling a near-term pullback, technical analyst warns (via @TradingNation) https://t.co/VxNKIV5SRR",0,negative,0,negative,Negative,1,0,FinGPT-Llama-3-8B-LoRA,tfns,-10.398926734924316,0.8243296146392822,-11.961426734924316,0.17278887331485748,-16.05517578125,0.002881529973819852
1677,"Trade, U.S. Elections Are Top Market Risks, Says Goldman Sachs's Moe",0,negative,1,neutral,Neutral,0,0,FinGPT-Llama-3-8B-LoRA,tfns,-8.840456008911133,0.341919869184494,-8.215456008911133,0.6387903690338135,-11.715456008911133,0.01928979903459549
1678,$XLF $BAC $C - Fed fires a dud as financial sector plunges https://t.co/OwDNvwPYyd,0,negative,0,negative,Negative,1,0,FinGPT-Llama-3-8B-LoRA,tfns,-9.986984252929688,0.9182910323143005,-12.424484252929688,0.08023937791585922,-16.424484252929688,0.0014696355210617185
1679,$SUMRX: Overnight Summary -- World markets extending gains overnight https://t.co/pjuCZNd5jf,2,positive,2,positive,Positive,1,0,FinGPT-Llama-3-8B-LoRA,tfns,-14.7787446975708,0.0027190488763153553,-12.4037446975708,0.029232529923319817,-8.9037446975708,0.9680483937263489
1680,$TALKX: Market Briefing: Market still riding hope of COVID-19 plateauing https://t.co/P3bUqinQVx,2,positive,2,positive,Positive,1,0,FinGPT-Llama-3-8B-LoRA,tfns,-13.364179611206055,0.021332934498786926,-10.364179611206055,0.4284834563732147,-10.114179611206055,0.5501836538314819
1681,All three benchmarks trade in record territory,2,positive,2,positive,Positive,1,0,FinGPT-Llama-3-8B-LoRA,tfns,-13.688480377197266,0.0009376972448080778,-10.125980377197266,0.03305496647953987,-6.750980854034424,0.9660072326660156
1682,Asian markets gain amid fresh hopes for U.S.-China trade deal https://t.co/NPIyhoJPU1,2,positive,2,positive,Positive,1,0,FinGPT-Llama-3-8B-LoRA,tfns,-14.751239776611328,0.0022814730182290077,-12.688739776611328,0.017945175990462303,-8.688739776611328,0.9797734022140503
1683,Asian shares advance after Fed keeps interest rates steady,2,positive,2,positive,Positive,1,0,FinGPT-Llama-3-8B-LoRA,tfns,-14.84439468383789,0.0055193714797496796,-12.00064468383789,0.0948231890797615,-9.75064468383789,0.8996573686599731
1684,Bulletproof stock market shakes off negative trade headlines and keeps marching to records,2,positive,2,positive,Positive,1,0,FinGPT-Llama-3-8B-LoRA,tfns,-16.302169799804688,0.0037962535861879587,-13.427168846130371,0.06729026883840561,-10.802168846130371,0.9289134740829468
1685,"Dow ends nearly 1,600 points higher on hopes coronavirus peak is near https://t.co/XgNjVJHoqW",2,positive,2,positive,Positive,1,0,FinGPT-Llama-3-8B-LoRA,tfns,-14.000321388244629,0.00231312308460474,-13.375321388244629,0.004321482963860035,-7.937821388244629,0.993365466594696
1686,"Dow Industrials Surge 1,200 Points at Start of Challenging Week #MarriottInternational #Stock #MarketScreener… https://t.co/jOKR9otBgR",2,positive,2,positive,Positive,1,0,FinGPT-Llama-3-8B-LoRA,tfns,-11.42986011505127,0.005791578907519579,-10.17986011505127,0.020214596763253212,-6.3048601150512695,0.9739938974380493
1687,"Dow jumps 170 points, Amazon leads S&P 500 and Nasdaq to record highs - CNBC",2,positive,2,positive,Positive,1,0,FinGPT-Llama-3-8B-LoRA,tfns,-15.312850952148438,0.004753359127789736,-13.437850952148438,0.030995797365903854,-10.000350952148438,0.964250922203064
1688,Dow scores triple-digit gain on rosier investor view of U.S.-China trade talks https://t.co/Dh7QlYLIjn,2,positive,2,positive,Positive,1,0,FinGPT-Llama-3-8B-LoRA,tfns,-16.739139556884766,0.0028725522570312023,-16.020389556884766,0.005894094239920378,-10.895390510559082,0.9912332892417908
1689,"Dow up 26 points, or 0.1%; S&P 500 adds 1 point",2,positive,2,positive,Positive,1,0,FinGPT-Llama-3-8B-LoRA,tfns,-13.583020210266113,0.0029934810008853674,-10.645520210266113,0.05648283660411835,-7.833020210266113,0.9405236840248108
1690,Emerging Markets Get Fresh Boost of Hope Over Trade Deal,2,positive,2,positive,Positive,1,0,FinGPT-Llama-3-8B-LoRA,tfns,-13.371288299560547,0.008935299701988697,-11.183788299560547,0.07963944971561432,-8.746288299560547,0.9114252924919128
1691,European shares extend winning streak; Qiagen jumps as company explores sale,2,positive,2,positive,Positive,1,0,FinGPT-Llama-3-8B-LoRA,tfns,-15.165807723999023,0.0025675655342638493,-12.915807723999023,0.024360382929444313,-9.228307723999023,0.9730720520019531
1692,Futures climb on China plan to cut tariffs on U.S. products,2,positive,2,positive,Positive,1,0,FinGPT-Llama-3-8B-LoRA,tfns,-14.517848014831543,0.008148076944053173,-13.611598014831543,0.020166682079434395,-9.736598014831543,0.9716852307319641
1693,Futures Fly On Trade Optimism Amid Barrage Of Megamergers https://t.co/zcIHhcFH6d,2,positive,2,positive,Positive,1,0,FinGPT-Llama-3-8B-LoRA,tfns,-13.43143081665039,0.005846504122018814,-12.80643081665039,0.010922708548605442,-8.30643081665039,0.9832308292388916
1694,"Global stocks gain after China cuts U.S. import tariffs, virus fears wane",2,positive,2,positive,Positive,1,0,FinGPT-Llama-3-8B-LoRA,tfns,-16.22493553161621,0.005810059607028961,-14.131185531616211,0.047150325030088425,-11.131185531616211,0.9470396041870117
1695,Here's what has futures higher to kick off the holiday week https://t.co/uSCSLhgCrA,2,positive,2,positive,Positive,1,0,FinGPT-Llama-3-8B-LoRA,tfns,-13.192192077636719,0.009327233768999577,-11.754692077636719,0.03926911950111389,-8.567192077636719,0.9514036774635315
1696,Hong Kong Stocks Nearly Recover Post-Holiday Losses With Rally,2,positive,2,positive,Positive,1,0,FinGPT-Llama-3-8B-LoRA,tfns,-13.392794609069824,0.013468557968735695,-11.392794609069824,0.09951993077993393,-9.205294609069824,0.8870115280151367
1697,Industrials Up As Global Growth Fears Subside -- Industrials Roundup #economy #MarketScreener… https://t.co/xfOVrpXf6N,2,positive,2,positive,Positive,1,0,FinGPT-Llama-3-8B-LoRA,tfns,-13.017142295837402,0.00987123791128397,-11.517142295837402,0.044239819049835205,-8.454642295837402,0.9458889961242676
1698,Muni-Bond Bankers Brace For Record Year In 2020: Mysak (Radio),2,positive,1,neutral,neutral,0,0,FinGPT-Llama-3-8B-LoRA,tfns,-8.62512493133545,0.16206294298171997,-7.312624931335449,0.6021369099617004,-8.25012493133545,0.23580019176006317
1699,Nasdaq hits record at closing bell as investors digest  phase onetrade deal,2,positive,2,positive,Positive,1,0,FinGPT-Llama-3-8B-LoRA,tfns,-12.6661958694458,0.002435728907585144,-10.8536958694458,0.01492064818739891,-6.666195392608643,0.9826436638832092
1700,"Nasdaq-100 futures rise 18 points, or 0.2%",2,positive,2,positive,Positive,1,0,FinGPT-Llama-3-8B-LoRA,tfns,-15.323648452758789,0.006216890644282103,-13.417398452758789,0.041826073080301285,-10.292398452758789,0.9519569873809814
1701,NYSI buy signal that triggered last week remains modestly above the 8 EMA level https://t.co/Lbo5oN8Mjn,2,positive,2,positive,Positive,1,0,FinGPT-Llama-3-8B-LoRA,tfns,-12.211919784545898,0.03112085349857807,-10.086919784545898,0.26057174801826477,-9.086919784545898,0.7083073854446411
1702,S&P 500 Price Forecast – Stock Markets Break To A Fresh New High - Yahoo Finance,2,positive,2,positive,Positive,1,0,FinGPT-Llama-3-8B-LoRA,tfns,-11.834653854370117,0.015035674907267094,-9.834653854370117,0.11109944432973862,-7.772153854370117,0.8738648295402527
1703,"S&P 500, Nasdaq Composite post record close as stocks rise",2,positive,2,positive,Positive,1,0,FinGPT-Llama-3-8B-LoRA,tfns,-14.210196495056152,0.001312946085818112,-12.272696495056152,0.00911365170031786,-7.585196018218994,0.9895734190940857
1704,"S&P 500, Nasdaq hit record closing highs; Chinese workers return",2,positive,2,positive,positive,1,0,FinGPT-Llama-3-8B-LoRA,tfns,-13.378205299377441,0.0014667395735159516,-10.628205299377441,0.022943668067455292,-6.878205299377441,0.9755895733833313
1705,"S&P 500, Nasdaq reach record closing highs; Chinese workers return",2,positive,2,positive,positive,1,0,FinGPT-Llama-3-8B-LoRA,tfns,-13.7412691116333,0.0017385809915140271,-10.6162691116333,0.039569925516843796,-7.428769111633301,0.9586914777755737
1706,"S&P 500, Nasdaq see closing highs; Slack halted for coming news https://t.co/cMizm4ImP6 https://t.co/vlKQ67OJDo",2,positive,2,positive,Positive,1,0,FinGPT-Llama-3-8B-LoRA,tfns,-12.712721824645996,0.0060585574246943,-9.962721824645996,0.09477178007364273,-7.712721824645996,0.8991696238517761
1707,S&P rises 5% https://t.co/YKsHWgtNcP https://t.co/CqiMPLAknF,2,positive,2,positive,Positive,1,0,FinGPT-Llama-3-8B-LoRA,tfns,-15.258513450622559,0.004292144440114498,-14.508513450622559,0.009086469188332558,-9.821013450622559,0.9866214990615845
1708,"So far, the train is coming in right on schedule; Dow up 25% off the lows. $BA consolidating its run up.",2,positive,2,positive,Positive,1,0,FinGPT-Llama-3-8B-LoRA,tfns,-16.95647621154785,0.0039513008669018745,-14.956475257873535,0.02919641137123108,-11.456475257873535,0.9668523073196411
1709,Stock Market Heads Off A Correction – For Now.,2,positive,2,positive,Positive,1,0,FinGPT-Llama-3-8B-LoRA,tfns,-11.77127456665039,0.02925739251077175,-9.77127456665039,0.21618452668190002,-8.52127456665039,0.7545580863952637
1710,"Stock market live updates: Dow futures up 800 points, set to add to 1,600-point Monday rally https://t.co/kOL2DaUNTc",2,positive,2,positive,Positive,1,0,FinGPT-Llama-3-8B-LoRA,tfns,-14.072912216186523,0.004286957439035177,-13.197912216186523,0.0102838771417737,-8.635412216186523,0.9854292273521423
1711,Stock Market Update: Global stocks begin the week on higher note,2,positive,2,positive,Positive,1,0,FinGPT-Llama-3-8B-LoRA,tfns,-17.308998107910156,0.0017842722591012716,-14.090249061584473,0.04460114985704422,-11.027749061584473,0.9536145925521851
1712,"Stock Market Update: Global stocks gain, with indices in Hong Kong and the UK outperforming",2,positive,2,positive,Positive,1,0,FinGPT-Llama-3-8B-LoRA,tfns,-15.82714557647705,0.0022032803390175104,-13.54589557647705,0.021567709743976593,-9.73339557647705,0.9762291312217712
1713,Stock Market Update: S&P 500 financials sector up more than 4% this month,2,positive,2,positive,Positive,1,0,FinGPT-Llama-3-8B-LoRA,tfns,-17.080724716186523,0.0019130416912958026,-15.76822566986084,0.007107804995030165,-10.83072566986084,0.9909791946411133
1714,Stock Market Update: Stock market drifts in record territory,2,positive,2,positive,Positive,1,0,FinGPT-Llama-3-8B-LoRA,tfns,-13.876700401306152,0.014360838569700718,-10.439200401306152,0.4467526078224182,-10.251700401306152,0.5388864874839783
1715,"Stock Market Update: Stock market posts incremental gains, closes at new highs",2,positive,2,positive,Positive,1,0,FinGPT-Llama-3-8B-LoRA,tfns,-17.90013885498047,0.002285485155880451,-14.400139808654785,0.0756848081946373,-11.900139808654785,0.9220297336578369
1716,StockBeat - Chip Stocks Rise as Huawei Granted Another Reprieve on Trade Ban,2,positive,2,positive,Positive,1,0,FinGPT-Llama-3-8B-LoRA,tfns,-13.498744010925293,0.025770006701350212,-12.561244010925293,0.06580601632595062,-9.936244010925293,0.9084240198135376
1717,"Stock-index futures extend gains after jobless claims, productivity data",2,positive,2,positive,Positive,1,0,FinGPT-Llama-3-8B-LoRA,tfns,-14.565604209899902,0.008670320734381676,-12.815604209899902,0.04989425092935562,-9.878104209899902,0.9414354562759399
1718,Stocks aim for back-to-back gains as investors focus on coronavirus case tally https://t.co/QBhdB4ipyD,2,positive,2,positive,Positive,1,0,FinGPT-Llama-3-8B-LoRA,tfns,-14.504138946533203,0.0039583067409694195,-12.566638946533203,0.027476094663143158,-9.004138946533203,0.9685657024383545
1719,"STOCKS AT THE OPEN:
- Dow up 3.90% 
- Nasdaq up 2.68% 
- S&P up 2.76% https://t.co/xVranG4Mbz",2,positive,2,positive,Positive,1,0,FinGPT-Llama-3-8B-LoRA,tfns,-12.417935371398926,0.0015841609565541148,-10.730435371398926,0.008563893847167492,-5.980434894561768,0.9898518919944763
1720,Stocks open higher as major indexes extend push into record territory,2,positive,2,positive,Positive,1,0,FinGPT-Llama-3-8B-LoRA,tfns,-15.911349296569824,0.003125377232208848,-14.348849296569824,0.014910340309143066,-10.161349296569824,0.9819643497467041
1721,"Stocks open higher on rosy data, waning virus fears",2,positive,2,positive,Positive,1,0,FinGPT-Llama-3-8B-LoRA,tfns,-16.459136962890625,0.004827755503356457,-15.271636962890625,0.015829600393772125,-11.146636962890625,0.9793426990509033
1722,Stocks perk up after Fed decision https://t.co/ZB8lFGcKVJ,2,positive,2,positive,Positive,1,0,FinGPT-Llama-3-8B-LoRA,tfns,-15.891058921813965,0.00548187643289566,-15.016058921813965,0.013150337152183056,-10.703558921813965,0.9813678860664368
1723,"Stocks rose after China moves to step up intellectual property protection, a step that investors hope may address k… https://t.co/8zp2mKCwub",2,positive,2,positive,Positive,1,0,FinGPT-Llama-3-8B-LoRA,tfns,-14.820362091064453,0.010752011090517044,-14.132862091064453,0.021382924169301987,-10.320362091064453,0.9678651094436646
1724,"STOCKS SURGE INTO THE CLOSE:
- Dow up 7.59% 
- Nasdaq up 7.35% 
- S&P up 6.95% https://t.co/jPsgrFNxpg",2,positive,2,positive,Positive,1,0,FinGPT-Llama-3-8B-LoRA,tfns,-14.483942985534668,0.0008526305318810046,-12.983942985534668,0.0038212246727198362,-7.421443462371826,0.9953261613845825
1725,Tech stocks led all three major U.S. stock averages marginally into the black following upbeat statements on the U.… https://t.co/S2BkUCDmcx,2,positive,2,positive,Positive,1,0,FinGPT-Llama-3-8B-LoRA,tfns,-14.827120780944824,0.0073820073157548904,-13.577120780944824,0.025765737518668175,-9.952120780944824,0.9668521881103516
1726,The market bounced back after President Trump said the US and China are “potentially very close” on a trade deal. T… https://t.co/VC5V93JFh4,2,positive,2,positive,Positive,1,0,FinGPT-Llama-3-8B-LoRA,tfns,-13.256097793579102,0.02191152609884739,-12.506097793579102,0.04638670012354851,-9.506097793579102,0.9317018389701843
1727,TSX opens higher on signs of coronavirus slowdown #TSX #economy #MarketScreener https://t.co/VfqXgfaNR8 https://t.co/myrDnZCInx,2,positive,2,positive,Positive,1,0,FinGPT-Llama-3-8B-LoRA,tfns,-14.387639999389648,0.0051375194452703,-13.262639999389648,0.01582467369735241,-9.137639999389648,0.979037880897522
1728,U.S. Stock Futures Extend Gain on China’s Tariff Olive Branch,2,positive,2,positive,Positive,1,0,FinGPT-Llama-3-8B-LoRA,tfns,-13.932300567626953,0.008860514499247074,-12.744800567626953,0.029052510857582092,-9.244800567626953,0.9620870351791382
1729,U.S. Stocks Rise as China Calls for Better Communication on Trade #SP500 #index #MarketScreener… https://t.co/CjoXFIEvMP,2,positive,2,positive,Positive,1,0,FinGPT-Llama-3-8B-LoRA,tfns,-14.049320220947266,0.005472294520586729,-13.049320220947266,0.014875237829983234,-8.861820220947266,0.9796525239944458
1730,U.S. stocks surged the most in more than a week on Monday after death tolls in some of the hardest-hit areas showed… https://t.co/DV1WcXSaWi,2,positive,2,positive,Positive,1,0,FinGPT-Llama-3-8B-LoRA,tfns,-13.882410049438477,0.00903784204274416,-13.819910049438477,0.009620733559131622,-9.194910049438477,0.9813414812088013
1731,Wall Street closes up more than 7% on hopes of slowing coronavirus deaths https://t.co/6LFK79ATeS https://t.co/P5K3BNR7Uf,2,positive,2,positive,Positive,1,0,FinGPT-Llama-3-8B-LoRA,tfns,-15.48302936553955,0.0024455231614410877,-13.98302936553955,0.010960075072944164,-9.48302936553955,0.9865944385528564
1732,Wall Street scraps its recession assumptions after robust jobs data https://t.co/oOuPFD2gWp https://t.co/4yICZnGl4z,2,positive,-1,UNPARSEABLE,,0,1,FinGPT-Llama-3-8B-LoRA,tfns,-13.967720985412598,0.03325660526752472,-12.780220985412598,0.10904420167207718,-10.717720985412598,0.8576991558074951
1733,While market strain triggered by the coronavirus pandemic has eased since the Federal Reserve's historic interventi… https://t.co/ZFb0jzOH7h,2,positive,-1,UNPARSEABLE,,0,1,FinGPT-Llama-3-8B-LoRA,tfns,-12.046974182128906,0.08757181465625763,-11.109474182128906,0.22362247109413147,-9.984474182128906,0.6888056993484497
1734,Why the markets 'look clean' into 2019 year-end,2,positive,-1,UNPARSEABLE,,0,1,FinGPT-Llama-3-8B-LoRA,tfns,-13.922995567321777,0.04015384614467621,-11.297995567321777,0.5543067455291748,-11.610495567321777,0.40553945302963257
1735,"As Stocks Soar, Credit Markets Are Starting To CCCrack https://t.co/hitGrlXQTA",1,neutral,0,negative,Negative,0,0,FinGPT-Llama-3-8B-LoRA,tfns,-9.594467163085938,0.626396894454956,-10.156967163085938,0.35691016912460327,-13.219467163085938,0.016692910343408585
1736,At the open (11/25/2019) https://t.co/ttg1gN94y0,1,neutral,1,neutral,Neutral,1,0,FinGPT-Llama-3-8B-LoRA,tfns,-11.359585762023926,0.12248139083385468,-9.422085762023926,0.8501893281936646,-12.859585762023926,0.02732929214835167
1737,"Banks, Energy, Metals lag just about every day...mega-strong day for growth w/ Software, Biotech, Payments leading",1,neutral,0,negative,Negative,0,0,FinGPT-Llama-3-8B-LoRA,tfns,-11.756649017333984,0.6190199255943298,-12.256649017333984,0.37545454502105713,-16.475399017333984,0.005525575485080481
1738,Bloomberg Markets: China Open Full Show (02/07/2020),1,neutral,1,neutral,Neutral,1,0,FinGPT-Llama-3-8B-LoRA,tfns,-11.073296546936035,0.12226588279008865,-9.135796546936035,0.8486934304237366,-12.510796546936035,0.029040690511465073
1739,Dow- Chemically Speaking,1,neutral,1,neutral,Neutral,1,0,FinGPT-Llama-3-8B-LoRA,tfns,-10.738009452819824,0.14237409830093384,-8.988009452819824,0.8193064332008362,-12.050509452819824,0.03831947222352028
1740,Dow Jones News: Apple Production Problems; Boeing Upgraded,1,neutral,1,neutral,Neutral,1,0,FinGPT-Llama-3-8B-LoRA,tfns,-13.395169258117676,0.07146315276622772,-10.957669258117676,0.8178525567054749,-12.957669258117676,0.11068430542945862
1741,General Announcement::Notice of Special General Meeting #SingaporeExchange #Stock #MarketScreener… https://t.co/l8vypusOGz,1,neutral,1,neutral,Neutral,1,0,FinGPT-Llama-3-8B-LoRA,tfns,-11.147416114807129,0.09147889167070389,-8.897416114807129,0.867927610874176,-11.959916114807129,0.04059351608157158
1742,London Stock Exchange : Directorate Changes #LondonStockExchange #Stock #MarketScreener https://t.co/iHF2CmkWmV https://t.co/DXnGasOWPn,1,neutral,1,neutral,Neutral,1,0,FinGPT-Llama-3-8B-LoRA,tfns,-11.911455154418945,0.12712278962135315,-10.036455154418945,0.828944742679596,-12.973955154418945,0.043932460248470306
1743,London Stock Exchange : Euronext Dublin Market Notice Replacement #LondonStockExchange #Stock #MarketScreener… https://t.co/D6vaZQOvk5,1,neutral,1,neutral,Neutral,1,0,FinGPT-Llama-3-8B-LoRA,tfns,-10.744650840759277,0.13653022050857544,-8.994650840759277,0.7856771945953369,-11.307150840759277,0.07779257744550705
1744,London Stock Exchange : Notice of Satisfaction and Discharge #LondonStockExchange #Stock #MarketScreener… https://t.co/Y5wqz33i9o,1,neutral,1,neutral,Neutral,1,0,FinGPT-Llama-3-8B-LoRA,tfns,-10.912541389465332,0.1000124141573906,-8.850041389465332,0.7866585850715637,-10.787541389465332,0.11332892626523972
1745,"Market Recap: Friday, Dec. 13",1,neutral,1,neutral,neutral,1,0,FinGPT-Llama-3-8B-LoRA,tfns,-9.686161041259766,0.19497545063495636,-8.311161041259766,0.7711428999900818,-11.436161041259766,0.03388165310025215
1746,News Highlights : Top Global Markets News of the Day #NewsHighlights #economy #MarketScreener… https://t.co/70WlBhNOkd,1,neutral,1,neutral,Neutral,1,0,FinGPT-Llama-3-8B-LoRA,tfns,-10.30251693725586,0.20378199219703674,-9.05251693725586,0.7112690210342407,-11.17751693725586,0.08494897186756134
1747,NYSE Closing Bell 🔔:     Telecom Argentina (NYSE: TEO) celebrates their 25th Anniversary Listing https://t.co/EemF9wG8iW,1,neutral,1,neutral,Neutral,1,0,FinGPT-Llama-3-8B-LoRA,tfns,-11.941153526306152,0.02227174863219261,-8.253653526306152,0.8896418213844299,-10.566153526306152,0.08808647096157074
1748,On the hour,1,neutral,1,neutral,Neutral,1,0,FinGPT-Llama-3-8B-LoRA,tfns,-12.142401695251465,0.12097708880901337,-10.204901695251465,0.839747428894043,-13.267401695251465,0.03927551209926605
1749,On the hour https://t.co/A3Li2E7VIs,1,neutral,1,neutral,Neutral,1,0,FinGPT-Llama-3-8B-LoRA,tfns,-13.322184562683105,0.06648010015487671,-10.697184562683105,0.9177294373512268,-14.759684562683105,0.015790406614542007
1750,On the hour https://t.co/G9BZLeFZTD,1,neutral,1,neutral,Neutral,1,0,FinGPT-Llama-3-8B-LoRA,tfns,-13.204803466796875,0.07467085868120193,-10.704803466796875,0.909677267074585,-14.767303466796875,0.01565186120569706
1751,Stock Market Update: Defensive-minded investors,1,neutral,1,neutral,Neutral,1,0,FinGPT-Llama-3-8B-LoRA,tfns,-11.518428802490234,0.37209364771842957,-11.018428802490234,0.6134787201881409,-14.768428802490234,0.014427636750042439
1752,Stock Market Update: Stocks hold steady; UK rallies on Conservative Party victory,1,neutral,1,neutral,Neutral,1,0,FinGPT-Llama-3-8B-LoRA,tfns,-15.998866081237793,0.0035104495473206043,-10.530116081237793,0.8325506448745728,-12.155116081237793,0.16393893957138062
1753,"Stocks Rally, Oil Drops at Start of Challenging Week #SP500 #index #MarketScreener https://t.co/zvaSvRqcdt https://t.co/Pw0UVqFuo3",1,neutral,2,positive,Positive,0,0,FinGPT-Llama-3-8B-LoRA,tfns,-11.588621139526367,0.10080955177545547,-10.713621139526367,0.24182955920696259,-9.713621139526367,0.657360851764679
1754,UPDATE 2-European stocks end flat as defensive gains offset auto slide,1,neutral,1,neutral,Neutral,1,0,FinGPT-Llama-3-8B-LoRA,tfns,-13.635326385498047,0.03704594820737839,-10.385326385498047,0.9554276466369629,-15.229076385498047,0.007526341825723648
1755,Utilities Flat On Mixed Trade Signals -- Utilities Roundup #economy #MarketScreener https://t.co/5L2LBQYBZd https://t.co/I2k8OZxnCh,1,neutral,1,neutral,Neutral,1,0,FinGPT-Llama-3-8B-LoRA,tfns,-14.141664505004883,0.025837114080786705,-10.516664505004883,0.9695305228233337,-15.860414505004883,0.004632339347153902
1756,Wall Street flat with all eyes on China news briefing,1,neutral,1,neutral,Neutral,1,0,FinGPT-Llama-3-8B-LoRA,tfns,-13.754000663757324,0.02025616727769375,-9.879000663757324,0.9759968519210815,-15.441500663757324,0.0037470145616680384
1757,Week ahead on Wall Street #economy #MarketScreener https://t.co/gSr3hoOMQT https://t.co/sNnufj18DG,1,neutral,1,neutral,Neutral,1,0,FinGPT-Llama-3-8B-LoRA,tfns,-10.866929054260254,0.1005765050649643,-8.741929054260254,0.8421167731285095,-11.429429054260254,0.05730676278471947
1758,"YTD Performance:
Dow Jones: Red
30Y: +9%

https://t.co/scCDfO2eUv https://t.co/sO1bMzirbY",1,neutral,1,neutral,Neutral,1,0,FinGPT-Llama-3-8B-LoRA,tfns,-8.888387680053711,0.2598336935043335,-8.138387680053711,0.5500679016113281,-9.200887680053711,0.19009838998317719
1759,$EWW $MXF $MXE - White House is pushing to get USMCA through Congress this year https://t.co/YoGu0kKCCp,1,neutral,2,positive,Positive,0,0,FinGPT-Llama-3-8B-LoRA,tfns,-13.890589714050293,0.017362210899591446,-11.078089714050293,0.28910672664642334,-10.203089714050293,0.6935310363769531
1760,"95% Approval Rate in the Republican Party, a record! Thank you!",1,neutral,2,positive,Positive,0,0,FinGPT-Llama-3-8B-LoRA,tfns,-14.3866605758667,0.010588043369352818,-10.5741605758667,0.4792514443397522,-10.5116605758667,0.510160505771637
1761,"Ahead of the election, Johnson and Corbyn will go head-to-head one final time https://t.co/JBpUPSYX28",1,neutral,1,neutral,Neutral,1,0,FinGPT-Llama-3-8B-LoRA,tfns,-12.499998092651367,0.043637245893478394,-9.437498092651367,0.9330054521560669,-13.124998092651367,0.023357335478067398
1762,"AOC to Trump: ""Try to keep up."" https://t.co/e8eaVUSivO",1,neutral,1,neutral,Neutral,1,0,FinGPT-Llama-3-8B-LoRA,tfns,-12.095891952514648,0.05602597817778587,-9.345891952514648,0.8763937950134277,-11.908391952514648,0.06758023053407669
1763,At Least One Republican Still Knows Right From Wrong,1,neutral,1,neutral,Neutral,1,0,FinGPT-Llama-3-8B-LoRA,tfns,-13.040220260620117,0.0776146724820137,-10.665220260620117,0.8344363570213318,-12.915220260620117,0.08794894069433212
1764,"Attorney General William Barr said Jeffrey Epstein's death was a ""perfect storm of screw-ups"" in an interview with… https://t.co/uhYQ9CcGIR",1,neutral,-1,UNPARSEABLE,,0,1,FinGPT-Llama-3-8B-LoRA,tfns,-9.972074508666992,0.586268424987793,-10.409574508666992,0.3785233795642853,-12.784574508666992,0.03520815819501877
1765,Barr acknowledges for the first time that Rudy Giuliani has been giving the Justice Department information he colle… https://t.co/IfJxvcsYnF,1,neutral,1,neutral,Neutral,1,0,FinGPT-Llama-3-8B-LoRA,tfns,-9.919737815856934,0.26381877064704895,-9.044737815856934,0.6328683495521545,-10.857237815856934,0.1033129170536995
1766,Barr says DOJ will review information from Trump lawyer Giuliani's probe of Bidens in Ukraine https://t.co/T6DEg719nu,1,neutral,1,neutral,Neutral,1,0,FinGPT-Llama-3-8B-LoRA,tfns,-11.055901527404785,0.19470438361167908,-9.805901527404785,0.6795850396156311,-11.493401527404785,0.125710591673851
1767,Bernie Sanders Campaign Calls for Recalculation of Iowa Caucus Results,1,neutral,1,neutral,Neutral,1,0,FinGPT-Llama-3-8B-LoRA,tfns,-12.63571834564209,0.18573789298534393,-11.19821834564209,0.7819857001304626,-14.38571834564209,0.03227640688419342
1768,"Bloomberg takes untested path to 2020, skipping key contests https://t.co/q6Kk8BhQul",1,neutral,1,neutral,Neutral,1,0,FinGPT-Llama-3-8B-LoRA,tfns,-12.061386108398438,0.1166311725974083,-10.061386108398438,0.8617942929267883,-13.748886108398438,0.02157459780573845
1769,Boris Johnson's Brexit Is More “Slow Deal” Than “No Deal”,1,neutral,1,neutral,Neutral,1,0,FinGPT-Llama-3-8B-LoRA,tfns,-12.84607219696045,0.20650121569633484,-11.53357219696045,0.7672450542449951,-14.90857219696045,0.026253681629896164
1770,Brazil minister says it's 'impossible' to put value on Eletrobras privatization #Stock #MarketScreener… https://t.co/1E69L1a2YD,1,neutral,1,neutral,Neutral,1,0,FinGPT-Llama-3-8B-LoRA,tfns,-9.16691780090332,0.4349254369735718,-8.97941780090332,0.5246202349662781,-11.54191780090332,0.04045436903834343
1771,Brazil’s President Jair Bolsonaro launched a new prospective political party on Thursday after resigning from the S… https://t.co/tbD5UIfAfX,1,neutral,1,neutral,Neutral,1,0,FinGPT-Llama-3-8B-LoRA,tfns,-10.668122291564941,0.10964105278253555,-8.668122291564941,0.8101438879966736,-10.980622291564941,0.08021511137485504
1772,Brexit or Corbyn? U.K. Business Agonizes Over Election Choice,1,neutral,1,neutral,Neutral,1,0,FinGPT-Llama-3-8B-LoRA,tfns,-11.862875938415527,0.1980946660041809,-10.487875938415527,0.783479630947113,-14.237875938415527,0.018425675109028816
1773,"Buchanan: Democrats' Diversity - But, Only In The Back Of The Bus https://t.co/qV0eC7uXHd",1,neutral,1,neutral,Neutral,1,0,FinGPT-Llama-3-8B-LoRA,tfns,-12.5746488571167,0.2175927311182022,-11.3246488571167,0.7594732046127319,-14.8246488571167,0.02293410338461399
1774,Buttigieg officially wins largest delegate count at Iowa,1,neutral,1,neutral,Neutral,1,0,FinGPT-Llama-3-8B-LoRA,tfns,-14.519795417785645,0.03396977111697197,-11.332295417785645,0.823012113571167,-13.082295417785645,0.14301805198192596
1775,Canada rail workers’ strike tests weakened Trudeau https://t.co/158wnVBdda,1,neutral,1,neutral,Neutral,1,0,FinGPT-Llama-3-8B-LoRA,tfns,-10.934724807739258,0.5357304811477661,-11.122224807739258,0.4441361725330353,-14.215974807739258,0.020133422687649727
1776,"Chinese President Xi Jinping makes his first public appearance in almost two weeks, as public anger over the corona… https://t.co/NlHHyxVrKj",1,neutral,1,neutral,Neutral,1,0,FinGPT-Llama-3-8B-LoRA,tfns,-10.648061752319336,0.22579188644886017,-9.585561752319336,0.6533504128456116,-11.273061752319336,0.12085768580436707
1777,Congress may finally have a definition for insider trading https://t.co/CFdwMhlgp0 by @bcheungz https://t.co/UfdeFYiKXA,1,neutral,1,neutral,Neutral,1,0,FinGPT-Llama-3-8B-LoRA,tfns,-11.489629745483398,0.09235410392284393,-9.364629745483398,0.7732714414596558,-11.114629745483398,0.13437442481517792
1778,Conservative party manifesto plays down rightwing populism https://t.co/5zVnaDLs3R,1,neutral,1,neutral,Neutral,1,0,FinGPT-Llama-3-8B-LoRA,tfns,-12.366876602172852,0.07186949253082275,-9.866876602172852,0.8755496740341187,-12.679376602172852,0.05258084461092949
1779,Conservatives make very modest spending pledges https://t.co/AN39zlwf9x,1,neutral,1,neutral,Neutral,1,0,FinGPT-Llama-3-8B-LoRA,tfns,-12.927166938781738,0.16114592552185059,-11.302166938781738,0.8183665871620178,-14.989666938781738,0.020487409085035324
1780,Corbyn effect? British utility debt boosted by nationalisation bet,1,neutral,1,neutral,Neutral,1,0,FinGPT-Llama-3-8B-LoRA,tfns,-11.093957901000977,0.231223925948143,-10.093957901000977,0.6285316944122314,-11.593957901000977,0.14024437963962555
1781,Defiant Netanyahu on the attack over bribery charges as opponents circle https://t.co/fusfekaylD,1,neutral,1,neutral,Neutral,1,0,FinGPT-Llama-3-8B-LoRA,tfns,-12.02525520324707,0.21388891339302063,-10.77525520324707,0.746545672416687,-13.71275520324707,0.039565470069646835
1782,"Democrats are desperate to catch up with the Trump campaign, and are investing heavily in an array of campaigning t… https://t.co/coWOf2D8s5",1,neutral,1,neutral,Neutral,1,0,FinGPT-Llama-3-8B-LoRA,tfns,-11.295642852783203,0.1311088502407074,-9.670642852783203,0.6658257246017456,-10.858142852783203,0.20306536555290222
1783,Democrats going back to their Districts for Thanksgiving are getting absolutely hammered by their constituents over… https://t.co/IXzP5VLroK,1,neutral,0,negative,Negative,0,0,FinGPT-Llama-3-8B-LoRA,tfns,-10.731060981750488,0.5740969777107239,-11.231060981750488,0.34820741415023804,-12.731060981750488,0.0776955783367157
1784,Divided Hong Kong to hold its first elections since the protests began https://t.co/EvKKblxVNy,1,neutral,1,neutral,Neutral,1,0,FinGPT-Llama-3-8B-LoRA,tfns,-11.751286506652832,0.13892070949077606,-10.001286506652832,0.7994335293769836,-12.563786506652832,0.06164569407701492
1785,Former impeachment witness Monica Lewinsky has thoughts about today's vote. https://t.co/HXpdNVJOVU,1,neutral,1,neutral,Neutral,1,0,FinGPT-Llama-3-8B-LoRA,tfns,-11.281871795654297,0.10741879791021347,-9.219371795654297,0.8449143767356873,-12.094371795654297,0.04766681045293808
1786,Former PM Blair: Don't hold your breath for UK-U.S. trade deal https://t.co/z1Dgv1wuu8 https://t.co/gGZHw8JLbf,1,neutral,-1,UNPARSEABLE,,0,1,FinGPT-Llama-3-8B-LoRA,tfns,-12.251811027526855,0.49856331944465637,-12.251811027526855,0.49856331944465637,-17.40806007385254,0.0028733585495501757
1787,"Former U.S. Treasury Secretary Hank Paulson says calls to oust Chinese companies from U.S. stock indexes was a ""ter… https://t.co/DnZPvA3iem",1,neutral,-1,UNPARSEABLE,,0,1,FinGPT-Llama-3-8B-LoRA,tfns,-10.65606689453125,0.12827637791633606,-9.53106689453125,0.3951190710067749,-9.34356689453125,0.47660455107688904
1788,Giuliani associate wants to testify that Nunes aides hid Ukraine meetings from Schiff https://t.co/C6piHsuV86,1,neutral,1,neutral,Neutral,1,0,FinGPT-Llama-3-8B-LoRA,tfns,-10.969963073730469,0.278103232383728,-10.094963073730469,0.6671350002288818,-12.594963073730469,0.054761774837970734
1789,Gloves Off In the Dem Primary,1,neutral,1,neutral,Neutral,1,0,FinGPT-Llama-3-8B-LoRA,tfns,-12.759993553161621,0.10405374318361282,-10.634993553161621,0.8712313175201416,-14.197493553161621,0.02471492998301983
1790,Governments are now using the fine print of financial regulations to fight climate change https://t.co/RHswy7NjwW,1,neutral,1,neutral,Neutral,1,0,FinGPT-Llama-3-8B-LoRA,tfns,-12.128118515014648,0.09105303883552551,-10.065618515014648,0.7161876559257507,-11.378118515014648,0.19275930523872375
1791,Here’s the status of impeachment—and all the other Trump investigations—right now https://t.co/OVfzlrjhoD,1,neutral,1,neutral,Neutral,1,0,FinGPT-Llama-3-8B-LoRA,tfns,-12.549065589904785,0.10881081968545914,-10.486565589904785,0.8558634519577026,-13.674065589904785,0.035325706005096436
1792,"He's in to ""defeat Donald Trump and rebuild America."" https://t.co/yjMVTaO1Zy",1,neutral,1,neutral,Neutral,1,0,FinGPT-Llama-3-8B-LoRA,tfns,-13.047987937927246,0.08306299895048141,-10.735487937927246,0.8389065265655518,-13.110487937927246,0.07803045958280563
1793,"Highlight: @jessicaasmith8 on impeachment: 'At 1pm today, they are set to start debating on the call for witnesses.... https://t.co/bmlxbClUk2",1,neutral,1,neutral,Neutral,1,0,FinGPT-Llama-3-8B-LoRA,tfns,-11.78322982788086,0.1383705884218216,-10.03322982788086,0.7962678074836731,-12.53322982788086,0.0653616413474083
1794,"Hillary should give it another try, but this time don’t forget Wisconsin, Pennsylvania, Michigan, North Carolina &… https://t.co/NqyY73nZwh",1,neutral,1,neutral,Neutral,1,0,FinGPT-Llama-3-8B-LoRA,tfns,-11.134600639343262,0.12048745155334473,-9.259600639343262,0.7856768369674683,-11.384600639343262,0.09383571892976761
1795,"Hong Kong, China, And U.K. Election Hopes Fan Modest Risk-Taking. Read more and sign up for updates:… https://t.co/NezVnEBTQu",1,neutral,2,positive,Positive,0,0,FinGPT-Llama-3-8B-LoRA,tfns,-12.27822494506836,0.04803699254989624,-10.15322494506836,0.4022088050842285,-9.84072494506836,0.54975426197052
1796,"House Democrats are starting to compress weeks of depositions, documents and testimony into a report almost certain… https://t.co/YVq2saxmBU",1,neutral,1,neutral,Neutral,1,0,FinGPT-Llama-3-8B-LoRA,tfns,-10.822166442871094,0.2091303914785385,-9.634666442871094,0.6857122182846069,-11.509666442871094,0.10515737533569336
1797,House Democrats roll out articles of impeachment against Trump https://t.co/HRjKKXqIUZ,1,neutral,1,neutral,Neutral,1,0,FinGPT-Llama-3-8B-LoRA,tfns,-10.905807495117188,0.3701346516609192,-10.405807495117188,0.610248863697052,-13.843307495117188,0.019616419449448586
1798,How Bernie Sanders is helping Mike Bloomberg,1,neutral,1,neutral,Neutral,1,0,FinGPT-Llama-3-8B-LoRA,tfns,-9.870481491088867,0.22104507684707642,-8.745481491088867,0.6808667778968811,-10.682981491088867,0.09808816015720367
1799,"India, Maldives To Hold Joint Commission Meeting On Friday After Gap Of Over Four Years",1,neutral,1,neutral,Neutral,1,0,FinGPT-Llama-3-8B-LoRA,tfns,-12.713868141174316,0.03578321635723114,-9.526368141174316,0.8669478893280029,-11.713868141174316,0.09726885706186295
1800,"Irish PM Varadkar Set to Lose Power, Betting Odds Signal",1,neutral,1,neutral,Neutral,1,0,FinGPT-Llama-3-8B-LoRA,tfns,-12.443856239318848,0.23254260420799255,-11.256356239318848,0.7624778747558594,-16.28760528564453,0.004979474935680628
1801,Is @BernieSanders the nightmare China never saw coming? Read @JimCramer's full take on @RealMoney:… https://t.co/B6Stje9N0Q,1,neutral,1,neutral,Neutral,1,0,FinGPT-Llama-3-8B-LoRA,tfns,-8.396302223205566,0.36578965187072754,-7.958802223205566,0.5665460824966431,-10.083802223205566,0.06766428053379059
1802,Japan’s Abe Says Olympics Won’t Be Postponed Amid Virus Fears,1,neutral,1,neutral,Neutral,1,0,FinGPT-Llama-3-8B-LoRA,tfns,-12.608945846557617,0.06642435491085052,-10.296445846557617,0.6708621978759766,-11.233945846557617,0.26271340250968933
1803,"Joe Biden really called a young woman a 'lying, dog-faced pony soldier' https://t.co/Op3dEnYE7J",1,neutral,1,neutral,Neutral,1,0,FinGPT-Llama-3-8B-LoRA,tfns,-13.877685546875,0.0837801992893219,-11.502685546875,0.9007220268249512,-15.565185546875,0.015497777611017227
1804,"Joe Biden says Lindsey Graham, his longtime friend and Senate colleague, will regret pursuing an investigation of t… https://t.co/ssRfufKbNq",1,neutral,-1,UNPARSEABLE,,0,1,FinGPT-Llama-3-8B-LoRA,tfns,-10.381147384643555,0.2460707426071167,-9.381147384643555,0.6688895225524902,-11.443647384643555,0.08503975719213486
1805,"Joe Leahy: The elections in Hong Kong are unlikely to put a stop to the months of often violent demonstrations
https://t.co/qkkbaHCyhm",1,neutral,1,neutral,Neutral,1,0,FinGPT-Llama-3-8B-LoRA,tfns,-10.847142219543457,0.3793325424194336,-10.409642219543457,0.5875217318534851,-13.284642219543457,0.033145707100629807
1806,Joe Walsh to Back ‘Any Democrat’ Over Trump After Ending GOP Bid,1,neutral,1,neutral,Neutral,1,0,FinGPT-Llama-3-8B-LoRA,tfns,-12.377065658569336,0.2175927311182022,-11.127065658569336,0.7594732046127319,-14.627065658569336,0.02293410338461399
1807,Johnson Offers Business an Olive Branch as U.K. Election Revs Up,1,neutral,1,neutral,Neutral,1,0,FinGPT-Llama-3-8B-LoRA,tfns,-12.237252235412598,0.060387831181287766,-9.612252235412598,0.8336282968521118,-11.674752235412598,0.10598393529653549
1808,"Kerry said Biden can put back together ""the world Donald Trump has smashed apart.” https://t.co/oWEJtFQtfH",1,neutral,2,positive,Positive,0,0,FinGPT-Llama-3-8B-LoRA,tfns,-13.108920097351074,0.035871367901563644,-10.421420097351074,0.527125895023346,-10.608920097351074,0.4370027482509613
1809,LIVE: Trump speaks at the White House Summit on Human Trafficking https://t.co/hOfqfruYnn,1,neutral,1,neutral,Neutral,1,0,FinGPT-Llama-3-8B-LoRA,tfns,-12.394637107849121,0.03613651916384697,-9.144637107849121,0.9319730997085571,-12.519637107849121,0.03189036622643471
1810,Merkel Demands an End to CDU’s ‘Unforgivable’ Far-Right Deal,1,neutral,1,neutral,Neutral,1,0,FinGPT-Llama-3-8B-LoRA,tfns,-10.659442901611328,0.31726059317588806,-9.971942901611328,0.630948007106781,-12.471942901611328,0.051791366189718246
1811,Mike Bloomberg's $300 million campaign ad blitz has been a boon for local TV broadcasters. https://t.co/XBxs3SzFrZ https://t.co/JKkMJzQKw0,1,neutral,2,positive,Positive,0,0,FinGPT-Llama-3-8B-LoRA,tfns,-12.96977710723877,0.0288055632263422,-10.71977710723877,0.27329954504966736,-9.78227710723877,0.6978948712348938
1812,Ocasio-Cortez smacks Trump with her political resume after the president calls out the ‘Do Nothing Democrats’ https://t.co/1DDdgmocj6,1,neutral,1,neutral,Neutral,1,0,FinGPT-Llama-3-8B-LoRA,tfns,-10.844066619873047,0.16320303082466125,-9.344066619873047,0.7314251661300659,-11.281566619873047,0.10537179559469223
1813,Pelosi’s attempt to chew gum and walk with Trump https://t.co/yCkgA84SXQ,1,neutral,1,neutral,Neutral,1,0,FinGPT-Llama-3-8B-LoRA,tfns,-12.307957649230957,0.09265506267547607,-10.057957649230957,0.8790867328643799,-13.495457649230957,0.028258198872208595
1814,Pete Buttigieg has a big new plan to shake up the retirement system https://t.co/O57CHHZ7vr by @benwerschkul https://t.co/WyoQrR7scs,1,neutral,1,neutral,Neutral,1,0,FinGPT-Llama-3-8B-LoRA,tfns,-12.068209648132324,0.07518885284662247,-9.693209648132324,0.8083563446998596,-11.630709648132324,0.11645478010177612
1815,Pete Buttigieg sees surge in support from business execs after his strong showing in Iowa https://t.co/ZFfMXbQuBV,1,neutral,2,positive,Positive,0,0,FinGPT-Llama-3-8B-LoRA,tfns,-12.745180130004883,0.03091535158455372,-9.932680130004883,0.5147868394851685,-10.057680130004883,0.4542977809906006
1816,President of Russia : Meeting with First Vice-President of Azerbaijan Mehriban Aliyeva #PresidentofRussia #economy… https://t.co/zeu0FK5NhH,1,neutral,1,neutral,Neutral,1,0,FinGPT-Llama-3-8B-LoRA,tfns,-10.469131469726562,0.1503029316663742,-8.906631469726562,0.7170552015304565,-10.594131469726562,0.13264188170433044
1817,Presidential campaigns are paying millions to Big Tech companies (while also bashing them),1,neutral,1,neutral,Neutral,1,0,FinGPT-Llama-3-8B-LoRA,tfns,-13.530754089355469,0.15085051953792572,-11.843254089355469,0.815490186214447,-15.030754089355469,0.033659301698207855
1818,Prime Minister Defends Citizenship Amendment Act; Says His Government Kept Prices Under Check,1,neutral,1,neutral,Neutral,1,0,FinGPT-Llama-3-8B-LoRA,tfns,-15.175175666809082,0.03085586428642273,-11.862675666809082,0.8471068143844604,-13.800175666809082,0.12203731387853622
1819,Prince Andrew Opens the Door to a Slimmed-Down Monarchy,1,neutral,1,neutral,Neutral,1,0,FinGPT-Llama-3-8B-LoRA,tfns,-13.349853515625,0.10468026250600815,-11.287353515625,0.8233740925788879,-13.724853515625,0.07194563001394272
1820,"Ruth Bader Ginsburg was hospitalized Friday night with chills and a fever, but her condition has improved and she e… https://t.co/Uzz8z59JRO",1,neutral,-1,UNPARSEABLE,,0,1,FinGPT-Llama-3-8B-LoRA,tfns,-11.28178596496582,0.07866515964269638,-9.34428596496582,0.5460444092750549,-9.71928596496582,0.3752904534339905
1821,Schumer warns of reckoning for Republican senators who vote against witnesses in impeachment trial https://t.co/pNoCeqhkiu,1,neutral,1,neutral,Neutral,1,0,FinGPT-Llama-3-8B-LoRA,tfns,-11.333991050720215,0.2799043357372284,-10.458991050720215,0.6714555621147156,-13.083991050720215,0.04864007979631424
1822,Scotland's first minister has sought to reassure restive members of her Scottish National party that Brexit will pa... https://t.co/4KDYlhWfdJ,1,neutral,1,neutral,Neutral,1,0,FinGPT-Llama-3-8B-LoRA,tfns,-11.6694974899292,0.08503975719213486,-9.6069974899292,0.6688895225524902,-10.6069974899292,0.2460707426071167
1823,Singapore’s Democratic Party Forced To Correct “Fake News” By Its Government,1,neutral,1,neutral,Neutral,1,0,FinGPT-Llama-3-8B-LoRA,tfns,-9.919700622558594,0.5066803097724915,-9.982200622558594,0.47598209977149963,-13.294700622558594,0.017337646335363388
1824,"Sinn Fein surged to take 25% of the popular vote in Ireland's election on Saturday.

But the popular vote is not re… https://t.co/Q9lBBk9AsS",1,neutral,1,neutral,Neutral,1,0,FinGPT-Llama-3-8B-LoRA,tfns,-13.157554626464844,0.03831947222352028,-10.095054626464844,0.8193064332008362,-11.845054626464844,0.14237409830093384
1825,Tory manifesto leaves door open to no-deal Brexit https://t.co/Qca426gTj9,1,neutral,1,neutral,Neutral,1,0,FinGPT-Llama-3-8B-LoRA,tfns,-10.924140930175781,0.3793325424194336,-10.486640930175781,0.5875217318534851,-13.361640930175781,0.033145707100629807
1826,"Trump Attends Army-Navy Game, Tells Players to ‘Make a Fortune’",1,neutral,1,neutral,Neutral,1,0,FinGPT-Llama-3-8B-LoRA,tfns,-13.049957275390625,0.08075152337551117,-10.737457275390625,0.8155615329742432,-12.799957275390625,0.10368700325489044
1827,Trump Budget Would Ax Loan Program Sought to Revive Lordstown Plant,1,neutral,0,negative,Negative,0,0,FinGPT-Llama-3-8B-LoRA,tfns,-12.020244598388672,0.5584638118743896,-12.270244598388672,0.43493205308914185,-16.457744598388672,0.006604094058275223
1828,"Trump budget would cut loan program used by Tesla, Ford https://t.co/7MnkFWUnrp",1,neutral,0,negative,Negative,0,0,FinGPT-Llama-3-8B-LoRA,tfns,-10.61449909210205,0.6495708227157593,-11.23949909210205,0.347690224647522,-16.083250045776367,0.002738912357017398
1829,Trump Impeachment Win Clears Path for Emboldened President,1,neutral,1,neutral,Neutral,1,0,FinGPT-Llama-3-8B-LoRA,tfns,-11.470492362976074,0.19771932065486908,-10.282992362976074,0.6482967138290405,-11.720492362976074,0.1539839655160904
1830,Trump is pitting public-health advocates against vaping proponents and tobacco executives in an unusual White House… https://t.co/WQXxSDufKW,1,neutral,1,neutral,Neutral,1,0,FinGPT-Llama-3-8B-LoRA,tfns,-12.654169082641602,0.1303071826696396,-10.779169082641602,0.8497095704078674,-14.529169082641602,0.019983254373073578
1831,Trump is rolling back regulations enacted after industry disasters—setting off alarm bells with public safety advoc… https://t.co/kwqWfHZC2Z,1,neutral,0,negative,Negative,0,0,FinGPT-Llama-3-8B-LoRA,tfns,-10.502049446105957,0.5815866589546204,-10.877049446105957,0.3997182846069336,-13.939549446105957,0.018695073202252388
1832,Trump Plays the Game of Gaming the Presidential Debates,1,neutral,1,neutral,Neutral,1,0,FinGPT-Llama-3-8B-LoRA,tfns,-8.478070259094238,0.2537160813808441,-7.47806978225708,0.6896721720695496,-9.978070259094238,0.05661171302199364
1833,Trump questions the downsides of banning flavored e-cigarettes in heated meeting https://t.co/O6IdEw5BWm,1,neutral,1,neutral,Neutral,1,0,FinGPT-Llama-3-8B-LoRA,tfns,-11.640156745910645,0.18703186511993408,-10.265156745910645,0.7397254109382629,-12.577656745910645,0.07324273139238358
1834,Trump said Secretary of State Michael Pompeo would “win in a landslide” if he runs for the U.S. Senate in Kansas https://t.co/wglRqHIeT8,1,neutral,1,neutral,Neutral,1,0,FinGPT-Llama-3-8B-LoRA,tfns,-10.962813377380371,0.07040673494338989,-8.712813377380371,0.6680005192756653,-9.650313377380371,0.2615927457809448
1835,"Trump says his administration will determine an age for e-cigarette buys
https://t.co/8j5ZZJwZj9 https://t.co/dEsgbZJUKM",1,neutral,1,neutral,Neutral,1,0,FinGPT-Llama-3-8B-LoRA,tfns,-11.936572074890137,0.27262651920318604,-11.061572074890137,0.653997004032135,-13.249072074890137,0.07337643206119537
1836,Trump Says Mulvaney Will Remain as White House Chief of Staff,1,neutral,1,neutral,Neutral,1,0,FinGPT-Llama-3-8B-LoRA,tfns,-13.560466766357422,0.03035586327314377,-10.185466766357422,0.8871284127235413,-12.560466766357422,0.08251579105854034
1837,Trump Tax Fight Faces New Urgency After Impeachment Acquittal,1,neutral,1,neutral,Neutral,1,0,FinGPT-Llama-3-8B-LoRA,tfns,-12.50437068939209,0.31134533882141113,-11.81687068939209,0.619184136390686,-14.00437068939209,0.06947053223848343
1838,Trump told the Treasury and Justice Departments to look into the impact of U.S. sanctions on Halkbank after being l… https://t.co/NZVl8GvLBE,1,neutral,-1,UNPARSEABLE,,0,1,FinGPT-Llama-3-8B-LoRA,tfns,-8.777510643005371,0.30245739221572876,-8.465010643005371,0.4134102463722229,-8.840010643005371,0.2841324210166931
1839,Trump will look to upstage Democrats by holding a campaign rally in New Hampshire a day before the state's primary https://t.co/TYePDRWOpx,1,neutral,1,neutral,Neutral,1,0,FinGPT-Llama-3-8B-LoRA,tfns,-12.185012817382812,0.12721124291419983,-10.497512817382812,0.6876974701881409,-11.810012817382812,0.1850912719964981
1840,"Trump, Powell meet and talk about 'everything'",1,neutral,1,neutral,Neutral,1,0,FinGPT-Llama-3-8B-LoRA,tfns,-14.103742599487305,0.05127094313502312,-11.228742599487305,0.9087991714477539,-14.353742599487305,0.03992984816431999
1841,Trump's Republican supporters may be less committed than they seem https://t.co/Ah8YjgksnW via @bopinion,1,neutral,-1,UNPARSEABLE,,0,1,FinGPT-Llama-3-8B-LoRA,tfns,-11.168209075927734,0.5864959955215454,-11.543209075927734,0.4030924439430237,-15.199459075927734,0.010411551222205162
1842,UK Conservatives turn fake news into a policy platform https://t.co/6pdqqTGplc,1,neutral,1,neutral,Neutral,1,0,FinGPT-Llama-3-8B-LoRA,tfns,-10.541112899780273,0.22594745457172394,-9.416112899780273,0.6959671974182129,-11.603612899780273,0.07808534801006317
1843,UPDATE 1-Erdogan says he told Trump Turkey will not give up Russian S-400s,1,neutral,1,neutral,Neutral,1,0,FinGPT-Llama-3-8B-LoRA,tfns,-11.889357566833496,0.23852607607841492,-10.764357566833496,0.7347120642662048,-14.076857566833496,0.026761885732412338
1844,"UPDATE 1-Former Goldman Sachs CEO pushes back on Warren's criticism, wealth tax",1,neutral,1,neutral,Neutral,1,0,FinGPT-Llama-3-8B-LoRA,tfns,-13.65423583984375,0.08308016508817673,-11.40423583984375,0.7882426977157593,-13.21673583984375,0.12867708504199982
1845,"UPDATE 2-Twitter says Conservatives misled public, minister says voters ""don't give a toss""",1,neutral,1,neutral,Neutral,1,0,FinGPT-Llama-3-8B-LoRA,tfns,-11.517382621765137,0.3318101167678833,-10.829882621765137,0.6598832011222839,-15.204882621765137,0.00830670353025198
1846,"Warren Plans to Crack Down on U.S. Shell Companies, Tax Evasion",1,neutral,1,neutral,Neutral,1,0,FinGPT-Llama-3-8B-LoRA,tfns,-10.965836524963379,0.31620436906814575,-10.278336524963379,0.6288474798202515,-12.715836524963379,0.05494808033108711
1847,"Watch now: Sondland, U.S. ambassador to EU, testifies in impeachment hearing",1,neutral,1,neutral,Neutral,1,0,FinGPT-Llama-3-8B-LoRA,tfns,-11.640680313110352,0.07467085868120193,-9.140680313110352,0.909677267074585,-13.203180313110352,0.01565186120569706
1848,"Watch: Trump speaks on human trafficking amid coronavirus outbreak, impeachment trial https://t.co/E7C92PFxPz",1,neutral,1,neutral,Neutral,1,0,FinGPT-Llama-3-8B-LoRA,tfns,-13.046330451965332,0.08092222362756729,-10.671330451965332,0.8699959516525269,-13.546330451965332,0.049081817269325256
1849,"What The ""Expert"" Panel Should Have Told You About Impeachment... But Didn't https://t.co/uEOSRZZlm6",1,neutral,1,neutral,Neutral,1,0,FinGPT-Llama-3-8B-LoRA,tfns,-12.599127769470215,0.09704490005970001,-10.411627769470215,0.8649517893791199,-13.536627769470215,0.03800332918763161
1850,What's the relationship between @realDonaldTrump and @JustinTrudeau really like? @kevinolearytv has some thoughts:  https://t.co/TAU20ZbnmY,1,neutral,-1,UNPARSEABLE,,0,1,FinGPT-Llama-3-8B-LoRA,tfns,-10.609579086303711,0.1146765872836113,-8.672079086303711,0.7960132360458374,-10.859579086303711,0.08931020647287369
1851,Trump calls meeting with Powell 'very good' and 'cordial',1,neutral,2,positive,Positive,0,0,FinGPT-Llama-3-8B-LoRA,tfns,-15.095848083496094,0.006345140282064676,-10.470848083496094,0.6472218632698059,-11.095848083496094,0.3464329242706299
1852,Trump Fed nominee Shelton hits bipartisan skepticism in Senate hearing #economy #MarketScreener… https://t.co/4n59nUtFe3,1,neutral,1,neutral,Neutral,1,0,FinGPT-Llama-3-8B-LoRA,tfns,-10.762397766113281,0.3735400438308716,-10.262397766113281,0.6158634424209595,-14.324897766113281,0.010596515610814095
1853,White House adviser Larry Kudlow says he wants Fed to be bolder with rate cuts,1,neutral,2,positive,Positive,0,0,FinGPT-Llama-3-8B-LoRA,tfns,-14.734984397888184,0.0691457986831665,-12.797484397888184,0.479966938495636,-12.859984397888184,0.4508872330188751
1854,U.S. treasury secretary to seek additional $250 billion for small business #economy #MarketScreener… https://t.co/ph3JNP4W9h,1,neutral,2,positive,Positive,0,0,FinGPT-Llama-3-8B-LoRA,tfns,-10.375555992126465,0.15510645508766174,-9.438055992126465,0.3960781693458557,-9.313055992126465,0.44881537556648254
1855,$DSKE - Daseke names Chris Easter as permanent CEO https://t.co/QMi50IDUJZ,1,neutral,1,neutral,Neutral,1,0,FinGPT-Llama-3-8B-LoRA,tfns,-12.845327377319336,0.026890752837061882,-9.407827377319336,0.8365467190742493,-11.220327377319336,0.1365624964237213
1856,"$DZSI: DASAN Zhone Technologies names Tom Cancro CFO and Treasurer, effective December 2, 2019 https://t.co/RpranDXrQz",1,neutral,1,neutral,Neutral,1,0,FinGPT-Llama-3-8B-LoRA,tfns,-11.75258731842041,0.06788256019353867,-9.25258731842041,0.826978862285614,-11.31508731842041,0.10513855516910553
1857,$FTS - Fortis appoints David Hutchens as COO https://t.co/EXGlH8Xte1,1,neutral,1,neutral,Neutral,1,0,FinGPT-Llama-3-8B-LoRA,tfns,-12.754685401916504,0.031043346971273422,-9.379685401916504,0.9072195887565613,-12.067185401916504,0.0617370679974556
1858,$GE: General Electric names Carolina Dybeck Happe CFO https://t.co/fTt0iYz8W4,1,neutral,1,neutral,Neutral,1,0,FinGPT-Llama-3-8B-LoRA,tfns,-13.355613708496094,0.03528684750199318,-10.105613708496094,0.9100598096847534,-12.918113708496094,0.054653339087963104
1859,"$TGE: Tallgrass Energy appoints William Moler as CEO, effective immediately https://t.co/lewYjgEhSA",1,neutral,1,neutral,Neutral,1,0,FinGPT-Llama-3-8B-LoRA,tfns,-13.643087387084961,0.0262670386582613,-10.143087387084961,0.8698448538780212,-12.268087387084961,0.10388815402984619
1860,Alliance Data taps new CEO from Citi,1,neutral,1,neutral,Neutral,1,0,FinGPT-Llama-3-8B-LoRA,tfns,-13.474420547485352,0.0506959967315197,-10.599420547485352,0.8986079692840576,-13.474420547485352,0.0506959967315197
1861,Asia Pacific Foundation of Canada Welcomes Former New Brunswick Premier Brian Gallant to Board of Directors  https://t.co/OMcgWrDq05,1,neutral,1,neutral,Neutral,1,0,FinGPT-Llama-3-8B-LoRA,tfns,-11.125687599182129,0.009406411089003086,-6.563187599182129,0.9013479948043823,-8.875687599182129,0.08924554288387299
1862,"Capital Environment : (1) RESIGNATION OF EXECUTIVE DIRECTOR, CHANGE OF THE CHAIRMAN, AUTHO... #CapitalEnvironment… https://t.co/govFU110Ti",1,neutral,1,neutral,Neutral,1,0,FinGPT-Llama-3-8B-LoRA,tfns,-9.890886306762695,0.2411710023880005,-8.828386306762695,0.6978514194488525,-11.265886306762695,0.060977574437856674
1863,Carl Icahn plans to nominate a slate of 10 directors in an attempt to seize control of the board of U.S. oil and ga… https://t.co/JepE5qxI6U,1,neutral,1,neutral,Neutral,1,0,FinGPT-Llama-3-8B-LoRA,tfns,-10.82229995727539,0.3406892418861389,-10.32229995727539,0.5617015957832336,-12.07229995727539,0.09760909527540207
1864,CNOOC appoints CEO,1,neutral,1,neutral,Neutral,1,0,FinGPT-Llama-3-8B-LoRA,tfns,-13.864550590515137,0.02803925983607769,-10.364550590515137,0.9285327196121216,-13.427050590515137,0.04342805594205856
1865,Credit Suisse CEO Thiam Exits in Shock Reversal After Scandal,1,neutral,1,neutral,Neutral,1,0,FinGPT-Llama-3-8B-LoRA,tfns,-11.914300918579102,0.4023839235305786,-11.539300918579102,0.585465133190155,-15.414300918579102,0.012150941416621208
1866,David Dehaemers is stepping down as CEO of Tallgrass Energy https://t.co/wbGUhtwcIp,1,neutral,1,neutral,Neutral,1,0,FinGPT-Llama-3-8B-LoRA,tfns,-12.90810489654541,0.2316075712442398,-11.72060489654541,0.7594120502471924,-16.158105850219727,0.00898039247840643
1867,"David McCormick, the ex-Army Ranger set to take full command at Bridgewater https://t.co/N4S13ZAJwK",1,neutral,1,neutral,Neutral,1,0,FinGPT-Llama-3-8B-LoRA,tfns,-13.251641273498535,0.03173765912652016,-9.876641273498535,0.9275103807449341,-13.001641273498535,0.04075196385383606
1868,Erik Prince’s FSG Quits Mozambique Oil and Gas Logistics Venture,1,neutral,1,neutral,Neutral,1,0,FinGPT-Llama-3-8B-LoRA,tfns,-10.649662971496582,0.46537286043167114,-10.524662971496582,0.5273365378379822,-14.805912971496582,0.0072906226851046085
1869,February 13 will mark new Boeing CEO David Calhoun's first month at the helm of $BA. @JimCramer gives a progress re… https://t.co/ET9XW0FsuJ,1,neutral,-1,UNPARSEABLE,,0,1,FinGPT-Llama-3-8B-LoRA,tfns,-9.686445236206055,0.23509858548641205,-8.873945236206055,0.5298028588294983,-9.686445236206055,0.23509858548641205
1870,Fiesta Restaurant Group adds hedge fund exec to board,1,neutral,1,neutral,Neutral,1,0,FinGPT-Llama-3-8B-LoRA,tfns,-14.764769554138184,0.02227174863219261,-11.077269554138184,0.8896418213844299,-13.389769554138184,0.08808647096157074
1871,First Reserve names two new managing directors in latest promotions,1,neutral,1,neutral,Neutral,1,0,FinGPT-Llama-3-8B-LoRA,tfns,-15.662057876586914,0.012764040380716324,-11.349557876586914,0.9525397419929504,-14.662057876586914,0.03469625860452652
1872,"Ford names Jim Farley COO, Hinrichs to retire",1,neutral,1,neutral,Neutral,1,0,FinGPT-Llama-3-8B-LoRA,tfns,-14.649314880371094,0.03793492913246155,-11.461814880371094,0.9190791249275208,-14.524314880371094,0.04298590496182442
1873,"Ford to name Jim  Farley COO, Hinrichs to retire: source",1,neutral,1,neutral,Neutral,1,0,FinGPT-Llama-3-8B-LoRA,tfns,-11.052020072937012,0.032565657049417496,-7.73952054977417,0.8940465450286865,-10.239520072937012,0.07338783890008926
1874,GE brings in shipper Maersk's CFO as finance chief,1,neutral,1,neutral,Neutral,1,0,FinGPT-Llama-3-8B-LoRA,tfns,-12.917756080627441,0.07162658870220184,-10.417756080627441,0.8725905418395996,-13.167756080627441,0.05578284338116646
1875,General Electric names Maersk CFO Carolina Dybeck Happe as its new CFO https://t.co/gfPLu09xuW,1,neutral,1,neutral,Neutral,1,0,FinGPT-Llama-3-8B-LoRA,tfns,-13.256099700927734,0.040105026215314865,-10.193599700927734,0.8574832081794739,-12.318599700927734,0.10241176187992096
1876,GoDaddy announces board changes,1,neutral,1,neutral,Neutral,1,0,FinGPT-Llama-3-8B-LoRA,tfns,-13.893474578857422,0.0520068034529686,-11.018474578857422,0.9218425750732422,-14.580974578857422,0.026150662451982498
1877,Hans Sauter Takes Over Global Sustainability Duties at Fresh Del Monte Produce,1,neutral,1,neutral,Neutral,1,0,FinGPT-Llama-3-8B-LoRA,tfns,-11.222795486450195,0.08116358518600464,-8.847795486450195,0.8725907802581787,-11.785295486450195,0.04624561965465546
1878,International Business Machines : Correction to IBM's New Leadership Team #InternationalBusinessMachines #Stock... https://t.co/cd6Jmiss90,1,neutral,1,neutral,Neutral,1,0,FinGPT-Llama-3-8B-LoRA,tfns,-11.131356239318848,0.4404979646205902,-10.943856239318848,0.5313419699668884,-13.881356239318848,0.0281600933521986
1879,Jefferies poaches more staff from CLSA to boost Asia expansion https://t.co/x2dQ6I9HM2,1,neutral,1,neutral,Neutral,1,0,FinGPT-Llama-3-8B-LoRA,tfns,-12.158585548400879,0.06519759446382523,-9.721085548400879,0.7461469769477844,-11.096085548400879,0.18865549564361572
1880,Legere stepping down as T-Mobile CEO,1,neutral,1,neutral,Neutral,1,0,FinGPT-Llama-3-8B-LoRA,tfns,-13.741372108459473,0.1870735138654709,-12.303872108459473,0.7876088619232178,-15.741372108459473,0.02531764656305313
1881,Libbey announces CFO transition,1,neutral,1,neutral,Neutral,1,0,FinGPT-Llama-3-8B-LoRA,tfns,-14.049202919006348,0.04702600836753845,-11.049202919006348,0.944542646408081,-15.767952919006348,0.008431298658251762
1882,"MedMen's CEO Resigned, and These Pot Stock CEOs Could Be Next",1,neutral,1,neutral,Neutral,1,0,FinGPT-Llama-3-8B-LoRA,tfns,-11.785500526428223,0.5244495272636414,-11.910500526428223,0.46282508969306946,-15.504250526428223,0.012725390493869781
1883,MGP Adds James Hewlette to International Beverage Alcohol Sales Team   https://t.co/1wZFyOaWH4,1,neutral,1,neutral,Neutral,1,0,FinGPT-Llama-3-8B-LoRA,tfns,-10.19107723236084,0.028569236397743225,-6.75357723236084,0.888762891292572,-9.12857723236084,0.08266782015562057
1884,"Mike Sievert to become T-Mobile CEO on May 1, 2020",1,neutral,1,neutral,Neutral,1,0,FinGPT-Llama-3-8B-LoRA,tfns,-15.014534950256348,0.013680984266102314,-10.764534950256348,0.9591110944747925,-14.327034950256348,0.027207888662815094
1885,"MOVES-Morgan Stanley hires former AIG executive to lead global support centers
https://t.co/ypYjW6jfYZ https://t.co/a6PKCsMonu",1,neutral,1,neutral,Neutral,1,0,FinGPT-Llama-3-8B-LoRA,tfns,-11.548956871032715,0.0706719309091568,-9.173956871032715,0.7597948908805847,-10.673956871032715,0.1695331633090973
1886,Nombrado nuevo vicepresidente de la división de cadena de suministro del grupo Viking Malt,1,neutral,1,neutral,Neutral,1,0,FinGPT-Llama-3-8B-LoRA,tfns,-12.690946578979492,0.020995041355490685,-8.878446578979492,0.9503082036972046,-12.378446578979492,0.028696822002530098
1887,"ReneSola names new CEO, CFO after departures",1,neutral,1,neutral,Neutral,1,0,FinGPT-Llama-3-8B-LoRA,tfns,-14.464831352233887,0.08116358518600464,-12.089831352233887,0.8725907802581787,-15.027331352233887,0.04624561965465546
1888,Shilpa Bhatia Rejoins SpiceJet As Chief Commercial Officer After Five-Month Stint At IndiGo,1,neutral,1,neutral,Neutral,1,0,FinGPT-Llama-3-8B-LoRA,tfns,-11.620952606201172,0.08913170546293259,-9.370952606201172,0.8456581234931946,-11.933452606201172,0.06521015614271164
1889,Six Sigma Metals : Experienced Board Addition & Appendix 3X #SixSigmaMetals #Stock #MarketScreener… https://t.co/GzmaLJyhFQ,1,neutral,1,neutral,Neutral,1,0,FinGPT-Llama-3-8B-LoRA,tfns,-10.804491996765137,0.09415606409311295,-8.741991996765137,0.7405948638916016,-10.241991996765137,0.1652490645647049
1890,Sony : Amazon names Sony executive to lead entertainment unit - WSJ #Sony #Stock #MarketScreener… https://t.co/pYRE6UyCgV,1,neutral,1,neutral,Neutral,1,0,FinGPT-Llama-3-8B-LoRA,tfns,-11.212721824645996,0.07154057919979095,-8.962721824645996,0.6787581443786621,-9.962721824645996,0.24970120191574097
1891,Spark Networks names new CEO,1,neutral,1,neutral,Neutral,1,0,FinGPT-Llama-3-8B-LoRA,tfns,-15.31363296508789,0.026063239201903343,-11.75113296508789,0.9187608361244202,-14.56363296508789,0.05517587810754776
1892,"Sunniva President, Board Director Resign Weeks After CFO Departure",1,neutral,1,neutral,Neutral,1,0,FinGPT-Llama-3-8B-LoRA,tfns,-12.606757164001465,0.4043169617652893,-12.231757164001465,0.5882776975631714,-16.60675811767578,0.007405316922813654
1893,Tesla Loses Its Third General Counsel in the Course of a Year,1,neutral,0,negative,Negative,0,0,FinGPT-Llama-3-8B-LoRA,tfns,-12.775910377502441,0.34780216217041016,-12.150910377502441,0.6497799754142761,-17.744661331176758,0.0024178598541766405
1894,UMH Properties names Taft operating chief,1,neutral,1,neutral,Neutral,1,0,FinGPT-Llama-3-8B-LoRA,tfns,-12.239492416381836,0.03674239292740822,-9.051992416381836,0.8901866674423218,-11.551992416381836,0.07307097315788269
1895,WP Engine Designa a Lisa Box Vicepresidenta SÃƒÂ©nior de Desarrollo Corporativo,1,neutral,1,neutral,Neutral,1,0,FinGPT-Llama-3-8B-LoRA,tfns,-12.613958358764648,0.025410538539290428,-8.988958358764648,0.9535233974456787,-12.801458358764648,0.021066075190901756
1896,Xinjiang Xinxin Mining Industry : ANNOUNCEMENT - RESIGNATION OF GENERAL MANAGER  #Stock #MarketScreener… https://t.co/t6FBv4Yu7G,1,neutral,1,neutral,Neutral,1,0,FinGPT-Llama-3-8B-LoRA,tfns,-7.50553035736084,0.2451835423707962,-6.44303035736084,0.7094621062278748,-9.19303035736084,0.045354392379522324
1897,$BEN - Franklin Resources drops after November AUM signals 'red alert' https://t.co/9iC6zMxMXy,0,negative,0,negative,Negative,1,0,FinGPT-Llama-3-8B-LoRA,tfns,-11.123645782470703,0.9224439263343811,-13.623645782470703,0.07571880519390106,-17.342395782470703,0.0018372624181210995
1898,$F - Ford's Value Has Tanked: Recovery Looks Poor. https://t.co/cLVJUCwNbt #economy #stocks #markets,0,negative,0,negative,Negative,1,0,FinGPT-Llama-3-8B-LoRA,tfns,-12.179359436035156,0.878623366355896,-14.179359436035156,0.11890873312950134,-18.054359436035156,0.002467872342094779
1899,$HYG - A Segment Of Junk Bonds Signals Stress. Continue reading: https://t.co/gQjqOhANgD #stockmarket #investing #trading,0,negative,0,negative,Negative,1,0,FinGPT-Llama-3-8B-LoRA,tfns,-11.666513442993164,0.8050546050071716,-13.104013442993164,0.19121724367141724,-17.041513442993164,0.0037281427066773176
1900,$TALKX: Market Briefing: Downshift https://t.co/CBPbBbxMjS,0,negative,0,negative,Negative,1,0,FinGPT-Llama-3-8B-LoRA,tfns,-10.882089614868164,0.5304422378540039,-11.007089614868164,0.46811363101005554,-16.788339614868164,0.0014440634986385703
1901,$TIF $LVMHF - Luxury sector shakeup sends investors scrambling https://t.co/IWVWNxN0hy,0,negative,0,negative,Negative,1,0,FinGPT-Llama-3-8B-LoRA,tfns,-11.794024467468262,0.5907709002494812,-12.169024467468262,0.406030535697937,-17.012773513793945,0.0031984916422516108
1902,$TSLA short 🤣,0,negative,0,negative,Negative,1,0,FinGPT-Llama-3-8B-LoRA,tfns,-10.053845405578613,0.7473548650741577,-11.178845405578613,0.24263060092926025,-14.366345405578613,0.01001456193625927
1903,"$TWLO - Yes, This Is An Unpopular Opinion: Twilio Is Overvalued. https://t.co/PCCPSLJaCP #markets #finance #stocks",0,negative,0,negative,Negative,1,0,FinGPT-Llama-3-8B-LoRA,tfns,-11.564393043518066,0.5574182868003845,-11.814393043518066,0.43411779403686523,-15.751893043518066,0.008463949896395206
1904,$XLU - XLU Weekly: The Relief Rally From 43.44s Stalls At 58.09s. https://t.co/0QF67WMAAr #investing #markets #economy,0,negative,1,neutral,Neutral,0,0,FinGPT-Llama-3-8B-LoRA,tfns,-10.769440650939941,0.37421801686286926,-10.269440650939941,0.6169812083244324,-14.519440650939941,0.008800763636827469
1905,Companies Like Juggernaut Exploration (CVE:JUGR) Can Be Considered Quite Risky,0,negative,1,neutral,Neutral,0,0,FinGPT-Llama-3-8B-LoRA,tfns,-8.95303726196289,0.4817875921726227,-8.89053726196289,0.5128602385520935,-13.45303726196289,0.005352177191525698
1906,Credit Woes Come Calling For The South Africa ETF,0,negative,0,negative,Negative,1,0,FinGPT-Llama-3-8B-LoRA,tfns,-8.835586547851562,0.8916207551956177,-10.960586547851562,0.1064889132976532,-14.991836547851562,0.0018904046155512333
1907,Dow heavyweight Boeing ending strong decade with whimper,0,negative,0,negative,Negative,1,0,FinGPT-Llama-3-8B-LoRA,tfns,-10.210211753845215,0.7644292712211609,-11.397711753845215,0.23313772678375244,-15.960211753845215,0.0024330108426511288
1908,Elon Musk Loses $5.9 Billion as Tesla Succumbs to the Laws of Gravity,0,negative,0,negative,Negative,1,0,FinGPT-Llama-3-8B-LoRA,tfns,-10.235779762268066,0.7756584286689758,-11.485779762268066,0.22222986817359924,-16.14202880859375,0.0021116365678608418
1909,"GlobalData : H&M's recovery derailed by COVID-19, says GlobalData #GlobalData #Stock #MarketScreener… https://t.co/oAkK0CkWFZ",0,negative,-1,UNPARSEABLE,,0,1,FinGPT-Llama-3-8B-LoRA,tfns,-9.561213493347168,0.8208407163619995,-11.123713493347168,0.17205755412578583,-14.311213493347168,0.00710166385397315
1910,Hedge Funds Are Dumping Capital Senior Living Corporation (CSU),0,negative,0,negative,Negative,1,0,FinGPT-Llama-3-8B-LoRA,tfns,-8.859386444091797,0.8559213876724243,-10.671886444091797,0.13972532749176025,-14.140636444091797,0.004353275056928396
1911,Hedge Funds Are Dumping UMB Financial Corporation (UMBF),0,negative,0,negative,Negative,1,0,FinGPT-Llama-3-8B-LoRA,tfns,-9.057356834411621,0.814393162727356,-10.557356834411621,0.1817156821489334,-14.401106834411621,0.0038911052979528904
1912,Hedge Funds Are Selling Genco Shipping & Trading Limited (GNK),0,negative,0,negative,Negative,1,0,FinGPT-Llama-3-8B-LoRA,tfns,-9.087894439697266,0.8851324915885925,-11.150394439697266,0.11253196001052856,-15.025394439697266,0.002335526514798403
1913,Hedge Funds Are Selling InVitae Corporation (NVTA),0,negative,0,negative,Negative,1,0,FinGPT-Llama-3-8B-LoRA,tfns,-9.087153434753418,0.8414891362190247,-10.774653434753418,0.15565983951091766,-14.774653434753418,0.0028510093688964844
1914,Hedge Funds Are Selling PennyMac Financial Services Inc (PFSI),0,negative,0,negative,Negative,1,0,FinGPT-Llama-3-8B-LoRA,tfns,-9.564861297607422,0.8720021843910217,-11.502361297607422,0.12562383711338043,-15.471111297607422,0.002373918192461133
1915,Hedge Funds Aren’t Crazy About eGain Communications Corporation (EGAN) Anymore,0,negative,-1,UNPARSEABLE,,0,1,FinGPT-Llama-3-8B-LoRA,tfns,-10.433272361755371,0.5747122764587402,-10.745772361755371,0.42046844959259033,-15.214522361755371,0.004819255787879229
1916,Hedge Funds Aren’t Crazy About Titan Machinery Inc. (TITN) Anymore,0,negative,-1,UNPARSEABLE,,0,1,FinGPT-Llama-3-8B-LoRA,tfns,-10.097959518432617,0.5894492864608765,-10.472959518432617,0.40512216091156006,-14.785459518432617,0.005428639706224203
1917,Here's Why Zogenix Took a Tumble Today,0,negative,0,negative,Negative,1,0,FinGPT-Llama-3-8B-LoRA,tfns,-10.444786071777344,0.942130982875824,-13.257286071777344,0.056579362601041794,-17.038536071777344,0.0012896802509203553
1918,"Introducing Hitech & Development Wireless Sweden Holding (STO:HDW B), The Stock That Slid 60% In The Last Year",0,negative,0,negative,Negative,1,0,FinGPT-Llama-3-8B-LoRA,tfns,-9.212491989135742,0.8921113014221191,-11.337491989135742,0.10654749721288681,-15.712491989135742,0.001341235009022057
1919,Investors Who Bought Elanco Animal Health (NYSE:ELAN) Shares A Year Ago Are Now Down 23%,0,negative,0,negative,Negative,1,0,FinGPT-Llama-3-8B-LoRA,tfns,-9.857301712036133,0.8578357696533203,-11.669801712036133,0.14003784954547882,-15.857301712036133,0.002126362407580018
1920,Look to go short $ES if it goes offered below 3107.50 or if the a.m. open is below 3107.50 and goes offered below t… https://t.co/YM6WBkERZ3,0,negative,0,negative,Negative,1,0,FinGPT-Llama-3-8B-LoRA,tfns,-7.9839186668396,0.9726219773292542,-11.733919143676758,0.02287386730313301,-13.358919143676758,0.004504131618887186
1921,"RECAP 12/10 Unusual Puts:
$ITCI Jan 6 P
$AAPL Jan 240 P
$FXB Dec 123 P
$JD Jan 31 P
$NLOK Dec 26 P
$PDD Apr 35 P… https://t.co/pUqu2jUDbi",0,negative,1,neutral,Neutral,0,0,FinGPT-Llama-3-8B-LoRA,tfns,-8.658260345458984,0.413251131772995,-8.345760345458984,0.5648473501205444,-11.595760345458984,0.021901508793234825
1922,"Sensex, Nifty Halt Four-Day Gaining Streak As RIL, HDFC Drag",0,negative,0,negative,negative,1,0,FinGPT-Llama-3-8B-LoRA,tfns,-8.005108833312988,0.8062372803688049,-9.442608833312988,0.19149814546108246,-13.880108833312988,0.0022645548451691866
1923,Why Carnival Stock Lost 14% in January,0,negative,-1,UNPARSEABLE,,0,1,FinGPT-Llama-3-8B-LoRA,tfns,-12.289997100830078,0.7486366629600525,-13.414997100830078,0.24304674565792084,-16.789997100830078,0.008316602557897568
1924,$ACST adding. Big catalyst coming up very soon. Stock has been under accumulation. CaPre (TRILOGY 1 and 2) Hypertri... https://t.co/0ZJuIuHVN9,2,positive,2,positive,Positive,1,0,FinGPT-Llama-3-8B-LoRA,tfns,-12.852800369262695,0.01104490552097559,-10.540300369262695,0.11154957860708237,-8.477800369262695,0.8774054646492004
1925,$AIKI my position remains intact. Buying dips.,2,positive,2,positive,Positive,1,0,FinGPT-Llama-3-8B-LoRA,tfns,-13.423600196838379,0.017177416011691093,-10.736100196838379,0.2524203062057495,-9.673600196838379,0.7304023504257202
1926,$AMZN - Amazon: One Of The Best Long-Term Investment In The Tech Sector. https://t.co/zC79wifAYj #finance #investing #stocks,2,positive,2,positive,Positive,1,0,FinGPT-Llama-3-8B-LoRA,tfns,-13.563578605651855,0.0060585574246943,-10.813578605651855,0.09477178007364273,-8.563578605651855,0.8991696238517761
1927,"$BOXL buyers into the close, nice !!!",2,positive,2,positive,Positive,1,0,FinGPT-Llama-3-8B-LoRA,tfns,-12.801091194152832,0.024522870779037476,-11.988591194152832,0.05526314303278923,-9.176091194152832,0.9202139973640442
1928,$BOXL loading up again !!! Last month K Laser Technology reported 30.2% Stake. https://t.co/Gd2jtkHBJE,2,positive,-1,UNPARSEABLE,,0,1,FinGPT-Llama-3-8B-LoRA,tfns,-12.267457008361816,0.03197745978832245,-10.767457008361816,0.14331302046775818,-9.017457008361816,0.8247095346450806
1929,$BOXL nice start !!!! $PDSB still accumulating.,2,positive,2,positive,Positive,1,0,FinGPT-Llama-3-8B-LoRA,tfns,-14.055839538574219,0.010207516141235828,-10.618339538574219,0.3175465166568756,-9.868339538574219,0.672245979309082
1930,$BPTH buy the dip.,2,positive,2,positive,Positive,1,0,FinGPT-Llama-3-8B-LoRA,tfns,-11.748849868774414,0.03657005354762077,-10.998849868774414,0.07741879671812057,-8.561349868774414,0.8860112428665161
1931,$BURL certainly isn't looking shabby https://t.co/3AqvmOgZuG,2,positive,2,positive,Positive,1,0,FinGPT-Llama-3-8B-LoRA,tfns,-12.434052467346191,0.008643710985779762,-8.871552467346191,0.3047012984752655,-8.059052467346191,0.6866549849510193
1932,$CAT - Caterpillar's Expected Dividend Hike And Buybacks Will Push The Stock Higher. https://t.co/zMJ0Ol3g2w #markets #business #economy,2,positive,2,positive,Positive,1,0,FinGPT-Llama-3-8B-LoRA,tfns,-14.442484855651855,0.01709642820060253,-13.379984855651855,0.04947015643119812,-10.442484855651855,0.9334333539009094
1933,"$CERN - Cerner: Undervalued, Wide Moat, Dominant. Read more: https://t.co/4KImEZVaU1 #finance #markets #economy",2,positive,2,positive,Positive,1,0,FinGPT-Llama-3-8B-LoRA,tfns,-12.069891929626465,0.04178242385387421,-9.694891929626465,0.44920340180397034,-9.569891929626465,0.5090141296386719
1934,"$CIFS could squeeze over 1 , im long and will add + on the break of the pivot level.",2,positive,2,positive,Positive,1,0,FinGPT-Llama-3-8B-LoRA,tfns,-14.179235458374023,0.00671467324718833,-12.772985458374023,0.0274000596255064,-9.210485458374023,0.96588534116745
1935,$CPHI here is the technical chart. With some buying volume this China play could soar just like $YGYI https://t.co/tEbpZIklHz,2,positive,2,positive,Positive,1,0,FinGPT-Llama-3-8B-LoRA,tfns,-12.61731243133545,0.0160981435328722,-10.74231243133545,0.10497307777404785,-8.61731243133545,0.8789287805557251
1936,$DG 52-week high,2,positive,-1,UNPARSEABLE,,0,1,FinGPT-Llama-3-8B-LoRA,tfns,-12.290617942810059,0.05224641412496567,-10.290617942810059,0.3860517144203186,-9.915617942810059,0.5617018938064575
1937,$EDNT great news this morning. Taking some before it explodes higher. NEWS: Edison Nation is Pleased to Announce th… https://t.co/ADTMS9D2ID,2,positive,-1,UNPARSEABLE,,0,1,FinGPT-Llama-3-8B-LoRA,tfns,-11.632431983947754,0.015388205647468567,-10.882431983947754,0.03257683292031288,-7.507431507110596,0.9520350098609924
1938,$FSUMF - FMG Offers Compelling Valuation And Dividend Yield (8%-10%). https://t.co/n8z87Sz8E5 #stockmarket #stocks #business,2,positive,2,positive,Positive,1,0,FinGPT-Llama-3-8B-LoRA,tfns,-12.89803409576416,0.010603148490190506,-9.58553409576416,0.2910953760147095,-8.71053409576416,0.6983014941215515
1939,$GDEN $ERI $MGM - Casino sector attracts some bets https://t.co/XjKy1M0CLb,2,positive,2,positive,Positive,1,0,FinGPT-Llama-3-8B-LoRA,tfns,-13.15748405456543,0.010146197862923145,-9.84498405456543,0.2785504162311554,-8.90748405456543,0.7113034129142761
1940,$GLD $SLV - Gold & Silver Update: December May Be A Bottom. Read more: https://t.co/c0d06nlqQJ #trading #finance #stocks,2,positive,2,positive,Positive,1,0,FinGPT-Llama-3-8B-LoRA,tfns,-12.34107780456543,0.013247184455394745,-8.96607780456543,0.3871394991874695,-8.52857780456543,0.5996133685112
1941,$MAR - Marriott seen running up 20% gain https://t.co/fTmRowMRLP,2,positive,2,positive,Positive,1,0,FinGPT-Llama-3-8B-LoRA,tfns,-14.440740585327148,0.003644773969426751,-12.909490585327148,0.01685326173901558,-8.846990585327148,0.9795020222663879
1942,"$MYOV is breaking out in pre-market, but we neeed more volume to confirm.",2,positive,2,positive,Positive,1,0,FinGPT-Llama-3-8B-LoRA,tfns,-14.004412651062012,0.008212615735828876,-11.504412651062012,0.10005014389753342,-9.316912651062012,0.8917372226715088
1943,$NIO nice breakout this morning. Next stop 2.46 https://t.co/rLdY9c1rw2,2,positive,2,positive,Positive,1,0,FinGPT-Llama-3-8B-LoRA,tfns,-12.811952590942383,0.004555821884423494,-10.061952590942383,0.07126504927873611,-7.499452590942383,0.924179196357727
1944,$NYMT out 1.82 from $1.60 @here,2,positive,1,neutral,Neutral,0,0,FinGPT-Llama-3-8B-LoRA,tfns,-9.115352630615234,0.15030299127101898,-7.552853107452393,0.717055082321167,-9.240352630615234,0.13264191150665283
1945,$PACD taking some. Risky but chart looks perfect for a bounce. I like this as a sympathy play off today's BORR move… https://t.co/yL5AlslU3R,2,positive,2,positive,Positive,1,0,FinGPT-Llama-3-8B-LoRA,tfns,-11.54826831817627,0.021574586629867554,-9.86076831817627,0.11663112044334412,-7.860767841339111,0.8617942929267883
1946,$RH clears prior high of 192 after gapping up over its 50-day on volume. On watch how it acts around 200. https://t.co/sF9WRJc7Bo,2,positive,2,positive,Positive,1,0,FinGPT-Llama-3-8B-LoRA,tfns,-13.416154861450195,0.007260647136718035,-11.666154861450195,0.04178214073181152,-8.541154861450195,0.950957179069519
1947,$SINT volume Alert !! Big buy blocks. Momentum is coming back to this name. First pivot 50c https://t.co/MU2uyO5JFT,2,positive,2,positive,Positive,1,0,FinGPT-Llama-3-8B-LoRA,tfns,-13.655482292175293,0.009224350564181805,-11.967982292175293,0.049866363406181335,-9.030482292175293,0.9409092664718628
1948,$SINT woke up !!!! New HOD,2,positive,1,neutral,Neutral,0,0,FinGPT-Llama-3-8B-LoRA,tfns,-15.27629280090332,0.009837103076279163,-10.99504280090332,0.7115254998207092,-11.93254280090332,0.2786373794078827
1949,$SKYY - First Trust Cloud Computing ETF Should Benefit From Near-Term Surge In Demand Due To COVID-19.… https://t.co/8KCBxqqonH,2,positive,2,positive,Positive,1,0,FinGPT-Llama-3-8B-LoRA,tfns,-10.93140983581543,0.01823360100388527,-9.99390983581543,0.04656112566590309,-6.99390983581543,0.9352052807807922
1950,$SOLO could fuel shares of $WKHS,2,positive,2,positive,Positive,1,0,FinGPT-Llama-3-8B-LoRA,tfns,-10.938029289245605,0.04314534366130829,-8.813029289245605,0.3612515330314636,-8.313029289245605,0.5956031084060669
1951,$SRNE Took some. Love the news.,2,positive,2,positive,Positive,1,0,FinGPT-Llama-3-8B-LoRA,tfns,-12.269818305969238,0.054485976696014404,-10.207318305969238,0.4285654127597809,-10.019818305969238,0.5169485807418823
1952,$STZ - Time To Reach For Constellation Brands During The Coronavirus. https://t.co/6M1lRZZRyC #trading #business #economy,2,positive,2,positive,Positive,1,0,FinGPT-Llama-3-8B-LoRA,tfns,-11.603517532348633,0.019828446209430695,-9.353517532348633,0.1881270557641983,-7.916017532348633,0.792044460773468
1953,$T - AT&T: An Attractive Options Strategy For The Coming Months. https://t.co/9LcAGrHWSL #economy #markets #stocks,2,positive,2,positive,Positive,1,0,FinGPT-Llama-3-8B-LoRA,tfns,-11.119783401489258,0.035871367901563644,-8.619783401489258,0.4370027482509613,-8.432283401489258,0.527125895023346
1954,$TOPS Wow..... Morgan Stanley 13G 6.7%,2,positive,1,neutral,Neutral,0,0,FinGPT-Llama-3-8B-LoRA,tfns,-11.363814353942871,0.0494924932718277,-8.551314353942871,0.8241239786148071,-10.426314353942871,0.12638351321220398
1955,"$TOT - Total: Solid Quarter, Continuing To Execute On Growth Story. Continue reading: https://t.co/FyeVpp7mbO #investing #economy #finance",2,positive,2,positive,Positive,1,0,FinGPT-Llama-3-8B-LoRA,tfns,-14.629303932189941,0.006936897989362478,-12.129303932189941,0.08450871706008911,-9.754303932189941,0.9085543751716614
1956,"$TSM - Taiwan Semiconductor: Visibility May Be Limited In The Near-Term, But Long-Term Growth Outlook Is Favorable.… https://t.co/8CxDEK114Z",2,positive,1,neutral,Neutral,0,0,FinGPT-Llama-3-8B-LoRA,tfns,-10.894221305847168,0.18522551655769348,-9.519221305847168,0.7325811386108398,-11.706721305847168,0.08219332247972488
1957,$TXN highs out of a long base and above 8 and 21 MAs,2,positive,2,positive,Positive,1,0,FinGPT-Llama-3-8B-LoRA,tfns,-14.327696800231934,0.0012510126689448953,-11.296446800231934,0.025924883782863617,-7.671446800231934,0.9728241562843323
1958,$WRK - WestRock: Strong Tailwinds Supporting The Bull Thesis Despite COVID-19. https://t.co/3IHSi3Thle #trading #stockmarket #economy,2,positive,2,positive,Positive,1,0,FinGPT-Llama-3-8B-LoRA,tfns,-14.248247146606445,0.014036918058991432,-12.123247146606445,0.11752967536449432,-10.123247146606445,0.86843341588974
1959,$YEXT - Yext: A Coronavirus Bull Case. https://t.co/7wlZOFGRu6 #trading #business #stocks,2,positive,2,positive,Positive,1,0,FinGPT-Llama-3-8B-LoRA,tfns,-11.679349899291992,0.03684702888131142,-9.429349899291992,0.3495948314666748,-8.866849899291992,0.6135581135749817
1960,"$Z strong close, nice candle as nears breakout",2,positive,2,positive,Positive,1,0,FinGPT-Llama-3-8B-LoRA,tfns,-14.21971607208252,0.009039359167218208,-11.59471607208252,0.12478450685739517,-9.65721607208252,0.8661760687828064
1961,“It’s my biggest holding.” Mark Cuban says he has nearly $1 billion in Amazon stock. https://t.co/5OLyDMTAdb,2,positive,1,neutral,Neutral,0,0,FinGPT-Llama-3-8B-LoRA,tfns,-12.6331205368042,0.015654942020773888,-8.7581205368042,0.7542973756790161,-9.9456205368042,0.23004768788814545
1962,"9:45 am (it's early) $SPY 272.99 1,520 STOCKS are up from the open vs 1,700  that are down from the open. $IWM 116.87",2,positive,2,positive,Positive,1,0,FinGPT-Llama-3-8B-LoRA,tfns,-13.68881607055664,0.00851447880268097,-11.62631607055664,0.06697157025337219,-9.00131607055664,0.9245139956474304
1963,"A Rising Share Price Has Us Looking Closely At Fortinet, Inc.'s (NASDAQ:FTNT) P/E Ratio",2,positive,-1,UNPARSEABLE,,0,1,FinGPT-Llama-3-8B-LoRA,tfns,-10.493542671203613,0.061567485332489014,-8.743542671203613,0.3542964458465576,-8.243542671203613,0.5841360688209534
1964,A Rising Share Price Has Us Looking Closely At Vipshop Holdings Limited's (NYSE:VIPS) P/E Ratio,2,positive,-1,UNPARSEABLE,,0,1,FinGPT-Llama-3-8B-LoRA,tfns,-8.185880661010742,0.17634844779968262,-7.248380184173584,0.450321763753891,-7.435880184173584,0.37332984805107117
1965,added $MRK Feb 90/Dec 90.50 Call Diagonals,2,positive,-1,UNPARSEABLE,,0,1,FinGPT-Llama-3-8B-LoRA,tfns,-11.465470314025879,0.08570500463247299,-9.465470314025879,0.6332790851593018,-10.277970314025879,0.28101590275764465
1966,Amazon is becoming a go-to for bulls - here's the chart now https://t.co/S86h9k7xuI,2,positive,2,positive,Positive,1,0,FinGPT-Llama-3-8B-LoRA,tfns,-14.743878364562988,0.007718879263848066,-12.181378364562988,0.10009994357824326,-9.993878364562988,0.8921810984611511
1967,"Beyond Meat among the stocks set to benefit from ongoing pork shortage, Bernstein says",2,positive,2,positive,Positive,1,0,FinGPT-Llama-3-8B-LoRA,tfns,-14.035497665405273,0.010645526461303234,-11.910497665405273,0.08913391083478928,-9.597997665405273,0.9002205729484558
1968,ChartTrader's recent $YMm0 short took off for a +700 pt gain in less than 30 minutes. Learn more and #tradesmarter… https://t.co/1JiBaAV8ji,2,positive,2,positive,Positive,1,0,FinGPT-Llama-3-8B-LoRA,tfns,-11.08832836151123,0.05258084461092949,-10.77582836151123,0.07186949253082275,-8.27582836151123,0.8755496740341187
1969,Ethereum (ETH) Price May Soon Surge 50%: Here’s Why - Ethereum World News,2,positive,2,positive,Positive,1,0,FinGPT-Llama-3-8B-LoRA,tfns,-11.815176963806152,0.008262702263891697,-9.377676963806152,0.0945616215467453,-7.127676963806152,0.897175669670105
1970,Firan Technology Group Corporation (TSE:FTG) Is Employing Capital Very Effectively,2,positive,1,neutral,neutral,0,0,FinGPT-Llama-3-8B-LoRA,tfns,-9.657812118530273,0.11414792388677597,-8.470312118530273,0.37427660822868347,-8.157812118530273,0.51157546043396
1971,GE’s ‘Beat-and-Raise Story’ Leads Longtime Skeptic to Upgrade,2,positive,2,positive,Positive,1,0,FinGPT-Llama-3-8B-LoRA,tfns,-15.303271293640137,0.014171566814184189,-12.865771293640137,0.16218499839305878,-11.240771293640137,0.8236433863639832
1972,Hedge Funds Are Betting On Catchmark Timber Trust Inc (CTT),2,positive,1,neutral,Neutral,0,0,FinGPT-Llama-3-8B-LoRA,tfns,-7.397561073303223,0.23130816221237183,-6.772561073303223,0.4321405291557312,-7.022561073303223,0.33655136823654175
1973,Hedge Funds Are Buying Costamare Inc (CMRE),2,positive,2,positive,Positive,1,0,FinGPT-Llama-3-8B-LoRA,tfns,-9.089463233947754,0.046994660049676895,-8.151963233947754,0.1200050637125969,-6.214463233947754,0.8330002427101135
1974,"Hedge Funds Are Optimistic About Merck & Co., Inc. (MRK)",2,positive,2,positive,Positive,1,0,FinGPT-Llama-3-8B-LoRA,tfns,-10.971137046813965,0.020611345767974854,-10.158637046813965,0.04644838348031044,-7.158637523651123,0.9329402446746826
1975,Hedge Funds Have Never Been More Bullish On ADMA Biologics Inc (ADMA),2,positive,2,positive,Positive,1,0,FinGPT-Llama-3-8B-LoRA,tfns,-10.530125617980957,0.047091055661439896,-10.217625617980957,0.06436584889888763,-7.592625617980957,0.8885430693626404
1976,Hedge Funds Have Never Been More Bullish On BioSpecifics Technologies Corp. (BSTC),2,positive,-1,UNPARSEABLE,,0,1,FinGPT-Llama-3-8B-LoRA,tfns,-9.371774673461914,0.05830942839384079,-8.996774673461914,0.08483972400426865,-6.684274673461914,0.856850802898407
1977,"Hedge Funds Have Never Been More Bullish On New York Mortgage Trust, Inc. (NYMT)",2,positive,-1,UNPARSEABLE,,0,1,FinGPT-Llama-3-8B-LoRA,tfns,-10.393546104431152,0.05467066913843155,-9.893546104431152,0.09013668447732925,-7.6435465812683105,0.8551926612854004
1978,"Hedge Funds Have Never Been This Bullish On Hallmark Financial Services, Inc. (HALL)",2,positive,2,positive,Positive,1,0,FinGPT-Llama-3-8B-LoRA,tfns,-9.608111381530762,0.05330594629049301,-8.858111381530762,0.1128486916422844,-6.858111381530762,0.833845317363739
1979,Hedge Funds Have Never Been This Bullish On North American Construction Group Ltd. (NOA),2,positive,2,positive,Positive,1,0,FinGPT-Llama-3-8B-LoRA,tfns,-9.682707786560059,0.04689637944102287,-9.307707786560059,0.06823383271694183,-6.745207786560059,0.8848697543144226
1980,Here comes the bounce $LK,2,positive,2,positive,Positive,1,0,FinGPT-Llama-3-8B-LoRA,tfns,-12.466254234313965,0.005578062497079372,-10.153754234313965,0.05633644014596939,-7.341254711151123,0.9380854964256287
1981,Here's what has stocks surging midday: https://t.co/9Jg08tQs6j,2,positive,2,positive,Positive,1,0,FinGPT-Llama-3-8B-LoRA,tfns,-15.331632614135742,0.0064917029812932014,-13.112882614135742,0.059696584939956665,-10.362882614135742,0.9338117241859436
1982,Home Depot stock is still a good investment despite rare misstep: analysts,2,positive,2,positive,Positive,1,0,FinGPT-Llama-3-8B-LoRA,tfns,-14.608735084533691,0.013573833741247654,-11.546235084533691,0.29022133350372314,-10.671235084533691,0.6962048411369324
1983,https://t.co/LKXMOP3zNK Inc. was on course to exceed $1 trillion in market value again after results beat expectati... https://t.co/4tiFA4prdg,2,positive,2,positive,Positive,1,0,FinGPT-Llama-3-8B-LoRA,tfns,-12.703898429870605,0.029660718515515327,-11.453898429870605,0.10352608561515808,-9.328898429870605,0.8668133020401001
1984,"If You Had Bought AXA (EPA:CS) Stock Five Years Ago, You Could Pocket A 33% Gain Today",2,positive,2,positive,Positive,1,0,FinGPT-Llama-3-8B-LoRA,tfns,-9.08465576171875,0.06417933851480484,-7.584655284881592,0.2876319885253906,-6.772155284881592,0.6481887102127075
1985,"If You Had Bought Century Communities (NYSE:CCS) Stock Five Years Ago, You Could Pocket A 61% Gain Today",2,positive,2,positive,Positive,1,0,FinGPT-Llama-3-8B-LoRA,tfns,-8.843671798706055,0.03797081485390663,-7.468671798706055,0.1501774787902832,-5.781171798706055,0.8118517994880676
1986,Industrials with nice bull flags breaking out today $EMR $ZBRA $PH $SWK,2,positive,2,positive,Positive,1,0,FinGPT-Llama-3-8B-LoRA,tfns,-14.212259292602539,0.00199761800467968,-11.649759292602539,0.025905504822731018,-8.024759292602539,0.972096860408783
1987,Investors Who Bought Profile Systems & Software A.E (ATH:PROF) Shares Three Years Ago Are Now Up 739%,2,positive,-1,UNPARSEABLE,,0,1,FinGPT-Llama-3-8B-LoRA,tfns,-12.326212882995605,0.019912969321012497,-10.951212882995605,0.07875731587409973,-8.513712882995605,0.9013298153877258
1988,Investors Who Bought Zogenix (NASDAQ:ZGNX) Shares Five Years Ago Are Now Up 411%,2,positive,2,positive,Positive,1,0,FinGPT-Llama-3-8B-LoRA,tfns,-12.495469093322754,0.020293984562158585,-10.745469093322754,0.11678381264209747,-8.745469093322754,0.862922191619873
1989,Knoll (NYSE:KNL) Has A Pretty Healthy Balance Sheet,2,positive,1,neutral,Neutral,0,0,FinGPT-Llama-3-8B-LoRA,tfns,-10.758272171020508,0.040802597999572754,-8.008272171020508,0.6382600665092468,-8.695772171020508,0.32093730568885803
1990,"Prudential Financial, Inc. Just Beat EPS By 11%: Here's What Analysts Think Will Happen Next",2,positive,-1,UNPARSEABLE,,0,1,FinGPT-Llama-3-8B-LoRA,tfns,-14.943292617797852,0.04258143901824951,-14.068292617797852,0.10214756429195404,-11.943292617797852,0.85527104139328
1991,Publicis Groupe (EPA:PUB) Has A Pretty Healthy Balance Sheet,2,positive,2,positive,Positive,1,0,FinGPT-Llama-3-8B-LoRA,tfns,-11.174383163452148,0.02756485715508461,-7.924383163452148,0.7109070420265198,-8.924383163452148,0.2615281045436859
1992,"RECAP 12/10 +Pos Comments:
$HUYA + Hedgeye
$TSLA + Rosenblatt
$TXMD + CJS
$INFY + BofAML",2,positive,2,positive,positive,1,0,FinGPT-Llama-3-8B-LoRA,tfns,-9.103716850280762,0.024522870779037476,-8.291216850280762,0.05526314303278923,-5.478716850280762,0.9202139973640442
1993,Scalp Trader's recent $CVNA swing long ripped higher for a +90% gain in just one week. Learn more and #tradesmarter… https://t.co/w5NlaycODq,2,positive,2,positive,Positive,1,0,FinGPT-Llama-3-8B-LoRA,tfns,-12.9442777633667,0.010658124461770058,-11.2255277633667,0.05944623798131943,-8.4755277633667,0.9298956394195557
1994,"Shareholders Are Loving LeMaitre Vascular, Inc.'s (NASDAQ:LMAT) 1.0% Yield",2,positive,2,positive,Positive,1,0,FinGPT-Llama-3-8B-LoRA,tfns,-11.628885269165039,0.02953370288014412,-9.941385269165039,0.15965767204761505,-8.316385269165039,0.8108085989952087
1995,Stock Market Update: Apple continues to outperform,2,positive,2,positive,Positive,1,0,FinGPT-Llama-3-8B-LoRA,tfns,-16.157108306884766,0.0030134778935462236,-13.34460735321045,0.05017896369099617,-10.40710735321045,0.9468075633049011
1996,Stock Market Update: Apple supplier Synaptics impresses investors,2,positive,2,positive,Positive,1,0,FinGPT-Llama-3-8B-LoRA,tfns,-16.350257873535156,0.008622855879366398,-13.787758827209473,0.11182277649641037,-11.725258827209473,0.8795543313026428
1997,Stock Traders Are Dumping Virus Hedges After ‘Peak Fear’ Passes,2,positive,0,negative,Negative,0,0,FinGPT-Llama-3-8B-LoRA,tfns,-10.30007553100586,0.6632728576660156,-11.11257553100586,0.2943255305290222,-13.05007553100586,0.04240161180496216
1998,"Tesla $TSLA with 1400 January 2022 $1280 calls bought to open $33.50 to $36 for around $5M

And with that, I am off... https://t.co/uiJ0iHFoUw",2,positive,1,neutral,Neutral,0,0,FinGPT-Llama-3-8B-LoRA,tfns,-7.305193901062012,0.10872945934534073,-5.992693901062012,0.40397894382476807,-5.805193901062012,0.4872916042804718
1999,The Bull Case for Shopify Stock Is More Relevant Than Ever,2,positive,2,positive,Positive,1,0,FinGPT-Llama-3-8B-LoRA,tfns,-11.715229988098145,0.027899662032723427,-9.715229988098145,0.20615217089653015,-8.402729988098145,0.7659481763839722
2000,The Knight-Swift Transportation Holdings (NYSE:KNX) Share Price Is Up 16% And Shareholders Are Holding On,2,positive,2,positive,Positive,1,0,FinGPT-Llama-3-8B-LoRA,tfns,-13.165706634521484,0.02437719516456127,-11.603206634521484,0.11629708856344223,-9.603206634521484,0.8593257069587708
2001,The Maxim Integrated Products (NASDAQ:MXIM) Share Price Has Gained 100% And Shareholders Are Hoping For More,2,positive,2,positive,Positive,1,0,FinGPT-Llama-3-8B-LoRA,tfns,-13.552855491638184,0.021703898906707764,-12.615355491638184,0.05542284622788429,-9.802855491638184,0.9228732585906982
2002,We have been following $PGNY closely all week; added it to our Buy Alert list on Tuesday. Today it's ripping to new… https://t.co/BFM1RLzOjG,2,positive,-1,UNPARSEABLE,,0,1,FinGPT-Llama-3-8B-LoRA,tfns,-11.459251403808594,0.03171191364526749,-10.334251403808594,0.09767956286668777,-8.146751403808594,0.8706085085868835
2003,Why Capri Holdings Is a Buy This Season,2,positive,2,positive,Positive,1,0,FinGPT-Llama-3-8B-LoRA,tfns,-13.082771301269531,0.043600380420684814,-11.645271301269531,0.1835644543170929,-10.207771301269531,0.7728351950645447
2004,"Why Ebix, Inc. (NASDAQ:EBIX) Should Be In Your Dividend Portfolio",2,positive,-1,UNPARSEABLE,,0,1,FinGPT-Llama-3-8B-LoRA,tfns,-11.400031089782715,0.15454743802547455,-10.087531089782715,0.5742133855819702,-10.837531089782715,0.27123919129371643
2005,Why Has Cree’s Revenue Jumped 40% In The Past 2 Years?,2,positive,2,positive,Positive,1,0,FinGPT-Llama-3-8B-LoRA,tfns,-15.86392879486084,0.030025972053408623,-14.73892879486084,0.09248650074005127,-12.48892879486084,0.8774875402450562
2006,Why Shares of TransDigm Group Soared in January,2,positive,2,positive,Positive,1,0,FinGPT-Llama-3-8B-LoRA,tfns,-15.088858604431152,0.021067854017019272,-13.213858604431152,0.13737966120243073,-11.401358604431152,0.8415524363517761
2007,Why Snap Stock Jumped Today,2,positive,-1,UNPARSEABLE,,0,1,FinGPT-Llama-3-8B-LoRA,tfns,-19.1259765625,0.031085679307579994,-17.8134765625,0.11549732089042664,-15.813475608825684,0.853416919708252
2008,Why Visa's Stock Price Could Keep Rising,2,positive,2,positive,Positive,1,0,FinGPT-Llama-3-8B-LoRA,tfns,-13.873290061950684,0.01110556349158287,-12.373290061950684,0.049771685153245926,-9.435790061950684,0.9391227960586548
2009,"Why You Should Like Aena S.M.E., S.A.’s (BME:AENA) ROCE",2,positive,-1,UNPARSEABLE,,0,1,FinGPT-Llama-3-8B-LoRA,tfns,-12.517876625061035,0.17691567540168762,-11.642876625061035,0.42439866065979004,-11.705376625061035,0.39868566393852234
2010,"With EPS Growth And More, Robertet (EPA:RBT) Is Interesting",2,positive,2,positive,Positive,1,0,FinGPT-Llama-3-8B-LoRA,tfns,-11.189489364624023,0.018425682559609413,-8.814489364624023,0.19809475541114807,-7.439489841461182,0.783479630947113
2011,$ACRGF - Acreage Holdings: The Best Investment In The Cannabis Space. Subscribe to Seeking Alpha for more:… https://t.co/qmq8yM9GFa,1,neutral,1,neutral,Neutral,1,0,FinGPT-Llama-3-8B-LoRA,tfns,-7.047122478485107,0.12144839018583298,-5.672122478485107,0.4803377091884613,-5.859622478485107,0.3982139527797699
2012,$CEI Long-term chart. Everything is possible here. Full of shorts. Can run 400% like in July or doing nothing. But… https://t.co/JJMEup4XH3,1,neutral,-1,UNPARSEABLE,,0,1,FinGPT-Llama-3-8B-LoRA,tfns,-10.422146797180176,0.09309311956167221,-8.234646797180176,0.8297299742698669,-10.609646797180176,0.07717690616846085
2013,$CEI non stop ion after-hours. $GBR deserves some attention,1,neutral,1,neutral,Neutral,1,0,FinGPT-Llama-3-8B-LoRA,tfns,-12.325516700744629,0.08371123671531677,-10.263016700744629,0.6584399342536926,-11.200516700744629,0.2578487694263458
2014,"$CLLS took profits here .. 

Maybe they'll get bought out soon .. that's what happens lol https://t.co/CnPQQKSZpk",1,neutral,-1,UNPARSEABLE,,0,1,FinGPT-Llama-3-8B-LoRA,tfns,-10.383254051208496,0.28875479102134705,-9.570754051208496,0.6507189273834229,-11.945754051208496,0.0605262890458107
2015,"$DAN - Dana Slogging Through Some End-Market Challenges, But The Longer-Term Outlook Is Better. Continue reading:… https://t.co/Yhw34F3a2O",1,neutral,1,neutral,Neutral,1,0,FinGPT-Llama-3-8B-LoRA,tfns,-9.973963737487793,0.37369680404663086,-9.536463737487793,0.578792929649353,-12.036463737487793,0.04751021787524223
2016,$DNKN - Dunkin' Brands: A Long-Term Analysis. Follow this and any other stock on Seeking Alpha!… https://t.co/5C75MjETME,1,neutral,1,neutral,Neutral,1,0,FinGPT-Llama-3-8B-LoRA,tfns,-9.323644638061523,0.17686893045902252,-7.886144638061523,0.7446459531784058,-10.136144638061523,0.07848510146141052
2017,$EB - Eventbrite Needs To Find Acquisitions. Get more info on Seeking Alpha: https://t.co/O3GeF4Q2TE #trading #stockmarket #economy,1,neutral,1,neutral,Neutral,1,0,FinGPT-Llama-3-8B-LoRA,tfns,-11.949626922607422,0.20369726419448853,-10.824626922607422,0.6274317502975464,-12.137126922607422,0.1688709706068039
2018,$ES equilibrium is 3107.50-3108  Long if either open is above 3108 and goes bid above the open. Look for some resis… https://t.co/ifVCk5Vh6r,1,neutral,-1,UNPARSEABLE,,0,1,FinGPT-Llama-3-8B-LoRA,tfns,-8.734797477722168,0.20434869825839996,-8.734797477722168,0.20434869825839996,-7.672297477722168,0.5913025140762329
2019,$ES_F $SPY https://t.co/BJ5eisxxwe,1,neutral,1,neutral,Neutral,1,0,FinGPT-Llama-3-8B-LoRA,tfns,-10.691911697387695,0.202671617269516,-9.441911697387695,0.7073934078216553,-11.504411697387695,0.08993497490882874
2020,$GDP - Goodrich Petroleum Corp.: A Solid Play. https://t.co/spGL5EIBuG #stockmarket #economy #stocks,1,neutral,2,positive,Positive,0,0,FinGPT-Llama-3-8B-LoRA,tfns,-13.016122817993164,0.01928979903459549,-10.141122817993164,0.341919869184494,-9.516122817993164,0.6387903690338135
2021,"$GOOG $GOOGL - Alphabet: Flying Right To $1,700. Read more and get updates on any stock! https://t.co/cdftwzEnYJ #economy #finance #markets",1,neutral,2,positive,Positive,0,0,FinGPT-Llama-3-8B-LoRA,tfns,-14.262202262878418,0.006876644678413868,-11.199702262878418,0.1470291167497635,-9.449702262878418,0.8460942506790161
2022,$GPRO strong action.,1,neutral,2,positive,Positive,0,0,FinGPT-Llama-3-8B-LoRA,tfns,-13.462372779846191,0.051084768027067184,-11.899872779846191,0.24371179938316345,-10.837372779846191,0.7052034735679626
2023,"$HSIC 
Brought to my attention by fellow AOT member @Radim7204 !
Really liking how this one is setting up going int… https://t.co/jcQsKjL6Ok",1,neutral,1,neutral,Neutral,1,0,FinGPT-Llama-3-8B-LoRA,tfns,-5.115729331970215,0.19009838998317719,-4.053229331970215,0.5500679016113281,-4.803229331970215,0.2598336935043335
2024,$IRM - Iron Mountain Building A Fortress With Data Centers. Sign up for updates on Seeking Alpha!… https://t.co/M4VPqzEtJq,1,neutral,2,positive,Positive,0,0,FinGPT-Llama-3-8B-LoRA,tfns,-11.963528633117676,0.00880628265440464,-8.463528633117676,0.2916240394115448,-7.588528633117676,0.6995697021484375
2025,"$JCP - J.C. Penney: Q3 Impresses, But Headwinds Remain. Get more updates here: https://t.co/nRuoADTjLN #business #trading #markets",1,neutral,2,positive,Positive,0,0,FinGPT-Llama-3-8B-LoRA,tfns,-13.852535247802734,0.05712452530860901,-11.477535247802734,0.6141465306282043,-12.102535247802734,0.32872897386550903
2026,$KERN guess what? Great alert this week....... https://t.co/6aNynTGnoP,1,neutral,1,neutral,Neutral,1,0,FinGPT-Llama-3-8B-LoRA,tfns,-11.152339935302734,0.046282216906547546,-8.339839935302734,0.770668089389801,-9.777339935302734,0.18304972350597382
2027,$KRUS fresh breakout and at resistance. https://t.co/alBaL6qf4i,1,neutral,1,neutral,Neutral,1,0,FinGPT-Llama-3-8B-LoRA,tfns,-10.011808395385742,0.14174829423427582,-8.449308395385742,0.6762433052062988,-9.761808395385742,0.18200841546058655
2028,$LB: L Brands feeling mall-based pressure https://t.co/qdD9K6QOy9,1,neutral,0,negative,Negative,0,0,FinGPT-Llama-3-8B-LoRA,tfns,-10.65711498260498,0.7532148957252502,-11.78211498260498,0.24453307688236237,-16.469615936279297,0.0022520695347338915
2029,$LK $NTES $PDD - NetEase's Bright 2020; Pinduoduo Is No Luckin Coffee. Continue reading: https://t.co/CTznXqFM0n… https://t.co/TCLXHfhCjf,1,neutral,2,positive,Positive,0,0,FinGPT-Llama-3-8B-LoRA,tfns,-12.48303508758545,0.012261989526450634,-9.79553508758545,0.1801886260509491,-8.29553508758545,0.8075493574142456
2030,$MAXR - How To Play Both Sides Of The Maxar Technologies Recovery Story. Subscribe to Seeking Alpha for more:… https://t.co/OYzd6jPzfC,1,neutral,1,neutral,Neutral,1,0,FinGPT-Llama-3-8B-LoRA,tfns,-7.569865703582764,0.1596352458000183,-6.257365703582764,0.5931168794631958,-7.132365703582764,0.24724788963794708
2031,$MTB - M&T Bank: Too Soon To Call The Turn. Read more and get updates on any stock! https://t.co/Ys82ZwdFPl #business #economy #stocks,1,neutral,1,neutral,Neutral,1,0,FinGPT-Llama-3-8B-LoRA,tfns,-11.444104194641113,0.19939658045768738,-10.069104194641113,0.7886287569999695,-14.256604194641113,0.011974695138633251
2032,$MTN - Vail Resorts missing snow in early part of season https://t.co/K76oI960UO,1,neutral,0,negative,Negative,0,0,FinGPT-Llama-3-8B-LoRA,tfns,-11.303479194641113,0.8140819072723389,-12.803479194641113,0.18164624273777008,-16.553478240966797,0.004271914251148701
2033,"$NVDA $UBER - Beware The Ides Of December, Current Events Should Boost Markets Now; Sell Uber And Tesla. Get more u… https://t.co/BcYnGhPTG3",1,neutral,1,neutral,Neutral,1,0,FinGPT-Llama-3-8B-LoRA,tfns,-9.569046974182129,0.24494411051273346,-8.756546974182129,0.5519900918006897,-9.756546974182129,0.20306582748889923
2034,"$OPGN took a big position for next week. Early this month. CVI Investments, Inc. purchased 200k shares. https://t.co/7y83Nbob1Z",1,neutral,2,positive,Positive,0,0,FinGPT-Llama-3-8B-LoRA,tfns,-11.118325233459473,0.051084768027067184,-9.555825233459473,0.24371179938316345,-8.493325233459473,0.7052034735679626
2035,$PFG - Principal Financial Group: The Beaten Down Giant. Follow this and any other stock on Seeking Alpha!… https://t.co/BtTxNYCCmJ,1,neutral,1,neutral,Neutral,1,0,FinGPT-Llama-3-8B-LoRA,tfns,-9.54971981048584,0.3234805464744568,-8.92471981048584,0.6043412089347839,-11.04971981048584,0.07217826694250107
2036,"$PIXY with just 1.1M shares float, if volume comes in again , the bounce could be explosive. U know how this stock works. Great entry point.",1,neutral,2,positive,Positive,0,0,FinGPT-Llama-3-8B-LoRA,tfns,-14.85107707977295,0.020484648644924164,-13.91357707977295,0.05230938643217087,-11.03857707977295,0.9272059798240662
2037,$PLNT $PTON - Gym-off trade unwinds a bit https://t.co/6KQrxKSjLE,1,neutral,-1,UNPARSEABLE,,0,1,FinGPT-Llama-3-8B-LoRA,tfns,-12.068246841430664,0.25458940863609314,-11.068246841430664,0.6920457482337952,-13.630746841430664,0.0533648356795311
2038,$PLUG - Plug Power Raises Some Much-Needed Cash - The Right Move At The Right Time. Read more:… https://t.co/8u9YMYHnLp,1,neutral,2,positive,Positive,0,0,FinGPT-Llama-3-8B-LoRA,tfns,-11.199305534362793,0.02515183575451374,-8.636805534362793,0.3261740207672119,-7.949306011199951,0.6486740708351135
2039,$RF - Regions Financial On Target With Its Conservative Approach. Subscribe to Seeking Alpha for more:… https://t.co/0XIItIX3aB,1,neutral,2,positive,Positive,0,0,FinGPT-Llama-3-8B-LoRA,tfns,-10.920808792114258,0.01363818347454071,-8.045808792114258,0.2417425811290741,-6.920809268951416,0.7446192502975464
2040,$RTTR waking up !!!!!!!!!!,1,neutral,2,positive,Positive,0,0,FinGPT-Llama-3-8B-LoRA,tfns,-12.92288875579834,0.019616419449448586,-9.98538875579834,0.3701346814632416,-9.48538875579834,0.6102489233016968
2041,$SCANX: Stocks/ETFs that traded to new 52 week highs/lows this session - New highs (37) outpacing new lows (30) https://t.co/mozUwgcLn9,1,neutral,2,positive,Positive,0,0,FinGPT-Llama-3-8B-LoRA,tfns,-14.6805419921875,0.02159922942519188,-12.1805419921875,0.2631325125694275,-11.1805419921875,0.7152682542800903
2042,$SCANX: Today's most active stocks https://t.co/fEt4nYC2bE,1,neutral,1,neutral,Neutral,1,0,FinGPT-Llama-3-8B-LoRA,tfns,-9.977686882019043,0.12203731387853622,-8.040186882019043,0.8471068143844604,-11.352686882019043,0.03085586428642273
2043,$SCHV - SCHV: Volatility Reminds Me To Stay Focused On Value. https://t.co/rTJ55Qtu22 #stockmarket #stocks #business,1,neutral,1,neutral,Neutral,1,0,FinGPT-Llama-3-8B-LoRA,tfns,-11.963653564453125,0.19898104667663574,-10.713653564453125,0.6945120692253113,-12.588653564453125,0.10650688409805298
2044,$SE tried to break above its 38 cup pivot but was unable to clear it. It continues to consolidate around its earnin… https://t.co/3EDbxL0qB4,1,neutral,-1,UNPARSEABLE,,0,1,FinGPT-Llama-3-8B-LoRA,tfns,-11.007086753845215,0.449166476726532,-10.819586753845215,0.5417981743812561,-14.913336753845215,0.009035339578986168
2045,$SIVR - SIVR Weekly: Spec Short-Covering More Than Offsets ETF Profit-Taking. Keep reading: https://t.co/loj6ZeIs4G… https://t.co/aVPpngWYd1,1,neutral,2,positive,Positive,0,0,FinGPT-Llama-3-8B-LoRA,tfns,-10.767210006713867,0.04104345664381981,-9.579710006713867,0.13457632064819336,-7.767209529876709,0.8243802189826965
2046,$SPY $AAPL $ZM,1,neutral,1,neutral,neutral,1,0,FinGPT-Llama-3-8B-LoRA,tfns,-9.43653678894043,0.3262022137641907,-8.93653678894043,0.5378165245056152,-10.31153678894043,0.13598130643367767
2047,$SPY $AMTD $SCHW $EBAY,1,neutral,1,neutral,neutral,1,0,FinGPT-Llama-3-8B-LoRA,tfns,-9.782707214355469,0.1901119202375412,-8.407707214355469,0.751907229423523,-10.970207214355469,0.05798086151480675
2048,$SPY $IWM $TNA - Small caps aim to retake some ground https://t.co/lRTT9N8kdA,1,neutral,2,positive,Positive,0,0,FinGPT-Llama-3-8B-LoRA,tfns,-13.158425331115723,0.015690062195062637,-10.720925331115723,0.1795632541179657,-9.220925331115723,0.8047466278076172
2049,$SPY $XLF $XLI $XLV $XLK $XLRE $XLU $XLY $TSLA,1,neutral,1,neutral,neutral,1,0,FinGPT-Llama-3-8B-LoRA,tfns,-10.783262252807617,0.17686893045902252,-9.345762252807617,0.7446459531784058,-11.595762252807617,0.07848510146141052
2050,$SPY been my road map for the overall market.  Oscillators looking for a full unwind/reset?  Would be healthy and s... https://t.co/u1L0z7i71A,1,neutral,-1,UNPARSEABLE,,0,1,FinGPT-Llama-3-8B-LoRA,tfns,-10.621521949768066,0.4933905303478241,-10.684021949768066,0.463497519493103,-13.059021949768066,0.04311198368668556
2051,$SRAX what a call !!! https://t.co/MVNBcRTTjP,1,neutral,1,neutral,Neutral,1,0,FinGPT-Llama-3-8B-LoRA,tfns,-8.545360565185547,0.06839849054813385,-6.795361042022705,0.3936059772968292,-6.482861042022705,0.5379955768585205
2052,$TQQQ - TQQQ: No Risk No Reward. https://t.co/K6xMoV7bMM #economy #business #stocks,1,neutral,1,neutral,Neutral,1,0,FinGPT-Llama-3-8B-LoRA,tfns,-12.332261085510254,0.1226845234632492,-10.394761085510254,0.8515993356704712,-13.894761085510254,0.02571607194840908
2053,$UDIRF $UDIRY - An Acquisition Of Tele Columbus Makes Sense For United Internet AG. Follow this and any other stock… https://t.co/Ue7x1kVSlW,1,neutral,2,positive,Positive,0,0,FinGPT-Llama-3-8B-LoRA,tfns,-10.042506217956543,0.030787624418735504,-7.730006217956543,0.31094399094581604,-6.980006217956543,0.658268392086029
2054,$VZ - Verizon Communications: Featured Stock In November's Safest Dividend Yields Model Portfolio. Sign up for upda… https://t.co/Y7lMkLQQ7a,1,neutral,2,positive,Positive,0,0,FinGPT-Llama-3-8B-LoRA,tfns,-10.77972412109375,0.03495385870337486,-8.15472412109375,0.4825230836868286,-8.15472412109375,0.4825230836868286
2055,"$WEBK $KLXE $SNDE - TRNX, YEXT, BIG and CGIX among midday movers https://t.co/ZHa4KS7iks",1,neutral,1,neutral,Neutral,1,0,FinGPT-Llama-3-8B-LoRA,tfns,-11.816004753112793,0.21336758136749268,-10.691004753112793,0.6572184562683105,-12.316004753112793,0.12941397726535797
2056,$XSLV - The Low Vol Mix In The New 60/40. https://t.co/iceGLtsIvz #trading #stocks #stockmarket,1,neutral,1,neutral,Neutral,1,0,FinGPT-Llama-3-8B-LoRA,tfns,-11.89680004119873,0.07460878789424896,-9.70930004119873,0.664980947971344,-10.64680004119873,0.26041024923324585
2057,$XYL - Xylem: Headwinds To Continue Over Several Quarters. Read more and sign up for updates:… https://t.co/uD2LB5E7NG,1,neutral,0,negative,Negative,0,0,FinGPT-Llama-3-8B-LoRA,tfns,-9.820823669433594,0.8882866501808167,-11.945823669433594,0.1060907170176506,-14.883323669433594,0.005622601602226496
2058,"“It is all about liquidity for Uber and Lyft,” @p_ferragu tells @TheStreet’s @nelwang $UBER $LYFT https://t.co/dDsaSSzb82",1,neutral,1,neutral,Neutral,1,0,FinGPT-Llama-3-8B-LoRA,tfns,-11.958907127380371,0.10020614415407181,-9.833907127380371,0.839015781879425,-12.458907127380371,0.06077810004353523
2059,10 Most Heavily Traded ETFs of 2019,1,neutral,1,neutral,neutral,1,0,FinGPT-Llama-3-8B-LoRA,tfns,-8.631629943847656,0.16556620597839355,-7.069129943847656,0.7898722290992737,-9.944129943847656,0.04456154257059097
2060,11 Foreign Stocks With The Lowest Earnings Multiples,1,neutral,1,neutral,neutral,1,0,FinGPT-Llama-3-8B-LoRA,tfns,-7.7154011726379395,0.418510764837265,-7.4654011726379395,0.5373784899711609,-9.965400695800781,0.0441107302904129
2061,2 Days To Buy 3M Company (NYSE:MMM) Before The Ex-Dividend Date,1,neutral,1,neutral,neutral,1,0,FinGPT-Llama-3-8B-LoRA,tfns,-7.341447353363037,0.18417033553123474,-6.091447353363037,0.6428176164627075,-7.403947353363037,0.17301201820373535
2062,2 Top Small-Cap Stocks to Buy In February,1,neutral,1,neutral,neutral,1,0,FinGPT-Llama-3-8B-LoRA,tfns,-10.527012825012207,0.0455952063202858,-8.089512825012207,0.5218095183372498,-8.277012825012207,0.43259528279304504
2063,3 Great Semiconductor Stocks to Invest In for 2020,1,neutral,1,neutral,neutral,1,0,FinGPT-Llama-3-8B-LoRA,tfns,-10.531654357910156,0.047391489148139954,-7.8441548347473145,0.6964125633239746,-8.844154357910156,0.2561960220336914
2064,3 Lord Abbett Funds to Snap Up Now,1,neutral,1,neutral,Neutral,1,0,FinGPT-Llama-3-8B-LoRA,tfns,-10.873459815979004,0.043920569121837616,-8.123459815979004,0.6870332956314087,-9.060959815979004,0.2690460979938507
2065,3 Stocks to Enhance the Quality of Your Portfolio,1,neutral,1,neutral,neutral,1,0,FinGPT-Llama-3-8B-LoRA,tfns,-10.017484664916992,0.15771587193012238,-8.454984664916992,0.7524203658103943,-10.579984664916992,0.08986379951238632
2066,3 Surprising Stocks Hitting New Lows Last Week,1,neutral,1,neutral,neutral,1,0,FinGPT-Llama-3-8B-LoRA,tfns,-9.008326530456543,0.6066904664039612,-9.445826530456543,0.3917087912559509,-14.945826530456543,0.0016008242964744568
2067,3 Top Small-Cap Stocks to Buy in February,1,neutral,1,neutral,neutral,1,0,FinGPT-Llama-3-8B-LoRA,tfns,-10.867273330688477,0.04803698882460594,-8.429773330688477,0.5497542023658752,-8.742273330688477,0.40220877528190613
2068,"3M : Science, Technology & Sustainability Committee #3M #Stock #MarketScreener https://t.co/v00aEuNutb https://t.co/wMEmDMgf3i",1,neutral,1,neutral,Neutral,1,0,FinGPT-Llama-3-8B-LoRA,tfns,-12.075584411621094,0.11162160336971283,-10.075584411621094,0.8247782588005066,-12.638084411621094,0.0636000707745552
2069,40% YTD Return On 18 Stocks: Andersen Capital Mgmt. (Radio),1,neutral,1,neutral,neutral,1,0,FinGPT-Llama-3-8B-LoRA,tfns,-7.2444610595703125,0.09772832691669464,-5.1819610595703125,0.7686929106712341,-6.9319610595703125,0.13357879221439362
2070,42 Stocks Moving In Tuesday's Mid-Day Session,1,neutral,1,neutral,neutral,1,0,FinGPT-Llama-3-8B-LoRA,tfns,-9.44124984741211,0.1349118947982788,-7.628750324249268,0.8264352083206177,-10.69124984741211,0.03865290433168411
2071,5 Cheap Dividend Stocks With High Yields And Annual Increases,1,neutral,1,neutral,neutral,1,0,FinGPT-Llama-3-8B-LoRA,tfns,-9.368566513061523,0.21160145103931427,-8.243566513061523,0.6517783999443054,-9.806066513061523,0.1366201639175415
2072,5 Stocks With January Bounce-Back Potential,1,neutral,1,neutral,neutral,1,0,FinGPT-Llama-3-8B-LoRA,tfns,-9.428447723388672,0.10910798609256744,-8.053447723388672,0.4315304756164551,-7.99094820022583,0.45936155319213867
2073,6 Guru Stocks Beating the Market,1,neutral,1,neutral,neutral,1,0,FinGPT-Llama-3-8B-LoRA,tfns,-9.4727144241333,0.04857345297932625,-7.222714424133301,0.46085208654403687,-7.160214424133301,0.49057450890541077
2074,"8 Stocks To Watch For December 12, 2019",1,neutral,1,neutral,neutral,1,0,FinGPT-Llama-3-8B-LoRA,tfns,-9.678258895874023,0.1586911380290985,-8.053258895874023,0.8059001564979553,-11.178258895874023,0.035408779978752136
2075,A Note On Metro Inc.'s (TSE:MRU) ROE and Debt To Equity,1,neutral,1,neutral,neutral,1,0,FinGPT-Llama-3-8B-LoRA,tfns,-7.072874069213867,0.23706524074077606,-6.010374069213867,0.6859709620475769,-8.197874069213867,0.07696380466222763
2076,Add Up The Parts: The First Trust Large Cap Value AlphaDEX Fund ETF Could Be Worth $62,1,neutral,1,neutral,neutral,1,0,FinGPT-Llama-3-8B-LoRA,tfns,-8.231849670410156,0.07263952493667603,-5.981849670410156,0.6891846656799316,-7.044349670410156,0.23817585408687592
2077,ADTRAN (NASDAQ:ADTN) Has Debt But No Earnings; Should You Worry?,1,neutral,1,neutral,Neutral,1,0,FinGPT-Llama-3-8B-LoRA,tfns,-7.78617525100708,0.34005674719810486,-7.16117525100708,0.635309636592865,-10.411174774169922,0.024633638560771942
2078,AEMD,1,neutral,1,neutral,neutral,1,0,FinGPT-Llama-3-8B-LoRA,tfns,-10.68721866607666,0.13580934703350067,-8.87471866607666,0.8319331407546997,-12.12471866607666,0.03225754573941231
2079,Amazon investors ignore these facts in the $1 trillion market cap frenzy https://t.co/7ifHd44bj3 by @BrianSozzi https://t.co/490crLdUXa,1,neutral,1,neutral,Neutral,1,0,FinGPT-Llama-3-8B-LoRA,tfns,-11.402000427246094,0.32319191098213196,-10.714500427246094,0.6427438855171204,-13.652000427246094,0.03406417742371559
2080,Anyone catching any of this Gap and Run? And I’m not talking about an Inside Gap which means absolutely nothing. On… https://t.co/ROI0JBYpBf,1,neutral,1,neutral,Neutral,1,0,FinGPT-Llama-3-8B-LoRA,tfns,-8.379678726196289,0.27419453859329224,-7.754679203033447,0.5122625827789307,-8.629678726196289,0.2135429084300995
2081,Are Investors Undervaluing Public Joint Stock Company Magnit (MCX:MGNT) By 28%?,1,neutral,-1,UNPARSEABLE,,0,1,FinGPT-Llama-3-8B-LoRA,tfns,-8.957589149475098,0.28763195872306824,-8.145089149475098,0.6481886506080627,-10.457589149475098,0.06417936831712723
2082,Are Investors Undervaluing Scientific Games Corporation (NASDAQ:SGMS) By 45%?,1,neutral,-1,UNPARSEABLE,,0,1,FinGPT-Llama-3-8B-LoRA,tfns,-10.291058540344238,0.24838821589946747,-9.353558540344238,0.6342815160751343,-11.041058540344238,0.11733029037714005
2083,Are Kinross Gold Corporation’s (TSE:K) High Returns Really That Great?,1,neutral,-1,UNPARSEABLE,,0,1,FinGPT-Llama-3-8B-LoRA,tfns,-8.013214111328125,0.26478004455566406,-7.075714111328125,0.6761395931243896,-9.513214111328125,0.05908041447401047
2084,Best Stocks for 2020: Energy Transfer Is Poised for an Epic Rally,1,neutral,2,positive,Positive,0,0,FinGPT-Llama-3-8B-LoRA,tfns,-12.38769245147705,0.02455017901957035,-10.88769245147705,0.11002625524997711,-8.82519245147705,0.8654236197471619
2085,Best Stocks for 2020: Housing Trend Will Boost PennyMac Financial,1,neutral,2,positive,Positive,0,0,FinGPT-Llama-3-8B-LoRA,tfns,-12.863850593566895,0.04803698882460594,-10.426350593566895,0.5497542023658752,-10.738850593566895,0.40220877528190613
2086,Better Buy: AbbVie vs. Merck,1,neutral,1,neutral,Neutral,1,0,FinGPT-Llama-3-8B-LoRA,tfns,-11.064362525939941,0.09394506365060806,-8.876862525939941,0.8373233079910278,-11.376862525939941,0.06873168051242828
2087,Big day for Cronos Group after Altria filing,1,neutral,2,positive,Positive,0,0,FinGPT-Llama-3-8B-LoRA,tfns,-14.770428657531738,0.010738499462604523,-11.145428657531738,0.4029592275619507,-10.770428657531738,0.5863022208213806
2088,BNTC,1,neutral,1,neutral,neutral,1,0,FinGPT-Llama-3-8B-LoRA,tfns,-10.416248321533203,0.11629708856344223,-8.416248321533203,0.8593257069587708,-11.978748321533203,0.02437719516456127
2089,Can $MSFT head higher?  https://t.co/V5l6NINYrr,1,neutral,2,positive,Positive,0,0,FinGPT-Llama-3-8B-LoRA,tfns,-8.419389724731445,0.055938564240932465,-6.606889724731445,0.3426652252674103,-6.044389724731445,0.6013962626457214
2090,Can Cronos Stock Break Out of Its Downtrend?,1,neutral,1,neutral,neutral,1,0,FinGPT-Llama-3-8B-LoRA,tfns,-9.55395793914795,0.2140229195356369,-8.49145793914795,0.6192958354949951,-9.80395793914795,0.1666812151670456
2091,Can The North West Company Inc. (TSE:NWC) Maintain Its Strong Returns?,1,neutral,-1,UNPARSEABLE,,0,1,FinGPT-Llama-3-8B-LoRA,tfns,-10.352438926696777,0.19484393298625946,-9.039938926696777,0.7239330410957336,-11.227438926696777,0.0812230333685875
2092,Congratulations to @ServiceNow on being added to the S&P 500 https://t.co/MzojJ6sPLS,1,neutral,2,positive,Positive,0,0,FinGPT-Llama-3-8B-LoRA,tfns,-12.407577514648438,0.009838596917688847,-8.345077514648438,0.5718136429786682,-8.657577514648438,0.4183477759361267
2093,Consider Aphria Stock as the Cannabisphere Burns,1,neutral,1,neutral,Neutral,1,0,FinGPT-Llama-3-8B-LoRA,tfns,-10.617546081542969,0.23721684515476227,-9.492546081542969,0.7306793332099915,-12.617546081542969,0.03210381045937538
2094,"Could Envision Solar International, Inc.'s (NASDAQ:EVSI) Investor Composition Influence The Stock Price?",1,neutral,-1,UNPARSEABLE,,0,1,FinGPT-Llama-3-8B-LoRA,tfns,-9.297097206115723,0.25181806087493896,-8.297097206115723,0.6845123767852783,-10.672097206115723,0.06366956233978271
2095,Could The Colonial Coal International Corp. (CVE:CAD) Ownership Structure Tell Us Something Useful?,1,neutral,1,neutral,Neutral,1,0,FinGPT-Llama-3-8B-LoRA,tfns,-9.10263442993164,0.21215778589248657,-7.852634429931641,0.7405034303665161,-10.60263442993164,0.04733879864215851
2096,Could The KONE Oyj (HEL:KNEBV) Ownership Structure Tell Us Something Useful?,1,neutral,1,neutral,Neutral,1,0,FinGPT-Llama-3-8B-LoRA,tfns,-9.110037803649902,0.23620717227458954,-7.985037803649902,0.7275693416595459,-10.985037803649902,0.03622354194521904
2097,Could The Occidental Petroleum Corporation (NYSE:OXY) Ownership Structure Tell Us Something Useful?,1,neutral,1,neutral,Neutral,1,0,FinGPT-Llama-3-8B-LoRA,tfns,-9.738744735717773,0.203043133020401,-8.426244735717773,0.7543967366218567,-11.301244735717773,0.0425601527094841
2098,Did Business Growth Power CGI's (TSE:GIB.A) Share Price Gain of 163%?,1,neutral,2,positive,Positive,0,0,FinGPT-Llama-3-8B-LoRA,tfns,-8.103489875793457,0.059305671602487564,-7.040989875793457,0.17160664498806,-5.540989875793457,0.7690876126289368
2099,Did Business Growth Power Maya Gold and Silver's (TSE:MYA) Share Price Gain of 296%?,1,neutral,2,positive,Positive,0,0,FinGPT-Llama-3-8B-LoRA,tfns,-8.103521347045898,0.08093268424272537,-6.853521823883057,0.28248271346092224,-6.041021823883057,0.6365846395492554
2100,"Did You Own The Decade's Best Stock? It's Up 3,743%",1,neutral,1,neutral,Neutral,1,0,FinGPT-Llama-3-8B-LoRA,tfns,-11.33715534210205,0.03299655020236969,-8.14965534210205,0.799433171749115,-9.71215534210205,0.1675702929496765
2101,"Do Hedge Funds Love Kirkland’s, Inc. (KIRK)?",1,neutral,-1,UNPARSEABLE,,0,1,FinGPT-Llama-3-8B-LoRA,tfns,-9.8418550491333,0.3090115189552307,-9.2168550491333,0.5773094892501831,-10.8418550491333,0.11367897689342499
2102,"Do Insiders Own Lots Of Shares In The Meet Group, Inc. (NASDAQ:MEET)?",1,neutral,1,neutral,Neutral,1,0,FinGPT-Llama-3-8B-LoRA,tfns,-8.944796562194824,0.239228755235672,-7.882297039031982,0.6922310590744019,-10.194796562194824,0.06854019314050674
2103,Does China XD Plastics Company Limited (NASDAQ:CXDC) Have A High Beta?,1,neutral,-1,UNPARSEABLE,,0,1,FinGPT-Llama-3-8B-LoRA,tfns,-9.038152694702148,0.19537651538848877,-7.663152694702148,0.7727290987968445,-10.850652694702148,0.031894341111183167
2104,Does K3 Capital Group PLC (LON:K3C) Have A Particularly Volatile Share Price?,1,neutral,1,neutral,neutral,1,0,FinGPT-Llama-3-8B-LoRA,tfns,-8.539223670959473,0.22458545863628387,-7.351723670959473,0.7363874316215515,-10.289223670959473,0.039027102291584015
2105,Does Page Industries (NSE:PAGEIND) Have A Healthy Balance Sheet?,1,neutral,-1,UNPARSEABLE,,0,1,FinGPT-Llama-3-8B-LoRA,tfns,-9.52353286743164,0.21151202917099,-8.27353286743164,0.7382494807243347,-10.96103286743164,0.050238508731126785
2106,"Does Pieris Pharmaceuticals, Inc.'s (NASDAQ:PIRS) CEO Pay Matter?",1,neutral,-1,UNPARSEABLE,,0,1,FinGPT-Llama-3-8B-LoRA,tfns,-9.151493072509766,0.20406362414360046,-7.838993072509766,0.7581883668899536,-10.838993072509766,0.03774797543883324
2107,Does The Teradata Corporation (NYSE:TDC) Share Price Fall With The Market?,1,neutral,-1,UNPARSEABLE,,0,1,FinGPT-Llama-3-8B-LoRA,tfns,-7.431044101715088,0.2554152309894562,-6.431044101715088,0.6942905187606812,-9.05604362487793,0.05029425770044327
2108,Don't Sell AMA Group Limited (ASX:AMA) Before You Read This,1,neutral,1,neutral,Neutral,1,0,FinGPT-Llama-3-8B-LoRA,tfns,-8.628562927246094,0.31920328736305237,-7.941063404083252,0.6348111629486084,-10.566062927246094,0.04598558694124222
2109,"EOS, Ethereum and Ripple’s XRP – Daily Tech Analysis – 07/02/20",1,neutral,1,neutral,neutral,1,0,FinGPT-Llama-3-8B-LoRA,tfns,-7.76761531829834,0.2938145697116852,-7.14261531829834,0.548917829990387,-8.39261531829834,0.15726760029792786
2110,Estimating The Fair Value Of Oshkosh Corporation (NYSE:OSK),1,neutral,1,neutral,Neutral,1,0,FinGPT-Llama-3-8B-LoRA,tfns,-6.637389183044434,0.17388778924942017,-5.137389183044434,0.7793110013008118,-7.949889183044434,0.046801261603832245
2111,Estimating The Intrinsic Value Of Ceres Global Ag Corp. (TSE:CRP),1,neutral,1,neutral,neutral,1,0,FinGPT-Llama-3-8B-LoRA,tfns,-7.444415092468262,0.11388663947582245,-5.444415092468262,0.8415147662162781,-8.381915092468262,0.04459865018725395
2112,Ethereum and Stellar’s Lumen Daily Tech Analysis – 18/11/19,1,neutral,1,neutral,neutral,1,0,FinGPT-Llama-3-8B-LoRA,tfns,-8.011281967163086,0.2129591703414917,-6.823781967163086,0.6982662677764893,-8.886281967163086,0.08877459168434143
2113,Ethereum and Stellar’s Lumen Daily Tech Analysis – 19/11/19,1,neutral,1,neutral,neutral,1,0,FinGPT-Llama-3-8B-LoRA,tfns,-7.963866233825684,0.2129591703414917,-6.776366233825684,0.6982662677764893,-8.838866233825684,0.08877459168434143
2114,Flotek Industries Inc (FTK): Hedge Fund Sentiment Unchanged,1,neutral,1,neutral,Neutral,1,0,FinGPT-Llama-3-8B-LoRA,tfns,-11.808165550231934,0.06660368293523788,-9.183165550231934,0.919435441493988,-13.370665550231934,0.013960889540612698
2115,FOMO time we project SP 500 target 4000 before end of Bull Market,1,neutral,2,positive,positive,0,0,FinGPT-Llama-3-8B-LoRA,tfns,-8.578625679016113,0.011648795567452908,-6.891125679016113,0.062972791492939,-4.203625679016113,0.9253783822059631
2116,FSCT,1,neutral,1,neutral,neutral,1,0,FinGPT-Llama-3-8B-LoRA,tfns,-10.30245590209961,0.1441008448600769,-8.55245590209961,0.8292431831359863,-11.98995590209961,0.026655979454517365
2117,Go $WKHS,1,neutral,1,neutral,Neutral,1,0,FinGPT-Llama-3-8B-LoRA,tfns,-10.586780548095703,0.12994563579559326,-8.774280548095703,0.7960135340690613,-11.149280548095703,0.07404079288244247
2118,Golden Rim Resources : Tabuteau to advance New Zealand's trade and political interests wit... #GoldenRimResources… https://t.co/9RRPcgdgAZ,1,neutral,1,neutral,Neutral,1,0,FinGPT-Llama-3-8B-LoRA,tfns,-11.102202415466309,0.1399988979101181,-9.477202415466309,0.7109730839729309,-11.039702415466309,0.14902806282043457
2119,"Hedge Fund Darlings vs. Republic Services, Inc. (RSG) In 2019",1,neutral,1,neutral,Neutral,1,0,FinGPT-Llama-3-8B-LoRA,tfns,-9.00072193145752,0.2049727886915207,-7.6882219314575195,0.7615663409233093,-10.81322193145752,0.033460889011621475
2120,"Hedge Funds Cashed Out Of Simpson Manufacturing Co, Inc. (SSD) Too Early",1,neutral,0,negative,Negative,0,0,FinGPT-Llama-3-8B-LoRA,tfns,-10.67848014831543,0.49202245473861694,-10.74098014831543,0.46221232414245605,-13.05348014831543,0.045765217393636703
2121,Hedge Funds Dropped The Ball On 2U Inc (TWOU),1,neutral,0,negative,Negative,0,0,FinGPT-Llama-3-8B-LoRA,tfns,-9.496936798095703,0.5873807072639465,-9.871936798095703,0.40370047092437744,-13.684436798095703,0.008918904699385166
2122,Hedge Funds Dropped The Ball On Continental Building Products Inc (CBPX),1,neutral,0,negative,Negative,0,0,FinGPT-Llama-3-8B-LoRA,tfns,-9.849981307983398,0.6591541767120361,-10.537481307983398,0.33144351840019226,-14.099981307983398,0.009402329102158546
2123,Hedge Funds Had Impeccable Timing Buying Myovant Sciences Ltd. (MYOV),1,neutral,2,positive,Positive,0,0,FinGPT-Llama-3-8B-LoRA,tfns,-9.054142951965332,0.08503974974155426,-7.991642951965332,0.2460707128047943,-6.991642951965332,0.6688894629478455
2124,Hedge Funds Love These 3 Peers Way More Than China Petroleum & Chemical Corp (SNP),1,neutral,2,positive,positive,0,0,FinGPT-Llama-3-8B-LoRA,tfns,-8.230469703674316,0.08384694904088974,-7.292969226837158,0.21411077678203583,-6.105469226837158,0.7020422220230103
2125,Here is What Hedge Funds Think About First Busey Corporation (BUSE),1,neutral,1,neutral,Neutral,1,0,FinGPT-Llama-3-8B-LoRA,tfns,-9.348255157470703,0.17570677399635315,-7.848255157470703,0.7874630689620972,-10.910755157470703,0.03683014214038849
2126,Here is What Hedge Funds Think About Focus Financial Partners Inc. (FOCS),1,neutral,1,neutral,Neutral,1,0,FinGPT-Llama-3-8B-LoRA,tfns,-10.856019020080566,0.18131905794143677,-9.418519020080566,0.7633817195892334,-12.043519020080566,0.05529918894171715
2127,Here is What Hedge Funds Think About Wipro Limited (WIT),1,neutral,1,neutral,Neutral,1,0,FinGPT-Llama-3-8B-LoRA,tfns,-9.192106246948242,0.20578187704086304,-7.879606246948242,0.7645724415779114,-11.129606246948242,0.029645688831806183
2128,Here’s What Hedge Funds Think Evolution Petroleum Corporation (EPM),1,neutral,1,neutral,Neutral,1,0,FinGPT-Llama-3-8B-LoRA,tfns,-9.433006286621094,0.11592079699039459,-7.4330058097839355,0.856545627117157,-10.870506286621094,0.027533600106835365
2129,Here's What Analysts Are Forecasting For Cummins Inc. After Its Annual Results,1,neutral,1,neutral,Neutral,1,0,FinGPT-Llama-3-8B-LoRA,tfns,-11.497798919677734,0.09394506365060806,-9.310298919677734,0.8373233079910278,-11.810298919677734,0.06873168051242828
2130,Here's What We Like About DCC plc (LON:DCC)'s Upcoming Dividend,1,neutral,2,positive,positive,0,0,FinGPT-Llama-3-8B-LoRA,tfns,-11.818153381347656,0.016868429258465767,-9.505653381347656,0.1703650951385498,-7.943153381347656,0.812766432762146
2131,Highlight: 'Amgen's been a rocket ship of a stock ... we just think that latest move is just assuming too much ... we'r... https://t.co/xIHky138yC,1,neutral,0,negative,Negative,0,0,FinGPT-Llama-3-8B-LoRA,tfns,-9.972331047058105,0.7150225043296814,-10.909831047058105,0.2800068259239197,-14.941081047058105,0.004970716778188944
2132,Hong Kong ETF May Not Turn Around Anytime Soon,1,neutral,0,negative,Negative,0,0,FinGPT-Llama-3-8B-LoRA,tfns,-10.057052612304688,0.7762056589126587,-11.307052612304688,0.22238664329051971,-16.369552612304688,0.001407644129358232
2133,"How Does Investing In Seres Therapeutics, Inc. (NASDAQ:MCRB) Impact The Volatility Of Your Portfolio?",1,neutral,-1,UNPARSEABLE,,0,1,FinGPT-Llama-3-8B-LoRA,tfns,-8.511791229248047,0.39166969060897827,-8.261791229248047,0.5029138326644897,-9.824291229248047,0.10541646927595139
2134,How Good Is Kambi Group plc (STO:KAMBI) At Creating Shareholder Value?,1,neutral,-1,UNPARSEABLE,,0,1,FinGPT-Llama-3-8B-LoRA,tfns,-9.898089408874512,0.3028484880924225,-9.148089408874512,0.6411302089691162,-11.585589408874512,0.05602133274078369
2135,How Many Wheaton Precious Metals Corp. (TSE:WPM) Shares Do Institutions Own?,1,neutral,1,neutral,Neutral,1,0,FinGPT-Llama-3-8B-LoRA,tfns,-4.231154918670654,0.11419519782066345,-2.2311549186706543,0.8437947034835815,-5.231154918670654,0.04201006516814232
2136,"How Much Did Prologis, Inc.'s (NYSE:PLD) CEO Pocket Last Year?",1,neutral,1,neutral,Neutral,1,0,FinGPT-Llama-3-8B-LoRA,tfns,-6.560189247131348,0.3639361560344696,-6.060189247131348,0.6000292897224426,-8.872689247131348,0.03603455796837807
2137,How Much Have Harley-Davidson’s Shipments Fallen Since 2014?,1,neutral,-1,UNPARSEABLE,,0,1,FinGPT-Llama-3-8B-LoRA,tfns,-11.483519554138184,0.8710919618606567,-13.733519554138184,0.09181241691112518,-14.639769554138184,0.0370955727994442
2138,"How Much Of Daseke, Inc. (NASDAQ:DSKE) Do Institutions Own?",1,neutral,1,neutral,Neutral,1,0,FinGPT-Llama-3-8B-LoRA,tfns,-5.501219272613525,0.08938930183649063,-3.1887192726135254,0.9027999639511108,-7.938719272613525,0.007810750510543585
2139,How Should Investors React To Poxel SA's (EPA:POXEL) CEO Pay?,1,neutral,-1,UNPARSEABLE,,0,1,FinGPT-Llama-3-8B-LoRA,tfns,-11.246430397033691,0.11719043552875519,-9.246430397033691,0.8659267425537109,-13.183930397033691,0.01688288524746895
2140,How Should Investors React To Select Medical Holdings Corporation's (NYSE:SEM) CEO Pay?,1,neutral,-1,UNPARSEABLE,,0,1,FinGPT-Llama-3-8B-LoRA,tfns,-11.293290138244629,0.13005174696445465,-9.418290138244629,0.8480439186096191,-13.074540138244629,0.021904289722442627
2141,Howard Bancorp (NASDAQ:HBMD) Shareholders Have Enjoyed A 54% Share Price Gain,1,neutral,2,positive,Positive,0,0,FinGPT-Llama-3-8B-LoRA,tfns,-10.230263710021973,0.011999991722404957,-9.167763710021973,0.03472312539815903,-5.855264186859131,0.9532769322395325
2142,Imagine Owning Apex Global Brands (NASDAQ:APEX) And Taking A 98% Loss Square On The Chin,1,neutral,1,neutral,Neutral,1,0,FinGPT-Llama-3-8B-LoRA,tfns,-10.102484703063965,0.4506903290748596,-9.914984703063965,0.5436362624168396,-14.477484703063965,0.005673354025930166
2143,Immersion Corporation (IMMR): Hedge Funds In Wait-and-See Mode,1,neutral,1,neutral,Neutral,1,0,FinGPT-Llama-3-8B-LoRA,tfns,-13.11205768585205,0.02927895449101925,-9.61205768585205,0.9695857763290405,-16.362058639526367,0.0011352672008797526
2144,Is Amicus Therapeutics (NASDAQ:FOLD) A Risky Investment?,1,neutral,1,neutral,Neutral,1,0,FinGPT-Llama-3-8B-LoRA,tfns,-9.264710426330566,0.18812698125839233,-7.827209949493408,0.7920445799827576,-11.514710426330566,0.019828438758850098
2145,Is Autolus Therapeutics plc (AUTL) A Good Stock To Buy?,1,neutral,1,neutral,Neutral,1,0,FinGPT-Llama-3-8B-LoRA,tfns,-9.828434944152832,0.17053939402103424,-8.265934944152832,0.8135979175567627,-12.203434944152832,0.015862634405493736
2146,Is CBIZ's (NYSE:CBZ) Share Price Gain Of 200% Well Earned?,1,neutral,-1,UNPARSEABLE,,0,1,FinGPT-Llama-3-8B-LoRA,tfns,-7.969080924987793,0.09224077314138412,-6.156580924987793,0.5650432109832764,-6.656580924987793,0.3427160382270813
2147,Is Gilat Satellite Networks Ltd.'s (NASDAQ:GILT) 6.1% Dividend Worth Your Time?,1,neutral,1,neutral,Neutral,1,0,FinGPT-Llama-3-8B-LoRA,tfns,-7.146844863891602,0.22141553461551666,-5.959344863891602,0.7259936332702637,-8.584344863891602,0.05259080231189728
2148,Is Grifols (BME:GRF) A Risky Investment?,1,neutral,1,neutral,Neutral,1,0,FinGPT-Llama-3-8B-LoRA,tfns,-10.040760040283203,0.11075598001480103,-7.978259563446045,0.8711636066436768,-11.853260040283203,0.018080413341522217
2149,"Is Hawaiian Holdings, Inc. (HA) A Good Stock To Buy?",1,neutral,1,neutral,Neutral,1,0,FinGPT-Llama-3-8B-LoRA,tfns,-10.386087417602539,0.13787628710269928,-8.573587417602539,0.8445946574211121,-12.448587417602539,0.01752900332212448
2150,Is HighPoint Resources Corporation (HPR) Going to Burn These Hedge Funds?,1,neutral,1,neutral,Neutral,1,0,FinGPT-Llama-3-8B-LoRA,tfns,-8.607583999633789,0.2761179804801941,-7.670083999633789,0.7050919532775879,-11.295083999633789,0.01879006437957287
2151,Is Houghton Mifflin Harcourt Co (HMHC) Going to Burn These Hedge Funds?,1,neutral,1,neutral,Neutral,1,0,FinGPT-Llama-3-8B-LoRA,tfns,-9.775933265686035,0.26453328132629395,-8.775933265686035,0.7190759778022766,-12.557183265686035,0.01639074832201004
2152,Is iQiyi Stock a Breakout Buy Right Now?,1,neutral,1,neutral,Neutral,1,0,FinGPT-Llama-3-8B-LoRA,tfns,-11.504897117614746,0.12712278962135315,-9.629897117614746,0.828944742679596,-12.567397117614746,0.043932460248470306
2153,"Is It Smart To Buy Strategic Education, Inc. (NASDAQ:STRA) Before It Goes Ex-Dividend?",1,neutral,1,neutral,neutral,1,0,FinGPT-Llama-3-8B-LoRA,tfns,-8.006518363952637,0.2076844424009323,-6.7565178871154785,0.7248902916908264,-9.131518363952637,0.06742526590824127
2154,Is It Too Late To Consider Buying Canadian Imperial Bank of Commerce (TSE:CM)?,1,neutral,1,neutral,Neutral,1,0,FinGPT-Llama-3-8B-LoRA,tfns,-7.656821250915527,0.36708864569664,-7.281821250915527,0.5341107845306396,-8.969321250915527,0.09880056977272034
2155,Is It Worth Buying Cognizant Technology Solutions Corporation (NASDAQ:CTSH) For Its 1.3% Dividend Yield?,1,neutral,1,neutral,Neutral,1,0,FinGPT-Llama-3-8B-LoRA,tfns,-8.865482330322266,0.222792387008667,-7.677982807159424,0.7305077910423279,-10.427982330322266,0.046699825674295425
2156,Is James River Group Holdings Ltd (JRVR) Going To Burn These Hedge Funds ?,1,neutral,1,neutral,Neutral,1,0,FinGPT-Llama-3-8B-LoRA,tfns,-8.669461250305176,0.25268325209617615,-7.606961250305176,0.7311632633209229,-11.419461250305176,0.016153499484062195
2157,Is Luckin Coffee (NASDAQ:LK) A Risky Investment?,1,neutral,1,neutral,Neutral,1,0,FinGPT-Llama-3-8B-LoRA,tfns,-9.722018241882324,0.18876700103282928,-8.284518241882324,0.7947387099266052,-12.159518241882324,0.016494276002049446
2158,Is Magnolia Bostad AB (publ)'s (STO:MAG) ROE Of 6.1% Concerning?,1,neutral,-1,UNPARSEABLE,,0,1,FinGPT-Llama-3-8B-LoRA,tfns,-9.584939002990723,0.203043133020401,-8.272439002990723,0.7543967366218567,-11.147439002990723,0.0425601527094841
2159,Is Mullen Group (TSE:MTL) Using Too Much Debt?,1,neutral,-1,UNPARSEABLE,,0,1,FinGPT-Llama-3-8B-LoRA,tfns,-9.18557071685791,0.24871096014976501,-8.12307071685791,0.719668984413147,-11.24807071685791,0.031620047986507416
2160,Is Now An Opportune Moment To Examine AAC Technologies Holdings Inc. (HKG:2018)?,1,neutral,-1,UNPARSEABLE,,0,1,FinGPT-Llama-3-8B-LoRA,tfns,-6.4299702644348145,0.1583295613527298,-4.8049702644348145,0.8040639162063599,-7.8674702644348145,0.03760657086968422
2161,"Is Now The Time To Look At Buying Houlihan Lokey, Inc. (NYSE:HLI)?",1,neutral,1,neutral,Neutral,1,0,FinGPT-Llama-3-8B-LoRA,tfns,-8.875450134277344,0.1901119202375412,-7.500450134277344,0.751907229423523,-10.062950134277344,0.05798086151480675
2162,Is Ritchie Bros. Auctioneers (RBA) Going to Burn These Hedge Funds?,1,neutral,1,neutral,Neutral,1,0,FinGPT-Llama-3-8B-LoRA,tfns,-8.439960479736328,0.2521408796310425,-7.37746000289917,0.7295941710472107,-11.064960479736328,0.018265023827552795
2163,Is Seritage Growth Properties (SRG) A Good Stock To Buy?,1,neutral,1,neutral,Neutral,1,0,FinGPT-Llama-3-8B-LoRA,tfns,-10.39547061920166,0.13829074800014496,-8.58297061920166,0.847133457660675,-12.64547061920166,0.014575736597180367
2164,"Is SiteOne Landscape Supply, Inc. (SITE) A Good Stock To Buy?",1,neutral,1,neutral,Neutral,1,0,FinGPT-Llama-3-8B-LoRA,tfns,-10.396865844726562,0.10550419241189957,-8.271865844726562,0.8833757638931274,-12.646865844726562,0.011120060458779335
2165,"Is There Now An Opportunity In Solaria Energía y Medio Ambiente, S.A. (BME:SLR)?",1,neutral,-1,UNPARSEABLE,,0,1,FinGPT-Llama-3-8B-LoRA,tfns,-12.774211883544922,0.09071942418813705,-10.524211883544922,0.8607219457626343,-13.399211883544922,0.048558611422777176
2166,Is Vanguard Growth & Income Admiral (VGIAX) a Strong Mutual Fund Pick Right Now?,1,neutral,1,neutral,neutral,1,0,FinGPT-Llama-3-8B-LoRA,tfns,-10.122734069824219,0.11706296354532242,-8.122734069824219,0.8649848103523254,-11.997734069824219,0.01795218698680401
2167,"Is Viking Therapeutics, Inc. (VKTX) A Good Stock To Buy?",1,neutral,1,neutral,Neutral,1,0,FinGPT-Llama-3-8B-LoRA,tfns,-10.310492515563965,0.1457725465297699,-8.560492515563965,0.8388631343841553,-12.560492515563965,0.015364314429461956
2168,Is WH Group Limited (HKG:288) Better Than Average At Deploying Capital?,1,neutral,-1,UNPARSEABLE,,0,1,FinGPT-Llama-3-8B-LoRA,tfns,-10.195269584655762,0.08852257579565048,-7.882769584655762,0.8940463662147522,-11.820269584655762,0.01743113063275814
2169,Is Zafgen Inc (ZFGN) A Good Stock To Buy?,1,neutral,1,neutral,Neutral,1,0,FinGPT-Llama-3-8B-LoRA,tfns,-10.275140762329102,0.1703650951385498,-8.712640762329102,0.812766432762146,-12.587640762329102,0.016868429258465767
2170,Is Zhou Hei Ya International Holdings Company Limited (HKG:1458) Trading At A 32% Discount?,1,neutral,1,neutral,neutral,1,0,FinGPT-Llama-3-8B-LoRA,tfns,-4.816403388977051,0.3839716613292694,-4.503903388977051,0.5248270630836487,-6.253903388977051,0.09120126068592072
2171,J&J Brand Most Valuable Among Pharmaceutical Companies,1,neutral,1,neutral,Neutral,1,0,FinGPT-Llama-3-8B-LoRA,tfns,-12.235726356506348,0.07580479979515076,-10.048226356506348,0.6756408214569092,-11.048226356506348,0.24855439364910126
2172,"Macy's has shrunk to the size of Beyond Meat. It's going to get worse, technician says $M $BYND (via @TradingNation) https://t.co/h86IfyLmqy",1,neutral,0,negative,Negative,0,0,FinGPT-Llama-3-8B-LoRA,tfns,-11.270115852355957,0.7933518886566162,-12.645115852355957,0.20059077441692352,-16.145116806030273,0.006057310849428177
2173,"More Is Needed To Break Through: EZCORP, Inc. (EZPW), Gannett Co., Inc. (GCI) - TechnoRecorder",1,neutral,1,neutral,neutral,1,0,FinGPT-Llama-3-8B-LoRA,tfns,-10.769068717956543,0.13653022050857544,-9.019068717956543,0.7856771945953369,-11.331568717956543,0.07779257744550705
2174,"More Is Needed To Break Through: Las Vegas Sands Corp. (LVS), Enterprise Products Partners L.P. (EPD) - TechnoRecorder",1,neutral,1,neutral,neutral,1,0,FinGPT-Llama-3-8B-LoRA,tfns,-11.02746295928955,0.14538443088531494,-9.33996295928955,0.7859408259391785,-11.77746295928955,0.06867474317550659
2175,"More Is Needed To Break Through: McDonald’s Corporation (MCD), ADT Inc. (ADT) - TechnoRecorder",1,neutral,1,neutral,neutral,1,0,FinGPT-Llama-3-8B-LoRA,tfns,-11.22412109375,0.13892070949077606,-9.47412109375,0.7994335293769836,-12.03662109375,0.06164569407701492
2176,NAOV,1,neutral,1,neutral,neutral,1,0,FinGPT-Llama-3-8B-LoRA,tfns,-10.16823673248291,0.09891381859779358,-7.980737209320068,0.8816088438034058,-11.79323673248291,0.01947728544473648
2177,Nexstar Media : Andy Alford #NexstarMedia #Stock #MarketScreener https://t.co/7676Cby6JX https://t.co/mCQbFmgJrt,1,neutral,1,neutral,Neutral,1,0,FinGPT-Llama-3-8B-LoRA,tfns,-11.007966041564941,0.12412983924150467,-9.132966041564941,0.8094282150268555,-11.632966041564941,0.06644191592931747
2178,"One Thing To Remember About The Allscripts Healthcare Solutions, Inc. (NASDAQ:MDRX) Share Price",1,neutral,1,neutral,neutral,1,0,FinGPT-Llama-3-8B-LoRA,tfns,-9.336749076843262,0.20378199219703674,-8.086749076843262,0.7112690210342407,-10.211749076843262,0.08494897186756134
2179,Options Trader Bets on Monster Micron Move,1,neutral,1,neutral,neutral,1,0,FinGPT-Llama-3-8B-LoRA,tfns,-7.838640213012695,0.3092344403266907,-7.463640213012695,0.4499334692955017,-8.088640213012695,0.24083203077316284
2180,PLUG Stock Remains Tantalizing and Vexing,1,neutral,1,neutral,Neutral,1,0,FinGPT-Llama-3-8B-LoRA,tfns,-10.931687355041504,0.13653022050857544,-9.181687355041504,0.7856771945953369,-11.494187355041504,0.07779257744550705
2181,PTVCA,1,neutral,1,neutral,neutral,1,0,FinGPT-Llama-3-8B-LoRA,tfns,-10.135583877563477,0.1166311725974083,-8.135583877563477,0.8617942929267883,-11.823083877563477,0.02157459780573845
2182,Saudi Aramco shares to start trading Dec. 11 - Tadawul exchange https://t.co/RW1cipUUmB https://t.co/HwDW4fo0AN,1,neutral,-1,UNPARSEABLE,,0,1,FinGPT-Llama-3-8B-LoRA,tfns,-12.059000968933105,0.03896084055304527,-9.184000968933105,0.6905973553657532,-10.121500968933105,0.27044180035591125
2183,"Setups and Watch List, 11/24: $STNE $SE $PAYC $NOW $SPLK $DOCU $RH $ROKU $AAXN $NVCR 

Following charts courtesy of… https://t.co/tCFycIVckn",1,neutral,1,neutral,neutral,1,0,FinGPT-Llama-3-8B-LoRA,tfns,-4.68257999420166,0.4499334990978241,-5.05757999420166,0.30923447012901306,-5.30757999420166,0.24083206057548523
2184,"Shareholders Rejoice? HBC, Canfor Proxy Wins Do Little for Stock",1,neutral,1,neutral,Neutral,1,0,FinGPT-Llama-3-8B-LoRA,tfns,-11.786317825317383,0.23445568978786469,-10.661317825317383,0.7221744060516357,-13.473817825317383,0.04336994141340256
2185,Should Community Bankers Trust (NASDAQ:ESXB) Be Disappointed With Their 99% Profit?,1,neutral,-1,UNPARSEABLE,,0,1,FinGPT-Llama-3-8B-LoRA,tfns,-9.15584659576416,0.20248731970787048,-7.84334659576416,0.7523316740989685,-10.65584659576416,0.0451810285449028
2186,Should CorEnergy Infrastructure Trust (NYSE:CORR) Be Disappointed With Their 39% Profit?,1,neutral,-1,UNPARSEABLE,,0,1,FinGPT-Llama-3-8B-LoRA,tfns,-7.357789516448975,0.30175819993019104,-6.607789516448975,0.638822078704834,-8.982789993286133,0.05941968038678169
2187,Should We Be Cautious About Franklin Street Properties Corp.'s (NYSEMKT:FSP) ROE Of 0.5%?,1,neutral,1,neutral,neutral,1,0,FinGPT-Llama-3-8B-LoRA,tfns,-8.31457805633545,0.2178954780101776,-7.064578056335449,0.7605299353599548,-10.62707805633545,0.02157457545399666
2188,"Should You Add These 3 Top-Performing Mutual Funds to Your Portfolio? - February 06, 2020",1,neutral,1,neutral,Neutral,1,0,FinGPT-Llama-3-8B-LoRA,tfns,-11.494873046875,0.03800332918763161,-8.369873046875,0.8649517893791199,-10.557373046875,0.09704490005970001
2189,"Should You Avoid Sykes Enterprises, Incorporated (SYKE)?",1,neutral,-1,UNPARSEABLE,,0,1,FinGPT-Llama-3-8B-LoRA,tfns,-9.295722961425781,0.2858867347240448,-8.420722961425781,0.6858066320419312,-11.608222961425781,0.028306622058153152
2190,Should You Be Excited About Allianz SE's (ETR:ALV) 10% Return On Equity?,1,neutral,-1,UNPARSEABLE,,0,1,FinGPT-Llama-3-8B-LoRA,tfns,-9.011274337768555,0.12799131870269775,-7.198774814605713,0.7840415835380554,-9.386274337768555,0.08796706795692444
2191,"Should You Be Excited About PulteGroup, Inc.'s (NYSE:PHM) 18% Return On Equity?",1,neutral,-1,UNPARSEABLE,,0,1,FinGPT-Llama-3-8B-LoRA,tfns,-8.623186111450195,0.12994568049907684,-6.8106865882873535,0.7960134744644165,-9.185686111450195,0.07404082268476486
2192,"Should You Be Tempted To Sell Galp Energia, SGPS, S.A. (ELI:GALP) Because Of Its P/E Ratio?",1,neutral,-1,UNPARSEABLE,,0,1,FinGPT-Llama-3-8B-LoRA,tfns,-15.005326271057129,0.0794929638504982,-12.567826271057129,0.9097487926483154,-17.005325317382812,0.010758212767541409
2193,Should You Be Tempted To Sell Michelmersh Brick Holdings plc (LON:MBH) Because Of Its P/E Ratio?,1,neutral,-1,UNPARSEABLE,,0,1,FinGPT-Llama-3-8B-LoRA,tfns,-13.584553718566895,0.08913391083478928,-11.272053718566895,0.9002205729484558,-15.709553718566895,0.010645526461303234
2194,"Should You Be Worried About Mistras Group, Inc.'s (NYSE:MG) 1.5% Return On Equity?",1,neutral,-1,UNPARSEABLE,,0,1,FinGPT-Llama-3-8B-LoRA,tfns,-10.958673477172852,0.1166311725974083,-8.958673477172852,0.8617942929267883,-12.646173477172852,0.02157459780573845
2195,Should You Buy Harmony Gold Mining Co.  (HMY)?,1,neutral,-1,UNPARSEABLE,,0,1,FinGPT-Llama-3-8B-LoRA,tfns,-7.416000843048096,0.20538918673992157,-6.103500843048096,0.7631133794784546,-9.291000366210938,0.031497467309236526
2196,Should You Buy Netgear on This Short-Term Guidance Miss?,1,neutral,1,neutral,Neutral,1,0,FinGPT-Llama-3-8B-LoRA,tfns,-10.020476341247559,0.45809873938560486,-9.895476341247559,0.5190938711166382,-13.020476341247559,0.022807393223047256
2197,"Should You Buy Weis Markets, Inc. (WMK)?",1,neutral,1,neutral,Neutral,1,0,FinGPT-Llama-3-8B-LoRA,tfns,-10.070350646972656,0.22458545863628387,-8.882850646972656,0.7363874316215515,-11.820350646972656,0.039027102291584015
2198,Should You Worry About NVE Corporation's (NASDAQ:NVEC) CEO Salary Level?,1,neutral,1,neutral,Neutral,1,0,FinGPT-Llama-3-8B-LoRA,tfns,-9.959868431091309,0.14562824368476868,-8.209868431091309,0.8380327224731445,-12.147368431091309,0.01633903756737709
2199,"Stks often pause at key res/sup levels. 1st touch of key level often fails, esp w/steep run into it. Let it consoli… https://t.co/cN0G1UYeKI",1,neutral,-1,UNPARSEABLE,,0,1,FinGPT-Llama-3-8B-LoRA,tfns,-9.39350700378418,0.5634856224060059,-9.76850700378418,0.38727763295173645,-11.83100700378418,0.04923682287335396
2200,Stock Market News: Netflix Climbs on Subscriber Data; Johnson & Johnson Looks Healthy,1,neutral,2,positive,Positive,0,0,FinGPT-Llama-3-8B-LoRA,tfns,-17.854541778564453,0.00377348018810153,-14.135791778564453,0.1555158495903015,-12.448291778564453,0.8407106995582581
2201,"Stock Performance Summary :: Intercontinental Exchange, Inc., (NYSE: ICE) - Times Of New York",1,neutral,1,neutral,Neutral,1,0,FinGPT-Llama-3-8B-LoRA,tfns,-9.941788673400879,0.19758780300617218,-8.629288673400879,0.7341277003288269,-11.004288673400879,0.06828451156616211
2202,"Stocks To Watch: Bharti Airtel, HUL, L&T Finance, NMDC, Tata Motors, Vodafone Idea",1,neutral,1,neutral,Neutral,1,0,FinGPT-Llama-3-8B-LoRA,tfns,-10.581676483154297,0.1383705884218216,-8.831676483154297,0.7962678074836731,-11.331676483154297,0.0653616413474083
2203,Taking A Look At Eastman Chemical Company's (NYSE:EMN) ROE,1,neutral,1,neutral,neutral,1,0,FinGPT-Llama-3-8B-LoRA,tfns,-7.884195804595947,0.2210450917482376,-6.759195804595947,0.6808668375015259,-8.696696281433105,0.09808811545372009
2204,The 3 Biggest Risks to Momo’s Stock,1,neutral,1,neutral,neutral,1,0,FinGPT-Llama-3-8B-LoRA,tfns,-8.469583511352539,0.5681872367858887,-8.782083511352539,0.41569462418556213,-12.032083511352539,0.016118230298161507
2205,There goes $ACST,1,neutral,1,neutral,Neutral,1,0,FinGPT-Llama-3-8B-LoRA,tfns,-11.001066207885742,0.16153481602668762,-9.376066207885742,0.8203415274620056,-13.188566207885742,0.018123703077435493
2206,These Stocks Could Bounce High in January and Beyond,1,neutral,2,positive,positive,0,0,FinGPT-Llama-3-8B-LoRA,tfns,-12.049551963806152,0.012111200951039791,-10.112051963806152,0.08406839519739151,-7.737051963806152,0.9038204550743103
2207,This Dividend Hero’s Too Cheap To Miss Right Now,1,neutral,2,positive,positive,0,0,FinGPT-Llama-3-8B-LoRA,tfns,-9.577878952026367,0.05501049757003784,-8.140378952026367,0.23160283267498016,-7.015379428863525,0.7133866548538208
2208,Three stocks to buy during the coronavirus crash - besides the usual suspects https://t.co/00GgjoZr9U,1,neutral,2,positive,Positive,0,0,FinGPT-Llama-3-8B-LoRA,tfns,-11.321356773376465,0.05779692158102989,-9.133856773376465,0.5151383876800537,-9.321356773376465,0.4270647168159485
2209,Top 5 Buys of John Rogers' Ariel Investment,1,neutral,1,neutral,Neutral,1,0,FinGPT-Llama-3-8B-LoRA,tfns,-10.612506866455078,0.054761774837970734,-8.112506866455078,0.6671350002288818,-8.987506866455078,0.278103232383728
2210,Top Technology Holdings of Warren Buffett's Berkshire Hathaway,1,neutral,1,neutral,Neutral,1,0,FinGPT-Llama-3-8B-LoRA,tfns,-9.438600540161133,0.13918370008468628,-7.751100540161133,0.7524199485778809,-9.688600540161133,0.10839637368917465
2211,"Toyota, AB InBev, Funko: Companies to Watch",1,neutral,1,neutral,Neutral,1,0,FinGPT-Llama-3-8B-LoRA,tfns,-11.122910499572754,0.11205338686704636,-9.122910499572754,0.8279687762260437,-11.747910499572754,0.05997785925865173
2212,"Trade Alert: The Independent Director Of Cerus Corporation (NASDAQ:CERS), Franklin Witney, Has Just Spent US$100k Buying Shares",1,neutral,1,neutral,Neutral,1,0,FinGPT-Llama-3-8B-LoRA,tfns,-12.058201789855957,0.0377669520676136,-8.933201789855957,0.8595718145370483,-11.058201789855957,0.10266122221946716
2213,"Translate Bio, Inc. (TBIO): Are Hedge Funds Right About This Stock?",1,neutral,1,neutral,Neutral,1,0,FinGPT-Llama-3-8B-LoRA,tfns,-9.838651657104492,0.20356804132461548,-8.526151657104492,0.7563470602035522,-11.463651657104492,0.040084924548864365
2214,Two Firms Are Clashing About the Fate of U.S. Small-Cap Stocks,1,neutral,1,neutral,Neutral,1,0,FinGPT-Llama-3-8B-LoRA,tfns,-11.726186752319336,0.2381150871515274,-10.601186752319336,0.7334461212158203,-13.851186752319336,0.028438791632652283
2215,VIS Containers Manufacturing (ATH:VIS) Has Debt But No Earnings; Should You Worry?,1,neutral,1,neutral,Neutral,1,0,FinGPT-Llama-3-8B-LoRA,tfns,-8.79399299621582,0.25413796305656433,-7.73149299621582,0.7353725433349609,-11.98149299621582,0.010489526204764843
2216,What Does KPS AG's (ETR:KSC) Share Price Indicate?,1,neutral,1,neutral,Neutral,1,0,FinGPT-Llama-3-8B-LoRA,tfns,-7.741919040679932,0.2576305568218231,-6.741919040679932,0.7003123760223389,-9.554418563842773,0.04205704852938652
2217,"What Does Reading International, Inc.'s (NASDAQ:RDI) Share Price Indicate?",1,neutral,1,neutral,Neutral,1,0,FinGPT-Llama-3-8B-LoRA,tfns,-8.816429138183594,0.2749975621700287,-7.941429138183594,0.6596848368644714,-10.253929138183594,0.06531764566898346
2218,What To Know Before Buying Flushing Financial Corporation (NASDAQ:FFIC) For Its Dividend,1,neutral,1,neutral,neutral,1,0,FinGPT-Llama-3-8B-LoRA,tfns,-8.647560119628906,0.455150306224823,-8.522560119628906,0.5157528519630432,-11.397560119628906,0.02909678779542446
2219,What You Must Know About Hingham Institution for Savings's (NASDAQ:HIFS) Beta Value,1,neutral,1,neutral,neutral,1,0,FinGPT-Llama-3-8B-LoRA,tfns,-5.743380069732666,0.23445568978786469,-4.618380069732666,0.7221744060516357,-7.430880069732666,0.04336994141340256
2220,Why value stocks surged more than growth stocks in 2019,1,neutral,-1,UNPARSEABLE,,0,1,FinGPT-Llama-3-8B-LoRA,tfns,-15.831846237182617,0.1288747638463974,-15.144346237182617,0.2562980651855469,-14.269346237182617,0.6148271560668945
2221,"Would Xiamen International Port Co., Ltd (HKG:3378) Be Valuable To Income Investors?",1,neutral,1,neutral,neutral,1,0,FinGPT-Llama-3-8B-LoRA,tfns,-8.631851196289062,0.2181568294763565,-7.444350719451904,0.7153090238571167,-9.819351196289062,0.06653407216072083
2222,$AQST - Aquestive readies equity offering; shares down 7% after hours https://t.co/mTUhau6lCg,0,negative,-1,UNPARSEABLE,,0,1,FinGPT-Llama-3-8B-LoRA,tfns,-11.005110740661621,0.781891405582428,-12.317610740661621,0.21044322848320007,-15.630110740661621,0.007665393874049187
2223,$CBAY - CymaBat halts trial of seladelpar; shares dip 4% https://t.co/0XHQXzW5ai,0,negative,-1,UNPARSEABLE,,0,1,FinGPT-Llama-3-8B-LoRA,tfns,-11.272249221801758,0.9407756924629211,-14.084749221801758,0.056497972458601,-17.115999221801758,0.0027263255324214697
2224,$CIM (-1.8% pre) Chimera Investment (CIM) Announces Public Offering of Convertible Senior Notes - SI https://t.co/icZf07FFnY,0,negative,0,negative,Negative,1,0,FinGPT-Llama-3-8B-LoRA,tfns,-10.897067070007324,0.7044731378555298,-11.772067070007324,0.29366809129714966,-16.83456802368164,0.001858833828009665
2225,$LNN - Lindsay -2% as COVID-19 impact 'remains uncertain' https://t.co/X5HppJ6i0k,0,negative,0,negative,Negative,1,0,FinGPT-Llama-3-8B-LoRA,tfns,-11.740793228149414,0.7969964742660522,-13.115793228149414,0.20151226222515106,-18.022043228149414,0.001491228467784822
2226,$MRNA - Moderna files for mixed shelf; shares down 8% after hours https://t.co/O9O0jyiytg,0,negative,0,negative,Negative,1,0,FinGPT-Llama-3-8B-LoRA,tfns,-11.248414039611816,0.813494086265564,-12.748414039611816,0.18151506781578064,-16.342164993286133,0.004990757443010807
2227,$TBPH - Theravance readies $150M stock offering; shares down 5% after hours https://t.co/YgYqnXrOnQ,0,negative,-1,UNPARSEABLE,,0,1,FinGPT-Llama-3-8B-LoRA,tfns,-10.850346565246582,0.7614010572433472,-12.037846565246582,0.23221418261528015,-15.631596565246582,0.006384736858308315
2228,$UBER shares down 3.7% after company loses London licence over safety failures https://t.co/mwRK6XOrbS https://t.co/l7lFNGWDRh,0,negative,0,negative,Negative,1,0,FinGPT-Llama-3-8B-LoRA,tfns,-10.812825202941895,0.9768551588058472,-14.625325202941895,0.021581541746854782,-17.25032615661621,0.0015633600996807218
2229,$WORK - Slack -5% after statement on IBM https://t.co/L71kecX7LL,0,negative,0,negative,Negative,1,0,FinGPT-Llama-3-8B-LoRA,tfns,-10.80785846710205,0.9570223093032837,-13.93285846710205,0.042048629373311996,-17.745357513427734,0.0009289760491810739
2230,Abiomed down 8% on guidance cut,0,negative,0,negative,Negative,1,0,FinGPT-Llama-3-8B-LoRA,tfns,-12.148770332336426,0.9838158488273621,-16.27376937866211,0.015901915729045868,-20.30501937866211,0.0002822928363457322
2231,Adamis Pharma -61% on FDA's Zimhi rejection,0,negative,0,negative,Negative,1,0,FinGPT-Llama-3-8B-LoRA,tfns,-10.129989624023438,0.9545620083808899,-13.192489624023438,0.044645462185144424,-17.223739624023438,0.0007925518439151347
2232,Afya -3.4% on offering of class A common shares,0,negative,0,negative,Negative,1,0,FinGPT-Llama-3-8B-LoRA,tfns,-11.794646263122559,0.8923464417457581,-13.919646263122559,0.10657558590173721,-18.513397216796875,0.0010779957519844174
2233,Akoustis down 13% on pricing equity offering,0,negative,0,negative,Negative,1,0,FinGPT-Llama-3-8B-LoRA,tfns,-12.710653305053711,0.9666240215301514,-16.08565330505371,0.033076055347919464,-20.78877830505371,0.00029989724862389266
2234,Applied Genetic Tech down 7% premarket after pricing equity offering,0,negative,0,negative,Negative,1,0,FinGPT-Llama-3-8B-LoRA,tfns,-9.714584350585938,0.9843325614929199,-13.902084350585938,0.014946299605071545,-16.933334350585938,0.0007212379132397473
2235,"As Kohl's shares plunge, Cramer calls out CEO for glossing over why earnings missed estimates",0,negative,0,negative,Negative,1,0,FinGPT-Llama-3-8B-LoRA,tfns,-11.743664741516113,0.8505539894104004,-13.493664741516113,0.1478041112422943,-17.993663787841797,0.0016419569728896022
2236,Athenex down 17% on oral paclitaxel data,0,negative,0,negative,Negative,1,0,FinGPT-Llama-3-8B-LoRA,tfns,-12.162074089050293,0.9752770066261292,-15.849574089050293,0.024415582418441772,-20.22457504272461,0.00030734651954844594
2237,Becton Dickinson's stock tumbles 11% premarket after Q1 results,0,negative,0,negative,Negative,1,0,FinGPT-Llama-3-8B-LoRA,tfns,-11.034416198730469,0.9793652296066284,-14.909416198730469,0.020326076075434685,-19.09691619873047,0.00030863520805723965
2238,"Becton Dickinson's stock tumbles, as lowered earnings guidance offsets profit beat",0,negative,0,negative,Negative,1,0,FinGPT-Llama-3-8B-LoRA,tfns,-11.348432540893555,0.8980500102043152,-13.535932540893555,0.10075841844081879,-17.973432540893555,0.0011915151262655854
2239,"Becton, Dickinson slips 9% on lowered guidance",0,negative,0,negative,Negative,1,0,FinGPT-Llama-3-8B-LoRA,tfns,-11.281002044677734,0.9701668620109558,-14.781002044677734,0.029296500608325005,-18.781002044677734,0.000536584120709449
2240,Cabot Microelectronics tanks on soft guidance,0,negative,0,negative,Negative,1,0,FinGPT-Llama-3-8B-LoRA,tfns,-10.480963706970215,0.9791370630264282,-14.355963706970215,0.02032134123146534,-17.98096466064453,0.0005415448686107993
2241,Checkpoint Therapeutics down 14% after hours on equity offering,0,negative,0,negative,Negative,1,0,FinGPT-Llama-3-8B-LoRA,tfns,-11.472129821777344,0.9879051446914673,-15.909629821777344,0.011682437732815742,-19.253379821777344,0.0004124404804315418
2242,Ciena Corp. shares slide after earnings miss,0,negative,0,negative,Negative,1,0,FinGPT-Llama-3-8B-LoRA,tfns,-11.848596572875977,0.9700976610183716,-15.348596572875977,0.029294410720467567,-19.223596572875977,0.0006079860613681376
2243,Ether Turns Negative For the Year as Crypto Sell-Off Accelerates,0,negative,0,negative,Negative,1,0,FinGPT-Llama-3-8B-LoRA,tfns,-8.537138938903809,0.9426539540290833,-11.349638938903809,0.056610770523548126,-15.693388938903809,0.0007352456450462341
2244,GoPro's stock tumbles 13% premarket after Q4 results late Wednesday,0,negative,0,negative,Negative,1,0,FinGPT-Llama-3-8B-LoRA,tfns,-11.34803581237793,0.9806246161460876,-15.28553581237793,0.0191191378980875,-19.59803581237793,0.00025619653752073646
2245,"Irish bank and real-estate stocks fall after a strong electoral showing for Sinn in, a left-wing nationalist part... https://t.co/dfReOhhlBX",0,negative,0,negative,Negative,1,0,FinGPT-Llama-3-8B-LoRA,tfns,-10.857083320617676,0.832550585269928,-12.482083320617676,0.16393890976905823,-16.32583236694336,0.003510452574118972
2246,"JUST IN: Slack shares halted for pending news.

https://t.co/jn8limUSe7",0,negative,1,neutral,Neutral,0,0,FinGPT-Llama-3-8B-LoRA,tfns,-11.02411937713623,0.1515885889530182,-9.33661937713623,0.8194801807403564,-12.68036937713623,0.028931189328432083
2247,"KL, CBAY among premarket losers",0,negative,0,negative,Negative,1,0,FinGPT-Llama-3-8B-LoRA,tfns,-7.576489448547363,0.9488729238510132,-10.513989448547363,0.050288423895835876,-14.607739448547363,0.0008386389235965908
2248,Kohl's -11% after profit view slashed,0,negative,0,negative,Negative,1,0,FinGPT-Llama-3-8B-LoRA,tfns,-11.467835426330566,0.9873636364936829,-15.842835426330566,0.012429074384272099,-19.936586380004883,0.0002072742354357615
2249,Kohl's stock drops 10% after it cuts guidance,0,negative,0,negative,Negative,1,0,FinGPT-Llama-3-8B-LoRA,tfns,-12.209816932678223,0.9773933291435242,-15.991066932678223,0.022278880700469017,-20.209815979003906,0.0003278792428318411
2250,Macy’s shares sink after date-breach reports,0,negative,0,negative,Negative,1,0,FinGPT-Llama-3-8B-LoRA,tfns,-12.028793334960938,0.9643563628196716,-15.341293334960938,0.03512667864561081,-19.560043334960938,0.0005169603391550481
2251,Mahindra & Mahindra shares head for their steepest decline in more than a decade after surprise drop in earnings https://t.co/RyNmr09Ei7,0,negative,0,negative,Negative,1,0,FinGPT-Llama-3-8B-LoRA,tfns,-8.874573707580566,0.9634575247764587,-12.187073707580566,0.035093940794467926,-15.374573707580566,0.0014484997373074293
2252,Myriad Genetics slips 27% premarket after weak FQ2 and guidance cut,0,negative,0,negative,Negative,1,0,FinGPT-Llama-3-8B-LoRA,tfns,-9.804805755615234,0.9870457649230957,-14.179805755615234,0.012425072491168976,-17.336055755615234,0.0005291234119795263
2253,New York Mortgage Trust sinks 2.7% after announcing capital raise,0,negative,0,negative,Negative,1,0,FinGPT-Llama-3-8B-LoRA,tfns,-11.228658676147461,0.9815284013748169,-15.228658676147461,0.017977319657802582,-18.82240867614746,0.0004942869418300688
2254,"Nio's stock falls after January deliveries decline on coronavirus, New Years holiday timing effects",0,negative,0,negative,Negative,1,0,FinGPT-Llama-3-8B-LoRA,tfns,-12.422259330749512,0.9730322360992432,-16.047258377075195,0.025930454954504967,-19.266008377075195,0.001037348760291934
2255,Organogenesis -8.9% amid 9M-share offering,0,negative,0,negative,Negative,1,0,FinGPT-Llama-3-8B-LoRA,tfns,-12.011528968811035,0.880020797252655,-14.011528968811035,0.11909785866737366,-18.91777801513672,0.0008813472231850028
2256,PagSeguro slides 4.5% after Q3 disappoints,0,negative,0,negative,Negative,1,0,FinGPT-Llama-3-8B-LoRA,tfns,-11.418476104736328,0.9685604572296143,-14.855976104736328,0.03113432601094246,-19.480976104736328,0.0003052302054129541
2257,Post Holdings -4% after earnings miss,0,negative,0,negative,Negative,1,0,FinGPT-Llama-3-8B-LoRA,tfns,-11.842686653137207,0.9906808733940125,-16.53018569946289,0.009123864583671093,-20.37393569946289,0.00019537066691555083
2258,PTC Therapeutics down 6% premarket on risidplam data,0,negative,0,negative,Negative,1,0,FinGPT-Llama-3-8B-LoRA,tfns,-10.951216697692871,0.9854314923286438,-15.201216697692871,0.014056425541639328,-18.513717651367188,0.0005120048299431801
2259,"QD, HEXO among premarket losers",0,negative,0,negative,Negative,1,0,FinGPT-Llama-3-8B-LoRA,tfns,-9.169611930847168,0.9353217482566833,-11.857111930847168,0.06364944577217102,-15.982111930847168,0.0010287973564118147
2260,Roku -5.1% after filing to offer up to 1M shares,0,negative,0,negative,Negative,1,0,FinGPT-Llama-3-8B-LoRA,tfns,-11.725193977355957,0.9881278872489929,-16.19394302368164,0.011325571686029434,-19.22519302368164,0.0005465185968205333
2261,Roku shares dropped after it notified users that FOX channels will be not accessible for the Super Bowl https://t.co/W8JTisSnaC,0,negative,0,negative,Negative,1,0,FinGPT-Llama-3-8B-LoRA,tfns,-10.980101585388184,0.9586914777755737,-14.167601585388184,0.039569925516843796,-17.292600631713867,0.0017385827377438545
2262,Roku stock falls after disclosure of shareholder resales,0,negative,0,negative,Negative,1,0,FinGPT-Llama-3-8B-LoRA,tfns,-12.280556678771973,0.9716054201126099,-15.843056678771973,0.027562325820326805,-19.34305763244629,0.0008323093061335385
2263,SES shares tumble 20% after FCC chairman voices support for public airwaves sale,0,negative,0,negative,Negative,1,0,FinGPT-Llama-3-8B-LoRA,tfns,-11.300374984741211,0.9685210585594177,-14.737874984741211,0.03113306127488613,-19.23787498474121,0.000345857028150931
2264,Slack shares slump as Microsoft continues to make corporate inroads,0,negative,0,negative,Negative,1,0,FinGPT-Llama-3-8B-LoRA,tfns,-10.988672256469727,0.9621277451515198,-14.238672256469727,0.037305738776922226,-18.426172256469727,0.0005664577474817634
2265,SunPower's stock sinks after plans to sell 22 million shares to the public,0,negative,0,negative,Negative,1,0,FinGPT-Llama-3-8B-LoRA,tfns,-12.415786743164062,0.9574981927871704,-15.540786743164062,0.042069535702466965,-20.118911743164062,0.00043222837848588824
2266,"Synthetic Biologics, Inc. (SYN) Sinks -4.79% Today: Breaking Down The Root Causes - Find News",0,negative,0,negative,Negative,1,0,FinGPT-Llama-3-8B-LoRA,tfns,-9.431828498840332,0.9543471932411194,-12.494328498840332,0.04463541507720947,-16.27557945251465,0.0010174267226830125
2267,"Taco Bell, KFC parent Yum Brands' stock drops after profit misses but revenue beat",0,negative,0,negative,Negative,1,0,FinGPT-Llama-3-8B-LoRA,tfns,-11.212047576904297,0.82447350025177,-12.774547576904297,0.17281903326511383,-16.930797576904297,0.002707416657358408
2268,Tesla -3% as China slowdown factors in,0,negative,0,negative,Negative,1,0,FinGPT-Llama-3-8B-LoRA,tfns,-10.65125846862793,0.9828442335128784,-14.71375846862793,0.016910769045352936,-18.94813346862793,0.0002450178435537964
2269,Tesla falls more than 6% after Cybertruck flub—Cramer and other pros talk prospects $TSLA (via @TradingNation) https://t.co/6KwIqJa65g,0,negative,0,negative,Negative,1,0,FinGPT-Llama-3-8B-LoRA,tfns,-11.965559005737305,0.9723250269889832,-15.590559005737305,0.025911584496498108,-18.278059005737305,0.0017633053939789534
2270,"Tesla's stock falls again, extends pullback to 22%",0,negative,0,negative,Negative,1,0,FinGPT-Llama-3-8B-LoRA,tfns,-10.442747116088867,0.8865715861320496,-12.505247116088867,0.11271491646766663,-17.567747116088867,0.0007134533952921629
2271,"Twilio Crushes Q4 Expectations, Shares Fall 7% on Modest Bottom-Line Guidance",0,negative,0,negative,Negative,1,0,FinGPT-Llama-3-8B-LoRA,tfns,-10.684621810913086,0.8405061960220337,-12.372121810913086,0.15547801554203033,-16.028371810913086,0.004015871323645115
2272,"Tyson Foods -4% after chicken, beef sales disappoint",0,negative,0,negative,Negative,1,0,FinGPT-Llama-3-8B-LoRA,tfns,-11.719646453857422,0.9930058717727661,-16.719646453857422,0.006690821144729853,-19.813396453857422,0.0003033059183508158
2273,"Uber's $UBER share price is down approximately 29% since its IPO in May 2019, while the S&P 500 is up nearly 8% dur… https://t.co/V7eqP2opTW",0,negative,0,negative,Negative,1,0,FinGPT-Llama-3-8B-LoRA,tfns,-9.902444839477539,0.927114725112915,-12.464944839477539,0.07149141281843185,-16.40244483947754,0.001393860555253923
2274,Varonis -6% on wider-than-expected loss forecast,0,negative,0,negative,Negative,1,0,FinGPT-Llama-3-8B-LoRA,tfns,-11.709334373474121,0.9092411398887634,-14.021834373474121,0.09002707153558731,-18.834335327148438,0.0007316956762224436
2275,Woodward ~6% post Q4 earnings miss,0,negative,0,negative,Negative,1,0,FinGPT-Llama-3-8B-LoRA,tfns,-12.189594268798828,0.6072033047676086,-12.627094268798828,0.3920398950576782,-18.877094268798828,0.0007568150758743286
2276,WWE -3.1% amid two-notch cut at Wells Fargo,0,negative,0,negative,Negative,1,0,FinGPT-Llama-3-8B-LoRA,tfns,-11.064146041870117,0.9699300527572632,-14.564146041870117,0.029289349913597107,-18.189146041870117,0.0007805347559042275
2277,WWE Plunges After Sales Forecast Uncovers Dismal Fan Engagement,0,negative,0,negative,Negative,1,0,FinGPT-Llama-3-8B-LoRA,tfns,-11.23060131072998,0.9664580225944519,-14.60560131072998,0.03307037428021431,-18.855602264404297,0.00047172309132292867
2278,"Zoom shares slip over security concerns, rising competition https://t.co/9LgzbL552F https://t.co/VSENzzofYP",0,negative,0,negative,Negative,1,0,FinGPT-Llama-3-8B-LoRA,tfns,-11.011484146118164,0.9220297336578369,-13.511484146118164,0.0756848081946373,-17.011484146118164,0.002285483293235302
2279,"Zoom shares slip over security concerns, rising competition https://t.co/u0l97LVQDa https://t.co/dcVT5Zzh2L",0,negative,0,negative,Negative,1,0,FinGPT-Llama-3-8B-LoRA,tfns,-11.015676498413086,0.9175509810447693,-13.453176498413086,0.08017470687627792,-17.015676498413086,0.002274381695315242
2280,$AAPL (+0.2% pre) Apple to expand operations in India: IT minister https://t.co/1DmAytdTR0,2,positive,2,positive,Positive,1,0,FinGPT-Llama-3-8B-LoRA,tfns,-13.271727561950684,0.012113898061215878,-10.834227561950684,0.13863623142242432,-9.021727561950684,0.8492498397827148
2281,"$AAXN gapped up on earnings, up 24.57% on 6x average volume. It cleared the top of its earnings gap up at 71. On wa… https://t.co/1e7NB4TsUa",2,positive,2,positive,Positive,1,0,FinGPT-Llama-3-8B-LoRA,tfns,-12.380170822143555,0.005805365741252899,-11.255170822143555,0.017881784588098526,-7.2551703453063965,0.9763128757476807
2282,$AVDL (+2.7% pre) Avadel Pharmaceuticals Achieves Enrollment Target in REST-ON Phase 3 Pivotal Trial of FT218 for E… https://t.co/sz4WqZbAac,2,positive,2,positive,Positive,1,0,FinGPT-Llama-3-8B-LoRA,tfns,-13.174779891967773,0.010779093019664288,-12.612279891967773,0.01891789771616459,-8.674779891967773,0.9703029990196228
2283,$BXRX - Baudax Bio +7% premarket on Anjeso launch in U.S. https://t.co/2hI5uKFCHw,2,positive,2,positive,Positive,1,0,FinGPT-Llama-3-8B-LoRA,tfns,-16.63705062866211,0.003687363350763917,-16.26205062866211,0.00536508159711957,-11.04330062866211,0.9909475445747375
2284,$CANF (+20.3% pre) Can-Fite BioPharma (CANF) Announces Positive Top Line Results from its Phase II NASH Study with… https://t.co/HLKZq00QPy,2,positive,2,positive,Positive,1,0,FinGPT-Llama-3-8B-LoRA,tfns,-12.770262718200684,0.01866568624973297,-12.520262718200684,0.023967215791344643,-8.832762718200684,0.9573670625686646
2285,$CC $MMM $DD - PFAS chemical makers climb as Congress makes no decision https://t.co/cthudaPdFL,2,positive,2,positive,Positive,1,0,FinGPT-Llama-3-8B-LoRA,tfns,-14.37613296508789,0.010481158271431923,-12.40738296508789,0.07506310194730759,-9.90738296508789,0.914455771446228
2286,$CGC - Canopy Growth +4% premarket on new cannabis license for Smiths Falls facility https://t.co/FYvMKq9dAf,2,positive,2,positive,Positive,1,0,FinGPT-Llama-3-8B-LoRA,tfns,-15.974924087524414,0.003686087904497981,-15.537424087524414,0.005709124729037285,-10.381174087524414,0.990604817867279
2287,$DPW (+90.0% pre) DPW Holdings Announces That Its Coolisys Power Electronics Business Sees Increased Offshore Manuf… https://t.co/DwW8Lz0dDd,2,positive,2,positive,Positive,1,0,FinGPT-Llama-3-8B-LoRA,tfns,-12.415850639343262,0.02000844106078148,-11.103350639343262,0.07434038072824478,-8.603350639343262,0.9056512117385864
2288,$ENOB (+17.5% pre) Enochian Biosciences (ENOB) Expands Infectious Disease Pipeline by Entering Pact to Acquire Excl… https://t.co/NP7PYIkHtt,2,positive,-1,UNPARSEABLE,,0,1,FinGPT-Llama-3-8B-LoRA,tfns,-11.622247695922852,0.03297944366931915,-10.997247695922852,0.06161370873451233,-8.309747695922852,0.9054068326950073
2289,"$HCHC (+5.7% pre) HC2 Holdings (HCHC) in Advanced Discussions to Sell Continental Insurance, Retains Advisor to Exp… https://t.co/a36tqbUnUy",2,positive,2,positive,Positive,1,0,FinGPT-Llama-3-8B-LoRA,tfns,-11.12392520904541,0.05917879194021225,-9.81142520904541,0.21987588703632355,-8.62392520904541,0.7209452986717224
2290,$ICPT - FDA OKs Intercept’s NDA for obeticholic acid; shares up 5% premarket https://t.co/VgfLhFDoWm,2,positive,2,positive,Positive,1,0,FinGPT-Llama-3-8B-LoRA,tfns,-14.277100563049316,0.0045908973552286625,-14.402100563049316,0.004051452502608299,-8.902100563049316,0.991357684135437
2291,"$JAN (+92.2% pre) JanOne entered into a Patent and Know How License Agreement with UAB Research Foundation, TheraVa… https://t.co/lNeVmJnG1c",2,positive,-1,UNPARSEABLE,,0,1,FinGPT-Llama-3-8B-LoRA,tfns,-11.568117141723633,0.03725766763091087,-10.443117141723633,0.11476168781518936,-8.443117141723633,0.8479805588722229
2292,"$JKHY day highs and clearing resistance, name not far from its record highs",2,positive,2,positive,Positive,1,0,FinGPT-Llama-3-8B-LoRA,tfns,-13.723631858825684,0.004778020549565554,-10.848631858825684,0.08469244092702866,-8.473631858825684,0.910529613494873
2293,$KOD $REGN - Kodiak Sciences up 9% on positive early-stage KSI-301 data https://t.co/Dixe4svpxG,2,positive,2,positive,Positive,1,0,FinGPT-Llama-3-8B-LoRA,tfns,-16.24620819091797,0.0033511158544570208,-15.433709144592285,0.0075518484227359295,-10.558709144592285,0.989096999168396
2294,"$LIVX (+16.8% pre) LiveXLive Media (LIVX), Samsung Announce Production And Distribution Partnership - SI - SI https://t.co/us7jsZ5apN",2,positive,2,positive,Positive,1,0,FinGPT-Llama-3-8B-LoRA,tfns,-13.328573226928711,0.01719639077782631,-12.391073226928711,0.04391252249479294,-9.328573226928711,0.9388911128044128
2295,$LMNX - Luminex Q1 revenue tops guidance; shares up 7% after hours https://t.co/plWYnRO6A1,2,positive,2,positive,Positive,1,0,FinGPT-Llama-3-8B-LoRA,tfns,-15.290352821350098,0.004306009039282799,-14.977852821350098,0.005885615944862366,-9.852852821350098,0.9898084998130798
2296,"$M (+11.7% pre) Macy's finance chief Paula Price to step down in May - SI

https://t.co/qKgwR2a9Ft",2,positive,2,positive,Positive,1,0,FinGPT-Llama-3-8B-LoRA,tfns,-10.107351303100586,0.22503623366355896,-9.732351303100586,0.3274257779121399,-9.419851303100586,0.44753798842430115
2297,"$MGI (+4.2% pre) Ripple Makes Investment in MoneyGram Equity to Complete Original Investment Commitment, Expansion… https://t.co/CbJ8u15z83",2,positive,-1,UNPARSEABLE,,0,1,FinGPT-Llama-3-8B-LoRA,tfns,-12.423251152038574,0.017676664516329765,-10.423251152038574,0.13061387836933136,-8.548251152038574,0.8517094254493713
2298,$MTH - Meritage Homes 1Q20 orders rise 23% Y/Y; shares up ~20% https://t.co/wByVa9hi30,2,positive,2,positive,Positive,1,0,FinGPT-Llama-3-8B-LoRA,tfns,-14.506868362426758,0.00800503883510828,-14.631868362426758,0.007064420729875565,-9.694368362426758,0.9849305152893066
2299,$NSPR - InspireMD chief to step down; shares up 3% https://t.co/nw4ii9SQFu,2,positive,-1,UNPARSEABLE,,0,1,FinGPT-Llama-3-8B-LoRA,tfns,-14.57060432434082,0.01259351335465908,-14.22685432434082,0.017759699374437332,-10.22685432434082,0.9696467518806458
2300,$NTLA $EDIT $CRSP - Intellia up 5% on new data from CRSPR/Cas9 programs https://t.co/We4Yiy0bs8,2,positive,2,positive,Positive,1,0,FinGPT-Llama-3-8B-LoRA,tfns,-16.25227165222168,0.00444125896319747,-15.93977165222168,0.006070480681955814,-10.84602165222168,0.9894882440567017
2301,$NVCR shows institutional accumulation with blue skyscraper last week and closing near highs. Forms a cup base with… https://t.co/s6fdABDVVW,2,positive,2,positive,Positive,1,0,FinGPT-Llama-3-8B-LoRA,tfns,-11.738760948181152,0.007859744131565094,-8.551260948181152,0.19042417407035828,-7.113760471343994,0.8017160892486572
2302,$ONVO - Organovo stockholders nix Tarveda merger; shares up 2% after hours https://t.co/3tGA8kVpl2,2,positive,-1,UNPARSEABLE,,0,1,FinGPT-Llama-3-8B-LoRA,tfns,-14.60779094696045,0.014574498869478703,-14.04529094696045,0.025579040870070457,-10.42029094696045,0.9598464965820312
2303,$PACD Added + shares on pullback. BORR +130% they will find this sympathy play very soon. Money will flow into this… https://t.co/0PTZlnV1ps,2,positive,2,positive,Positive,1,0,FinGPT-Llama-3-8B-LoRA,tfns,-11.123640060424805,0.016098134219646454,-9.248640060424805,0.10497302561998367,-7.1236395835876465,0.8789287805557251
2304,"$PSTI (+56.3% pre) Pluristem Reports Preliminary Data from its COVID-19 Compassionate Use Program, Treating Seven P… https://t.co/hke1zV8mkt",2,positive,-1,UNPARSEABLE,,0,1,FinGPT-Llama-3-8B-LoRA,tfns,-12.549137115478516,0.0388370156288147,-11.861637115478516,0.07723662257194519,-9.424137115478516,0.8839263916015625
2305,$SRNE (+36.3% pre) Sorrento Therapeutics shares soar 25% after it rejects offer from two companies - MW https://t.co/5WB1nxwKVn,2,positive,2,positive,Positive,1,0,FinGPT-Llama-3-8B-LoRA,tfns,-15.337373733520508,0.007512735202908516,-15.212373733520508,0.008513044565916061,-10.462373733520508,0.9839741587638855
2306,"$SSL $CHMI $CANF - RTX, SKT among premarket gainers https://t.co/YC36Ef6fZt",2,positive,2,positive,Positive,1,0,FinGPT-Llama-3-8B-LoRA,tfns,-13.912484169006348,0.007279074285179377,-12.224984169006348,0.03935030847787857,-9.037484169006348,0.9533706307411194
2307,"$STZ (+4.9% pre) UBS Upgrades Constellation Brands (STZ) to Buy, $180 PT

https://t.co/y3Tfnn7kfo",2,positive,2,positive,Positive,1,0,FinGPT-Llama-3-8B-LoRA,tfns,-14.303336143493652,0.0024619395844638348,-13.740836143493652,0.004320838488638401,-8.303336143493652,0.9932172894477844
2308,"$TIF (+5.6% pre) LVMH aims to restore Tiffany's sparkle with $16.2 billion takeover - Reuters

https://t.co/6rlL3xPZWj",2,positive,2,positive,Positive,1,0,FinGPT-Llama-3-8B-LoRA,tfns,-13.149063110351562,0.013186348602175713,-10.586563110351562,0.17100316286087036,-9.024063110351562,0.81581050157547
2309,$TSLA +7% in pm (BLOG IDEA). Breaking out of the bullish flag that i mentioned several times last week.,2,positive,2,positive,Positive,1,0,FinGPT-Llama-3-8B-LoRA,tfns,-13.61850643157959,0.0033418547827750444,-12.49350643157959,0.010293637402355671,-7.93100643157959,0.986364483833313
2310,"$VRNS (+0.0% pre) Varonis Systems reports preliminary Q1 - SA

https://t.co/ORtdEEogHg",2,positive,-1,UNPARSEABLE,0,0,1,FinGPT-Llama-3-8B-LoRA,tfns,-8.880218505859375,0.05933221057057381,-7.130218029022217,0.34143343567848206,-6.567718029022217,0.599234402179718
2311,"$XOM (+5.8% pre) Exxon cuts full-year capex forecast by 30%, maintains long-term outlook - SA

https://t.co/zXwoE1Emyq",2,positive,-1,UNPARSEABLE,,0,1,FinGPT-Llama-3-8B-LoRA,tfns,-8.410974502563477,0.35424932837486267,-9.410974502563477,0.13032104074954987,-8.035974502563477,0.515429675579071
2312,$ZIOP (+6.4% pre) Ziopharm Oncology Presents Encouraging Clinical Data for Controlled IL-12 for the Treatment of Re… https://t.co/F5WFn7CrP6,2,positive,2,positive,Positive,1,0,FinGPT-Llama-3-8B-LoRA,tfns,-13.887195587158203,0.015474398620426655,-13.324695587158203,0.02715841680765152,-9.762195587158203,0.9573671817779541
2313,"$ZS (+3.6% pre) BofA/Merrill Lynch Upgrades Zscaler (ZS) to Buy; Cyber Security Opportunity Too Big to Ignore, $68… https://t.co/CJBmEfW5tG",2,positive,-1,UNPARSEABLE,,0,1,FinGPT-Llama-3-8B-LoRA,tfns,-12.974085807800293,0.0065870932303369045,-12.099085807800293,0.01580161415040493,-7.974085807800293,0.9776113033294678
2314,AbbVie stock jumps 2.6% premarket,2,positive,2,positive,Positive,1,0,FinGPT-Llama-3-8B-LoRA,tfns,-16.84125328063965,0.001360535272397101,-15.591254234313965,0.004748730454593897,-10.247504234313965,0.9938907623291016
2315,AIA's announcement of a new CEO sends shares higher in Hong Kong https://t.co/vVmrVJVl90 https://t.co/6sb0BnZHx6,2,positive,2,positive,Positive,1,0,FinGPT-Llama-3-8B-LoRA,tfns,-15.122065544128418,0.007001813501119614,-14.247065544128418,0.016796479001641273,-10.184565544128418,0.9762017726898193
2316,AMC Entertainment rallies after big Frozen 2 weekend,2,positive,2,positive,Positive,1,0,FinGPT-Llama-3-8B-LoRA,tfns,-15.66189956665039,0.0031438213773071766,-14.59939956665039,0.009096948429942131,-9.91189956665039,0.9877592921257019
2317,"ArcelorMittal shares surge on higher operating profit, dividend than expected",2,positive,2,positive,Positive,1,0,FinGPT-Llama-3-8B-LoRA,tfns,-16.19048309326172,0.006702828221023083,-14.721733093261719,0.02911575697362423,-11.221733093261719,0.9641814231872559
2318,Argo Group gains 2.2% after moving to refresh board,2,positive,2,positive,Positive,1,0,FinGPT-Llama-3-8B-LoRA,tfns,-17.0244197845459,0.0031545599922537804,-16.4306697845459,0.005712170619517565,-11.274419784545898,0.9911332726478577
2319,Athenex up 28% on expected positive data on oral paclitaxel,2,positive,2,positive,Positive,1,0,FinGPT-Llama-3-8B-LoRA,tfns,-18.708635330200195,0.0012362597044557333,-16.989885330200195,0.006895303260535002,-12.021135330200195,0.9918683767318726
2320,Aurora beefs up leadership team; shares up 3% premarket,2,positive,2,positive,Positive,1,0,FinGPT-Llama-3-8B-LoRA,tfns,-15.711957931518555,0.006128157954663038,-12.586957931518555,0.1394762545824051,-10.774457931518555,0.8543955683708191
2321,Bill.com +72% in trading debut,2,positive,2,positive,Positive,1,0,FinGPT-Llama-3-8B-LoRA,tfns,-13.659762382507324,0.002704246435314417,-9.659762382507324,0.14764684438705444,-7.909762382507324,0.8496489524841309
2322,BioLineRx reports data on triple combination arm of COMBAT/KEYNOTE-202 study; shares up 21% premarket,2,positive,2,positive,Positive,1,0,FinGPT-Llama-3-8B-LoRA,tfns,-15.479650497436523,0.007812872529029846,-14.104650497436523,0.030900508165359497,-10.667150497436523,0.9612866044044495
2323,Brazil broker XP surges in debut after $1.96 billion U.S. IPO https://t.co/JCpfrpsjX4 via @business https://t.co/WTr4j8LUbO,2,positive,2,positive,Positive,1,0,FinGPT-Llama-3-8B-LoRA,tfns,-13.38488483428955,0.00653756083920598,-11.29113483428955,0.05305420607328415,-8.41613483428955,0.9404082298278809
2324,Bristol-Myers +3% premarket on Q4 beat,2,positive,2,positive,Positive,1,0,FinGPT-Llama-3-8B-LoRA,tfns,-15.252542495727539,0.003361100098118186,-14.940042495727539,0.004594079218804836,-9.565042495727539,0.9920448064804077
2325,Canopy Growth +4% premarket on new cannabis license for Smiths Falls facility,2,positive,2,positive,Positive,1,0,FinGPT-Llama-3-8B-LoRA,tfns,-16.601991653442383,0.002691760193556547,-15.445741653442383,0.008554396219551563,-10.695741653442383,0.9887537956237793
2326,Carnival's stock soars after Saudi sovereign wealth fund takes stake in the crippled cruise company https://t.co/IFYPXCDpja,2,positive,2,positive,Positive,1,0,FinGPT-Llama-3-8B-LoRA,tfns,-13.757585525512695,0.006221224553883076,-13.195085525512695,0.010918590240180492,-8.695085525512695,0.9828601479530334
2327,Co-Diagnostics up 36% on coronavirus test sales,2,positive,2,positive,Positive,1,0,FinGPT-Llama-3-8B-LoRA,tfns,-17.820262908935547,0.0016944283852353692,-17.039012908935547,0.0037009716033935547,-11.445262908935547,0.9946046471595764
2328,Eidos up 13% on sustained benefit of AG10 in ATTR-CM,2,positive,2,positive,Positive,1,0,FinGPT-Llama-3-8B-LoRA,tfns,-16.584497451782227,0.005455558188259602,-15.396997451782227,0.017888085916638374,-11.396997451782227,0.9766563773155212
2329,Endonovo up 35% on SofPulse collaboration,2,positive,2,positive,Positive,1,0,FinGPT-Llama-3-8B-LoRA,tfns,-16.963891983032227,0.005449266172945499,-15.71389102935791,0.019019825384020805,-11.77639102935791,0.9755309224128723
2330,Extreme Networks stock up 2.6% premarket,2,positive,2,positive,Positive,1,0,FinGPT-Llama-3-8B-LoRA,tfns,-17.334308624267578,0.002166211139410734,-16.084308624267578,0.007560820318758488,-11.209307670593262,0.9902729392051697
2331,"Gap ticks higher despite lowered full-year comps, which point to a bah humbug holiday quarter https://t.co/M4f8u4Zza2 $GPS",2,positive,2,positive,Positive,1,0,FinGPT-Llama-3-8B-LoRA,tfns,-11.683815956115723,0.09214621782302856,-11.746315956115723,0.0865633636713028,-9.496315956115723,0.8212903738021851
2332,Intelsat +10%; Height expects C-band payout to rise,2,positive,2,positive,Positive,1,0,FinGPT-Llama-3-8B-LoRA,tfns,-16.63623046875,0.0025522697251290083,-13.479981422424316,0.059933289885520935,-10.729981422424316,0.9375144243240356
2333,"Intelsat's stock bounces 6.6% premarket, after plummeting 55% over the past 2 days to 19-mo. low",2,positive,2,positive,Positive,1,0,FinGPT-Llama-3-8B-LoRA,tfns,-15.966165542602539,0.0074714734219014645,-15.341165542602539,0.013958550058305264,-11.091165542602539,0.9785699844360352
2334,Kodiak Sciences up 9% on positive early-stage KSI-301 data,2,positive,2,positive,Positive,1,0,FinGPT-Llama-3-8B-LoRA,tfns,-18.657787322998047,0.0014852132881060243,-16.689037322998047,0.010636678896844387,-12.15778636932373,0.9878780841827393
2335,LiveXLive +23% on Samsung tie-up,2,positive,2,positive,Positive,1,0,FinGPT-Llama-3-8B-LoRA,tfns,-14.71651554107666,0.005784038454294205,-13.40401554107666,0.0214903112500906,-9.59151554107666,0.9727257490158081
2336,"Marriott Up Over 14%, on Pace for Largest Percent Increase Since December 2008 -- Data Tal...… https://t.co/WMIRbwXDRt",2,positive,2,positive,Positive,1,0,FinGPT-Llama-3-8B-LoRA,tfns,-14.545858383178711,0.004427788313478231,-13.827108383178711,0.009085230529308319,-9.139608383178711,0.9864870309829712
2337,"Medtronic's stock surges after earnings rise above expectations, and outlook raised",2,positive,2,positive,Positive,1,0,FinGPT-Llama-3-8B-LoRA,tfns,-16.887123107910156,0.00410840567201376,-15.23087215423584,0.021526526659727097,-11.41837215423584,0.9743650555610657
2338,National Oilwell Varco +10% after Q4 results,2,positive,2,positive,Positive,1,0,FinGPT-Llama-3-8B-LoRA,tfns,-17.18334197998047,0.001967282500118017,-15.527091026306152,0.01030783448368311,-10.964591026306152,0.9877248406410217
2339,Nio Shares Continue Higher Despite Predictions Of Record Plunge In Chinese Auto Sales,2,positive,2,positive,Positive,1,0,FinGPT-Llama-3-8B-LoRA,tfns,-14.05088996887207,0.01188279502093792,-12.73838996887207,0.04414994269609451,-9.67588996887207,0.9439672827720642
2340,One Medical parent 1Life Healthcare stock soars 38% in early debut trading https://t.co/dRNcVEH6ob,2,positive,2,positive,Positive,1,0,FinGPT-Llama-3-8B-LoRA,tfns,-13.748024940490723,0.005159466993063688,-11.654274940490723,0.04187057539820671,-8.529274940490723,0.9529699087142944
2341,Qiagen shares surge as diagnostics group says open to takeover talks,2,positive,2,positive,Positive,1,0,FinGPT-Llama-3-8B-LoRA,tfns,-16.68979263305664,0.004980241414159536,-15.53354263305664,0.015827175229787827,-11.40854263305664,0.9791926145553589
2342,RealNetworks CEO Rob Glaser to invest into the Company; shares +12%,2,positive,2,positive,Positive,1,0,FinGPT-Llama-3-8B-LoRA,tfns,-16.7237606048584,0.002953909570351243,-15.598760604858398,0.00909868162125349,-10.911260604858398,0.9879475235939026
2343,Sanofi Q4 top-line up 7%; shares up 3% premarket,2,positive,2,positive,Positive,1,0,FinGPT-Llama-3-8B-LoRA,tfns,-15.162223815917969,0.0061372253112494946,-13.787223815917969,0.02427319996058941,-10.099723815917969,0.9695894718170166
2344,ServiceNow stock up 4% on news it is joining the S&P 500,2,positive,2,positive,Positive,1,0,FinGPT-Llama-3-8B-LoRA,tfns,-18.375532150268555,0.0008805738179944456,-17.219282150268555,0.002798458095639944,-11.344281196594238,0.9963209629058838
2345,Shares of SoftBank-backed OneConnect rise 5% in U.S. market debut,2,positive,2,positive,Positive,1,0,FinGPT-Llama-3-8B-LoRA,tfns,-16.226009368896484,0.0024193061981350183,-14.038509368896484,0.02156304009258747,-10.226009368896484,0.9760177135467529
2346,Splunk boosted on FCF potential; shares +3.4%,2,positive,2,positive,Positive,1,0,FinGPT-Llama-3-8B-LoRA,tfns,-15.07798957824707,0.004679915960878134,-13.85923957824707,0.015831951051950455,-9.73423957824707,0.9794881939888
2347,Splunk sees its biggest surge in a year after reporting strong third-quarter sales. Bloomberg's Taylor Riggs… https://t.co/oAFf2pMKTX,2,positive,2,positive,Positive,1,0,FinGPT-Llama-3-8B-LoRA,tfns,-14.938252449035645,0.007424321491271257,-13.938252449035645,0.02018139883875847,-10.063252449035645,0.9723942875862122
2348,Starbucks climbs as Pershing reinvests with $720 million stake https://t.co/AZQ6aJrAQM,2,positive,2,positive,Positive,1,0,FinGPT-Llama-3-8B-LoRA,tfns,-14.38207721710205,0.011452349834144115,-13.81957721710205,0.020099500194191933,-9.94457721710205,0.9684481620788574
2349,Stock Market Update: Amazon and Microsoft hit new highs,2,positive,2,positive,Positive,1,0,FinGPT-Llama-3-8B-LoRA,tfns,-15.557557106018066,0.003503057174384594,-11.557557106018066,0.1912604570388794,-10.120057106018066,0.8052365183830261
2350,"Tesla Tops $900 in Parabolic Surge, Spurring Analyst Downgrade",2,positive,2,positive,Positive,1,0,FinGPT-Llama-3-8B-LoRA,tfns,-11.090804100036621,0.09602075815200806,-10.028304100036621,0.27784526348114014,-9.215804100036621,0.6261339783668518
2351,"Tesla's stock ticks up after Deutsche Bank lifts price target, which implies an 18% decline",2,positive,2,positive,Positive,1,0,FinGPT-Llama-3-8B-LoRA,tfns,-15.474566459655762,0.007342989556491375,-14.037066459655762,0.030915142968297005,-10.599566459655762,0.9617418646812439
2352,Transocean up 4% on new $91M contract,2,positive,2,positive,Positive,1,0,FinGPT-Llama-3-8B-LoRA,tfns,-17.097118377685547,0.002160219708457589,-15.53461742401123,0.010305841453373432,-10.97211742401123,0.9875339269638062
2353,Trevena refiles U.S. application for IV oliceridine; shares up 6%,2,positive,2,positive,Positive,1,0,FinGPT-Llama-3-8B-LoRA,tfns,-15.140453338623047,0.008590247482061386,-13.921703338623047,0.02906043268740177,-10.421703338623047,0.9623493552207947
2354,Unisys's stock soars 16% premarket after sale of U.S. Federal business for $1.2 bln,2,positive,2,positive,Positive,1,0,FinGPT-Llama-3-8B-LoRA,tfns,-16.073617935180664,0.002541479654610157,-15.698617935180664,0.003697831416502595,-10.104867935180664,0.9937607645988464
2355,Wayfair soared as much as 51% after the online home-goods retailer said first-quarter net revenue growth would at l… https://t.co/aGZUiKSDvu,2,positive,2,positive,Positive,1,0,FinGPT-Llama-3-8B-LoRA,tfns,-13.518132209777832,0.005191279109567404,-13.455632209777832,0.005526088178157806,-8.268132209777832,0.9892827272415161
2356,$SCANX: Today's biggest % gainers/losers https://t.co/DmtfA3iwPi,1,neutral,1,neutral,Neutral,1,0,FinGPT-Llama-3-8B-LoRA,tfns,-10.594722747802734,0.09452575445175171,-8.469722747802734,0.7914544343948364,-10.407222747802734,0.11401982605457306
2357,"$SUMRX: Gapping up/down: ABB +4%, MCHP +3%, NVO +3%, HUM +2% and CMG +1.6% after earnings, RDS.A +2% and TOL +2%... https://t.co/P30bZdswdX",1,neutral,2,positive,Positive,0,0,FinGPT-Llama-3-8B-LoRA,tfns,-13.839310646057129,0.005591078661382198,-12.370560646057129,0.024286538362503052,-8.683060646057129,0.9701223373413086
2358,"$SUMRX: Gapping up/down: DOCU +10.5%, ULTA +9%, AOBC +7%, BIG +7%, CLDR +6.5% and CRWD +5% after earnings, TTD +5%.… https://t.co/a5vlQXPdji",1,neutral,2,positive,Positive,0,0,FinGPT-Llama-3-8B-LoRA,tfns,-13.21854305267334,0.006968569476157427,-12.09354305267334,0.02146470546722412,-8.28104305267334,0.9715667963027954
2359,Darling Ingredients and Vertex Energy among industrial gainers; DMC Global tops losers,1,neutral,1,neutral,Neutral,1,0,FinGPT-Llama-3-8B-LoRA,tfns,-11.81325912475586,0.1327420026063919,-10.18825912475586,0.6741195321083069,-11.43825912475586,0.1931384801864624
2360,Dixie Group leads industrial gainers; Ballard Power Systems among the losers,1,neutral,1,neutral,Neutral,1,0,FinGPT-Llama-3-8B-LoRA,tfns,-13.424113273620605,0.059305671602487564,-10.861613273620605,0.7690876126289368,-12.361613273620605,0.17160664498806
2361,Forescout shares halted for the news,1,neutral,1,neutral,Neutral,1,0,FinGPT-Llama-3-8B-LoRA,tfns,-12.664787292480469,0.09364532679319382,-10.414787292480469,0.8884821534156799,-14.321037292480469,0.01787252351641655
2362,Iconix Brand leads consumer gainers; Pitney Bowes leads the losers,1,neutral,1,neutral,Neutral,1,0,FinGPT-Llama-3-8B-LoRA,tfns,-13.348066329956055,0.06878534704446793,-10.785566329956055,0.892021894454956,-13.910566329956055,0.03919271007180214
2363,Lithium Americas and Gulf Resources among Energy/Materials gainers; ION Geophysical and Contura Energy among losers,1,neutral,1,neutral,Neutral,1,0,FinGPT-Llama-3-8B-LoRA,tfns,-13.025267601013184,0.0837329626083374,-10.775267601013184,0.7944362163543701,-12.650267601013184,0.12183074653148651
2364,Marvell Technology (MRVL) Gains As Market Dips: What You Should Know - Nasdaq,1,neutral,2,positive,Positive,0,0,FinGPT-Llama-3-8B-LoRA,tfns,-13.225433349609375,0.018534502014517784,-11.662933349609375,0.08842316269874573,-9.350433349609375,0.8930423259735107
2365,Peloton Interactive among consumer gainers; Pyxus International among losers,1,neutral,1,neutral,Neutral,1,0,FinGPT-Llama-3-8B-LoRA,tfns,-13.403778076171875,0.05494808033108711,-10.966278076171875,0.6288474798202515,-11.653778076171875,0.31620436906814575
2366,Sarepta Therapeutics leads healthcare gainers; OncoSec Medical among losers,1,neutral,2,positive,Positive,0,0,FinGPT-Llama-3-8B-LoRA,tfns,-13.228174209594727,0.0619843564927578,-11.009424209594727,0.5699975490570068,-11.446924209594727,0.3680180609226227
2367,Stabilis Energy and Yuma Energy among Energy/Materials gainers; Trilogy Metals  and Range Resources among losers,1,neutral,1,neutral,Neutral,1,0,FinGPT-Llama-3-8B-LoRA,tfns,-11.099565505981445,0.13093975186347961,-9.349565505981445,0.7535063028335571,-11.224565505981445,0.11555393785238266
2368,"Stocks making the biggest moves midday: TD Ameritrade, Tiffany, Uber, Hasbro & more https://t.co/gJM9nLZlzL",1,neutral,1,neutral,Neutral,1,0,FinGPT-Llama-3-8B-LoRA,tfns,-10.405674934387207,0.2762559652328491,-9.655674934387207,0.5848338603973389,-11.093174934387207,0.1389102190732956
2369,"Stocks making the biggest moves premarket: Fitbit, Xerox, Ford, Five Below, TripAdvisor & more",1,neutral,1,neutral,Neutral,1,0,FinGPT-Llama-3-8B-LoRA,tfns,-10.216132164001465,0.4149231016635895,-10.153632164001465,0.4416833221912384,-11.278632164001465,0.14339357614517212
2370,"Stocks making the biggest moves premarket: Home Depot, Kohl's, Disney, Broadcom & more",1,neutral,1,neutral,Neutral,1,0,FinGPT-Llama-3-8B-LoRA,tfns,-10.4685697555542,0.28695395588874817,-9.7185697555542,0.6074815392494202,-11.4685697555542,0.10556445270776749
2371,"Stocks making the biggest moves premarket: TD Ameritrade, Charles Schwab, Tesla & more https://t.co/gvK766Jmmm",1,neutral,1,neutral,Neutral,1,0,FinGPT-Llama-3-8B-LoRA,tfns,-10.622552871704102,0.2248152792453766,-9.497552871704102,0.6924798488616943,-11.622552871704102,0.08270492404699326
2372,"TCO, NNVC, GPOR and JE among midday movers",1,neutral,1,neutral,Neutral,1,0,FinGPT-Llama-3-8B-LoRA,tfns,-9.313234329223633,0.29086437821388245,-8.688234329223633,0.5434061288833618,-9.875734329223633,0.16572950780391693
