index,sentence,gold_id,gold_label,pred_id,pred_label,raw_output,correct,unparseable,model,dataset,logprob_negative,score_negative,logprob_neutral,score_neutral,logprob_positive,score_positive
0,$ALLY - Ally Financial pulls outlook https://t.co/G9Zdi1boy5,0,negative,0,negative,negative,1,0,Finistral-7B-LoRA (Alpaca prompt),tfns,-0.012733698822557926,0.9874480366706848,-4.3877339363098145,0.01243013609200716,-9.012733459472656,0.00012186076492071152
1,"$DELL $HPE - Dell, HPE targets trimmed on compute headwinds https://t.co/YRUHZw7cYl",0,negative,0,negative,negative,1,0,Finistral-7B-LoRA (Alpaca prompt),tfns,-6.067568756407127e-05,0.999956488609314,-11.31256103515625,1.2218692972965073e-05,-10.37506103515625,3.120152905466966e-05
2,$PRTY - Moody's turns negative on Party City https://t.co/MBD5TFGC4P,0,negative,0,negative,negative,1,0,Finistral-7B-LoRA (Alpaca prompt),tfns,-0.00022885564249008894,0.999777615070343,-8.500228881835938,0.0002034231147263199,-10.875228881835938,1.892129694169853e-05
3,$SAN: Deutsche Bank cuts to Hold,0,negative,0,negative,negative,1,0,Finistral-7B-LoRA (Alpaca prompt),tfns,-9.142934868577868e-05,0.9999172687530518,-9.875091552734375,5.144060560269281e-05,-10.375091552734375,3.1200303055811673e-05
4,$SITC: Compass Point cuts to Sell,0,negative,0,negative,negative,1,0,Finistral-7B-LoRA (Alpaca prompt),tfns,-0.00016926287207752466,0.9998636245727539,-11.250168800354004,1.3005524124309886e-05,-9.000168800354004,0.00012339297973085195
5,$TAP - Barclays cools on Molson Coors https://t.co/FJFsZWJHuH,0,negative,0,negative,negative,1,0,Finistral-7B-LoRA (Alpaca prompt),tfns,-0.0002901133266277611,0.9997180104255676,-8.375289916992188,0.00023049484298098832,-9.875289916992188,5.1430357416393235e-05
6,$TAP: Barclays cuts to Equal Weight,0,negative,0,negative,negative,1,0,Finistral-7B-LoRA (Alpaca prompt),tfns,-0.00021288513380568475,0.9997929930686951,-8.625212669372559,0.00017952302005141973,-10.500212669372559,2.753075023065321e-05
7,"Analysts Eviscerate Musk's Cybertruck: ""0% Of Responses Felt It Will Be A Success"" https://t.co/2NTzeZea4G",0,negative,0,negative,negative,1,0,Finistral-7B-LoRA (Alpaca prompt),tfns,-0.01636640541255474,0.9839741587638855,-4.141366481781006,0.015904460102319717,-9.016366004943848,0.00012143205822212622
8,Barclays assigns only a 20% chance that studies on a Gilead antiviral drug being done in China will succeed against… https://t.co/lIgDhy1Gli,0,negative,1,neutral,neutral,0,0,Finistral-7B-LoRA (Alpaca prompt),tfns,-4.882787704467773,0.007576518226414919,-0.007787699811160564,0.9923281073570251,-9.257787704467773,9.537429286865517e-05
9,BTIG points to breakfast pressure for Dunkin' Brands,0,negative,1,neutral,neutral,0,0,Finistral-7B-LoRA (Alpaca prompt),tfns,-1.074217677116394,0.34160494804382324,-0.699217677116394,0.4970322549343109,-1.824217677116394,0.16136273741722107
10,"Children's Place downgraded to neutral from outperform at Wedbush, price target slashed to $60 from $130",0,negative,0,negative,negative,1,0,Finistral-7B-LoRA (Alpaca prompt),tfns,-0.0005788319394923747,0.9994304776191711,-7.500578880310059,0.0005527694011107087,-11.000578880310059,1.6692189092282206e-05
11,Clovis Oncology downgraded to in line from outperform at Evercore ISI,0,negative,0,negative,negative,1,0,Finistral-7B-LoRA (Alpaca prompt),tfns,-0.00014649749209638685,0.999863862991333,-9.250146865844727,9.609857079340145e-05,-10.125146865844727,4.005984010291286e-05
12,Downgrades 4/7: $AAN $BDN $BECN $BTE $CDEV $CHK $COOP $CPE $CVA $DAN $DOC $DRH $EPR $ESRT $ETM $FAST $FBM $GM $GMS… https://t.co/CMXD50oQxI,0,negative,0,negative,negative,1,0,Finistral-7B-LoRA (Alpaca prompt),tfns,-0.0006607971154153347,0.9994326233863831,-7.6256608963012695,0.00048781835357658565,-9.43816089630127,7.963414827827364e-05
13,Goldman pulls Progressive from Goldman's conviction list; shares -2.7%,0,negative,0,negative,negative,1,0,Finistral-7B-LoRA (Alpaca prompt),tfns,-5.793403761344962e-05,0.9999570846557617,-10.7500581741333,2.1444488083943725e-05,-10.7500581741333,2.1444488083943725e-05
14,Hanesbrands downgraded to underperform vs. neutral at BofA Merrill Lynch,0,negative,0,negative,negative,1,0,Finistral-7B-LoRA (Alpaca prompt),tfns,-3.2066785934148356e-05,0.9999731779098511,-11.000032424926758,1.6701253116480075e-05,-11.500032424926758,1.012982102110982e-05
15,Intelsat cut to Market Perform at Raymond James,0,negative,0,negative,negative,1,0,Finistral-7B-LoRA (Alpaca prompt),tfns,-0.0001938155182870105,0.9998226761817932,-8.75019359588623,0.00015843322034925222,-10.87519359588623,1.8922150047728792e-05
16,LendingTree price target cut to $350 from $400 at SunTrust Robinson Humphrey,0,negative,0,negative,negative,1,0,Finistral-7B-LoRA (Alpaca prompt),tfns,-0.00011777184408856556,0.9998939037322998,-9.500117301940918,7.484389789169654e-05,-10.375117301940918,3.1199575460050255e-05
17,Mizuho cuts XLNX target on near-term headwinds,0,negative,0,negative,negative,1,0,Finistral-7B-LoRA (Alpaca prompt),tfns,-1.9907753085135482e-05,0.9999873638153076,-11.750020027160645,7.8892244346207e-06,-12.250020027160645,4.785057171829976e-06
18,MPLX cut at Credit Suisse on potential dilution from Marathon strategic review,0,negative,0,negative,negative,1,0,Finistral-7B-LoRA (Alpaca prompt),tfns,-0.0005171154043637216,0.9994944334030151,-7.625516891479492,0.0004878485342487693,-10.938016891479492,1.7769882106222212e-05
19,Netflix downgraded to underperform at Wells Fargo,0,negative,0,negative,negative,1,0,Finistral-7B-LoRA (Alpaca prompt),tfns,-2.5987286790041253e-05,0.9999816417694092,-12.125025749206543,5.422148660727544e-06,-11.250025749206543,1.3007058441871777e-05
20,NortonLifeLock stock price target cut to $18 from $25 at Deutsche Bank,0,negative,0,negative,negative,1,0,Finistral-7B-LoRA (Alpaca prompt),tfns,-9.48860906646587e-05,0.9999141693115234,-9.750094413757324,5.8289660955779254e-05,-10.500094413757324,2.7534088076208718e-05
21,Norwegian Cruise stock price target cut to $48 from $55 at CFRA,0,negative,0,negative,negative,1,0,Finistral-7B-LoRA (Alpaca prompt),tfns,-9.405170567333698e-05,0.9999150037765503,-9.625094413757324,6.605088856304064e-05,-10.875094413757324,1.89238980965456e-05
22,Novus Therapeutics stock price target cut to $2.50 from $3.75 at Ascendiant Capital,0,negative,0,negative,negative,1,0,Finistral-7B-LoRA (Alpaca prompt),tfns,-0.00012134769349358976,0.9998939037322998,-9.500121116638184,7.484389789169654e-05,-10.375121116638184,3.1199575460050255e-05
23,Nutrien stock price target cut to $54 vs. $55 at BofA Merrill Lynch,0,negative,0,negative,negative,1,0,Finistral-7B-LoRA (Alpaca prompt),tfns,-0.00018475732940714806,0.9998289346694946,-8.875185012817383,0.00013981771189719439,-10.375185012817383,3.1197549105854705e-05
24,Okta -2% on valuation downgrade,0,negative,0,negative,negative,1,0,Finistral-7B-LoRA (Alpaca prompt),tfns,-2.8371408916427754e-05,0.9999784231185913,-11.500028610229492,1.0129874681297224e-05,-11.375028610229492,1.1478652595542371e-05
25,Solarworlds stock price target cut to $23 vs. $24 at Instinet,0,negative,0,negative,negative,1,0,Finistral-7B-LoRA (Alpaca prompt),tfns,-0.0001110968878492713,0.9999027252197266,-9.625110626220703,6.605008093174547e-05,-10.375110626220703,3.1199851946439594e-05
26,Trendforce cuts iPhone estimate after Foxconn delay,0,negative,0,negative,negative,1,0,Finistral-7B-LoRA (Alpaca prompt),tfns,-3.4689302992774174e-05,0.9999786615371704,-10.87503433227539,1.8925102267530747e-05,-12.93753433227539,2.406056637482834e-06
27,"Wayfair price target lowered to $110 from $120 at Stifel, buy rating maintained",0,negative,0,negative,negative,1,0,Finistral-7B-LoRA (Alpaca prompt),tfns,-0.004663068801164627,0.9953815937042236,-5.629662990570068,0.003589906496927142,-6.879662990570068,0.001028525410220027
28,WWE stock price target cut to $58 from $92 at MKM Partners,0,negative,0,negative,negative,1,0,Finistral-7B-LoRA (Alpaca prompt),tfns,-0.0001915509783430025,0.9998226761817932,-8.750191688537598,0.00015843322034925222,-10.875191688537598,1.8922150047728792e-05
29,"$ABEO as expected, keeps going higher. Cantor doubled its price target this morning to $4",2,positive,2,positive,positive,1,0,Finistral-7B-LoRA (Alpaca prompt),tfns,-12.875016212463379,2.561248948040884e-06,-11.250016212463379,1.300709573115455e-05,-1.585470999998506e-05,0.9999845027923584
30,$CACI - CACI gains a bull on growth acceleration https://t.co/VSXcxKpgly,2,positive,2,positive,positive,1,0,Finistral-7B-LoRA (Alpaca prompt),tfns,-10.625361442565918,2.4292090529343113e-05,-8.000361442565918,0.00033534198882989585,-0.00036161558819003403,0.9996403455734253
31,$CNHI - CNH Industrial upped to Buy at Deutsche Bank on valuation https://t.co/w8VWmkTwAb,2,positive,2,positive,positive,1,0,Finistral-7B-LoRA (Alpaca prompt),tfns,-10.000141143798828,4.539401561487466e-05,-9.375141143798828,8.480717951897532e-05,-0.00014101465058047324,0.999869704246521
32,"$DVN $HES $VET - Devon Energy, Hess upgraded at J.P. Morgan on improved E&P outlook https://t.co/ULkUan1Vkq",2,positive,2,positive,positive,1,0,Finistral-7B-LoRA (Alpaca prompt),tfns,-10.625049591064453,2.429968662909232e-05,-10.687549591064453,2.2827443899586797e-05,-5.006664650863968e-05,0.9999529123306274
33,$ENR - Energizer shakes off JPMorgan's bear call https://t.co/w83qnp2ni5,2,positive,2,positive,positive,1,0,Finistral-7B-LoRA (Alpaca prompt),tfns,-8.62541675567627,0.00017948659660760313,-8.37541675567627,0.00023046534624882042,-0.0004170263418927789,0.9995900988578796
34,$GOOS - Baird bullish on beat-up Canada Goose https://t.co/lMwTKDcG5R,2,positive,2,positive,positive,1,0,Finistral-7B-LoRA (Alpaca prompt),tfns,-10.625164985656738,2.4296841729665175e-05,-8.875164985656738,0.00013981868687551469,-0.00016544880054425448,0.9998358488082886
35,$NKE - BMO Capital joins Nike bull camp https://t.co/diInCmHUi5,2,positive,2,positive,positive,1,0,Finistral-7B-LoRA (Alpaca prompt),tfns,-10.875253677368164,1.8920785805676132e-05,-8.375253677368164,0.00023050235176924616,-0.00025328766787424684,0.999750554561615
36,"$OIH $BKR $NOV - Buy oil service firms, Bernstein says after seven-year bearish view https://t.co/FFUM7WlJIZ",2,positive,2,positive,positive,1,0,Finistral-7B-LoRA (Alpaca prompt),tfns,-8.250373840332031,0.00026116357184946537,-9.187873840332031,0.00010227313032373786,-0.00037400881410576403,0.9996365308761597
37,$SMPQY $HSIC $XRAY - Goldman ups view on Henry Schein in premarket analyst action https://t.co/ZjKejttior,2,positive,2,positive,positive,1,0,Finistral-7B-LoRA (Alpaca prompt),tfns,-10.25008487701416,3.535464566084556e-05,-10.00008487701416,4.5396260247798637e-05,-8.511180931236595e-05,0.9999191761016846
38,$STML: Alliance Global Partners starts at Buy https://t.co/MCyfTsXc2N,2,positive,2,positive,positive,1,0,Finistral-7B-LoRA (Alpaca prompt),tfns,-9.876091957092285,5.1389113650657237e-05,-6.876091957092285,0.001032177940942347,-0.0010918376501649618,0.9989163875579834
39,$URBN - Urban Outfitters stands out in mall sector - BofA https://t.co/pvig3M420p,2,positive,2,positive,positive,1,0,Finistral-7B-LoRA (Alpaca prompt),tfns,-11.937630653381348,6.5396297941333614e-06,-9.000130653381348,0.00012339376553427428,-0.00013100242358632386,0.9998700618743896
40,$ZYME: H.C. Wainwright starts at Buy,2,positive,2,positive,positive,1,0,Finistral-7B-LoRA (Alpaca prompt),tfns,-12.062535285949707,5.771761152573163e-06,-10.500035285949707,2.753553599177394e-05,-3.540453326422721e-05,0.9999667406082153
41,Adobe price target raised to $350 vs. $320 at Canaccord,2,positive,2,positive,positive,1,0,Finistral-7B-LoRA (Alpaca prompt),tfns,-11.562634468078613,9.515077181276865e-06,-9.000134468078613,0.00012339340173639357,-0.00013493580627255142,0.9998670816421509
42,AM Best Revises Outlooks to Positive for Pacífico Compañía de Seguros y Reaseguros S.A. https://t.co/BGvmfeHKod https://t.co/gvtIQzMVbf,2,positive,2,positive,positive,1,0,Finistral-7B-LoRA (Alpaca prompt),tfns,-10.12697696685791,3.998649845016189e-05,-6.251977443695068,0.0019266576273366809,-0.001977394800633192,0.998033344745636
43,AMD +1.3% after Cowen's target lift,2,positive,2,positive,positive,1,0,Finistral-7B-LoRA (Alpaca prompt),tfns,-11.687567710876465,8.397582860197872e-06,-9.750067710876465,5.829077781527303e-05,-6.806619057897478e-05,0.9999333620071411
44,"Applied Materials, Inc. Reported Earnings Last Week And Analysts Are Already Upgrading Their Estimates",2,positive,2,positive,positive,1,0,Finistral-7B-LoRA (Alpaca prompt),tfns,-11.687594413757324,8.397359124501236e-06,-9.375094413757324,8.481032273266464e-05,-9.464769391342998e-05,0.9999067783355713
45,"Arch Coal rated Buy at Benchmark, seeing opportunity after selloff",2,positive,2,positive,positive,1,0,Finistral-7B-LoRA (Alpaca prompt),tfns,-10.625053405761719,2.4299570213770494e-05,-10.500053405761719,2.753502303676214e-05,-5.340433563105762e-05,0.9999481439590454
46,Autodesk stock price target raised to $162 from $149 at Wedbush,2,positive,2,positive,positive,1,0,Finistral-7B-LoRA (Alpaca prompt),tfns,-12.125081062316895,5.4218130571825895e-06,-9.500081062316895,7.484583329642192e-05,-8.129743218887597e-05,0.9999197721481323
47,Avnet stock price target raised to $37 vs. $35 at SunTrust Robinson Humphrey,2,positive,2,positive,positive,1,0,Finistral-7B-LoRA (Alpaca prompt),tfns,-11.687549591064453,8.39773565530777e-06,-10.125049591064453,4.006335439044051e-05,-4.9470632802695036e-05,0.9999516010284424
48,Boeing started at buy with $375 stock price target at Benchmark,2,positive,2,positive,positive,1,0,Finistral-7B-LoRA (Alpaca prompt),tfns,-9.500709533691406,7.479936175514013e-05,-7.375709533691406,0.0006262873066589236,-0.0007095203618519008,0.9992989301681519
49,BofA sees 'solid demand backdrop' for D.R. Horton in 2020,2,positive,2,positive,positive,1,0,Finistral-7B-LoRA (Alpaca prompt),tfns,-10.376070976257324,3.1169704016065225e-05,-6.876070976257324,0.001032198779284954,-0.0010709986090660095,0.9989365935325623
50,Broadcom stock price target raised to $361 vs. $322 at SunTrust Robinson Humphrey,2,positive,2,positive,positive,1,0,Finistral-7B-LoRA (Alpaca prompt),tfns,-12.562539100646973,3.500730826999643e-06,-10.250039100646973,3.535612631822005e-05,-3.957670196541585e-05,0.9999611377716064
51,Cantor sees 19% upside in J&J in premarket analyst action,2,positive,2,positive,positive,1,0,Finistral-7B-LoRA (Alpaca prompt),tfns,-10.188715934753418,3.75924319087062e-05,-6.751215934753418,0.0011694661807268858,-0.0012160295154899359,0.9987928867340088
52,Champions Oncology started at speculative buy with $11 stock price target at Benchmark,2,positive,2,positive,positive,1,0,Finistral-7B-LoRA (Alpaca prompt),tfns,-10.127302169799805,3.99762429879047e-05,-6.1273016929626465,0.002182629192247987,-0.002301902510225773,0.9977774024009705
53,Citi raises Alphabet on margin potential,2,positive,2,positive,positive,1,0,Finistral-7B-LoRA (Alpaca prompt),tfns,-11.125175476074219,1.4736645425728057e-05,-8.750175476074219,0.0001584338751854375,-0.0001752223033690825,0.9998268485069275
54,Citigroup stock price target raised to $127 from $124 at Oppenheimer,2,positive,2,positive,positive,1,0,Finistral-7B-LoRA (Alpaca prompt),tfns,-13.125014305114746,1.9947069631598424e-06,-11.375014305114746,1.1478745364001952e-05,-1.4305012882687151e-05,0.9999865293502808
55,"ETF assets to surge tenfold in 10 years to $50 trillion, Bank of America predicts",2,positive,2,positive,positive,1,0,Finistral-7B-LoRA (Alpaca prompt),tfns,-12.75018310546875,2.901791276599397e-06,-8.62518310546875,0.0001795274583855644,-0.00018320789968129247,0.9998176693916321
56,GE upgraded from Sell by longtime bear,2,positive,2,positive,positive,1,0,Finistral-7B-LoRA (Alpaca prompt),tfns,-9.87507438659668,5.144110764376819e-05,-10.75007438659668,2.144384416169487e-05,-7.414542778860778e-05,0.9999270439147949
57,Goldman Sachs stock price target raised to $367 from $358 at Oppenheimer,2,positive,2,positive,positive,1,0,Finistral-7B-LoRA (Alpaca prompt),tfns,-12.687520027160645,3.0894427709426964e-06,-11.000020027160645,1.6701369531801902e-05,-2.0503786799963564e-05,0.9999802112579346
58,GrubHub stock price target raised to $50 from $40 at Stifel Nicolaus,2,positive,2,positive,positive,1,0,Finistral-7B-LoRA (Alpaca prompt),tfns,-12.812527656555176,2.72640409093583e-06,-10.625027656555176,2.4300172299263068e-05,-2.8013790142722428e-05,0.999972939491272
59,Halliburton started at buy with $26 stock price target at Deutsche Bank,2,positive,2,positive,positive,1,0,Finistral-7B-LoRA (Alpaca prompt),tfns,-10.250133514404297,3.5352852137293667e-05,-9.250133514404297,9.609901462681592e-05,-0.0001333863037871197,0.9998685121536255
60,Helen of Troy started at outperform with $210 stock price target at Oppenheimer,2,positive,2,positive,positive,1,0,Finistral-7B-LoRA (Alpaca prompt),tfns,-9.75054931640625,5.826283086207695e-05,-7.625548839569092,0.0004878287436440587,-0.0005490464391186833,0.9994539618492126
61,Highlight: Edward Jones Sr. Equity Analyst Jennifer Roland on ExxonMobil reducing 2020 Capex by 30%: “Definitely a… https://t.co/dH0xlJujc1,2,positive,0,negative,negative,0,0,Finistral-7B-LoRA (Alpaca prompt),tfns,-0.018341228365898132,0.9818871021270752,-4.018341064453125,0.017983892932534218,-8.955841064453125,0.00012898958812002093
62,Humana stock price target raised to $370 from $350 at SunTrust RH,2,positive,2,positive,positive,1,0,Finistral-7B-LoRA (Alpaca prompt),tfns,-12.43752384185791,3.966910753661068e-06,-10.87502384185791,1.892507316370029e-05,-2.4318398573086597e-05,0.9999771118164062
63,JMP Securities upgrades snap to outperform with $20 pt,2,positive,2,positive,positive,1,0,Finistral-7B-LoRA (Alpaca prompt),tfns,-12.750015258789062,2.9022846774751088e-06,-11.562515258789062,9.516224054095801e-06,-1.5735502529423684e-05,0.9999876022338867
64,Liberty Global PLC maintained as buy with $32 price target at Benchmark,2,positive,2,positive,positive,1,0,Finistral-7B-LoRA (Alpaca prompt),tfns,-11.500503540039062,1.0125048902409617e-05,-7.6255035400390625,0.0004878522304352373,-0.0005036516231484711,0.9995020627975464
65,Lululemon Athletica price target raised to $255 from $220 at CFRA,2,positive,2,positive,positive,1,0,Finistral-7B-LoRA (Alpaca prompt),tfns,-13.250011444091797,1.7603274500288535e-06,-11.625011444091797,8.939680810726713e-06,-1.168244216387393e-05,0.9999892711639404
66,Lumentum initiated as positive at Susquehanna,2,positive,2,positive,positive,1,0,Finistral-7B-LoRA (Alpaca prompt),tfns,-11.125066757202148,1.4738221580046229e-05,-9.875066757202148,5.1441453251754865e-05,-6.675497570540756e-05,0.9999337196350098
67,Markel Corporation Beat Analyst Estimates: See What The Consensus Is Forecasting For Next Year,2,positive,2,positive,positive,1,0,Finistral-7B-LoRA (Alpaca prompt),tfns,-12.000102996826172,6.143583959783427e-06,-9.250102996826172,9.610182314645499e-05,-0.00010334911348763853,0.9998977184295654
68,"Mednax upgraded to buy from hold at Stifel, price target raised to $33 from $25",2,positive,2,positive,positive,1,0,Finistral-7B-LoRA (Alpaca prompt),tfns,-10.750210762023926,2.144109930668492e-05,-8.625210762023926,0.00017952411144506186,-0.00021073981770314276,0.9997990727424622
69,"Model N upgraded to overweight from neutral at JPMorgan, price target raised to $36 from $30",2,positive,2,positive,positive,1,0,Finistral-7B-LoRA (Alpaca prompt),tfns,-12.437572479248047,3.966724307247205e-06,-9.625072479248047,6.605188536923379e-05,-7.235741941258311e-05,0.9999300241470337
70,Morgan Stanley sees GM doubling in bull case scenario,2,positive,2,positive,positive,1,0,Finistral-7B-LoRA (Alpaca prompt),tfns,-12.625079154968262,3.28850273945136e-06,-9.500079154968262,7.484598609153181e-05,-7.915183232398704e-05,0.9999217987060547
71,Motorola Solutions stock fair value estimate raised to $192 from $167 at MKM Partners,2,positive,2,positive,positive,1,0,Finistral-7B-LoRA (Alpaca prompt),tfns,-12.625032424926758,3.288658263045363e-06,-10.500032424926758,2.7535601475392468e-05,-3.2305197237292305e-05,0.9999691247940063
72,New for subscribers:  Analysts continue to upgrade stocks like Tesla and eBay on hopes the rebound is for real… https://t.co/Mku8heEOR2,2,positive,2,positive,positive,1,0,Finistral-7B-LoRA (Alpaca prompt),tfns,-12.187615394592285,5.093149866297608e-06,-9.125115394592285,0.00010889635450439528,-0.00011574551899684593,0.9998859167098999
73,Omnicell stock price target raised to $96 vs. $90 at Benchmark,2,positive,2,positive,positive,1,0,Finistral-7B-LoRA (Alpaca prompt),tfns,-12.375057220458984,4.222616098559229e-06,-9.875057220458984,5.144199894857593e-05,-5.6980417866725475e-05,0.9999443292617798
74,Peloton bulls defend the upside case,2,positive,2,positive,positive,1,0,Finistral-7B-LoRA (Alpaca prompt),tfns,-9.828634262084961,5.3888790716882795e-05,-4.141134738922119,0.015905534848570824,-0.01613464578986168,0.9840406179428101
75,Piper Jaffray analyst Erinn Murphy reiterated an Overweight rating and $44.00 price target on Crocs (NASDAQ: $CROX)… https://t.co/iVlcTMWm1r,2,positive,2,positive,positive,1,0,Finistral-7B-LoRA (Alpaca prompt),tfns,-9.563619613647461,7.023927173577249e-05,-6.876119136810303,0.001032158499583602,-0.0011193446116521955,0.9988975524902344
76,Progyny started at overweight with $26 stock price target at J.P. Morgan,2,positive,2,positive,positive,1,0,Finistral-7B-LoRA (Alpaca prompt),tfns,-4.936939716339111,0.007183917332440615,-1.0619399547576904,0.34614047408103943,-0.43693989515304565,0.6466755867004395
77,Snap Analyst Projects 37% Revenue Growth In 2020,2,positive,2,positive,positive,1,0,Finistral-7B-LoRA (Alpaca prompt),tfns,-12.687739372253418,3.0887822504155338e-06,-8.375239372253418,0.00023050600429996848,-0.00023898606013972312,0.9997664093971252
78,Spirit Airlines stock price target raised to $55 from $49 at Deutsche Bank,2,positive,2,positive,positive,1,0,Finistral-7B-LoRA (Alpaca prompt),tfns,-12.875030517578125,2.5612118861317867e-06,-10.500030517578125,2.753562330326531e-05,-3.099393507000059e-05,0.9999699592590332
79,State Street stock price target raised to $84 from $73 at Buckingham,2,positive,2,positive,positive,1,0,Finistral-7B-LoRA (Alpaca prompt),tfns,-11.87507438659668,6.961796771065565e-06,-9.62507438659668,6.60516889183782e-05,-7.462222856702283e-05,0.9999270439147949
80,Stock Market Update: AMD's price target raised to $47 at Cowen,2,positive,2,positive,positive,1,0,Finistral-7B-LoRA (Alpaca prompt),tfns,-13.625019073486328,1.2098455499653937e-06,-11.000019073486328,1.6701402273611166e-05,-1.8954096958623268e-05,0.9999821186065674
81,Synaptics stock price target raised to $76 from $60 at Susquehanna,2,positive,2,positive,positive,1,0,Finistral-7B-LoRA (Alpaca prompt),tfns,-12.562556266784668,3.500674438328133e-06,-9.875056266784668,5.1442035328364e-05,-5.590759246842936e-05,0.9999450445175171
82,TechnipFMC started at buy with $33 stock price target at Deutsche Bank,2,positive,2,positive,positive,1,0,Finistral-7B-LoRA (Alpaca prompt),tfns,-10.750164031982422,2.1441950593725778e-05,-8.875164031982422,0.00013981907977722585,-0.00016378014697693288,0.9998387098312378
83,Tesla stock price target raised to $290 from $260 at Deutsche Bank,2,positive,2,positive,positive,1,0,Finistral-7B-LoRA (Alpaca prompt),tfns,-13.375017166137695,1.5534749309153995e-06,-11.125017166137695,1.4738957361259963e-05,-1.680836794548668e-05,0.9999836683273315
84,TJX stock price target raised to $70 from $62 at MKM Partners,2,positive,2,positive,positive,1,0,Finistral-7B-LoRA (Alpaca prompt),tfns,-12.75001335144043,2.9022828584857052e-06,-11.50001335144043,1.0129961083293892e-05,-1.3708974620385561e-05,0.999987006187439
85,Twitter upgraded to positive from neutral at Susquehanna,2,positive,2,positive,positive,1,0,Finistral-7B-LoRA (Alpaca prompt),tfns,-10.75007438659668,2.144384416169487e-05,-9.87507438659668,5.144110764376819e-05,-7.438383181579411e-05,0.9999270439147949
86,Uber stock price target raised to $42 from $31 at Susquehanna,2,positive,2,positive,positive,1,0,Finistral-7B-LoRA (Alpaca prompt),tfns,-13.06252670288086,2.123326794389868e-06,-10.62502670288086,2.4300186851178296e-05,-2.706014311115723e-05,0.9999735355377197
87,Uber stock price target raised to $48 from $46 at HSBC Global,2,positive,2,positive,positive,1,0,Finistral-7B-LoRA (Alpaca prompt),tfns,-13.437520980834961,1.4593485957448138e-06,-10.875020980834961,1.8925120457424782e-05,-2.0861407392658293e-05,0.9999796152114868
88,"UBS Upgrades Hasbro As Stock Price Bakes In Tariffs, Slow Holiday",2,positive,2,positive,positive,1,0,Finistral-7B-LoRA (Alpaca prompt),tfns,-4.89503812789917,0.007483747787773609,-4.39503812789917,0.012338615022599697,-0.020038310438394547,0.980177640914917
89,UnitedHealth stock price target raised to $335 from $310 at SunTrust RH,2,positive,2,positive,positive,1,0,Finistral-7B-LoRA (Alpaca prompt),tfns,-13.125016212463379,1.994703779928386e-06,-11.250016212463379,1.3007102097617462e-05,-1.597391747054644e-05,0.9999849796295166
90,Vertex Pharmaceuticals stock price target raised to $245 from $235 at BofA Merrill Lynch,2,positive,2,positive,positive,1,0,Finistral-7B-LoRA (Alpaca prompt),tfns,-11.937555313110352,6.540139565913705e-06,-10.000055313110352,4.539756992016919e-05,-5.507317473529838e-05,0.9999480247497559
91,Xilinx stock price target raised to $97 vs. $94 at SunTrust Robinson Humphrey,2,positive,2,positive,positive,1,0,Finistral-7B-LoRA (Alpaca prompt),tfns,-12.375057220458984,4.222616098559229e-06,-9.875057220458984,5.144199894857593e-05,-5.686121585313231e-05,0.9999443292617798
92,AM Best Revises Outlooks to Stable for Sublimity Insurance Company https://t.co/WPcVIMko76 https://t.co/glnxmA3iIv,1,neutral,2,positive,positive,0,0,Finistral-7B-LoRA (Alpaca prompt),tfns,-8.570282936096191,0.00018968875519931316,-2.6952826976776123,0.06753388047218323,-0.07028275728225708,0.9322763681411743
93,Analyst: Amazon Blocking FedEx Ground Good News For UPS,1,neutral,1,neutral,neutral,1,0,Finistral-7B-LoRA (Alpaca prompt),tfns,-10.315018653869629,3.313206980237737e-05,-0.0025185791309922934,0.9974943399429321,-6.002518653869629,0.00247254129499197
94,Analysts Expect Breakeven For China Online Education Group (NYSE:COE),1,neutral,2,positive,positive,0,0,Finistral-7B-LoRA (Alpaca prompt),tfns,-11.563316345214844,9.508598850516137e-06,-7.125816345214844,0.0008040782413445413,-0.0008164886385202408,0.9991863369941711
95,"Crown Holdings, Inc. Full-Year Results: Here's What Analysts Are Forecasting For Next Year",1,neutral,1,neutral,neutral,1,0,Finistral-7B-LoRA (Alpaca prompt),tfns,-12.937514305114746,2.4060891519184224e-06,-1.4185804502631072e-05,0.9999921321868896,-12.125014305114746,5.4222055041464046e-06
96,Here are the best analyst calls of the week on Wall Street including Disney and a satellite play https://t.co/u9r1QPQli5,1,neutral,1,neutral,neutral,1,0,Finistral-7B-LoRA (Alpaca prompt),tfns,-10.867298126220703,1.9072489521931857e-05,-0.17979784309864044,0.8354676365852356,-1.804797887802124,0.16451331973075867
97,Little impact on Netflix from Disney Plus launch - Credit Suisse,1,neutral,1,neutral,neutral,1,0,Finistral-7B-LoRA (Alpaca prompt),tfns,-10.438114166259766,2.929533729911782e-05,-0.000614335120189935,0.9994180202484131,-7.500614166259766,0.00055276247439906
98,Mitek bull calls pullback 'an overreaction',1,neutral,1,neutral,neutral,1,0,Finistral-7B-LoRA (Alpaca prompt),tfns,-7.454473495483398,0.0005790547584183514,-0.0169735848903656,0.9835237860679626,-4.141973495483398,0.015897180885076523
99,Peabody Energy started at hold at Benchmark,1,neutral,1,neutral,neutral,1,0,Finistral-7B-LoRA (Alpaca prompt),tfns,-9.625330924987793,6.604290683753788e-05,-0.00033122775494121015,0.9997941851615906,-8.875330924987793,0.0001398128515575081
100,"Skechers U.S.A., Inc. Annual Results: Here's What Analysts Are Forecasting For Next Year",1,neutral,1,neutral,neutral,1,0,Finistral-7B-LoRA (Alpaca prompt),tfns,-12.125072479248047,5.421903097158065e-06,-7.271502545336261e-05,0.9999363422393799,-9.750072479248047,5.829095243825577e-05
101,T. Boone Pickens' BP Capital Adds 3 Energy Stocks to Portfolio,1,neutral,1,neutral,neutral,1,0,Finistral-7B-LoRA (Alpaca prompt),tfns,-12.62508773803711,3.288503194198711e-06,-8.821098163025454e-05,0.9999219179153442,-9.50008773803711,7.484599336748943e-05
102,"Tenable Holdings, Inc. Just Released Its Third-Quarter And Analysts Have Been Updating Their Estimates",1,neutral,1,neutral,neutral,1,0,Finistral-7B-LoRA (Alpaca prompt),tfns,-9.877568244934082,5.131502257427201e-05,-0.0025680442340672016,0.9974761605262756,-6.002568244934082,0.002472496358677745
103,"Top Analyst Upgrades and Downgrades: Cardinal Health, Domino’s, FedEx, Ford, GE, Grubhub, HSBC, Marvell, Twitter, Uber and More",1,neutral,1,neutral,neutral,1,0,Finistral-7B-LoRA (Alpaca prompt),tfns,-11.629647254943848,8.898488886188716e-06,-0.004647643771022558,0.9953815937042236,-5.379647731781006,0.004609531257301569
104,"Tyson Foods, Inc. First-Quarter Results Just Came Out: Here's What Analysts Are Forecasting For Next Year",1,neutral,1,neutral,neutral,1,0,Finistral-7B-LoRA (Alpaca prompt),tfns,-10.437641143798828,2.930872142314911e-05,-0.00014125302550382912,0.9998745918273926,-9.250141143798828,9.609960397938266e-05
105,Wayfair initiated as hold with $95 price target at SunTrust Robinson Humphrey,1,neutral,1,neutral,neutral,1,0,Finistral-7B-LoRA (Alpaca prompt),tfns,-6.253206729888916,0.0019259067485108972,-0.0032068276777863503,0.9976443648338318,-7.753206729888916,0.00042972786468453705
106,"Central bank 'collateral damage' is skewing financial markets, one economist says https://t.co/sshC7mEqzk",0,negative,1,neutral,neutral,0,0,Finistral-7B-LoRA (Alpaca prompt),tfns,-9.000127792358398,0.00012339440581854433,-0.00012742661056108773,0.9998751878738403,-13.500127792358398,1.3707880270885653e-06
107,China central bank warns high financial risks amid rising economic headwinds - Reuters https://t.co/p26nFHoGg5,0,negative,0,negative,negative,1,0,Finistral-7B-LoRA (Alpaca prompt),tfns,-5.1377883210079744e-05,0.9999662637710571,-10.375051498413086,3.120183464488946e-05,-12.875051498413086,2.561202336437418e-06
108,ECB data show eurozone banks had weak profits before coronavirus https://t.co/QI7pbqPGkG,0,negative,0,negative,negative,1,0,Finistral-7B-LoRA (Alpaca prompt),tfns,-0.00016759421851020306,0.9998500347137451,-8.875167846679688,0.00013982066593598574,-11.500167846679688,1.0128574103873689e-05
109,Fed's Williams says U.S. economy is clearly facing several challenges,0,negative,0,negative,negative,1,0,Finistral-7B-LoRA (Alpaca prompt),tfns,-0.10025953501462936,0.9046440720558167,-2.35025954246521,0.0953487828373909,-11.850259780883789,7.1370304794982076e-06
110,"Former Federal Reserve Chairman Ben Bernanke says he doesn't see a quick, sharp rebound in the economy after its pr… https://t.co/pu15VlJ4IO",0,negative,0,negative,negative,1,0,Finistral-7B-LoRA (Alpaca prompt),tfns,-0.0025299943517893553,0.9975000023841858,-6.002530097961426,0.002472555497661233,-10.502530097961426,2.7467609470477328e-05
111,Jerome Powell comes close to acknowledging that the Federal Reserve may not have the firepower to fight the next re… https://t.co/UD2rqlD6SD,0,negative,1,neutral,neutral,0,0,Finistral-7B-LoRA (Alpaca prompt),tfns,-4.88262939453125,0.007577219977974892,-0.007629540748894215,0.9924200177192688,-12.82012939453125,2.705811084524612e-06
112,"No, The Fed Won't ""Save The Market"" - Here's Why  https://t.co/Ibq99qWSFz",0,negative,1,neutral,neutral,0,0,Finistral-7B-LoRA (Alpaca prompt),tfns,-12.125008583068848,5.4222177823248785e-06,-8.702239938429557e-06,0.9999943971633911,-15.625008583068848,1.6373678590753116e-07
113,"""There is every reason to believe that the economic rebound, when it comes, can be robust,"" Fed Chair Jerome Powell… https://t.co/Ovi6BRM3TK",2,positive,2,positive,positive,1,0,Finistral-7B-LoRA (Alpaca prompt),tfns,-11.501190185546875,1.0118143109139055e-05,-6.751189708709717,0.0011694984277710319,-0.001189835020340979,0.9988203644752502
114,$ECONX: Federal Reserve announces extensive new measures to support the economy https://t.co/Gf6CfThO7r,1,neutral,1,neutral,neutral,1,0,Finistral-7B-LoRA (Alpaca prompt),tfns,-10.56297779083252,2.5856295906123705e-05,-0.00047803416964598,0.9995436072349548,-7.750478267669678,0.00043054597335867584
115,Commercial and industrial loans at all commercial banks climb by $105.8 billion to $2.845 trillion in the week endi… https://t.co/jTTkUE4l0L,1,neutral,1,neutral,neutral,1,0,Finistral-7B-LoRA (Alpaca prompt),tfns,-8.253084182739258,0.0002604589390102774,-0.0030837147496640682,0.9969394207000732,-5.8780837059021,0.002800197806209326
116,Fed surprises market with program to support corporate bonds amid coronavirus pandemic https://t.co/NLeJwjmyXw,1,neutral,1,neutral,neutral,1,0,Finistral-7B-LoRA (Alpaca prompt),tfns,-11.063335418701172,1.5676934708608314e-05,-0.0008351890719495714,0.999180257320404,-7.125835418701172,0.0008040733519010246
117,"Highlight: The Fed has launched an unprecedented round of asset purchases. ""The idea here is the Federal Reserve is… https://t.co/9J31vhPbUG",1,neutral,1,neutral,neutral,1,0,Finistral-7B-LoRA (Alpaca prompt),tfns,-12.812610626220703,2.7262083222012734e-06,-0.0001102625101339072,0.9999011754989624,-9.250110626220703,9.610215784050524e-05
118,The World Bank plans to lend Uganda $1.9 billion to help finance the East African nation's budget deficit https://t.co/Yxiz7BduSw,1,neutral,1,neutral,neutral,1,0,Finistral-7B-LoRA (Alpaca prompt),tfns,-5.658286094665527,0.0034886335488408804,-0.033286310732364655,0.9673014283180237,-3.5332863330841064,0.02920997142791748
119,"""We encourage families to explore virtual #financialliteracy resources. The Federal Reserve Bank of Richmond create… https://t.co/heJwnQ4RoN",1,neutral,1,neutral,neutral,1,0,Finistral-7B-LoRA (Alpaca prompt),tfns,-16.875003814697266,4.691161592518256e-08,-3.6954811548639555e-06,0.9999994039535522,-14.312503814697266,6.083590733396704e-07
120,Africa-Europe Alliance: Denmark provides 10 million for sustainable development under the EU External Investment P… https://t.co/fdp58lt4xu,1,neutral,1,neutral,neutral,1,0,Finistral-7B-LoRA (Alpaca prompt),tfns,-15.750032424926758,1.444940380679327e-07,-3.266281055402942e-05,0.9999723434448242,-10.500032424926758,2.753568878688384e-05
121,Bank agencies announced they'll temporarily lower the community bank leverage ratio to 8%. The rule change - requir… https://t.co/m6N7S7zEwo,1,neutral,2,positive,positive,0,0,Finistral-7B-LoRA (Alpaca prompt),tfns,-7.464587688446045,0.000573064258787781,-2.464587688446045,0.08505027741193771,-0.08958763629198074,0.9143766760826111
122,Bank of Ireland : Mortgage Bank - 7 KB #BankofIreland #Stock #MarketScreener https://t.co/1UOheYSgzq https://t.co/EmpEi8jWMG,1,neutral,1,neutral,neutral,1,0,Finistral-7B-LoRA (Alpaca prompt),tfns,-10.12513256072998,4.006217932328582e-05,-0.00013243274588603526,0.9999222755432129,-10.18763256072998,3.763493805308826e-05
123,Bank of Jamaica 14-Day Repo Auction Announcement -24 February 2020 #Stock #MarketScreener https://t.co/aLTELpPUc3 https://t.co/ZFCCNZVhWK,1,neutral,1,neutral,neutral,1,0,Finistral-7B-LoRA (Alpaca prompt),tfns,-13.375012397766113,1.553496758788242e-06,-1.2516897186287679e-05,0.9999977350234985,-14.125012397766113,7.338198884099256e-07
124,Bank of Jamaica 30-day CD Auction Press Release #economy #MarketScreener https://t.co/GXh2AJS7u7 https://t.co/4tV8ge3FKr,1,neutral,1,neutral,neutral,1,0,Finistral-7B-LoRA (Alpaca prompt),tfns,-15.375008583068848,2.102432858919201e-07,-8.4638240878121e-06,0.9999995231628418,-15.125008583068848,2.6995769530913094e-07
125,Brazil economists forecast more rate cuts ahead https://t.co/MVimfZn0x9,1,neutral,1,neutral,neutral,1,0,Finistral-7B-LoRA (Alpaca prompt),tfns,-11.687565803527832,8.397639248869382e-06,-6.627816765103489e-05,0.9999401569366455,-9.875065803527832,5.144178430782631e-05
126,Buyback Backlash Begins: Fed Will Limit Buybacks & Dividends For Companies Using Its Credit Facility https://t.co/qvANL8EAGI,1,neutral,0,negative,negative,0,0,Finistral-7B-LoRA (Alpaca prompt),tfns,-0.014292844571173191,0.9858304858207703,-4.2642927169799805,0.014062115922570229,-9.13929271697998,0.00010736558760982007
127,Central Bank of Nigeria Communique No. 128 of the Monetary Policy Committee Meeting of Jan... #Stock… https://t.co/Vhs3QezjMh,1,neutral,1,neutral,neutral,1,0,Finistral-7B-LoRA (Alpaca prompt),tfns,-13.187515258789062,1.8738679727903218e-06,-1.5258672647178173e-05,0.999994158744812,-12.437515258789062,3.96697851101635e-06
128,"Central banks don’t have as much monetary policy power as they used to, former BOE policy maker Ian McCafferty says https://t.co/LjFUOi4x2A",1,neutral,1,neutral,neutral,1,0,Finistral-7B-LoRA (Alpaca prompt),tfns,-8.375234603881836,0.0002305066300323233,-0.0002343380037928,0.9997691512107849,-15.000234603881836,3.058316906390246e-07
129,Cleveland Fed President Loretta Mester said the coronavirus outbreak is a threat to the economy but doesn't yet jus… https://t.co/KpqpNnFL4L,1,neutral,0,negative,negative,0,0,Finistral-7B-LoRA (Alpaca prompt),tfns,-0.6933993697166443,0.4999921917915344,-0.6933993697166443,0.4999921917915344,-11.068399429321289,1.560119926580228e-05
130,Efforts to support the faltering economy could extend to some form of direct yield curve control. New… https://t.co/Cd4JvxMiXA,1,neutral,1,neutral,neutral,1,0,Finistral-7B-LoRA (Alpaca prompt),tfns,-9.008811950683594,0.0001223362924065441,-0.008811874315142632,0.9913012385368347,-4.758811950683594,0.008576435968279839
131,"Fed Chair Jay Powell grilled on China's cryptocurrency plans, US response https://t.co/9tkOjL0blx by @readDanwrite https://t.co/urM93khqZo",1,neutral,1,neutral,neutral,1,0,Finistral-7B-LoRA (Alpaca prompt),tfns,-15.062503814697266,2.8736849344568327e-07,-3.4570634852570947e-06,0.9999996423721313,-16.500003814697266,6.825601417403959e-08
132,Fed Chair Jerome Powell was chided by a Democratic lawmaker for his attendance at a party thrown by Amazon CEO Jeff… https://t.co/BNq5I9PUqc,1,neutral,1,neutral,neutral,1,0,Finistral-7B-LoRA (Alpaca prompt),tfns,-8.750161170959473,0.00015843620349187404,-0.00016151554882526398,0.9998414516448975,-16.18766212463379,9.328014982656896e-08
133,Fed Chairman Jerome Powell puts lawmakers on notice that fiscal policy may need to play a bigger role countering do… https://t.co/URFHNRkmfh,1,neutral,1,neutral,neutral,1,0,Finistral-7B-LoRA (Alpaca prompt),tfns,-9.375091552734375,8.481083204969764e-05,-9.178694017464295e-05,0.9999127388000488,-12.937591552734375,2.40589815803105e-06
134,Fed minutes to tell a story,1,neutral,1,neutral,neutral,1,0,Finistral-7B-LoRA (Alpaca prompt),tfns,-12.187512397766113,5.093692834634567e-06,-1.2516897186287679e-05,0.9999924898147583,-12.937512397766113,2.406090061413124e-06
135,Fed Officials Weigh Risks Of Covid-19 -- Update #economy #MarketScreener https://t.co/1pQjFOAdWi https://t.co/nxTApO6GEp,1,neutral,1,neutral,neutral,1,0,Finistral-7B-LoRA (Alpaca prompt),tfns,-10.812545776367188,2.014533311012201e-05,-4.6132929128361866e-05,0.9999620914459229,-10.937545776367188,1.7778194887796417e-05
136,Fed President Loretta Mester due to speak in 5 minutes.,1,neutral,1,neutral,neutral,1,0,Finistral-7B-LoRA (Alpaca prompt),tfns,-13.437506675720215,1.4593740615964634e-06,-7.152531907195225e-06,0.9999970197677612,-13.375006675720215,1.5534956219198648e-06
137,"Fed removes reference to ""global developments"", has yet to blame global warming for repo crisis",1,neutral,1,neutral,neutral,1,0,Finistral-7B-LoRA (Alpaca prompt),tfns,-14.75000286102295,3.9278612007365155e-07,-3.099436753473128e-06,0.9999994039535522,-15.75000286102295,1.444979460529794e-07
138,Fed’s Rosengren Says Pursuing 2% Inflation Could Distort Markets,1,neutral,1,neutral,neutral,1,0,Finistral-7B-LoRA (Alpaca prompt),tfns,-12.000007629394531,6.144172857602825e-06,-7.510157047363464e-06,0.9999935626983643,-14.937507629394531,3.2562923024670454e-07
139,Federal Reserve Keeps Rates Steady and Sees Long Pause #currency #MarketScreener https://t.co/tpSm4ZImNv https://t.co/f5uwKiweEN,1,neutral,1,neutral,neutral,1,0,Finistral-7B-LoRA (Alpaca prompt),tfns,-12.875016212463379,2.5612691842979984e-06,-1.585470999998506e-05,0.9999923706054688,-12.187516212463379,5.093692379887216e-06
140,Federal Reserve officials will feel comfortable maintaining their wait-and-see posture on interest rates after Frid… https://t.co/Jlpmp7kwVr,1,neutral,1,neutral,neutral,1,0,Finistral-7B-LoRA (Alpaca prompt),tfns,-11.312544822692871,1.2218796655361075e-05,-4.494089080253616e-05,0.9999649524688721,-10.687544822692871,2.2827718566986732e-05
141,Fed's 42-Day Repo 2x Oversubscribed In Scramble For Year End Liquidity https://t.co/skVPSppwaY,1,neutral,1,neutral,neutral,1,0,Finistral-7B-LoRA (Alpaca prompt),tfns,-10.375088691711426,3.120030669379048e-05,-8.868777513271198e-05,0.9999173879623413,-9.875088691711426,5.144061287865043e-05
142,Fed's Bullard said actions taken by the Fed and other authorities during this time period shouldn't be seen as stim… https://t.co/gJ9vd4Qttq,1,neutral,1,neutral,neutral,1,0,Finistral-7B-LoRA (Alpaca prompt),tfns,-14.062501907348633,7.811483442310418e-07,-1.7881377516459906e-06,0.9999991655349731,-16.312501907348633,8.233241999278107e-08
143,Fed's Mester says central bank can watch and wait on interest rates,1,neutral,1,neutral,neutral,1,0,Finistral-7B-LoRA (Alpaca prompt),tfns,-13.437506675720215,1.4593759942727047e-06,-6.9141146923357155e-06,0.9999983310699463,-15.312506675720215,2.2380255870757537e-07
144,Fed's Rosengren backs 'patient' approach to any interest-rate moves,1,neutral,1,neutral,neutral,1,0,Finistral-7B-LoRA (Alpaca prompt),tfns,-14.187506675720215,6.893606041558087e-07,-6.9141146923357155e-06,0.9999986886978149,-14.312506675720215,6.083586185923195e-07
145,Fed's Williams says rates are 'in the right place' but policy is not set in stone,1,neutral,1,neutral,neutral,1,0,Finistral-7B-LoRA (Alpaca prompt),tfns,-11.020574569702148,1.6361847883672453e-05,-0.02057424932718277,0.9796516299247742,-3.8955743312835693,0.02033201977610588
146,Global Risks to Extend Czech Rate Lockdown: Decision Day Guide,1,neutral,1,neutral,neutral,1,0,Finistral-7B-LoRA (Alpaca prompt),tfns,-10.00005054473877,4.539775545708835e-05,-5.090107151772827e-05,0.9999520778656006,-12.87505054473877,2.561165956649347e-06
147,"Heard on the Street: The Fed may need banks to lever up to absorb more activity, but it needs to do so in a way tha… https://t.co/m6nXfI4or7",1,neutral,1,neutral,neutral,1,0,Finistral-7B-LoRA (Alpaca prompt),tfns,-13.562504768371582,1.2878944062322262e-06,-5.006777428206988e-06,0.9999980926513672,-14.250004768371582,6.475939926531282e-07
148,"In the battle of central-bank stimulus bazookas, the Fed is winning out https://t.co/dw2zb5Zi3b",1,neutral,1,neutral,neutral,1,0,Finistral-7B-LoRA (Alpaca prompt),tfns,-11.37514591217041,1.1477351108624134e-05,-0.0001456631434848532,0.9998650550842285,-9.00014591217041,0.0001233931543538347
149,"In undertaking what will undoubtedly be its largest rescue effort ever, the Federal Reserve announced programs that… https://t.co/iMHp4NZFeV",1,neutral,1,neutral,neutral,1,0,Finistral-7B-LoRA (Alpaca prompt),tfns,-14.187505722045898,6.893602630952955e-07,-5.602820692729438e-06,0.9999982118606567,-13.750005722045898,1.0677021009541932e-06
150,Indonesia's central bank says the New York Federal Reserve will provide it with a $60 billion repurchase facility t… https://t.co/8mWrf9uPDI,1,neutral,1,neutral,neutral,1,0,Finistral-7B-LoRA (Alpaca prompt),tfns,-14.87500286102295,3.466323335032939e-07,-2.861018856492592e-06,0.9999988079071045,-13.93750286102295,8.851566235534847e-07
151,Italy may be willing to compromise on its holdout against a German plan for further integration of the EU’s banking… https://t.co/6z5rU3nonk,1,neutral,1,neutral,neutral,1,0,Finistral-7B-LoRA (Alpaca prompt),tfns,-11.566132545471191,9.482054338150192e-06,-0.003632734064012766,0.9963969588279724,-5.628632545471191,0.00359356845729053
152,"LISTEN NOW: The Fed continues to make moves to combat the coronavirus crisis, including assuring limitless asset pu… https://t.co/2g1K81EdRO",1,neutral,1,neutral,neutral,1,0,Finistral-7B-LoRA (Alpaca prompt),tfns,-13.937507629394531,8.851546340338245e-07,-7.867782187531702e-06,0.999996542930603,-12.875007629394531,2.5612798708607443e-06
153,LIVE: Fed Chair Powell testifies before the Senate Banking Committee https://t.co/RsYYaf1Et1,1,neutral,1,neutral,neutral,1,0,Finistral-7B-LoRA (Alpaca prompt),tfns,-15.50000286102295,1.8553906500073936e-07,-3.3378546504536644e-06,0.9999995231628418,-15.00000286102295,3.05902176478412e-07
154,Markets bet Fed is pushed to cut rates in coronavirus response https://t.co/4NDOpE6Kka https://t.co/8L2dYY8EYK,1,neutral,1,neutral,neutral,1,0,Finistral-7B-LoRA (Alpaca prompt),tfns,-9.437768936157227,7.966037810547277e-05,-0.00026925752172246575,0.9997618794441223,-8.750268936157227,0.00015842358698137105
155,Minneapolis Fed chief Neel Kashkari says monetary policy can play the kind of redistributing role once thought to b… https://t.co/urzkYwOgOy,1,neutral,1,neutral,neutral,1,0,Finistral-7B-LoRA (Alpaca prompt),tfns,-15.125003814697266,2.6995743951374607e-07,-3.4570634852570947e-06,0.9999985694885254,-13.625003814697266,1.209865445161995e-06
156,Morocco is considering tapping at least part of a $2.97 billion liquidity line with the IMF as the coronavirus outb… https://t.co/8Fn0bGuM7L,1,neutral,1,neutral,neutral,1,0,Finistral-7B-LoRA (Alpaca prompt),tfns,-6.626471996307373,0.0013248870382085443,-0.0014721043407917023,0.9985729455947876,-9.188972473144531,0.00010216431837761775
157,New Zealand central bank governor Adrian Orr may signal he's prepared to cut interest rates to cushion the economic... https://t.co/i8Oz63zrZK,1,neutral,1,neutral,neutral,1,0,Finistral-7B-LoRA (Alpaca prompt),tfns,-10.250055313110352,3.5355820728000253e-05,-5.566918844124302e-05,0.9999524354934692,-11.312555313110352,1.2218643860251177e-05
158,Norway's central bank governor says it's too early to reach any conclusions on the long term outlook for inflation https://t.co/Jy76GFLKm2,1,neutral,1,neutral,neutral,1,0,Finistral-7B-LoRA (Alpaca prompt),tfns,-15.062501907348633,2.8736849344568327e-07,-1.7881377516459906e-06,0.9999996423721313,-17.500001907348633,2.5109981649507063e-08
159,Praet: ECB Needs Governments to Act,1,neutral,1,neutral,neutral,1,0,Finistral-7B-LoRA (Alpaca prompt),tfns,-11.437520980834961,1.0783269317471422e-05,-2.1457441107486375e-05,0.9999852180480957,-12.437520980834961,3.966943040722981e-06
160,"Rabobank: ""Fed's Kashkari Has Just Come Out With A Jaw-Dropping Policy Shift"" https://t.co/8TYLEPXBXU",1,neutral,1,neutral,neutral,1,0,Finistral-7B-LoRA (Alpaca prompt),tfns,-11.437899589538574,1.0779214790090919e-05,-0.0003999863693024963,0.9996092915534973,-7.875400066375732,0.0003799804544541985
161,"RBI May Cut Rates Later This Year, TS Lombard Says",1,neutral,1,neutral,neutral,1,0,Finistral-7B-LoRA (Alpaca prompt),tfns,-12.375046730041504,4.222683855914511e-06,-4.684815212385729e-05,0.9999604225158691,-10.250046730041504,3.53561008523684e-05
162,RBI’s Long-Term Repo Operations Seen As Stealth Move To Bring Down Rates,1,neutral,1,neutral,neutral,1,0,Finistral-7B-LoRA (Alpaca prompt),tfns,-13.062511444091797,2.1233663574093953e-06,-1.1920858014491387e-05,0.9999921321868896,-12.062511444091797,5.771907581220148e-06
163,Spain to guarantee up to 80% of SME bank loans to ease virus impact #economy #MarketScreener https://t.co/SAmTS65y1z https://t.co/JFT2FzyZVp,1,neutral,1,neutral,neutral,1,0,Finistral-7B-LoRA (Alpaca prompt),tfns,-5.677064895629883,0.003423756454139948,-0.05206504836678505,0.9493127465248108,-3.052065134048462,0.0472634993493557
164,The Bank of England's Financial Policy Committee says it's prepared to take further action as needed to help the fi… https://t.co/nXFVWsODV3,1,neutral,1,neutral,neutral,1,0,Finistral-7B-LoRA (Alpaca prompt),tfns,-14.937506675720215,3.256305944887572e-07,-6.318072337307967e-06,0.9999977350234985,-13.125006675720215,1.994729245780036e-06
165,The Bank of England's Term Funding Scheme... #Stock #MarketScreener https://t.co/UYAUVEOvlM https://t.co/SeJVLxIyZA,1,neutral,1,neutral,neutral,1,0,Finistral-7B-LoRA (Alpaca prompt),tfns,-15.812508583068848,1.3574310742114903e-07,-8.22540732769994e-06,0.9999983310699463,-13.375008583068848,1.5534976682829438e-06
166,The Committee lowers the CBR to 7.25PC #Stock #MarketScreener https://t.co/fUgL7df83o https://t.co/p3lSsTQ3JL,1,neutral,1,neutral,neutral,1,0,Finistral-7B-LoRA (Alpaca prompt),tfns,-5.858680725097656,0.002855926286429167,-0.046180687844753265,0.955176591873169,-3.1711807250976562,0.04196752980351448
167,"The consensus case for following the Fed is right, Ashok Bhatia of Neuberger Bergman tells @FerroTV… https://t.co/O4PII3Nx4S",1,neutral,1,neutral,neutral,1,0,Finistral-7B-LoRA (Alpaca prompt),tfns,-13.562606811523438,1.2877715107606491e-06,-0.00010656742961145937,0.999902606010437,-9.250106811523438,9.610229608369991e-05
168,The Fed mounted an extraordinary new array of programs to offset the 'severe disruptions' to the economy caused by… https://t.co/Q0oP8CE8Vy,1,neutral,1,neutral,neutral,1,0,Finistral-7B-LoRA (Alpaca prompt),tfns,-8.375297546386719,0.0002304941153852269,-0.00029774048016406596,0.9997147917747498,-9.812797546386719,5.474714998854324e-05
169,The Federal Reserve has launched an array of programs aimed at helping the markets and economy through the coronavi… https://t.co/pEUAkq0LF0,1,neutral,1,neutral,neutral,1,0,Finistral-7B-LoRA (Alpaca prompt),tfns,-13.56251049041748,1.2878886082035024e-06,-1.0847986231965479e-05,0.9999935626983643,-12.18751049041748,5.093698291602777e-06
170,"The Federal Reserve System includes 12 districts. Using those numbers, 1-12, is a handy way to learn about the cent… https://t.co/cbNWuE9tqT",1,neutral,1,neutral,neutral,1,0,Finistral-7B-LoRA (Alpaca prompt),tfns,-17.6875057220459,2.0816910861753968e-08,-6.6756979322235566e-06,0.9999998807907104,-16.2500057220459,8.764247638737288e-08
171,"The FRED Blog: Since the end of the Great Recession, market-based measures of long-run inflation expectations have… https://t.co/0xHldQgKkG",1,neutral,1,neutral,neutral,1,0,Finistral-7B-LoRA (Alpaca prompt),tfns,-16.625001907348633,6.023572751701067e-08,-2.145764938177308e-06,0.9999997615814209,-15.812501907348633,1.3574330637311505e-07
172,The IMF may launch a new program that could back up the Federal Reserve's campaign to keep dollars flowing in the g… https://t.co/lKciLE5v3x,1,neutral,1,neutral,neutral,1,0,Finistral-7B-LoRA (Alpaca prompt),tfns,-13.187557220458984,1.8737790696832235e-06,-5.721882189391181e-05,0.9999467134475708,-9.875057220458984,5.144212263985537e-05
173,The Most Momentous Rate Decision This Month Isn’t at Fed or ECB,1,neutral,1,neutral,neutral,1,0,Finistral-7B-LoRA (Alpaca prompt),tfns,-12.250007629394531,4.785088094649836e-06,-7.510157047363464e-06,0.9999938011169434,-13.500007629394531,1.3709505992665072e-06
174,"-The U.K. will go into full lockdown to stymie the spread of coronavirus
-The Fed offers to directly finance U.S. c… https://t.co/ruvvXSN2l8",1,neutral,1,neutral,neutral,1,0,Finistral-7B-LoRA (Alpaca prompt),tfns,-4.635318756103516,0.009703162126243114,-0.010318975895643234,0.9897493720054626,-7.510318756103516,0.0005474148783832788
175,Top economists say that the spread of the new coronavirus outbreak makes it more likely that the Federal Reserve wi… https://t.co/tvoJevdk2y,1,neutral,1,neutral,neutral,1,0,Finistral-7B-LoRA (Alpaca prompt),tfns,-10.187636375427246,3.7633257306879386e-05,-0.00013660451804753393,0.9998775720596313,-9.375136375427246,8.480784890707582e-05
176,Two crisis-veteran Federal Reserve officials said the central bank has plenty of room for more moves following a fl… https://t.co/8tGk3P7TPq,1,neutral,1,neutral,neutral,1,0,Finistral-7B-LoRA (Alpaca prompt),tfns,-7.538498401641846,0.0005322245415300131,-0.22599820792675018,0.7977619171142578,-1.6009981632232666,0.20170579850673676
177,"Two weeks later, no change, Fed ain't stopping the selling",1,neutral,0,negative,negative,0,0,Finistral-7B-LoRA (Alpaca prompt),tfns,-0.2812795042991638,0.7548528909683228,-1.4062795639038086,0.2450648546218872,-9.406279563903809,8.22101064841263e-05
178,U.S. Fed preparing to buy new small business payroll loans: Wall Street Journal https://t.co/bKlfm9QFgB https://t.co/ZnUbuWVFFu,1,neutral,2,positive,positive,0,0,Finistral-7B-LoRA (Alpaca prompt),tfns,-8.850375175476074,0.00014333157741930336,-2.3503754138946533,0.09533579647541046,-0.10037533938884735,0.9045208692550659
179,UK starts first stage of 330 billion pound loan guarantee scheme https://t.co/hZiqmzoZBr https://t.co/0z6Kisr3Oe,1,neutral,1,neutral,neutral,1,0,Finistral-7B-LoRA (Alpaca prompt),tfns,-12.37501335144043,4.222803909215145e-06,-1.3232143828645349e-05,0.9999887943267822,-11.87501335144043,6.9622265073121525e-06
180,Zambia’s kwacha staged a comeback on Tuesday after the central bank raised the amount of funds that commercial lend… https://t.co/oS097rGn8S,1,neutral,2,positive,positive,0,0,Finistral-7B-LoRA (Alpaca prompt),tfns,-10.563015937805176,2.5854813429759815e-05,-7.625515937805176,0.00048784457612782717,-0.0005160430446267128,0.9994863271713257
181,Bank of America sees demand surge for paycheck protection loans https://t.co/6feALqK8zN,0,negative,2,positive,positive,0,0,Finistral-7B-LoRA (Alpaca prompt),tfns,-7.391697883605957,0.0006163775688037276,-4.141697883605957,0.015896588563919067,-0.01669788546860218,0.9834871292114258
182,$HON - Honeywell says MAX production freeze to hurt 2020 sales growth https://t.co/ADon2RBcIz,0,negative,0,negative,negative,1,0,Finistral-7B-LoRA (Alpaca prompt),tfns,-3.40932747349143e-05,0.9999783039093018,-12.81253433227539,2.7264186428510584e-06,-10.87503433227539,1.8925094991573133e-05
183,Africa retailer Jumia suspends e-commerce in Cameroon,0,negative,0,negative,negative,1,0,Finistral-7B-LoRA (Alpaca prompt),tfns,-0.014292021282017231,0.9859259724617004,-4.264292240142822,0.014063477516174316,-11.451791763305664,1.0631662007654086e-05
184,Amazon blames holiday delivery delays on winter storms and high demand https://t.co/TjLnFZBE44,0,negative,1,neutral,neutral,0,0,Finistral-7B-LoRA (Alpaca prompt),tfns,-2.127434730529785,0.11915479600429535,-0.12743474543094635,0.8804414868354797,-7.814934730529785,0.000403702724725008
185,Beckhams’ business empire sees revenues drop 18% https://t.co/Vyukksr4NP,0,negative,0,negative,negative,1,0,Finistral-7B-LoRA (Alpaca prompt),tfns,-0.0001951265730895102,0.9998268485069275,-8.750195503234863,0.0001584338751854375,-11.125195503234863,1.4736645425728057e-05
186,BREAKING: FDA issues ban on some fruit and mint flavored vaping products https://t.co/MxWx3AqSi8,0,negative,0,negative,negative,1,0,Finistral-7B-LoRA (Alpaca prompt),tfns,-0.00043764073052443564,0.9995799660682678,-7.8754377365112305,0.00037996930768713355,-10.12543773651123,4.004846414318308e-05
187,Bristol-Myers says trial of Opdivo plus Yervoy in melanoma treatment failed to meet main goal,0,negative,0,negative,negative,1,0,Finistral-7B-LoRA (Alpaca prompt),tfns,-4.9828242481453344e-05,0.9999576807022095,-10.250049591064453,3.5356006264919415e-05,-11.875049591064453,6.962010047573131e-06
188,Casino Operator Wynn Resorts Is Losing Up To $2.6 Million Per Day From Coronavirus Shutdown,0,negative,0,negative,negative,1,0,Finistral-7B-LoRA (Alpaca prompt),tfns,-0.00012587709352374077,0.9999150037765503,-9.500125885009766,7.484547677449882e-05,-11.500125885009766,1.012923166854307e-05
189,"China Solar Group Flags Raw Material, Labor Shortages on Virus",0,negative,0,negative,negative,1,0,Finistral-7B-LoRA (Alpaca prompt),tfns,-0.0005384425749070942,0.9995088577270508,-7.625538349151611,0.00048785554827190936,-12.62553882598877,3.2871446364879375e-06
190,Fiat Chrysler Relies on Ram Growth as Europe Losses Mount,0,negative,1,neutral,neutral,0,0,Finistral-7B-LoRA (Alpaca prompt),tfns,-6.626443862915039,0.001324878423474729,-0.001443654764443636,0.9985664486885071,-9.126443862915039,0.00010875264706555754
191,"Ford recalls 262,000 pickup trucks with defective tailgate latches https://t.co/r1OmCaHlBs",0,negative,0,negative,negative,1,0,Finistral-7B-LoRA (Alpaca prompt),tfns,-0.0004292996891308576,0.9995957016944885,-7.875429153442383,0.0003799752739723772,-10.625429153442383,2.42910064116586e-05
192,Fox says cable ad revenue was hurt by impeachment coverage last quarter,0,negative,0,negative,negative,1,0,Finistral-7B-LoRA (Alpaca prompt),tfns,-0.00017248096992261708,0.9998500347137451,-8.87517261505127,0.00013982066593598574,-11.50017261505127,1.0128574103873689e-05
193,"ICYMI: Transport for London said Uber $UBER was not ""fit and proper"" to hold an operating license in London after a… https://t.co/6KXYb2e38V",0,negative,0,negative,negative,1,0,Finistral-7B-LoRA (Alpaca prompt),tfns,-5.507317473529838e-05,0.9999645948410034,-10.375055313110352,3.120178007520735e-05,-12.375055313110352,4.222701591061195e-06
194,Jetstar to cut capacity by 10% in January as pilots take industrial action,0,negative,0,negative,negative,1,0,Finistral-7B-LoRA (Alpaca prompt),tfns,-0.20157189667224884,0.817510187625885,-1.7015719413757324,0.18241119384765625,-9.451571464538574,7.857225864427164e-05
195,Lowe's to shut 34 Canadian stores as it reports revenue miss,0,negative,0,negative,negative,1,0,Finistral-7B-LoRA (Alpaca prompt),tfns,-3.0278701160568744e-05,0.9999791383743286,-10.875030517578125,1.8925111362477764e-05,-13.187530517578125,1.8738397784545668e-06
196,Macy's says temporary issue with e-commerce business also impacted Q3 performance,0,negative,0,negative,negative,1,0,Finistral-7B-LoRA (Alpaca prompt),tfns,-0.0025037152227014303,0.9975245594978333,-6.002503871917725,0.0024726162664592266,-12.752503395080566,2.8951360491191735e-06
197,Mahindra Says Coronavirus May Jeopardize India Emissions Rollout,0,negative,0,negative,negative,1,0,Finistral-7B-LoRA (Alpaca prompt),tfns,-0.0019421778852120042,0.9980698227882385,-6.251942157745361,0.0019267280586063862,-12.56444263458252,3.4941094781970605e-06
198,Major blockchain developer ConsenSys announces job losses #economy #MarketScreener https://t.co/ryVmI8mEkG https://t.co/bw56wJfVGF,0,negative,0,negative,negative,1,0,Finistral-7B-LoRA (Alpaca prompt),tfns,-0.0001137191939051263,0.9999097585678101,-9.375113487243652,8.481057739118114e-05,-12.125113487243652,5.421758942247834e-06
199,"NTSB cites Uber, driver in fatal crash",0,negative,0,negative,negative,1,0,Finistral-7B-LoRA (Alpaca prompt),tfns,-0.0002162222663173452,0.9998308420181274,-8.750216484069824,0.00015843451546970755,-11.437716484069824,1.0781604942167178e-05
200,NVIDIA's New Cloud Service Could Spell Doom for Google's Stadia,0,negative,0,negative,negative,1,0,Finistral-7B-LoRA (Alpaca prompt),tfns,-0.02642119862139225,0.9739716053009033,-3.651421308517456,0.02595546282827854,-9.526421546936035,7.290356006706133e-05
201,"Oaktree Strategic Income NII misses by $0.01, misses on total investment income",0,negative,0,negative,negative,1,0,Finistral-7B-LoRA (Alpaca prompt),tfns,-7.128461584215984e-05,0.9999431371688843,-10.00007152557373,4.539734800346196e-05,-11.37507152557373,1.147824696090538e-05
202,PG&E Loses Half of Financial Backing for Bankruptcy in New Pacts,0,negative,0,negative,negative,1,0,Finistral-7B-LoRA (Alpaca prompt),tfns,-0.0016583750257268548,0.9983593821525574,-6.5016584396362305,0.00150097266305238,-8.87665843963623,0.0001396122097503394
203,"Stock Market Live Updates: Home Depot faults tariffs, lumber prices for grim quarter - Yahoo Finance",0,negative,0,negative,negative,1,0,Finistral-7B-LoRA (Alpaca prompt),tfns,-0.35198774933815,0.7033140063285828,-2.351987838745117,0.09518319368362427,-1.6019877195358276,0.20150282979011536
204,"Trans Mountain Costs to Increase 70% to $9.5 Billion, CBC Says",0,negative,0,negative,negative,1,0,Finistral-7B-LoRA (Alpaca prompt),tfns,-8.535020606359467e-05,0.9999287128448486,-9.75008487701416,5.829050860484131e-05,-11.25008487701416,1.3006370863877237e-05
205,"Transport for London has decided not to extend Uber’s license to operate in the city. In a statement, transit offic… https://t.co/Wh2Fx1FLgh",0,negative,0,negative,negative,1,0,Finistral-7B-LoRA (Alpaca prompt),tfns,-4.053033626405522e-05,0.9999666213989258,-10.375040054321289,3.120184555882588e-05,-13.062540054321289,2.1233120151009643e-06
206,Tuna maker Bumble Bee Foods has filed for Chapter 11 bankruptcy protection. https://t.co/d2gVKB0BB3,0,negative,0,negative,negative,1,0,Finistral-7B-LoRA (Alpaca prompt),tfns,-0.0007344171172007918,0.9992889165878296,-7.500734329223633,0.0005526911118067801,-8.750734329223633,0.00015834864461794496
207,WeWork Could Leave Thousands Without Jobs,0,negative,0,negative,negative,1,0,Finistral-7B-LoRA (Alpaca prompt),tfns,-0.00020740265608765185,0.9998103976249695,-8.75020694732666,0.00015843127039261162,-10.37520694732666,3.119697066722438e-05
208,Exxon is cutting billions of dollars in investments to keep its financial footing during the worst oil-price rout i… https://t.co/MI5vCEkhlm,0,negative,0,negative,negative,1,0,Finistral-7B-LoRA (Alpaca prompt),tfns,-0.00011955977242905647,0.9999191761016846,-9.62511920928955,6.605116504942998e-05,-11.12511920928955,1.473800693929661e-05
209,$ICPT: Intercept Pharma reports publication of positive results from Phase 3 REGENERATE https://t.co/Md0lhRJikS,2,positive,2,positive,positive,1,0,Finistral-7B-LoRA (Alpaca prompt),tfns,-11.500120162963867,1.0128886970051099e-05,-9.125120162963867,0.00010889580880757421,-0.00012039413559250534,0.9998809099197388
210,$IEA - Infrastructure and Energy Alternatives secures two wind construction project awards totaling $115M https://t.co/hHMY90wYaC,2,positive,2,positive,positive,1,0,Finistral-7B-LoRA (Alpaca prompt),tfns,-11.375819206237793,1.1469538549135905e-05,-7.125819206237793,0.0008040767279453576,-0.0008191090892069042,0.9991844296455383
211,$KTOS: Kratos Defense and Security awarded a $39 million sole-source contract for Geolocation Global Support Servic… https://t.co/uPPTCX837l,2,positive,2,positive,positive,1,0,Finistral-7B-LoRA (Alpaca prompt),tfns,-10.814453125,2.0106876036152244e-05,-6.251953601837158,0.001926695927977562,-0.0019535997416824102,0.9980531930923462
212,$MGTA - Magenta up 15% on promising data on ADC conditioning agent https://t.co/pKMo1OORDm,2,positive,2,positive,positive,1,0,Finistral-7B-LoRA (Alpaca prompt),tfns,-12.250057220458984,4.784848442795919e-06,-9.875057220458984,5.1441966206766665e-05,-5.7338023907504976e-05,0.999943733215332
213,$RHHBY - Genentech nabs accelerated review status for risdiplam https://t.co/TlPBstlehr,2,positive,2,positive,positive,1,0,Finistral-7B-LoRA (Alpaca prompt),tfns,-8.511272430419922,0.0002011923788813874,-4.51127290725708,0.010984732769429684,-0.011272788047790527,0.9888140559196472
214,$SAGE - Sage Therapeutics to advance Huntington's candidate SAGE-718; shares up 2% https://t.co/Dhso6xIUJu,2,positive,2,positive,positive,1,0,Finistral-7B-LoRA (Alpaca prompt),tfns,-10.875131607055664,1.8923085008282214e-05,-9.125131607055664,0.00010889484838116914,-0.00013207517622504383,0.999872088432312
215,$SRNE UPDATE 1-Sorrento Therapeutics rejects all-cash takeout proposal; shares jump https://t.co/rPHkDVbzui via @YahooFinance,2,positive,2,positive,positive,1,0,Finistral-7B-LoRA (Alpaca prompt),tfns,-9.625085830688477,6.605088856304064e-05,-10.875085830688477,1.89238980965456e-05,-8.630380034446716e-05,0.9999150037765503
216,$ZGNX - FDA OKs Zogenix's Fintepla for Dravet syndrome https://t.co/vdfppIz1AN,2,positive,2,positive,positive,1,0,Finistral-7B-LoRA (Alpaca prompt),tfns,-12.250033378601074,4.784963039128343e-06,-10.500033378601074,2.753556145762559e-05,-3.3378044463461265e-05,0.9999676942825317
217,5 Reasons To Love Wendy's On Its 50th Birthday,2,positive,2,positive,positive,1,0,Finistral-7B-LoRA (Alpaca prompt),tfns,-10.098549842834473,4.11418077419512e-05,-1.223549485206604,0.29420286417007446,-0.348549485206604,0.7057560086250305
218,AT&T says it will continue investing in Mexico: Mexican president,2,positive,2,positive,positive,1,0,Finistral-7B-LoRA (Alpaca prompt),tfns,-11.626969337463379,8.922475899453275e-06,-2.126969337463379,0.11920187622308731,-0.12696941196918488,0.8807891607284546
219,BancorpSouth Bank boosts share repurchase program,2,positive,2,positive,positive,1,0,Finistral-7B-LoRA (Alpaca prompt),tfns,-12.812525749206543,2.726411821640795e-06,-10.750025749206543,2.1444890080601908e-05,-2.5629668016335927e-05,0.9999758005142212
220,Boeing : Deliveries 24 Jets in November #Boeing #Stock #MarketScreener https://t.co/jtBrv76jG6 https://t.co/s9q1BEhwcC,2,positive,2,positive,positive,1,0,Finistral-7B-LoRA (Alpaca prompt),tfns,-8.252241134643555,0.0002606873749755323,-2.127241373062134,0.11917184293270111,-0.127241313457489,0.8805674910545349
221,"Boeing 737 Max Net Orders Rise to -73 YTD in Nov. From -93 Oct. Yes, negative",2,positive,2,positive,positive,1,0,Finistral-7B-LoRA (Alpaca prompt),tfns,-1.7589970827102661,0.1722254753112793,-2.8839969635009766,0.055913425981998444,-0.2589970529079437,0.7718610167503357
222,Canada's TD Beats Its U.S. Banking Competitors on Their Own Turf,2,positive,2,positive,positive,1,0,Finistral-7B-LoRA (Alpaca prompt),tfns,-9.938359260559082,4.828678356716409e-05,-7.125859260559082,0.0008040471002459526,-0.0008592489175498486,0.9991476535797119
223,"Congratulations to Phreesia (NYSE: $PHR) who was just named 2020 Best in KLAS for Patient Intake Management 

Read... https://t.co/lgQFrG7lOr",2,positive,2,positive,positive,1,0,Finistral-7B-LoRA (Alpaca prompt),tfns,-11.938069343566895,6.536821274494287e-06,-7.500569820404053,0.0005527749890461564,-0.0005696581210941076,0.999440610408783
224,FDA Approves First Drug for Peanut Allergy,2,positive,2,positive,positive,1,0,Finistral-7B-LoRA (Alpaca prompt),tfns,-13.375205039978027,1.5531818462477531e-06,-8.500205039978027,0.00020342666539363563,-0.00020549570035655051,0.9997950196266174
225,Fortune Brands Home & Security (NYSE:FBHS) Shareholders Booked A 47% Gain In The Last Year,2,positive,2,positive,positive,1,0,Finistral-7B-LoRA (Alpaca prompt),tfns,-10.628207206726074,2.4223145373980515e-05,-5.753207206726074,0.003172605996951461,-0.003207065397873521,0.9968031644821167
226,Hastings Technology Metals : Bulk Ore Sorting Trial Shows Outstanding Results #HastingsTechnologyMetals #Stock… https://t.co/jH9XEyDAxJ,2,positive,2,positive,positive,1,0,Finistral-7B-LoRA (Alpaca prompt),tfns,-10.151496887207031,3.901834861608222e-05,-2.463996648788452,0.08509571850299835,-0.08899671584367752,0.914865255355835
227,J.P. Morgan: Bausch to better weather the market than other specialty drugmakers,2,positive,2,positive,positive,1,0,Finistral-7B-LoRA (Alpaca prompt),tfns,-8.127321243286133,0.0002953872026409954,-2.127321481704712,0.11916770786046982,-0.12732140719890594,0.8805368542671204
228,Mediaset CEO upbeat on reaching accord with Vivendi,2,positive,2,positive,positive,1,0,Finistral-7B-LoRA (Alpaca prompt),tfns,-14.062522888183594,7.811315754224779e-07,-10.750022888183594,2.1444930098368786e-05,-2.2649508537142538e-05,0.999977707862854
229,Microfinance Loan Portfolio Jumps 48% In September Quarter,2,positive,2,positive,positive,1,0,Finistral-7B-LoRA (Alpaca prompt),tfns,-9.944269180297852,4.800222086487338e-05,-5.006768703460693,0.006692530121654272,-0.006768869701772928,0.9932594895362854
230,"Microsoft Could Win Next Phase Of Cloud Battle, Wedbush Says",2,positive,2,positive,positive,1,0,Finistral-7B-LoRA (Alpaca prompt),tfns,-13.000078201293945,2.26015504267707e-06,-9.500078201293945,7.484606612706557e-05,-7.795983401592821e-05,0.9999228715896606
231,NVIDIA : GPU-Powered Semi Simulation Snags Coveted Research Award #NVIDIA #Stock #MarketScreener… https://t.co/03LwvaKx5q,2,positive,1,neutral,neutral,0,0,Finistral-7B-LoRA (Alpaca prompt),tfns,-11.3201904296875,1.2126490219088737e-05,-0.007690228521823883,0.9924107789993286,-4.8826904296875,0.007577149197459221
232,Pershing Square Holdings announces new $100M share buyback program,2,positive,2,positive,positive,1,0,Finistral-7B-LoRA (Alpaca prompt),tfns,-13.875003814697266,9.422420248483832e-07,-12.812503814697266,2.726467755564954e-06,-4.291525328881107e-06,0.9999963045120239
233,Publicis Signals Worst May Be Over for Struggling Ad Group,2,positive,2,positive,positive,1,0,Finistral-7B-LoRA (Alpaca prompt),tfns,-4.913692951202393,0.007346555590629578,-1.413692831993103,0.24328447878360748,-0.2886928617954254,0.7493689656257629
234,Sales of grounded Boeing 737 MAX gather pace at Dubai Airshow,2,positive,1,neutral,neutral,0,0,Finistral-7B-LoRA (Alpaca prompt),tfns,-3.7474184036254883,0.023581136018037796,-0.3724183142185211,0.6891418695449829,-1.2474182844161987,0.2872770428657532
235,Sales of grounded Boeing 737 MAX pick up steam at Dubai Airshow,2,positive,2,positive,positive,1,0,Finistral-7B-LoRA (Alpaca prompt),tfns,-3.4827282428741455,0.030726736411452293,-1.732728123664856,0.17682017385959625,-0.23272815346717834,0.7924529910087585
236,SourceDay Announces Record Growth as One of Austin’s Fastest-Growing Companies,2,positive,2,positive,positive,1,0,Finistral-7B-LoRA (Alpaca prompt),tfns,-12.250386238098145,4.783276381203905e-06,-7.8753862380981445,0.00037998269544914365,-0.0003861635341309011,0.9996151924133301
237,"Tezos rallies into the top ten cryptocurrencies, ousting Stellar",2,positive,2,positive,positive,1,0,Finistral-7B-LoRA (Alpaca prompt),tfns,-13.68754768371582,1.1365120826667408e-06,-10.00004768371582,4.5397813664749265e-05,-4.792098479811102e-05,0.9999533891677856
238,This chart shows how Vanguard’s explosive growth has ‘taken on a life of its own’: https://t.co/8IOnrejNLy,2,positive,1,neutral,neutral,0,0,Finistral-7B-LoRA (Alpaca prompt),tfns,-12.438425064086914,3.96337190977647e-06,-0.000925112864933908,0.9990849494934082,-7.000925064086914,0.0009110475657507777
239,UPDATE 1-Keystone operator TC Energy sees EBITDA exceeding C$10 bln in 2022,2,positive,2,positive,positive,1,0,Finistral-7B-LoRA (Alpaca prompt),tfns,-10.316615104675293,3.307900988147594e-05,-5.504115104675293,0.004070003051310778,-0.004115327261388302,0.9958969354629517
240,UPDATE 1-Qualcomm expects 5G phone sales to double in 2021,2,positive,2,positive,positive,1,0,Finistral-7B-LoRA (Alpaca prompt),tfns,-11.562942504882812,9.512154974800069e-06,-7.7504425048828125,0.0004305529873818159,-0.000442407006630674,0.9995599389076233
241,Why Walmart and Target are still winning with consumers https://t.co/TvPW2GzpQ6 by @DegrootMckenzie https://t.co/MHBf51cVBC,2,positive,2,positive,positive,1,0,Finistral-7B-LoRA (Alpaca prompt),tfns,-13.437684059143066,1.4591142871722695e-06,-8.625184059143066,0.00017952770576812327,-0.00018368464952800423,0.9998190999031067
242,$CVX - Chevron ramps output at key Venezuela oil project as U.S. weighs sanctions https://t.co/o4g9WuvJfo,2,positive,1,neutral,neutral,0,0,Finistral-7B-LoRA (Alpaca prompt),tfns,-7.876306056976318,0.00037963848444633186,-0.0013062763027846813,0.9987096786499023,-7.001306056976318,0.0009107053629122674
243,BP expects to keep Azeri ACG oil output stable as Shah Deniz gas powers ahead https://t.co/dcNqW5BxVN https://t.co/a0y3sr6K0u,2,positive,1,neutral,neutral,0,0,Finistral-7B-LoRA (Alpaca prompt),tfns,-11.210932731628418,1.3527865121432114e-05,-0.023433063179254532,0.9770094752311707,-3.773432970046997,0.022977059707045555
244,$AAPL - Apple delays theatrical debut of 'The Banker' https://t.co/vAHWmIoXp8,1,neutral,0,negative,negative,0,0,Finistral-7B-LoRA (Alpaca prompt),tfns,-0.4743894934654236,0.6223754286766052,-0.9743894934654236,0.37748977541923523,-8.91188907623291,0.000134800880914554
245,"$AAPL - Max out Apple's Mac Pro for $52,599 https://t.co/HIRuhy8Pqd",1,neutral,1,neutral,neutral,1,0,Finistral-7B-LoRA (Alpaca prompt),tfns,-11.937581062316895,6.540004960697843e-06,-8.093983342405409e-05,0.9999274015426636,-9.625081062316895,6.605171074625105e-05
246,$ACER - Acer Therapeutics: Upcoming Catalysts. https://t.co/vseXJ9e1nH #business #investing #markets,1,neutral,1,neutral,neutral,1,0,Finistral-7B-LoRA (Alpaca prompt),tfns,-13.438203811645508,1.4584621794710984e-06,-0.0007036832394078374,0.9993721842765808,-7.375703811645508,0.0006263331742957234
247,$APLS - Apellis Pharmaceuticals (APLS) Investor Presentation - Slideshow. Read more and get updates on any stock!… https://t.co/wJLXS3OeNb,1,neutral,1,neutral,neutral,1,0,Finistral-7B-LoRA (Alpaca prompt),tfns,-11.625319480895996,8.937051461543888e-06,-0.0003197873884346336,0.9996951818466187,-8.125319480895996,0.00029595449450425804
248,$ATRO - Astronics unveils universal radio field test solution https://t.co/diC9vddtwB,1,neutral,1,neutral,neutral,1,0,Finistral-7B-LoRA (Alpaca prompt),tfns,-12.188447952270508,5.089064416097244e-06,-0.000947622349485755,0.9990838766098022,-7.00094747543335,0.0009110465762205422
249,$AUDC: AudioCodes enters into royalty buyout agreement with the Israel National Authority for Technology and... https://t.co/YVzJTV68bn,1,neutral,1,neutral,neutral,1,0,Finistral-7B-LoRA (Alpaca prompt),tfns,-9.214160919189453,9.963080810848624e-05,-0.08916094154119492,0.9148097634315491,-2.464160919189453,0.08509056270122528
250,"$BA 737 MAX makes debut at Renton, Washington Factory - Bloomberg",1,neutral,1,neutral,neutral,1,0,Finistral-7B-LoRA (Alpaca prompt),tfns,-13.188325881958008,1.8723686707744491e-06,-0.0008256602450273931,0.9991940855979919,-7.125825881958008,0.000804084469564259
251,$BGNE: BeiGene reports clinical data on Tislelizumab https://t.co/f1bfcfhxoh,1,neutral,1,neutral,neutral,1,0,Finistral-7B-LoRA (Alpaca prompt),tfns,-9.6270112991333,6.592488352907822e-05,-0.0020114206708967686,0.9980074763298035,-6.252011299133301,0.0019266076851636171
252,$CMI - Cummins (CMI) Investor Presentation - Slideshow. Continue reading: https://t.co/4ropk5quxp #investing #stocks #business,1,neutral,1,neutral,neutral,1,0,Finistral-7B-LoRA (Alpaca prompt),tfns,-12.437952995300293,3.965277755924035e-06,-0.00045277358731254935,0.9995654225349426,-7.750452995300293,0.0004305553447920829
253,$DAN - Dana (DAN) Presents At 7th Annual Industrials Conference - Slideshow. Get more updates here:… https://t.co/34xt9wQ6lG,1,neutral,1,neutral,neutral,1,0,Finistral-7B-LoRA (Alpaca prompt),tfns,-10.881778717041016,1.8798486053128727e-05,-0.006779170595109463,0.9932884573936462,-5.006779193878174,0.006692724768072367
254,$ENLC - EnLink Midstream (ENLC) Presents At RBC Capital Markets Midstream Conference - Slideshow. Continue reading:… https://t.co/2mbkE6IWgW,1,neutral,1,neutral,neutral,1,0,Finistral-7B-LoRA (Alpaca prompt),tfns,-10.507662773132324,2.7327052521286532e-05,-0.007663138676434755,0.9923956394195557,-4.882663249969482,0.007577033713459969
255,$EPR: EPR Properties announces sale of charter school portfolio for approximately $454 mln; lowers FY19 FFO guidance https://t.co/i4GZ0uGlgp,1,neutral,0,negative,negative,0,0,Finistral-7B-LoRA (Alpaca prompt),tfns,-0.39015495777130127,0.6770492196083069,-1.1401549577713013,0.31981542706489563,-5.765154838562012,0.0031353600788861513
256,$EQNR $SU - Siccar Point attracts bids as high as nearly $2B - Reuters https://t.co/CMSO3XjoN1,1,neutral,2,positive,positive,0,0,Finistral-7B-LoRA (Alpaca prompt),tfns,-8.564043045043945,0.00019086645625066012,-6.689042568206787,0.00124460575170815,-0.0015425699530169368,0.9985645413398743
257,$INTI - Inhibitor Therapeutics to start prostate cancer treatment trial https://t.co/hKmHpHCXGJ,1,neutral,2,positive,positive,0,0,Finistral-7B-LoRA (Alpaca prompt),tfns,-6.377586841583252,0.0016994295874610543,-1.315086841583252,0.2684844136238098,-0.31508687138557434,0.729816198348999
258,$ITRN - Margins suffer at Ituran Location in Q3 https://t.co/cCI94Csl3s,1,neutral,0,negative,negative,0,0,Finistral-7B-LoRA (Alpaca prompt),tfns,-0.00011538793478393927,0.999903678894043,-9.500115394592285,7.484462548745796e-05,-10.750115394592285,2.1443343939608894e-05
259,$KSU - Kansas City Southern (KSU) Presents At 7th Annual Industrials Conference - Slideshow. Keep reading:… https://t.co/GndL4OFGVw,1,neutral,1,neutral,neutral,1,0,Finistral-7B-LoRA (Alpaca prompt),tfns,-10.252866744995117,3.525722786434926e-05,-0.0028666851576417685,0.9971639513969421,-5.877866744995117,0.002800828544422984
260,$LJPC (halted pre) La Jolla Pharmaceutical (LJPC) to Reassess Continued Development of LJPC-401 Based on Recent Mix… https://t.co/8wDkULKz7f,1,neutral,0,negative,negative,0,0,Finistral-7B-LoRA (Alpaca prompt),tfns,-5.9126061387360096e-05,0.9999544620513916,-10.312559127807617,3.321378244436346e-05,-11.312559127807617,1.2218668416608125e-05
261,$MDGL - Madrigal launches 1.2M-share stock offering by current investor https://t.co/V3c2xhnDBB,1,neutral,0,negative,negative,0,0,Finistral-7B-LoRA (Alpaca prompt),tfns,-0.700393795967102,0.4964592158794403,-0.700393795967102,0.4964592158794403,-4.9503936767578125,0.0070816101506352425
262,$MIST - Milestone Pharmaceuticals (MIST) Investor Presentation - Slideshow. Read more and get updates on any stock!… https://t.co/JDkL37unei,1,neutral,1,neutral,neutral,1,0,Finistral-7B-LoRA (Alpaca prompt),tfns,-12.87502670288086,2.5612364424887346e-06,-2.6464111215318553e-05,0.9999796152114868,-10.93752670288086,1.7778507753973827e-05
263,$NGL - NGL Energy Partners (NGL) Presents At RBC Capital Markets Midstream Conference - Slideshow. Keep reading:… https://t.co/KxjcrlAlcX,1,neutral,1,neutral,neutral,1,0,Finistral-7B-LoRA (Alpaca prompt),tfns,-11.440335273742676,1.075310956366593e-05,-0.002834947081282735,0.9971883893013,-5.877834796905518,0.002800897229462862
264,$NSC - Norfolk Southern (NSC) Presents At 7th Annual Industrials Conference - Slideshow. Follow this and any other… https://t.co/D8uQNEKjmz,1,neutral,1,neutral,neutral,1,0,Finistral-7B-LoRA (Alpaca prompt),tfns,-11.129125595092773,1.467899255658267e-05,-0.004125418607145548,0.9959152340888977,-5.504125595092773,0.004070078022778034
265,"$PBR $BAK - Petrobras CEO wants fast sale of Braskem, improved Brazil auction process https://t.co/utBwKEfXai",1,neutral,1,neutral,neutral,1,0,Finistral-7B-LoRA (Alpaca prompt),tfns,-7.131126403808594,0.0007998918881639838,-0.006126197054982185,0.9939841628074646,-5.256126403808594,0.005215950310230255
266,$PFBOF - Bumbershoot Holdings - 2019 Investor Letter. https://t.co/VSz41aei6i #finance #markets #stockmarket,1,neutral,1,neutral,neutral,1,0,Finistral-7B-LoRA (Alpaca prompt),tfns,-13.937520027160645,8.851494612827082e-07,-1.9907753085135482e-05,0.999990701675415,-11.687520027160645,8.39806398289511e-06
267,$PI - Impinj plans $75M private offering https://t.co/TgxgZBHfqy,1,neutral,1,neutral,neutral,1,0,Finistral-7B-LoRA (Alpaca prompt),tfns,-4.635226726531982,0.00970433745533228,-0.010226943530142307,0.9898692965507507,-7.760226726531982,0.0004263788287062198
268,$PZZA - Papa John's International (PZZA) Investor Presentation - Slideshow. Read more and sign up for updates:… https://t.co/S2JCz391yG,1,neutral,1,neutral,neutral,1,0,Finistral-7B-LoRA (Alpaca prompt),tfns,-13.000081062316895,2.260175051560509e-06,-8.105902816168964e-05,0.9999316930770874,-9.625081062316895,6.6051994508598e-05
269,$REGN: Regeneron Pharma and Sanofi (SNY) restructure Kevzara and Paluent agreement https://t.co/PH1vNcbN28,1,neutral,1,neutral,neutral,1,0,Finistral-7B-LoRA (Alpaca prompt),tfns,-4.61046838760376,0.009949767030775547,-0.11046847701072693,0.8956494331359863,-2.3604683876037598,0.09440075606107712
270,$RM - Regional Management (RM) Investor Presentation - Slideshow. Get more info on Seeking Alpha:… https://t.co/oTKMYsuWee,1,neutral,1,neutral,neutral,1,0,Finistral-7B-LoRA (Alpaca prompt),tfns,-11.125837326049805,1.4727130292158108e-05,-0.0008376903715543449,0.9991812109947205,-7.125837802886963,0.0008040741086006165
271,$SAVE - Spirit Airlines (SAVE) Investor Presentation - Slideshow. Subscribe to Seeking Alpha for more:… https://t.co/p8zUL1L274,1,neutral,1,neutral,neutral,1,0,Finistral-7B-LoRA (Alpaca prompt),tfns,-11.000412940979004,1.6695075828465633e-05,-0.0004128557338844985,0.9996033310890198,-7.875412940979004,0.00037997818435542285
272,$SO - Final containment ring placed for Georgia Power's Vogtle nuclear expansion https://t.co/gTNtdx755r,1,neutral,1,neutral,neutral,1,0,Finistral-7B-LoRA (Alpaca prompt),tfns,-10.377883911132812,3.111451951554045e-05,-0.0028835644479840994,0.9971680045127869,-5.877883434295654,0.002800839953124523
273,"$SRNE - Sorrento received, rejected unsolicited acquisition proposal https://t.co/jNJl3adLlp",1,neutral,1,neutral,neutral,1,0,Finistral-7B-LoRA (Alpaca prompt),tfns,-11.125020027160645,1.4738971913175192e-05,-1.966933996300213e-05,0.999984622001648,-14.250020027160645,6.475852956100425e-07
274,$VRML - Vermillion (VRML) Investor Presentation - Slideshow. Keep reading: https://t.co/Ms2VW2VLX3 #finance #stocks #business,1,neutral,1,neutral,neutral,1,0,Finistral-7B-LoRA (Alpaca prompt),tfns,-12.312532424926758,4.4951266318093985e-06,-3.266281055402942e-05,0.9999833106994629,-11.312532424926758,1.2219021300552413e-05
275,$XOM - Exxon to wrap up Beaumont hydrocracker restart next week - Reuters https://t.co/qF2gXFqc5r,1,neutral,1,neutral,neutral,1,0,Finistral-7B-LoRA (Alpaca prompt),tfns,-7.568722724914551,0.0005163820460438728,-0.6937225461006165,0.499741792678833,-0.6937225461006165,0.499741792678833
276,$XON: Intrexon to achieve $175 mln cash goal; appoints Helen Sabzevari as New President and CEO; will change name t… https://t.co/1Yt9sU0plb,1,neutral,1,neutral,neutral,1,0,Finistral-7B-LoRA (Alpaca prompt),tfns,-8.225547790527344,0.0002677453448995948,-0.10054795444011688,0.90440833568573,-2.350548028945923,0.09532393515110016
277,"3M is exploring a sale of its drug delivery systems unit, which could fetch about $1 billion https://t.co/ISlbwO3FCd",1,neutral,1,neutral,neutral,1,0,Finistral-7B-LoRA (Alpaca prompt),tfns,-7.2585368156433105,0.0007042968645691872,-0.00853698793798685,0.9917238354682922,-4.8835368156433105,0.007571904454380274
278,A meaty situation for Burger King,1,neutral,1,neutral,neutral,1,0,Finistral-7B-LoRA (Alpaca prompt),tfns,-13.875007629394531,9.422428206562472e-07,-7.271740287251305e-06,0.9999971389770508,-13.187507629394531,1.8738735434453702e-06
279,A New Look at Wendy's,1,neutral,1,neutral,neutral,1,0,Finistral-7B-LoRA (Alpaca prompt),tfns,-12.937521934509277,2.4060666419245536e-06,-2.1815061700181104e-05,0.9999828338623047,-11.125021934509277,1.473894553782884e-05
280,accesso Technology : Form 8.3 - Accesso Technology Group PLC #accessoTechnology #Stock #MarketScreener… https://t.co/U7Ek9RNca7,1,neutral,1,neutral,neutral,1,0,Finistral-7B-LoRA (Alpaca prompt),tfns,-12.500018119812012,3.7266233903210377e-06,-1.8358061424805783e-05,0.9999920129776001,-12.375018119812012,4.222817551635671e-06
281,ACI Worlwide to deliver Universal Payments tech via Azure,1,neutral,1,neutral,neutral,1,0,Finistral-7B-LoRA (Alpaca prompt),tfns,-12.580677032470703,3.4378876989649143e-06,-0.018177002668380737,0.9820104241371155,-4.018177032470703,0.017986148595809937
282,Activision Blizzard’s Revenue To See Double-Digit Decline In 2019?,1,neutral,0,negative,negative,0,0,Finistral-7B-LoRA (Alpaca prompt),tfns,-0.00022933237778488547,0.9997929930686951,-8.625228881835938,0.00017952302005141973,-10.500228881835938,2.753075023065321e-05
283,Adocia annonce son calendrier financier pour l’année 2020,1,neutral,1,neutral,neutral,1,0,Finistral-7B-LoRA (Alpaca prompt),tfns,-15.125003814697266,2.6995761004400265e-07,-4.172316494077677e-06,0.9999991655349731,-14.312503814697266,6.083589028094138e-07
284,Advent to build up hair care brand following Olaplex buyout,1,neutral,1,neutral,neutral,1,0,Finistral-7B-LoRA (Alpaca prompt),tfns,-9.384858131408691,8.39877175167203e-05,-0.009857664816081524,0.9902082681655884,-4.634857654571533,0.009707661345601082
285,AGF Announces Closure and Liquidation of AGFiQ U.S. Market Neutral Size Fund  https://t.co/lOOBLANzmz,1,neutral,1,neutral,neutral,1,0,Finistral-7B-LoRA (Alpaca prompt),tfns,-5.756396293640137,0.0031724146101623774,-0.006396060809493065,0.9967430233955383,-9.381396293640137,8.454197813989595e-05
286,Airbus dominates second day of Dubai show as Boeing wins MAX order,1,neutral,1,neutral,neutral,1,0,Finistral-7B-LoRA (Alpaca prompt),tfns,-12.437567710876465,3.966781605413416e-06,-6.758938252460212e-05,0.9999445676803589,-9.875067710876465,5.144200986251235e-05
287,Aivo’s Conversational AI Bot Now Available on Genesys AppFoundry,1,neutral,1,neutral,neutral,1,0,Finistral-7B-LoRA (Alpaca prompt),tfns,-14.50011920928955,5.042924726694764e-07,-0.00011944057769142091,0.9998905658721924,-9.12511920928955,0.00010889685654547065
288,Alibaba Guides Pricing on Hong Kong Listing Around HK$176,1,neutral,1,neutral,neutral,1,0,Finistral-7B-LoRA (Alpaca prompt),tfns,-11.562859535217285,9.513059922028333e-06,-0.000359351426595822,0.9996551275253296,-8.000359535217285,0.0003353469364810735
289,Alibaba on track to raise $12.9 billion in Hong Kong listing - CNN,1,neutral,2,positive,positive,0,0,Finistral-7B-LoRA (Alpaca prompt),tfns,-10.82114028930664,1.9972894733655266e-05,-4.758639812469482,0.008577314205467701,-0.008639813400804996,0.9914026856422424
290,Alibaba share sale for $13.B Hong Kong listing oversubscribed,1,neutral,2,positive,positive,0,0,Finistral-7B-LoRA (Alpaca prompt),tfns,-8.954045295715332,0.00012921680172439665,-2.579045295715332,0.07584837824106216,-0.07904517650604248,0.924022376537323
291,Alibaba to pioneer paperless listing in break with Hong Kong norm - Reuters UK,1,neutral,1,neutral,neutral,1,0,Finistral-7B-LoRA (Alpaca prompt),tfns,-11.876200675964355,6.954114269319689e-06,-0.0012011463986709714,0.9988235831260681,-6.751201152801514,0.0011695021530613303
292,"Aline Sara, CEO of @NaTakallam is the latest to take our 30 second challenge. The big question: how can the private… https://t.co/otUh5GYZpI",1,neutral,1,neutral,neutral,1,0,Finistral-7B-LoRA (Alpaca prompt),tfns,-17.375001907348633,2.8453344569356886e-08,-1.6689286894688848e-06,0.9999998807907104,-16.500001907348633,6.825602838489431e-08
293,Allergan : Form 8.3 -  #Allergan #Stock #MarketScreener https://t.co/Fc6eMgvCAQ https://t.co/4vPUhxFD8E,1,neutral,1,neutral,neutral,1,0,Finistral-7B-LoRA (Alpaca prompt),tfns,-11.750021934509277,7.889195330790244e-06,-2.2172682292875834e-05,0.9999836683273315,-11.687521934509277,8.398004865739495e-06
294,Allergan : Form 8.3 - -2- #Allergan #Stock #MarketScreener https://t.co/auV1AwcmcT https://t.co/HRDqybz3f8,1,neutral,1,neutral,neutral,1,0,Finistral-7B-LoRA (Alpaca prompt),tfns,-1.8081985712051392,0.1639566421508789,-0.18319860100746155,0.8326405882835388,-5.68319845199585,0.0034028117079287767
295,Amazon blocks third-party sellers from using FedEx shipping,1,neutral,0,negative,negative,0,0,Finistral-7B-LoRA (Alpaca prompt),tfns,-0.0036262013018131256,0.9963985681533813,-5.628626346588135,0.003593574510887265,-11.753625869750977,7.86091186455451e-06
296,Amazon tunes to new cloud wavelength https://t.co/ximH0zukU9,1,neutral,1,neutral,neutral,1,0,Finistral-7B-LoRA (Alpaca prompt),tfns,-10.26773452758789,3.473683318588883e-05,-0.14273492991924286,0.8670056462287903,-2.017735004425049,0.13295960426330566
297,"Amazon will spend more than $35 billion on shipping costs this year, more than twice what it spent two years ago. T… https://t.co/7eBU5nTpEF",1,neutral,1,neutral,neutral,1,0,Finistral-7B-LoRA (Alpaca prompt),tfns,-5.756068706512451,0.0031638245563954115,-0.00606885040178895,0.9940441250801086,-5.881068706512451,0.0027920654974877834
298,Angkor Reports Results From Banlung Drill Program  https://t.co/QWxX3i7DCR,1,neutral,1,neutral,neutral,1,0,Finistral-7B-LoRA (Alpaca prompt),tfns,-13.687521934509277,1.1365447107891669e-06,-2.1576648578047752e-05,0.9999821186065674,-11.000021934509277,1.6701402273611166e-05
299,Ant Financial Considers Applying for Virtual Banking License in Singapore,1,neutral,1,neutral,neutral,1,0,Finistral-7B-LoRA (Alpaca prompt),tfns,-13.063680648803711,2.120895032931003e-06,-0.0011809049174189568,0.9988283514976501,-6.751181125640869,0.001169507740996778
300,Apple starts construction of new campus in Texas,1,neutral,1,neutral,neutral,1,0,Finistral-7B-LoRA (Alpaca prompt),tfns,-11.84616756439209,7.16607200956787e-06,-0.0336676724255085,0.9669070243835449,-3.40866756439209,0.03308573737740517
301,"Apple's redesigned maps service has rolled out across the United States, giving users more accurate navigation and... https://t.co/RxC4CXqb71",1,neutral,1,neutral,neutral,1,0,Finistral-7B-LoRA (Alpaca prompt),tfns,-11.124499320983887,1.4746832675882615e-05,-0.06199898570775986,0.9398995041847229,-2.8119990825653076,0.06008576601743698
302,ArcelorMittal willing to re-commit to Ilva steel plant on three conditions - paper,1,neutral,1,neutral,neutral,1,0,Finistral-7B-LoRA (Alpaca prompt),tfns,-10.876736640930176,1.889296072477009e-05,-0.0017370387213304639,0.99828040599823,-6.376737117767334,0.00170069036539644
303,"ArcelorMittal, commissioners extend talks on Ilva plant - Reuters",1,neutral,1,neutral,neutral,1,0,Finistral-7B-LoRA (Alpaca prompt),tfns,-9.00776195526123,0.00012245969264768064,-0.0077615585178136826,0.9923012256622314,-4.882761478424072,0.007576312869787216
304,"ArcelorMittal, commissioners extend talks on Italy's Ilva plant: lawyer",1,neutral,1,neutral,neutral,1,0,Finistral-7B-LoRA (Alpaca prompt),tfns,-10.501076698303223,2.750727071543224e-05,-0.0010762381134554744,0.9989402890205383,-6.8760762214660645,0.0010322026209905744
305,Arrow Electronics Forges New Global IoT Solutions Collaboration with Microshare Inc.,1,neutral,1,neutral,neutral,1,0,Finistral-7B-LoRA (Alpaca prompt),tfns,-12.026471138000488,5.9838553170266096e-06,-0.08897119015455246,0.9148954749107361,-2.4639711380004883,0.08509853482246399
306,"As department stories struggle, Nordstrom makes a play in New York City",1,neutral,1,neutral,neutral,1,0,Finistral-7B-LoRA (Alpaca prompt),tfns,-4.387600898742676,0.01243088860064745,-0.012601041235029697,0.9875077605247498,-9.700100898742676,6.127914821263403e-05
307,"ASAE Technology Exploration Conference Delivered Thought-Leaders, Live Demos and Best in Class Learning for Associa… https://t.co/shsWIU84Xy",1,neutral,1,neutral,neutral,1,0,Finistral-7B-LoRA (Alpaca prompt),tfns,-15.250041961669922,2.3822846628718253e-07,-4.184158387943171e-05,0.9999643564224243,-10.250041961669922,3.5356242733541876e-05
308,Ashley House : 10th December 2019 - Annual General Meeting and Trading Update #AshleyHouse #Stock #MarketScreener… https://t.co/MVwTUJjqON,1,neutral,1,neutral,neutral,1,0,Finistral-7B-LoRA (Alpaca prompt),tfns,-14.000039100646973,8.315219020005316e-07,-3.909988299710676e-05,0.999991774559021,-11.812539100646973,7.411274054902606e-06
309,Auto Expo 2020: JBM To Invest Rs 500 Crore In Electric Bus Business,1,neutral,1,neutral,neutral,1,0,Finistral-7B-LoRA (Alpaca prompt),tfns,-13.43784236907959,1.4588869134968263e-06,-0.0003420721332076937,0.999663233757019,-8.00034236907959,0.000335349643137306
310,AVJennings : AVJ Progressing with 3500 Lot Project in SEQ Growth Corridor #AVJennings #Stock #MarketScreener… https://t.co/wEuepnKClY,1,neutral,1,neutral,neutral,1,0,Finistral-7B-LoRA (Alpaca prompt),tfns,-11.251554489135742,1.298760253121145e-05,-0.0015548295341432095,0.9984858632087708,-6.5015549659729,0.0015011626528576016
311,Azure Healthcare : Rights Issue Offer Document Lodgement and Cleansing Notice #AzureHealthcare #Stock… https://t.co/ewCxUbTQM6,1,neutral,1,neutral,neutral,1,0,Finistral-7B-LoRA (Alpaca prompt),tfns,-12.68758487701416,3.0894730116415303e-06,-8.49926145747304e-05,0.9999899864196777,-11.87508487701416,6.962235147511819e-06
312,"Balance Point already near goal for new fundraise, just a year after $380m Fund III close",1,neutral,1,neutral,neutral,1,0,Finistral-7B-LoRA (Alpaca prompt),tfns,-7.13692569732666,0.0007952585001476109,-0.011925708502531052,0.9882264733314514,-4.51192569732666,0.010978205129504204
313,Barrick to sell Super Pit mine share for $750M,1,neutral,1,neutral,neutral,1,0,Finistral-7B-LoRA (Alpaca prompt),tfns,-9.129761695861816,0.00010839499736903235,-0.004761547315865755,0.9952824711799622,-5.379761695861816,0.004609072580933571
314,Bass Oil : Bunian-5 Testing Complete - Now Set to Commence Production #BassOil #Stock #MarketScreener… https://t.co/DmbhYHiI9T,1,neutral,2,positive,positive,0,0,Finistral-7B-LoRA (Alpaca prompt),tfns,-9.11298656463623,0.00011023099068552256,-2.2379860877990723,0.10667884349822998,-0.11298611760139465,0.8932110071182251
315,Berenberg expects higher offer for LogMeIn,1,neutral,2,positive,positive,0,0,Finistral-7B-LoRA (Alpaca prompt),tfns,-8.51276683807373,0.00020089854660909623,-4.3877668380737305,0.01242915354669094,-0.01276665460318327,0.987369954586029
316,"BHP, Woodside agree on tolling price for Scarborough gas",1,neutral,1,neutral,neutral,1,0,Finistral-7B-LoRA (Alpaca prompt),tfns,-10.362882614135742,3.1584189855493605e-05,-0.11288294196128845,0.8932811617851257,-2.2378828525543213,0.10668722540140152
317,Bobit Business Media’s Chris Brown Wins Eddie Award For Business Fleet Article  https://t.co/m1YoKG5j2w,1,neutral,1,neutral,neutral,1,0,Finistral-7B-LoRA (Alpaca prompt),tfns,-13.687575340270996,1.13648866317817e-06,-7.521823135903105e-05,0.9999327659606934,-9.625075340270996,6.605206726817414e-05
318,Boeing announces additional order for 737 MAX planes,1,neutral,2,positive,positive,0,0,Finistral-7B-LoRA (Alpaca prompt),tfns,-13.375341415405273,1.552976868879341e-06,-8.000341415405273,0.0003353496140334755,-0.000341476290486753,0.9996631145477295
319,Boeing gets 10 additional orders for 737 MAX 8 planes valued at $1.2 billion from SunExpress,1,neutral,2,positive,positive,0,0,Finistral-7B-LoRA (Alpaca prompt),tfns,-13.187644004821777,1.8736133142738254e-06,-8.875144004821777,0.00013982181553728878,-0.00014447122521232814,0.9998582601547241
320,Boeing Maintains Supremacy Over Airbus at United Airlines Despite A321XLR Order,1,neutral,1,neutral,neutral,1,0,Finistral-7B-LoRA (Alpaca prompt),tfns,-9.596925735473633,6.798566755605862e-05,-0.03442569822072983,0.9668483138084412,-3.409425735473633,0.033083729445934296
321,Brookfield Asset Management closes $20B infrastructure fund,1,neutral,1,neutral,neutral,1,0,Finistral-7B-LoRA (Alpaca prompt),tfns,-9.701518058776855,6.119320460129529e-05,-0.20151838660240173,0.8175244927406311,-1.7015184164047241,0.18241436779499054
322,Cadbury Chocolate Maker Sees ‘No Stopping of Growth’ in Demand,1,neutral,1,neutral,neutral,1,0,Finistral-7B-LoRA (Alpaca prompt),tfns,-12.12572193145752,5.418370619736379e-06,-0.0007216709782369435,0.9992849230766296,-7.250721454620361,0.0007096665212884545
323,CAE : completes upgrades of CT-156 and CT-155 FTDs for NFTC program at 15 Wing Moose Jaw #CAE #Stock… https://t.co/QtvyZaPnzE,1,neutral,1,neutral,neutral,1,0,Finistral-7B-LoRA (Alpaca prompt),tfns,-10.585826873779297,2.5273082428611815e-05,-0.023326506838202477,0.976997971534729,-3.7733263969421387,0.022976789623498917
324,Cambridge Cognition : expands eCOA offering and wins contract with top 10 pharmaceutical c... #CambridgeCognition… https://t.co/KG7utY8LZm,1,neutral,2,positive,positive,0,0,Finistral-7B-LoRA (Alpaca prompt),tfns,-9.939522743225098,4.823250128538348e-05,-1.502022624015808,0.22268939018249512,-0.2520226240158081,0.777262270450592
325,Canadian Milk Giant Saputo Homes in on Dairy-Free Deal This Year,1,neutral,1,neutral,neutral,1,0,Finistral-7B-LoRA (Alpaca prompt),tfns,-10.688855171203613,2.2797752535552718e-05,-0.0013555632904171944,0.9986522793769836,-6.6263556480407715,0.0013249922776594758
326,Canadian regulator dismisses Catalyst request for cease trade order on Hudson's take private deal,1,neutral,1,neutral,neutral,1,0,Finistral-7B-LoRA (Alpaca prompt),tfns,-9.833169937133789,5.364643584471196e-05,-0.020669888705015182,0.9796151518821716,-3.895669937133789,0.020331263542175293
327,"CG Power Gets Shareholders Nod To Raise Rs 5,000 Crore",1,neutral,1,neutral,neutral,1,0,Finistral-7B-LoRA (Alpaca prompt),tfns,-9.886106491088867,5.087704994366504e-05,-0.011106337420642376,0.988962709903717,-4.511106491088867,0.010986384004354477
328,Chipotle highlights fast drive-thru lanes,1,neutral,2,positive,positive,0,0,Finistral-7B-LoRA (Alpaca prompt),tfns,-7.751348972320557,0.00043022935278713703,-1.3138487339019775,0.2688257396221161,-0.3138487637042999,0.7307440042495728
329,"Comstock Mining Provides Strategic Overview and Updates; Value Proposition, Strategic Initiatives and Reverse Stock… https://t.co/Yozj1lH9TS",1,neutral,1,neutral,neutral,1,0,Finistral-7B-LoRA (Alpaca prompt),tfns,-14.250052452087402,6.475688678619917e-07,-5.23315102327615e-05,0.9999592304229736,-10.125052452087402,4.0063659980660304e-05
330,"Cree, STM double silicon carbide wafer agreement",1,neutral,2,positive,positive,0,0,Finistral-7B-LoRA (Alpaca prompt),tfns,-10.939474105834961,1.7744288925314322e-05,-1.5019738674163818,0.2226961851119995,-0.2519738972187042,0.7772860527038574
331,Crunch talks lead to Emirates order for 30 Boeing Dreamliners,1,neutral,2,positive,positive,0,0,Finistral-7B-LoRA (Alpaca prompt),tfns,-12.687886238098145,3.088320227107033e-06,-7.8753862380981445,0.0003799833357334137,-0.0003860443539451808,0.9996168613433838
332,"David Marcus heads the Facebook subsidiary Calibra, which is creating the digital wallet that lets you store and se… https://t.co/EBRdFFrkwo",1,neutral,1,neutral,neutral,1,0,Finistral-7B-LoRA (Alpaca prompt),tfns,-15.56250286102295,1.7429771048682596e-07,-2.9802276912960224e-06,0.9999990463256836,-14.00000286102295,8.315279274029308e-07
333,Delta's CEO explains why Wifi isn't better on airplanes https://t.co/7HKHdNyP4Z https://t.co/fF7fvnSUlc,1,neutral,1,neutral,neutral,1,0,Finistral-7B-LoRA (Alpaca prompt),tfns,-17.125003814697266,3.653481783771895e-08,-2.9802276912960224e-06,0.9999998807907104,-16.500003814697266,6.825602838489431e-08
334,Disney is allowed to build nuclear power plants thanks to a 1967 law. But the park is turning to solar power with… https://t.co/BzRI5tlce3,1,neutral,1,neutral,neutral,1,0,Finistral-7B-LoRA (Alpaca prompt),tfns,-14.187583923339844,6.893093882354151e-07,-8.427741704508662e-05,0.9999244213104248,-9.500083923339844,7.48461825423874e-05
335,Dyadic International : Announces Achieving Human Like Glycan Structures From Its Engineere... #DyadicInternational… https://t.co/eVfCZjC60j,1,neutral,1,neutral,neutral,1,0,Finistral-7B-LoRA (Alpaca prompt),tfns,-12.18791675567627,5.091769708087668e-06,-0.00041631137719377875,0.999614953994751,-7.875416278839111,0.0003799826081376523
336,Ecolab Launches Innovative Eco-Flex™ Non-Iodine Teat Dip,1,neutral,1,neutral,neutral,1,0,Finistral-7B-LoRA (Alpaca prompt),tfns,-12.314021110534668,4.4884336602990516e-06,-0.0015212640864774585,0.9984943866729736,-6.501521110534668,0.0015011755749583244
337,"Elections boost YouGov's profile, but the company makes most of its money tracking brands and market trends https://t.co/8fp3XHBmHG",1,neutral,2,positive,positive,0,0,Finistral-7B-LoRA (Alpaca prompt),tfns,-9.491312980651855,7.550767622888088e-05,-1.0538125038146973,0.3486188054084778,-0.42881253361701965,0.651305615901947
338,Elon Musk probably wasn’t expecting this… Watch what happened when Tesla unveiled its “bulletproof” Cybertruck:… https://t.co/WlDIOM3seK,1,neutral,1,neutral,neutral,1,0,Finistral-7B-LoRA (Alpaca prompt),tfns,-10.750068664550781,2.1444426238304004e-05,-6.913899414939806e-05,0.9999542236328125,-10.625068664550781,2.429971755191218e-05
339,Emerald Resources NL : Voluntary Suspension #EmeraldResourcesNL #Stock #MarketScreener https://t.co/zefjhT7YbV https://t.co/0f5IRUY68q,1,neutral,1,neutral,neutral,1,0,Finistral-7B-LoRA (Alpaca prompt),tfns,-2.467947006225586,0.08486688137054443,-0.09294706583023071,0.9124050140380859,-5.905447006225586,0.0027280417270958424
340,Emirates orders 30 Boeing 787 Dreamliners,1,neutral,2,positive,positive,0,0,Finistral-7B-LoRA (Alpaca prompt),tfns,-8.163069725036621,0.0002850084856618196,-2.350569725036621,0.09532228112220764,-0.10056962072849274,0.904392659664154
341,Encana files paperwork for move to U.S. from Canada,1,neutral,1,neutral,neutral,1,0,Finistral-7B-LoRA (Alpaca prompt),tfns,-12.437549591064453,3.966854364989558e-06,-4.95898348162882e-05,0.9999628067016602,-10.312549591064453,3.32140589307528e-05
342,Encantos Partners With Award-Winning Chef Aliya LeeKong to Develop New Food-Inspired Preschool Brand ISSA’S EDIBLE ADVENTURES™,1,neutral,1,neutral,neutral,1,0,Finistral-7B-LoRA (Alpaca prompt),tfns,-13.62543773651123,1.2093448731320677e-06,-0.0004378790326882154,0.9995682835578918,-7.7504377365112305,0.00043055659625679255
343,Exclusive: Russia's VTB plans to expand grain business and then exit - CEO,1,neutral,1,neutral,neutral,1,0,Finistral-7B-LoRA (Alpaca prompt),tfns,-11.437780380249023,1.0780495358631015e-05,-0.00028010259848088026,0.9997280240058899,-8.250280380249023,0.0002611874951981008
344,FedEx discontinues pension for new hires,1,neutral,1,neutral,neutral,1,0,Finistral-7B-LoRA (Alpaca prompt),tfns,-3.0486464500427246,0.047423943877220154,-0.04864649102091789,0.9525354504585266,-10.111146926879883,4.0624952816870064e-05
345,Fidelity granted charter for virtual currency platform from New York state,1,neutral,2,positive,positive,0,0,Finistral-7B-LoRA (Alpaca prompt),tfns,-14.12515926361084,7.337047804867325e-07,-8.75015926361084,0.00015843610162846744,-0.00015960850578267127,0.9998408555984497
346,Flynas exercises options for A321XLR jets,1,neutral,1,neutral,neutral,1,0,Finistral-7B-LoRA (Alpaca prompt),tfns,-8.925708770751953,0.00013296092220116407,-0.11320904642343521,0.8931906223297119,-2.2382090091705322,0.10667641460895538
347,Ford and McDonalds are teaming up to create car parts out of coffee beans https://t.co/HZOpOUPKJh,1,neutral,1,neutral,neutral,1,0,Finistral-7B-LoRA (Alpaca prompt),tfns,-13.500239372253418,1.370641143694229e-06,-0.00023910524032544345,0.999768078327179,-8.375239372253418,0.00023050638264976442
348,Foxconn Interconnect Technology : Renewal of Continuing Connected Transactions - New Conti...… https://t.co/ni0Mg3aCxf,1,neutral,1,neutral,neutral,1,0,Finistral-7B-LoRA (Alpaca prompt),tfns,-8.189228057861328,0.00027766264975070953,-0.0017283515771850944,0.9983976483345032,-6.626728534698486,0.001324654440395534
349,Foxconn won't amend Wisconsin contract - The Verge,1,neutral,1,neutral,neutral,1,0,Finistral-7B-LoRA (Alpaca prompt),tfns,-7.750460624694824,0.00043054664274677634,-0.00046075694262981415,0.999545156955719,-10.625460624694824,2.4289778593811207e-05
350,"Franklin Berger Is The Independent Director of Kezar Life Sciences, Inc. (NASDAQ:KZR) And They Just Spent US$314k On Shares",1,neutral,1,neutral,neutral,1,0,Finistral-7B-LoRA (Alpaca prompt),tfns,-9.9473237991333,4.7856497985776514e-05,-0.009823550470173359,0.9902442097663879,-4.634823322296143,0.009708012454211712
351,Free Shipping Is the Key to Amazon's Success,1,neutral,1,neutral,neutral,1,0,Finistral-7B-LoRA (Alpaca prompt),tfns,-10.574418067932129,2.556217987148557e-05,-0.3869180679321289,0.6791613101959229,-1.136918067932129,0.3208130896091461
352,Future Land Development : Speech on financial education #FutureLandDevelopment #Stock #MarketScreener… https://t.co/t5Y2rr9cBR,1,neutral,1,neutral,neutral,1,0,Finistral-7B-LoRA (Alpaca prompt),tfns,-15.562506675720215,1.7429779575195425e-07,-6.6756979322235566e-06,0.9999995231628418,-15.000006675720215,3.05902176478412e-07
353,Galp Energia : secures new renewable power purchase agreement in Spain #GalpEnergia #Stock #MarketScreener… https://t.co/3b9FxGED3y,1,neutral,2,positive,positive,0,0,Finistral-7B-LoRA (Alpaca prompt),tfns,-12.313542366027832,4.49054141427041e-06,-6.876042366027832,0.001032226369716227,-0.0010421803453937173,0.9989632368087769
354,GCEL’s Digital Economy Platform To Assist Realization of Malaysia’s Shared Prosperity Vision 2030 Objectives,1,neutral,1,neutral,neutral,1,0,Finistral-7B-LoRA (Alpaca prompt),tfns,-15.251708030700684,2.3783172764524352e-07,-0.0017077637603506446,0.9982990622520447,-6.376707553863525,0.0017007221467792988
355,Genetic Signatures : Appendix 3B - Share Issue SPP #GeneticSignatures #Stock #MarketScreener https://t.co/082ZoLFZDn https://t.co/ZdNx7jp4uW,1,neutral,1,neutral,neutral,1,0,Finistral-7B-LoRA (Alpaca prompt),tfns,-10.500154495239258,2.7532876629265957e-05,-0.00015472168161068112,0.9998701810836792,-9.187654495239258,0.00010229703912045807
356,Germany's Condor sets ambitious margin target to court buyers https://t.co/COG93noQDO https://t.co/uTis2d6Fix,1,neutral,1,neutral,neutral,1,0,Finistral-7B-LoRA (Alpaca prompt),tfns,-9.250658988952637,9.60492980084382e-05,-0.0006585336523130536,0.9993512034416199,-7.5006585121154785,0.00055272551253438
357,GM and South Korea’s LG Chem set $2.3 billion electric-vehicle-battery venture in Ohio. The joint venture is expect… https://t.co/px1loY3FYe,1,neutral,2,positive,positive,0,0,Finistral-7B-LoRA (Alpaca prompt),tfns,-12.815695762634277,2.7178200525668217e-06,-5.753195762634277,0.003172674449160695,-0.0031956578604876995,0.9968246221542358
358,Goldman Sachs is planning on giving some of its most valuable software to Wall Street for free. https://t.co/dn4iEluF1j,1,neutral,1,neutral,neutral,1,0,Finistral-7B-LoRA (Alpaca prompt),tfns,-8.83601188659668,0.0001454190642107278,-0.023511778563261032,0.9768805503845215,-3.7735118865966797,0.022974029183387756
359,"Goldman's Marcus aims to lure home buyers, sellers to its personal loan platform",1,neutral,1,neutral,neutral,1,0,Finistral-7B-LoRA (Alpaca prompt),tfns,-8.0339937210083,0.0003242583479732275,-0.033993810415267944,0.9666005373001099,-3.408993721008301,0.033075250685214996
360,Google Stadia review: The game streaming service works — but it’s missing key features,1,neutral,1,neutral,neutral,1,0,Finistral-7B-LoRA (Alpaca prompt),tfns,-3.1681017875671387,0.0420847088098526,-0.04310188069939613,0.957843542098999,-9.543102264404297,7.169634773163125e-05
361,Grazitti Interactive Expands Its Presence in North America,1,neutral,1,neutral,neutral,1,0,Finistral-7B-LoRA (Alpaca prompt),tfns,-11.8955659866333,6.8206986725272145e-06,-0.020566074177622795,0.9796609878540039,-3.895565986633301,0.02033221535384655
362,GreenPrint Launches IMPACT COLLECTIVE Sustainability Initiative,1,neutral,1,neutral,neutral,1,0,Finistral-7B-LoRA (Alpaca prompt),tfns,-14.625237464904785,4.449824189123319e-07,-0.00023755589791107923,0.9997690320014954,-8.375237464904785,0.00023050660092849284
363,Heard on the Street: Dubai shows up Boeing’s wide-body woes https://t.co/Jla8Ap1CJm,1,neutral,0,negative,negative,0,0,Finistral-7B-LoRA (Alpaca prompt),tfns,-0.25202661752700806,0.7772546410560608,-1.5020265579223633,0.22268719971179962,-9.752026557922363,5.817893907078542e-05
364,Hedge fund Two Sigma builds private equity power with $1.2bn debut Sightway Capital fund close,1,neutral,2,positive,positive,0,0,Finistral-7B-LoRA (Alpaca prompt),tfns,-8.00119686126709,0.00033509486820548773,-1.3136967420578003,0.26885131001472473,-0.3136967718601227,0.7308135628700256
365,Here's the Most Detailed Breakdown of Netflix's Subscriber Base Ever,1,neutral,1,neutral,neutral,1,0,Finistral-7B-LoRA (Alpaca prompt),tfns,-15.312511444091797,2.2380110920039442e-07,-1.1920858014491387e-05,0.9999918937683105,-11.750011444091797,7.889260814408772e-06
366,HKScan Oyj:OMIEN OSAKKEIDEN HANKINTA 25.11.2019 #Stock #MarketScreener https://t.co/pJy7Wb5xzZ https://t.co/iZcxHLUncR,1,neutral,1,neutral,neutral,1,0,Finistral-7B-LoRA (Alpaca prompt),tfns,-11.3125638961792,1.2218828487675637e-05,-6.353653589030728e-05,0.9999675750732422,-10.8125638961792,2.0145444068475626e-05
367,Honda pushes back Wuhan restart timeline,1,neutral,1,neutral,neutral,1,0,Finistral-7B-LoRA (Alpaca prompt),tfns,-0.8261815309524536,0.4377793073654175,-0.5761815309524536,0.562119722366333,-9.201181411743164,0.00010093433229485527
368,Horizon Gold : Management Agreement Extended #HorizonGold #Stock #MarketScreener https://t.co/hJVXxzyv43 https://t.co/fkLqS0DRZp,1,neutral,2,positive,positive,0,0,Finistral-7B-LoRA (Alpaca prompt),tfns,-9.867354393005371,5.184268957236782e-05,-1.8048546314239502,0.1645079106092453,-0.1798546016216278,0.8354401588439941
369,HSBC : Terms of Reference of Nomination & Corporate Governance Committee #HSBC #Stock #MarketScreener… https://t.co/ZAdqozoyZG,1,neutral,1,neutral,neutral,1,0,Finistral-7B-LoRA (Alpaca prompt),tfns,-16.812503814697266,4.993717439560896e-08,-3.576272320060525e-06,0.9999998807907104,-16.687503814697266,5.658623436488597e-08
370,Icade : Investor Presentation - November 2019 #Icade #Stock #MarketScreener https://t.co/9OI0H5lNAj https://t.co/vVW9zc9YrM,1,neutral,1,neutral,neutral,1,0,Finistral-7B-LoRA (Alpaca prompt),tfns,-13.87501335144043,9.422391826774401e-07,-1.3589766240329482e-05,0.9999933242797852,-12.06251335144043,5.7719144024304114e-06
371,intelliHR : Initial Director's Interest Notice #intelliHR #Stock #MarketScreener https://t.co/3SWLeBWsRy https://t.co/YoKYR1jZ9G,1,neutral,1,neutral,neutral,1,0,Finistral-7B-LoRA (Alpaca prompt),tfns,-14.812508583068848,3.689883669721894e-07,-8.4638240878121e-06,0.9999992847442627,-14.937508583068848,3.2563110607952694e-07
372,iPhone maker Foxconn to make surgical face masks alongside Apple products in Shenzhen,1,neutral,1,neutral,neutral,1,0,Finistral-7B-LoRA (Alpaca prompt),tfns,-14.562509536743164,4.737872814075672e-07,-9.775113539944869e-06,0.9999926090240479,-11.875009536743164,6.962253337405855e-06
373,iStar : An amendment to a SC 13D filing #iStar #Stock #MarketScreener https://t.co/bxeJCoYpzv https://t.co/PLNQ0BchJR,1,neutral,1,neutral,neutral,1,0,Finistral-7B-LoRA (Alpaca prompt),tfns,-12.437546730041504,3.966959866374964e-06,-4.637133679352701e-05,0.9999895095825195,-11.937546730041504,6.540411050082184e-06
374,"John Hussman Buys Amazon, Facebook",1,neutral,2,positive,positive,0,0,Finistral-7B-LoRA (Alpaca prompt),tfns,-8.253872871398926,0.00026025192346423864,-5.628872871398926,0.003592667169868946,-0.003872634842991829,0.9961470365524292
375,JPMorgan expands private credit group,1,neutral,1,neutral,neutral,1,0,Finistral-7B-LoRA (Alpaca prompt),tfns,-9.324501037597656,8.921510743675753e-05,-0.3870006203651428,0.6791180968284607,-1.137000560760498,0.32079267501831055
376,JUST & Sodexo Partner on a Breakfast Solution for a Better Tomorrow,1,neutral,1,neutral,neutral,1,0,Finistral-7B-LoRA (Alpaca prompt),tfns,-15.125510215759277,2.698260459510493e-07,-0.0005103239673189819,0.9995118379592896,-7.625510215759277,0.0004878570034634322
377,Kabbage Drums Up Gig Economy Business (Podcast),1,neutral,1,neutral,neutral,1,0,Finistral-7B-LoRA (Alpaca prompt),tfns,-14.812774658203125,3.688921026423486e-07,-0.0002743821241892874,0.9997383952140808,-8.250274658203125,0.0002611902018543333
378,Karrie International : UNAUDITED INTERIM RESULTS FOR THE SIX MONTHS ENDED 30 SEPTEMBER 201... #KarrieInternational… https://t.co/KMY8o7CH7h,1,neutral,1,neutral,neutral,1,0,Finistral-7B-LoRA (Alpaca prompt),tfns,-12.500035285949707,3.7265842820488615e-06,-3.540453326422721e-05,0.9999815225601196,-11.125035285949707,1.4738926438440103e-05
379,Kathie Lee's move can be a life-changer -- if it's done right. https://t.co/fRGHT9YUs9,1,neutral,1,neutral,neutral,1,0,Finistral-7B-LoRA (Alpaca prompt),tfns,-16.250001907348633,8.764245507109081e-08,-2.861018856492592e-06,0.9999996423721313,-15.00000286102295,3.0590220490012143e-07
380,Kelley Blue Book publisher on Tesla CyberTruck: 'People are going to think about this truck' https://t.co/m1VhRuLX5R https://t.co/cTHboEEJBp,1,neutral,1,neutral,neutral,1,0,Finistral-7B-LoRA (Alpaca prompt),tfns,-11.505279541015625,1.007711125566857e-05,-0.005279645789414644,0.9947698712348938,-5.255279541015625,0.005220073275268078
381,Kroton Educacional S A : Material Fact - Migration Debentures #CognaEducação #Stock #MarketScreener… https://t.co/kBiatBgRJB,1,neutral,1,neutral,neutral,1,0,Finistral-7B-LoRA (Alpaca prompt),tfns,-11.000077247619629,1.6700612832210027e-05,-7.760223525110632e-05,0.9999349117279053,-9.937577247619629,4.832482954952866e-05
382,Lithium : Sampling Results Belmont Tailings #Lithium #Stock #MarketScreener https://t.co/9gwU3f3JMu https://t.co/E4ngjYhr73,1,neutral,1,neutral,neutral,1,0,Finistral-7B-LoRA (Alpaca prompt),tfns,-12.812528610229492,2.7264427444606554e-06,-2.8371408916427754e-05,0.9999871253967285,-11.500028610229492,1.0129962902283296e-05
383,L'Oreal CEO Speaks About Coronavirus Impact and Earnings,1,neutral,1,neutral,neutral,1,0,Finistral-7B-LoRA (Alpaca prompt),tfns,-12.312514305114746,4.495165740081575e-06,-1.4066597032069694e-05,0.9999920129776001,-12.562514305114746,3.5008388294954784e-06
384,Mallinckrodt loses bid to overturn adverse INOmax patent ruling,1,neutral,0,negative,negative,0,0,Finistral-7B-LoRA (Alpaca prompt),tfns,-0.0036757304333150387,0.9963887929916382,-5.628675937652588,0.00359353912062943,-10.94117546081543,1.7714666682877578e-05
385,Marubeni : 10 Year Extension of Production Sharing Contract for Ravva Oil and Gas Field in... #Marubeni #Stock… https://t.co/4lYEQ2SMIF,1,neutral,2,positive,positive,0,0,Finistral-7B-LoRA (Alpaca prompt),tfns,-11.44503402709961,1.0703423868108075e-05,-2.6950342655181885,0.06754597276449203,-0.07003437727689743,0.9324433207511902
386,Maruti Suzuki Says India Not Ready For EVs As Peers Take The Plunge,1,neutral,1,neutral,neutral,1,0,Finistral-7B-LoRA (Alpaca prompt),tfns,-2.126943826675415,0.1192026138305664,-0.126943901181221,0.8807946443557739,-12.814443588256836,2.7212186068936717e-06
387,"Mastercard Cash Pick-Up lets anyone with a cell phone, even those without a bank account, withdraw cash from a near... https://t.co/MmVDwyWUy0",1,neutral,1,neutral,neutral,1,0,Finistral-7B-LoRA (Alpaca prompt),tfns,-12.875560760498047,2.5598662887205137e-06,-0.0005604841862805188,0.9994446635246277,-7.500560283660889,0.0005527772009372711
388,Maurice Lévy says his starting point at WeWork is to stem 'the flow of bad news' and refocus efforts on the core bu… https://t.co/YppGAFypPH,1,neutral,1,neutral,neutral,1,0,Finistral-7B-LoRA (Alpaca prompt),tfns,-12.750007629394531,2.9023046863585478e-06,-7.271740287251305e-06,0.9999945163726807,-12.875007629394531,2.561274641266209e-06
389,Merkel says financial transaction tax is right for equities - sources #economy #MarketScreener… https://t.co/LhK8h9DCXC,1,neutral,1,neutral,neutral,1,0,Finistral-7B-LoRA (Alpaca prompt),tfns,-10.625123977661133,2.429790583846625e-05,-0.00012385078298393637,0.9998795986175537,-9.250123977661133,9.61000841925852e-05
390,"MJardin Receives Cultivation, Processing License For Warman Facility",1,neutral,2,positive,positive,0,0,Finistral-7B-LoRA (Alpaca prompt),tfns,-10.158689498901367,3.87381951441057e-05,-3.408689498901367,0.033084698021411896,-0.033689454197883606,0.9668766260147095
391,"MMTC To Import 6,090 Tonne Onion To Boost Supply, Cut Prices",1,neutral,1,neutral,neutral,1,0,Finistral-7B-LoRA (Alpaca prompt),tfns,-3.02512526512146,0.048558611422777176,-0.15012536942958832,0.8607219457626343,-2.40012526512146,0.09071942418813705
392,"Moncler, the Italian maker of luxury puffy ski jackets, is holding a board meeting to discuss the company’s strateg… https://t.co/6MZQW1iMLl",1,neutral,1,neutral,neutral,1,0,Finistral-7B-LoRA (Alpaca prompt),tfns,-14.81250286102295,3.689883669721894e-07,-3.3378546504536644e-06,0.9999992847442627,-14.87500286102295,3.466325040335505e-07
393,Morgan Stanley pushes advisers to boost revenue in 2020 pay plan -sources,1,neutral,2,positive,positive,0,0,Finistral-7B-LoRA (Alpaca prompt),tfns,-7.383360862731934,0.0006215955945663154,-0.7583610415458679,0.46849924325942993,-0.6333610415458679,0.5308791995048523
394,MTU Aero Engines : Maintenance signs exclusive CFM56-7B contract with Malaysia Airlines Berhad #MTU #Stock… https://t.co/38qwmBg0CB,1,neutral,1,neutral,neutral,1,0,Finistral-7B-LoRA (Alpaca prompt),tfns,-9.262176513671875,9.496843995293602e-05,-0.38717612624168396,0.6791142225265503,-1.1371761560440063,0.3207908570766449
395,Myovant conference call tomorrow on late-stage study of relugolix in prostate cancer,1,neutral,1,neutral,neutral,1,0,Finistral-7B-LoRA (Alpaca prompt),tfns,-7.389619827270508,0.0006176854949444532,-0.2021198868751526,0.8170694708824158,-1.7021198272705078,0.18231284618377686
396,Naspers : Statement regarding Just Eat PLC circular #Naspers #Stock #MarketScreener https://t.co/1fevTx1FVf https://t.co/EfITyuOucV,1,neutral,1,neutral,neutral,1,0,Finistral-7B-LoRA (Alpaca prompt),tfns,-15.937506675720215,1.1979291514307988e-07,-6.318072337307967e-06,0.9999986886978149,-13.687506675720215,1.1365635828042286e-06
397,Naspers : Statistical Yearbook of the Czech Republic 2019 Released #Naspers #Stock #MarketScreener… https://t.co/Veh3TNMnb4,1,neutral,1,neutral,neutral,1,0,Finistral-7B-LoRA (Alpaca prompt),tfns,-17.437503814697266,2.6729443547424125e-08,-4.410734163684538e-06,0.9999998807907104,-15.937504768371582,1.1979305725162703e-07
398,Netflix : Says 26.4 Million Users Watched 'The Irishman' in First Week #Netflix #Stock #MarketScreener… https://t.co/sSRSMs74uw,1,neutral,2,positive,positive,0,0,Finistral-7B-LoRA (Alpaca prompt),tfns,-8.225784301757812,0.0002676901640370488,-1.600784420967102,0.2017592042684555,-0.22578440606594086,0.7979731559753418
399,Neuronetics to Present at the 31st Annual Piper Jaffray Healthcare Conference  https://t.co/Xkt7qnHTs7,1,neutral,1,neutral,neutral,1,0,Finistral-7B-LoRA (Alpaca prompt),tfns,-11.189733505249023,1.381578385917237e-05,-0.0022335124667733908,0.9978035092353821,-6.127233505249023,0.0021826864685863256
400,"New investment by Carlyle, others values American Express Global Business Travel at $5 billion--WSJ",1,neutral,1,neutral,neutral,1,0,Finistral-7B-LoRA (Alpaca prompt),tfns,-10.161128044128418,3.864924656227231e-05,-0.34862831234931946,0.705757737159729,-1.223628282546997,0.29420357942581177
401,New Media closes Gannett combination,1,neutral,1,neutral,neutral,1,0,Finistral-7B-LoRA (Alpaca prompt),tfns,-6.751284122467041,0.0011693829437717795,-0.0012841321295127273,0.9987217783927917,-9.1262845993042,0.00010876957094296813
402,"Next: Charles Amerischwab pays clients to trade on its platform, crushes E-Trade stock and then buys it 80% off.",1,neutral,2,positive,positive,0,0,Finistral-7B-LoRA (Alpaca prompt),tfns,-5.586910247802734,0.0037470145616680384,-3.8994102478027344,0.02025616727769375,-0.024410169571638107,0.9759968519210815
403,Nieuwe vice president supply chain benoemd bij Viking Malt Group,1,neutral,1,neutral,neutral,1,0,Finistral-7B-LoRA (Alpaca prompt),tfns,-16.1250057220459,9.931189026701759e-08,-5.960446742392378e-06,0.9999994039535522,-14.500005722045898,5.04347383412096e-07
404,Nike creates the gridiron of the future for Miami powerhouse schools https://t.co/bmeD4T5Has,1,neutral,1,neutral,neutral,1,0,Finistral-7B-LoRA (Alpaca prompt),tfns,-13.437551498413086,1.4593100559068262e-06,-5.1616290875244886e-05,0.9999531507492065,-10.000051498413086,4.5397802750812843e-05
405,Nike sets strategy in South America,1,neutral,1,neutral,neutral,1,0,Finistral-7B-LoRA (Alpaca prompt),tfns,-16.000001907348633,1.1253509768494041e-07,-2.0265558760002023e-06,0.9999992847442627,-14.375001907348633,5.71500379464851e-07
406,Nike's Vaporfly running sneakers to be allowed in 2020 Olympics https://t.co/zokAlame0K,1,neutral,1,neutral,neutral,1,0,Finistral-7B-LoRA (Alpaca prompt),tfns,-12.87748908996582,2.5549491056153784e-06,-0.002489326987415552,0.9975247979164124,-6.00248908996582,0.0024726169649511576
407,Nomura highlights casino sleeper amid coronavirus anxiety,1,neutral,1,neutral,neutral,1,0,Finistral-7B-LoRA (Alpaca prompt),tfns,-5.631783962249756,0.003582242177799344,-0.00678390683606267,0.9932564496994019,-5.756783962249756,0.0031613176688551903
408,"Notable Insider Buys Last Week: Anthem, Discover Financial",1,neutral,1,neutral,neutral,1,0,Finistral-7B-LoRA (Alpaca prompt),tfns,-9.46086311340332,7.784246554365382e-05,-0.023363307118415833,0.9769465327262878,-3.7733633518218994,0.022975580766797066
409,NYC pension leader targets three utilities over emissions plans,1,neutral,1,neutral,neutral,1,0,Finistral-7B-LoRA (Alpaca prompt),tfns,-2.127053737640381,0.11919217556715012,-0.12705372273921967,0.8807176947593689,-9.314553260803223,9.010650683194399e-05
410,Oakdale Resources : Guangdong achieves sustained progress in utilization of FDI #OakdaleResources #Stock… https://t.co/Y1ktrolyvu,1,neutral,1,neutral,neutral,1,0,Finistral-7B-LoRA (Alpaca prompt),tfns,-9.688396453857422,6.200325151439756e-05,-0.31339627504348755,0.7310132384300232,-1.3133962154388428,0.2689247727394104
411,"Oaktree Specialty Lending NII in-line, misses on total investment income",1,neutral,1,neutral,neutral,1,0,Finistral-7B-LoRA (Alpaca prompt),tfns,-9.126670837402344,0.00010873346036532894,-0.0016709902556613088,0.9983903169631958,-6.501670837402344,0.0015010189963504672
412,Ontario and Quebec on board with Merck HIV meds,1,neutral,2,positive,positive,0,0,Finistral-7B-LoRA (Alpaca prompt),tfns,-8.449609756469727,0.00021398920216597617,-1.137109637260437,0.32075265049934387,-0.3871096074581146,0.6790333390235901
413,"Opal Energy : Versus Systems to Present at the LD Micro Main Event (XII) on Tuesday, Decem... #Versus #Stock… https://t.co/4VAFhHVN4S",1,neutral,1,neutral,neutral,1,0,Finistral-7B-LoRA (Alpaca prompt),tfns,-12.687689781188965,3.088939820372616e-06,-0.00019012074335478246,0.999817430973053,-8.625189781188965,0.0001795274147298187
414,"Osram Licht CFO on Coronavirus, Auto Market, 2020 Outlook",1,neutral,1,neutral,neutral,1,0,Finistral-7B-LoRA (Alpaca prompt),tfns,-16.0000057220459,1.1253524689891492e-07,-6.437280717364047e-06,0.9999996423721313,-15.062506675720215,2.8736849344568327e-07
415,Otello : Commodity Classic Announces Main Stage Line-Up for 2020 #Otello #Stock #MarketScreener… https://t.co/kpMbYgOGOx,1,neutral,1,neutral,neutral,1,0,Finistral-7B-LoRA (Alpaca prompt),tfns,-16.68752098083496,5.658622725945861e-08,-2.062299427052494e-05,0.9999997615814209,-15.750020980834961,1.4449800289639825e-07
416,Pepkor Weathers Tough South African Market,1,neutral,1,neutral,neutral,1,0,Finistral-7B-LoRA (Alpaca prompt),tfns,-3.4086673259735107,0.03308570757508278,-0.033667441457509995,0.9669061303138733,-11.72116756439209,8.120215170492884e-06
417,"PG&E to cut power to 150,000 customer for fire risk",1,neutral,0,negative,negative,0,0,Finistral-7B-LoRA (Alpaca prompt),tfns,-0.31418657302856445,0.7310038805007935,-1.3141865730285645,0.2689213156700134,-9.501686096191406,7.47892408980988e-05
418,PG&E’s Bid to Save Bankruptcy Plan Can Skip State Approval,1,neutral,1,neutral,neutral,1,0,Finistral-7B-LoRA (Alpaca prompt),tfns,-6.550046920776367,0.0014300891198217869,-0.05004670470952988,0.9512118697166443,-3.050046682357788,0.04735804721713066
419,Piper Jaffray Announces Ticker Symbol Change to PIPR,1,neutral,1,neutral,neutral,1,0,Finistral-7B-LoRA (Alpaca prompt),tfns,-14.500007629394531,5.043462465437187e-07,-7.510157047363464e-06,0.9999971389770508,-12.937507629394531,2.406101202723221e-06
420,"Porsche is going all in on electric vehicles, but the legendary 911 will be the last of the brand’s lineup to make… https://t.co/cenmzD3pmN",1,neutral,1,neutral,neutral,1,0,Finistral-7B-LoRA (Alpaca prompt),tfns,-11.003689765930176,1.664140472712461e-05,-0.0036896266974508762,0.9963898062705994,-5.628689765930176,0.0035935428459197283
421,"Porsche is going all in on electric vehicles, but the legendary 911 will be the last of the brand’s lineup to make… https://t.co/yLO2JlqVp6",1,neutral,1,neutral,neutral,1,0,Finistral-7B-LoRA (Alpaca prompt),tfns,-10.816192626953125,2.0073297491762787e-05,-0.003692477010190487,0.9963864088058472,-5.628692626953125,0.0035935305058956146
422,"ProAmpac Awarded ISO Certifications in Cincinnati and Suffolk, Va. Facilities",1,neutral,1,neutral,neutral,1,0,Finistral-7B-LoRA (Alpaca prompt),tfns,-12.467283248901367,3.850705525110243e-06,-0.029783163219690323,0.9706840515136719,-3.529783248901367,0.029312118887901306
423,Procter & Gamble looks to get well in healthcare,1,neutral,2,positive,positive,0,0,Finistral-7B-LoRA (Alpaca prompt),tfns,-10.813434600830078,2.0127339666942134e-05,-7.00093412399292,0.0009110328974202275,-0.0009341643890365958,0.9990689158439636
424,Profiles in Quality: Beef Marketing Group #Wendys #Stock #MarketScreener https://t.co/t9sARAvDwC https://t.co/nQpHpouz8o,1,neutral,1,neutral,neutral,1,0,Finistral-7B-LoRA (Alpaca prompt),tfns,-12.501221656799316,3.722281007867423e-06,-0.0012213874142616987,0.998826801776886,-6.751221179962158,0.0011695058783516288
425,PSA trade unions give the nod to merger with Fiat,1,neutral,1,neutral,neutral,1,0,Finistral-7B-LoRA (Alpaca prompt),tfns,-13.62556266784668,1.2091968528693542e-06,-0.000562271336093545,0.9994459748268127,-7.5005621910095215,0.000552777957636863
426,"Q&A: Geoff McHale, VP, Data Client Partnerships #QuotientTechnology #Stock #MarketScreener https://t.co/kdb8g3Ri6O https://t.co/Djio99jAe1",1,neutral,1,neutral,neutral,1,0,Finistral-7B-LoRA (Alpaca prompt),tfns,-14.125014305114746,7.338187515415484e-07,-1.4662635294371285e-05,0.9999961853027344,-12.687514305114746,3.0894921110302676e-06
427,Qualcomm CEO Says 5G 'Is a Big Deal For Us',1,neutral,2,positive,positive,0,0,Finistral-7B-LoRA (Alpaca prompt),tfns,-10.803766250610352,2.0323737771832384e-05,-1.0537664890289307,0.34863802790641785,-0.4287664294242859,0.6513416171073914
428,REGO Restaurant Group Inks 20-store Development Deal for Quiznos Expansion into Latin America,1,neutral,2,positive,positive,0,0,Finistral-7B-LoRA (Alpaca prompt),tfns,-10.626355171203613,2.4268041670438834e-05,-6.626355171203613,0.001324990182183683,-0.0013552061282098293,0.9986507296562195
429,Renault : New Espace illustrated press kit #Renault #Stock #MarketScreener https://t.co/JCISUSGwbo https://t.co/M9sEsCHSvO,1,neutral,1,neutral,neutral,1,0,Finistral-7B-LoRA (Alpaca prompt),tfns,-14.875007629394531,3.466320208644902e-07,-7.867782187531702e-06,0.9999978542327881,-13.250007629394531,1.7603425703782705e-06
430,Respimat® re-usable inhaler wins 2020 Pharmapack Eco-Design Award,1,neutral,1,neutral,neutral,1,0,Finistral-7B-LoRA (Alpaca prompt),tfns,-11.141495704650879,1.4499388271360658e-05,-0.07899539172649384,0.9241284728050232,-2.5789954662323,0.07585708051919937
431,Riviera Resources Announces Cash Distribution of $4.25 Per Share; Closes the Sale of Remaining Hugoton Properties;… https://t.co/6JZLBg3EfZ,1,neutral,1,neutral,neutral,1,0,Finistral-7B-LoRA (Alpaca prompt),tfns,-7.954255104064941,0.00035129449679516256,-0.01675497740507126,0.9837478995323181,-4.141755104064941,0.015900803729891777
432,Rocket Lab passes key milestone in quest to recover and reuse rockets like SpaceX https://t.co/3lZ0V5SJjV,1,neutral,1,neutral,neutral,1,0,Finistral-7B-LoRA (Alpaca prompt),tfns,-14.250351905822754,6.473777034443629e-07,-0.0003519630990922451,0.9996640682220459,-8.000351905822754,0.00033534993417561054
433,Rolls-Royce touts nuclear reactors as the most effective way of powering the production of carbon-neutral synthetic… https://t.co/dV4owYaY0v,1,neutral,1,neutral,neutral,1,0,Finistral-7B-LoRA (Alpaca prompt),tfns,-13.250115394592285,1.760174086484767e-06,-0.00011538793478393927,0.9999021291732788,-9.250115394592285,9.610224515199661e-05
434,Royal Caribbean said few potential cruisers are asking about the coronavirus https://t.co/5DBeyXErMX,1,neutral,1,neutral,neutral,1,0,Finistral-7B-LoRA (Alpaca prompt),tfns,-6.626399040222168,0.0013250071788206697,-0.0013991338200867176,0.9986635446548462,-11.376399040222168,1.1463558621471748e-05
435,Samenvatting: Daisy wint AI Company of the Year bij de Canadese FinTech & AI Awards,1,neutral,1,neutral,neutral,1,0,Finistral-7B-LoRA (Alpaca prompt),tfns,-12.689702987670898,3.0827509363007266e-06,-0.00220282468944788,0.9978141784667969,-6.127202987670898,0.002182709751650691
436,Schroders : Form 8.3 -  #Schroders #Stock #MarketScreener https://t.co/j8cE9ai6TU https://t.co/XOYpvouz9E,1,neutral,1,neutral,neutral,1,0,Finistral-7B-LoRA (Alpaca prompt),tfns,-12.687511444091797,3.0894848350726534e-06,-1.168244216387393e-05,0.9999938011169434,-12.687511444091797,3.0894848350726534e-06
437,Season Pacific : ANNOUNCEMENT OF INTERIM RESULTS FOR THE SIX MONTHS ENDED 30 SEPTEMBER 2019 #SeasonPacific #Stock… https://t.co/c97pSCIfIB,1,neutral,1,neutral,neutral,1,0,Finistral-7B-LoRA (Alpaca prompt),tfns,-14.125039100646973,7.338178420468466e-07,-3.8980677345534787e-05,0.9999949932098389,-12.375039100646973,4.222830284561496e-06
438,Seazen : CONTINUING CONNECTED TRANSACTIONS 2020 SERVICES FRAMEWORK AGREEMENT #Seazen #Stock #MarketScreener… https://t.co/61yitLx18a,1,neutral,1,neutral,neutral,1,0,Finistral-7B-LoRA (Alpaca prompt),tfns,-11.50009822845459,1.01297600849648e-05,-9.822363062994555e-05,0.999967098236084,-10.68759822845459,2.2827767679700628e-05
439,Semafo to restart mining at its Boungou in Q4; provides 2020 outlook,1,neutral,2,positive,positive,0,0,Finistral-7B-LoRA (Alpaca prompt),tfns,-8.423821449279785,0.00021957713761366904,-3.0488216876983643,0.047415461391210556,-0.04882168024778366,0.952364981174469
440,SHAREHOLDER UPDATE: Airtrona International Executes LOI With Canadian Based Medical Device Company.,1,neutral,2,positive,positive,0,0,Finistral-7B-LoRA (Alpaca prompt),tfns,-12.125238418579102,5.420969500846695e-06,-8.375238418579102,0.00023050548043102026,-0.00023803261865396053,0.9997641444206238
441,Shutterstock launches unlimited Music plan,1,neutral,1,neutral,neutral,1,0,Finistral-7B-LoRA (Alpaca prompt),tfns,-10.073607444763184,4.2178919102298096e-05,-0.011107869446277618,0.9889712929725647,-4.511107921600342,0.010986479930579662
442,SIFCO Industries : 11-22-2019 SIFCO Orange Fire Update #SIFCOIndustries #Stock #MarketScreener… https://t.co/bUNAvojUs2,1,neutral,1,neutral,neutral,1,0,Finistral-7B-LoRA (Alpaca prompt),tfns,-10.875040054321289,1.8924869436887093e-05,-3.9934315282152966e-05,0.9999663829803467,-11.125040054321289,1.4738702702743467e-05
443,Simon Property Group Is Preparing Its Balance Sheet for Armageddon,1,neutral,1,neutral,neutral,1,0,Finistral-7B-LoRA (Alpaca prompt),tfns,-2.6950337886810303,0.06754253059625626,-0.07003370672464371,0.932395875453949,-9.69503402709961,6.159081385703757e-05
444,SKYCITY Entertainment : NOTICE OF ON-MARKET SHARE BUY BACK #SKYCITY #Stock #MarketScreener https://t.co/PYHdNhcr3k https://t.co/5J1DH6NFBI,1,neutral,2,positive,positive,0,0,Finistral-7B-LoRA (Alpaca prompt),tfns,-8.471379280090332,0.0002093809744110331,-3.408879041671753,0.03307905048131943,-0.03387904167175293,0.9667115807533264
445,"So WeWork is hoping to transform into IWG which has double the revenue, 5x the members, 10x the city exposure, more… https://t.co/4Mkvur6vxJ",1,neutral,2,positive,positive,0,0,Finistral-7B-LoRA (Alpaca prompt),tfns,-12.083231925964355,5.654564120050054e-06,-3.8957324028015137,0.02033223956823349,-0.02073235996067524,0.9796621799468994
446,"Sorrento Therapeutics, Inc. Received and Rejected Unsolicited All Cash Acquisition Proposal  https://t.co/3qcx6CAeCD",1,neutral,1,neutral,neutral,1,0,Finistral-7B-LoRA (Alpaca prompt),tfns,-9.000770568847656,0.0001233172952197492,-0.000770391256082803,0.9992503523826599,-7.375770568847656,0.0006262568640522659
447,Southwest Airlines Pushes Back Schedule For 737 MAX Until April,1,neutral,1,neutral,neutral,1,0,Finistral-7B-LoRA (Alpaca prompt),tfns,-1.137314796447754,0.32075679302215576,-0.3873147666454315,0.6790421009063721,-8.512314796447754,0.00020102685084566474
448,Sports Direct International : Notice of General Meeting #SportsDirectInternational #Stock #MarketScreener… https://t.co/3fhuqDnFQD,1,neutral,1,neutral,neutral,1,0,Finistral-7B-LoRA (Alpaca prompt),tfns,-14.625007629394531,4.4508462337944366e-07,-7.629365427419543e-06,0.9999986886978149,-14.000007629394531,8.315276431858365e-07
449,Standard Cognition Partners with Mars Wrigley to Help Retailers Optimize Impulse Item Sales in Autonomous Checkout… https://t.co/vWZz4yXeU3,1,neutral,2,positive,positive,0,0,Finistral-7B-LoRA (Alpaca prompt),tfns,-11.535993576049805,9.772343219083268e-06,-1.2234930992126465,0.29421210289001465,-0.34849312901496887,0.7057781219482422
450,Statement Regarding Agency Mortgage-Backed Securities Small Value Coupon Swap Exercise Results → https://t.co/pX7DhorLFL,1,neutral,1,neutral,neutral,1,0,Finistral-7B-LoRA (Alpaca prompt),tfns,-12.687515258789062,3.0894730116415303e-06,-1.5020257706055418e-05,0.9999899864196777,-11.875015258789062,6.962235147511819e-06
451,Strike Resources : Pause in Trading #StrikeResources #Stock #MarketScreener https://t.co/YQIpscfvjm https://t.co/lw25uJ3hGn,1,neutral,1,neutral,neutral,1,0,Finistral-7B-LoRA (Alpaca prompt),tfns,-8.56305980682373,0.00019107760454062372,-0.0005596501869149506,0.9996691942214966,-8.87555980682373,0.00013979537470731884
452,"Struggling British luxury carmaker Aston Martin aims to rustle up a $650 million capital boost, led by Canadian bil... https://t.co/tpgeI6vmuo",1,neutral,1,neutral,neutral,1,0,Finistral-7B-LoRA (Alpaca prompt),tfns,-9.381040573120117,8.430975867668167e-05,-0.006040649954229593,0.9940051436424255,-5.131040573120117,0.0059105702675879
453,"Sysco : Lends a Hand to the Houston Food Bank Through Financial Support, Product Donations... #Sysco #Stock… https://t.co/SMmj7Q7fUe",1,neutral,1,neutral,neutral,1,0,Finistral-7B-LoRA (Alpaca prompt),tfns,-12.81847095489502,2.710354237933643e-06,-0.005970856174826622,0.9940862655639648,-5.1309709548950195,0.005911052692681551
454,Tencent : ADOPTION OF RESTRICTED SHARE AWARD SCHEME #Tencent #Stock #MarketScreener https://t.co/W6zh5JYStc https://t.co/QuP4GAWkRu,1,neutral,1,neutral,neutral,1,0,Finistral-7B-LoRA (Alpaca prompt),tfns,-10.812948226928711,2.0138035324634984e-05,-0.00044824567157775164,0.9995998740196228,-7.875448226928711,0.0003799768746830523
455,Tesla fans in China can now take a test drive in a Model 3 made in Shanghai https://t.co/HJbMCXnViG,1,neutral,1,neutral,neutral,1,0,Finistral-7B-LoRA (Alpaca prompt),tfns,-11.100252151489258,1.5108973457245156e-05,-0.1002521961927414,0.9046368598937988,-2.350252151489258,0.09534802287817001
456,Tesla will top biggest battery record,1,neutral,2,positive,positive,0,0,Finistral-7B-LoRA (Alpaca prompt),tfns,-8.675518035888672,0.0001707187620922923,-2.238018274307251,0.10667239129543304,-0.11301827430725098,0.8931569457054138
457,"Tesla's truck, a Mustang SUV, a 304-mph Bugatti, and 11 other standouts from a wild week at the L.A. Auto Show https://t.co/EB1T7AOGMv",1,neutral,1,neutral,neutral,1,0,Finistral-7B-LoRA (Alpaca prompt),tfns,-12.56255054473877,3.500714456095011e-06,-5.07818695041351e-05,0.999956488609314,-10.12505054473877,4.006355084129609e-05
458,The Aliera Companies Holds Holiday Drive to Support Toys for Tots,1,neutral,1,neutral,neutral,1,0,Finistral-7B-LoRA (Alpaca prompt),tfns,-15.875049591064453,1.2751324618420767e-07,-5.006664650863968e-05,0.9999544620513916,-10.000049591064453,4.5397864596452564e-05
459,The latest marker of Chinese interest in African fintech is a $120 million funding round for OPay,1,neutral,1,neutral,neutral,1,0,Finistral-7B-LoRA (Alpaca prompt),tfns,-13.125130653381348,1.994483682210557e-06,-0.00013028726971242577,0.9998745918273926,-9.000130653381348,0.00012339433305896819
460,This sustainable fund already doesn't invest in fossil fuels. Now it wants all portfolio companies to align with th... https://t.co/vcxPmt4JUL,1,neutral,1,neutral,neutral,1,0,Finistral-7B-LoRA (Alpaca prompt),tfns,-14.000011444091797,8.315215040965995e-07,-1.1444026313256472e-05,0.9999912977218628,-11.750011444091797,7.889256266935263e-06
461,This Tiny Crypto Startup Has Lessons for Libra’s ‘Unbanked’ Dreams,1,neutral,1,neutral,neutral,1,0,Finistral-7B-LoRA (Alpaca prompt),tfns,-14.125493049621582,7.334629685828986e-07,-0.0004928089329041541,0.9995113611221313,-7.625492572784424,0.00048785677063278854
462,TikTok exploring distancing itself from China roots - WSJ,1,neutral,1,neutral,neutral,1,0,Finistral-7B-LoRA (Alpaca prompt),tfns,-4.531471252441406,0.01076595764607191,-0.031471237540245056,0.9691205620765686,-3.9064712524414062,0.02011345513164997
463,TikTok takes on Facebook in US advertising push https://t.co/xvVfQHl8Uj,1,neutral,1,neutral,neutral,1,0,Finistral-7B-LoRA (Alpaca prompt),tfns,-8.398530960083008,0.00022521147911902517,-0.023530874401330948,0.9768026471138,-3.773530960083008,0.022972196340560913
464,T-Mobile moves not enough to address concerns - New York AG,1,neutral,0,negative,negative,0,0,Finistral-7B-LoRA (Alpaca prompt),tfns,-0.0001389883691444993,0.9998708963394165,-9.000139236450195,0.00012339386739768088,-12.062639236450195,5.771208179794485e-06
465,Total : Details Plans to Develop Waha Concessions in Libya #Total #Stock #MarketScreener https://t.co/tpVWTyuD5K https://t.co/wf7QAN9arD,1,neutral,2,positive,positive,0,0,Finistral-7B-LoRA (Alpaca prompt),tfns,-10.112884521484375,4.0554539737058803e-05,-2.237884521484375,0.10668627172708511,-0.1128845363855362,0.8932731747627258
466,Total Halts Production at Normandy Refinery After Fire,1,neutral,0,negative,negative,0,0,Finistral-7B-LoRA (Alpaca prompt),tfns,-0.003671335754916072,0.9963753819465637,-5.628671169281006,0.0035934909246861935,-10.378671646118164,3.108978853560984e-05
467,TriStar Gold : Working with GoldSpot Discoveries at CDS and Announces Brokered Private Pla... #TriStarGold #economy… https://t.co/SY3soXR2Qq,1,neutral,1,neutral,neutral,1,0,Finistral-7B-LoRA (Alpaca prompt),tfns,-12.500089645385742,3.7264351249177707e-06,-8.928377064876258e-05,0.9999414682388306,-9.812589645385742,5.475956277223304e-05
468,Troy Income & Growth Trust : Publication of Suppl.Prospcts  #Stock #MarketScreener https://t.co/6rYHq9nvYb https://t.co/0jjvKVppPI,1,neutral,1,neutral,neutral,1,0,Finistral-7B-LoRA (Alpaca prompt),tfns,-14.375008583068848,5.714994131267304e-07,-8.821448318485636e-06,0.999997615814209,-13.250008583068848,1.7603421156309196e-06
469,Two of three SandRidge royalty trusts lose NYSE listing,1,neutral,0,negative,negative,0,0,Finistral-7B-LoRA (Alpaca prompt),tfns,-0.0019425348145887256,0.9980711340904236,-6.2519426345825195,0.0019267305033281446,-13.06444263458252,2.1192872736719437e-06
470,"U.S. Congress seeks answers on patient privacy in Google, Ascension cloud deal",1,neutral,1,neutral,neutral,1,0,Finistral-7B-LoRA (Alpaca prompt),tfns,-5.877851963043213,0.002800828544422984,-0.0028518266044557095,0.9971639513969421,-10.252851486206055,3.525722786434926e-05
471,UAE says Emirates pilots did not monitor settings in 2016 crash,1,neutral,0,negative,negative,0,0,Finistral-7B-LoRA (Alpaca prompt),tfns,-0.5761339068412781,0.5621349811553955,-0.8261339068412781,0.4377911686897278,-9.513633728027344,7.384714990621433e-05
472,Uber Declares an End to Growth at All Costs,1,neutral,1,neutral,neutral,1,0,Finistral-7B-LoRA (Alpaca prompt),tfns,-8.62545108795166,0.00017948108143173158,-0.00045074793160893023,0.9995593428611755,-8.25045108795166,0.00026114340289495885
473,"Uber is adding video and audio recording for more trips to make the service safer, but the move has triggered priva… https://t.co/C9jUnjSvzE",1,neutral,1,neutral,neutral,1,0,Finistral-7B-LoRA (Alpaca prompt),tfns,-12.062552452087402,5.771829364675796e-06,-5.280832192511298e-05,0.9999785423278809,-11.062552452087402,1.568946026964113e-05
474,Uber's arrival caused binge drinking to increase up to 21.8% and a possible decrease in drunk driving. Here's a lo… https://t.co/4h7tuhLp1B,1,neutral,1,neutral,neutral,1,0,Finistral-7B-LoRA (Alpaca prompt),tfns,-7.3299384117126465,0.0006558714085258543,-0.07993831485509872,0.9235357046127319,-2.5799384117126465,0.07580842822790146
475,United Airlines' next CEO a 'details guy' who will have labor contracts and the 737 Max on his plate https://t.co/FQ54xaqF6L,1,neutral,1,neutral,neutral,1,0,Finistral-7B-LoRA (Alpaca prompt),tfns,-16.125003814697266,9.931192579415438e-08,-3.576272320060525e-06,0.9999997615814209,-15.437503814697266,1.9750534363538463e-07
476,UPDATE 1-BT will maintain ties with skills group if it drops Prince Andrew as patron,1,neutral,1,neutral,neutral,1,0,Finistral-7B-LoRA (Alpaca prompt),tfns,-11.75001335144043,7.889250809967052e-06,-1.3708974620385561e-05,0.999990701675415,-13.43751335144043,1.459364852962608e-06
477,UPDATE 1-Italian airline Alitalia's rescue in doubt as Atlantia backtracks,1,neutral,0,negative,negative,0,0,Finistral-7B-LoRA (Alpaca prompt),tfns,-0.0060697984881699085,0.9939743876457214,-5.131069660186768,0.005910387262701988,-9.068570137023926,0.00011523422290338203
478,UPDATE 1-LivaNova to scrap mitral heart valve device as part of restructuring,1,neutral,0,negative,negative,0,0,Finistral-7B-LoRA (Alpaca prompt),tfns,-0.00018046658078674227,0.9998433589935303,-9.0001802444458,0.00012339047680143267,-10.3126802444458,3.321009353385307e-05
479,UPDATE 2-Crunch talks lead to Emirates order for 30 Boeing Dreamliners,1,neutral,2,positive,positive,0,0,Finistral-7B-LoRA (Alpaca prompt),tfns,-9.766100883483887,5.736411549150944e-05,-4.141101360321045,0.015905478969216347,-0.016101213172078133,0.9840371608734131
480,UPDATE 2-Thousands of CN Rail workers hold first strike in a decade,1,neutral,0,negative,negative,0,0,Finistral-7B-LoRA (Alpaca prompt),tfns,-0.2266676425933838,0.7978118658065796,-1.6016676425933838,0.20171843469142914,-7.664167404174805,0.00046971591655164957
481,VGI Partners Global Investments : Change of Director's Interest Notice-Robert Luciano #VGI #Stock #MarketScreener… https://t.co/RdC3f43HPU,1,neutral,1,neutral,neutral,1,0,Finistral-7B-LoRA (Alpaca prompt),tfns,-13.687517166137695,1.136562218562176e-06,-1.6927575416048057e-05,0.9999974966049194,-13.500017166137695,1.3709557151742047e-06
482,Volkswagen talks up next-gen EV wagon,1,neutral,2,positive,positive,0,0,Finistral-7B-LoRA (Alpaca prompt),tfns,-10.651477813720703,2.3666190827498212e-05,-2.463977813720703,0.08509702980518341,-0.08897784352302551,0.914879322052002
483,"VTEX, an e-commerce platform used by Walmart, raises $140M led by SoftBank's LatAm fund https://t.co/UJ2s2wUYPD via… https://t.co/sATiJD3uQM",1,neutral,2,positive,positive,0,0,Finistral-7B-LoRA (Alpaca prompt),tfns,-10.817151069641113,2.005283022299409e-05,-5.379651069641113,0.004609480034559965,-0.004650965798646212,0.9953704476356506
484,Wagners : Boral Cement Supply Agreement Update #Wagners #Stock #MarketScreener https://t.co/LFuHxWqfMI https://t.co/KjVa1a4bT7,1,neutral,2,positive,positive,0,0,Finistral-7B-LoRA (Alpaca prompt),tfns,-7.054742336273193,0.0008634586702100933,-1.0547422170639038,0.3483441174030304,-0.4297422170639038,0.6507924795150757
485,Walgreens Boots Alliance and McKesson team up in Germany,1,neutral,1,neutral,neutral,1,0,Finistral-7B-LoRA (Alpaca prompt),tfns,-12.87633991241455,2.5578885924915085e-06,-0.0013400870375335217,0.9986724853515625,-6.626339912414551,0.001325019053183496
486,Walmart looks to get past dog days of in-house grocery delivery,1,neutral,2,positive,positive,0,0,Finistral-7B-LoRA (Alpaca prompt),tfns,-5.604131698608398,0.003682725830003619,-1.6041315793991089,0.20106999576091766,-0.2291315495967865,0.7952473163604736
487,Warren Buffett's Berkshire bets on a heavily shorted stock https://t.co/KGSTAcOHTL,1,neutral,1,neutral,neutral,1,0,Finistral-7B-LoRA (Alpaca prompt),tfns,-4.312126159667969,0.013405588455498219,-0.062126148492097855,0.9398043155670166,-3.0621261596679688,0.04679010063409805
488,"WATCH: Unilever, Henkel and as well as some buyout funds could be in the market for some of Coty's brands in a deal… https://t.co/VZFaz5oTOn",1,neutral,1,neutral,neutral,1,0,Finistral-7B-LoRA (Alpaca prompt),tfns,-10.063677787780762,4.260344212525524e-05,-0.001177690108306706,0.9989251494407654,-6.876177787780762,0.0010321870213374496
489,"WATCH: Unilever, Henkel as well as buyout funds including Advent and Cinven are exploring bids for some of Coty’s t… https://t.co/wc4unz3izM",1,neutral,1,neutral,neutral,1,0,Finistral-7B-LoRA (Alpaca prompt),tfns,-9.188157081604004,0.00010226097947452217,-0.0006569849792867899,0.9995177984237671,-7.875657081604004,0.0003799456753768027
490,Wells Fargo offers real-time payments on RTP network,1,neutral,1,neutral,neutral,1,0,Finistral-7B-LoRA (Alpaca prompt),tfns,-14.75002384185791,3.9277875885090907e-07,-2.372236667724792e-05,0.9999806880950928,-10.87502384185791,1.892514046630822e-05
491,WeWork’s chairman outlined a 5-year turnaround plan at a meeting with employees Friday and introduced new additions… https://t.co/m0CqE1LsIx,1,neutral,1,neutral,neutral,1,0,Finistral-7B-LoRA (Alpaca prompt),tfns,-11.688852310180664,8.386944500671234e-06,-0.0013522299705073237,0.9986666440963745,-6.626352310180664,0.0013250113697722554
492,What Top Shareholders Said in Run Up to Credit Suisse CEO Ouster,1,neutral,1,neutral,neutral,1,0,Finistral-7B-LoRA (Alpaca prompt),tfns,-10.750031471252441,2.1444851881824434e-05,-3.111314072157256e-05,0.9999740123748779,-12.312531471252441,4.495084795053117e-06
493,Will 2020 Finally Be the Year AR and VR Matter for Facebook?,1,neutral,1,neutral,neutral,1,0,Finistral-7B-LoRA (Alpaca prompt),tfns,-14.625006675720215,4.450833728242287e-07,-6.6756979322235566e-06,0.9999958276748657,-12.500006675720215,3.7266377148625907e-06
494,Will Second-Hand Sales Add Value to Nordstrom?,1,neutral,1,neutral,neutral,1,0,Finistral-7B-LoRA (Alpaca prompt),tfns,-14.062504768371582,7.811476621100155e-07,-5.125986263010418e-06,0.9999983310699463,-13.875004768371582,9.422439006812056e-07
495,WRAPUP-Airbus dominates second day of Dubai show as Boeing wins MAX order,1,neutral,1,neutral,neutral,1,0,Finistral-7B-LoRA (Alpaca prompt),tfns,-12.18757152557373,5.093408162792912e-06,-7.164221460698172e-05,0.999936580657959,-9.75007152557373,5.8290966990171e-05
496,WuXi AppTec : 1) ADJUSTMENTS TO THE NUMBER OF THE INCENTIVE PARTICIPANTS AND NUMBER OF RES... #Stock… https://t.co/piw3RrVBvr,1,neutral,1,neutral,neutral,1,0,Finistral-7B-LoRA (Alpaca prompt),tfns,-11.562809944152832,9.516071258985903e-06,-0.00031013446277938783,0.9999715089797974,-10.875309944152832,1.8924967662314884e-05
497,Zijin Mining : Announcement in Relation to Listing of A Shares Issued under the Public Iss... #ZijinMining #Stock… https://t.co/GJHpHm4moY,1,neutral,1,neutral,neutral,1,0,Finistral-7B-LoRA (Alpaca prompt),tfns,-12.625033378601074,3.2887278393900488e-06,-3.3854863431770355e-05,0.9999902248382568,-11.937533378601074,6.540415597555693e-06
498,Zoono : Response to ASX Price Query #Zoono #Stock #MarketScreener https://t.co/vGfeMDtA3E https://t.co/62mQHJC6x2,1,neutral,1,neutral,neutral,1,0,Finistral-7B-LoRA (Alpaca prompt),tfns,-13.562515258789062,1.2878886082035024e-06,-1.549708758830093e-05,0.9999935626983643,-12.187515258789062,5.093698291602777e-06
499,"A fire broke out overnight at Exxon's Baton Rouge oil refinery in Louisiana, halting production at the fifth-bigges… https://t.co/fo5UTOUNMB",1,neutral,0,negative,negative,0,0,Finistral-7B-LoRA (Alpaca prompt),tfns,-0.038115546107292175,0.9626662135124207,-3.2881155014038086,0.037326619029045105,-11.850615501403809,7.134641691664001e-06
500,Hackers Breach Ring Home Security Cameras,0,negative,0,negative,negative,1,0,Finistral-7B-LoRA (Alpaca prompt),tfns,-0.00017915551143232733,0.9998735189437866,-9.000179290771484,0.0001233941875398159,-12.687679290771484,3.089113306486979e-06
501,"Press release: cyber attack - update January 31, 2020 #Picanol #Stock #MarketScreener https://t.co/AXwQmrRC3G https://t.co/e4KSKzdmA9",0,negative,0,negative,negative,1,0,Finistral-7B-LoRA (Alpaca prompt),tfns,-0.029903726652264595,0.9706328511238098,-3.5299036502838135,0.029310572892427444,-9.779903411865234,5.658271402353421e-05
502,T-Mobile said a hacker gained access to limited information contained in prepaid accounts https://t.co/Ui6KpaVAmj,0,negative,0,negative,negative,1,0,Finistral-7B-LoRA (Alpaca prompt),tfns,-0.01628395915031433,0.9839881062507629,-4.141283988952637,0.015904687345027924,-9.141283988952637,0.00010716493852669373
503,Did the Russians hack WIRP?,1,neutral,1,neutral,neutral,1,0,Finistral-7B-LoRA (Alpaca prompt),tfns,-15.500001907348633,1.855391076333035e-07,-1.6689286894688848e-06,0.9999997615814209,-16.937501907348633,4.4069398796864334e-08
504,10Y Yield LOD 1.7620%,0,negative,1,neutral,neutral,0,0,Finistral-7B-LoRA (Alpaca prompt),tfns,-9.875082015991211,5.1441242248984054e-05,-8.21318244561553e-05,0.999929666519165,-10.875082015991211,1.892417458293494e-05
505,30-year Treasury yield plumbs key 2% support level https://t.co/g1AUTKwOCb,0,negative,1,neutral,neutral,0,0,Finistral-7B-LoRA (Alpaca prompt),tfns,-5.380720615386963,0.004605392459779978,-0.005720790475606918,0.9944878220558167,-7.005720615386963,0.0009068555082194507
506,$BONDX: Overnight Treasury Market Summary https://t.co/5J3iMVcpJL,1,neutral,1,neutral,neutral,1,0,Finistral-7B-LoRA (Alpaca prompt),tfns,-12.000015258789062,6.14413920629886e-06,-1.5139465176616795e-05,0.9999880790710449,-12.062515258789062,5.771884389105253e-06
507,$COLL - Collegium launches convertible debt offering https://t.co/TlHbqpmywE,1,neutral,1,neutral,neutral,1,0,Finistral-7B-LoRA (Alpaca prompt),tfns,-8.875316619873047,0.00013979994400870055,-0.0003164505760651082,0.9997017979621887,-8.750316619873047,0.0001584140700288117
508,$ITHUF - iAnthus Defaults On Debt: What Comes Next?. https://t.co/3Tb0wenS3x #investing #economy #finance,1,neutral,0,negative,negative,0,0,Finistral-7B-LoRA (Alpaca prompt),tfns,-0.00025674383505247533,0.9997625946998596,-8.375256538391113,0.00023050513118505478,-11.875256538391113,6.960651717236033e-06
509,$RILY - B. Riley offers $50M of senior notes https://t.co/p8Kqe6nSTR,1,neutral,1,neutral,neutral,1,0,Finistral-7B-LoRA (Alpaca prompt),tfns,-7.886440277099609,0.00037581121432594955,-0.011440388858318329,0.9886413216590881,-4.511440277099609,0.010982814244925976
510,$UNIT - Uniti closes $2.25B in refinancing https://t.co/NxKtfwbaZa,1,neutral,1,neutral,neutral,1,0,Finistral-7B-LoRA (Alpaca prompt),tfns,-9.316765785217285,8.991296635940671e-05,-0.004265852738171816,0.995840311050415,-5.504265785217285,0.004069771617650986
511,$WBA - Walgreens sets $500M revolving credit line https://t.co/jsiWkSKB7P,1,neutral,1,neutral,neutral,1,0,Finistral-7B-LoRA (Alpaca prompt),tfns,-9.375189781188965,8.480288670398295e-05,-0.00019000156316906214,0.9998190999031067,-9.250189781188965,9.609426342649385e-05
512,$WDAY - Workday enters new credit facility https://t.co/XBMCTYEJRi,1,neutral,1,neutral,neutral,1,0,Finistral-7B-LoRA (Alpaca prompt),tfns,-12.250027656555176,4.7850039663899224e-06,-2.8013790142722428e-05,0.9999762773513794,-10.875027656555176,1.8925056792795658e-05
513,10-year yield at 1.632%; 2-year yield at 1.450%; 30-year yield at 2.088%,1,neutral,1,neutral,neutral,1,0,Finistral-7B-LoRA (Alpaca prompt),tfns,-9.00020694732666,0.00012338533997535706,-0.00020668754586949944,0.9998018145561218,-9.50020694732666,7.48370002838783e-05
514,8x8 -2.9% on $75M convertible note issue,1,neutral,1,neutral,neutral,1,0,Finistral-7B-LoRA (Alpaca prompt),tfns,-0.9046289324760437,0.404980331659317,-0.5296289324760437,0.5892428755760193,-5.154628753662109,0.005776734557002783
515,"A group of investors agreed to a tentative plan to reduce Puerto Rico's debt by about 40%, a key hurdle in its reco… https://t.co/KZK55OaEmp",1,neutral,2,positive,positive,0,0,Finistral-7B-LoRA (Alpaca prompt),tfns,-9.198659896850586,0.00010117600322701037,-4.511159420013428,0.01098583173006773,-0.011159623041749,0.9889129996299744
516,Archrock prices $500M of senior notes,1,neutral,1,neutral,neutral,1,0,Finistral-7B-LoRA (Alpaca prompt),tfns,-7.752917766571045,0.00042949290946125984,-0.0029179160483181477,0.9970989227294922,-6.002917766571045,0.0024715610779821873
517,AT&T takes on $5.5 billion loan to boost 'financial flexibility' https://t.co/ENTHbld55o https://t.co/BsoQHzpzao,1,neutral,1,neutral,neutral,1,0,Finistral-7B-LoRA (Alpaca prompt),tfns,-7.501193523406982,0.0005524326115846634,-0.0011932880152016878,0.9988215565681458,-7.376193523406982,0.0006259881192818284
518,B. Riley offers $50M of senior notes,1,neutral,1,neutral,neutral,1,0,Finistral-7B-LoRA (Alpaca prompt),tfns,-8.631903648376465,0.00017832663434091955,-0.006903842091560364,0.9931300282478333,-5.006903648376465,0.006691657472401857
519,B. Riley prices upsized $115M offering of notes,1,neutral,1,neutral,neutral,1,0,Finistral-7B-LoRA (Alpaca prompt),tfns,-6.544463157653809,0.0014380918582901359,-0.04446312412619591,0.956534743309021,-3.1694631576538086,0.04202720522880554
520,Chefs' Warehouse floats new debt,1,neutral,1,neutral,neutral,1,0,Finistral-7B-LoRA (Alpaca prompt),tfns,-2.4659645557403564,0.08492907136678696,-0.09096458554267883,0.9130735993385315,-6.2159647941589355,0.0019973404705524445
521,"China is planning a record sale of sovereign bonds in dollars, with a potential $6 billion offering https://t.co/zWNMQ4mXNb",1,neutral,1,neutral,neutral,1,0,Finistral-7B-LoRA (Alpaca prompt),tfns,-8.251607894897461,0.00026084433193318546,-0.0016076747560873628,0.9984145164489746,-6.626607894897461,0.0013246767921373248
522,China lines up record-breaking dollar bond https://t.co/XqtVhZcmWm,1,neutral,1,neutral,neutral,1,0,Finistral-7B-LoRA (Alpaca prompt),tfns,-6.255538463592529,0.0019198240479454398,-0.005538475699722767,0.9944934844970703,-5.630538463592529,0.003586703445762396
523,China’s $1.5 Trillion Pile of Bad Debt Lures Foreign Funds,1,neutral,1,neutral,neutral,1,0,Finistral-7B-LoRA (Alpaca prompt),tfns,-8.750247955322266,0.00015842277207411826,-0.000248401309363544,0.9997567534446716,-9.375247955322266,8.479759708279744e-05
524,"CLARIDA: DON'T THINK YIELD CURVE REFLECTS U.S. SITUATION

Yes, well, thanks to the Fed nothing reflects anything anymore",1,neutral,1,neutral,neutral,1,0,Finistral-7B-LoRA (Alpaca prompt),tfns,-13.375006675720215,1.5534969861619174e-06,-6.437280717364047e-06,0.9999978542327881,-14.437506675720215,5.368741540223709e-07
525,Comcast redeeming all $1B in 2047 senior notes,1,neutral,1,neutral,neutral,1,0,Finistral-7B-LoRA (Alpaca prompt),tfns,-8.438794136047363,0.00021639039914589375,-0.00129413278773427,0.9990741014480591,-7.251294136047363,0.000709516869392246
526,"EasyJet requests draw down of $500 million credit facility, explores more funding https://t.co/ZQZlGMNBJS https://t.co/09iTvOg2Av",1,neutral,1,neutral,neutral,1,0,Finistral-7B-LoRA (Alpaca prompt),tfns,-5.008220195770264,0.00668507581576705,-0.008220290765166283,0.9921532273292542,-6.758220195770264,0.001161691965535283
527,Gates to offer $568M of senior notes,1,neutral,1,neutral,neutral,1,0,Finistral-7B-LoRA (Alpaca prompt),tfns,-8.37549877166748,0.00023044651607051492,-0.0004990047891624272,0.9995083808898926,-8.25049877166748,0.0002611301024444401
528,Kaiser Aluminum offers $500M senior notes due 2028,1,neutral,1,neutral,neutral,1,0,Finistral-7B-LoRA (Alpaca prompt),tfns,-7.377567291259766,0.0006251281010918319,-0.002567211864516139,0.9974493384361267,-6.252567291259766,0.0019255302613601089
529,LabCorp prices $1.05B debt offering,1,neutral,1,neutral,neutral,1,0,Finistral-7B-LoRA (Alpaca prompt),tfns,-7.001125812530518,0.0009108660742640495,-0.0011260127648711205,0.9988859295845032,-8.501126289367676,0.00020324169599916786
530,Landsbankinn hf.: Supplement to the base prospectus for covered bond programme #Stock #MarketScreener… https://t.co/5TUTVnGSFd,1,neutral,1,neutral,neutral,1,0,Finistral-7B-LoRA (Alpaca prompt),tfns,-14.062530517578125,7.81146241024544e-07,-3.075552376685664e-05,0.999996542930603,-12.812530517578125,2.7264684376859805e-06
531,Match Group announces $500M senior notes offering,1,neutral,1,neutral,neutral,1,0,Finistral-7B-LoRA (Alpaca prompt),tfns,-8.253873825073242,0.00026025192346423864,-0.0038738222792744637,0.9961470365524292,-5.628873825073242,0.003592667169868946
532,Nasdaq prices 600M senior notes offering,1,neutral,1,neutral,neutral,1,0,Finistral-7B-LoRA (Alpaca prompt),tfns,-7.7509942054748535,0.0004303191672079265,-0.0009943069890141487,0.9990171194076538,-7.5009942054748535,0.0005525407614186406
533,New York Sports Clubs Owner Plans Debt Extension With Sweetener,1,neutral,1,neutral,neutral,1,0,Finistral-7B-LoRA (Alpaca prompt),tfns,-10.750054359436035,2.144435711670667e-05,-5.400034933700226e-05,0.9999510049819946,-10.500054359436035,2.7535101253306493e-05
534,"Nigeria won't seek a suspension of interest payments from its Eurobond bondholders, but will seek debt relief from… https://t.co/Bh7HUUF4kO",1,neutral,1,neutral,neutral,1,0,Finistral-7B-LoRA (Alpaca prompt),tfns,-11.625031471252441,8.939564395404886e-06,-3.123234637314454e-05,0.9999762773513794,-11.125031471252441,1.4738849131390452e-05
535,Piraeus Port Authority (ATH:PPA) Seems To Use Debt Rather Sparingly,1,neutral,1,neutral,neutral,1,0,Finistral-7B-LoRA (Alpaca prompt),tfns,-14.750005722045898,3.9278583585655724e-07,-5.483612312673358e-06,0.9999986886978149,-13.937505722045898,8.851565667100658e-07
536,"Qatar began marketing U.S. dollar-denominated bonds, the first Persian Gulf state to tap the debt markets since the… https://t.co/UknSZl5wZv",1,neutral,1,neutral,neutral,1,0,Finistral-7B-LoRA (Alpaca prompt),tfns,-8.125431060791016,0.0002959206176456064,-0.0004312062228564173,0.9995806813240051,-9.000431060791016,0.00012335805513430387
537,"Repsol SA is the latest oil major to head to Europe's debt market for fresh financing, with other large borrowers p… https://t.co/oJrYVdaGNY",1,neutral,1,neutral,neutral,1,0,Finistral-7B-LoRA (Alpaca prompt),tfns,-9.375214576721191,8.480057294946164e-05,-0.00021479207498487085,0.9997918009757996,-9.000214576721191,0.00012338410306256264
538,"Spanish companies, households snap up state-backed emergency credit  #Stock #MarketScreener https://t.co/o9iBDZEijE https://t.co/FQyY8WaORo",1,neutral,1,neutral,neutral,1,0,Finistral-7B-LoRA (Alpaca prompt),tfns,-10.251266479492188,3.5314900742378086e-05,-0.0012661544606089592,0.9987951517105103,-6.751266002655029,0.0011694688582792878
539,"Telenet : issues a new 6.2-year Ã‚â‚¬510.0 million revolving credit facility, further strength... #Telenet #Stock… https://t.co/6u4or9Yn9H",1,neutral,1,neutral,neutral,1,0,Finistral-7B-LoRA (Alpaca prompt),tfns,-8.833621978759766,0.0001458126789657399,-0.021121805533766747,0.9795247912406921,-3.8961217403411865,0.020329387858510017
540,"The bond market is looking 'overbought' even in the context of coronavirus fears, analysts say https://t.co/ALSVRYK0bD",1,neutral,0,negative,negative,0,0,Finistral-7B-LoRA (Alpaca prompt),tfns,-0.0128590427339077,0.9872971773147583,-4.387858867645264,0.01242823712527752,-8.200359344482422,0.0002745755191426724
541,"Two key regulators are holding off on easing Wall Street debt limits, leaving billions of dollars locked up that co… https://t.co/YvDDlEcmh2",1,neutral,1,neutral,neutral,1,0,Finistral-7B-LoRA (Alpaca prompt),tfns,-14.562501907348633,4.737905499041517e-07,-1.7881377516459906e-06,0.9999995231628418,-16.625001907348633,6.023571330615596e-08
542,Vereit files for senior notes offering,1,neutral,1,neutral,neutral,1,0,Finistral-7B-LoRA (Alpaca prompt),tfns,-8.500299453735352,0.00020340974151622504,-0.00029976642690598965,0.999711811542511,-9.375299453735352,8.479379175696522e-05
543,"VF : to Draw Down $1 Billion From Credit Facility, Cuts CEO's Pay by 50% #VF #Stock #MarketScreener… https://t.co/ZWMiFpYcfy",1,neutral,0,negative,negative,0,0,Finistral-7B-LoRA (Alpaca prompt),tfns,-0.48680776357650757,0.6158634424209595,-0.9868077635765076,0.3735400438308716,-4.549307823181152,0.010596515610814095
544,White House considering U.S. Treasury coronavirus bond: Kudlow #economy #MarketScreener https://t.co/qti2hB0N8z https://t.co/LT6g2sGH51,1,neutral,1,neutral,neutral,1,0,Finistral-7B-LoRA (Alpaca prompt),tfns,-11.500041961669922,1.0129743714060169e-05,-4.2437604861333966e-05,0.9999655485153198,-10.625041961669922,2.429999403830152e-05
545,Yields head lower despite strong economic numbers,1,neutral,0,negative,negative,0,0,Finistral-7B-LoRA (Alpaca prompt),tfns,-0.0003491030656732619,0.9996732473373413,-8.500349044799805,0.00020340188348200172,-9.000349044799805,0.00012336947838775814
546,Democrats push for the Fed to buy low-rated municipal debt to ease the virus strain on state and local governments https://t.co/rFJqDxUqZM,1,neutral,1,neutral,neutral,1,0,Finistral-7B-LoRA (Alpaca prompt),tfns,-13.062504768371582,2.123374997609062e-06,-5.245195097813848e-06,0.9999963045120239,-13.375004768371582,1.5534945987383253e-06
547,Euro zone to consider credit line from bailout fund to fight coronavirus https://t.co/aHTraPoyIK https://t.co/Rra8KyLRGy,1,neutral,1,neutral,neutral,1,0,Finistral-7B-LoRA (Alpaca prompt),tfns,-10.250075340270996,3.535500218276866e-05,-7.557583012385294e-05,0.9999293088912964,-10.250075340270996,3.535500218276866e-05
548,$BEVFF - Diversified Royalty cuts dividend by ~14% https://t.co/O7QVe3IbbN,0,negative,0,negative,negative,1,0,Finistral-7B-LoRA (Alpaca prompt),tfns,-5.435795901576057e-05,0.9999617338180542,-10.500054359436035,2.753539774857927e-05,-11.437554359436035,1.0783015568449628e-05
549,"$CAE: CAE temporarily suspends dividend and share repurchase plan; lays off 2,600 of its 10,500 employees; to... https://t.co/8PObDJoSCb",0,negative,0,negative,negative,1,0,Finistral-7B-LoRA (Alpaca prompt),tfns,-2.6940935640595853e-05,0.9999929666519165,-12.50002670288086,3.726627028299845e-06,-12.62502670288086,3.288736706963391e-06
550,Boeing supplier Spirit cuts dividend due to 737 MAX crisis,0,negative,0,negative,negative,1,0,Finistral-7B-LoRA (Alpaca prompt),tfns,-4.1483970562694594e-05,0.9999761581420898,-10.750041007995605,2.1444897356559522e-05,-12.937541007995605,2.4060507257672725e-06
551,$JKHY: Jack Henry increases quarterly dividend to $0.43/share from $0.40/share https://t.co/qKWFqFJW2n,2,positive,2,positive,positive,1,0,Finistral-7B-LoRA (Alpaca prompt),tfns,-13.812507629394531,1.0030083785750321e-06,-12.062507629394531,5.7719144024304114e-06,-7.510157047363464e-06,0.9999933242797852
552,"AT&T to raise quarterly dividend by 2% to 52 cents a share, retire $100 million of stock in Q1",2,positive,2,positive,positive,1,0,Finistral-7B-LoRA (Alpaca prompt),tfns,-12.062520980834961,5.771844826085726e-06,-11.250020980834961,1.3007053894398268e-05,-2.062299427052494e-05,0.9999812841415405
553,International Bancshares Corporation's (NASDAQ:IBOC) 2.6% Dividend Yield Looks Pretty Interesting,2,positive,1,neutral,neutral,0,0,Finistral-7B-LoRA (Alpaca prompt),tfns,-12.197278022766113,5.044253157393541e-06,-0.009778338484466076,0.9902864694595337,-4.6347784996032715,0.00970842782407999
554,Suncor's dividend boost reassures analysts amid weak Q4,2,positive,2,positive,positive,1,0,Finistral-7B-LoRA (Alpaca prompt),tfns,-11.500092506408691,1.012923166854307e-05,-9.500092506408691,7.484547677449882e-05,-9.297892393078655e-05,0.9999150037765503
555,$ATGFF - AltaGas declares CAD 0.08 dividend https://t.co/kw9EvOcgYY,1,neutral,1,neutral,neutral,1,0,Finistral-7B-LoRA (Alpaca prompt),tfns,-11.937601089477539,6.539882633660454e-06,-0.00010084597306558862,0.9999086856842041,-9.375101089477539,8.481049007968977e-05
556,$BANC - Banc of California declares $0.06 dividend https://t.co/T4PbSBACvo,1,neutral,1,neutral,neutral,1,0,Finistral-7B-LoRA (Alpaca prompt),tfns,-10.56297779083252,2.5856295906123705e-05,-0.00047743841423653066,0.9995436072349548,-7.750477313995361,0.00043054597335867584
557,$BOTJ - Bank of the James Financial Group declares $0.04 dividend https://t.co/aHMeRZPJNk,1,neutral,1,neutral,neutral,1,0,Finistral-7B-LoRA (Alpaca prompt),tfns,-11.750055313110352,7.888999789429363e-06,-5.566918844124302e-05,0.999958872795105,-10.312555313110352,3.321393160149455e-05
558,$ELY - Callaway Golf declares $0.01 dividend https://t.co/EnRdwwSBCR,1,neutral,1,neutral,neutral,1,0,Finistral-7B-LoRA (Alpaca prompt),tfns,-8.641910552978516,0.00017661004676483572,-0.07941102981567383,0.9239786267280579,-2.579411029815674,0.07584478706121445
559,$ERC - Wells Fargo Multi-Sector Income Fund declares $0.09888 dividend https://t.co/7AP9iYwPSF,1,neutral,1,neutral,neutral,1,0,Finistral-7B-LoRA (Alpaca prompt),tfns,-12.000097274780273,6.143743121356238e-06,-9.77468371274881e-05,0.999923586845398,-9.562597274780273,7.031142013147473e-05
560,$ES - Eversource Energy declares $0.535 dividend https://t.co/hgU90swNYW,1,neutral,1,neutral,neutral,1,0,Finistral-7B-LoRA (Alpaca prompt),tfns,-10.38267707824707,3.0965493351686746e-05,-0.007676979526877403,0.9923920035362244,-4.88267707824707,0.00757700577378273
561,$JPM - JPMorgan Chase declares $0.90 dividend https://t.co/NGBRqyTMUq,1,neutral,1,neutral,neutral,1,0,Finistral-7B-LoRA (Alpaca prompt),tfns,-11.000520706176758,1.669327320996672e-05,-0.0005204515182413161,0.9994953870773315,-7.6255202293396,0.00048784897080622613
562,$STE - Steris declares $0.37 dividend https://t.co/VkiswVp82t,1,neutral,1,neutral,neutral,1,0,Finistral-7B-LoRA (Alpaca prompt),tfns,-10.81260871887207,2.014418350881897e-05,-0.00010895135346800089,0.999904990196228,-9.50010871887207,7.484472735086456e-05
563,$SWZ - Swiss Helvetia Fund declares $0.1404 dividend https://t.co/Aoc3efzp2w,1,neutral,1,neutral,neutral,1,0,Finistral-7B-LoRA (Alpaca prompt),tfns,-11.750096321105957,7.888707841630094e-06,-9.643566590966657e-05,0.9999217987060547,-9.562596321105957,7.031128916423768e-05
564,Alaris Royalty declares CAD 0.1375 dividend,1,neutral,1,neutral,neutral,1,0,Finistral-7B-LoRA (Alpaca prompt),tfns,-15.25000286102295,2.3823679384804564e-07,-2.9802276912960224e-06,0.9999992847442627,-14.62500286102295,4.4508490759653796e-07
565,BankFinancial goes ex-dividend tomorrow,1,neutral,1,neutral,neutral,1,0,Finistral-7B-LoRA (Alpaca prompt),tfns,-7.191585540771484,0.0007530107395723462,-0.004085409455001354,0.9960766434669495,-5.754085540771484,0.0031702937558293343
566,Beach Energy declares AUD 1.00 dividend,1,neutral,1,neutral,neutral,1,0,Finistral-7B-LoRA (Alpaca prompt),tfns,-12.687519073486328,3.0894700557837496e-06,-1.9192511899746023e-05,0.9999890327453613,-11.750019073486328,7.889238077041227e-06
567,Boyd Gaming declares $0.07 dividend,1,neutral,1,neutral,neutral,1,0,Finistral-7B-LoRA (Alpaca prompt),tfns,-13.000017166137695,2.260306473544915e-06,-1.7165990357170813e-05,0.9999898672103882,-11.750017166137695,7.88924444350414e-06
568,Chorus Aviation declares CAD 0.04 dividend,1,neutral,1,neutral,neutral,1,0,Finistral-7B-LoRA (Alpaca prompt),tfns,-13.750017166137695,1.0676920965124737e-06,-1.6927575416048057e-05,0.9999887943267822,-11.500017166137695,1.0129979273187928e-05
569,Contact Energy declares NZ$0.16 dividend,1,neutral,1,neutral,neutral,1,0,Finistral-7B-LoRA (Alpaca prompt),tfns,-12.312519073486328,4.495150278671645e-06,-1.883488948806189e-05,0.9999885559082031,-11.875019073486328,6.9622251430701e-06
570,Contango Income Generator : September 2019 Quarter Dividend #ContangoIncomeGenerator #Stock #MarketScreener… https://t.co/OU5Rh5rlLB,1,neutral,1,neutral,neutral,1,0,Finistral-7B-LoRA (Alpaca prompt),tfns,-12.125033378601074,5.422128197096754e-06,-3.3854863431770355e-05,0.9999778270721436,-11.000033378601074,1.6701329514035024e-05
571,Dicker Data : Update - Dividend/Distribution - DDR #DickerData #Stock #MarketScreener https://t.co/xihVE978uQ https://t.co/VxJWQ2nvtH,1,neutral,1,neutral,neutral,1,0,Finistral-7B-LoRA (Alpaca prompt),tfns,-12.312543869018555,4.495115263125626e-06,-4.386805812828243e-05,0.9999808073043823,-11.125043869018555,1.4738915524503682e-05
572,"Digital Realty Trust, Inc. 5.2% PFD SER L declares $0.2925 dividend",1,neutral,1,neutral,neutral,1,0,Finistral-7B-LoRA (Alpaca prompt),tfns,-11.312551498413086,1.2218694791954476e-05,-5.1377883210079744e-05,0.9999566078186035,-10.375051498413086,3.120153269264847e-05
573,"Digital Realty Trust, Inc. 6.35% PFD I CUM declares $0.396875 dividend",1,neutral,1,neutral,neutral,1,0,Finistral-7B-LoRA (Alpaca prompt),tfns,-11.125097274780273,1.4737876881554257e-05,-9.703165414975956e-05,0.9999103546142578,-9.500097274780273,7.484512752853334e-05
574,Equinor declares $0.27 dividend,1,neutral,1,neutral,neutral,1,0,Finistral-7B-LoRA (Alpaca prompt),tfns,-13.062515258789062,2.123361582562211e-06,-1.5735502529423684e-05,0.9999899864196777,-11.750015258789062,7.889245352998842e-06
575,Franklin Universal Trust declares $0.032 dividend,1,neutral,1,neutral,neutral,1,0,Finistral-7B-LoRA (Alpaca prompt),tfns,-13.062514305114746,2.1233654479146935e-06,-1.4781842764932662e-05,0.999991774559021,-12.000014305114746,6.144161943666404e-06
576,GasLog Partners declares $0.561 dividend,1,neutral,1,neutral,neutral,1,0,Finistral-7B-LoRA (Alpaca prompt),tfns,-13.687505722045898,1.1365629006832023e-06,-5.483612312673358e-06,0.9999980926513672,-14.125005722045898,7.338201157836011e-07
577,Inter Pipeline declares CAD 0.1425 dividend,1,neutral,1,neutral,neutral,1,0,Finistral-7B-LoRA (Alpaca prompt),tfns,-13.81251049041748,1.0030098565039225e-06,-1.0967194612021558e-05,0.9999947547912598,-12.37501049041748,4.2228289203194436e-06
578,INVESCO Perpetual UK Smaller Investment Trust : Dividend Declaration  #Stock #MarketScreener https://t.co/ImzY3UWZed https://t.co/xPxZGkhcdl,1,neutral,1,neutral,neutral,1,0,Finistral-7B-LoRA (Alpaca prompt),tfns,-13.250020027160645,1.7603343849259545e-06,-1.9788545614574105e-05,0.9999932050704956,-12.187520027160645,5.093696472613374e-06
579,Nexus REIT declares CAD 0.0133 dividend,1,neutral,1,neutral,neutral,1,0,Finistral-7B-LoRA (Alpaca prompt),tfns,-13.750005722045898,1.06770175989368e-06,-5.960446742392378e-06,0.9999978542327881,-13.687505722045898,1.1365626733095269e-06
580,Northern Star Resources : Appendix 3A.1 &ndash; Notification of Dividend #NorthernStarResources #Stock… https://t.co/1VwT4eGaXs,1,neutral,1,neutral,neutral,1,0,Finistral-7B-LoRA (Alpaca prompt),tfns,-14.00001335144043,8.315264494740404e-07,-1.2993727978027891e-05,0.9999972581863403,-13.18751335144043,1.8738737708190456e-06
581,Northfield Bancorp goes ex-dividend tomorrow,1,neutral,1,neutral,neutral,1,0,Finistral-7B-LoRA (Alpaca prompt),tfns,-9.375505447387695,8.477881783619523e-05,-0.000505677133332938,0.999535322189331,-7.875505447387695,0.0003799523110501468
582,Nuveen Pennsylvania Municipal Value Fund declares $0.038 dividend,1,neutral,1,neutral,neutral,1,0,Finistral-7B-LoRA (Alpaca prompt),tfns,-14.18751049041748,6.893586146361486e-07,-1.07287787614041e-05,0.9999958276748657,-12.56251049041748,3.5008522445423296e-06
583,NXP Semiconductors declares $0.375 dividend,1,neutral,1,neutral,neutral,1,0,Finistral-7B-LoRA (Alpaca prompt),tfns,-13.0001220703125,2.2600779630010948e-06,-0.00012206286191940308,0.9998887777328491,-9.1251220703125,0.00010889666009461507
584,OneMain Holdings declares $0.33 dividend,1,neutral,1,neutral,neutral,1,0,Finistral-7B-LoRA (Alpaca prompt),tfns,-13.250024795532227,1.7603098285690066e-06,-2.4437606043647975e-05,0.9999792575836182,-10.875024795532227,1.8925113181467168e-05
585,PennyMac Mortgage Investment Trust CUM RED PFD B declares $0.50 dividend,1,neutral,1,neutral,neutral,1,0,Finistral-7B-LoRA (Alpaca prompt),tfns,-10.062612533569336,4.264497692929581e-05,-0.00011252723925281316,0.9998990297317505,-9.750112533569336,5.828877692692913e-05
586,PennyMac Mortgage Investment Trust PFD SER A declares $0.5078 dividend,1,neutral,1,neutral,neutral,1,0,Finistral-7B-LoRA (Alpaca prompt),tfns,-12.250043869018555,4.784945303981658e-06,-4.3748852476710454e-05,0.9999639987945557,-10.375043869018555,3.120176188531332e-05
587,Primerica goes ex-dividend tomorrow,1,neutral,1,neutral,neutral,1,0,Finistral-7B-LoRA (Alpaca prompt),tfns,-8.938995361328125,0.00013117777416482568,-0.0014950776239857078,0.9985439777374268,-6.626494884490967,0.0013248486211523414
588,QIWI plc declares $0.28 dividend,1,neutral,1,neutral,neutral,1,0,Finistral-7B-LoRA (Alpaca prompt),tfns,-10.87532901763916,1.8919547073892318e-05,-0.00032944019767455757,0.9996851682662964,-8.12532901763916,0.00029595152591355145
589,SB One Bancorp goes ex-dividend on Monday,1,neutral,1,neutral,neutral,1,0,Finistral-7B-LoRA (Alpaca prompt),tfns,-9.062881469726562,0.00011589262430788949,-0.0003816353273577988,0.9996535778045654,-8.375381469726562,0.00023047998547554016
590,Schlumberger goes ex-dividend tomorrow,1,neutral,1,neutral,neutral,1,0,Finistral-7B-LoRA (Alpaca prompt),tfns,-6.642437934875488,0.0013039736077189445,-0.017438068985939026,0.982810378074646,-4.142437934875488,0.015885649248957634
591,Southwest Airlines declares $0.18 dividend,1,neutral,1,neutral,neutral,1,0,Finistral-7B-LoRA (Alpaca prompt),tfns,-12.812515258789062,2.7264488835498923e-06,-1.5735502529423684e-05,0.99998939037323,-11.750015258789062,7.889240805525333e-06
592,Superior Plus Announces February 2020 Cash Dividend and Upcoming Events,1,neutral,1,neutral,neutral,1,0,Finistral-7B-LoRA (Alpaca prompt),tfns,-15.625006675720215,1.6373761013710464e-07,-6.9141146923357155e-06,0.9999994039535522,-14.562506675720215,4.7379049306073284e-07
593,Sylogist declares CAD 0.10 dividend,1,neutral,1,neutral,neutral,1,0,Finistral-7B-LoRA (Alpaca prompt),tfns,-11.437604904174805,1.0782398021547124e-05,-0.00010489867418073118,0.9999043941497803,-9.375104904174805,8.481012628180906e-05
594,Tekla Healthcare Opportunities Fund declares $0.1125 dividend,1,neutral,1,neutral,neutral,1,0,Finistral-7B-LoRA (Alpaca prompt),tfns,-13.125016212463379,1.9947183318436146e-06,-1.6331539882230572e-05,0.9999922513961792,-12.062516212463379,5.77190849071485e-06
595,Tekla World Healthcare Fund declares $0.1167 dividend,1,neutral,1,neutral,neutral,1,0,Finistral-7B-LoRA (Alpaca prompt),tfns,-13.500014305114746,1.3709476434087264e-06,-1.4781842764932662e-05,0.9999916553497314,-11.875014305114746,6.9622465161955915e-06
596,Vishay Intertechnology declares $0.095 dividend,1,neutral,1,neutral,neutral,1,0,Finistral-7B-LoRA (Alpaca prompt),tfns,-12.87509822845459,2.5610650027374504e-06,-9.786603914108127e-05,0.9999126195907593,-9.37509822845459,8.481081749778241e-05
597,WPT Industrial REIT declares $0.0633 dividend,1,neutral,1,neutral,neutral,1,0,Finistral-7B-LoRA (Alpaca prompt),tfns,-13.500011444091797,1.3709524182559107e-06,-1.1324817933200393e-05,0.9999951124191284,-12.562511444091797,3.5008497434318997e-06
598,WVS Financial goes ex-dividend tomorrow,1,neutral,1,neutral,neutral,1,0,Finistral-7B-LoRA (Alpaca prompt),tfns,-8.751282691955566,0.0001582726981723681,-0.0012827033642679453,0.9988096952438354,-6.876282691955566,0.001032067695632577
599,Dish TV India Limited Just Missed Earnings With A Surprise Loss - Here Are Analysts Latest Forecasts,0,negative,0,negative,negative,1,0,Finistral-7B-LoRA (Alpaca prompt),tfns,-0.0017516759689897299,0.9982640147209167,-6.376751899719238,0.0017006624257192016,-10.251751899719238,3.529612149577588e-05
600,Legacy Housing Corporation Earnings Missed Analyst Estimates: Here's What Analysts Are Forecasting Now,0,negative,0,negative,negative,1,0,Finistral-7B-LoRA (Alpaca prompt),tfns,-0.0006344689172692597,0.9993811845779419,-7.500634670257568,0.0005527421017177403,-9.62563419342041,6.601562927244231e-05
601,Playtech warns it will miss earnings expectations https://t.co/Zsz2VKkcrc,0,negative,0,negative,negative,1,0,Finistral-7B-LoRA (Alpaca prompt),tfns,-3.564294092939235e-05,0.9999728202819824,-10.625035285949707,2.4300170480273664e-05,-12.750035285949707,2.90224170385045e-06
602,Was Five Star Senior Living Inc.'s (NASDAQ:FVE) Earnings Decline Part Of A Broader Industry Downturn?,0,negative,1,neutral,neutral,0,0,Finistral-7B-LoRA (Alpaca prompt),tfns,-11.75001049041748,7.889260814408772e-06,-1.0251946150674485e-05,0.9999918937683105,-15.50001049041748,1.8553764391526784e-07
603,Why Home Depot Stumbled on Earnings,0,negative,0,negative,negative,1,0,Finistral-7B-LoRA (Alpaca prompt),tfns,-0.0006474544061347842,0.9993622899055481,-7.37564754486084,0.0006263270042836666,-11.37564754486084,1.1471579455246683e-05
604,"$NVDA - After Intel And AMD, Nvidia Q4 Earnings Release Most Likely Beats. https://t.co/e87ZEOd1Z8 #business #stockmarket #markets",2,positive,2,positive,positive,1,0,Finistral-7B-LoRA (Alpaca prompt),tfns,-10.250176429748535,3.535130599630065e-05,-8.875176429748535,0.00013981712982058525,-0.000176652567461133,0.9998248219490051
605,Adobe Hits New Highs on Earnings - Here’s What the Charts Say - TheStreet,2,positive,2,positive,positive,1,0,Finistral-7B-LoRA (Alpaca prompt),tfns,-11.625638008117676,8.93409742275253e-06,-7.375638008117676,0.0006263285758905113,-0.0006380429258570075,0.9993647933006287
606,Amazon rejoins $1tn club on back of blockbuster earnings https://t.co/a3rPNz6Xsn,2,positive,2,positive,positive,1,0,Finistral-7B-LoRA (Alpaca prompt),tfns,-12.625184059143066,3.288158495706739e-06,-8.625184059143066,0.00017952737107407302,-0.00018404220463708043,0.9998171925544739
607,Cineplex Inc. Just Beat Earnings Expectations: Here's What Analysts Think Will Happen Next,2,positive,2,positive,positive,1,0,Finistral-7B-LoRA (Alpaca prompt),tfns,-11.187640190124512,1.3844296518072952e-05,-9.000140190124512,0.00012339287786744535,-0.00014006110723130405,0.999862790107727
608,"CrowdStrike strikes gain with another blow out report (CRWD)                   
https://t.co/GtK5LmJbfX $CRWD",2,positive,2,positive,positive,1,0,Finistral-7B-LoRA (Alpaca prompt),tfns,-8.627368927001953,0.00017913618648890406,-6.127368927001953,0.002182325581088662,-0.0023688608780503273,0.9976385831832886
609,Pharma ETFs Gain on Healthy Q4 Earnings,2,positive,2,positive,positive,1,0,Finistral-7B-LoRA (Alpaca prompt),tfns,-10.50016975402832,2.7531843443284743e-05,-8.87516975402832,0.0001398182357661426,-0.00016973962192423642,0.9998326301574707
610,Sonos Sounds Good After Earnings Beat,2,positive,2,positive,positive,1,0,Finistral-7B-LoRA (Alpaca prompt),tfns,-10.377840042114258,3.111451951554045e-05,-5.8778395652771,0.002800839953124523,-0.002839582972228527,0.9971680045127869
611,Why Pinterest Earnings Were So Inspiring,2,positive,2,positive,positive,1,0,Finistral-7B-LoRA (Alpaca prompt),tfns,-12.751506805419922,2.897955255320994e-06,-6.501506328582764,0.001501177903264761,-0.0015065044863149524,0.9984959363937378
612,$AIZ - Assurant Q4 2019 Earnings Preview https://t.co/RbjIk0NRk8,1,neutral,1,neutral,neutral,1,0,Finistral-7B-LoRA (Alpaca prompt),tfns,-10.562840461730957,2.5859777451842092e-05,-0.0003400462737772614,0.9996782541275024,-8.125340461730957,0.0002959494886454195
613,$AMBA - Ambarella Q3 2020 Earnings Preview https://t.co/NR63jlJVHm,1,neutral,1,neutral,neutral,1,0,Finistral-7B-LoRA (Alpaca prompt),tfns,-10.188360214233398,3.760618710657582e-05,-0.0008606782066635787,0.9991583824157715,-7.125860691070557,0.0008040557149797678
614,$AN - AutoNation Q4 2019 Earnings Preview https://t.co/6dXenvxdEY,1,neutral,1,neutral,neutral,1,0,Finistral-7B-LoRA (Alpaca prompt),tfns,-9.250828742980957,9.6034214948304e-05,-0.0008288762182928622,0.999194324016571,-7.250828742980957,0.0007096022018231452
615,$BAH - Booz Allen Hamilton Holding Corporation (BAH) CEO Horacio Rozanski on Q3 2020 Results - Earnings Call Transc... https://t.co/dNOLR4pBSn,1,neutral,1,neutral,neutral,1,0,Finistral-7B-LoRA (Alpaca prompt),tfns,-10.875171661376953,1.8922501112683676e-05,-0.0001714082609396428,0.9998412132263184,-8.875171661376953,0.00013981942902319133
616,$BPIRY $BPIRD $BPIRF - Piraeus Bank reports Q3 results https://t.co/w7GoiSjs8N,1,neutral,1,neutral,neutral,1,0,Finistral-7B-LoRA (Alpaca prompt),tfns,-14.062507629394531,7.811481168573664e-07,-7.629365427419543e-06,0.999998927116394,-15.062507629394531,2.8736829449371726e-07
617,"$BR - Broadridge Financial Solutions, Inc. (BR) CEO Tim Gokey on Q2 2020 Results - Earnings Call Transcript.... https://t.co/yYrbfCRfBh",1,neutral,1,neutral,neutral,1,0,Finistral-7B-LoRA (Alpaca prompt),tfns,-10.250203132629395,3.535064752213657e-05,-0.0002029928145930171,0.9998062252998352,-8.750203132629395,0.00015843061555642635
618,$CEIX - CONSOL Energy Q4 2019 Earnings Preview https://t.co/hNZ8OnhPhh,1,neutral,1,neutral,neutral,1,0,Finistral-7B-LoRA (Alpaca prompt),tfns,-9.875720977783203,5.140999564900994e-05,-0.000720956246368587,0.9993222951889038,-7.375720977783203,0.0006263019167818129
619,"$CLDR - Cloudera, Inc. (CLDR) CEO Martin Cole on Q3 2020 Results - Earnings Call Transcript. Read more and get upda… https://t.co/zgmQ7X8gvp",1,neutral,1,neutral,neutral,1,0,Finistral-7B-LoRA (Alpaca prompt),tfns,-11.687582015991211,8.397639248869382e-06,-8.165503095369786e-05,0.9999401569366455,-9.875082015991211,5.144178430782631e-05
620,$CMD - Cantel Medical Corp. (CMD) CEO George Fotiades on Q1 2020 Results - Earnings Call Transcript. Continue readi… https://t.co/2ZQtrDBqqe,1,neutral,1,neutral,neutral,1,0,Finistral-7B-LoRA (Alpaca prompt),tfns,-10.062803268432617,4.26376354880631e-05,-0.00030286493711173534,0.9997268319129944,-8.375303268432617,0.0002304968802491203
621,$CNS - Cohen & Steers reports January AUM of $73.3B https://t.co/fmpmExnIde,1,neutral,1,neutral,neutral,1,0,Finistral-7B-LoRA (Alpaca prompt),tfns,-11.87531566619873,6.960195605643094e-06,-0.00031585473334416747,0.9996970891952515,-8.12531566619873,0.00029595507658086717
622,$CRL - Charles River Laboratories Q4 2019 Earnings Preview https://t.co/kXRc3AJodT,1,neutral,1,neutral,neutral,1,0,Finistral-7B-LoRA (Alpaca prompt),tfns,-10.063484191894531,4.2608615331118926e-05,-0.0009841842111200094,0.9990463852882385,-7.000984191894531,0.000911012408323586
623,"$CULP - Culp, Inc. 2020 Q2 - Results - Earnings Call Presentation. Read more and get updates on any stock!… https://t.co/k65vOwaaB9",1,neutral,1,neutral,neutral,1,0,Finistral-7B-LoRA (Alpaca prompt),tfns,-12.625025749206543,3.2887035104067763e-06,-2.5748875486897305e-05,0.9999828338623047,-11.187525749206543,1.3845959074387792e-05
624,$D - Dominion Energy Q4 2019 Earnings Preview https://t.co/blwGYqai5K,1,neutral,1,neutral,neutral,1,0,Finistral-7B-LoRA (Alpaca prompt),tfns,-11.125596046447754,1.473083466407843e-05,-0.0005959880072623491,0.9994325041770935,-7.500596046447754,0.0005527705070562661
625,$DBD - Diebold Nixdorf Q4 2019 Earnings Preview https://t.co/fbABq6ow2F,1,neutral,1,neutral,neutral,1,0,Finistral-7B-LoRA (Alpaca prompt),tfns,-10.375188827514648,3.1197549105854705e-05,-0.00018892886873800308,0.9998289346694946,-8.875188827514648,0.00013981771189719439
626,$EARN - Ellington Residential Mortgage REIT reports Q4 results https://t.co/VyLG9T1ATd,1,neutral,1,neutral,neutral,1,0,Finistral-7B-LoRA (Alpaca prompt),tfns,-11.375027656555176,1.147863622463774e-05,-2.729855441430118e-05,0.9999769926071167,-11.375027656555176,1.147863622463774e-05
627,$ELY - Callaway Golf Company 2019 Q4 - Results - Earnings Call Presentation. https://t.co/57nAtnddKP #markets #trading #economy,1,neutral,1,neutral,neutral,1,0,Finistral-7B-LoRA (Alpaca prompt),tfns,-10.126998901367188,3.998649845016189e-05,-0.001998809864744544,0.998033344745636,-6.2519989013671875,0.0019266576273366809
628,$EVI - EVI reports Q2 results https://t.co/JORsCDM5m7,1,neutral,1,neutral,neutral,1,0,Finistral-7B-LoRA (Alpaca prompt),tfns,-10.250182151794434,3.535188807290979e-05,-0.00018189683032687753,0.9998412132263184,-9.000182151794434,0.00012339021486695856
629,"$FISI - Financial Institutions, Inc. (FISI) CEO Marty Birmingham on Q4 2019 Results - Earnings Call Transcript.... https://t.co/x0EUXRLkqc",1,neutral,1,neutral,neutral,1,0,Finistral-7B-LoRA (Alpaca prompt),tfns,-11.87503719329834,6.962097359064501e-06,-3.766942609217949e-05,0.9999701976776123,-10.68753719329834,2.2827838620287366e-05
630,$HAS - Hasbro Q4 2019 Earnings Preview https://t.co/vMIhbuEfgX,1,neutral,1,neutral,neutral,1,0,Finistral-7B-LoRA (Alpaca prompt),tfns,-9.5645170211792,7.017637835815549e-05,-0.002016893122345209,0.9980031847953796,-6.252017021179199,0.0019265994196757674
631,$HBAYF - Hudson's Bay Company (HBAYF) CEO Helena Foulkes on Q3 2019 Results - Earnings Call Transcript. Continue re… https://t.co/YoS5k00NYv,1,neutral,1,neutral,neutral,1,0,Finistral-7B-LoRA (Alpaca prompt),tfns,-11.312543869018555,1.2218813935760409e-05,-4.410646579344757e-05,0.9999663829803467,-10.750043869018555,2.1444688172778115e-05
632,$IFLXF - Imaflex reports Q3 results https://t.co/3rqgPSpjRZ,1,neutral,1,neutral,neutral,1,0,Finistral-7B-LoRA (Alpaca prompt),tfns,-10.812562942504883,2.014497840718832e-05,-6.294052582234144e-05,0.9999444484710693,-10.250062942504883,3.53555369656533e-05
633,$IOFB - Iowa First Bancshares reports Q4 results https://t.co/jT2mbQvS4e,1,neutral,1,neutral,neutral,1,0,Finistral-7B-LoRA (Alpaca prompt),tfns,-12.25002670288086,4.7850039663899224e-06,-2.682172998902388e-05,0.9999762773513794,-10.87502670288086,1.8925056792795658e-05
634,$IVC - Invacare Corporation (IVC) CEO Matthew Monaghan on Q4 2019 Results - Earnings Call Transcript.… https://t.co/Okr6M5SxnF,1,neutral,1,neutral,neutral,1,0,Finistral-7B-LoRA (Alpaca prompt),tfns,-9.56277084350586,7.029922562651336e-05,-0.00027104519540444016,0.9997501969337463,-8.62527084350586,0.00017951535119209439
635,"$JBSS - John B. Sanfilippo & Son, Inc. (JBSS) CEO Jeffrey Sanfilippo on Q2 2020 Results - Earnings Call Transcript.... https://t.co/6vtzuGJJVc",1,neutral,1,neutral,neutral,1,0,Finistral-7B-LoRA (Alpaca prompt),tfns,-10.250345230102539,3.5345787182450294e-05,-0.00034540885826572776,0.9996687173843384,-8.125345230102539,0.0002959466655738652
636,$LPX - Louisiana-Pacific Q4 2019 Earnings Preview https://t.co/4vQ4G5x1Yv,1,neutral,1,neutral,neutral,1,0,Finistral-7B-LoRA (Alpaca prompt),tfns,-9.126457214355469,0.00010875264706555754,-0.001456867903470993,0.9985664486885071,-6.6264567375183105,0.001324878423474729
637,"$MELI - MercadoLibre, Inc. 2019 Q4 - Results - Earnings Call Presentation. https://t.co/KcRqfODmhA #business #markets #stockmarket",1,neutral,1,neutral,neutral,1,0,Finistral-7B-LoRA (Alpaca prompt),tfns,-11.750407218933105,7.88626402936643e-06,-0.00040713604539632797,0.9996121525764465,-7.8754072189331055,0.0003799815312959254
638,$MLM - Martin Marietta Materials Q4 2019 Earnings Preview https://t.co/jgnzxkIdqd,1,neutral,1,neutral,neutral,1,0,Finistral-7B-LoRA (Alpaca prompt),tfns,-9.879157066345215,5.123284790897742e-05,-0.004157471936196089,0.9958788156509399,-5.504157543182373,0.004069929011166096
639,$NCR - NCR Q4 2019 Earnings Preview https://t.co/VDRlgyflHj,1,neutral,1,neutral,neutral,1,0,Finistral-7B-LoRA (Alpaca prompt),tfns,-9.312996864318848,9.024608880281448e-05,-0.0004967409186065197,0.9995298385620117,-7.875496864318848,0.0003799502446781844
640,$NIU - Niu Technologies 2019 Q3 - Results - Earnings Call Presentation. Read more: https://t.co/OOWkcX2Atx #investing #stocks #stockmarket,1,neutral,1,neutral,neutral,1,0,Finistral-7B-LoRA (Alpaca prompt),tfns,-12.312602043151855,4.494800123211462e-06,-0.00010179955279454589,0.9999107122421265,-9.375102043151855,8.48106574267149e-05
641,$NNN - National Retail Properties Q4 Earnings Preview https://t.co/pyBH8YQj1p,1,neutral,1,neutral,neutral,1,0,Finistral-7B-LoRA (Alpaca prompt),tfns,-11.312704086303711,1.2216882169013843e-05,-0.00020430385484360158,0.9998082518577576,-8.625204086303711,0.0001795257703633979
642,$NSP - Insperity Q4 2019 Earnings Preview https://t.co/bhbi9TFrFi,1,neutral,1,neutral,neutral,1,0,Finistral-7B-LoRA (Alpaca prompt),tfns,-8.689421653747559,0.00016836596478242427,-0.0019213564228266478,0.9981312155723572,-6.3769211769104,0.0017004362307488918
643,$OMC - Omnicom Q4 2019 Earnings Preview https://t.co/RuCz38Mcy6,1,neutral,1,neutral,neutral,1,0,Finistral-7B-LoRA (Alpaca prompt),tfns,-9.313945770263672,9.01607854757458e-05,-0.0014456784119829535,0.9985849857330322,-6.626445770263672,0.0013249029871076345
644,$PANW - Palo Alto Networks Q1 2020 Earnings Preview https://t.co/DfQXpl34fA,1,neutral,1,neutral,neutral,1,0,Finistral-7B-LoRA (Alpaca prompt),tfns,-10.813347816467285,2.012949153140653e-05,-0.0008474572678096592,0.9991757273674011,-7.125847339630127,0.0008040697430260479
645,$PHCEF - PharmaCielo reports Q3 results https://t.co/8l2CVHznGj,1,neutral,1,neutral,neutral,1,0,Finistral-7B-LoRA (Alpaca prompt),tfns,-12.937508583068848,2.406095063633984e-06,-8.22540732769994e-06,0.9999946355819702,-12.750008583068848,2.9023051411058987e-06
646,$PSX - Phillips 66 2019 Q4 - Results - Earnings Call Presentation. https://t.co/lQFktaxl9V #markets #trading #stocks,1,neutral,1,neutral,neutral,1,0,Finistral-7B-LoRA (Alpaca prompt),tfns,-10.688169479370117,2.2813699615653604e-05,-0.0006690170848742127,0.9993508458137512,-7.375669002532959,0.0006263198447413743
647,$PVH - Phillips-Van Heusen Q3 2020 Earnings Preview https://t.co/kNhCYwVnBX,1,neutral,1,neutral,neutral,1,0,Finistral-7B-LoRA (Alpaca prompt),tfns,-8.566821098327637,0.0001903266238514334,-0.004321285057812929,0.9957402944564819,-5.504321098327637,0.004069363232702017
648,"$RGCO - RGC Resources, Inc. (RGCO) CEO John D'Orazio on Q4 2019 Results - Earnings Call Transcript. Read more and g… https://t.co/UR8KXNoy1h",1,neutral,1,neutral,neutral,1,0,Finistral-7B-LoRA (Alpaca prompt),tfns,-11.00019645690918,1.6698775652912445e-05,-0.00019643761334009469,0.9998249411582947,-8.75019645690918,0.0001584335695952177
649,$RNUGF - ReNeuron Group plc (RNUGF) CEO Olav Hellebø on Q2 2020 Results - Earnings Call Transcript. Follow this and… https://t.co/mHsXKdhtCw,1,neutral,1,neutral,neutral,1,0,Finistral-7B-LoRA (Alpaca prompt),tfns,-10.625274658203125,2.429463893349748e-05,-0.0002743821241892874,0.9997451901435852,-8.375274658203125,0.00023050111485645175
650,$UAA - Under Armour Q4 2019 Earnings Preview https://t.co/5lR80ygFWK,1,neutral,1,neutral,neutral,1,0,Finistral-7B-LoRA (Alpaca prompt),tfns,-10.687774658203125,2.2822734536021017e-05,-0.0002747396647464484,0.9997466206550598,-8.375274658203125,0.000230501449550502
651,$UNFI - United Natural Foods Inc (UNFI) CEO Steve Spinner on Q1 2020 Results - Earnings Call Transcript. Keep readi… https://t.co/9UbHS6nuQP,1,neutral,1,neutral,neutral,1,0,Finistral-7B-LoRA (Alpaca prompt),tfns,-11.312561988830566,1.2218643860251177e-05,-6.210611172718927e-05,0.9999524354934692,-10.250061988830566,3.5355820728000253e-05
652,"$USAK - USA Truck, Inc. 2019 Q4 - Results - Earnings Call Presentation. https://t.co/VaoeaJ18mB #markets #economy #trading",1,neutral,1,neutral,neutral,1,0,Finistral-7B-LoRA (Alpaca prompt),tfns,-12.56252670288086,3.5008117720281007e-06,-2.706014311115723e-05,0.9999842643737793,-11.31252670288086,1.2219033123983536e-05
653,$VIRT - Virtu Financial Q4 2019 Earnings Preview https://t.co/DEQoJ2KqSU,1,neutral,1,neutral,neutral,1,0,Finistral-7B-LoRA (Alpaca prompt),tfns,-9.813297271728516,5.472090924740769e-05,-0.0007968349382281303,0.9992356300354004,-7.250796794891357,0.0007096315384842455
654,"$ZUO - Zuora, Inc. (ZUO) CEO Tien Tzuo on Q3 2020 Results - Earnings Call Transcript. Subscribe to Seeking Alpha fo… https://t.co/phrquf7Ktv",1,neutral,1,neutral,neutral,1,0,Finistral-7B-LoRA (Alpaca prompt),tfns,-10.313361167907715,3.31874871335458e-05,-0.0008613928221166134,0.9991627931594849,-7.125861167907715,0.0008040592656470835
655,.@BruceKamich digs into Palo Alto $PANW charts ahead of earnings:   https://t.co/9bh2ztu5Yv,1,neutral,1,neutral,neutral,1,0,Finistral-7B-LoRA (Alpaca prompt),tfns,-8.757800102233887,0.00015723700926173478,-0.7577998638153076,0.46871691942214966,-0.6327998638153076,0.5311258435249329
656,01 Communique Laboratory reports Q4 results,1,neutral,1,neutral,neutral,1,0,Finistral-7B-LoRA (Alpaca prompt),tfns,-11.81254768371582,7.41118401492713e-06,-4.815939246327616e-05,0.9999796152114868,-11.25004768371582,1.3007032066525426e-05
657,Acura Pharmaceuticals reports Q2 results,1,neutral,1,neutral,neutral,1,0,Finistral-7B-LoRA (Alpaca prompt),tfns,-13.250007629394531,1.7603388187126257e-06,-7.510157047363464e-06,0.9999957084655762,-12.875007629394531,2.5612778244976653e-06
658,Adhera Therapeutics reports Q3 results,1,neutral,1,neutral,neutral,1,0,Finistral-7B-LoRA (Alpaca prompt),tfns,-13.437504768371582,1.4593748574043275e-06,-4.410734163684538e-06,0.999997615814209,-13.875004768371582,9.422432185601792e-07
659,Advanced Drainage Systems Announces Third Quarter Fiscal 2020 Results,1,neutral,1,neutral,neutral,1,0,Finistral-7B-LoRA (Alpaca prompt),tfns,-12.812514305114746,2.7264525215286994e-06,-1.4543427823809907e-05,0.999990701675415,-11.937514305114746,6.5404187807871494e-06
660,Alternus Energy reports Q3 results,1,neutral,1,neutral,neutral,1,0,Finistral-7B-LoRA (Alpaca prompt),tfns,-14.93750286102295,3.2563119134465524e-07,-2.622600959512056e-06,0.9999995231628418,-15.43750286102295,1.9750528679196577e-07
661,Amen Properties Reports Results for Third Quarter of 2019 and Announces Dividend,1,neutral,1,neutral,neutral,1,0,Finistral-7B-LoRA (Alpaca prompt),tfns,-12.750020027160645,2.9022846774751088e-06,-2.0265373677830212e-05,0.9999876022338867,-11.562520027160645,9.516224054095801e-06
662,B Communications reports Q3 results,1,neutral,1,neutral,neutral,1,0,Finistral-7B-LoRA (Alpaca prompt),tfns,-15.687501907348633,1.5381729667751642e-07,-2.264974000354414e-06,0.9999996423721313,-15.750001907348633,1.4449797447468882e-07
663,Bank Hapoalim reports Q3 results,1,neutral,1,neutral,neutral,1,0,Finistral-7B-LoRA (Alpaca prompt),tfns,-14.687503814697266,4.1811838968897064e-07,-3.4570634852570947e-06,0.9999988079071045,-14.125003814697266,7.338206842177897e-07
664,Biofrontera reports 9M results,1,neutral,1,neutral,neutral,1,0,Finistral-7B-LoRA (Alpaca prompt),tfns,-14.562505722045898,4.7379032253047626e-07,-6.079655122448457e-06,0.9999990463256836,-14.625005722045898,4.4508479390970024e-07
665,Biorem reports Q3 results,1,neutral,1,neutral,neutral,1,0,Finistral-7B-LoRA (Alpaca prompt),tfns,-13.937504768371582,8.851562256495527e-07,-4.410734163684538e-06,0.9999983310699463,-14.125004768371582,7.338202863138577e-07
666,Biotage AB reports Q4 results,1,neutral,1,neutral,neutral,1,0,Finistral-7B-LoRA (Alpaca prompt),tfns,-15.31250286102295,2.2380284292466968e-07,-3.3378546504536644e-06,0.9999996423721313,-15.87500286102295,1.2751901579122205e-07
667,"BlackBerry, Conagra, FedEx, Micron, Nike and More Earnings Coming This Week",1,neutral,1,neutral,neutral,1,0,Finistral-7B-LoRA (Alpaca prompt),tfns,-15.062503814697266,2.87368408180555e-07,-4.172316494077677e-06,0.9999992847442627,-14.750003814697266,3.927860632302327e-07
668,"BrightSphere Reports Financial and Operating Results for the Fourth Quarter Ended December 31, 2019",1,neutral,1,neutral,neutral,1,0,Finistral-7B-LoRA (Alpaca prompt),tfns,-14.750003814697266,3.9278563690459123e-07,-4.291525328881107e-06,0.9999982118606567,-13.500003814697266,1.3709566246689064e-06
669,Canbiola reports Q3 results,1,neutral,1,neutral,neutral,1,0,Finistral-7B-LoRA (Alpaca prompt),tfns,-14.437504768371582,5.368743245526275e-07,-5.006777428206988e-06,0.9999982118606567,-13.625004768371582,1.2098649904146441e-06
670,Centaurus Energy reports Q3 results,1,neutral,1,neutral,neutral,1,0,Finistral-7B-LoRA (Alpaca prompt),tfns,-14.000004768371582,8.31527415812161e-07,-4.529942543740617e-06,0.9999984502792358,-14.125004768371582,7.338204000006954e-07
671,ChoiceOne Financial Services reports Q4 results,1,neutral,1,neutral,neutral,1,0,Finistral-7B-LoRA (Alpaca prompt),tfns,-13.625007629394531,1.2098612387489993e-06,-7.867782187531702e-06,0.9999951124191284,-12.500007629394531,3.7266349863784853e-06
672,Ciner Resources LP to Release 4th Quarter and Year-End 2019 Results,1,neutral,1,neutral,neutral,1,0,Finistral-7B-LoRA (Alpaca prompt),tfns,-15.000003814697266,3.0590214805670257e-07,-3.933898824470816e-06,0.9999994039535522,-15.187503814697266,2.536017973397975e-07
673,CyberOptics Fourth Quarter 2019 Earnings Conference Call Scheduled for February 19,1,neutral,1,neutral,neutral,1,0,Finistral-7B-LoRA (Alpaca prompt),tfns,-14.187505722045898,6.893602630952955e-07,-6.198863957251888e-06,0.9999982118606567,-13.687505722045898,1.13656301437004e-06
674,DCP Midstream Q4 Earnings Preview,1,neutral,1,neutral,neutral,1,0,Finistral-7B-LoRA (Alpaca prompt),tfns,-12.0000638961792,6.1438959164661355e-06,-6.401333666872233e-05,0.9999485015869141,-10.0000638961792,4.539759174804203e-05
675,Did Thermo Fisher Scientific Inc.'s (NYSE:TMO) Recent Earnings Growth Beat The Trend?,1,neutral,1,neutral,neutral,1,0,Finistral-7B-LoRA (Alpaca prompt),tfns,-11.312576293945312,1.2218521078466438e-05,-7.629103492945433e-05,0.999942421913147,-10.000076293945312,4.539731526165269e-05
676,DSV Panalpina A/S reports FY results,1,neutral,1,neutral,neutral,1,0,Finistral-7B-LoRA (Alpaca prompt),tfns,-15.437504768371582,1.9750524415940163e-07,-4.887569048150908e-06,0.9999992847442627,-14.562504768371582,4.73790436217314e-07
677,Earnings heatmap https://t.co/gY9oNC5zPW,1,neutral,1,neutral,neutral,1,0,Finistral-7B-LoRA (Alpaca prompt),tfns,-11.750020980834961,7.889221706136595e-06,-2.1457441107486375e-05,0.999987006187439,-12.187520980834961,5.093664640298812e-06
678,Edited Transcript of AMG earnings conference call or presentation 29-Jul-19 12:30pm GMT,1,neutral,1,neutral,neutral,1,0,Finistral-7B-LoRA (Alpaca prompt),tfns,-11.562559127807617,9.5159157353919e-06,-5.9602869441732764e-05,0.9999551773071289,-10.250059127807617,3.535591531544924e-05
679,Edited Transcript of BFF.MI earnings conference call or presentation 8-Nov-19 11:30am GMT,1,neutral,1,neutral,neutral,1,0,Finistral-7B-LoRA (Alpaca prompt),tfns,-10.625101089477539,2.4298733478644863e-05,-0.00010108436981681734,0.9999136924743652,-9.687601089477539,6.204898818396032e-05
680,Edited Transcript of CIO earnings conference call or presentation 1-Nov-19 3:00pm GMT,1,neutral,1,neutral,neutral,1,0,Finistral-7B-LoRA (Alpaca prompt),tfns,-11.187548637390137,1.3845708053850103e-05,-4.911301948595792e-05,0.999964714050293,-10.750048637390137,2.1444651792990044e-05
681,Edited Transcript of DS earnings conference call or presentation 12-Nov-19 2:15pm GMT,1,neutral,1,neutral,neutral,1,0,Finistral-7B-LoRA (Alpaca prompt),tfns,-10.875081062316895,1.8924287360277958e-05,-8.070142939686775e-05,0.9999356269836426,-10.000081062316895,4.53970096714329e-05
682,Edited Transcript of DZSI earnings conference call or presentation 12-Nov-19 10:00pm GMT,1,neutral,1,neutral,neutral,1,0,Finistral-7B-LoRA (Alpaca prompt),tfns,-11.3125581741333,1.2218740266689565e-05,-5.8530047681415454e-05,0.9999603033065796,-10.5000581741333,2.7535357730812393e-05
683,Edited Transcript of EPR.OL earnings conference call or presentation 1-Nov-19 7:30am GMT,1,neutral,1,neutral,neutral,1,0,Finistral-7B-LoRA (Alpaca prompt),tfns,-11.187556266784668,1.384559891448589e-05,-5.602679812000133e-05,0.9999568462371826,-10.437556266784668,2.931113340309821e-05
684,Edited Transcript of FALC earnings conference call or presentation 19-Nov-19 9:30pm GMT,1,neutral,1,neutral,neutral,1,0,Finistral-7B-LoRA (Alpaca prompt),tfns,-11.125057220458984,1.4738548088644166e-05,-5.721882189391181e-05,0.9999558925628662,-10.437557220458984,2.9311104299267754e-05
685,Edited Transcript of GILT earnings conference call or presentation 19-Nov-19 2:30pm GMT,1,neutral,1,neutral,neutral,1,0,Finistral-7B-LoRA (Alpaca prompt),tfns,-11.000055313110352,1.670104029471986e-05,-5.531158240046352e-05,0.9999604225158691,-10.687555313110352,2.282761488459073e-05
686,Edited Transcript of GNW earnings conference call or presentation 5-Feb-20 2:00pm GMT,1,neutral,1,neutral,neutral,1,0,Finistral-7B-LoRA (Alpaca prompt),tfns,-10.00015926361084,4.539350629784167e-05,-0.00015925093612167984,0.9998584985733032,-9.25015926361084,9.609805420041084e-05
687,Edited Transcript of GWGH earnings conference call or presentation 21-Nov-19 9:30pm GMT,1,neutral,1,neutral,neutral,1,0,Finistral-7B-LoRA (Alpaca prompt),tfns,-9.8751802444458,5.143661473994143e-05,-0.00017998983094003052,0.9998396635055542,-9.1251802444458,0.00010889131226576865
688,Edited Transcript of KNDI earnings conference call or presentation 12-Nov-19 1:00pm GMT,1,neutral,1,neutral,neutral,1,0,Finistral-7B-LoRA (Alpaca prompt),tfns,-9.68775463104248,6.203935481607914e-05,-0.0002548369811847806,0.9997584223747253,-8.62525463104248,0.00017951682093553245
689,Edited Transcript of MAGS earnings conference call or presentation 18-Nov-19 3:00pm GMT,1,neutral,1,neutral,neutral,1,0,Finistral-7B-LoRA (Alpaca prompt),tfns,-11.375054359436035,1.1478452506707981e-05,-5.411955135059543e-05,0.9999610185623169,-10.500054359436035,2.7535377739695832e-05
690,Edited Transcript of MPAA earnings conference call or presentation 12-Nov-19 6:00pm GMT,1,neutral,1,neutral,neutral,1,0,Finistral-7B-LoRA (Alpaca prompt),tfns,-10.875076293945312,1.8924287360277958e-05,-7.617183291586116e-05,0.9999356269836426,-10.000076293945312,4.53970096714329e-05
691,Edited Transcript of NJR earnings conference call or presentation 19-Nov-19 3:00pm GMT,1,neutral,1,neutral,neutral,1,0,Finistral-7B-LoRA (Alpaca prompt),tfns,-11.062573432922363,1.5688839994254522e-05,-7.378782902378589e-05,0.99993896484375,-10.000073432922363,4.539715882856399e-05
692,Edited Transcript of ORBC earnings conference call or presentation 30-Oct-19 12:30pm GMT,1,neutral,1,neutral,neutral,1,0,Finistral-7B-LoRA (Alpaca prompt),tfns,-10.687589645385742,2.2826823624200188e-05,-8.999896090244874e-05,0.9999257326126099,-9.875089645385742,5.1441042160149664e-05
693,Edited Transcript of PLC.TO earnings conference call or presentation 13-Nov-19 2:30pm GMT,1,neutral,1,neutral,neutral,1,0,Finistral-7B-LoRA (Alpaca prompt),tfns,-10.750127792358398,2.144313111784868e-05,-0.00012742661056108773,0.9998937845230103,-9.375127792358398,8.48092240630649e-05
694,Edited Transcript of QD.N earnings conference call or presentation 18-Nov-19 12:00pm GMT,1,neutral,1,neutral,neutral,1,0,Finistral-7B-LoRA (Alpaca prompt),tfns,-9.812723159790039,5.475211582961492e-05,-0.00022313489171210676,0.9998055100440979,-8.875223159790039,0.000139814437716268
695,Edited Transcript of SFUN earnings conference call or presentation 18-Nov-19 12:00pm GMT,1,neutral,1,neutral,neutral,1,0,Finistral-7B-LoRA (Alpaca prompt),tfns,-10.687570571899414,2.2827285647508688e-05,-7.068861305015162e-05,0.9999459981918335,-10.375070571899414,3.1201201636577025e-05
696,Edited Transcript of SMCI earnings conference call or presentation 6-Feb-20 10:00pm GMT,1,neutral,1,neutral,neutral,1,0,Finistral-7B-LoRA (Alpaca prompt),tfns,-11.125057220458984,1.4738521713297814e-05,-5.745722592109814e-05,0.999954104423523,-10.375057220458984,3.1201452657114714e-05
697,Edited Transcript of TOY.TO earnings conference call or presentation 6-Nov-19 2:30pm GMT,1,neutral,1,neutral,neutral,1,0,Finistral-7B-LoRA (Alpaca prompt),tfns,-9.875447273254395,5.142267036717385e-05,-0.0004469349514693022,0.9995686411857605,-7.875446796417236,0.00037996500032022595
698,Edited Transcript of TTMI earnings conference call or presentation 30-Oct-19 8:30pm GMT,1,neutral,1,neutral,neutral,1,0,Finistral-7B-LoRA (Alpaca prompt),tfns,-10.937582015991211,1.7777692846721038e-05,-8.237022848334163e-05,0.9999338388442993,-9.937582015991211,4.832477861782536e-05
699,Edited Transcript of WIZZ.L earnings conference call or presentation 13-Nov-19 9:00am GMT,1,neutral,1,neutral,neutral,1,0,Finistral-7B-LoRA (Alpaca prompt),tfns,-10.125197410583496,4.005808659712784e-05,-0.00019739109848160297,0.9998201727867126,-8.875197410583496,0.0001398164895363152
700,ESI Group SA reports Q3 results,1,neutral,1,neutral,neutral,1,0,Finistral-7B-LoRA (Alpaca prompt),tfns,-14.562503814697266,4.7379032253047626e-07,-3.6954811548639555e-06,0.9999990463256836,-14.562503814697266,4.7379032253047626e-07
701,EVI reports Q2 results,1,neutral,1,neutral,neutral,1,0,Finistral-7B-LoRA (Alpaca prompt),tfns,-13.687506675720215,1.1365616501279874e-06,-6.9141146923357155e-06,0.9999970197677612,-13.187506675720215,1.8738733160716947e-06
702,Flurry of retailer earnings on tap,1,neutral,1,neutral,neutral,1,0,Finistral-7B-LoRA (Alpaca prompt),tfns,-11.000041961669922,1.6701105778338388e-05,-4.184158387943171e-05,0.9999643564224243,-10.875041961669922,1.892483123810962e-05
703,Formula Systems reports Q3 results,1,neutral,1,neutral,neutral,1,0,Finistral-7B-LoRA (Alpaca prompt),tfns,-14.687503814697266,4.181183612672612e-07,-3.814689989667386e-06,0.9999986886978149,-13.875003814697266,9.422442417417187e-07
704,G. Willi-Food reports Q3 results,1,neutral,1,neutral,neutral,1,0,Finistral-7B-LoRA (Alpaca prompt),tfns,-13.250009536743164,1.7603391597731388e-06,-9.536697689327411e-06,0.9999959468841553,-13.000009536743164,2.2603203433391172e-06
705,Galaxy Next Generation reports Q1 results,1,neutral,1,neutral,neutral,1,0,Finistral-7B-LoRA (Alpaca prompt),tfns,-14.625003814697266,4.4508479390970024e-07,-3.814689989667386e-06,0.9999990463256836,-14.437503814697266,5.368747792999784e-07
706,General Moly reports Q3 results,1,neutral,1,neutral,neutral,1,0,Finistral-7B-LoRA (Alpaca prompt),tfns,-15.37500286102295,2.102432858919201e-07,-2.7418097943154862e-06,0.9999995231628418,-15.12500286102295,2.6995769530913094e-07
707,Green Plains Partners Reports Fourth Quarter and Full Year 2019 Financial Results  https://t.co/Z6dgpRbycs,1,neutral,1,neutral,neutral,1,0,Finistral-7B-LoRA (Alpaca prompt),tfns,-14.125007629394531,7.338190926020616e-07,-8.106198947643861e-06,0.9999966621398926,-12.875007629394531,2.5612800982344197e-06
708,HanesBrands Reports Full-Year and Fourth-Quarter 2019 Financial Results,1,neutral,1,neutral,neutral,1,0,Finistral-7B-LoRA (Alpaca prompt),tfns,-14.062508583068848,7.811450473127479e-07,-8.22540732769994e-06,0.9999949932098389,-12.375008583068848,4.222830284561496e-06
709,"Henry Schein to Webcast Fourth Quarter and Full-Year 2019 Conference Call on Thursday, February 20, 2020 at 10:00 A.M. ET",1,neutral,1,neutral,neutral,1,0,Finistral-7B-LoRA (Alpaca prompt),tfns,-15.12500286102295,2.699576384657121e-07,-3.2186455882765586e-06,0.9999992847442627,-14.68750286102295,4.1811858864093665e-07
710,Héroux-Devtek reports Q3 results,1,neutral,1,neutral,neutral,1,0,Finistral-7B-LoRA (Alpaca prompt),tfns,-15.437501907348633,1.975053152136752e-07,-2.3841830625315197e-06,0.9999996423721313,-15.937501907348633,1.197930288299176e-07
711,How Driller Helmerich & Payne Scored a Q1 2020 Earnings Beat,1,neutral,2,positive,positive,0,0,Finistral-7B-LoRA (Alpaca prompt),tfns,-10.56445598602295,2.581759326858446e-05,-6.251956462860107,0.0019266848685219884,-0.001956336200237274,0.9980474710464478
712,IEH Corporation reports Q2 results,1,neutral,1,neutral,neutral,1,0,Finistral-7B-LoRA (Alpaca prompt),tfns,-14.25000286102295,6.475946179307357e-07,-3.2186455882765586e-06,0.9999990463256836,-15.06250286102295,2.873683229154267e-07
713,Insperity Q4 2019 Earnings Preview,1,neutral,1,neutral,neutral,1,0,Finistral-7B-LoRA (Alpaca prompt),tfns,-10.250601768493652,3.53367104253266e-05,-0.000601349223870784,0.999411940574646,-7.500601291656494,0.000552759098354727
714,Intercontinental Exchange Reports Fourth Quarter & Full Year 2019,1,neutral,1,neutral,neutral,1,0,Finistral-7B-LoRA (Alpaca prompt),tfns,-14.375011444091797,5.714977078241645e-07,-1.1324817933200393e-05,0.9999946355819702,-12.250011444091797,4.785092187375994e-06
715,"JD.com, Inc. Reported Third-Quarter Earnings: Here's What Analysts Think Will Happen Next",1,neutral,1,neutral,neutral,1,0,Finistral-7B-LoRA (Alpaca prompt),tfns,-11.187687873840332,1.3843811757396907e-05,-0.00018785618885885924,0.9998277425765991,-8.750187873840332,0.000158434035256505
716,Kaya Holdings reports Q3 results,1,neutral,1,neutral,neutral,1,0,Finistral-7B-LoRA (Alpaca prompt),tfns,-14.12500286102295,7.338207410612085e-07,-3.3378546504536644e-06,0.999998927116394,-14.93750286102295,3.256309923926892e-07
717,Lupin reports Q3 results,1,neutral,1,neutral,neutral,1,0,Finistral-7B-LoRA (Alpaca prompt),tfns,-15.25000286102295,2.3823687911317393e-07,-2.7418097943154862e-06,0.9999996423721313,-15.56250286102295,1.7429782417366368e-07
718,Mechel PAO reports Q3 results,1,neutral,1,neutral,neutral,1,0,Finistral-7B-LoRA (Alpaca prompt),tfns,-14.312503814697266,6.08358845965995e-07,-3.6954811548639555e-06,0.9999990463256836,-14.812503814697266,3.689882817070611e-07
719,Next round of notable earnings,1,neutral,1,neutral,neutral,1,0,Finistral-7B-LoRA (Alpaca prompt),tfns,-13.062552452087402,2.123282001775806e-06,-5.280832192511298e-05,0.9999524354934692,-10.000052452087402,4.539777000900358e-05
720,Northeast Community Bancorp reports Q4 results,1,neutral,1,neutral,neutral,1,0,Finistral-7B-LoRA (Alpaca prompt),tfns,-15.12500286102295,2.699576668874215e-07,-2.861018856492592e-06,0.9999994039535522,-15.00000286102295,3.0590214805670257e-07
721,Notable earnings after Monday’s close,1,neutral,1,neutral,neutral,1,0,Finistral-7B-LoRA (Alpaca prompt),tfns,-11.875033378601074,6.96210736350622e-06,-3.313963316031732e-05,0.9999716281890869,-10.750033378601074,2.1444800950121135e-05
722,Novoheart Holdings reports Q1 results,1,neutral,1,neutral,neutral,1,0,Finistral-7B-LoRA (Alpaca prompt),tfns,-14.50000286102295,5.043473265686771e-07,-3.099436753473128e-06,0.9999992847442627,-15.43750286102295,1.9750524415940163e-07
723,NVIDIA Earnings: What to Watch on Thursday,1,neutral,1,neutral,neutral,1,0,Finistral-7B-LoRA (Alpaca prompt),tfns,-12.812549591064453,2.7263611173111713e-06,-4.9828242481453344e-05,0.9999572038650513,-10.125049591064453,4.006357994512655e-05
724,Omni-Lite Industries reports Q3 results,1,neutral,1,neutral,neutral,1,0,Finistral-7B-LoRA (Alpaca prompt),tfns,-13.687505722045898,1.136562218562176e-06,-5.364403477869928e-06,0.9999974966049194,-13.500005722045898,1.3709557151742047e-06
725,Orkla reports Q4 results,1,neutral,1,neutral,neutral,1,0,Finistral-7B-LoRA (Alpaca prompt),tfns,-14.437504768371582,5.368747792999784e-07,-5.006777428206988e-06,0.9999990463256836,-14.625004768371582,4.4508479390970024e-07
726,PagSeguro Q3 2019 Earnings Preview,1,neutral,1,neutral,neutral,1,0,Finistral-7B-LoRA (Alpaca prompt),tfns,-11.687643051147461,8.397035344387405e-06,-0.0001431601122021675,0.9998681545257568,-9.000143051147461,0.00012339353270363063
727,Park City Group Reports Financial Results for the Fiscal Second Quarter of 2020,1,neutral,1,neutral,neutral,1,0,Finistral-7B-LoRA (Alpaca prompt),tfns,-15.187501907348633,2.5360168365295976e-07,-2.3841830625315197e-06,0.9999990463256836,-14.187501907348633,6.893608315294841e-07
728,Peak Positioning Technologies reports Q3 results,1,neutral,1,neutral,neutral,1,0,Finistral-7B-LoRA (Alpaca prompt),tfns,-12.375009536743164,4.222824827593286e-06,-9.775113539944869e-06,0.9999938011169434,-13.125009536743164,1.9947215150750708e-06
729,Plato Gold reports Q3 results,1,neutral,1,neutral,neutral,1,0,Finistral-7B-LoRA (Alpaca prompt),tfns,-13.750006675720215,1.067700964085816e-06,-7.033323527139146e-06,0.9999971389770508,-13.250006675720215,1.7603413198230555e-06
730,Publicis Groupe S.A. reports FY results,1,neutral,1,neutral,neutral,1,0,Finistral-7B-LoRA (Alpaca prompt),tfns,-15.81250286102295,1.357432637405509e-07,-2.9802276912960224e-06,0.9999995231628418,-14.87500286102295,3.466325892986788e-07
731,Q1 Earnings Preview For Nutanix,1,neutral,1,neutral,neutral,1,0,Finistral-7B-LoRA (Alpaca prompt),tfns,-11.750580787658691,7.884900696808472e-06,-0.000580499938223511,0.9994392991065979,-7.500580310821533,0.0005527742323465645
732,Quinsam Capital reports Q3 results,1,neutral,1,neutral,neutral,1,0,Finistral-7B-LoRA (Alpaca prompt),tfns,-14.750004768371582,3.927859779651044e-07,-4.6491513785440475e-06,0.9999990463256836,-14.312504768371582,6.08358845965995e-07
733,"Ruth's Hospitality Group, Inc. to Announce Fourth Quarter and Full Year 2019 Financial Results on February 21st, 2020",1,neutral,1,neutral,neutral,1,0,Finistral-7B-LoRA (Alpaca prompt),tfns,-15.62500286102295,1.6373765276966878e-07,-2.622600959512056e-06,0.9999996423721313,-15.62500286102295,1.6373765276966878e-07
734,"Sally Beauty Holdings, Inc. Announces First Quarter Results",1,neutral,1,neutral,neutral,1,0,Finistral-7B-LoRA (Alpaca prompt),tfns,-13.562507629394531,1.28789122300077e-06,-7.867782187531702e-06,0.9999955892562866,-12.687507629394531,3.089490292040864e-06
735,"ServiceSource to Hold Fourth Quarter and Full Year 2019 Financial Results Call on February 20, 2020",1,neutral,1,neutral,neutral,1,0,Finistral-7B-LoRA (Alpaca prompt),tfns,-14.250004768371582,6.475942200268037e-07,-4.768360213347478e-06,0.9999984502792358,-13.937504768371582,8.851563393363904e-07
736,"Simon Property Group, Inc. Just Reported Annual Earnings: Have Analysts Changed Their Mind On The Stock?",1,neutral,1,neutral,neutral,1,0,Finistral-7B-LoRA (Alpaca prompt),tfns,-13.187509536743164,1.873873998192721e-06,-9.417489309271332e-06,0.9999973773956299,-14.125009536743164,7.338196041928313e-07
737,Snap-on Announces Fourth Quarter and Full Year 2019 Results,1,neutral,1,neutral,neutral,1,0,Finistral-7B-LoRA (Alpaca prompt),tfns,-12.687540054321289,3.089397978328634e-06,-4.0411134250462055e-05,0.9999656677246094,-10.375040054321289,3.1201816454995424e-05
738,Sun Pharmaceuticals Industries reports Q3 results,1,neutral,1,neutral,neutral,1,0,Finistral-7B-LoRA (Alpaca prompt),tfns,-13.750004768371582,1.0677018735805177e-06,-4.6491513785440475e-06,0.9999979734420776,-13.875004768371582,9.422435596206924e-07
739,"Tapestry, Inc. Reports Fiscal 2020 Second Quarter Results",1,neutral,1,neutral,neutral,1,0,Finistral-7B-LoRA (Alpaca prompt),tfns,-13.250009536743164,1.7603376818442484e-06,-9.536697689327411e-06,0.9999951124191284,-12.687509536743164,3.0894889277988113e-06
740,The RMR Group Inc. Announces First Quarter Fiscal 2020 Results,1,neutral,1,neutral,neutral,1,0,Finistral-7B-LoRA (Alpaca prompt),tfns,-15.250004768371582,2.382363959441136e-07,-5.245195097813848e-06,0.999997615814209,-13.062504768371582,2.123377953466843e-06
741,Twitter's Q4 Earnings Preview,1,neutral,1,neutral,neutral,1,0,Finistral-7B-LoRA (Alpaca prompt),tfns,-10.500597953796387,2.7520471121533774e-05,-0.0005981324939057231,0.9994196891784668,-7.500597953796387,0.0005527634057216346
742,Universal Electronics to Host Fourth Quarter 2019 Financial Results Conference Call on February 20th,1,neutral,1,neutral,neutral,1,0,Finistral-7B-LoRA (Alpaca prompt),tfns,-14.125003814697266,7.338202294704388e-07,-4.0531076592742465e-06,0.9999982118606567,-13.750003814697266,1.0677021009541932e-06
743,Upcoming #earnings conference calls https://t.co/K4KO9JYhxN $JKS $HD $URBN $LOW $M $LB $SQM $BRC $GPS $FL $DELL $DE,1,neutral,1,neutral,neutral,1,0,Finistral-7B-LoRA (Alpaca prompt),tfns,-9.006218910217285,0.00012266526755411178,-0.0062186080031096935,0.9939669370651245,-5.131218433380127,0.005910343490540981
744,Voya Financial Announces Fourth-Quarter and Full-Year 2019 Results,1,neutral,1,neutral,neutral,1,0,Finistral-7B-LoRA (Alpaca prompt),tfns,-14.187505722045898,6.893595241308503e-07,-5.602820692729438e-06,0.9999971389770508,-13.062505722045898,2.1233768165984657e-06
745,West End Indiana Bancshares : 3rd Quarter 2019 Earnings Release #WestEndIndianaBancshares #Stock #MarketScreener… https://t.co/PT0kmmpmrJ,1,neutral,1,neutral,neutral,1,0,Finistral-7B-LoRA (Alpaca prompt),tfns,-13.312527656555176,1.6536748717044247e-06,-2.777537883957848e-05,0.99998939037323,-11.625027656555176,8.939681720221415e-06
746,What to Watch When Micron Reports Wednesday,1,neutral,1,neutral,neutral,1,0,Finistral-7B-LoRA (Alpaca prompt),tfns,-12.375107765197754,4.222427378408611e-06,-0.00010787858627736568,0.9998996257781982,-9.250107765197754,9.610200504539534e-05
747,$TOPS The world could soon run out of space to store oil. That may plunge prices below zero https://t.co/4ZEUx6r7qj.,0,negative,0,negative,negative,1,0,Finistral-7B-LoRA (Alpaca prompt),tfns,-0.0007770617958158255,0.9992571473121643,-10.313277244567871,3.3190623071277514e-05,-7.250777244567871,0.0007096468470990658
748,Can West Texas Intermediate crude fall beneath 50 cents a barrel? Someone thinks so https://t.co/cCYayTd9qW,0,negative,0,negative,negative,1,0,Finistral-7B-LoRA (Alpaca prompt),tfns,-0.014653323218226433,0.9855178594589233,-4.264653205871582,0.01405765675008297,-7.764653205871582,0.00042450448381714523
749,Fracking Blows Up Investors Again: Phase 2 Of The Great American Shale Oil & Gas Bust https://t.co/tsawCbV7Jn,0,negative,0,negative,negative,1,0,Finistral-7B-LoRA (Alpaca prompt),tfns,-0.00015639036428183317,0.9998849630355835,-9.25015640258789,9.610060078557581e-05,-10.87515640258789,1.892332875286229e-05
750,"Largest coal plant in the West shuts down, dealing financial losses to Native American tribes",0,negative,2,positive,positive,0,0,Finistral-7B-LoRA (Alpaca prompt),tfns,-6.827517986297607,0.001083566341549158,-1.702518105506897,0.18222784996032715,-0.20251813530921936,0.8166885375976562
751,Oil companies warn Kansas City Fed there could be widespread insolvencies https://t.co/DRXouEBf0p,0,negative,0,negative,negative,1,0,Finistral-7B-LoRA (Alpaca prompt),tfns,-0.0001110968878492713,0.9999103546142578,-9.500110626220703,7.484512752853334e-05,-11.125110626220703,1.4737876881554257e-05
752,Oil Slumps as Market Catches up with Empty Trade-Deal Talk,0,negative,0,negative,negative,1,0,Finistral-7B-LoRA (Alpaca prompt),tfns,-2.9444261599564925e-05,0.9999856948852539,-12.375029563903809,4.222790721541969e-06,-11.500029563903809,1.0129948350368068e-05
753,OPEC+ Weighs Emergency Response as Oil Slumps on Virus Panic,0,negative,0,negative,negative,1,0,Finistral-7B-LoRA (Alpaca prompt),tfns,-0.0003522014303598553,0.9996732473373413,-8.500351905822754,0.00020340188348200172,-9.000351905822754,0.00012336947838775814
754,Saudis Slash Oil Prices in Asia as Virus Causes Demand Shock,0,negative,0,negative,negative,1,0,Finistral-7B-LoRA (Alpaca prompt),tfns,-0.003148719435557723,0.9969393014907837,-5.878148555755615,0.0028001973405480385,-8.253149032592773,0.00026045890990644693
755,"The U.S. cut its oil output forecast by more than 1 million barrels a day, days before OPEC and other producers mee… https://t.co/1ileJAr6cD",0,negative,0,negative,negative,1,0,Finistral-7B-LoRA (Alpaca prompt),tfns,-0.49292483925819397,0.6109750270843506,-3.992924928665161,0.018449848517775536,-0.9929248094558716,0.37057510018348694
756,U.K. Flash PMIs - Uncertainty Driving Economy Into Recessionary Territory. Subscribe to Seeking Alpha for more:… https://t.co/5R3pl0m4Ik,0,negative,0,negative,negative,1,0,Finistral-7B-LoRA (Alpaca prompt),tfns,-0.0005511910421773791,0.9994668364524841,-7.625551223754883,0.00048783503007143736,-10.000551223754883,4.5375723857432604e-05
757,U.S. Shale Producers Slash Spending Once Again,0,negative,0,negative,negative,1,0,Finistral-7B-LoRA (Alpaca prompt),tfns,-0.00012790338951162994,0.9998955726623535,-9.250127792358398,9.610161941964179e-05,-11.687627792358398,8.397265446546953e-06
758,"$ASC - Coronavirus slowing oil product demand into China, Ardmore says https://t.co/Onv6h4wcFO",0,negative,0,negative,negative,1,0,Finistral-7B-LoRA (Alpaca prompt),tfns,-3.802703940891661e-05,0.9999784231185913,-11.375038146972656,1.1478652595542371e-05,-11.500038146972656,1.0129874681297224e-05
759,$OIS - Waning Pricing Power Could Stymie Oil States. https://t.co/cv7dKthhRN #finance #stockmarket #economy,0,negative,0,negative,negative,1,0,Finistral-7B-LoRA (Alpaca prompt),tfns,-0.004210061393678188,0.9958218336105347,-5.504209995269775,0.004069696180522442,-9.129210472106934,0.00010845373617485166
760,$XLE $NOV $XEC - Oil slides again as traders await news on OPEC+ cuts https://t.co/fM4jMDNb9U,0,negative,0,negative,negative,1,0,Finistral-7B-LoRA (Alpaca prompt),tfns,-3.290122185717337e-05,0.999982476234436,-12.812532424926758,2.7264300115348306e-06,-11.125032424926758,1.473894008086063e-05
761,"Damned if they do, damned if they don't: Investors are punishing major oil companies for new crude reserves-and cle… https://t.co/mILVq1M0cW",0,negative,0,negative,negative,1,0,Finistral-7B-LoRA (Alpaca prompt),tfns,-0.0036564890760928392,0.9963807463645935,-5.628656387329102,0.003593510016798973,-10.566156387329102,2.5774477762752213e-05
762,Empty LNG tankers are idling off Qatar as China slows imports amid the virus outbreak https://t.co/Vhf6L9WRYU,0,negative,0,negative,negative,1,0,Finistral-7B-LoRA (Alpaca prompt),tfns,-0.0014224658953025937,0.9986438155174255,-6.62642240524292,0.0013249811017885804,-10.376422882080078,3.116056905128062e-05
763,Energy Down After Coronavirus-Case Estimate Revision -- Energy Roundup #economy #MarketScreener… https://t.co/VUfTEliqBC,0,negative,0,negative,negative,1,0,Finistral-7B-LoRA (Alpaca prompt),tfns,-5.6503606174374e-05,0.9999608993530273,-11.125056266784668,1.4738621757715009e-05,-10.625056266784668,2.42998812609585e-05
764,Gasoline futures tumbled 17%to touch 50 cents a gallon for the first time since 2001 https://t.co/IEY9r0mWBR https://t.co/VDR92rHToO,0,negative,0,negative,negative,1,0,Finistral-7B-LoRA (Alpaca prompt),tfns,-6.174850568640977e-05,0.9999635219573975,-11.625061988830566,8.939449799072463e-06,-10.500061988830566,2.7535446861293167e-05
765,GlobalData : Pemex in no position to maintain output profitably regardless of OPEC+ reques... #GlobalData #economy… https://t.co/gkm88jCriu,0,negative,0,negative,negative,1,0,Finistral-7B-LoRA (Alpaca prompt),tfns,-6.532455881824717e-05,0.9999485015869141,-10.125064849853516,4.006323069916107e-05,-11.375064849853516,1.1478308806545101e-05
766,"Natural Gas $UNG sharp sell-off past month seeing over 15,000 April $17 ITM calls open into weakness today",0,negative,0,negative,negative,1,0,Finistral-7B-LoRA (Alpaca prompt),tfns,-3.862306402879767e-05,0.9999864101409912,-14.375038146972656,5.714929898203991e-07,-11.250038146972656,1.30071211970062e-05
767,Natural Gas Finally Starting To Buckle Against The Broader Market Liquidation. https://t.co/I7Uxy9MOlT #stocks #stockmarket #business,0,negative,0,negative,negative,1,0,Finistral-7B-LoRA (Alpaca prompt),tfns,-0.0006461439770646393,0.9993889331817627,-9.000646591186523,0.00012333439372014254,-7.625646114349365,0.00048779702046886086
768,Oil drops 5% https://t.co/QTBfZT68Ti https://t.co/JQ8jsuuMhI,0,negative,0,negative,negative,1,0,Finistral-7B-LoRA (Alpaca prompt),tfns,-6.532455881824717e-05,0.9999520778656006,-11.000064849853516,1.6700900232535787e-05,-10.375064849853516,3.1201390811474994e-05
769,Oil drops https://t.co/xb3srmfsWj https://t.co/I5DioT0KQk,0,negative,0,negative,negative,1,0,Finistral-7B-LoRA (Alpaca prompt),tfns,-0.00017033556650858372,0.9998509883880615,-10.125170707702637,4.005932350992225e-05,-9.125170707702637,0.00010889254917856306
770,Oil expert: 'We're looking at a worst case scenario of a $41 a barrel' https://t.co/mTxDKbjfej by @GreteSuarez https://t.co/I9FfdG1OxC,0,negative,0,negative,negative,1,0,Finistral-7B-LoRA (Alpaca prompt),tfns,-0.0003149013500660658,0.9997034668922424,-8.375314712524414,0.0002304914960404858,-9.625314712524414,6.603691872442141e-05
771,Oil futures fall below $50 a barrel to settle at lowest in more than a year https://t.co/2bTUny1QEA,0,negative,0,negative,negative,1,0,Finistral-7B-LoRA (Alpaca prompt),tfns,-3.349725011503324e-05,0.9999836683273315,-12.000033378601074,6.144111921457807e-06,-11.500033378601074,1.0129927431989927e-05
772,Oil Prices' Hard Landing Initializing Descent. Continue reading: https://t.co/4zqKuKP70N #markets #business #economy,0,negative,0,negative,negative,1,0,Finistral-7B-LoRA (Alpaca prompt),tfns,-0.00010859376925509423,0.999908447265625,-10.12510871887207,4.006162635050714e-05,-9.87510871887207,5.1440150855341926e-05
773,"Oil spikes, U.S. stock futures sink after Iranian general killed in airstrike https://t.co/T1MV2H4a2z",0,negative,0,negative,negative,1,0,Finistral-7B-LoRA (Alpaca prompt),tfns,-0.0012771077454090118,0.9987481832504272,-7.376276969909668,0.0006259421352297068,-7.376276969909668,0.0006259421352297068
774,Saudi Arabia tanker power play could backfire as oil demand shrinks https://t.co/NccWYluy4I https://t.co/5u2SO81qM2,0,negative,0,negative,negative,1,0,Finistral-7B-LoRA (Alpaca prompt),tfns,-0.3151431679725647,0.7297362089157104,-1.31514310836792,0.26845496892929077,-6.31514310836792,0.0018088353099301457
775,"WTI Extends Losses After Unexpected Crude Inventory Rise, Huge Product Build https://t.co/OYinFBsrnc",0,negative,0,negative,negative,1,0,Finistral-7B-LoRA (Alpaca prompt),tfns,-5.6265202147187665e-05,0.9999659061431885,-12.750056266784668,2.902221694967011e-06,-10.375056266784668,3.120182373095304e-05
776,Equinor Boosts Climate Targets as Oil Output Hits Record,2,positive,1,neutral,neutral,0,0,Finistral-7B-LoRA (Alpaca prompt),tfns,-9.263561248779297,9.48196102399379e-05,-0.5760608911514282,0.56212317943573,-0.8260608911514282,0.43778195977211
777,"Exxon: Shale Production Growth is Through the Roof, and It's Just Getting Started",2,positive,2,positive,positive,1,0,Finistral-7B-LoRA (Alpaca prompt),tfns,-10.750163078308105,2.1441950593725778e-05,-8.875163078308105,0.00013981907977722585,-0.00016318420239258558,0.9998387098312378
778,Lumber futures rally as producers cut output https://t.co/WsTaphOfvv,2,positive,2,positive,positive,1,0,Finistral-7B-LoRA (Alpaca prompt),tfns,-7.875433444976807,0.0003799649712163955,-9.875432968139648,5.1422666729195043e-05,-0.0004332319076638669,0.999568521976471
779,Oil - The Shale Treadmill Is Going To Be A Thing Of Beauty. https://t.co/Efdq6nuU9b #stockmarket #economy #investing,2,positive,2,positive,positive,1,0,Finistral-7B-LoRA (Alpaca prompt),tfns,-10.44001293182373,2.9239065042929724e-05,-6.0025129318237305,0.0024725510738790035,-0.0025128712877631187,0.9974982142448425
780,Oil kicks off week with gains on fresh hopes for U.S.-China trade talks #economy #MarketScreener… https://t.co/8QB6hKz9lI,2,positive,2,positive,positive,1,0,Finistral-7B-LoRA (Alpaca prompt),tfns,-11.500046730041504,1.012963184621185e-05,-10.250046730041504,3.535588984959759e-05,-4.6967357775429264e-05,0.9999544620513916
781,"Oil nears three-month high as trade hopes, UK election lift sentiment",2,positive,2,positive,positive,1,0,Finistral-7B-LoRA (Alpaca prompt),tfns,-11.750020027160645,7.889171683927998e-06,-11.375020027160645,1.1478678061394021e-05,-1.9907753085135482e-05,0.9999806880950928
782,Oil pared losses amid signs that Saudi Arabia and Russia are making progress toward an agreement to curb crude outp… https://t.co/d8GzSKGYQE,2,positive,2,positive,positive,1,0,Finistral-7B-LoRA (Alpaca prompt),tfns,-6.377737998962402,0.0016989699797704816,-6.877737998962402,0.0010304772295057774,-0.0027381805703043938,0.9972705245018005
783,Oil rises for a second day as OPEC+ weighs coronavirus action,2,positive,2,positive,positive,1,0,Finistral-7B-LoRA (Alpaca prompt),tfns,-10.250055313110352,3.5355580621398985e-05,-10.875055313110352,1.8924476535175927e-05,-5.5549986427649856e-05,0.9999456405639648
784,U.S. Oil Prices Edge Up as Traders Look to OPEC+ Meeting #WhitingPetroleum #Stock #MarketScreener… https://t.co/DVuLjISijw,2,positive,2,positive,positive,1,0,Finistral-7B-LoRA (Alpaca prompt),tfns,-9.000614166259766,0.00012333439372014254,-7.625613689422607,0.00048779702046886086,-0.0006137394811958075,0.9993889331817627
785,"Futures for Brent crude, a global benchmark, jumped 3.3% to $68.44 per barrel during Asian trading hours on Friday,… https://t.co/lHjTlVf46c",2,positive,2,positive,positive,1,0,Finistral-7B-LoRA (Alpaca prompt),tfns,-8.875323295593262,0.0001397969899699092,-8.625323295593262,0.00017950288020074368,-0.0003228858404327184,0.999680757522583
786,Guyana is set to become a top oil producer with a newly-discovered offshore oil field. Insights via @CMEGroup https://t.co/RMDfHqqRm4,2,positive,2,positive,positive,1,0,Finistral-7B-LoRA (Alpaca prompt),tfns,-14.500028610229492,5.043335136178939e-07,-10.500028610229492,2.753567969193682e-05,-2.8609820219571702e-05,0.9999719858169556
787,Investment in Canada's oil-sands is forecast to grow for the first time since prices crashed in 2014 https://t.co/DiGWq1zdvr,2,positive,2,positive,positive,1,0,Finistral-7B-LoRA (Alpaca prompt),tfns,-12.687532424926758,3.0894093470124062e-06,-10.500032424926758,2.753560693236068e-05,-3.218599158572033e-05,0.9999693632125854
788,JUST RELEASED: Oil Price Dynamics Report Oil prices rose over the past week owing to decreased supply.… https://t.co/GDfcDZqNZ0,2,positive,2,positive,positive,1,0,Finistral-7B-LoRA (Alpaca prompt),tfns,-9.750171661376953,5.8284913393436e-05,-9.125171661376953,0.00010889056284213439,-0.00017176583060063422,0.9998327493667603
789,Natural Gas And The Electric Power Sector: Mostly Bullish Signals. https://t.co/d1pDLS2Ej5 #markets #stocks #economy,2,positive,2,positive,positive,1,0,Finistral-7B-LoRA (Alpaca prompt),tfns,-11.313435554504395,1.2207943655084819e-05,-7.0009355545043945,0.0009110400569625199,-0.0009353553177788854,0.9990767240524292
790,Oil held near $50 a barrel in New York on signs that OPEC and its allies probably won't go ahead with a much-touted… https://t.co/LXi5faZhIf,2,positive,2,positive,positive,1,0,Finistral-7B-LoRA (Alpaca prompt),tfns,-2.299053192138672,0.10036756098270416,-0.7990531325340271,0.44981619715690613,-0.7990531325340271,0.44981619715690613
791,"Oil prices soar after a U.S. air strike in Baghdad killed the head of Iran's elite Quds Force, raising concerns tha… https://t.co/982TZUwI2F",2,positive,2,positive,positive,1,0,Finistral-7B-LoRA (Alpaca prompt),tfns,-8.500279426574707,0.00020341174968052655,-9.500279426574707,7.483100489480421e-05,-0.0002797450579237193,0.9997217059135437
792,"Oil prices surge after the U.S. kills Iran's top commander in an airstrike, Brent crude nears $70 a barrel.… https://t.co/H127IQcfte",2,positive,2,positive,positive,1,0,Finistral-7B-LoRA (Alpaca prompt),tfns,-10.25004768371582,3.535587165970355e-05,-11.43754768371582,1.0782930985442363e-05,-4.7444173105759546e-05,0.9999538660049438
793,Oil rises for third day as coronavirus impact may spur output cuts #economy #MarketScreener https://t.co/8mQEa5vMRv https://t.co/AuaBTevMHr,2,positive,2,positive,positive,1,0,Finistral-7B-LoRA (Alpaca prompt),tfns,-10.75002670288086,2.1444859157782048e-05,-12.37502670288086,4.222742973070126e-06,-2.6702524337451905e-05,0.9999743700027466
794,$UNG $WMB $XLE - U.S. oil firms vented or flared record amount of gas in 2018 https://t.co/JxF5CcvNyo,2,positive,0,negative,negative,0,0,Finistral-7B-LoRA (Alpaca prompt),tfns,-0.22553735971450806,0.7981560230255127,-1.6005373001098633,0.20180544257164001,-10.163037300109863,3.85732673748862e-05
795,Bipartisan Group Of US Lawmakers Introduce Bill Providing $3B To Buy Oil To Fill Strategic Petroleum Reserve $SPY… https://t.co/pBI3Mk19e7,2,positive,1,neutral,neutral,0,0,Finistral-7B-LoRA (Alpaca prompt),tfns,-5.931414604187012,0.0026548714376986027,-0.43141448497772217,0.6496255993843079,-1.0564144849777222,0.3477195203304291
796,$COMDX: Energy Settlement Prices https://t.co/FTQnDmL7t5,1,neutral,1,neutral,neutral,1,0,Finistral-7B-LoRA (Alpaca prompt),tfns,-10.375101089477539,3.1200663215713575e-05,-0.00010132275929208845,0.9999287128448486,-10.125101089477539,4.006243761978112e-05
797,$XLE: Sector Briefing: Energy https://t.co/JU4fcO0cpl,1,neutral,1,neutral,neutral,1,0,Finistral-7B-LoRA (Alpaca prompt),tfns,-13.750052452087402,1.067667426468688e-06,-5.209310256759636e-05,0.9999656677246094,-10.312552452087402,3.321415715618059e-05
798,Chinese Gas Buyer CNOOC Declares Force Majeure on LNG Contracts,1,neutral,0,negative,negative,0,0,Finistral-7B-LoRA (Alpaca prompt),tfns,-0.00022516099852509797,0.9998062252998352,-8.750225067138672,0.00015843061555642635,-10.250225067138672,3.535064752213657e-05
799,Crude Oil Price Forecast – Could Oil Markets Take A Hit,1,neutral,0,negative,negative,0,0,Finistral-7B-LoRA (Alpaca prompt),tfns,-0.0028385131154209375,0.9971814155578613,-5.877838611602783,0.0028008774388581514,-10.940338134765625,1.7728758393786848e-05
800,"Exxon and Papua New Guinea should return to LNG negotiating table, says Total CEO",1,neutral,1,neutral,neutral,1,0,Finistral-7B-LoRA (Alpaca prompt),tfns,-11.376723289489746,1.1459246707090642e-05,-0.0017234723782166839,0.9982878565788269,-6.376723289489746,0.001700703171081841
801,Oil Price Fundamental Daily Forecast – Lack of Details Over Trade Deal Progress Capping Prices,1,neutral,0,negative,negative,0,0,Finistral-7B-LoRA (Alpaca prompt),tfns,-0.0012825843878090382,0.9987383484840393,-7.251282691955566,0.0007092783926054835,-7.501282691955566,0.0005523865693248808
802,Oil traders and sellers are looking at floating storage as they grapple with the effects of coronavirus https://t.co/dSRKUccfEB,1,neutral,1,neutral,neutral,1,0,Finistral-7B-LoRA (Alpaca prompt),tfns,-5.628632068634033,0.003593553090468049,-0.0036320213694125414,0.9963926672935486,-11.191131591796875,1.379624882247299e-05
803,OPEC+ Extends Virus Crisis Talks as Russia Resists Oil Cuts,1,neutral,1,neutral,neutral,1,0,Finistral-7B-LoRA (Alpaca prompt),tfns,-10.250042915344238,3.535616269800812e-05,-4.2914423829643056e-05,0.9999620914459229,-12.875042915344238,2.5611916498746723e-06
804,Russia Asks for Time as OPEC+ Technocrats Recommend Oil Cut,1,neutral,2,positive,positive,0,0,Finistral-7B-LoRA (Alpaca prompt),tfns,-8.133919715881348,0.0002934193180408329,-4.758920192718506,0.00857496913522482,-0.00892010610550642,0.991131603717804
805,"Starting next year, jet fuel suppliers in Norway must blend 0.5% of biofuel in all their aviation fuel, a policy th… https://t.co/qE7kEu9aEv",1,neutral,1,neutral,neutral,1,0,Finistral-7B-LoRA (Alpaca prompt),tfns,-16.250011444091797,8.764244086023609e-08,-1.2159273865108844e-05,0.9999995231628418,-14.750012397766113,3.92786148495361e-07
806,"U.S. rig count stays flat, Baker Hughes reports",1,neutral,1,neutral,neutral,1,0,Finistral-7B-LoRA (Alpaca prompt),tfns,-7.771055698394775,0.000421806558733806,-0.02105550840497017,0.9792544841766357,-3.8960554599761963,0.020323777571320534
807,$UNG $DGAZ $UGAZ - Natural gas inventory draw in-line with estimates https://t.co/bdJKXSH7Ye,1,neutral,2,positive,positive,0,0,Finistral-7B-LoRA (Alpaca prompt),tfns,-7.6266655921936035,0.0004872869176324457,-6.7516655921936035,0.0011689404491335154,-0.0016655157087370753,0.998343825340271
808,$USO $XLE $OIL - No oil market fix from today's G-20 meeting https://t.co/la6aPsRBh6,1,neutral,0,negative,negative,0,0,Finistral-7B-LoRA (Alpaca prompt),tfns,-0.0001591317413840443,0.9998635053634644,-9.12515926361084,0.00010889390978263691,-10.50015926361084,2.75326929113362e-05
809,December bump in oil prices not enough to salvage energy earnings #Samp;P500 #economy #MarketScreener… https://t.co/oi6a3rLykt,1,neutral,0,negative,negative,0,0,Finistral-7B-LoRA (Alpaca prompt),tfns,-0.026678677648305893,0.9737244844436646,-3.6516785621643066,0.02594887837767601,-8.026679039001465,0.0003266481508035213
810,"Despite OPEC+ deal collapse, Saudi oil exports yet to rise-sources https://t.co/kPGWllrMqi https://t.co/47FpVRrhMY",1,neutral,1,neutral,neutral,1,0,Finistral-7B-LoRA (Alpaca prompt),tfns,-8.689230918884277,0.00016839960881043226,-0.0017308506648987532,0.9983306527137756,-6.501730918884277,0.0015009293565526605
811,Ecuador awards 20.2 mln barrel oil supply contract to Shell unit #economy #MarketScreener https://t.co/f9C9uAR7lG https://t.co/KrI5G5eZJO,1,neutral,2,positive,positive,0,0,Finistral-7B-LoRA (Alpaca prompt),tfns,-11.8753080368042,6.960196515137795e-06,-8.1253080368042,0.00029595510568469763,-0.00030763185350224376,0.999697208404541
812,"In oil market standoff with Saudi Arabia, weakened rouble helps Russia #SaudiArabianOil #Stock #MarketScreener… https://t.co/wj5c7AaMXF",1,neutral,1,neutral,neutral,1,0,Finistral-7B-LoRA (Alpaca prompt),tfns,-8.500219345092773,0.00020342528296168894,-0.00021896349790040404,0.999788224697113,-11.687719345092773,8.396363227802794e-06
813,LHN : Moscow Exchange to launch natural gas futures #LHN #Stock #MarketScreener https://t.co/3F477DYamU https://t.co/KrqtIuhvoO,1,neutral,1,neutral,neutral,1,0,Finistral-7B-LoRA (Alpaca prompt),tfns,-13.875043869018555,9.422132620784396e-07,-4.410646579344757e-05,0.9999657869338989,-10.312543869018555,3.32141607941594e-05
814,News Highlights : Top Energy News of the Day #WTI #Stock #MarketScreener https://t.co/N5y62YFanH https://t.co/DKGKz9lvWI,1,neutral,1,neutral,neutral,1,0,Finistral-7B-LoRA (Alpaca prompt),tfns,-13.18751049041748,1.8738663811745937e-06,-1.0967194612021558e-05,0.9999933242797852,-12.25001049041748,4.785085820913082e-06
815,News Highlights : Top Energy News of the Day #WTI #Stock #MarketScreener https://t.co/xtZKbd5J1L https://t.co/KsI3MoSvPq,1,neutral,1,neutral,neutral,1,0,Finistral-7B-LoRA (Alpaca prompt),tfns,-13.125012397766113,1.9947183318436146e-06,-1.2874520507466514e-05,0.9999922513961792,-12.062512397766113,5.77190849071485e-06
816,Oil - Low Refinery Throughput Does Not Appear To Be A Structural Issue Just Yet. Follow this and any other stock on… https://t.co/kmQg86qyXL,1,neutral,1,neutral,neutral,1,0,Finistral-7B-LoRA (Alpaca prompt),tfns,-2.9434919357299805,0.05269186198711395,-0.06849192082881927,0.9339855313301086,-4.3184919357299805,0.013322588056325912
817,Oil workers from the United States are leaving Iraq after Iranian military leader Qasem Soleimani was killed in a U… https://t.co/MFcBJAERvs,1,neutral,1,neutral,neutral,1,0,Finistral-7B-LoRA (Alpaca prompt),tfns,-9.500078201293945,7.48461316106841e-05,-7.807903602952138e-05,0.999923825263977,-13.562578201293945,1.2877987956017023e-06
818,OPEC and Russia postponed a meeting that could end a price war and reduce a supply glut that has driven oil futures… https://t.co/FfJ65bScoJ,1,neutral,0,negative,negative,0,0,Finistral-7B-LoRA (Alpaca prompt),tfns,-0.0717688649892807,0.9307777881622314,-2.6967687606811523,0.06742531806230545,-6.321768760681152,0.001796823926270008
819,OPEC+ will adjust its output target and redistribute production cuts between its members under pressure from Saudi… https://t.co/9LLzyIDWqG,1,neutral,1,neutral,neutral,1,0,Finistral-7B-LoRA (Alpaca prompt),tfns,-12.37502384185791,4.222784809826408e-06,-2.3483953555114567e-05,0.9999842643737793,-11.37502384185791,1.14787189886556e-05
820,"Saudi Arabia and Kuwait have authorized the restart of oil production at the Wafra field from Sunday, more than fou… https://t.co/QzwNno2qrE",1,neutral,1,neutral,neutral,1,0,Finistral-7B-LoRA (Alpaca prompt),tfns,-9.572370529174805,6.962927000131458e-05,-0.009870766662061214,0.9902225732803345,-4.634870529174805,0.009707801043987274
821,Saudi Arabia is reviewing its plan for life after oil with Crown Prince Mohammed bin Salman said to be unsatisfied… https://t.co/oWcSqo1dE1,1,neutral,1,neutral,neutral,1,0,Finistral-7B-LoRA (Alpaca prompt),tfns,-11.250028610229492,1.30071211970062e-05,-2.8371408916427754e-05,0.9999864101409912,-14.375028610229492,5.714929898203991e-07
822,"The FRED Blog plots the spot price of oil (West Texas Intermediate) against the 5-year, 5-year forward expected inf… https://t.co/KPO4aknMBx",1,neutral,1,neutral,neutral,1,0,Finistral-7B-LoRA (Alpaca prompt),tfns,-11.437522888183594,1.0783236575662158e-05,-2.276871418871451e-05,0.9999822378158569,-11.875022888183594,6.962181032577064e-06
823,The Oil Price War: A 3-Ring Circus. https://t.co/IBrJTQmcvM #stockmarket #trading #economy,1,neutral,1,neutral,neutral,1,0,Finistral-7B-LoRA (Alpaca prompt),tfns,-9.250102043151855,9.610221604816616e-05,-0.00010251473577227443,0.9999017715454102,-13.062602043151855,2.123174454027321e-06
824,The Oil to Toilet Paper price ratio has never been this low,1,neutral,1,neutral,neutral,1,0,Finistral-7B-LoRA (Alpaca prompt),tfns,-4.7614288330078125,0.00855366513133049,-0.011428956873714924,0.9886693358421326,-5.8864288330078125,0.0027769687585532665
825,The world's largest oil producers are groping their way toward a deal on who's willing to cut production and by how… https://t.co/zhXJENTilz,1,neutral,1,neutral,neutral,1,0,Finistral-7B-LoRA (Alpaca prompt),tfns,-10.375589370727539,3.118466702289879e-05,-0.0005889588501304388,0.9994161128997803,-7.500588893890381,0.0005527614266611636
826,Trump says US will 'help Mexico along' with its OPEC+ production cuts. https://t.co/NdNXHiJV3E,1,neutral,1,neutral,neutral,1,0,Finistral-7B-LoRA (Alpaca prompt),tfns,-13.003642082214355,2.252201738883741e-06,-0.00364176114089787,0.9964041709899902,-5.628641605377197,0.0035935945343226194
827,U.S. should stop preventing Iran from selling oil - Iran foreign minister #economy #MarketScreener… https://t.co/KXV6FrmF1S,1,neutral,1,neutral,neutral,1,0,Finistral-7B-LoRA (Alpaca prompt),tfns,-8.40497875213623,0.00022375155822373927,-0.029978811740875244,0.9704706072807312,-3.5299787521362305,0.029305672273039818
828,Upstream Service Sector In The New Sub-$40/bbl Brent Environment. https://t.co/AiurrUmXJP #trading #finance #markets,1,neutral,1,neutral,neutral,1,0,Finistral-7B-LoRA (Alpaca prompt),tfns,-7.500687122344971,0.0005527145694941282,-0.0006870055221952498,0.9993314743041992,-9.063186645507812,0.00011585527681745589
829,"$HOLX: Hologic sees Q2 below consensus, withdraws FY 20 guidance https://t.co/GXnXlLa9uZ",0,negative,0,negative,negative,1,0,Finistral-7B-LoRA (Alpaca prompt),tfns,-3.969590397900902e-05,0.9999723434448242,-12.000040054321289,6.144042345113121e-06,-10.750040054321289,2.1444815502036363e-05
830,$IART - Integra LifeSciences sees drop in Q1 revenue amid COVID-19 https://t.co/E7Eo6ADSvu,0,negative,0,negative,negative,1,0,Finistral-7B-LoRA (Alpaca prompt),tfns,-9.727005090098828e-05,0.9999233484268188,-10.000097274780273,4.539645306067541e-05,-10.375097274780273,3.120049586868845e-05
831,$NSTG - NanoString Q1 top line shy of guidance amid COVID-19 https://t.co/zst2W9TDhE,0,negative,0,negative,negative,1,0,Finistral-7B-LoRA (Alpaca prompt),tfns,-0.0007552632014267147,0.9992648959159851,-7.375755310058594,0.0006262659444473684,-9.125755310058594,0.00010882871720241383
832,"$PRCP - Perceptron EPS misses by $0.02, misses on revenue https://t.co/jNVJq3onzx",0,negative,0,negative,negative,1,0,Finistral-7B-LoRA (Alpaca prompt),tfns,-7.939023635117337e-05,0.9999309778213501,-9.750079154968262,5.829063957207836e-05,-11.437579154968262,1.0782684512378182e-05
833,$PXLW: Pixelworks reports prelim Q1 revs below consensus https://t.co/xPleDhctYT,0,negative,0,negative,negative,1,0,Finistral-7B-LoRA (Alpaca prompt),tfns,-6.90197994117625e-05,0.9999510049819946,-10.750068664550781,2.144435711670667e-05,-10.500068664550781,2.7535101253306493e-05
834,"$RLGT - Radiant Logistics EPS misses by $0.04, misses on revenue https://t.co/6PdH5dGuBC",0,negative,0,negative,negative,1,0,Finistral-7B-LoRA (Alpaca prompt),tfns,-0.00010477947944309562,0.9999094009399414,-9.500104904174805,7.48450547689572e-05,-11.062604904174805,1.5688376151956618e-05
835,$SILC: Silicom Limited sees Q1 revs below consensus https://t.co/wGtSELbYrm,0,negative,0,negative,negative,1,0,Finistral-7B-LoRA (Alpaca prompt),tfns,-0.00010954733443213627,0.9999061822891235,-9.500109672546387,7.484481466235593e-05,-10.875109672546387,1.8923730749520473e-05
836,$SPNE: SeaSpine reports prelim Q1 revs below consensus; withdraws FY20 guidance https://t.co/260zcwPGAX,0,negative,0,negative,negative,1,0,Finistral-7B-LoRA (Alpaca prompt),tfns,-3.313963316031732e-05,0.9999754428863525,-11.750033378601074,7.889130756666418e-06,-11.000033378601074,1.670129131525755e-05
837,"Affimed EPS misses by €0.03, misses on revenue",0,negative,0,negative,negative,1,0,Finistral-7B-LoRA (Alpaca prompt),tfns,-0.0001072826053132303,0.999904990196228,-9.375106811523438,8.481017721351236e-05,-11.500106811523438,1.0129130714631174e-05
838,BJ's Wholesale lowers 2019 sales outlook to approximately $12.9 bln from $12.9 bln-$13.2 bln,0,negative,0,negative,negative,1,0,Finistral-7B-LoRA (Alpaca prompt),tfns,-9.464769391342998e-05,0.9999202489852905,-10.750094413757324,2.1443698642542586e-05,-9.750094413757324,5.829001383972354e-05
839,"Brixmor Property FFO misses by $0.01, misses on revenue",0,negative,0,negative,negative,1,0,Finistral-7B-LoRA (Alpaca prompt),tfns,-4.362964682513848e-05,0.999968409538269,-10.750043869018555,2.14447318285238e-05,-11.500043869018555,1.0129772817890625e-05
840,"Brookfield Business Partners L.P. EPS misses by $1.41, misses on revenue",0,negative,0,negative,negative,1,0,Finistral-7B-LoRA (Alpaca prompt),tfns,-0.00013791563105769455,0.9998772144317627,-9.125138282775879,0.00010889540135394782,-11.187638282775879,1.3844496606907342e-05
841,"Caterpillar Inc.'s 2020 profit outlook trailed analysts' estimates, with the heavy-equipment saying continued econo... https://t.co/xbEWT86BAc",0,negative,0,negative,negative,1,0,Finistral-7B-LoRA (Alpaca prompt),tfns,-0.0006933192489668727,0.9993283748626709,-7.375693321228027,0.0006263057002797723,-10.000693321228027,4.536943743005395e-05
842,Coach owner Tapestry cuts profit forecast on coronavirus hit,0,negative,0,negative,negative,1,0,Finistral-7B-LoRA (Alpaca prompt),tfns,-2.9682672902708873e-05,0.9999798536300659,-11.125029563903809,1.4738901882083155e-05,-12.125029563903809,5.422139111033175e-06
843,"CoreSite Realty FFO misses by $0.01, misses on revenue",0,negative,0,negative,negative,1,0,Finistral-7B-LoRA (Alpaca prompt),tfns,-9.369411418447271e-05,0.9999172687530518,-9.625093460083008,6.605104135815054e-05,-11.000093460083008,1.6700318155926652e-05
844,Kellogg sees 2020 adj. currency-neutral EPS down 3%-4%,0,negative,0,negative,negative,1,0,Finistral-7B-LoRA (Alpaca prompt),tfns,-0.00018356545479036868,0.9998314380645752,-8.75018310546875,0.00015843461733311415,-11.50018310546875,1.0128385838470422e-05
845,Kohl's Q3 EPS 78 cents vs. 98 cents,0,negative,0,negative,negative,1,0,Finistral-7B-LoRA (Alpaca prompt),tfns,-0.07047375291585922,0.9319726228713989,-2.6954736709594727,0.06751187145709991,-7.570473670959473,0.0005154594546183944
846,Kohl's Q3 revenue $4.625 bln vs. $4.628 bln; FactSet consensus $4.399 bln,0,negative,0,negative,negative,1,0,Finistral-7B-LoRA (Alpaca prompt),tfns,-0.01082441583275795,0.9892770051956177,-4.760824203491211,0.008558923378586769,-6.135824203491211,0.002164034638553858
847,Macy's Q3 same-store sales down 3.5%,0,negative,0,negative,negative,1,0,Finistral-7B-LoRA (Alpaca prompt),tfns,-5.9960475482512265e-05,0.9999485015869141,-10.125060081481934,4.006323069916107e-05,-11.375060081481934,1.1478308806545101e-05
848,National Oilwell Varco EPS of -$1.01,0,negative,0,negative,negative,1,0,Finistral-7B-LoRA (Alpaca prompt),tfns,-0.0028709645848721266,0.9971411228179932,-5.877871036529541,0.0028007642831653357,-9.752870559692383,5.812800372950733e-05
849,"New Jersey Resources EPS misses by $0.33, misses on revenue",0,negative,0,negative,negative,1,0,Finistral-7B-LoRA (Alpaca prompt),tfns,-0.0001212284987559542,0.999887228012085,-9.250121116638184,9.610081906430423e-05,-11.000121116638184,1.6699817933840677e-05
850,New York Times sees Q1 ad revenue down about 10%,0,negative,0,negative,negative,1,0,Finistral-7B-LoRA (Alpaca prompt),tfns,-6.770858453819528e-05,0.9999476671218872,-10.000067710876465,4.539755536825396e-05,-11.875067710876465,6.961940471228445e-06
851,"Nordic American Tankers EPS misses by $0.04, misses on revenue",0,negative,0,negative,negative,1,0,Finistral-7B-LoRA (Alpaca prompt),tfns,-8.642300235806033e-05,0.999923825263977,-9.625086784362793,6.605147063964978e-05,-11.500086784362793,1.0129321708518546e-05
852,Penn National EPS of -$0.80,0,negative,0,negative,negative,1,0,Finistral-7B-LoRA (Alpaca prompt),tfns,-0.04316193610429764,0.9577668905258179,-3.1681618690490723,0.04208134114742279,-8.79316234588623,0.0001517690106993541
853,"PPDAI Group EPS misses by $0.0452, misses on revenue",0,negative,0,negative,negative,1,0,Finistral-7B-LoRA (Alpaca prompt),tfns,-0.00010597144137136638,0.999904990196228,-9.375105857849121,8.481017721351236e-05,-11.500105857849121,1.0129130714631174e-05
854,"Ship Finance EPS misses by $0.18, misses on revenue",0,negative,0,negative,negative,1,0,Finistral-7B-LoRA (Alpaca prompt),tfns,-3.85038583772257e-05,0.9999716281890869,-10.750038146972656,2.1444800950121135e-05,-11.875038146972656,6.96210736350622e-06
855,"Suburban Propane Partners EPS misses by $0.02, misses on revenue",0,negative,0,negative,negative,1,0,Finistral-7B-LoRA (Alpaca prompt),tfns,-0.00012408917245920748,0.999887228012085,-9.250123977661133,9.610081906430423e-05,-11.000123977661133,1.6699817933840677e-05
856,Target Hospitality Corp. Just Missed EPS By 34%: Here's What Analysts Think Will Happen Next,0,negative,1,neutral,neutral,0,0,Finistral-7B-LoRA (Alpaca prompt),tfns,-1.0539599657058716,0.34857359528541565,-0.4289599657058716,0.6512211561203003,-8.491459846496582,0.00020522453996818513
857,ThermoGenesis misses on revenue,0,negative,0,negative,negative,1,0,Finistral-7B-LoRA (Alpaca prompt),tfns,-0.00017975145601667464,0.9998337030410767,-8.750179290771484,0.00015843496657907963,-11.750179290771484,7.88801298767794e-06
858,"Tyson Foods EPS misses by $0.01, misses on revenue",0,negative,0,negative,negative,1,0,Finistral-7B-LoRA (Alpaca prompt),tfns,-7.950943836476654e-05,0.999933123588562,-10.000079154968262,4.539689325611107e-05,-10.750079154968262,2.1443975128931925e-05
859,Tyson Foods Q1 prepared foods sales fell 3.1% to $2.14 bln,0,negative,0,negative,negative,1,0,Finistral-7B-LoRA (Alpaca prompt),tfns,-0.00026603974401950836,0.9997480511665344,-8.375266075134277,0.00023050176969263703,-10.750266075134277,2.1440006094053388e-05
860,"Vir Biotechnology EPS misses by $0.52, misses on revenue",0,negative,0,negative,negative,1,0,Finistral-7B-LoRA (Alpaca prompt),tfns,-0.00021252757869660854,0.9998038411140442,-8.625212669372559,0.00017952497000806034,-11.000212669372559,1.669842458795756e-05
861,"Volkswagen cuts profit, sales forecasts as autos downturn bites",0,negative,0,negative,negative,1,0,Finistral-7B-LoRA (Alpaca prompt),tfns,-4.2676016164477915e-05,0.9999680519104004,-10.875042915344238,1.8924902178696357e-05,-11.250042915344238,1.3006881999899633e-05
862,Zynga (ZNGA) Q4 Earnings Miss Estimates - Nasdaq,0,negative,0,negative,negative,1,0,Finistral-7B-LoRA (Alpaca prompt),tfns,-0.0001752223033690825,0.9998387098312378,-8.875175476074219,0.00013981907977722585,-10.750175476074219,2.1441950593725778e-05
863,"$ANGO: AngioDynamics beats by $0.02, beats on revs; withdraws FY20 guidance https://t.co/aNS8ghvyjy",2,positive,2,positive,positive,1,0,Finistral-7B-LoRA (Alpaca prompt),tfns,-10.625041961669922,2.4299857614096254e-05,-11.062541961669922,1.5689169231336564e-05,-4.2199197196168825e-05,0.9999599456787109
864,"$BHF - Brighthouse Financial EPS beats by $0.27, beats on revenue https://t.co/hMLskSiNCP",2,positive,2,positive,positive,1,0,Finistral-7B-LoRA (Alpaca prompt),tfns,-11.437542915344238,1.0782976460177451e-05,-10.375042915344238,3.1201576348394156e-05,-4.327203714638017e-05,0.9999580383300781
865,"$CHGG - Chegg EPS beats by $0.06, beats on revenue https://t.co/ymtDWb33bD",2,positive,2,positive,positive,1,0,Finistral-7B-LoRA (Alpaca prompt),tfns,-10.937585830688477,1.777737998054363e-05,-9.625085830688477,6.60509685985744e-05,-8.606540359323844e-05,0.9999161958694458
866,"$IIVI - II-VI EPS in-line, beats on revenue https://t.co/CXUZw29Z3g",2,positive,2,positive,positive,1,0,Finistral-7B-LoRA (Alpaca prompt),tfns,-12.25003433227539,4.784963039128343e-06,-10.50003433227539,2.753556145762559e-05,-3.40932747349143e-05,0.9999676942825317
867,"$JCOM - j2 Global EPS beats by $0.01, beats on revenue https://t.co/i7AKcjCVj2",2,positive,2,positive,positive,1,0,Finistral-7B-LoRA (Alpaca prompt),tfns,-10.687633514404297,2.282551213284023e-05,-9.125133514404297,0.00010889443365158513,-0.00013374387344811112,0.9998682737350464
868,"$MIME - Mimecast EPS beats by $0.02, beats on revenue https://t.co/W0BN0AakK6",2,positive,2,positive,positive,1,0,Finistral-7B-LoRA (Alpaca prompt),tfns,-11.562607765197754,9.515337296761572e-06,-9.250107765197754,9.610150300431997e-05,-0.00010787858627736568,0.999894380569458
869,$PSMT: PriceSmart announced that for the month of March 2020 net merchandise sales increased 17.1% to $306.1... https://t.co/fjoxrpZfZ9,2,positive,2,positive,positive,1,0,Finistral-7B-LoRA (Alpaca prompt),tfns,-10.438262939453125,2.9290738893905655e-05,-7.250762939453125,0.0007096496410667896,-0.0007631250191479921,0.9992610812187195
870,"$SGH - SMART Global EPS beats by $0.02, beats on revenue https://t.co/Fyds4oELv7",2,positive,2,positive,positive,1,0,Finistral-7B-LoRA (Alpaca prompt),tfns,-11.812554359436035,7.410943453578511e-06,-10.000054359436035,4.539753354038112e-05,-5.4834770708112046e-05,0.999947190284729
871,Ã‚Â Chegg Reports 2019 Financial Results and Raises 2020 Guidance,2,positive,2,positive,positive,1,0,Finistral-7B-LoRA (Alpaca prompt),tfns,-9.781556129455566,5.650358070852235e-05,-1.4065556526184082,0.2450711727142334,-0.281555712223053,0.7548723220825195
872,"Albany EPS beats by $0.24, beats on revenue",2,positive,2,positive,positive,1,0,Finistral-7B-LoRA (Alpaca prompt),tfns,-12.625025749206543,3.288678271928802e-06,-10.750025749206543,2.1444877347676083e-05,-2.610649426060263e-05,0.9999752044677734
873,"Becton Dickinson Earnings, Revenue Beat in Q1",2,positive,2,positive,positive,1,0,Finistral-7B-LoRA (Alpaca prompt),tfns,-12.500025749206543,3.726559498318238e-06,-10.750025749206543,2.1444868252729066e-05,-2.5629668016335927e-05,0.9999748468399048
874,"Blackbaud EPS beats by $0.01, beats on revenue",2,positive,2,positive,positive,1,0,Finistral-7B-LoRA (Alpaca prompt),tfns,-11.312579154968262,1.2218268238939345e-05,-9.625079154968262,6.605133239645511e-05,-7.939023635117337e-05,0.9999216794967651
875,Chipotle Earnings Highlight Strong Business Momentum,2,positive,2,positive,positive,1,0,Finistral-7B-LoRA (Alpaca prompt),tfns,-12.250147819519043,4.784425982506946e-06,-8.875147819519043,0.00013982142263557762,-0.00014757021563127637,0.9998553991317749
876,"Construction Partners EPS in-line, beats on revenue",2,positive,2,positive,positive,1,0,Finistral-7B-LoRA (Alpaca prompt),tfns,-13.50002670288086,1.370923769172805e-06,-10.62502670288086,2.430020504107233e-05,-2.706014311115723e-05,0.999974250793457
877,Equinor fourth-quarter profit beats forecast amid oilfield startup,2,positive,2,positive,positive,1,0,Finistral-7B-LoRA (Alpaca prompt),tfns,-12.125041007995605,5.422027243184857e-06,-10.250041007995605,3.535606083460152e-05,-4.124556289752945e-05,0.9999592304229736
878,"Euroseas EPS beats by $0.02, beats on revenue",2,positive,2,positive,positive,1,0,Finistral-7B-LoRA (Alpaca prompt),tfns,-12.00002384185791,6.144071903690929e-06,-11.00002384185791,1.6701318600098602e-05,-2.4318398573086597e-05,0.9999771118164062
879,"EVI Industries Sets Records for Revenue, Gross Profit and Operating Cash Flow for Second Quarter of Fiscal 2020",2,positive,2,positive,positive,1,0,Finistral-7B-LoRA (Alpaca prompt),tfns,-13.56252670288086,1.2878639381597168e-06,-10.62502670288086,2.430020867905114e-05,-2.6702524337451905e-05,0.9999743700027466
880,Fiat Chrysler fourth-quarter lifted by North America business to meet expectations,2,positive,2,positive,positive,1,0,Finistral-7B-LoRA (Alpaca prompt),tfns,-11.625720977783203,8.933352546591777e-06,-7.250720977783203,0.0007096640765666962,-0.000720956246368587,0.9992814660072327
881,Geely's Volvo posts 18% rise in fourth-quarter profit,2,positive,2,positive,positive,1,0,Finistral-7B-LoRA (Alpaca prompt),tfns,-12.687555313110352,3.0893352231942117e-06,-9.875055313110352,5.1442053518258035e-05,-5.543078441405669e-05,0.9999454021453857
882,Home Depot Q3 comparable-store sales in U.S. up 3.8%,2,positive,2,positive,positive,1,0,Finistral-7B-LoRA (Alpaca prompt),tfns,-11.625045776367188,8.939379767980427e-06,-10.250045776367188,3.535593350534327e-05,-4.565611743601039e-05,0.9999556541442871
883,"II-VI EPS in-line, beats on revenue",2,positive,2,positive,positive,1,0,Finistral-7B-LoRA (Alpaca prompt),tfns,-13.250020027160645,1.760313807608327e-06,-11.000020027160645,1.6701391359674744e-05,-1.9788545614574105e-05,0.9999815225601196
884,Just Energy (JE) Tops Q3 Earnings Estimates,2,positive,2,positive,positive,1,0,Finistral-7B-LoRA (Alpaca prompt),tfns,-12.125038146972656,5.422049980552401e-06,-10.375038146972656,3.120174369541928e-05,-3.802703940891661e-05,0.9999634027481079
885,"LexinFintech EPS in-line, beats on revenue",2,positive,2,positive,positive,1,0,Finistral-7B-LoRA (Alpaca prompt),tfns,-13.81252384185791,1.0029925761045888e-06,-10.75002384185791,2.1444928279379383e-05,-2.3483953555114567e-05,0.9999775886535645
886,Madison Square Garden Q2 EPS $3.93 vs. $3.42,2,positive,2,positive,positive,1,0,Finistral-7B-LoRA (Alpaca prompt),tfns,-9.879132270812988,5.123284790897742e-05,-5.504132270812988,0.004069929011166096,-0.004132423084229231,0.9958788156509399
887,Nokia posts surprise fourth-quarter profit rise on cost cuts,2,positive,2,positive,positive,1,0,Finistral-7B-LoRA (Alpaca prompt),tfns,-11.875020027160645,6.962166025914485e-06,-11.250020027160645,1.3007038432988338e-05,-2.038458114839159e-05,0.999980092048645
888,"OneMain Holdings EPS beats by $0.21, beats on revenue",2,positive,2,positive,positive,1,0,Finistral-7B-LoRA (Alpaca prompt),tfns,-12.250022888183594,4.785014880326344e-06,-11.000022888183594,1.670134224696085e-05,-2.253030106658116e-05,0.9999785423278809
889,"PJT Partners EPS beats by $0.11, beats on revenue",2,positive,2,positive,positive,1,0,Finistral-7B-LoRA (Alpaca prompt),tfns,-11.937539100646973,6.540232789120637e-06,-10.375039100646973,3.120170731563121e-05,-3.93382906622719e-05,0.9999622106552124
890,Popeyes Chicken Sandwich Causes Sales to Jump 42% Higher,2,positive,2,positive,positive,1,0,Finistral-7B-LoRA (Alpaca prompt),tfns,-12.062541961669922,5.771715677838074e-06,-10.250041961669922,3.535604628268629e-05,-4.2437604861333966e-05,0.999958872795105
891,"QIWI plc EPS beats by $0.15, beats on revenue",2,positive,2,positive,positive,1,0,Finistral-7B-LoRA (Alpaca prompt),tfns,-12.187530517578125,5.093580966786249e-06,-10.625030517578125,2.4300115910591558e-05,-3.075552376685664e-05,0.999970555305481
892,Rapid7 (RPD) Q4 Earnings and Revenues Beat Estimates,2,positive,2,positive,positive,1,0,Finistral-7B-LoRA (Alpaca prompt),tfns,-12.625069618225098,3.2885318432818167e-06,-9.625069618225098,6.605192174902186e-05,-6.997340824455023e-05,0.9999306201934814
893,"Regeneron Pharmaceuticals EPS beats by $0.59, beats on revenue",2,positive,2,positive,positive,1,0,Finistral-7B-LoRA (Alpaca prompt),tfns,-12.125031471252441,5.422087269835174e-06,-10.625031471252441,2.4300108634633943e-05,-3.135155202471651e-05,0.9999703168869019
894,"RMR Group EPS beats by $0.01, beats on revenue",2,positive,2,positive,positive,1,0,Finistral-7B-LoRA (Alpaca prompt),tfns,-11.56255054473877,9.515870260656811e-06,-10.12505054473877,4.0063307096716017e-05,-5.090107151772827e-05,0.9999504089355469
895,"Samsung first-quarter beats estimates; chips likely to prop up virus-hit second-quarter - Reuters

https://t.co/ogYnZF6u6X",2,positive,2,positive,positive,1,0,Finistral-7B-LoRA (Alpaca prompt),tfns,-9.62562370300293,6.601562927244231e-05,-7.500624179840088,0.0005527421017177403,-0.0006239851354621351,0.9993811845779419
896,Sanofi eyes more EPS growth this year as it narrows focus,2,positive,2,positive,positive,1,0,Finistral-7B-LoRA (Alpaca prompt),tfns,-11.625391006469727,8.936299309425522e-06,-7.875390529632568,0.000379981123842299,-0.00039057256071828306,0.9996110796928406
897,Skechers Announces Record Fourth Quarter Sales of $1.33 Billion and Record Annual Sales of $5.22 Billion in 2019,2,positive,2,positive,positive,1,0,Finistral-7B-LoRA (Alpaca prompt),tfns,-12.812626838684082,2.7261339710094035e-06,-9.000126838684082,0.00012339424574747682,-0.00012718822108581662,0.9998738765716553
898,Strong cash flow keeps Total's fourth-quarter net profit steady,2,positive,2,positive,positive,1,0,Finistral-7B-LoRA (Alpaca prompt),tfns,-8.788930892944336,0.00015254282334353775,-1.601431131362915,0.2017824500799179,-0.22643108665943146,0.7980650663375854
899,The Estée Lauder Companies Delivers Exceptional Fiscal 2020 Second Quarter Results,2,positive,2,positive,positive,1,0,Finistral-7B-LoRA (Alpaca prompt),tfns,-13.625125885009766,1.209716401717742e-06,-9.000125885009766,0.00012339443492237478,-0.00012599628826137632,0.9998754262924194
900,TJX raises 2020 EPS outlook to $2.61-$2.63 from $2.56-$2.61,2,positive,2,positive,positive,1,0,Finistral-7B-LoRA (Alpaca prompt),tfns,-12.000035285949707,6.144005055830348e-06,-10.500035285949707,2.7535521439858712e-05,-3.564294092939235e-05,0.9999662637710571
901,"Transurban : 1st Half Profit Up 46%, Increased Traffic Drives Toll Revenue Rise #Transurban #Stock #MarketScreener… https://t.co/246Nl7a9j3",2,positive,2,positive,positive,1,0,Finistral-7B-LoRA (Alpaca prompt),tfns,-13.875021934509277,9.422267339687096e-07,-10.875021934509277,1.89251295523718e-05,-2.2172682292875834e-05,0.999980092048645
902,"Twitter notches first $1 billion quarterly revenue, beating estimates",2,positive,2,positive,positive,1,0,Finistral-7B-LoRA (Alpaca prompt),tfns,-14.437516212463379,5.368670485950133e-07,-11.125016212463379,1.4738971913175192e-05,-1.6331539882230572e-05,0.999984622001648
903,"Twitter tops user, sales expectations for 4Q",2,positive,2,positive,positive,1,0,Finistral-7B-LoRA (Alpaca prompt),tfns,-11.250246047973633,1.300413077842677e-05,-8.375246047973633,0.00023050371964927763,-0.0002464944263920188,0.9997565150260925
904,UPDATE: New York Times beats earnings estimates for Q4 as subscriptions rise,2,positive,2,positive,positive,1,0,Finistral-7B-LoRA (Alpaca prompt),tfns,-13.812516212463379,1.0029992836280144e-06,-11.125016212463379,1.4738966456206981e-05,-1.6093124941107817e-05,0.9999842643737793
905,UPL Q3 Results: Profit  Meets Estimates As Latin American Markets Shine,2,positive,2,positive,positive,1,0,Finistral-7B-LoRA (Alpaca prompt),tfns,-12.687579154968262,3.0892631457390962e-06,-9.500079154968262,7.484600064344704e-05,-7.962863310240209e-05,0.9999220371246338
906,"Viomi Technology EPS beats by $0.01, beats on revenue",2,positive,2,positive,positive,1,0,Finistral-7B-LoRA (Alpaca prompt),tfns,-11.625061988830566,8.939236067817546e-06,-9.875061988830566,5.1441751566017047e-05,-6.186770770000294e-05,0.9999395608901978
907,"Volvo Cars posts rise in fourth-quarter profit, helped by cost cuts and sales growth",2,positive,2,positive,positive,1,0,Finistral-7B-LoRA (Alpaca prompt),tfns,-11.750033378601074,7.889070730016101e-06,-10.625033378601074,2.4300048607983626e-05,-3.313963316031732e-05,0.9999678134918213
908,Yum! Brands Reports Solid Fourth-Quarter Results and Completion of Strategic Transformation; System Sales Growth of 10%; Same-Store Sales Growth of 2%; GAAP Operating Profit Decline of (26)%; Core Operating Profit Growth of 14%,2,positive,2,positive,positive,1,0,Finistral-7B-LoRA (Alpaca prompt),tfns,-7.805372714996338,0.0004075732722412795,-2.930372714996338,0.05338156968355179,-0.05537271499633789,0.9462108612060547
909,"$FRT - Federal REIT FFO misses by $0.02, beats on revenue https://t.co/uldAfaa7ba",1,neutral,1,neutral,neutral,1,0,Finistral-7B-LoRA (Alpaca prompt),tfns,-6.127267837524414,0.002182634547352791,-0.002267648698762059,0.9977797865867615,-10.189767837524414,3.755429861485027e-05
910,"$MESA - Mesa Air EPS beats by $0.01, misses on revenue https://t.co/yPRqsm3RG5",1,neutral,1,neutral,neutral,1,0,Finistral-7B-LoRA (Alpaca prompt),tfns,-9.250143051147461,9.609977132640779e-05,-0.00014351768186315894,0.9998763799667358,-10.500143051147461,2.753304761426989e-05
911,"$MOH - Molina Healthcare EPS beats by $0.07, misses on revenue https://t.co/a6bdVyNm88",1,neutral,1,neutral,neutral,1,0,Finistral-7B-LoRA (Alpaca prompt),tfns,-8.62554931640625,0.00017946778098121285,-0.0005491655902005732,0.9994852542877197,-8.00054931640625,0.0003352899511810392
912,BJ's Wholesale Q3 adj. EPS 41 cents; FactSet consensus 40 cents,1,neutral,1,neutral,neutral,1,0,Finistral-7B-LoRA (Alpaca prompt),tfns,-7.7536187171936035,0.0004291916557122022,-0.0036188371013849974,0.9963995218276978,-5.7536187171936035,0.0031713214702904224
913,"CAE EPS beats by C$0.02, misses on revenue",1,neutral,1,neutral,neutral,1,0,Finistral-7B-LoRA (Alpaca prompt),tfns,-10.2500581741333,3.535591531544924e-05,-5.793403761344962e-05,0.9999551773071289,-11.5625581741333,9.5159157353919e-06
914,"Domtar EPS misses by $0.05,  revenue in-line",1,neutral,0,negative,negative,0,0,Finistral-7B-LoRA (Alpaca prompt),tfns,-0.28167587518692017,0.7545580267906189,-1.4066758155822754,0.24496912956237793,-7.656675815582275,0.00047290162183344364
915,Estee Lauder Q2 adj. EPS $2.11; FactSet consensus $1.90,1,neutral,1,neutral,neutral,1,0,Finistral-7B-LoRA (Alpaca prompt),tfns,-2.8270680904388428,0.05918745696544647,-0.077068030834198,0.925847589969635,-4.202067852020264,0.014964932575821877
916,"FirstEnergy EPS beats by $0.05, misses on revenue",1,neutral,1,neutral,neutral,1,0,Finistral-7B-LoRA (Alpaca prompt),tfns,-10.1250638961792,4.006316885352135e-05,-6.389413465512916e-05,0.9999469518661499,-11.2500638961792,1.3006607332499698e-05
917,Kellogg 2020 FactSet EPS consensus is $4.03; 2019 currency-neutral adj. EPS was $4.00,1,neutral,1,neutral,neutral,1,0,Finistral-7B-LoRA (Alpaca prompt),tfns,-7.1594719886779785,0.0007775026606395841,-0.03447199612855911,0.9661622643470764,-3.4094719886779785,0.03306025266647339
918,"Lowe's EPS beats by $0.06, misses on revenue",1,neutral,1,neutral,neutral,1,0,Finistral-7B-LoRA (Alpaca prompt),tfns,-9.875085830688477,5.1441114919725806e-05,-8.546940807718784e-05,0.9999271631240845,-10.750085830688477,2.1443845980684273e-05
919,"Molina Healthcare EPS beats by $0.07, misses on revenue",1,neutral,1,neutral,neutral,1,0,Finistral-7B-LoRA (Alpaca prompt),tfns,-9.750313758850098,5.827783024869859e-05,-0.00031418632715940475,0.9997112154960632,-8.375313758850098,0.0002304932859260589
920,"Nokia EPS beats by €0.02, misses on revenue",1,neutral,1,neutral,neutral,1,0,Finistral-7B-LoRA (Alpaca prompt),tfns,-10.250203132629395,3.535188807290979e-05,-0.00020275443966966122,0.9998412132263184,-9.000203132629395,0.00012339021486695856
921,Philip Morris profit and sales top estimates but tobacco company offers soft guidance,1,neutral,2,positive,positive,0,0,Finistral-7B-LoRA (Alpaca prompt),tfns,-9.126148223876953,0.00010878451575990766,-6.876148700714111,0.0010321186855435371,-0.0011485177092254162,0.9988590478897095
922,SoftBank's Oyo reveals over $330 million annual loss; revenue surges https://t.co/sboVq3nnEm https://t.co/FNiIij62NJ,1,neutral,1,neutral,neutral,1,0,Finistral-7B-LoRA (Alpaca prompt),tfns,-5.006773948669434,0.006692584604024887,-0.006774079520255327,0.9932676553726196,-10.131773948669434,3.979555913247168e-05
923,"The Buckle, Inc. Reports January 2020 Net Sales",1,neutral,1,neutral,neutral,1,0,Finistral-7B-LoRA (Alpaca prompt),tfns,-10.625170707702637,2.4296841729665175e-05,-0.00017033556650858372,0.9998358488082886,-8.875170707702637,0.00013981868687551469
924,"Twin River Worldwide Holdings, Inc. Just Missed EPS By 44%: Here's What Analysts Think Will Happen Next",1,neutral,1,neutral,neutral,1,0,Finistral-7B-LoRA (Alpaca prompt),tfns,-5.379673480987549,0.0046094199642539024,-0.004673391580581665,0.9953574538230896,-10.31717300415039,3.3061092835851014e-05
925,"Virco Manufacturing EPS beats by $0.14, misses on revenue",1,neutral,1,neutral,neutral,1,0,Finistral-7B-LoRA (Alpaca prompt),tfns,-10.18759822845459,3.763503264053725e-05,-9.822363062994555e-05,0.9999247789382935,-10.18759822845459,3.763503264053725e-05
926,AUD/USD Weekly Price Forecast – Australian Dollar Slams Into Resistance,0,negative,0,negative,negative,1,0,Finistral-7B-LoRA (Alpaca prompt),tfns,-0.2551332414150238,0.7748385071754456,-1.5051332712173462,0.22199496626853943,-5.755133152008057,0.0031665880233049393
927,EUR/USD Price Forecast – Euro Looks Likely To Break Down,0,negative,0,negative,negative,1,0,Finistral-7B-LoRA (Alpaca prompt),tfns,-2.276871418871451e-05,0.9999874830245972,-13.750022888183594,1.0676906185835833e-06,-11.375022888183594,1.1478756277938373e-05
928,Euro pinned near 10-day lows as outlook bleak - SI https://t.co/kPqleNJhIY,0,negative,0,negative,negative,1,0,Finistral-7B-LoRA (Alpaca prompt),tfns,-5.936446541454643e-05,0.9999617338180542,-11.437559127807617,1.0783015568449628e-05,-10.500059127807617,2.753539774857927e-05
929,The Euro Is A Structural Short As BoJo’s Landslide Victory Ensures The U.K.’s Exit From the E.U.,0,negative,1,neutral,neutral,0,0,Finistral-7B-LoRA (Alpaca prompt),tfns,-3.89686918258667,0.02030595950782299,-0.021869104355573654,0.9783958792686462,-6.64686918258667,0.0012981165200471878
930,U.S. Dollar Index Futures (DX) Technical Analysis – Looking for Break into Retracement Zone at 97.630 to 97.472,0,negative,1,neutral,neutral,0,0,Finistral-7B-LoRA (Alpaca prompt),tfns,-11.687603950500488,8.397359124501236e-06,-0.00010442188795423135,0.9999067783355713,-9.375103950500488,8.481032273266464e-05
931,Canadian dollar climbs to 11-day high amid coronavirus optimism #economy #MarketScreener https://t.co/8ohQPiXekn https://t.co/z98FjTKvFr,2,positive,2,positive,positive,1,0,Finistral-7B-LoRA (Alpaca prompt),tfns,-12.625011444091797,3.2887262477743207e-06,-11.875011444091797,6.962233328522416e-06,-1.1205610462639015e-05,0.9999897480010986
932,EUR/USD Failure of 1-2-3 Pattern Might be Bullish,2,positive,1,neutral,neutral,0,0,Finistral-7B-LoRA (Alpaca prompt),tfns,-7.1298980712890625,0.0008008158183656633,-0.004898095969110727,0.9951322674751282,-5.5048980712890625,0.004066878464072943
933,GBP/JPY Price Forecast – British Pound Gaps Higher After Election Results,2,positive,2,positive,positive,1,0,Finistral-7B-LoRA (Alpaca prompt),tfns,-10.125067710876465,4.006258677691221e-05,-10.500067710876465,2.7534590117284097e-05,-6.818538531661034e-05,0.9999324083328247
934,GBP/USD – Pound Soars as Conservatives Cruise to Majority,2,positive,2,positive,positive,1,0,Finistral-7B-LoRA (Alpaca prompt),tfns,-10.875025749206543,1.8925024050986394e-05,-11.937525749206543,6.540312824654393e-06,-2.6225699912174605e-05,0.9999744892120361
935,Pound Jumps To The Highest This Year As Boris Johnson Heads For Majority,2,positive,2,positive,positive,1,0,Finistral-7B-LoRA (Alpaca prompt),tfns,-11.125020027160645,1.473890461056726e-05,-12.187520027160645,5.0936296247527935e-06,-2.038458114839159e-05,0.999980092048645
936,"South Africa's rand firmer as risk takers return, stocks up 3.29% #economy #MarketScreener https://t.co/c8xg62L0XF https://t.co/e1g8OtVhBZ",2,positive,2,positive,positive,1,0,Finistral-7B-LoRA (Alpaca prompt),tfns,-10.500234603881836,2.7530089937499724e-05,-8.500234603881836,0.0002034213684964925,-0.00023421882360707968,0.9997690320014954
937,USD/JPY Forecast: USD to Consolidate Against JPY - DailyForex.com,2,positive,1,neutral,neutral,0,0,Finistral-7B-LoRA (Alpaca prompt),tfns,-7.389795780181885,0.0006175310700200498,-0.01479557529091835,0.9853276014328003,-4.264795780181885,0.01405494287610054
938,USD/JPY Weekly Price Forecast – Dollar Continues To Test Resistance,2,positive,1,neutral,neutral,0,0,Finistral-7B-LoRA (Alpaca prompt),tfns,-10.3751220703125,3.119926623185165e-05,-0.00012242044613230973,0.9998840093612671,-9.3751220703125,8.480839460389689e-05
939,Dollar mixed versus major rivals after January jobs report,1,neutral,1,neutral,neutral,1,0,Finistral-7B-LoRA (Alpaca prompt),tfns,-10.0000581741333,4.539753354038112e-05,-5.817244164063595e-05,0.999947190284729,-11.8125581741333,7.410943453578511e-06
940,"EUR/USD Mid-Session Technical Analysis for December 17, 2019",1,neutral,1,neutral,neutral,1,0,Finistral-7B-LoRA (Alpaca prompt),tfns,-12.187514305114746,5.0936737352458294e-06,-1.4781842764932662e-05,0.9999887943267822,-12.000014305114746,6.144143753772369e-06
941,EUR/USD Price Forecast – Euro Continues To Grind Towards Resistance,1,neutral,1,neutral,neutral,1,0,Finistral-7B-LoRA (Alpaca prompt),tfns,-9.875185012817383,5.143586531630717e-05,-0.00018499570433050394,0.9998251795768738,-9.000185012817383,0.00012338822125457227
942,Japan Seen Needing U.S. Help to Check China’s Digital Yuan,1,neutral,1,neutral,neutral,1,0,Finistral-7B-LoRA (Alpaca prompt),tfns,-9.500077247619629,7.484615343855694e-05,-7.724463648628443e-05,0.9999240636825562,-13.750077247619629,1.067622974915139e-06
943,"Volatility still remains near all-time lows across some major currency pairs, including the euro versus the dollar,… https://t.co/nZbJPUWFdn",1,neutral,1,neutral,neutral,1,0,Finistral-7B-LoRA (Alpaca prompt),tfns,-7.351324081420898,0.0006419148994609714,-0.2263239473104477,0.7976744174957275,-1.6013239622116089,0.2016836702823639
944,A Health Check of India Shadow Banks Points to Prolonged Trouble,0,negative,0,negative,negative,1,0,Finistral-7B-LoRA (Alpaca prompt),tfns,-0.00028463127091526985,0.9997240900993347,-8.375284194946289,0.00023049625451676548,-10.000284194946289,4.5387405407382175e-05
945,American farmers are already suffering for lack of exports (via @bopinion) https://t.co/kmIhRwtJ4x,0,negative,0,negative,negative,1,0,Finistral-7B-LoRA (Alpaca prompt),tfns,-0.00027497802511788905,0.9997360110282898,-8.250274658203125,0.00026118956157006323,-12.812774658203125,2.725758122323896e-06
946,Banks undergoing 'real stress test' as recession fears continue https://t.co/lY9UvWu4yE by @bcheungz https://t.co/aJbqRFxRQY,0,negative,0,negative,negative,1,0,Finistral-7B-LoRA (Alpaca prompt),tfns,-0.00037102968781255186,0.9996664524078369,-8.125370979309082,0.00029594599618576467,-10.187870979309082,3.762530832318589e-05
947,Business tax payments will hit a record low this year,0,negative,1,neutral,neutral,0,0,Finistral-7B-LoRA (Alpaca prompt),tfns,-0.9457976222038269,0.38843634724617004,-0.5707976222038269,0.5651715397834778,-3.0707976818084717,0.04639210179448128
948,Canada's economy could end up being the big loser as a rail strike drags on https://t.co/aGYaQzTAD8,0,negative,0,negative,negative,1,0,Finistral-7B-LoRA (Alpaca prompt),tfns,-0.0003530356043484062,0.9996607303619385,-8.00035285949707,0.00033534879912622273,-12.43785285949707,3.9656556509726215e-06
949,Caution Abounds Even as Emerging Markets Ready Year-Ending Rally,0,negative,1,neutral,neutral,0,0,Finistral-7B-LoRA (Alpaca prompt),tfns,-8.125393867492676,0.0002959436969831586,-0.0003939091111533344,0.9996587038040161,-10.000393867492676,4.538443681667559e-05
950,China M&A Bankers Face Another Grim Year,0,negative,0,negative,negative,1,0,Finistral-7B-LoRA (Alpaca prompt),tfns,-0.005319251213222742,0.9947574138641357,-5.255319118499756,0.0052200076170265675,-10.692819595336914,2.2708838514517993e-05
951,Coronavirus pandemic has driven a very 'ample' market correction: former European Central Bank chief… https://t.co/dSD0FhQt36,0,negative,1,neutral,neutral,0,0,Finistral-7B-LoRA (Alpaca prompt),tfns,-1.705231785774231,0.1818547248840332,-0.20523183047771454,0.8150162696838379,-5.767731666564941,0.003128983313217759
952,Coronavirus will probably destroy one of the stock market's biggest crutches https://t.co/6PAfslV0ul by @BrianSozzi https://t.co/yFTXFTKQV0,0,negative,0,negative,negative,1,0,Finistral-7B-LoRA (Alpaca prompt),tfns,-0.00038211196078918874,0.9996334314346313,-8.000382423400879,0.0003353396605234593,-10.375382423400879,3.119144821539521e-05
953,Every Bubble Eventually Finds Its Pin https://t.co/E3LesbBMP1,0,negative,0,negative,negative,1,0,Finistral-7B-LoRA (Alpaca prompt),tfns,-0.5764774084091187,0.5618884563446045,-0.8264774084091187,0.43759918212890625,-7.576477527618408,0.0005123759619891644
954,Here is a list of companies that have suspended dividends or stopped stock buybacks in April https://t.co/JUYLRQJyGp,0,negative,0,negative,negative,1,0,Finistral-7B-LoRA (Alpaca prompt),tfns,-0.0001578206429257989,0.9999005794525146,-9.250157356262207,9.610209963284433e-05,-12.625157356262207,3.288432935732999e-06
955,"Highlight: ""We're gonna see companies start to report results and I think it's gonna look ugly,"" @FBBCap's Mike Bai… https://t.co/gdtm8YBxPc",0,negative,0,negative,negative,1,0,Finistral-7B-LoRA (Alpaca prompt),tfns,-0.0015526870265603065,0.9984695315361023,-6.501552581787109,0.001501138205640018,-10.43905258178711,2.9267535865074024e-05
956,New #IMFBlog by @GitaGopinath shows #COVID19 is already impacting the US economy with unprecedented speed and sever… https://t.co/1M3rfTmYSi,0,negative,1,neutral,neutral,0,0,Finistral-7B-LoRA (Alpaca prompt),tfns,-13.625007629394531,1.2098643082936178e-06,-7.986990567587782e-06,0.999997615814209,-13.625007629394531,1.2098643082936178e-06
957,"Only 11% of quant funds are ahead of their benchmark YTD, underperforming by 3.2ppt: BofA",0,negative,0,negative,negative,1,0,Finistral-7B-LoRA (Alpaca prompt),tfns,-0.08924533426761627,0.9146532416343689,-2.464245319366455,0.08507600426673889,-8.214245796203613,0.00027077828417532146
958,Small U.S. businesses were already struggling. Then coronavirus hit https://t.co/hT3SLBlI3c https://t.co/vMqjAebRe4,0,negative,0,negative,negative,1,0,Finistral-7B-LoRA (Alpaca prompt),tfns,-0.0003120412293355912,0.9996993541717529,-8.125311851501465,0.0002959557459689677,-12.250311851501465,4.783678832609439e-06
959,Survey: 1 in 6 shoppers are still paying off last year's holiday debt https://t.co/AA08zAofod by @SJAsymkos https://t.co/di37aiduNS,0,negative,0,negative,negative,1,0,Finistral-7B-LoRA (Alpaca prompt),tfns,-0.6330686807632446,0.5310627818107605,-0.7580686807632446,0.46866124868392944,-8.195569038391113,0.0002759266353677958
960,Tech War Set To Deepen As China Stockpiles US Chips Amid 'Silicon Curtain' Threat  https://t.co/sMw7Z0Xo3w,0,negative,1,neutral,neutral,0,0,Finistral-7B-LoRA (Alpaca prompt),tfns,-4.882630825042725,0.007577181328088045,-0.00763084227219224,0.9924150109291077,-11.757631301879883,7.829484275134746e-06
961,"The days of extraordinary market returns are over, says BlackRock https://t.co/gJu52JoL8J",0,negative,0,negative,negative,1,0,Finistral-7B-LoRA (Alpaca prompt),tfns,-0.05500010773539543,0.9465504884719849,-2.930000066757202,0.05340072885155678,-9.930000305175781,4.8695161240175366e-05
962,"The dual shocks of the Saudi-Russian oil price war and the Covid-19 pandemic could put 500,000 Albertans out of wor… https://t.co/FUepZVgKx2",0,negative,0,negative,negative,1,0,Finistral-7B-LoRA (Alpaca prompt),tfns,-0.00038842763751745224,0.9996427297592163,-8.250388145446777,0.00026116520166397095,-9.250388145446777,9.607731772121042e-05
963,The Fraud That Is ESG Strikes Again: Six Of Top 10 ESG Funds Underperform The S&P500  https://t.co/rHbzc3YyMu,0,negative,0,negative,negative,1,0,Finistral-7B-LoRA (Alpaca prompt),tfns,-0.576036810874939,0.5621442198753357,-0.826036810874939,0.4377983510494232,-9.76353645324707,5.7513152569299564e-05
964,"The job loss reflected in Friday's report is a shock that is unprecedented, as is the uncertainty surrounding it-wh… https://t.co/zqYuNg31Kb",0,negative,0,negative,negative,1,0,Finistral-7B-LoRA (Alpaca prompt),tfns,-4.2676016164477915e-05,0.9999774694442749,-11.250042915344238,1.3007004781684373e-05,-11.562542915344238,9.516127647657413e-06
965,"Trader Warns ""The Rally Is Crumbling Below The Surface"" https://t.co/kdxXwZGizy",0,negative,0,negative,negative,1,0,Finistral-7B-LoRA (Alpaca prompt),tfns,-0.002015108708292246,0.9980151653289795,-6.252015113830566,0.001926622586324811,-9.752015113830566,5.8178957260679454e-05
966,"Turkish banks refuse to lend to Istanbul, hey here's an idea: let's open it up to the European idiots who will buy… https://t.co/oimo5fD1IB",0,negative,1,neutral,neutral,0,0,Finistral-7B-LoRA (Alpaca prompt),tfns,-3.651343822479248,0.025957144796848297,-0.026343872770667076,0.9740347266197205,-11.713844299316406,8.180081749742385e-06
967,Videoconferences Zoom Toward Market-Boom Reckoning. https://t.co/kbPZdZj8DF #stocks #trading #economy,0,negative,1,neutral,neutral,0,0,Finistral-7B-LoRA (Alpaca prompt),tfns,-4.266387939453125,0.014036918058991432,-0.1413881629705429,0.86843341588974,-2.141388177871704,0.11752967536449432
968,"$USA $CRF $SCHX - U.S. is past the peak, economy to reopen shortly - JPMorgan https://t.co/V97lqc11yV",2,positive,2,positive,positive,1,0,Finistral-7B-LoRA (Alpaca prompt),tfns,-6.259542465209961,0.0019121632212772965,-4.884542465209961,0.007562751416116953,-0.009542448446154594,0.9905250668525696
969,Conditions for stock picking are improving as shares of big U.S. companies have begun to diverge https://t.co/Xrl2GkXhyW,2,positive,2,positive,positive,1,0,Finistral-7B-LoRA (Alpaca prompt),tfns,-11.563064575195312,9.5109908215818e-06,-7.5005645751953125,0.0005527733592316508,-0.0005645350320264697,0.9994376301765442
970,"Highlight: ""You're seeing some level of optimism, just because we've come way off the lows,"" @colonymktstrat says.… https://t.co/CdkwSBZK9H",2,positive,2,positive,positive,1,0,Finistral-7B-LoRA (Alpaca prompt),tfns,-10.94424819946289,1.765956767485477e-05,-5.006748199462891,0.006692732684314251,-0.006748148240149021,0.9932896494865417
971,"Highlight: Berenberg reiterates its 'Buy' rating on $BYND. ""I think the most exciting part is the growth potential,… https://t.co/7HhrL3mt4s",2,positive,2,positive,positive,1,0,Finistral-7B-LoRA (Alpaca prompt),tfns,-11.312657356262207,1.2217366929689888e-05,-8.875157356262207,0.00013982036034576595,-0.00015758226800244302,0.9998478889465332
972,"Highlight: Goldman Sachs predicts that gold will reach $1,600 an ounce by 2020. “$1,600 is gonna be a footnote,” sa… https://t.co/DFzhAByZ6Y",2,positive,2,positive,positive,1,0,Finistral-7B-LoRA (Alpaca prompt),tfns,-11.562743186950684,9.514057637716178e-06,-8.375243186950684,0.0002305045200046152,-0.0002431573811918497,0.9997599720954895
973,Navigant Research Report Shows Commercial Lighting Controls Revenue Is Expected to Experience a 5% Compound Annual Growth Rate from 2019-2028,2,positive,2,positive,positive,1,0,Finistral-7B-LoRA (Alpaca prompt),tfns,-11.756752967834473,7.836461008992046e-06,-5.006752967834473,0.006692798808217049,-0.006753003224730492,0.9932993650436401
974,Santa Claus rally,2,positive,1,neutral,neutral,0,0,Finistral-7B-LoRA (Alpaca prompt),tfns,-7.95131778717041,0.00035220690187998116,-0.5763180255889893,0.5619785189628601,-0.8263180255889893,0.4376692771911621
975,Spirit MTA REIT (NYSE:SMTA) Shares Have Generated A Total Return Of 34% In The Last Year,2,positive,2,positive,positive,1,0,Finistral-7B-LoRA (Alpaca prompt),tfns,-11.073573112487793,1.5517172869294882e-05,-4.511073112487793,0.010986772365868092,-0.01107332669198513,0.9889976382255554
976,The EVN (VIE:EVN) Share Price Has Gained 60% And Shareholders Are Hoping For More,2,positive,2,positive,positive,1,0,Finistral-7B-LoRA (Alpaca prompt),tfns,-14.437514305114746,5.36868014933134e-07,-11.250014305114746,1.30071211970062e-05,-1.4066597032069694e-05,0.9999864101409912
977,The number of customers canceling Netflix hasn’t accelerated around the debut of rival services from Disney and App… https://t.co/O7kqU5s0aM,2,positive,1,neutral,neutral,0,0,Finistral-7B-LoRA (Alpaca prompt),tfns,-4.528622150421143,0.010796532034873962,-0.15362203121185303,0.857674777507782,-2.0286221504211426,0.13152866065502167
978,This chart shows why BlackRock is upbeat on U.S. credit despite the pandemic https://t.co/7LYUG0HLHr,2,positive,2,positive,positive,1,0,Finistral-7B-LoRA (Alpaca prompt),tfns,-12.06305980682373,5.768729351984803e-06,-7.5005598068237305,0.0005527754547074437,-0.0005598884890787303,0.9994414448738098
979,This Is Why Peloton Stock Remains a Buy,2,positive,2,positive,positive,1,0,Finistral-7B-LoRA (Alpaca prompt),tfns,-11.563546180725098,9.506428796157707e-06,-6.8760457038879395,0.0010322211310267448,-0.0010458719916641712,0.9989582300186157
980,"This ratio suggests the U.S. stock market will take a ‘brief pause’ then climb higher, analyst says - MarketWatch",2,positive,2,positive,positive,1,0,Finistral-7B-LoRA (Alpaca prompt),tfns,-10.937952041625977,1.7770900740288198e-05,-7.750452041625977,0.00043054946581833065,-0.00045217780279926956,0.9995517134666443
981,"U.S. banks will likely be allowed to keep paying dividends, even as the coronavirus pandemic threatens to create a… https://t.co/AjsqnpfOdJ",2,positive,1,neutral,neutral,0,0,Finistral-7B-LoRA (Alpaca prompt),tfns,-8.428979873657227,0.00021845758601557463,-0.4289802312850952,0.6512125730514526,-1.0539802312850952,0.34856900572776794
982,Weekly portfolios report : Stress quickly erased #Weeklyportfoliosreport #portfolio #MarketScreener… https://t.co/aght48Gwte,2,positive,2,positive,positive,1,0,Finistral-7B-LoRA (Alpaca prompt),tfns,-7.600937366485596,0.0004999948432669044,-1.6009371280670166,0.20171232521533966,-0.225937157869339,0.7977877259254456
983,"""Cash is trash? No, cash is king! Especially when the discounts come along on high-quality stocks.""... https://t.co/7D0mmjE7xl",1,neutral,1,neutral,neutral,1,0,Finistral-7B-LoRA (Alpaca prompt),tfns,-9.225656509399414,9.84816942946054e-05,-0.03815674036741257,0.962578296661377,-3.288156747817993,0.03732321038842201
984,"""CO2 emissions aren't reducing, they are in fact increasing,"" @GretaThunberg says at #COP25. ""We have achieved noth… https://t.co/EP3atEwq2M",1,neutral,1,neutral,neutral,1,0,Finistral-7B-LoRA (Alpaca prompt),tfns,-0.8982388973236084,0.4073087275028229,-0.5232388973236084,0.5926306843757629,-9.710739135742188,6.0632235545199364e-05
985,"""Convinced am I that a world without nuclear weapons is possible and necessary."" Pope Francis called for global nu… https://t.co/xL1ES2nwbw",1,neutral,1,neutral,neutral,1,0,Finistral-7B-LoRA (Alpaca prompt),tfns,-14.562579154968262,4.7375507961078256e-07,-7.879423355916515e-05,0.9999246597290039,-9.500079154968262,7.484619709430262e-05
986,"""Freedom of speech is not freedom of reach,"" actor and comedian Sacha Baron Cohen said in a speech. ""Under this twi… https://t.co/XzJEY4pS8E",1,neutral,1,neutral,neutral,1,0,Finistral-7B-LoRA (Alpaca prompt),tfns,-15.250000953674316,2.3823690753488336e-07,-1.311301275563892e-06,0.9999997615814209,-17.187501907348633,3.43212818165739e-08
987,"""I am going to microsoft you"" just doesn't carry the same spark as ""I will bloomberg you""",1,neutral,1,neutral,neutral,1,0,Finistral-7B-LoRA (Alpaca prompt),tfns,-11.25002384185791,1.3007042980461847e-05,-2.3483953555114567e-05,0.9999804496765137,-11.93752384185791,6.540351932926569e-06
988,"""I find this worship no different from the regular worship at a church so I am delighted.""

A church in South Korea… https://t.co/MnibZjnsFJ",1,neutral,2,positive,positive,0,0,Finistral-7B-LoRA (Alpaca prompt),tfns,-10.892839431762695,1.859358962974511e-05,-2.0178394317626953,0.13296176493167877,-0.14283941686153412,0.8670195937156677
989,"""In the very best case it was a five year delay. In the worst case it was...completely collapsed it."" Here's why B… https://t.co/LNsrTCgcld",1,neutral,1,neutral,neutral,1,0,Finistral-7B-LoRA (Alpaca prompt),tfns,-3.5297722816467285,0.02931208536028862,-0.029772287234663963,0.9706829190254211,-12.217272758483887,4.944397915096488e-06
990,"""More Eco-Friendly"" Meets ""Horrors Of Capitalism"": $34 Toilet Paper 'With A Conscience' https://t.co/S3jmLnZt7Z",1,neutral,1,neutral,neutral,1,0,Finistral-7B-LoRA (Alpaca prompt),tfns,-13.37501049041748,1.5534882322754129e-06,-1.0371154530730564e-05,0.9999922513961792,-12.00001049041748,6.1441646721505094e-06
991,"""With self-driving cars, automakers can reimagine the interior cabin to provide passengers a holistically new and i… https://t.co/5KRYlJ8mTQ",1,neutral,1,neutral,neutral,1,0,Finistral-7B-LoRA (Alpaca prompt),tfns,-13.126047134399414,1.992670604522573e-06,-0.0010474200826138258,0.9989657402038574,-6.876047611236572,0.0010322289308533072
992,"#5things
-China IP concession
-Hong Kong election
-Loads of corporate news
-Markets rise
-Coming up...… https://t.co/aSJjULIOt3",1,neutral,2,positive,positive,0,0,Finistral-7B-LoRA (Alpaca prompt),tfns,-9.925442695617676,4.891770731774159e-05,-2.237943172454834,0.10668538510799408,-0.11294309794902802,0.8932657837867737
993,#ICYMI: Press Releases: https://t.co/4czrcfGQbt Vice Chair for Supervision Quarles Testimony:… https://t.co/1ROdwkNBSU,1,neutral,1,neutral,neutral,1,0,Finistral-7B-LoRA (Alpaca prompt),tfns,-14.81250286102295,3.6898839539389883e-07,-2.9802276912960224e-06,0.9999994039535522,-15.31250286102295,2.2380280029210553e-07
994,"$BA - Boeing plane skids off runway in Istanbul, killing one passenger https://t.co/IBHUB8yLOO",1,neutral,0,negative,negative,0,0,Finistral-7B-LoRA (Alpaca prompt),tfns,-0.10030806064605713,0.9046196937561035,-2.3503079414367676,0.09534621238708496,-10.287808418273926,3.4047952794935554e-05
995,"$ENB - No additional risk to Lake Superior from Enbridge pipeline, Minnesota says https://t.co/3AlY719yio",1,neutral,1,neutral,neutral,1,0,Finistral-7B-LoRA (Alpaca prompt),tfns,-14.31253433227539,6.083423045311065e-07,-3.4689302992774174e-05,0.999971866607666,-10.50003433227539,2.7535676053958014e-05
996,$PBF - PBF Energy: A Mexican Billionaire Can't Get Enough Of This New Jersey Refiner. https://t.co/ouNSD0zChc #markets #finance #trading,1,neutral,2,positive,positive,0,0,Finistral-7B-LoRA (Alpaca prompt),tfns,-10.596179962158203,2.50116045208415e-05,-3.4086802005767822,0.03308515250682831,-0.03368023410439491,0.9668898582458496
997,$SPX There are still ZERO confirmed cases of novel #coronavirus in NYC.,1,neutral,1,neutral,neutral,1,0,Finistral-7B-LoRA (Alpaca prompt),tfns,-12.625016212463379,3.288715561211575e-06,-1.6093124941107817e-05,0.9999865293502808,-11.500016212463379,1.0129956535820384e-05
998,".@JimCramer and @ByKatherineRoss are back in business breaking down Tiffany, TD Ameritrade and Bloomberg’s presiden… https://t.co/z517l6YmW2",1,neutral,1,neutral,neutral,1,0,Finistral-7B-LoRA (Alpaca prompt),tfns,-12.687604904174805,3.089197434746893e-06,-0.00010513706365600228,0.9999008178710938,-9.250104904174805,9.610212146071717e-05
999,.@JimCramer breaks down what this blowout jobs number is saying about the economy at large: https://t.co/c9cby6UgZD https://t.co/l12THHHGDJ,1,neutral,2,positive,positive,0,0,Finistral-7B-LoRA (Alpaca prompt),tfns,-11.319232940673828,1.2137295925640501e-05,-5.006732940673828,0.006692769471555948,-0.006732873618602753,0.9932950139045715
1000,".@Tesla 's advertising department is an army of one, @elonmusk, with 27 million Twitter followers. Despite that, Te… https://t.co/HF1XQ7vmnt",1,neutral,1,neutral,neutral,1,0,Finistral-7B-LoRA (Alpaca prompt),tfns,-14.437515258789062,5.368731308408314e-07,-1.537788011773955e-05,0.9999959468841553,-12.562515258789062,3.5008526992896805e-06
1001,.@TiernanRayTech have 5 names that might be worth a second look:  https://t.co/qm2pTZO7xS,1,neutral,1,neutral,neutral,1,0,Finistral-7B-LoRA (Alpaca prompt),tfns,-13.500068664550781,1.3708772712561768e-06,-6.890059739816934e-05,0.9999402761459351,-9.750068664550781,5.829118163092062e-05
1002,@TicToc @bpolitics @bloom @bopinion #RecuseNow,1,neutral,1,neutral,neutral,1,0,Finistral-7B-LoRA (Alpaca prompt),tfns,-13.062504768371582,2.1233777260931674e-06,-4.768360213347478e-06,0.9999974966049194,-14.937504768371582,3.256305092236289e-07
1003,@tictoc oh fuck yeah Bloomberg you know about TickTock you must be something cool! here is a link to my profile wit… https://t.co/pvIL8KsEx5,1,neutral,1,neutral,neutral,1,0,Finistral-7B-LoRA (Alpaca prompt),tfns,-13.092267990112305,2.0611375930457143e-06,-0.029768353328108788,0.9706857204437256,-3.529768466949463,0.029312171041965485
1004,"{Free} Premium Earnings 11-25-19: Palo Alto Networks and Dollar Tree, on the blog and here https://t.co/zrIPU1I3zV $PANW $DLTR",1,neutral,1,neutral,neutral,1,0,Finistral-7B-LoRA (Alpaca prompt),tfns,-12.187618255615234,5.093580966786249e-06,-0.00011836781777674332,0.999970555305481,-10.625118255615234,2.4300115910591558e-05
1005,‘This is the most prosperous economy the world has ever seen’ says Jamie Dimon — and it’s going to continue https://t.co/Y6gkuTBby5,1,neutral,2,positive,positive,0,0,Finistral-7B-LoRA (Alpaca prompt),tfns,-14.375110626220703,5.714381927646173e-07,-9.125110626220703,0.00010889684199355543,-0.00011038171214750037,0.9998904466629028
1006,"“Anal cancer may be one of the most rapidly accelerating causes of cancer incidence and mortality in the U.S."" https://t.co/d0VXzuZaIu",1,neutral,1,neutral,neutral,1,0,Finistral-7B-LoRA (Alpaca prompt),tfns,-5.007457733154297,0.006688133347779512,-0.007457868196070194,0.9926069974899292,-7.257457733154297,0.0007049240521155298
1007,"“I think there are important things we have to offer for free for people who need basic health care, basic educatio… https://t.co/1P7soFMbfF",1,neutral,1,neutral,neutral,1,0,Finistral-7B-LoRA (Alpaca prompt),tfns,-17.375,2.8453348122070565e-08,-4.768370445162873e-07,1.0,-17.375,2.8453348122070565e-08
1008,"“Periods aren't just a women's issue, it's a human issue."" Meet @nadyaokamoto, an activist whose fight for gender… https://t.co/SdXSBCjsmD",1,neutral,1,neutral,neutral,1,0,Finistral-7B-LoRA (Alpaca prompt),tfns,-17.125003814697266,3.653480007415055e-08,-3.3378546504536644e-06,0.9999994039535522,-14.37500286102295,5.715004363082699e-07
1009,“The Irishman” was seen by 13.2 million U.S. viewers over its first five days on Netflix. But only 18% of them ma… https://t.co/UuCfGXTC6w,1,neutral,1,neutral,neutral,1,0,Finistral-7B-LoRA (Alpaca prompt),tfns,-9.63615608215332,6.532647967105731e-05,-0.011156204156577587,0.9889484643936157,-4.51115608215332,0.010986225679516792
1010,“Who Wants to be a Development Genius?” is our fun trivia challenge on development. Play along and test your knowle… https://t.co/7cXmBEeTMV,1,neutral,1,neutral,neutral,1,0,Finistral-7B-LoRA (Alpaca prompt),tfns,-18.437501907348633,9.833213354681902e-09,-1.9073468138230965e-06,0.9999998807907104,-16.812501907348633,4.993717439560896e-08
1011,��‍♀️The Netherlands has more bicycles than people and it's now home to the world's largest bicycle park https://t.co/m2IlurcW4G,1,neutral,1,neutral,neutral,1,0,Finistral-7B-LoRA (Alpaca prompt),tfns,-17.687517166137695,2.081687711097402e-08,-1.811964830267243e-05,0.9999983310699463,-13.312518119812012,1.6536896509933285e-06
1012,"✅Get the best deals. 
✅Don't break the bank. 
Our guide on how to get it done: https://t.co/QrIh2UFASd https://t.co/IPxHN05zxZ",1,neutral,1,neutral,neutral,1,0,Finistral-7B-LoRA (Alpaca prompt),tfns,-12.562552452087402,3.5008167742489604e-06,-5.209310256759636e-05,0.9999856948852539,-11.437552452087402,1.0783273864944931e-05
1013,"⚡️ “Most people choose to support environment and healthcare organizations”

https://t.co/9rFXXJ2EfN",1,neutral,1,neutral,neutral,1,0,Finistral-7B-LoRA (Alpaca prompt),tfns,-11.19616985321045,1.372724182147067e-05,-0.008669476956129074,0.9914088845252991,-4.758669376373291,0.008577367290854454
1014,2 Ways Government Pensions Can Reduce Your Social Security,1,neutral,1,neutral,neutral,1,0,Finistral-7B-LoRA (Alpaca prompt),tfns,-13.375005722045898,1.5534965314145666e-06,-5.960446742392378e-06,0.999997615814209,-14.000005722045898,8.315267336911347e-07
1015,201 books to read before the end of the year https://t.co/HgzlXonUVR #FTReadingList,1,neutral,1,neutral,neutral,1,0,Finistral-7B-LoRA (Alpaca prompt),tfns,-15.687503814697266,1.5381723983409756e-07,-3.933898824470816e-06,0.9999992847442627,-14.437503814697266,5.368748929868161e-07
1016,2020 Advances in Construction and Demolition Waste Recycling: Woodhead Publishing Series in Civil and Structural En… https://t.co/NDeG5e1kYs,1,neutral,1,neutral,neutral,1,0,Finistral-7B-LoRA (Alpaca prompt),tfns,-14.187605857849121,6.893350814607402e-07,-0.00010561384988250211,0.9999616146087646,-10.187605857849121,3.763641871046275e-05
1017,"20k next week this was my consolidation week. $500-$16,600 in 8 weeks. https://t.co/rxWtgDGKAT",1,neutral,1,neutral,neutral,1,0,Finistral-7B-LoRA (Alpaca prompt),tfns,-11.438041687011719,1.0778051546367351e-05,-0.0005420169327408075,0.9995013475418091,-7.625542163848877,0.0004878518811892718
1018,3 Companies That Are Raising Their Dividends,1,neutral,1,neutral,neutral,1,0,Finistral-7B-LoRA (Alpaca prompt),tfns,-8.975409507751465,0.00012649181007873267,-0.10040995478630066,0.9045360684394836,-2.350409984588623,0.0953373983502388
1019,3 Lagging Long Ideas That We Still Love. https://t.co/4Lq29yLh6D #stocks #trading #markets,1,neutral,1,neutral,neutral,1,0,Finistral-7B-LoRA (Alpaca prompt),tfns,-9.730595588684082,5.943908399785869e-05,-0.043095141649246216,0.9578553438186646,-3.168095111846924,0.042085226625204086
1020,3 Leveraged Emerging Markets Traders Should Consider in Q1,1,neutral,1,neutral,neutral,1,0,Finistral-7B-LoRA (Alpaca prompt),tfns,-7.514514923095703,0.0005451450706459582,-0.20201487839221954,0.8171287775039673,-1.7020149230957031,0.182326078414917
1021,"3 Mutual Fund Misfires to Avoid - November 25, 2019",1,neutral,1,neutral,neutral,1,0,Finistral-7B-LoRA (Alpaca prompt),tfns,-13.562504768371582,1.2878946336059016e-06,-5.245195097813848e-06,0.9999982118606567,-14.437504768371582,5.368743245526275e-07
1022,"3 Mutual Fund Misfires To Avoid In Your Retirement Portfolio - November 25, 2019",1,neutral,1,neutral,neutral,1,0,Finistral-7B-LoRA (Alpaca prompt),tfns,-15.062503814697266,2.87368408180555e-07,-3.6954811548639555e-06,0.9999992847442627,-14.687503814697266,4.1811858864093665e-07
1023,"3 Top-Ranked Mutual Funds for Your Retirement - February 06, 2020",1,neutral,1,neutral,neutral,1,0,Finistral-7B-LoRA (Alpaca prompt),tfns,-15.18751335144043,2.5359972255500907e-07,-1.3232143828645349e-05,0.9999912977218628,-11.68751335144043,8.39806943986332e-06
1024,"52% of Older Adults Are Making This Crucial Social Security Mistake, a Survey Shows",1,neutral,1,neutral,neutral,1,0,Finistral-7B-LoRA (Alpaca prompt),tfns,-10.812525749206543,2.014567144215107e-05,-2.5629668016335927e-05,0.9999788999557495,-13.812525749206543,1.0029939403466415e-06
1025,7 Stocks to Buy to Ride the Vegan Wave,1,neutral,1,neutral,neutral,1,0,Finistral-7B-LoRA (Alpaca prompt),tfns,-9.472856521606445,7.691566133871675e-05,-0.1603565216064453,0.8518872857093811,-1.9103565216064453,0.14803579449653625
1026,A certified fraud examiner lays out three big investing red flags #investinyou (In partnership with @acorns.) https://t.co/eGvx23n4Uc,1,neutral,1,neutral,neutral,1,0,Finistral-7B-LoRA (Alpaca prompt),tfns,-15.062503814697266,2.8736829449371726e-07,-3.576272320060525e-06,0.999998927116394,-14.125003814697266,7.338207410612085e-07
1027,"A couple claims a 500-pound, $280-million emerald was destroyed when their house burned down in California's worst-… https://t.co/jJFqUHN5qr",1,neutral,1,neutral,neutral,1,0,Finistral-7B-LoRA (Alpaca prompt),tfns,-3.529829502105713,0.029311159625649452,-0.029829446226358414,0.9706522822380066,-10.217329025268555,3.6533278034767136e-05
1028,A REIT Activist's New Positions In Q3. Continue reading: https://t.co/rv7TZZGn6g #business #finance #trading,1,neutral,1,neutral,neutral,1,0,Finistral-7B-LoRA (Alpaca prompt),tfns,-13.625102996826172,1.2097630133212078e-06,-0.00010311071673640981,0.9999139308929443,-9.375102996826172,8.481093391310424e-05
1029,A rusty pre-WWII train car gets a second life,1,neutral,1,neutral,neutral,1,0,Finistral-7B-LoRA (Alpaca prompt),tfns,-15.437712669372559,1.9746518375995947e-07,-0.00021228920377325267,0.999796450138092,-8.500212669372559,0.0002034269564319402
1030,A South African grieving family took a man's corpse to an insurance company to prove he's dead.  Here's why their… https://t.co/bxACoIRGV0,1,neutral,1,neutral,neutral,1,0,Finistral-7B-LoRA (Alpaca prompt),tfns,-13.750009536743164,1.0677027830752195e-06,-9.65590606938349e-06,0.9999988079071045,-16.000009536743164,1.1253504084152155e-07
1031,'A victim of their own success': How vaccines became a casualty of misinformation in the U.S.:… https://t.co/jRQt6BxmHz,1,neutral,1,neutral,neutral,1,0,Finistral-7B-LoRA (Alpaca prompt),tfns,-9.750059127807617,5.8291250752517954e-05,-5.9602869441732764e-05,0.9999414682388306,-15.312559127807617,2.2378982578175055e-07
1032,"Accident Deaths Plunge Drastically In Few States, Union Territories Post New Motor Act: Government",1,neutral,2,positive,positive,0,0,Finistral-7B-LoRA (Alpaca prompt),tfns,-6.5647687911987305,0.0014092860510572791,-1.31476891040802,0.2685624063014984,-0.31476888060569763,0.7300282716751099
1033,"Activism Rises In Japan as Firms Go Hostile, Investors Speak Out",1,neutral,1,neutral,neutral,1,0,Finistral-7B-LoRA (Alpaca prompt),tfns,-9.625330924987793,6.603488873224705e-05,-0.0003313469351269305,0.9996727705001831,-8.250330924987793,0.0002611730305943638
1034,"AI Poised to Impact High-Skill U.S. Jobs Including Finance, Tech",1,neutral,1,neutral,neutral,1,0,Finistral-7B-LoRA (Alpaca prompt),tfns,-12.875496864318848,2.560032726250938e-06,-0.0004966217675246298,0.9995095729827881,-7.6254963874816895,0.00048785589751787484
1035,Air Water : Notice of Execution of the Business Transfer Agreement for the Acquisition of ... #AirWater #Stock… https://t.co/BgG7Fp4BcS,1,neutral,1,neutral,neutral,1,0,Finistral-7B-LoRA (Alpaca prompt),tfns,-12.312548637390137,4.4950788833375555e-06,-4.875540980719961e-05,0.9999727010726929,-10.687548637390137,2.2827895008958876e-05
1036,Almost 1 in 5 Millennials Think They'll Be Paying Student Loans in Their 50s,1,neutral,1,neutral,neutral,1,0,Finistral-7B-LoRA (Alpaca prompt),tfns,-1.8049232959747314,0.16451266407966614,-0.17992331087589264,0.8354642987251282,-10.679923057556152,2.3005721232038923e-05
1037,ALROSA : Supervisory Board to consider disposal of Non-State Pension Fund Almaznaya Osen #ALROSA #Stock… https://t.co/RcGh6YQY2A,1,neutral,1,neutral,neutral,1,0,Finistral-7B-LoRA (Alpaca prompt),tfns,-15.375006675720215,2.102432858919201e-07,-6.437280717364047e-06,0.9999995231628418,-15.375006675720215,2.102432858919201e-07
1038,AM Best Affirms Credit Ratings of Legal & General Group Plc and Legal and General Assurance Society Limited… https://t.co/dopr5WqWYx,1,neutral,1,neutral,neutral,1,0,Finistral-7B-LoRA (Alpaca prompt),tfns,-9.377050399780273,8.464769780403003e-05,-0.12705078721046448,0.8807225227355957,-2.1270508766174316,0.11919283121824265
1039,America isn’t ready for longer lifespans,1,neutral,1,neutral,neutral,1,0,Finistral-7B-LoRA (Alpaca prompt),tfns,-9.125110626220703,0.00010889684199355543,-0.0001110968878492713,0.9998904466629028,-14.250110626220703,6.475243026216049e-07
1040,America’s Reluctance To Tax Wealth Has Its Roots In Slavery,1,neutral,1,neutral,neutral,1,0,Finistral-7B-LoRA (Alpaca prompt),tfns,-14.500000953674316,5.04347383412096e-07,-1.311301275563892e-06,0.9999994039535522,-16.187501907348633,9.329487937748127e-08
1041,"Analysis on the World's Cognitive Collaboration Market, 2019-2024 - Increasing Need for Mobility & Collaboration Dr… https://t.co/DWGHx4ruLX",1,neutral,1,neutral,neutral,1,0,Finistral-7B-LoRA (Alpaca prompt),tfns,-8.413045883178711,0.0002219788293587044,-0.1005454733967781,0.9044497013092041,-2.3505454063415527,0.09532829374074936
1042,Another coal-fired power plant closes its doors,1,neutral,1,neutral,neutral,1,0,Finistral-7B-LoRA (Alpaca prompt),tfns,-7.398777008056641,0.0006120261969044805,-0.5237768888473511,0.5923038721084595,-0.8987768888473511,0.4070841073989868
1043,"Arm yourself with live #marketanalysis, #investmentresearch, and #investingideas. Try Briefing In Play Plus risk-fr… https://t.co/q2bLi8O81t",1,neutral,1,neutral,neutral,1,0,Finistral-7B-LoRA (Alpaca prompt),tfns,-14.312511444091797,6.083554922042822e-07,-1.1801649634435307e-05,0.9999935626983643,-12.062511444091797,5.771915766672464e-06
1044,"As Illinois Legalizes Marijuana, Cook County Prosecutor Vacates Over 1,000 Low-Level Cannabis Convictions",1,neutral,1,neutral,neutral,1,0,Finistral-7B-LoRA (Alpaca prompt),tfns,-8.951117515563965,0.0001295985421165824,-0.5761174559593201,0.5621036887168884,-0.8261174559593201,0.43776679039001465
1045,"As relations between the U.S. and China continue to deteriorate, one immediate risk is a “military accident or oper… https://t.co/N2fewJJeQc",1,neutral,0,negative,negative,0,0,Finistral-7B-LoRA (Alpaca prompt),tfns,-0.006730268709361553,0.9933050274848938,-5.006730079650879,0.006692836526781321,-13.069230079650879,2.1091668713779654e-06
1046,Asset Acquisitions and Disposals::Proposed Acquisition of Assets in Singapore Mobike Pte. Ltd. #ISOTeam #Stock… https://t.co/f6tx3DSIBR,1,neutral,1,neutral,neutral,1,0,Finistral-7B-LoRA (Alpaca prompt),tfns,-13.00014591217041,2.2600779630010948e-06,-0.00014602071314584464,0.9998887777328491,-9.12514591217041,0.00010889666009461507
1047,Australians Love Rooftop Panels. That’s a Problem for Big Solar,1,neutral,1,neutral,neutral,1,0,Finistral-7B-LoRA (Alpaca prompt),tfns,-10.501961708068848,2.7482639779918827e-05,-0.001961690140888095,0.998045802116394,-6.251961708068848,0.001926681725308299
1048,"Basking in the glow of a luxury-goods deal, Burberry boosts London stocks https://t.co/MTuHyI5ysO",1,neutral,2,positive,positive,0,0,Finistral-7B-LoRA (Alpaca prompt),tfns,-10.127849578857422,3.995147562818602e-05,-5.877849578857422,0.002800815273076296,-0.002849568147212267,0.9971592426300049
1049,BDO Christmas party chaperones to guard against ghosts of scandals past https://t.co/HCiRkzZJGi,1,neutral,1,neutral,neutral,1,0,Finistral-7B-LoRA (Alpaca prompt),tfns,-13.250007629394531,1.7603413198230555e-06,-7.867782187531702e-06,0.9999971389770508,-13.750007629394531,1.067700964085816e-06
1050,Beer Drinkers Want More Than a Typical Lager These Days,1,neutral,1,neutral,neutral,1,0,Finistral-7B-LoRA (Alpaca prompt),tfns,-14.687503814697266,4.181181623152952e-07,-4.172316494077677e-06,0.9999982118606567,-13.500003814697266,1.3709566246689064e-06
1051,Before You Say 'OK Boomer' -- or Get Angry About It -- Embrace the Value of a Multigenerational Workforce,1,neutral,1,neutral,neutral,1,0,Finistral-7B-LoRA (Alpaca prompt),tfns,-15.062636375427246,2.8733305157402356e-07,-0.00013648532330989838,0.9998762607574463,-9.000136375427246,0.00012339453678578138
1052,Beyond Meat and Impossible Foods have a new foe in the plant-based burger wars: the Ultimate Burger… https://t.co/7RHXZNGEBG,1,neutral,1,neutral,neutral,1,0,Finistral-7B-LoRA (Alpaca prompt),tfns,-13.750011444091797,1.0676991450964124e-06,-1.1324817933200393e-05,0.9999954700469971,-12.562511444091797,3.500850880300277e-06
1053,"Billionaire investor Howard Marks says we're not in a bubble, but sees reasons to take less risk https://t.co/BoHEP6B2Hi",1,neutral,1,neutral,neutral,1,0,Finistral-7B-LoRA (Alpaca prompt),tfns,-13.125025749206543,1.9946921838709386e-06,-2.586808113846928e-05,0.9999791383743286,-10.875025749206543,1.8925111362477764e-05
1054,"Black Friday 2019: How scammers use gift cards, hot toy deals to trick you",1,neutral,1,neutral,neutral,1,0,Finistral-7B-LoRA (Alpaca prompt),tfns,-12.937506675720215,2.4061021122179227e-06,-7.152531907195225e-06,0.9999974966049194,-15.875006675720215,1.2751874578498246e-07
1055,Bloomberg Daybreak: Middle East Full Show (02/06/2020),1,neutral,1,neutral,neutral,1,0,Finistral-7B-LoRA (Alpaca prompt),tfns,-16.437501907348633,7.265815327173186e-08,-1.7881377516459906e-06,0.9999997615814209,-16.000001907348633,1.1253514742293191e-07
1056,'Bloomberg The Open' Full Show (12/13/2019),1,neutral,1,neutral,neutral,1,0,Finistral-7B-LoRA (Alpaca prompt),tfns,-15.62500286102295,1.6373763855881407e-07,-2.622600959512056e-06,0.9999995231628418,-14.81250286102295,3.689884522373177e-07
1057,"Brazil's Afro-Brazilians are beginning to get their due, says @macmargolis (via @bopinion) https://t.co/tezavhCp6r",1,neutral,1,neutral,neutral,1,0,Finistral-7B-LoRA (Alpaca prompt),tfns,-14.012513160705566,8.211907811528363e-07,-0.012513338588178158,0.9875675439834595,-4.387513160705566,0.012431641109287739
1058,Breaking - @NYDailyNews reports potential coronavirus patient at Elmhurst Hospital. Note: NYC Department of Health... https://t.co/U6wm1qJ4Ft,1,neutral,1,neutral,neutral,1,0,Finistral-7B-LoRA (Alpaca prompt),tfns,-8.687782287597656,0.00016864600183907896,-0.00028272447525523603,0.9997913241386414,-10.125282287597656,4.005693335784599e-05
1059,Brief calm in Hong Kong is over,1,neutral,1,neutral,neutral,1,0,Finistral-7B-LoRA (Alpaca prompt),tfns,-1.6005334854125977,0.2017907053232193,-0.22553347051143646,0.7980977296829224,-9.100533485412598,0.00011160728899994865
1060,Bumrungrad Hospital Public : Notification of the joint new business model #BumrungradHospitalPublic #Stock… https://t.co/QhvKqiE4Cd,1,neutral,1,neutral,neutral,1,0,Finistral-7B-LoRA (Alpaca prompt),tfns,-15.812518119812012,1.3574319268627733e-07,-1.823885577323381e-05,0.999998927116394,-13.875018119812012,9.422444691153942e-07
1061,Burger King® Restaurants Partner With DC’s Harley Quinn and the Birds of Prey to Flame-Grill Memories of Your Ex and Emancipate Your Heart This Valentine’s Day,1,neutral,1,neutral,neutral,1,0,Finistral-7B-LoRA (Alpaca prompt),tfns,-12.625096321105957,3.288503194198711e-06,-9.595887240720913e-05,0.9999219179153442,-9.500096321105957,7.484599336748943e-05
1062,"By diversifying, you reduce the risk of any one company losing value and negatively affecting your portfolio.… https://t.co/fZZP7j69yG",1,neutral,1,neutral,neutral,1,0,Finistral-7B-LoRA (Alpaca prompt),tfns,-13.875809669494629,9.414870305590739e-07,-0.0008094609947875142,0.9991950392723083,-7.125809669494629,0.0008040852262638509
1063,"California must sound the alarm over rising seas, an analyst says https://t.co/vExxAxSA9t",1,neutral,1,neutral,neutral,1,0,Finistral-7B-LoRA (Alpaca prompt),tfns,-10.1875581741333,3.7636149500031024e-05,-5.8530047681415454e-05,0.9999544620513916,-11.7500581741333,7.888965228630695e-06
1064,Can Nostalgia Revive Star Wars?,1,neutral,1,neutral,neutral,1,0,Finistral-7B-LoRA (Alpaca prompt),tfns,-13.43751049041748,1.4593700825571432e-06,-1.0371154530730564e-05,0.9999942779541016,-12.37501049041748,4.22282710133004e-06
1065,"Car Rams Israelis, Palestinians Die in Post-Trump Plan Violence",1,neutral,1,neutral,neutral,1,0,Finistral-7B-LoRA (Alpaca prompt),tfns,-2.9300758838653564,0.05340130627155304,-0.05507592484354973,0.9465607404708862,-10.180075645446777,3.7924233765807e-05
1066,Carbon Taxes Alone Aren't Good Climate Policy: Gernot Wagner,1,neutral,1,neutral,neutral,1,0,Finistral-7B-LoRA (Alpaca prompt),tfns,-11.875008583068848,6.9622547016479075e-06,-8.940656698541716e-06,0.999992847442627,-15.625008583068848,1.63736544323001e-07
1067,"Carolina Panthers owner David Tepper is close to adding another sports team to his empire, as Major League Soccer m… https://t.co/dvCe5VNlmL",1,neutral,1,neutral,neutral,1,0,Finistral-7B-LoRA (Alpaca prompt),tfns,-15.437509536743164,1.9750495994230732e-07,-1.0013530300057027e-05,0.9999978542327881,-13.125009536743164,1.9947294731537113e-06
1068,"Cash is king, and these investors are hoarding it in case of a recession 
https://t.co/YQemHWVfpv",1,neutral,1,neutral,neutral,1,0,Finistral-7B-LoRA (Alpaca prompt),tfns,-8.625202178955078,0.00017952732741832733,-0.0002026352594839409,0.9998169541358948,-12.562702178955078,3.5002258300664835e-06
1069,CDC: 6 Confirmed coronavirus cases in U.S.,1,neutral,1,neutral,neutral,1,0,Finistral-7B-LoRA (Alpaca prompt),tfns,-10.875039100646973,1.8924998585134745e-05,-3.8742269680369645e-05,0.9999731779098511,-11.750039100646973,7.889112566772383e-06
1070,CH Robinson's Growth Is Fueled By Tech Investment,1,neutral,2,positive,positive,0,0,Finistral-7B-LoRA (Alpaca prompt),tfns,-11.391058921813965,1.1296185220999178e-05,-4.141058921813965,0.015906212851405144,-0.016058865934610367,0.9840825796127319
1071,"China Gangs Spreading Rumors to Exploit Pork Crisis, Report Says",1,neutral,1,neutral,neutral,1,0,Finistral-7B-LoRA (Alpaca prompt),tfns,-10.875020027160645,1.8925145923276432e-05,-2.038458114839159e-05,0.9999809265136719,-15.437520027160645,1.9750162039144925e-07
1072,China Today Is Like Japan In 1989 https://t.co/xsAIxibRYL,1,neutral,1,neutral,neutral,1,0,Finistral-7B-LoRA (Alpaca prompt),tfns,-10.255280494689941,3.517169534461573e-05,-0.005280831828713417,0.9947448968887329,-5.2552809715271,0.005219941958785057
1073,China Scrutinizes U.S. Bid to Control Chinese Chipmaker,1,neutral,1,neutral,neutral,1,0,Finistral-7B-LoRA (Alpaca prompt),tfns,-8.250264167785645,0.00026119023095816374,-0.0002637753786984831,0.9997385144233704,-15.250264167785645,2.3817466399123077e-07
1074,China’s Drug Patent Grab Makes Coronavirus Scary for Pharma,1,neutral,1,neutral,neutral,1,0,Finistral-7B-LoRA (Alpaca prompt),tfns,-1.1370046138763428,0.3207888603210449,-0.38700467348098755,0.6791099905967712,-9.199504852294922,0.00010109275171998888
1075,"China’s IP crackdown, pro-democracy forces win big in Hong Kong, and big M&A news. Here’s what’s moving markets https://t.co/w0sI8qpNU0",1,neutral,1,neutral,neutral,1,0,Finistral-7B-LoRA (Alpaca prompt),tfns,-14.81250286102295,3.689880827550951e-07,-3.099436753473128e-06,0.9999985694885254,-13.81250286102295,1.0030136081695673e-06
1076,Chinese Ambassador to EU Says Economic Impact of Virus Is Limited,1,neutral,1,neutral,neutral,1,0,Finistral-7B-LoRA (Alpaca prompt),tfns,-12.25013542175293,4.784504653798649e-06,-0.0001358893496217206,0.9998718500137329,-9.00013542175293,0.0001233939838130027
1077,Choking Haze Is Turning Sydney Into the World’s Laboratory,1,neutral,1,neutral,neutral,1,0,Finistral-7B-LoRA (Alpaca prompt),tfns,-12.812505722045898,2.726467073443928e-06,-5.8412379075889476e-06,0.9999960660934448,-13.625005722045898,1.2098623756173765e-06
1078,Consummate New York City insider Kriegel dies at 79 https://t.co/iCYz8QnhNV,1,neutral,1,neutral,neutral,1,0,Finistral-7B-LoRA (Alpaca prompt),tfns,-11.000031471252441,1.6701405911589973e-05,-3.135155202471651e-05,0.9999823570251465,-13.875031471252441,9.422288940186263e-07
1079,CoreCivic : Inmate Students Earn College Degrees from Ashland University #CoreCivic #Stock #MarketScreener… https://t.co/ZjvZFvLif6,1,neutral,1,neutral,neutral,1,0,Finistral-7B-LoRA (Alpaca prompt),tfns,-13.625435829162598,1.2093448731320677e-06,-0.0004357342259027064,0.9995682835578918,-7.750435829162598,0.00043055659625679255
1080,"Coronavirus case tally: 565 deaths, 28,256 cases",1,neutral,1,neutral,neutral,1,0,Finistral-7B-LoRA (Alpaca prompt),tfns,-9.875066757202148,5.144180977367796e-05,-6.687417771900073e-05,0.9999406337738037,-11.750066757202148,7.888856089266483e-06
1081,"Coronavirus continues to spread, retailers are feeling the impact",1,neutral,0,negative,negative,0,0,Finistral-7B-LoRA (Alpaca prompt),tfns,-0.003221681108698249,0.9968231916427612,-5.75322151184082,0.003172669792547822,-12.37822151184082,4.209436156088486e-06
1082,Coronavirus Threat Looms Over Fragile African Health Systems,1,neutral,1,neutral,neutral,1,0,Finistral-7B-LoRA (Alpaca prompt),tfns,-2.930020332336426,0.053400199860334396,-0.055020302534103394,0.9465411305427551,-9.742520332336426,5.873698682989925e-05
1083,Create a Song in the Palm of Your Hand With Orba by Artiphon,1,neutral,1,neutral,neutral,1,0,Finistral-7B-LoRA (Alpaca prompt),tfns,-15.687505722045898,1.5381687035187497e-07,-6.198863957251888e-06,0.9999969005584717,-12.750005722045898,2.902311507568811e-06
1084,CVC/European football: round numbers https://t.co/SBZqSrERpS,1,neutral,1,neutral,neutral,1,0,Finistral-7B-LoRA (Alpaca prompt),tfns,-16.812503814697266,4.993717439560896e-08,-4.172316494077677e-06,0.9999998807907104,-16.062503814697266,1.0571699959882608e-07
1085,Daily Insider Ratings Round Up 12/2/19. Subscribe to Seeking Alpha for more: https://t.co/5yEVpyN3jt #trading #investing #economy,1,neutral,1,neutral,neutral,1,0,Finistral-7B-LoRA (Alpaca prompt),tfns,-16.1875057220459,9.329487227205391e-08,-5.602820692729438e-06,0.9999992847442627,-14.250005722045898,6.475947884609923e-07
1086,"David Vélez founded Nubank to offer financial services to Brazilians who had never had a bank account before. Now,… https://t.co/S665GCSUwu",1,neutral,1,neutral,neutral,1,0,Finistral-7B-LoRA (Alpaca prompt),tfns,-14.812521934509277,3.6898148891850724e-07,-2.2172682292875834e-05,0.9999806880950928,-10.875021934509277,1.892514046630822e-05
1087,Death of a Hero Doctor Sparks Crisis of Confidence in Xi’s China,1,neutral,1,neutral,neutral,1,0,Finistral-7B-LoRA (Alpaca prompt),tfns,-1.910325527191162,0.1480414718389511,-0.1603255569934845,0.8519198894500732,-10.16032600402832,3.867710256599821e-05
1088,"Dennis Gartman, who’s closing down his daily newsletter, had some parting advice for investors: sell https://t.co/GwcaDQjWJJ",1,neutral,0,negative,negative,0,0,Finistral-7B-LoRA (Alpaca prompt),tfns,-0.022375036031007767,0.9783958792686462,-3.8973751068115234,0.02030595950782299,-6.647375106811523,0.0012981165200471878
1089,"Desalination can provide safe drinking water, but it also creates other environmental concerns like brine. Watch th… https://t.co/yLIMmQdmp5",1,neutral,1,neutral,neutral,1,0,Finistral-7B-LoRA (Alpaca prompt),tfns,-10.500032424926758,2.753568878688384e-05,-3.2782016205601394e-05,0.9999723434448242,-15.875032424926758,1.2751553413181682e-07
1090,"Despite the Talk of Coal’s Demise, It Still Powers the World",1,neutral,1,neutral,neutral,1,0,Finistral-7B-LoRA (Alpaca prompt),tfns,-9.031338691711426,0.00011961051495745778,-0.2813390791416168,0.7548246383666992,-1.4063390493392944,0.245055690407753
1091,Do money woes leave you sleepless? You’re not alone. Here are the money fears that keep people awake at night.… https://t.co/56kJBsl625,1,neutral,1,neutral,neutral,1,0,Finistral-7B-LoRA (Alpaca prompt),tfns,-10.625028610229492,2.4300234144902788e-05,-2.8729025871143676e-05,0.9999754428863525,-15.000028610229492,3.0589481525566953e-07
1092,Do U.S. consumers still have enough disposable income to drive growth? Bloomberg's Vincent Cignarella discusses… https://t.co/yWZOqTa1Tj,1,neutral,1,neutral,neutral,1,0,Finistral-7B-LoRA (Alpaca prompt),tfns,-13.187508583068848,1.873874452940072e-06,-8.34461570775602e-06,0.999997615814209,-14.500008583068848,5.043464739173942e-07
1093,Do you believe in a Santa rally? https://t.co/1NMmDSiQ6A,1,neutral,1,neutral,neutral,1,0,Finistral-7B-LoRA (Alpaca prompt),tfns,-11.750033378601074,7.889093467383645e-06,-3.313963316031732e-05,0.9999706745147705,-10.750033378601074,2.1444779122248292e-05
1094,Do you qualify as a business owner? Here's what you need to know before applying for a business credit card. https://t.co/DDDXvyqMSp,1,neutral,1,neutral,neutral,1,0,Finistral-7B-LoRA (Alpaca prompt),tfns,-18.687501907348633,7.658115031006218e-09,-2.3841830625315197e-06,1.0,-19.437501907348633,3.6174372386454934e-09
1095,Does the stock market even need a U.S.-China trade deal with the jobs report this hot? https://t.co/WZnyfq6jp8,1,neutral,1,neutral,neutral,1,0,Finistral-7B-LoRA (Alpaca prompt),tfns,-9.756790161132812,5.7901153923012316e-05,-0.006790537387132645,0.9932496547698975,-5.006790637969971,0.006692463532090187
1096,"Don't be a Turkey
Only Price Pays! https://t.co/Z44GkSaAgM",1,neutral,1,neutral,neutral,1,0,Finistral-7B-LoRA (Alpaca prompt),tfns,-10.000083923339844,4.539645306067541e-05,-8.40390202938579e-05,0.9999233484268188,-10.375083923339844,3.120049586868845e-05
1097,Duke University was built on a tobacco fortune. Now a tense showdown over college vaping and its health risks is ro… https://t.co/W38Vt442IL,1,neutral,1,neutral,neutral,1,0,Finistral-7B-LoRA (Alpaca prompt),tfns,-13.687504768371582,1.1365636964910664e-06,-5.006777428206988e-06,0.9999988079071045,-16.2500057220459,8.764237691138987e-08
1098,Eaton Vance was one of my favorite fundamental finds to start 2019..gets little recognition but simple thematic pla… https://t.co/3EW07tiRJj,1,neutral,1,neutral,neutral,1,0,Finistral-7B-LoRA (Alpaca prompt),tfns,-14.250022888183594,6.475825671259372e-07,-2.276871418871451e-05,0.9999804496765137,-10.875022888183594,1.8925136828329414e-05
1099,Elevated Valuations Are New Normal In PE: Karen Davies (Radio),1,neutral,1,neutral,neutral,1,0,Finistral-7B-LoRA (Alpaca prompt),tfns,-11.875048637390137,6.962052339076763e-06,-4.851700214203447e-05,0.9999637603759766,-10.437548637390137,2.9311335310922004e-05
1100,Enfindus sceglie gli inverter SolarEdge per 1 GW di progetti fotovoltaici in Europa,1,neutral,1,neutral,neutral,1,0,Finistral-7B-LoRA (Alpaca prompt),tfns,-12.375179290771484,4.2221640796924476e-06,-0.00017951308109331876,0.9998372793197632,-8.750179290771484,0.00015843553410377353
1101,Equity rotations and the value of industrials https://t.co/OCR2NRSE87,1,neutral,1,neutral,neutral,1,0,Finistral-7B-LoRA (Alpaca prompt),tfns,-12.625052452087402,3.28866940435546e-06,-5.245071224635467e-05,0.9999724626541138,-10.625052452087402,2.4300161385326646e-05
1102,Europe is set to stake its economic future on an environmental clean-up that will overhaul the way the world’s bigg… https://t.co/slU8gPy5AE,1,neutral,1,neutral,neutral,1,0,Finistral-7B-LoRA (Alpaca prompt),tfns,-13.625056266784668,1.209803372148599e-06,-5.6622808187967166e-05,0.9999473094940186,-9.875056266784668,5.144215174368583e-05
1103,Evacuation of Canadians from Virus Zone Is ‘Underway’ in China,1,neutral,1,neutral,neutral,1,0,Finistral-7B-LoRA (Alpaca prompt),tfns,-16.000001907348633,1.125352326880602e-07,-2.622600959512056e-06,0.9999995231628418,-14.87500286102295,3.466325892986788e-07
1104,"Everybody likes a deal, and now some investors have decided that means they like junk bonds. https://t.co/jTwZwrqL9c",1,neutral,1,neutral,neutral,1,0,Finistral-7B-LoRA (Alpaca prompt),tfns,-13.25012493133545,1.7601515764908982e-06,-0.0001245659514097497,0.9998893737792969,-9.12512493133545,0.0001088967255782336
1105,Ex-JPMorgan Banker’s Career Gamble Pays Off in Muni-Bond Blitz,1,neutral,1,neutral,neutral,1,0,Finistral-7B-LoRA (Alpaca prompt),tfns,-11.645557403564453,8.757932846492622e-06,-0.020557783544063568,0.9796590805053711,-3.8955578804016113,0.020332174375653267
1106,Expense report fraud opening the door to bigger financial losses,1,neutral,0,negative,negative,0,0,Finistral-7B-LoRA (Alpaca prompt),tfns,-0.029911017045378685,0.9706328511238098,-3.5299110412597656,0.029310572892427444,-9.779911041259766,5.658271402353421e-05
1107,Explains the recent put buying or part of the reason?,1,neutral,0,negative,negative,0,0,Finistral-7B-LoRA (Alpaca prompt),tfns,-0.037357788532972336,0.9635539054870605,-3.412357807159424,0.03297100216150284,-5.662357807159424,0.0034751181956380606
1108,"EY has put 100 jobs in its financial consulting unit at risk of redundancy
https://t.co/d63wR7xMfR",1,neutral,0,negative,negative,0,0,Finistral-7B-LoRA (Alpaca prompt),tfns,-0.00032634177478030324,0.9996851682662964,-8.125326156616211,0.00029595152591355145,-10.875326156616211,1.8919547073892318e-05
1109,"Fed Inequality, China IP Crackdown, Canada Rail Strike: Eco Day",1,neutral,0,negative,negative,0,0,Finistral-7B-LoRA (Alpaca prompt),tfns,-0.3133072257041931,0.7310519814491272,-1.313307285308838,0.2689390182495117,-11.62580680847168,8.932888704293873e-06
1110,Federal Prohibition Of Cannabis (Not Vitamin E Acetate) Is The Real Cause Of The Vaping Crisis,1,neutral,1,neutral,neutral,1,0,Finistral-7B-LoRA (Alpaca prompt),tfns,-12.375005722045898,4.2228321035509e-06,-5.602820692729438e-06,0.9999954700469971,-15.000005722045898,3.0590092592319706e-07
1111,FedEx CEO calls out NYT over tax bill report,1,neutral,1,neutral,neutral,1,0,Finistral-7B-LoRA (Alpaca prompt),tfns,-12.250006675720215,4.785093096870696e-06,-6.794906312279636e-06,0.9999948740005493,-14.812506675720215,3.6898671851304243e-07
1112,FedEx CEO hits back at New York Times tax-bill exposé,1,neutral,1,neutral,neutral,1,0,Finistral-7B-LoRA (Alpaca prompt),tfns,-13.250008583068848,1.7603389323994634e-06,-8.4638240878121e-06,0.9999958276748657,-12.937508583068848,2.4060980194917647e-06
1113,Financial Planning Just Got A Whole Lot Harder. Subscribe to Seeking Alpha for more: https://t.co/Q9ZQPgCQjK… https://t.co/UGPLharNlL,1,neutral,1,neutral,neutral,1,0,Finistral-7B-LoRA (Alpaca prompt),tfns,-10.000048637390137,4.5397824578685686e-05,-4.875540980719961e-05,0.9999536275863647,-13.875048637390137,9.422017797078297e-07
1114,Flu Season Is Starting Off Early: 10 Things You Need to Know,1,neutral,1,neutral,neutral,1,0,Finistral-7B-LoRA (Alpaca prompt),tfns,-10.625040054321289,2.4300161385326646e-05,-3.9934315282152966e-05,0.9999724626541138,-12.625040054321289,3.28866940435546e-06
1115,For every winner....  https://t.co/1pm4UFoCE2,1,neutral,1,neutral,neutral,1,0,Finistral-7B-LoRA (Alpaca prompt),tfns,-12.937505722045898,2.4060989289864665e-06,-5.602820692729438e-06,0.9999961853027344,-13.437505722045898,1.4593728110412485e-06
1116,Foroohar: 2020 Election Poses Risk To Silicon Valley Tech Giants. Get more updates here: https://t.co/9UzZfKJoGd #business #finance #economy,1,neutral,1,neutral,neutral,1,0,Finistral-7B-LoRA (Alpaca prompt),tfns,-7.750433444976807,0.00043055679998360574,-0.00043335105874575675,0.99956876039505,-14.250432968139648,6.4731597149148e-07
1117,France's Richest Man Gets a Free Lunch From the ECB,1,neutral,1,neutral,neutral,1,0,Finistral-7B-LoRA (Alpaca prompt),tfns,-12.000017166137695,6.144141480035614e-06,-1.6927575416048057e-05,0.9999884366989136,-12.125017166137695,5.4221854952629656e-06
1118,"Frank Barlow, former Pearson chief executive, 1930-2019 https://t.co/JZE8bGgJct",1,neutral,1,neutral,neutral,1,0,Finistral-7B-LoRA (Alpaca prompt),tfns,-12.750015258789062,2.902309461205732e-06,-1.5020257706055418e-05,0.9999961853027344,-13.937515258789062,8.851543498167302e-07
1119,Free agent Antonio Brown says it&apos;s time to ghost white women,1,neutral,1,neutral,neutral,1,0,Finistral-7B-LoRA (Alpaca prompt),tfns,-11.625012397766113,8.939690815168433e-06,-1.2636104656849056e-05,0.9999904632568359,-14.312512397766113,6.083536163714598e-07
1120,"French Private Equity Has a Problem With Equality, Firms Warned",1,neutral,1,neutral,neutral,1,0,Finistral-7B-LoRA (Alpaca prompt),tfns,-10.875020980834961,1.8925142285297625e-05,-2.0861407392658293e-05,0.9999808073043823,-15.125020980834961,2.6995266466656176e-07
1121,Fresh tensions over USMCA enforcement?,1,neutral,1,neutral,neutral,1,0,Finistral-7B-LoRA (Alpaca prompt),tfns,-6.2519354820251465,0.0019267300376668572,-0.0019355150870978832,0.9980708956718445,-12.939435958862305,2.401466417722986e-06
1122,"Friendship doesn't only make you happier — a good friend is worth more than $150,000. Here's why.… https://t.co/SrVlBcVoI3",1,neutral,1,neutral,neutral,1,0,Finistral-7B-LoRA (Alpaca prompt),tfns,-13.37749195098877,1.549656758470519e-06,-0.0024921807926148176,0.9975258708000183,-6.0024919509887695,0.0024726195260882378
1123,"From the turkey and casseroles to the mashed potatoes, here's a helpful guide detailing the TSA-approved items you… https://t.co/nHdZIH6Zoj",1,neutral,1,neutral,neutral,1,0,Finistral-7B-LoRA (Alpaca prompt),tfns,-16.437503814697266,7.265808932288564e-08,-2.9802276912960224e-06,0.999998927116394,-13.87500286102295,9.422444691153942e-07
1124,"From Trump to Bolsonaro, Climate Skeptics Stir Green Activism",1,neutral,1,neutral,neutral,1,0,Finistral-7B-LoRA (Alpaca prompt),tfns,-15.062500953674316,2.8736849344568327e-07,-9.536738616588991e-07,0.9999996423721313,-16.9375,4.4069395244150655e-08
1125,Germany: Consumption Is The New Export. Get more info on Seeking Alpha: https://t.co/uNytzzpWSE #trading #stocks #stockmarket,1,neutral,1,neutral,neutral,1,0,Finistral-7B-LoRA (Alpaca prompt),tfns,-13.500242233276367,1.370641143694229e-06,-0.00024232311989180744,0.999768078327179,-8.375242233276367,0.00023050638264976442
1126,Get LIVE #analysis of the #equitymarkets featuring sophisticated #investing and #swingtrading ideas. Totally… https://t.co/gbWGLEa611,1,neutral,1,neutral,neutral,1,0,Finistral-7B-LoRA (Alpaca prompt),tfns,-14.812507629394531,3.6898671851304243e-07,-7.986990567587782e-06,0.9999948740005493,-12.250007629394531,4.785093096870696e-06
1127,Goldperson Sachs,1,neutral,1,neutral,neutral,1,0,Finistral-7B-LoRA (Alpaca prompt),tfns,-8.502398490905762,0.00020298303570598364,-0.0023983544670045376,0.9976147413253784,-6.127398490905762,0.0021822734270244837
1128,Got a tip? Click for a secure and anonymous link to Bloomberg reporters https://t.co/dPwBoTbrNr https://t.co/BY9EdJI9rE,1,neutral,1,neutral,neutral,1,0,Finistral-7B-LoRA (Alpaca prompt),tfns,-15.812501907348633,1.3574330637311505e-07,-1.9073468138230965e-06,0.9999997615814209,-15.875001907348633,1.2751903000207676e-07
1129,"Gundlach: ""those cynics out there who call it quantitative easing, they do have a point""",1,neutral,1,neutral,neutral,1,0,Finistral-7B-LoRA (Alpaca prompt),tfns,-12.375011444091797,4.222831648803549e-06,-1.1801649634435307e-05,0.9999953508377075,-14.562511444091797,4.737885603844916e-07
1130,"Guyana defends Exxon deal, attacks critics",1,neutral,1,neutral,neutral,1,0,Finistral-7B-LoRA (Alpaca prompt),tfns,-12.875131607055664,2.5610650027374504e-06,-0.00013171759201213717,0.9999126195907593,-9.375131607055664,8.481081749778241e-05
1131,Hannah Elliott on the Future of Luxury Cars (Podcast),1,neutral,1,neutral,neutral,1,0,Finistral-7B-LoRA (Alpaca prompt),tfns,-17.312501907348633,3.028842243679719e-08,-2.264974000354414e-06,0.9999997615814209,-15.437501907348633,1.9750534363538463e-07
1132,Has bitcoin become 'digital gold?' @KitcoNewsNOW sat down with @mikemcglone11:  https://t.co/Sg3a5Xwpfj,1,neutral,1,neutral,neutral,1,0,Finistral-7B-LoRA (Alpaca prompt),tfns,-14.187509536743164,6.893595241308503e-07,-9.298280929215252e-06,0.9999971389770508,-13.062509536743164,2.1233768165984657e-06
1133,"Has Disney's ""Star Wars"" Acquisition Been a Failure?",1,neutral,1,neutral,neutral,1,0,Finistral-7B-LoRA (Alpaca prompt),tfns,-9.625067710876465,6.605213275179267e-05,-6.806619057897478e-05,0.9999338388442993,-15.937567710876465,1.1978514180555067e-07
1134,"Have a great weekened everyone !!! Dont forget : It’s good to have money and the things that money can buy, but it’… https://t.co/echs3JqWSX",1,neutral,1,neutral,neutral,1,0,Finistral-7B-LoRA (Alpaca prompt),tfns,-11.923627853393555,6.632067197642755e-06,-0.04862786829471588,0.9525677561759949,-3.0486278533935547,0.04742555692791939
1135,Health insurance industry eyes federal aid amid coronavirus pandemic https://t.co/xyXJtq7gwE by @AnjKhem and… https://t.co/kaopnmSfQW,1,neutral,1,neutral,neutral,1,0,Finistral-7B-LoRA (Alpaca prompt),tfns,-9.625081062316895,6.605162343475968e-05,-8.11782301752828e-05,0.9999260902404785,-11.750081062316895,7.88874149293406e-06
1136,"Heavy coffee drinkers live longer, study says. ☕: https://t.co/90JAiq6Dpo https://t.co/dZAiT3pjsb",1,neutral,1,neutral,neutral,1,0,Finistral-7B-LoRA (Alpaca prompt),tfns,-9.263816833496094,9.48196102399379e-05,-0.5763172507286072,0.56212317943573,-0.8263172507286072,0.43778195977211
1137,"Hedge Fund CIO: ""We Are Playing The Game Called Institutional Investor"" https://t.co/oiQjnbJBj7",1,neutral,1,neutral,neutral,1,0,Finistral-7B-LoRA (Alpaca prompt),tfns,-14.68750286102295,4.1811830442384235e-07,-3.2186455882765586e-06,0.9999985694885254,-13.81250286102295,1.0030136081695673e-06
1138,"Helping to build new airports was a natural next step in creating a better flying experience for customers, says De… https://t.co/n67VG7MVhr",1,neutral,1,neutral,neutral,1,0,Finistral-7B-LoRA (Alpaca prompt),tfns,-13.566587448120117,1.282653329326422e-06,-0.004087071865797043,0.9959285855293274,-5.504086971282959,0.004070132505148649
1139,Here is the 30th Most Popular Stocks Among 752 Hedge Funds,1,neutral,1,neutral,neutral,1,0,Finistral-7B-LoRA (Alpaca prompt),tfns,-12.12511157989502,5.421697551355464e-06,-0.00011193125828867778,0.9998984336853027,-9.25011157989502,9.610188863007352e-05
1140,Here’s how to get married in style https://t.co/BLvOGQSyrR,1,neutral,1,neutral,neutral,1,0,Finistral-7B-LoRA (Alpaca prompt),tfns,-14.187503814697266,6.893599788782012e-07,-3.6954811548639555e-06,0.9999977350234985,-13.375003814697266,1.553496758788242e-06
1141,"Here's why British comedian Sacha Baron Cohen calls social media ""the greatest propaganda machine in history"" https://t.co/fJ2EAQEAmF",1,neutral,1,neutral,neutral,1,0,Finistral-7B-LoRA (Alpaca prompt),tfns,-10.375032424926758,3.12019074044656e-05,-3.266281055402942e-05,0.9999686479568481,-15.812532424926758,1.3573908574926463e-07
1142,Here's Why You Need To Hedge Your Stock Investments - Seeking Alpha,1,neutral,1,neutral,neutral,1,0,Finistral-7B-LoRA (Alpaca prompt),tfns,-16.0625057220459,1.0571699959882608e-07,-5.245195097813848e-06,0.9999998807907104,-16.4375057220459,7.265816037715922e-08
1143,"Highlight: ""An authentic digital presence is what makes you different and what you have to offer that other people… https://t.co/Ba7fCa7R5v",1,neutral,1,neutral,neutral,1,0,Finistral-7B-LoRA (Alpaca prompt),tfns,-17.500001907348633,2.510998520222074e-08,-2.145764938177308e-06,0.9999997615814209,-15.625001907348633,1.637376669805235e-07
1144,"Highlight: ""This year, you've had three things in your favor,"" @amundipioneer says about the high-yield bond market… https://t.co/ywPLWmNHWb",1,neutral,1,neutral,neutral,1,0,Finistral-7B-LoRA (Alpaca prompt),tfns,-13.501038551330566,1.369542133033974e-06,-0.0010388459777459502,0.9989664554595947,-6.876039028167725,0.0010322296293452382
1145,Highlight: @bankrategreg on why Americans are behind on their retirement savings: https://t.co/bKazTWGZvB,1,neutral,1,neutral,neutral,1,0,Finistral-7B-LoRA (Alpaca prompt),tfns,-14.06250286102295,7.811483442310418e-07,-2.50339189733495e-06,0.9999991655349731,-16.687501907348633,5.65861952850355e-08
1146,Highlight: @jessicaasmith8 on new legislation related to insider trading: “Right now there is no specific insider t… https://t.co/DKxVVEWgIK,1,neutral,1,neutral,neutral,1,0,Finistral-7B-LoRA (Alpaca prompt),tfns,-15.937500953674316,1.197930288299176e-07,-1.311301275563892e-06,0.9999996423721313,-15.187500953674316,2.5360185418321635e-07
1147,Highlight: @julialaroche breaks down Jamie Dimon's letter to $JPM shareholders: https://t.co/x527rcLWml,1,neutral,1,neutral,neutral,1,0,Finistral-7B-LoRA (Alpaca prompt),tfns,-14.625011444091797,4.4508303176371555e-07,-1.1920858014491387e-05,0.9999951124191284,-12.312511444091797,4.495179837249452e-06
1148,"Highlight: “I think it does give him more leverage in the trade war,” @rickjnewman says about the jobs report being… https://t.co/N46Fd7Y4Eq",1,neutral,1,neutral,neutral,1,0,Finistral-7B-LoRA (Alpaca prompt),tfns,-11.438693046569824,1.077070010069292e-05,-0.0011934071080759168,0.9988196492195129,-6.751193523406982,0.001169497612863779
1149,Highlight: “Kin is actually designed to deliver a feeling at the bar. It’s the first non-alcoholic beverage that’s… https://t.co/h5zMXyU2sg,1,neutral,1,neutral,neutral,1,0,Finistral-7B-LoRA (Alpaca prompt),tfns,-17.000001907348633,4.139937459513021e-08,-1.5497195136049413e-06,0.9999998807907104,-16.125001907348633,9.931193289958173e-08
1150,"Highlight: “The average investor is already trading probably for free right now,” @spyjared says about the Schwab-T… https://t.co/cVauFbGE1W",1,neutral,1,neutral,neutral,1,0,Finistral-7B-LoRA (Alpaca prompt),tfns,-13.625043869018555,1.2098229262846871e-06,-4.3748852476710454e-05,0.9999634027481079,-10.250043869018555,3.5356206353753805e-05
1151,Highlight: “We have very lean standard operating procedures that can be replicated— and that's the core of any fran… https://t.co/Q2QNWaGV9y,1,neutral,1,neutral,neutral,1,0,Finistral-7B-LoRA (Alpaca prompt),tfns,-15.56250286102295,1.7429766785426182e-07,-3.3378546504536644e-06,0.9999988079071045,-13.81250286102295,1.0030138355432427e-06
1152,"Highlight: “When growth is scarce, investors seem very willing to pay up for growth stock"" @PNCBank's… https://t.co/rO4fBOkBG9",1,neutral,2,positive,positive,0,0,Finistral-7B-LoRA (Alpaca prompt),tfns,-8.578781127929688,0.0001880651107057929,-4.141280651092529,0.015903402119874954,-0.01628079265356064,0.9839085936546326
1153,Highlight: “When you don’t have organic growth because of overall economic activity on a global basis kind of being… https://t.co/E9BPwBKx5E,1,neutral,1,neutral,neutral,1,0,Finistral-7B-LoRA (Alpaca prompt),tfns,-8.125312805175781,0.0002959535049740225,-0.0003123987407889217,0.9996918439865112,-11.312812805175781,1.221545971930027e-05
1154,"Highlight: '10 years ago... it was the big reveal at the Super Bowl to see the ads for the first time,â€... https://t.co/MPiTNca3kw",1,neutral,1,neutral,neutral,1,0,Finistral-7B-LoRA (Alpaca prompt),tfns,-17.000003814697266,4.139937459513021e-08,-3.6954811548639555e-06,0.9999998807907104,-16.750003814697266,5.315784790127509e-08
1155,Highlight: Fed Chair Jerome Powell shares a few words about Paul Volcker: “He accomplished many things during his l… https://t.co/9GRYrEObjt,1,neutral,1,neutral,neutral,1,0,Finistral-7B-LoRA (Alpaca prompt),tfns,-16.750001907348633,5.3157837243134054e-08,-2.622600959512056e-06,0.9999996423721313,-15.06250286102295,2.8736849344568327e-07
1156,"Highlight: Miller Tabak + Co. Chief Market Strategist Matt Maley: ""You can never pick the exact low in the market.… https://t.co/hnQkPa1P6u",1,neutral,1,neutral,neutral,1,0,Finistral-7B-LoRA (Alpaca prompt),tfns,-11.187591552734375,1.38450905069476e-05,-9.131014667218551e-05,0.999920129776001,-9.625091552734375,6.605123053304851e-05
1157,Highlight: Pictet Asset Management Chief Strategist @luca_paolini on the UK elections: “If the Labour Party does we… https://t.co/BsIJZU3JEb,1,neutral,1,neutral,neutral,1,0,Finistral-7B-LoRA (Alpaca prompt),tfns,-17.062501907348633,3.8891112552619234e-08,-1.311301275563892e-06,0.9999998807907104,-16.437501907348633,7.265816037715922e-08
1158,Highlight: 'What we see as the number one problem right now in implementing some of these AI solutions” in detecti... https://t.co/bn1qMWihcp,1,neutral,1,neutral,neutral,1,0,Finistral-7B-LoRA (Alpaca prompt),tfns,-13.250007629394531,1.7603429114387836e-06,-7.271740287251305e-06,0.9999980926513672,-15.500007629394531,1.8553879499449977e-07
1159,Hong Kong Protesters Clash With Police as Lam Visits Beijing,1,neutral,1,neutral,neutral,1,0,Finistral-7B-LoRA (Alpaca prompt),tfns,-3.8955509662628174,0.020332230255007744,-0.020551009103655815,0.9796617031097412,-12.020550727844238,6.019249667588156e-06
1160,"Hong Kong Protesters Get A Win, Setting Stage For Foggy China Relations",1,neutral,1,neutral,neutral,1,0,Finistral-7B-LoRA (Alpaca prompt),tfns,-10.37546443939209,3.1188479624688625e-05,-0.0004640932602342218,0.9995383024215698,-7.750463962554932,0.0004305436450522393
1161,Hong Kong’s anti-government demonstrations have exposed deep schisms within the territory’s Catholic church. ‘We ar… https://t.co/YOiFws0mPz,1,neutral,1,neutral,neutral,1,0,Finistral-7B-LoRA (Alpaca prompt),tfns,-7.2507147789001465,0.0007096700719557703,-0.0007150000892579556,0.999289870262146,-14.625715255737305,4.447691708264756e-07
1162,"How a 29-year-old YouTube millionaire making up to $220,000 a month spends his money. (via @CNBCMakeIt)… https://t.co/G2bYoMnim9",1,neutral,1,neutral,neutral,1,0,Finistral-7B-LoRA (Alpaca prompt),tfns,-15.750003814697266,1.4449771867930394e-07,-4.172316494077677e-06,0.9999978542327881,-13.125003814697266,1.9947294731537113e-06
1163,"How likely is it that the U.S. will enter a recession? Our updating tracker will tell you. 

Sign up to get the lat… https://t.co/5w0lwFHRCF",1,neutral,1,neutral,neutral,1,0,Finistral-7B-LoRA (Alpaca prompt),tfns,-9.500081062316895,7.484614616259933e-05,-8.093983342405409e-05,0.9999239444732666,-13.625081062316895,1.209775177812844e-06
1164,"How much you can expect to get from Social Security if you make $45,000 a year #investinyou (In partnership with… https://t.co/TKqvDtWH0t",1,neutral,1,neutral,neutral,1,0,Finistral-7B-LoRA (Alpaca prompt),tfns,-11.87501335144043,6.962233328522416e-06,-1.3708974620385561e-05,0.9999897480010986,-12.62501335144043,3.2887262477743207e-06
1165,How the world’s biggest companies got millions of people to let temps analyze some very sensitive recordings https://t.co/PlHP1ub2i9,1,neutral,1,neutral,neutral,1,0,Finistral-7B-LoRA (Alpaca prompt),tfns,-10.875028610229492,1.8925024050986394e-05,-2.884823152271565e-05,0.9999744892120361,-11.937528610229492,6.540312824654393e-06
1166,"HP Doesn’t Need Xerox, Which May Have Been the Point",1,neutral,1,neutral,neutral,1,0,Finistral-7B-LoRA (Alpaca prompt),tfns,-9.000532150268555,0.00012334769417066127,-0.0005324853118509054,0.9994966983795166,-7.875532627105713,0.0003799376718234271
1167,'I can't afford that': Woman in student loan limbo since 1997 decries a muddy system,1,neutral,1,neutral,neutral,1,0,Finistral-7B-LoRA (Alpaca prompt),tfns,-8.750161170959473,0.00015843607252463698,-0.0001616347290109843,0.9998406171798706,-13.937661170959473,8.850166750562494e-07
1168,"I got $10,000 more when I negotiated my salary—here's the exact script I used. (via @CNBCMakeIt) https://t.co/M2jCPARYdx",1,neutral,1,neutral,neutral,1,0,Finistral-7B-LoRA (Alpaca prompt),tfns,-13.062627792358398,2.123116473740083e-06,-0.0001282609737245366,0.999874472618103,-9.000127792358398,0.00012339431850705296
1169,I have some advice for anyone who dares to write about the latest Social Security cost-of-living adjustment: Don’t. https://t.co/MFOCzn0Whx,1,neutral,1,neutral,neutral,1,0,Finistral-7B-LoRA (Alpaca prompt),tfns,-10.625025749206543,2.4300237782881595e-05,-2.586808113846928e-05,0.9999755620956421,-15.687525749206543,1.5381358764443576e-07
1170,I quit caring when a fancy chocolatier near us tried to convince me to try chocolate with horseradish. Seriously. T… https://t.co/csZFMNlhSD,1,neutral,1,neutral,neutral,1,0,Finistral-7B-LoRA (Alpaca prompt),tfns,-14.750001907348633,3.9278620533877984e-07,-1.7881377516459906e-06,0.9999996423721313,-17.937501907348633,1.6212222675449084e-08
1171,I Sabotaged My Boss With Ransomware From the Dark Web,1,neutral,1,neutral,neutral,1,0,Finistral-7B-LoRA (Alpaca prompt),tfns,-7.000940799713135,0.0009110340033657849,-0.000940595637075603,0.9990701079368591,-10.875940322875977,1.8907907360699028e-05
1172,I think Billions jumped the shark a season ago.,1,neutral,1,neutral,neutral,1,0,Finistral-7B-LoRA (Alpaca prompt),tfns,-2.1269943714141846,0.11920037865638733,-0.1269942969083786,0.8807782530784607,-10.751994132995605,2.1403644495876506e-05
1173,ICYMI: The famous Rockefeller Center Christmas tree in New York lights up to welcome the holiday season 🎄 https://t.co/Wo7kQwFbns,1,neutral,1,neutral,neutral,1,0,Finistral-7B-LoRA (Alpaca prompt),tfns,-14.250523567199707,6.472788527389639e-07,-0.0005237876321189106,0.9995114803314209,-7.625523567199707,0.00048785682884044945
1174,"If we ever get back to the moon, we could be living in inflatable habitats. https://t.co/7fMoB4YuYt https://t.co/qPC69ZcD7a",1,neutral,1,neutral,neutral,1,0,Finistral-7B-LoRA (Alpaca prompt),tfns,-17.000003814697266,4.13993426207071e-08,-3.3378546504536644e-06,0.9999991655349731,-14.12500286102295,7.338209115914651e-07
1175,If you are throwing deep you definitely want to be targeting Blake Jarwin lol,1,neutral,1,neutral,neutral,1,0,Finistral-7B-LoRA (Alpaca prompt),tfns,-14.312518119812012,6.083524795030826e-07,-1.811964830267243e-05,0.9999885559082031,-11.437518119812012,1.0783304787764791e-05
1176,If you make your dream a priority long enough... it comes true. https://t.co/mk5TSWxly6,1,neutral,1,neutral,neutral,1,0,Finistral-7B-LoRA (Alpaca prompt),tfns,-14.312885284423828,6.081278911551635e-07,-0.00038485272671096027,0.9996193647384644,-7.87538480758667,0.00037998429615981877
1177,"In 1994, #Rwanda faced the Tutsi genocide claiming the lives  of 1m+ people. In the aftermath, several @WBG_IDA pro… https://t.co/PkgnSSSe7D",1,neutral,1,neutral,neutral,1,0,Finistral-7B-LoRA (Alpaca prompt),tfns,-6.751199722290039,0.0011695092543959618,-0.0011995985405519605,0.9988296627998352,-14.001199722290039,8.305555638798978e-07
1178,In case you need another reason to delete your Facebook: https://t.co/SGVxYSwjo0,1,neutral,0,negative,negative,0,0,Finistral-7B-LoRA (Alpaca prompt),tfns,-4.95898348162882e-05,0.9999635219573975,-10.250049591064453,3.535620999173261e-05,-13.750049591064453,1.067665039045096e-06
1179,Industry Experts at Infiniti Research Weigh the Pros and Cons of Medical Device Outsourcing in Their Latest Article,1,neutral,1,neutral,neutral,1,0,Finistral-7B-LoRA (Alpaca prompt),tfns,-15.43750286102295,1.9750527258111106e-07,-3.2186455882765586e-06,0.9999994039535522,-14.81250286102295,3.6898839539389883e-07
1180,Infrastructure Funds: Definition and Examples,1,neutral,1,neutral,neutral,1,0,Finistral-7B-LoRA (Alpaca prompt),tfns,-17.687501907348633,2.0816910861753968e-08,-1.4305104514278355e-06,0.9999998807907104,-16.875001907348633,4.691163724146463e-08
1181,Inovalon’s stock renaissance returns CEO to the billionaire club https://t.co/0ebuLqVjDs,1,neutral,2,positive,positive,0,0,Finistral-7B-LoRA (Alpaca prompt),tfns,-11.940688133239746,6.519686394312885e-06,-5.753187656402588,0.003172662341967225,-0.0031876962166279554,0.9968208074569702
1182,Internet Initiative Japan reports 9M results,1,neutral,1,neutral,neutral,1,0,Finistral-7B-LoRA (Alpaca prompt),tfns,-15.125006675720215,2.699576668874215e-07,-6.318072337307967e-06,0.9999994039535522,-14.937506675720215,3.256311345012364e-07
1183,Investors shrugged off a WSJ report that said the US and China are working on a deal to delay the next round of Ame… https://t.co/D4CJFfE98t,1,neutral,2,positive,positive,0,0,Finistral-7B-LoRA (Alpaca prompt),tfns,-7.523791313171387,0.0005400840891525149,-3.7737913131713867,0.02296495996415615,-0.023791426792740822,0.9764949083328247
1184,"Iran to Seek Advanced Arms as UN Embargo Expires, Pentagon Says",1,neutral,1,neutral,neutral,1,0,Finistral-7B-LoRA (Alpaca prompt),tfns,-10.875021934509277,1.8925111362477764e-05,-2.1815061700181104e-05,0.9999791383743286,-13.125021934509277,1.9946921838709386e-06
1185,Is Inflation Really Under Control? https://t.co/B86ntFUj2h,1,neutral,1,neutral,neutral,1,0,Finistral-7B-LoRA (Alpaca prompt),tfns,-12.250005722045898,4.785094461112749e-06,-5.722029527532868e-06,0.9999951124191284,-15.875005722045898,1.2751843314617872e-07
1186,Is it really possible that only 14% of families own stocks outright? @JimCramer has a few reasons:  https://t.co/pxA4SfyBtM,1,neutral,1,neutral,neutral,1,0,Finistral-7B-LoRA (Alpaca prompt),tfns,-17.125001907348633,3.6534821390432626e-08,-2.0265558760002023e-06,1.0,-18.625001907348633,8.152020392060422e-09
1187,Is Pelosi Rushing Impeachment Because Dems Know They Have Failed?  https://t.co/49HRcpAw7T,1,neutral,1,neutral,neutral,1,0,Finistral-7B-LoRA (Alpaca prompt),tfns,-14.812501907348633,3.689884806590271e-07,-1.5497195136049413e-06,0.9999996423721313,-17.062501907348633,3.88911018944782e-08
1188,Is Tesla Shoving It In Trump's Face By Producing Cars In China To Skirt Tariffs? https://t.co/9KXPAYNuhr,1,neutral,1,neutral,neutral,1,0,Finistral-7B-LoRA (Alpaca prompt),tfns,-14.93750286102295,3.2563119134465524e-07,-2.861018856492592e-06,0.9999995231628418,-16.000001907348633,1.125352326880602e-07
1189,Is this the end of the road for Uber in London? https://t.co/D8QDe2OkRd,1,neutral,1,neutral,neutral,1,0,Finistral-7B-LoRA (Alpaca prompt),tfns,-7.750435829162598,0.0004305568872950971,-0.00043561504571698606,0.9995689988136292,-14.750435829162598,3.926170677459595e-07
1190,It doesn't pay to be a stock picker anymore. https://t.co/amkOz3dTxj https://t.co/6e50u9TPuU,1,neutral,0,negative,negative,0,0,Finistral-7B-LoRA (Alpaca prompt),tfns,-0.038149166852235794,0.9626190662384033,-3.288149118423462,0.03732478991150856,-9.788148880004883,5.611555388895795e-05
1191,"It's cold outside, but White Claw summer lives on https://t.co/4JdNqODTOj",1,neutral,1,neutral,neutral,1,0,Finistral-7B-LoRA (Alpaca prompt),tfns,-13.250007629394531,1.7603406377020292e-06,-7.510157047363464e-06,0.9999967813491821,-13.437507629394531,1.4593737205359503e-06
1192,"Japan Post Probe Finds 9,000 Cases of Missold Insurance: Yomiuri",1,neutral,0,negative,negative,0,0,Finistral-7B-LoRA (Alpaca prompt),tfns,-0.00032491172896698117,0.999697208404541,-9.000325202941895,0.0001233724324265495,-8.625325202941895,0.0001795058196876198
1193,Jason Garrett’s job security in picture form https://t.co/CBpCNx3Frg,1,neutral,1,neutral,neutral,1,0,Finistral-7B-LoRA (Alpaca prompt),tfns,-13.687504768371582,1.136563469117391e-06,-4.887569048150908e-06,0.9999985694885254,-14.875004768371582,3.4663227665987506e-07
1194,"John B. Sanfilippo & Son, Inc. Mourns the Passing of Former Chairman and CEO, Jasper B. Sanfilippo, Sr.",1,neutral,1,neutral,neutral,1,0,Finistral-7B-LoRA (Alpaca prompt),tfns,-8.250375747680664,0.00026118566165678203,-0.00037579628406092525,0.9997209906578064,-10.937875747680664,1.7773909348761663e-05
1195,"Joseph Stiglitz, a Nobel-Prize winning economist, says cryptocurrencies should be shut down. Here's why.… https://t.co/qpEnoXPS96",1,neutral,0,negative,negative,0,0,Finistral-7B-LoRA (Alpaca prompt),tfns,-0.1427258402109146,0.8670175671577454,-2.017725944519043,0.1329614222049713,-10.767725944519043,2.1069246940896846e-05
1196,"Just received a full briefing on the tragic shooting at NAS Pensacola in Florida, and spoke to @GovRonDeSantis. My… https://t.co/Em3f4rgehW",1,neutral,1,neutral,neutral,1,0,Finistral-7B-LoRA (Alpaca prompt),tfns,-13.062515258789062,2.1233781808405183e-06,-1.5020257706055418e-05,0.9999977350234985,-15.687515258789062,1.538169982495674e-07
1197,Justin Bieber wants to sell his $8.5 million Beverly Hills home on Instagram. Here's a look inside. (via… https://t.co/kwqjstwso6,1,neutral,1,neutral,neutral,1,0,Finistral-7B-LoRA (Alpaca prompt),tfns,-15.437504768371582,1.975053152136752e-07,-4.529942543740617e-06,0.9999996423721313,-15.437504768371582,1.975053152136752e-07
1198,Justin Fox on Christmas's New York Roots (Podcast),1,neutral,1,neutral,neutral,1,0,Finistral-7B-LoRA (Alpaca prompt),tfns,-18.375001907348633,1.0467401168057222e-08,-1.311301275563892e-06,0.9999998807907104,-16.625001907348633,6.023573462243803e-08
1199,Key Events In The Holiday Shortened Week https://t.co/n7Q9OeE5yu,1,neutral,1,neutral,neutral,1,0,Finistral-7B-LoRA (Alpaca prompt),tfns,-11.62502670288086,8.939579856814817e-06,-2.658331868587993e-05,0.9999780654907227,-11.25002670288086,1.3007012057641987e-05
1200,"Known as the ""most beautiful café in the world,"" the New York Café is nothing short of spectacular. (PS -- it's not… https://t.co/laxpn15BP7",1,neutral,1,neutral,neutral,1,0,Finistral-7B-LoRA (Alpaca prompt),tfns,-13.187618255615234,1.8736714082479011e-06,-0.00011860620725201443,0.9998892545700073,-9.125118255615234,0.00010889671830227599
1201,Last day to sign up for a discount to our community. Will be limiting alerts and charts here. Price already settled… https://t.co/qFjitpKlKo,1,neutral,1,neutral,neutral,1,0,Finistral-7B-LoRA (Alpaca prompt),tfns,-11.43753433227539,1.0783161997096613e-05,-3.433168603805825e-05,0.999975323677063,-11.18753433227539,1.3845854482497089e-05
1202,Launch of new generic drugs in U.S. still lags - WSJ,1,neutral,0,negative,negative,0,0,Finistral-7B-LoRA (Alpaca prompt),tfns,-0.009823432192206383,0.9902522563934326,-4.634823322296143,0.009708091616630554,-10.1348237991333,3.967474549426697e-05
1203,Leaks offer glimpse inside China’s detention camps https://t.co/hqKYf75c5V,1,neutral,1,neutral,neutral,1,0,Finistral-7B-LoRA (Alpaca prompt),tfns,-9.125113487243652,0.00010889679106185213,-0.00011312322021694854,0.9998899698257446,-13.750113487243652,1.067586595127068e-06
1204,Let’s Talk Donald Trump and Coronavirus,1,neutral,1,neutral,neutral,1,0,Finistral-7B-LoRA (Alpaca prompt),tfns,-14.750000953674316,3.9278620533877984e-07,-1.4305104514278355e-06,0.9999996423721313,-17.562501907348633,2.358864570339847e-08
1205,"LISTEN NOW: Trade news is in focus today, as progress is made on the USMCA and China tariffs reportedly could be de… https://t.co/FWS9MkuY65",1,neutral,1,neutral,neutral,1,0,Finistral-7B-LoRA (Alpaca prompt),tfns,-9.008781433105469,0.0001223362924065441,-0.008781387470662594,0.9913012385368347,-4.758781433105469,0.008576435968279839
1206,Looking for a play on $CVX?  https://t.co/yGYLAiHwO3,1,neutral,1,neutral,neutral,1,0,Finistral-7B-LoRA (Alpaca prompt),tfns,-13.562545776367188,1.2878497273050016e-06,-4.589452510117553e-05,0.9999634027481079,-10.250045776367188,3.5356206353753805e-05
1207,Major League Baseball Is Ushering in a New Era of Sports Streaming,1,neutral,1,neutral,neutral,1,0,Finistral-7B-LoRA (Alpaca prompt),tfns,-13.687710762023926,1.1363325711499783e-06,-0.0002108589978888631,0.9997954964637756,-8.500210762023926,0.000203426752705127
1208,"Make the Most of Your Retirement with These Top-Ranked Mutual Funds - February 06, 2020",1,neutral,1,neutral,neutral,1,0,Finistral-7B-LoRA (Alpaca prompt),tfns,-15.68752384185791,1.5381442608486395e-07,-2.4199192921514623e-05,0.9999809265136719,-10.87502384185791,1.8925145923276432e-05
1209,Man vs. Microbe: We’re Not Ready for the Next Global Virus Outbreak,1,neutral,1,neutral,neutral,1,0,Finistral-7B-LoRA (Alpaca prompt),tfns,-12.000007629394531,6.144171948108124e-06,-7.867782187531702e-06,0.9999934434890747,-14.687507629394531,4.1811617279563507e-07
1210,Mandiri Warns of Risk to Loan Growth From Virus Outbreak,1,neutral,0,negative,negative,0,0,Finistral-7B-LoRA (Alpaca prompt),tfns,-4.708655978902243e-05,0.9999731779098511,-10.750046730041504,2.14448336919304e-05,-12.125046730041504,5.422102731245104e-06
1211,Market Movers: What changed for D-Street while you were sleeping - Economic Times,1,neutral,1,neutral,neutral,1,0,Finistral-7B-LoRA (Alpaca prompt),tfns,-15.12500286102295,2.699576668874215e-07,-2.622600959512056e-06,0.9999994039535522,-14.93750286102295,3.256311345012364e-07
1212,Marvel Comics 1 torches record with $1.26M sale at auction https://t.co/ZCIXTnGfPG via @FoxBusiness https://t.co/09Sj0PfU9H,1,neutral,1,neutral,neutral,1,0,Finistral-7B-LoRA (Alpaca prompt),tfns,-8.940948486328125,0.00013093512097839266,-0.00344825629144907,0.9966968297958374,-5.753448486328125,0.0031722676940262318
1213,"Meet Bread and Butter, two turkeys slated to receive a presidential pardon this week https://t.co/gVMwhszyuH",1,neutral,1,neutral,neutral,1,0,Finistral-7B-LoRA (Alpaca prompt),tfns,-15.937506675720215,1.1979268776940444e-07,-6.556489552167477e-06,0.9999967813491821,-12.687506675720215,3.089493930019671e-06
1214,Mexico’s former top police official has been arrested in the U.S. for allegedly taking millions in bribes to help t… https://t.co/gumELPl8zp,1,neutral,1,neutral,neutral,1,0,Finistral-7B-LoRA (Alpaca prompt),tfns,-9.750151634216309,5.828690336784348e-05,-0.0001512651506345719,0.9998668432235718,-9.500151634216309,7.484186789952219e-05
1215,"MILLION DOLLAR MARVEL: The 1939 comic book that laid the groundwork for the Avengers, Spider-Man, and the X-Men has… https://t.co/DfpVefYXH0",1,neutral,1,neutral,neutral,1,0,Finistral-7B-LoRA (Alpaca prompt),tfns,-11.750114440917969,7.888504114816897e-06,-0.00011419598013162613,0.9998960494995117,-9.250114440917969,9.610166307538748e-05
1216,Ministers risk NHS pension tax breach in bid to avert pre-poll crisis https://t.co/hw8VhL3IgU,1,neutral,1,neutral,neutral,1,0,Finistral-7B-LoRA (Alpaca prompt),tfns,-8.50022029876709,0.00020342503557913005,-0.00022003613412380219,0.9997870326042175,-11.56272029876709,9.514315934211481e-06
1217,Monday's big rally is premature: financial advisor #economy #MarketScreener https://t.co/Ld6fdzqgQd https://t.co/nqWvTA19gR,1,neutral,1,neutral,neutral,1,0,Finistral-7B-LoRA (Alpaca prompt),tfns,-3.0488009452819824,0.04741668328642845,-0.04880101606249809,0.9523895382881165,-8.54880142211914,0.0001937811466632411
1218,"More than 140,000 people died from measles last year, according to new estimates from the World Health Organization… https://t.co/hdvfswYuFA",1,neutral,1,neutral,neutral,1,0,Finistral-7B-LoRA (Alpaca prompt),tfns,-7.750474452972412,0.0004305562179069966,-0.0004745787591673434,0.999567449092865,-13.12547492980957,1.9938709101552377e-06
1219,Mother of Jailed Israeli Appeals to Putin as Netanyahu Stumbles,1,neutral,1,neutral,neutral,1,0,Finistral-7B-LoRA (Alpaca prompt),tfns,-13.62500286102295,1.209865445161995e-06,-2.622600959512056e-06,0.9999985694885254,-15.12500286102295,2.6995743951374607e-07
1220,Mountain America’s Free Adoption Event Saves Over 160 Pets at the Humane Society of Utah  https://t.co/SAkC0zncke,1,neutral,1,neutral,neutral,1,0,Finistral-7B-LoRA (Alpaca prompt),tfns,-11.242289543151855,1.3108395251038019e-05,-0.17978927493095398,0.8354726433753967,-1.8047893047332764,0.16451430320739746
1221,"MURKOWSKI WILL VOTE ``NO'' ON WITNESSES, WASH. POST SAYS",1,neutral,1,neutral,neutral,1,0,Finistral-7B-LoRA (Alpaca prompt),tfns,-10.500032424926758,2.7535672415979207e-05,-3.218599158572033e-05,0.9999717473983765,-14.187532424926758,6.893420163578412e-07
1222,"My wife is 61 and earns $50,000. I’m 65 and earn $400,000 and will work until 71. Should my wife take her Social Se… https://t.co/XBkIQCDPzD",1,neutral,1,neutral,neutral,1,0,Finistral-7B-LoRA (Alpaca prompt),tfns,-16.000001907348633,1.1253516163378663e-07,-1.311301275563892e-06,0.9999998807907104,-16.687501907348633,5.658623436488597e-08
1223,Myanmar Asks Tour Firms to Suspend Services for Chinese Visitors,1,neutral,1,neutral,neutral,1,0,Finistral-7B-LoRA (Alpaca prompt),tfns,-4.758650779724121,0.008577458560466766,-0.008650803938508034,0.9914194345474243,-12.696150779724121,3.0629942102677887e-06
1224,National Cattlemen Beef Association of United St : Kansas Corn Encouraged by Bipartisan Ef... #economy… https://t.co/YFY2qzqpWw,1,neutral,1,neutral,neutral,1,0,Finistral-7B-LoRA (Alpaca prompt),tfns,-14.25020980834961,6.474630822594918e-07,-0.0002097863471135497,0.9997959733009338,-8.50020980834961,0.0002034268545685336
1225,"NBA should trim schedule to 68 games, says Washington University sports business director https://t.co/GGXMbWQjbV",1,neutral,1,neutral,neutral,1,0,Finistral-7B-LoRA (Alpaca prompt),tfns,-12.625012397766113,3.2887437555473298e-06,-1.2636104656849056e-05,0.9999951124191284,-13.312512397766113,1.6536843077119556e-06
1226,NBC’s Today Co-anchors Savannah Guthrie and Hoda Kotb to Be Honored at 2020 Outstanding Mother Awards,1,neutral,1,neutral,neutral,1,0,Finistral-7B-LoRA (Alpaca prompt),tfns,-15.750020980834961,1.4449560126195138e-07,-2.109982233378105e-05,0.9999831914901733,-11.000020980834961,1.67014204635052e-05
1227,Nevada casinos record big Super Bowl win,1,neutral,2,positive,positive,0,0,Finistral-7B-LoRA (Alpaca prompt),tfns,-6.907180309295654,0.001000604243017733,-1.4071803092956543,0.24483977258205414,-0.2821802794933319,0.7541596293449402
1228,Never lose sight of the big picture. @JimCramer breaks down how he's approaching a market obsessed with the headlin… https://t.co/L49D4iPLH2,1,neutral,1,neutral,neutral,1,0,Finistral-7B-LoRA (Alpaca prompt),tfns,-14.187505722045898,6.893595241308503e-07,-5.364403477869928e-06,0.9999971389770508,-13.062505722045898,2.1233768165984657e-06
1229,New Cortec PE fund biggest winner from latest Texas CDRS pension commitments,1,neutral,1,neutral,neutral,1,0,Finistral-7B-LoRA (Alpaca prompt),tfns,-11.131747245788574,1.4640336303273216e-05,-0.006747201085090637,0.9932925701141357,-5.006747245788574,0.006692752707749605
1230,New Dungeons & Dragons game announced,1,neutral,1,neutral,neutral,1,0,Finistral-7B-LoRA (Alpaca prompt),tfns,-10.963983535766602,1.731466363708023e-05,-0.0889831930398941,0.9148851037025452,-2.4639832973480225,0.08509756624698639
1231,New England Patriots acknowledge team video crew filmed opposing team’s sideline during game https://t.co/Hrrt5qmCsT,1,neutral,1,neutral,neutral,1,0,Finistral-7B-LoRA (Alpaca prompt),tfns,-2.931020975112915,0.05339580774307251,-0.05602091923356056,0.9464632868766785,-8.868520736694336,0.00014089111937209964
1232,New for subscribers:  This mutual fund returned over 400% last decade. Here are the stocks it's betting on now... https://t.co/8H17ZdXvNJ,1,neutral,2,positive,positive,0,0,Finistral-7B-LoRA (Alpaca prompt),tfns,-12.875112533569336,2.5610033844714053e-06,-9.125112533569336,0.00010889663826674223,-0.00011216964776394889,0.99988853931427
1233,New markets for the C-390 Millennium,1,neutral,1,neutral,neutral,1,0,Finistral-7B-LoRA (Alpaca prompt),tfns,-11.199410438537598,1.3682612916454673e-05,-0.38691020011901855,0.6791694164276123,-1.1369102001190186,0.32081693410873413
1234,New Special Effects Lighting at Aviva Stadium Takes Entertainment Experience to the Next Level,1,neutral,1,neutral,neutral,1,0,Finistral-7B-LoRA (Alpaca prompt),tfns,-15.687528610229492,1.5381358764443576e-07,-2.8729025871143676e-05,0.9999755620956421,-10.625028610229492,2.4300237782881595e-05
1235,New York Governor Cuomo notes hospitalizations down sharply @Street_Insider $SPY,1,neutral,2,positive,positive,0,0,Finistral-7B-LoRA (Alpaca prompt),tfns,-11.31262493133545,1.2217743460496422e-05,-9.12512493133545,0.00010889557597693056,-0.00012516192509792745,0.9998787641525269
1236,"New York Knicks fire head coach David Fizdale, report says https://t.co/SjxbaVIfmR",1,neutral,1,neutral,neutral,1,0,Finistral-7B-LoRA (Alpaca prompt),tfns,-2.2378904819488525,0.10668762028217316,-0.11289049685001373,0.8932844996452332,-10.487890243530273,2.7873054932570085e-05
1237,Nintendo Download: Wage War in the World of The Witcher,1,neutral,1,neutral,neutral,1,0,Finistral-7B-LoRA (Alpaca prompt),tfns,-15.000004768371582,3.0590194910473656e-07,-4.887569048150908e-06,0.9999988079071045,-13.937504768371582,8.851566235534847e-07
1238,"No Insurance Policy? Lisa Page Sues FBI, DOJ For ""Unlawful"" Disclosure Of Strozk Texts https://t.co/0nqyroM0jD",1,neutral,1,neutral,neutral,1,0,Finistral-7B-LoRA (Alpaca prompt),tfns,-2.1322760581970215,0.11858188360929489,-0.13227613270282745,0.8762080073356628,-5.2572760581970215,0.005210123024880886
1239,Not every advance in electric-vehicle technology takes place inside the sterile calm of a research laboratory https://t.co/FgNwoVF270,1,neutral,1,neutral,neutral,1,0,Finistral-7B-LoRA (Alpaca prompt),tfns,-15.12500286102295,2.6995749635716493e-07,-2.622600959512056e-06,0.9999986886978149,-13.81250286102295,1.003013721856405e-06
1240,Oliver has had this figured out for months.,1,neutral,1,neutral,neutral,1,0,Finistral-7B-LoRA (Alpaca prompt),tfns,-15.500001907348633,1.8553907921159407e-07,-1.5497195136049413e-06,0.9999996423721313,-15.937501907348633,1.197930288299176e-07
1241,"On this day in 1994 Orange County, California filed for bankruptcy protection after interest rate swaps imploded in… https://t.co/NatWmeuiIg",1,neutral,0,negative,negative,0,0,Finistral-7B-LoRA (Alpaca prompt),tfns,-0.006775144953280687,0.9932916164398193,-5.006775379180908,0.006692746188491583,-11.06927490234375,1.5584544598823413e-05
1242,One California teacher says he has learned the hard way how the deck can be stacked against teachers’ retirement sa… https://t.co/DTpFqNo2FO,1,neutral,1,neutral,neutral,1,0,Finistral-7B-LoRA (Alpaca prompt),tfns,-11.750008583068848,7.889261723903473e-06,-8.821448318485636e-06,0.9999920129776001,-16.062509536743164,1.0571616826382524e-07
1243,One Conscious Objector. Follow this and any other stock on Seeking Alpha! https://t.co/HUiIlURifS #business #finance #investing,1,neutral,1,neutral,neutral,1,0,Finistral-7B-LoRA (Alpaca prompt),tfns,-15.50000286102295,1.8553906500073936e-07,-2.861018856492592e-06,0.9999995231628418,-15.18750286102295,2.536018257615069e-07
1244,"One in four mammals are traded internationally – alive and dead, whole and in pieces – by legal operations, crimina… https://t.co/g2yzN2gsD9",1,neutral,1,neutral,neutral,1,0,Finistral-7B-LoRA (Alpaca prompt),tfns,-12.750008583068848,2.902311507568811e-06,-8.4638240878121e-06,0.9999969005584717,-15.687508583068848,1.5381687035187497e-07
1245,One of the largest coal-fired power plants in the Western US has just closed for good,1,neutral,1,neutral,neutral,1,0,Finistral-7B-LoRA (Alpaca prompt),tfns,-7.693665504455566,0.000455733243143186,-0.6936655044555664,0.49977216124534607,-0.6936655044555664,0.49977216124534607
1246,One of the world's rarest butterflies is thriving in an unlikely place: a military artillery range https://t.co/D262xE8iFP,1,neutral,2,positive,positive,0,0,Finistral-7B-LoRA (Alpaca prompt),tfns,-10.742330551147461,2.1611906049656682e-05,-1.804830551147461,0.16451288759708405,-0.17983050644397736,0.8354654908180237
1247,Only 35 Shopping Days Until Christmas,1,neutral,1,neutral,neutral,1,0,Finistral-7B-LoRA (Alpaca prompt),tfns,-14.437505722045898,5.368734150579257e-07,-5.8412379075889476e-06,0.999996542930603,-12.750005722045898,2.9023105980741093e-06
1248,OPEC Considers Oil Output Cut; Tesla Shuts Stores: Virus Update,1,neutral,2,positive,positive,0,0,Finistral-7B-LoRA (Alpaca prompt),tfns,-8.252198219299316,0.0002606871712487191,-6.252198696136475,0.0019262322457507253,-0.002198661444708705,0.9978129863739014
1249,"Pantone's 2020 Color of the Year is Classic Blue, chosen for its calming, reassuring vibes https://t.co/Z0KQG6EDZu",1,neutral,1,neutral,neutral,1,0,Finistral-7B-LoRA (Alpaca prompt),tfns,-13.000405311584473,2.2594654183194507e-06,-0.00040546778473071754,0.9996176958084106,-7.875405311584473,0.0003799836558755487
1250,Partnering with Costco is the latest major expansion for Beyond Meat https://t.co/TEcFCWg7Ej,1,neutral,2,positive,positive,0,0,Finistral-7B-LoRA (Alpaca prompt),tfns,-11.637528419494629,8.828562386042904e-06,-4.387528419494629,0.012431541457772255,-0.012528643012046814,0.9875596165657043
1251,Parts with passports: how free trade drives GM's engines,1,neutral,1,neutral,neutral,1,0,Finistral-7B-LoRA (Alpaca prompt),tfns,-15.187504768371582,2.536013425924466e-07,-5.245195097813848e-06,0.999997615814209,-13.062504768371582,2.123377953466843e-06
1252,Passing The Torch … Or Should I Say The Flashlight App?,1,neutral,1,neutral,neutral,1,0,Finistral-7B-LoRA (Alpaca prompt),tfns,-16.812501907348633,4.9937170842895284e-08,-2.7418097943154862e-06,0.9999997615814209,-15.25000286102295,2.3823690753488336e-07
1253,Paul Krugman Is More Than One Toke Over The Line https://t.co/SPM4T5j22Y,1,neutral,1,neutral,neutral,1,0,Finistral-7B-LoRA (Alpaca prompt),tfns,-10.875020980834961,1.8925133190350607e-05,-2.1457441107486375e-05,0.9999803304672241,-14.187520980834961,6.893479280734027e-07
1254,"Pearl Harbor vet’s interment to be last on sunken Arizona
https://t.co/kpn5NiTrWC",1,neutral,1,neutral,neutral,1,0,Finistral-7B-LoRA (Alpaca prompt),tfns,-14.375006675720215,5.715001520911756e-07,-6.556489552167477e-06,0.999998927116394,-14.562506675720215,4.737902656870574e-07
1255,"Philip Moulin, an expert on counterfeit wine, is charged with keeping bogus Bordeaux and Burgundies out of Berry Br… https://t.co/tstX3Y0f66",1,neutral,1,neutral,neutral,1,0,Finistral-7B-LoRA (Alpaca prompt),tfns,-14.625001907348633,4.4508490759653796e-07,-1.7881377516459906e-06,0.9999992847442627,-15.250001907348633,2.3823679384804564e-07
1256,Pilita Clark: Any employer who can offer sabbatical leave will always be a step ahead of the rest https://t.co/wtvLnRCKOX,1,neutral,1,neutral,neutral,1,0,Finistral-7B-LoRA (Alpaca prompt),tfns,-14.687512397766113,4.181150075055484e-07,-1.2755313036905136e-05,0.999990701675415,-11.625012397766113,8.939693543652538e-06
1257,"Power Rankings: Chicken clash, Crocs comeback & end zone exec — top moments from the week https://t.co/2pd0UX0DBq",1,neutral,1,neutral,neutral,1,0,Finistral-7B-LoRA (Alpaca prompt),tfns,-15.812504768371582,1.3574324952969619e-07,-4.529942543740617e-06,0.9999994039535522,-14.562504768371582,4.7379049306073284e-07
1258,Private equity firms are increasingly turning to an obscure type of loan to fund larger and larger buyouts. That'… https://t.co/DZBVZnwj0C,1,neutral,1,neutral,neutral,1,0,Finistral-7B-LoRA (Alpaca prompt),tfns,-7.000938415527344,0.0009110349928960204,-0.0009384519071318209,0.9990711212158203,-10.938438415527344,1.776235512807034e-05
1259,Put Your Smaller Bonus to Better Use on Things That Will Appreciate,1,neutral,1,neutral,neutral,1,0,Finistral-7B-LoRA (Alpaca prompt),tfns,-14.125003814697266,7.338206842177897e-07,-4.291525328881107e-06,0.9999988079071045,-14.500003814697266,5.043470423515828e-07
1260,Q4 2019 Investment Style Ratings For ETFs And Mutual Funds. Keep reading: https://t.co/ULtBNLURe7 #economy #investing #markets,1,neutral,1,neutral,neutral,1,0,Finistral-7B-LoRA (Alpaca prompt),tfns,-13.562516212463379,1.2878915640612831e-06,-1.6093124941107817e-05,0.9999958276748657,-12.750016212463379,2.9023085517110303e-06
1261,Qatar Not in Talks Yet With U.A.E. Over Healing Rift,1,neutral,1,neutral,neutral,1,0,Finistral-7B-LoRA (Alpaca prompt),tfns,-7.125810146331787,0.0008040855173021555,-0.0008099374244920909,0.999195396900177,-14.563309669494629,4.7340955688923714e-07
1262,Read like Bill Gates: His 5 picks of 2019 https://t.co/Gyp8FvcuDD,1,neutral,1,neutral,neutral,1,0,Finistral-7B-LoRA (Alpaca prompt),tfns,-15.062505722045898,2.873679818549135e-07,-5.483612312673358e-06,0.9999978542327881,-13.187505722045898,1.8738749076874228e-06
1263,Real estate secondaries: Deals where ‘both parties walk away happy’,1,neutral,1,neutral,neutral,1,0,Finistral-7B-LoRA (Alpaca prompt),tfns,-15.812527656555176,1.3574002366567584e-07,-2.753696753643453e-05,0.9999755620956421,-10.625027656555176,2.4300237782881595e-05
1264,RECAP 1/31 TRUMPSAYS: THE BEST IS YET TO COME! Live Breaking trading news https://t.co/yChRCoaR8v,1,neutral,2,positive,positive,0,0,Finistral-7B-LoRA (Alpaca prompt),tfns,-12.751935005187988,2.8967201615159865e-06,-6.25193452835083,0.0019267291063442826,-0.0019345632754266262,0.9980704188346863
1265,Record Demand For Fixed Income ETFs,1,neutral,1,neutral,neutral,1,0,Finistral-7B-LoRA (Alpaca prompt),tfns,-7.325803279876709,0.0006584196235053241,-0.013303444720804691,0.9869181513786316,-4.388303279876709,0.012423465959727764
1266,Remastering Volatility: Reducing Noise In Equity Allocations. Read more: https://t.co/EpjNmsSKIM #trading #economy #markets,1,neutral,1,neutral,neutral,1,0,Finistral-7B-LoRA (Alpaca prompt),tfns,-14.125028610229492,7.338108503063268e-07,-2.8609820219571702e-05,0.9999854564666748,-11.187528610229492,1.3845995454175863e-05
1267,"Residents play #SocialDistancing Bingo in Dublin, Ireland #COVID19ireland #coronavirus https://t.co/k7MEKlKttQ",1,neutral,1,neutral,neutral,1,0,Finistral-7B-LoRA (Alpaca prompt),tfns,-15.062512397766113,2.8736596391354396e-07,-1.2397689715726301e-05,0.9999908208847046,-11.625012397766113,8.93969445314724e-06
1268,Resumen: ProAmpac y nkd LIFE son reconocidos en los premios mundiales de la innovación en bebidas,1,neutral,1,neutral,neutral,1,0,Finistral-7B-LoRA (Alpaca prompt),tfns,-11.089038848876953,1.5280169463949278e-05,-0.08903858810663223,0.914887011051178,-2.464038610458374,0.08509774506092072
1269,"Retail earnings, Fed minutes, impeachment hearings: 3 things to watch for Wednesday",1,neutral,1,neutral,neutral,1,0,Finistral-7B-LoRA (Alpaca prompt),tfns,-12.812508583068848,2.7264679829386296e-06,-8.583032467868179e-06,0.9999964237213135,-14.000008583068848,8.315257673530141e-07
1270,Retirement expert: The 'easiest' crack to fix in the system is workplace access https://t.co/MHHzY6X8Dh by… https://t.co/9sLWOOQsHP,1,neutral,1,neutral,neutral,1,0,Finistral-7B-LoRA (Alpaca prompt),tfns,-16.062501907348633,1.0571696407168929e-07,-2.3841830625315197e-06,0.9999995231628418,-14.812501907348633,3.689884522373177e-07
1271,"Roger Federer, preparing for life after tennis, buys stake in Swiss sneaker company after Nike contract expires https://t.co/oNmlohXmfL",1,neutral,1,neutral,neutral,1,0,Finistral-7B-LoRA (Alpaca prompt),tfns,-14.125067710876465,7.337782221839007e-07,-6.735097849741578e-05,0.9999409914016724,-9.750067710876465,5.8291225286666304e-05
1272,"Romania's health-care system is one of the worst in Europe, so much so that a team of people took matters into thei... https://t.co/dkQoUmUia4",1,neutral,0,negative,negative,0,0,Finistral-7B-LoRA (Alpaca prompt),tfns,-0.05490442365407944,0.946590006351471,-2.9299044609069824,0.05340296030044556,-11.867403984069824,7.015496066742344e-06
1273,Russia Is Readying For Robot Wars https://t.co/YpKCkpSrTG,1,neutral,1,neutral,neutral,1,0,Finistral-7B-LoRA (Alpaca prompt),tfns,-14.625004768371582,4.4508416863209277e-07,-4.768360213347478e-06,0.999997615814209,-13.125004768371582,1.9947290184063604e-06
1274,Russia Says Lives Lost in Joint Operation With Turkey in Syria,1,neutral,1,neutral,neutral,1,0,Finistral-7B-LoRA (Alpaca prompt),tfns,-15.187501907348633,2.5360185418321635e-07,-1.6689286894688848e-06,0.9999996423721313,-15.875001907348633,1.2751901579122205e-07
1275,Russia Seeks to Lift Ban on ‘Blood Diamonds’ From African Ally,1,neutral,1,neutral,neutral,1,0,Finistral-7B-LoRA (Alpaca prompt),tfns,-12.312508583068848,4.4951707423024345e-06,-9.059865078597795e-06,0.999993085861206,-12.937508583068848,2.406091425655177e-06
1276,Saudi Arabia arrested at least 8 intellectuals last week as it extended a crackdown on political dissent https://t.co/Da4AfKxDMn,1,neutral,1,neutral,neutral,1,0,Finistral-7B-LoRA (Alpaca prompt),tfns,-1.136905312538147,0.32081693410873413,-0.3869052827358246,0.6791694164276123,-11.199405670166016,1.3682612916454673e-05
1277,Scientists are using realistic-looking fake penguins to convince real ones to move to safer habitats https://t.co/duMa8nLPzD,1,neutral,1,neutral,neutral,1,0,Finistral-7B-LoRA (Alpaca prompt),tfns,-17.312503814697266,3.02883869096604e-08,-3.4570634852570947e-06,0.9999985694885254,-13.500003814697266,1.370957193103095e-06
1278,Secret Chinese documents reveal inner workings of Muslim detention camps. https://t.co/mpAg6qq6BX https://t.co/avWP2G04uC,1,neutral,1,neutral,neutral,1,0,Finistral-7B-LoRA (Alpaca prompt),tfns,-12.500004768371582,3.726636805367889e-06,-5.125986263010418e-06,0.9999955892562866,-14.125004768371582,7.338182967941975e-07
1279,"Snap CEO Evan Spiegel Talks TikTok, Politics And Earnings",1,neutral,1,neutral,neutral,1,0,Finistral-7B-LoRA (Alpaca prompt),tfns,-12.812716484069824,2.725915692280978e-06,-0.00021669900161214173,0.9997938275337219,-8.500216484069824,0.00020342641801107675
1280,So Halsey needs a shower,1,neutral,1,neutral,neutral,1,0,Finistral-7B-LoRA (Alpaca prompt),tfns,-12.312508583068848,4.495180291996803e-06,-8.583032467868179e-06,0.999995231628418,-15.125008583068848,2.699565584407537e-07
1281,Soccer-Mancini spoilt for choice as record-breaking Italy head to Euros - Nasdaq,1,neutral,1,neutral,neutral,1,0,Finistral-7B-LoRA (Alpaca prompt),tfns,-14.50001335144043,5.043434612161946e-07,-1.3232143828645349e-05,0.9999916553497314,-11.75001335144043,7.889258995419368e-06
1282,SolarEdge dostarczy Enfindus falowniki dla Europejskiego projektu solarnego o mocy 1GW.,1,neutral,1,neutral,neutral,1,0,Finistral-7B-LoRA (Alpaca prompt),tfns,-13.125133514404297,1.994483682210557e-06,-0.00013362467871047556,0.9998745918273926,-9.000133514404297,0.00012339433305896819
1283,Some universities have pledged not to set exam questions on topics that have been hit by strike disruption https://t.co/HBD2kg7nMI,1,neutral,1,neutral,neutral,1,0,Finistral-7B-LoRA (Alpaca prompt),tfns,-11.625153541564941,8.938446626416408e-06,-0.00015317220822907984,0.9998512268066406,-8.875153541564941,0.00013982084055896848
1284,"-Spaghetti with a sweet banana ketchup sauce and hotdog chunks
-Sweet burger steaks
-Buckets of fried chicken 
The… https://t.co/Pvy1ytdlSY",1,neutral,1,neutral,neutral,1,0,Finistral-7B-LoRA (Alpaca prompt),tfns,-12.000049591064453,6.1441642174031585e-06,-4.9828242481453344e-05,0.9999921321868896,-13.250049591064453,1.7603324522497132e-06
1285,"Special Reports: Weekly Options Volatility Analysis Ahead of Earnings -- $CDMO, $ORCL seeing high relative volatili… https://t.co/A1YCdejDbS",1,neutral,1,neutral,neutral,1,0,Finistral-7B-LoRA (Alpaca prompt),tfns,-13.250021934509277,1.7603324522497132e-06,-2.169585604860913e-05,0.9999921321868896,-12.000021934509277,6.1441642174031585e-06
1286,Stock market crashes happen more than you think. The key to surviving them is being prepared.  https://t.co/1DutJov1m0,1,neutral,1,neutral,neutral,1,0,Finistral-7B-LoRA (Alpaca prompt),tfns,-7.625512599945068,0.0004878558393102139,-0.0005125877796672285,0.9995094537734985,-12.81301212310791,2.7251403480477165e-06
1287,Stocks Are Writing Checks the Economic Data Can’t Cash,1,neutral,1,neutral,neutral,1,0,Finistral-7B-LoRA (Alpaca prompt),tfns,-5.878861427307129,0.002798043889924884,-0.003861234989017248,0.9961726069450378,-6.878861427307129,0.0010293427621945739
1288,Supreme Court Takes Cognisance Of Infant’s Death During Shaheen Bagh Protest,1,neutral,1,neutral,neutral,1,0,Finistral-7B-LoRA (Alpaca prompt),tfns,-13.62500286102295,1.2098649904146441e-06,-3.2186455882765586e-06,0.9999982118606567,-14.37500286102295,5.714997541872435e-07
1289,Supreme Court won't give Adnan Syed new trial in 'Serial' podcast murder case https://t.co/gUbF5AO9EI,1,neutral,1,neutral,neutral,1,0,Finistral-7B-LoRA (Alpaca prompt),tfns,-9.250114440917969,9.610185952624306e-05,-0.00011407678539399058,0.9998980760574341,-12.062614440917969,5.77136461288319e-06
1290,Sydney's smoke-filled air from the bushfires is so bad it's setting off fire alarms. @SybillaGross explains just h… https://t.co/Ss3reLWhlW,1,neutral,1,neutral,neutral,1,0,Finistral-7B-LoRA (Alpaca prompt),tfns,-6.501510143280029,0.0015011762734502554,-0.0015103134792298079,0.9984948635101318,-12.439010620117188,3.961030870414106e-06
1291,"Taylor Swift sings 'Love Story', 'Blank Space' and more during American Music Awards performance https://t.co/qgEfuSM5xp",1,neutral,1,neutral,neutral,1,0,Finistral-7B-LoRA (Alpaca prompt),tfns,-13.625043869018555,1.2098229262846871e-06,-4.351044481154531e-05,0.9999634027481079,-10.250043869018555,3.5356206353753805e-05
1292,Tension in Hong Kong simmers on,1,neutral,1,neutral,neutral,1,0,Finistral-7B-LoRA (Alpaca prompt),tfns,-5.0067572593688965,0.006692699622362852,-0.006757384166121483,0.9932847023010254,-10.694257736206055,2.2675218133372255e-05
1293,The 16 most innovative new companies of the 2010s https://t.co/oFcdKQkRMu by @ewolffmann https://t.co/wzisb9VNvh,1,neutral,1,neutral,neutral,1,0,Finistral-7B-LoRA (Alpaca prompt),tfns,-14.687578201293945,4.1808743844740093e-07,-7.784063927829266e-05,0.9999247789382935,-9.500078201293945,7.484620437026024e-05
1294,"The Afghanistan Papers Reveal a Tragedy, Not a Crime",1,neutral,1,neutral,neutral,1,0,Finistral-7B-LoRA (Alpaca prompt),tfns,-11.812511444091797,7.4112749643973075e-06,-1.1324817933200393e-05,0.9999918937683105,-14.250011444091797,6.47590013613808e-07
1295,"The African grey parrot is an intelligent animal capable of mimicking human speech, which can live in captivity up… https://t.co/1UX49C10l7",1,neutral,1,neutral,neutral,1,0,Finistral-7B-LoRA (Alpaca prompt),tfns,-16.12500762939453,9.931161315535064e-08,-7.390948667307384e-06,0.9999966621398926,-12.625007629394531,3.288748985141865e-06
1296,The backlash over Peloton's much-maligned holiday ad could be a good thing for the company in the long run https://t.co/VTjv9gaE5Y,1,neutral,2,positive,positive,0,0,Finistral-7B-LoRA (Alpaca prompt),tfns,-5.228941917419434,0.0053598517552018166,-1.2289419174194336,0.29263800382614136,-0.3539418578147888,0.7020021080970764
1297,"The Best Apple Watch Black Friday Deals (2019): List of Apple Watch Series 3, 4 & 5 GPS & Cellular Savings Shared by Save Bubble",1,neutral,1,neutral,neutral,1,0,Finistral-7B-LoRA (Alpaca prompt),tfns,-7.013453006744385,0.0008997355471365154,-0.013453063555061817,0.9866798520088196,-4.388453006744385,0.012420466169714928
1298,The Big Dirty Secret Behind Wind Power,1,neutral,1,neutral,neutral,1,0,Finistral-7B-LoRA (Alpaca prompt),tfns,-10.625025749206543,2.4300234144902788e-05,-2.5629668016335927e-05,0.9999754428863525,-15.250025749206543,2.3823110950615956e-07
1299,The Big Picture: More to the good employment report than job growth $SPY $TNX-- https://t.co/w4dAzYCmAz… https://t.co/6a6tdtLR2k,1,neutral,1,neutral,neutral,1,0,Finistral-7B-LoRA (Alpaca prompt),tfns,-8.480758666992188,0.00020743206550832838,-0.04325897991657257,0.9577135443687439,-3.1682589054107666,0.04207899793982506
1300,The biggest holdup in the U.S.-China negotiations is Washington’s demand that China guarantee its pledge to buy mor… https://t.co/FIbhm2SNtj,1,neutral,1,neutral,neutral,1,0,Finistral-7B-LoRA (Alpaca prompt),tfns,-9.625068664550781,6.605211092391983e-05,-6.90197994117625e-05,0.9999334812164307,-14.687568664550781,4.18091076426208e-07
1301,The Billionaire's Big Job of Restoring Aston Martin,1,neutral,1,neutral,neutral,1,0,Finistral-7B-LoRA (Alpaca prompt),tfns,-13.125015258789062,1.9947094642702723e-06,-1.5258672647178173e-05,0.9999878406524658,-11.500015258789062,1.012997017824091e-05
1302,The CDC says Americans don't have to wear facemasks because of coronavirus https://t.co/uOZUXtZJxt,1,neutral,1,neutral,neutral,1,0,Finistral-7B-LoRA (Alpaca prompt),tfns,-13.68750286102295,1.13656301437004e-06,-2.622600959512056e-06,0.9999982118606567,-14.18750286102295,6.893602630952955e-07
1303,The companies all deserve credit for conscientiously reconsidering the consequences of their design choices https://t.co/U8xZNmVfZQ,1,neutral,1,neutral,neutral,1,0,Finistral-7B-LoRA (Alpaca prompt),tfns,-10.973688125610352,1.7150869098259136e-05,-0.34868794679641724,0.7057729363441467,-1.2236878871917725,0.29420992732048035
1304,The consequences of ultra-low US unemployment https://t.co/sfRBlPKbuY,1,neutral,1,neutral,neutral,1,0,Finistral-7B-LoRA (Alpaca prompt),tfns,-8.751678466796875,0.0001581984106451273,-0.0016782497987151146,0.9983408451080322,-6.501678466796875,0.0015009447233751416
1305,The End of Econ Blogging’s Golden Age,1,neutral,1,neutral,neutral,1,0,Finistral-7B-LoRA (Alpaca prompt),tfns,-7.000924110412598,0.0009110491955652833,-0.0009241600637324154,0.9990867376327515,-13.000924110412598,2.258265112686786e-06
1306,The family behind Krispy Kreme Doughnuts and Panera Bread is adding a member of the Kardashian clan to its portfolio https://t.co/0h1f7I0IyY,1,neutral,1,neutral,neutral,1,0,Finistral-7B-LoRA (Alpaca prompt),tfns,-13.375014305114746,1.5534882322754129e-06,-1.4662635294371285e-05,0.9999922513961792,-12.000014305114746,6.1441646721505094e-06
1307,"The FT View: Jair Bolsonaro should keep his nerve and seize Brazil’s chance to change
https://t.co/4QkSKpohll",1,neutral,1,neutral,neutral,1,0,Finistral-7B-LoRA (Alpaca prompt),tfns,-15.312506675720215,2.2380167763458303e-07,-6.437280717364047e-06,0.9999943971633911,-12.125006675720215,5.4222177823248785e-06
1308,The Infinite Energy Resource We’re Overlooking,1,neutral,1,neutral,neutral,1,0,Finistral-7B-LoRA (Alpaca prompt),tfns,-15.375004768371582,2.1024268903602206e-07,-4.410734163684538e-06,0.9999966621398926,-12.687504768371582,3.0894937026459957e-06
1309,The IRS has a new tax form out and wants to know all about your cryptocurrency https://t.co/dgAgh1v040,1,neutral,1,neutral,neutral,1,0,Finistral-7B-LoRA (Alpaca prompt),tfns,-17.000001907348633,4.139937459513021e-08,-2.7418097943154862e-06,0.9999998807907104,-17.250001907348633,3.224186428951725e-08
1310,"The JEDI suit isn't about Star Wars.

Amazon is suing the Pentagon because it gave Microsoft a cloud computing cont… https://t.co/VAQytv4kJ3",1,neutral,0,negative,negative,0,0,Finistral-7B-LoRA (Alpaca prompt),tfns,-0.0014588914345949888,0.9986560344696045,-6.626459121704102,0.0013249972835183144,-10.876459121704102,1.8900071154348552e-05
1311,The Least Expensive Car Of 2019,1,neutral,1,neutral,neutral,1,0,Finistral-7B-LoRA (Alpaca prompt),tfns,-14.812506675720215,3.6898711641697446e-07,-6.6756979322235566e-06,0.9999959468841553,-12.500006675720215,3.7266381696099415e-06
1312,The man once dubbed 'Britain's Bill Gates' could be one step closer to a US jail,1,neutral,0,negative,negative,0,0,Finistral-7B-LoRA (Alpaca prompt),tfns,-0.22553831338882446,0.7981082201004028,-1.6005382537841797,0.2017933577299118,-9.22553825378418,9.849437628872693e-05
1313,The Markets Speak: The Lesson Has Been Harsh. https://t.co/89QRsOfn53 #business #stocks #stockmarket,1,neutral,0,negative,negative,0,0,Finistral-7B-LoRA (Alpaca prompt),tfns,-0.11290039867162704,0.893268346786499,-2.237900495529175,0.10668569058179855,-9.987900733947754,4.59540679003112e-05
1314,"The most patient investors may want some commodities in their portfolio, says @jasonzweigwsj https://t.co/iPzo9hUxaj",1,neutral,1,neutral,neutral,1,0,Finistral-7B-LoRA (Alpaca prompt),tfns,-11.250609397888184,1.2999938007851597e-05,-0.0006092122639529407,0.9994341731071472,-7.500609397888184,0.0005527714383788407
1315,The most successful money maker in modern finance has one simple rule of thumb for investing: remove all emotion. https://t.co/MBtciNVHrn,1,neutral,1,neutral,neutral,1,0,Finistral-7B-LoRA (Alpaca prompt),tfns,-14.06250286102295,7.811481168573664e-07,-2.9802276912960224e-06,0.999998927116394,-15.25000286102295,2.3823670858291734e-07
1316,The MTA's 2020 resolution: bring contactless payments to all subway stations and buses by the end of the year. https://t.co/5OJSrin71m,1,neutral,1,neutral,neutral,1,0,Finistral-7B-LoRA (Alpaca prompt),tfns,-14.68901252746582,4.1749106571842276e-07,-0.0015125750796869397,0.9984984397888184,-6.50151252746582,0.0015011816285550594
1317,"The New England Patriots admitted that a crew last Sunday ""unknowingly violated a league policy by filming the fiel… https://t.co/3VK3izjuim",1,neutral,1,neutral,neutral,1,0,Finistral-7B-LoRA (Alpaca prompt),tfns,-1.4062511920928955,0.24507923424243927,-0.2812511622905731,0.7548972368240356,-10.656250953674316,2.3554972358397208e-05
1318,The number of new coronavirus cases in Indonesia surges by more than 200 for second consecutive day https://t.co/bdhN2NroqM,1,neutral,1,neutral,neutral,1,0,Finistral-7B-LoRA (Alpaca prompt),tfns,-13.437514305114746,1.4593704236176563e-06,-1.4543427823809907e-05,0.9999945163726807,-12.437514305114746,3.966979875258403e-06
1319,"The Oxford Word of the Year 2019 is what the UN secretary-general called ""the defining issue of our time"" https://t.co/CG7TmQCOW5",1,neutral,1,neutral,neutral,1,0,Finistral-7B-LoRA (Alpaca prompt),tfns,-16.187503814697266,9.329462358209639e-08,-4.410734163684538e-06,0.9999966621398926,-12.625004768371582,3.288748985141865e-06
1320,The Protected Principal Retirement Portfolio: Preliminary Rebalancing - Part II. Read more: https://t.co/FqgNC2brWZ… https://t.co/4os0EzLBOA,1,neutral,1,neutral,neutral,1,0,Finistral-7B-LoRA (Alpaca prompt),tfns,-15.250003814697266,2.3823679384804564e-07,-3.576272320060525e-06,0.9999992847442627,-14.500003814697266,5.043473265686771e-07
1321,The retail winners and losers for when we can spend again: https://t.co/qLtOPsBmME,1,neutral,1,neutral,neutral,1,0,Finistral-7B-LoRA (Alpaca prompt),tfns,-11.562518119812012,9.516205864201766e-06,-1.8596476365928538e-05,0.9999856948852539,-12.250018119812012,4.78504898637766e-06
1322,The search for the Alzheimer's drug is costly and frustratingly unpredictable. But it's actually a calculated gambl… https://t.co/wh7v9OAq23,1,neutral,1,neutral,neutral,1,0,Finistral-7B-LoRA (Alpaca prompt),tfns,-5.1309733390808105,0.0059110624715685844,-0.005973344668745995,0.9940879344940186,-13.755973815917969,1.0613916856527794e-06
1323,"The U.S. may not be able to stop China and Russia from selling arms to Iran next year, says @GhoshWorld… https://t.co/llJ1jsbDiz",1,neutral,1,neutral,neutral,1,0,Finistral-7B-LoRA (Alpaca prompt),tfns,-8.250262260437012,0.00026119028916582465,-0.00026222606538794935,0.9997387528419495,-16.500261306762695,6.823820086765409e-08
1324,"The U.S. Navy says a second victim is dead in addition to the shooter at Naval Air Station Pensacola in Florida, th… https://t.co/cns2vm5dvN",1,neutral,1,neutral,neutral,1,0,Finistral-7B-LoRA (Alpaca prompt),tfns,-5.8778767585754395,0.0028008774388581514,-0.0028765511233359575,0.9971814155578613,-10.940376281738281,1.7728758393786848e-05
1325,"The U.S. reopening its market to Brazilian fresh beef is a matter of when, not if https://t.co/Jr2lcHzJOr",1,neutral,2,positive,positive,0,0,Finistral-7B-LoRA (Alpaca prompt),tfns,-11.266071319580078,1.2800234799215104e-05,-4.141071319580078,0.015906188637018204,-0.016071418300271034,0.9840810298919678
1326,The US has added waiters and bartenders in 112 of the past 11 7 months https://t.co/b1LS0U7EUi,1,neutral,2,positive,positive,0,0,Finistral-7B-LoRA (Alpaca prompt),tfns,-5.939673900604248,0.002633071970194578,-2.814674139022827,0.05992843210697174,-0.06467412412166595,0.937438428401947
1327,The US has crazy-low taxes and this is why https://t.co/rOJq3Bp5r6 via @bopinion,1,neutral,1,neutral,neutral,1,0,Finistral-7B-LoRA (Alpaca prompt),tfns,-11.68842887878418,8.39042058942141e-06,-0.0009284476400353014,0.9990805387496948,-7.0009284019470215,0.0009110435494221747
1328,The Web Might Be a Monopolist’s Best Friend,1,neutral,1,neutral,neutral,1,0,Finistral-7B-LoRA (Alpaca prompt),tfns,-12.812509536743164,2.726458887991612e-06,-9.775113539944869e-06,0.999993085861206,-12.375009536743164,4.22282209910918e-06
1329,"The Week Ahead: Monetary Policy, Stats and an Impeachment in Focus",1,neutral,1,neutral,neutral,1,0,Finistral-7B-LoRA (Alpaca prompt),tfns,-16.812501907348633,4.993717439560896e-08,-1.7881377516459906e-06,0.9999998807907104,-18.125001907348633,1.3440407897746809e-08
1330,There are 'a lot of predators' in the fashion industry: Kathy Ireland,1,neutral,1,neutral,neutral,1,0,Finistral-7B-LoRA (Alpaca prompt),tfns,-9.375089645385742,8.481083204969764e-05,-8.964136941358447e-05,0.9999127388000488,-12.937589645385742,2.40589815803105e-06
1331,"There has been a lot conversation about why companies are staying private longer, but not enough conversation on th… https://t.co/wpIl7U9TJ9",1,neutral,1,neutral,neutral,1,0,Finistral-7B-LoRA (Alpaca prompt),tfns,-14.75000286102295,3.927860063868138e-07,-2.861018856492592e-06,0.9999991655349731,-14.62500286102295,4.450848507531191e-07
1332,These three retail innovators challenge the conventional wisdom of brick and mortar https://t.co/45B2Hlbm32,1,neutral,1,neutral,neutral,1,0,Finistral-7B-LoRA (Alpaca prompt),tfns,-12.8125581741333,2.726346565395943e-06,-5.817244164063595e-05,0.9999518394470215,-10.0000581741333,4.539774454315193e-05
1333,This app recommends stocks based on your Zodiac sign. But it's not what you think,1,neutral,1,neutral,neutral,1,0,Finistral-7B-LoRA (Alpaca prompt),tfns,-14.187505722045898,6.893606041558087e-07,-5.960446742392378e-06,0.9999986886978149,-14.375005722045898,5.715000384043378e-07
1334,This is a great and well reseached book on Justice K. The Ruth Marcus book is a badly written & reseached disaster.… https://t.co/vS6EEFdMEj,1,neutral,1,neutral,neutral,1,0,Finistral-7B-LoRA (Alpaca prompt),tfns,-10.750029563903809,2.1444890080601908e-05,-2.9801878554280847e-05,0.9999758005142212,-12.812529563903809,2.726411821640795e-06
1335,This Is When Your Favorite Stores Open on Black Friday,1,neutral,1,neutral,neutral,1,0,Finistral-7B-LoRA (Alpaca prompt),tfns,-14.50000286102295,5.043472128818394e-07,-2.622600959512056e-06,0.9999990463256836,-14.62500286102295,4.4508479390970024e-07
1336,This man is making millions selling testicular implants for everything from a dog to an elephant.… https://t.co/yDYQvADflP,1,neutral,1,neutral,neutral,1,0,Finistral-7B-LoRA (Alpaca prompt),tfns,-14.937507629394531,3.2563008289798745e-07,-7.510157047363464e-06,0.9999961853027344,-12.562507629394531,3.500853381410707e-06
1337,This map shows the U.S. cities where robots are impacting jobs the most. (via @CNBCMakeIt) https://t.co/75r14auc32 https://t.co/dolkFZtPxx,1,neutral,1,neutral,neutral,1,0,Finistral-7B-LoRA (Alpaca prompt),tfns,-17.875001907348633,1.7257827167327378e-08,-1.311301275563892e-06,0.9999998807907104,-16.062501907348633,1.0571699959882608e-07
1338,Three breakfast reads https://t.co/VHJwACKpI8,1,neutral,1,neutral,neutral,1,0,Finistral-7B-LoRA (Alpaca prompt),tfns,-15.812501907348633,1.3574330637311505e-07,-1.9073468138230965e-06,0.9999997615814209,-16.375001907348633,7.734419682492444e-08
1339,Three Things You Should Check Before Buying Avery Dennison Corporation (NYSE:AVY) For Its Dividend,1,neutral,1,neutral,neutral,1,0,Finistral-7B-LoRA (Alpaca prompt),tfns,-13.625020980834961,1.2098571460228413e-06,-2.074220174108632e-05,0.999991774559021,-11.875020980834961,6.962247425690293e-06
1340,"Thyssenkrupp, Kone discuss multi-billion euro break-up fee - sources",1,neutral,2,positive,positive,0,0,Finistral-7B-LoRA (Alpaca prompt),tfns,-5.776327133178711,0.0031003865879029036,-0.9013272523880005,0.4060705006122589,-0.5263272523880005,0.590829074382782
1341,TicToc Good news...the minority male turtles can handle it]... they are  required to pay child support.,1,neutral,1,neutral,neutral,1,0,Finistral-7B-LoRA (Alpaca prompt),tfns,-9.000843048095703,0.00012330700701568276,-0.0008434075862169266,0.9991670846939087,-7.250843524932861,0.0007095828768797219
1342,"TicToc https://t.co/EOsKuYWXOv tarafından ⚡️ “Iman, the last Sumatran rhinoceros in Malaysia, has died at 25”",1,neutral,1,neutral,neutral,1,0,Finistral-7B-LoRA (Alpaca prompt),tfns,-5.504252910614014,0.00407007010653615,-0.0042530326172709465,0.9959133267402649,-11.004253387451172,1.6633446648484096e-05
1343,Tiger Woods and U.S. Team Score Another Presidents Cup Win,1,neutral,1,neutral,neutral,1,0,Finistral-7B-LoRA (Alpaca prompt),tfns,-11.361143112182617,1.1639581316558179e-05,-0.0486430823802948,0.9525629878044128,-3.048643112182617,0.047425318509340286
1344,Time to drive pensions sharks out of the water for good https://t.co/0B8FXfEjvI,1,neutral,1,neutral,neutral,1,0,Finistral-7B-LoRA (Alpaca prompt),tfns,-8.000968933105469,0.00033514018286950886,-0.0009685831028036773,0.999038815498352,-7.3759684562683105,0.000626124267000705
1345,Today millions of people around the world continue to suffer in poverty. #Data and #technology can enable governmen… https://t.co/6uirAecyyP,1,neutral,1,neutral,neutral,1,0,Finistral-7B-LoRA (Alpaca prompt),tfns,-7.750434875488281,0.0004305566835682839,-0.0004349001101218164,0.999568521976471,-13.875434875488281,9.418389481652412e-07
1346,Top trending: Assange rape investigation dropped; Chick-Fil-A bans donating to anti-LGBTQ groups,1,neutral,1,neutral,neutral,1,0,Finistral-7B-LoRA (Alpaca prompt),tfns,-15.437504768371582,1.9750477520119603e-07,-4.529942543740617e-06,0.9999969005584717,-12.750004768371582,2.902311507568811e-06
1347,"Trade war. Possible recession. Presidential election.

Here are the 3 stocks you need heading into 2020. 

https://t.co/fdcXiqwKpw",1,neutral,1,neutral,neutral,1,0,Finistral-7B-LoRA (Alpaca prompt),tfns,-5.1309661865234375,0.005910926032811403,-0.005965997464954853,0.99406498670578,-10.630966186523438,2.4156604922609404e-05
1348,"Travel Restrictions Won't Help Contain Virus, Johns Hopkins' Nuzzo Says",1,neutral,1,neutral,neutral,1,0,Finistral-7B-LoRA (Alpaca prompt),tfns,-15.500000953674316,1.855391076333035e-07,-7.152555099310121e-07,0.9999997615814209,-16.375,7.734419682492444e-08
1349,"Troops are reinforcing the police in Bogota, after outbreaks of looting and vandalism https://t.co/tGzHJL5v84",1,neutral,1,neutral,neutral,1,0,Finistral-7B-LoRA (Alpaca prompt),tfns,-8.25029182434082,0.00026118592359125614,-0.000291662581730634,0.9997220635414124,-11.00029182434082,1.6697058526915498e-05
1350,Two More Bankers Arrested in Germany Over Tax Scandal Investigation,1,neutral,0,negative,negative,0,0,Finistral-7B-LoRA (Alpaca prompt),tfns,-0.016619686037302017,0.9835582375526428,-4.141619682312012,0.015897737815976143,-7.516619682312012,0.0005439906963147223
1351,"Two people in custody after vehicle breaches checkpoints at Trump's Mar-a-Lago resort, police say https://t.co/rz7EV9ncJw",1,neutral,1,neutral,neutral,1,0,Finistral-7B-LoRA (Alpaca prompt),tfns,-12.375006675720215,4.2228289203194436e-06,-7.152531907195225e-06,0.9999947547912598,-13.750006675720215,1.067698462975386e-06
1352,Ukraine still hasn't received $35 million of approved military aid: report https://t.co/N0yrGxtdQl via @HuffPost https://t.co/58RXm3xu0f,1,neutral,1,neutral,neutral,1,0,Finistral-7B-LoRA (Alpaca prompt),tfns,-6.127188205718994,0.002182713709771633,-0.002188075101003051,0.9978159666061401,-13.564687728881836,1.2850840676037478e-06
1353,"Unlock our award-winning LIVE #investmentresearch, fundamental and #technicalanalysis, #market flow, #earnings cove… https://t.co/1G5gqkLBzM",1,neutral,1,neutral,neutral,1,0,Finistral-7B-LoRA (Alpaca prompt),tfns,-10.500347137451172,2.7527545171324164e-05,-0.0003474347176961601,0.9996765851974487,-8.125347137451172,0.0002959489938803017
1354,Venture capital doesn't work for everyone. There's another way https://t.co/kp76Buetao,1,neutral,1,neutral,neutral,1,0,Finistral-7B-LoRA (Alpaca prompt),tfns,-13.937501907348633,8.851568509271601e-07,-2.3841830625315197e-06,0.9999990463256836,-17.875001907348633,1.7257812956472662e-08
1355,Venture capitalists are embracing direct listings and curbing fees for bankers https://t.co/Xm3d9qsGhl,1,neutral,1,neutral,neutral,1,0,Finistral-7B-LoRA (Alpaca prompt),tfns,-9.270679473876953,9.414861415280029e-05,-0.020679114386439323,0.9795754551887512,-3.895678997039795,0.020330438390374184
1356,Virus Hits Hong Kong Insurers Already Reeling From Protests,1,neutral,0,negative,negative,0,0,Finistral-7B-LoRA (Alpaca prompt),tfns,-0.0001679517881711945,0.9998608827590942,-9.000167846679688,0.00012339263048488647,-11.062667846679688,1.5687613995396532e-05
1357,Voters left in the dark over money behind online election ads https://t.co/84RDNVsRKP,1,neutral,1,neutral,neutral,1,0,Finistral-7B-LoRA (Alpaca prompt),tfns,-10.000045776367188,4.5397864596452564e-05,-4.6132929128361866e-05,0.9999544620513916,-16.062545776367188,1.057122034353597e-07
1358,Waiting for your Equifax settlement cash? Don’t hold your breath https://t.co/60naM4i2NO,1,neutral,1,neutral,neutral,1,0,Finistral-7B-LoRA (Alpaca prompt),tfns,-8.25028133392334,0.00026118711684830487,-0.0002812943421304226,0.9997265934944153,-11.31278133392334,1.2215884453325998e-05
1359,Wall Street Breakfast: Merger Monday. Get more updates here: https://t.co/jl4re63yZs #investing #markets #business,1,neutral,1,neutral,neutral,1,0,Finistral-7B-LoRA (Alpaca prompt),tfns,-14.875005722045898,3.4663187875594303e-07,-5.8412379075889476e-06,0.9999974966049194,-13.062505722045898,2.1233777260931674e-06
1360,"Wall Street Has Plans for Newspapers, and They Aren't Pretty",1,neutral,1,neutral,neutral,1,0,Finistral-7B-LoRA (Alpaca prompt),tfns,-2.126948595046997,0.11920244991779327,-0.12694862484931946,0.8807936310768127,-12.439448356628418,3.95934512198437e-06
1361,Wall Street's Finest Walk Into a $2 Trillion Mess on Saudi Aramco,1,neutral,0,negative,negative,0,0,Finistral-7B-LoRA (Alpaca prompt),tfns,-0.026457654312253,0.9739099740982056,-3.6514575481414795,0.02595382183790207,-8.901457786560059,0.00013619316450785846
1362,Warren Buffett: Growth vs. Cash Generation,1,neutral,1,neutral,neutral,1,0,Finistral-7B-LoRA (Alpaca prompt),tfns,-15.31250286102295,2.2380284292466968e-07,-2.9802276912960224e-06,0.9999996423721313,-15.62500286102295,1.6373765276966878e-07
1363,Watch Live: Shots Fired At Mar-a-Lago https://t.co/kxZiY2weRW,1,neutral,1,neutral,neutral,1,0,Finistral-7B-LoRA (Alpaca prompt),tfns,-11.375014305114746,1.147876446339069e-05,-1.4543427823809907e-05,0.9999881982803345,-15.125014305114746,2.699546541862219e-07
1364,WATCH: A sea of fans filled the streets of Rio de Janeiro to celebrate Flamengo's win over River Plate in the Copa… https://t.co/U0spDtnEzr,1,neutral,1,neutral,neutral,1,0,Finistral-7B-LoRA (Alpaca prompt),tfns,-13.812819480895996,1.002717226583627e-06,-0.0003194298769813031,0.9997029900550842,-8.125319480895996,0.0002959568228106946
1365,"Watchdog faults FBI in Trump campaign probe, but sees no bias https://t.co/ntqbKnWfWJ",1,neutral,1,neutral,neutral,1,0,Finistral-7B-LoRA (Alpaca prompt),tfns,-1.406313419342041,0.24505381286144257,-0.281313419342041,0.7548189163208008,-8.968812942504883,0.00012732375762425363
1366,"What are Kimberly Esterkin's top priorities as an #IRO? 

✅ ""Staying ahead of the best practices in my industry"" 
✅… https://t.co/JDyJevXsED",1,neutral,1,neutral,neutral,1,0,Finistral-7B-LoRA (Alpaca prompt),tfns,-16.937515258789062,4.406938458600962e-08,-1.5020257706055418e-05,0.9999994039535522,-14.437515258789062,5.36874949830235e-07
1367,What Can the 1991 Recession and S&L Crisis Tell Us About Today?,1,neutral,1,neutral,neutral,1,0,Finistral-7B-LoRA (Alpaca prompt),tfns,-13.125009536743164,1.9947253804275533e-06,-9.298280929215252e-06,0.9999958276748657,-13.062509536743164,2.1233740881143603e-06
1368,What is the age of the ‘Instagram face’?,1,neutral,1,neutral,neutral,1,0,Finistral-7B-LoRA (Alpaca prompt),tfns,-9.687578201293945,6.205018144100904e-05,-7.819823804311454e-05,0.9999328851699829,-12.187578201293945,5.0933890634041745e-06
1369,"What to watch in the markets: Thursday, Feb 6",1,neutral,1,neutral,neutral,1,0,Finistral-7B-LoRA (Alpaca prompt),tfns,-14.75000286102295,3.9278592112168553e-07,-2.50339189733495e-06,0.999998927116394,-14.25000286102295,6.475945610873168e-07
1370,What was the top cryptocurrency of 2019?,1,neutral,1,neutral,neutral,1,0,Finistral-7B-LoRA (Alpaca prompt),tfns,-6.253494739532471,0.0019244856666773558,-0.0034949432592839003,0.9969082474708557,-6.753494739532471,0.0011672595283016562
1371,When Can You Afford to Retire? Ask Yourself These 4 Questions,1,neutral,1,neutral,neutral,1,0,Finistral-7B-LoRA (Alpaca prompt),tfns,-16.812501907348633,4.993717439560896e-08,-1.9073468138230965e-06,0.9999998807907104,-16.875001907348633,4.691163724146463e-08
1372,"When companies buy their own shares, executives are quick to cash out https://t.co/19bF83Xoi7 via @BW",1,neutral,1,neutral,neutral,1,0,Finistral-7B-LoRA (Alpaca prompt),tfns,-3.0488312244415283,0.047415461391210556,-0.04883132874965668,0.952364981174469,-8.42383098602295,0.00021957713761366904
1373,"When in doubt, follow the Oracle of Omaha?  https://t.co/eG7b0eXXit",1,neutral,1,neutral,neutral,1,0,Finistral-7B-LoRA (Alpaca prompt),tfns,-16.062501907348633,1.05716978282544e-07,-2.622600959512056e-06,0.9999996423721313,-15.25000286102295,2.3823687911317393e-07
1374,"Which way will the markets be headed next week before traders head home for Thanksgiving? On @MadMoneyOnCNBC,… https://t.co/q4NtFLbrmV",1,neutral,1,neutral,neutral,1,0,Finistral-7B-LoRA (Alpaca prompt),tfns,-11.50003433227539,1.0129858310392592e-05,-3.433168603805825e-05,0.9999768733978271,-11.25003433227539,1.3006996596232057e-05
1375,Whn you've lost Tom Lee...,1,neutral,1,neutral,neutral,1,0,Finistral-7B-LoRA (Alpaca prompt),tfns,-4.018202304840088,0.017985660582780838,-0.01820240542292595,0.9819837808609009,-10.393202781677246,3.064072734559886e-05
1376,Why Accelerated Approval Could Be Huge for This Ovarian Cancer Study,1,neutral,1,neutral,neutral,1,0,Finistral-7B-LoRA (Alpaca prompt),tfns,-10.861120223999023,1.919028363772668e-05,-0.048620034009218216,0.9525558948516846,-3.0486199855804443,0.047424960881471634
1377,why macro funds are shutting down left and right https://t.co/gVYowOBmqe,1,neutral,0,negative,negative,0,0,Finistral-7B-LoRA (Alpaca prompt),tfns,-0.02334059774875641,0.9769633412361145,-3.7733407020568848,0.022975977510213852,-9.710840225219727,6.062482134439051e-05
1378,Why paying down your mortgage faster could be a good investment strategy https://t.co/mUrPzoRwaf,1,neutral,1,neutral,neutral,1,0,Finistral-7B-LoRA (Alpaca prompt),tfns,-13.001336097717285,2.2573292426386615e-06,-0.0013365155318751931,0.9986727237701416,-6.626336574554443,0.0013250194024294615
1379,Why some critics are questioning KKR’s ‘responsible investing’ posture https://t.co/XcwjDUvvDQ,1,neutral,0,negative,negative,0,0,Finistral-7B-LoRA (Alpaca prompt),tfns,-0.1798095852136612,0.8354630470275879,-1.8048095703125,0.16451242566108704,-10.6173095703125,2.448942541377619e-05
1380,Why the Coronavirus Is Making It Cheaper to Fuel Planes,1,neutral,1,neutral,neutral,1,0,Finistral-7B-LoRA (Alpaca prompt),tfns,-9.50063419342041,7.480486237909645e-05,-0.000633992429357022,0.9993724226951599,-7.50063419342041,0.0005527372704818845
1381,"Why the Equal Rights Amendment, a 1972 Ideal, Is Back",1,neutral,1,neutral,neutral,1,0,Finistral-7B-LoRA (Alpaca prompt),tfns,-15.25001049041748,2.382352590757364e-07,-1.0847986231965479e-05,0.999992847442627,-11.87501049041748,6.9622547016479075e-06
1382,Why This Is a Huge Win Against Prostate Cancer,1,neutral,1,neutral,neutral,1,0,Finistral-7B-LoRA (Alpaca prompt),tfns,-10.408681869506836,3.0169598176144063e-05,-0.033682309091091156,0.9668848514556885,-3.408682346343994,0.03308498114347458
1383,Why You're Probably Underestimating How Much You'll Need in Retirement,1,neutral,1,neutral,neutral,1,0,Finistral-7B-LoRA (Alpaca prompt),tfns,-14.25000286102295,6.475943337136414e-07,-2.7418097943154862e-06,0.9999985694885254,-14.12500286102295,7.338205136875331e-07
1384,"Wildfires are still raging across New South Wales, Australia.

Australian firefighters are battling 6 emergency-lev… https://t.co/8KQ9JZVd3L",1,neutral,1,neutral,neutral,1,0,Finistral-7B-LoRA (Alpaca prompt),tfns,-4.758680820465088,0.008577422238886356,-0.008680940605700016,0.9914152026176453,-11.821181297302246,7.3477103796903975e-06
1385,Will the yen see a decline in popularity as more countries enter zero-rate territory? Insights via @CMEGroup https://t.co/zPR2qSO8Pq,1,neutral,1,neutral,neutral,1,0,Finistral-7B-LoRA (Alpaca prompt),tfns,-2.017702579498291,0.1329633891582489,-0.14270257949829102,0.8670302033424377,-11.955202102661133,6.425851097446866e-06
1386,Wish you could only work 4 days a week? Here's why this company made the switch to a shorter workweek.… https://t.co/SHNefqcV1o,1,neutral,1,neutral,neutral,1,0,Finistral-7B-LoRA (Alpaca prompt),tfns,-13.751511573791504,1.0661000260370201e-06,-0.0015115038258954883,0.998497724533081,-6.501511573791504,0.001501180580817163
1387,Witch Hunt!,1,neutral,1,neutral,neutral,1,0,Finistral-7B-LoRA (Alpaca prompt),tfns,-11.750008583068848,7.88925990491407e-06,-9.059865078597795e-06,0.999991774559021,-15.000008583068848,3.0589978905481985e-07
1388,With #YFPremium you can get a heatmap view of your portfolio. Examine sector- and company-level contribution to ret… https://t.co/lq5EJGZ3tg,1,neutral,1,neutral,neutral,1,0,Finistral-7B-LoRA (Alpaca prompt),tfns,-17.562501907348633,2.358864570339847e-08,-2.264974000354414e-06,0.9999996423721313,-15.062501907348633,2.8736849344568327e-07
1389,Woodford’s Bet on U.K. Plc Comes Good Too Late for Investors,1,neutral,1,neutral,neutral,1,0,Finistral-7B-LoRA (Alpaca prompt),tfns,-5.878450870513916,0.002799177775159478,-0.003450751071795821,0.9965762495994568,-7.378450870513916,0.0006245808908715844
1390,World’s Biggest Reservoir May Stop Power Output Amid Drought,1,neutral,0,negative,negative,0,0,Finistral-7B-LoRA (Alpaca prompt),tfns,-5.2689116273541003e-05,0.9999650716781616,-10.375052452087402,3.120179462712258e-05,-12.500052452087402,3.7265231185301673e-06
1391,Worried about a recession? Here’s how to prepare your retirement nest egg,1,neutral,0,negative,negative,0,0,Finistral-7B-LoRA (Alpaca prompt),tfns,-0.1606970578432083,0.8519198894500732,-1.910697102546692,0.1480414718389511,-10.160696983337402,3.867710256599821e-05
1392,Wuhan Doctor’s Death A Massive Headwind For China Coronavirus Sentiment,1,neutral,0,negative,negative,0,0,Finistral-7B-LoRA (Alpaca prompt),tfns,-0.0890059843659401,0.914871335029602,-2.464005947113037,0.08509628474712372,-10.339006423950195,3.2347565138479695e-05
1393,You Can Own a Fraction of a Warhol. But Should You?,1,neutral,1,neutral,neutral,1,0,Finistral-7B-LoRA (Alpaca prompt),tfns,-14.812501907348633,3.689884522373177e-07,-1.7881377516459906e-06,0.9999995231628418,-16.000001907348633,1.1253511900122248e-07
1394,You should always buy these 4 things in bulk. (via @CNBCMakeIt) https://t.co/Dujz63MaP5,1,neutral,1,neutral,neutral,1,0,Finistral-7B-LoRA (Alpaca prompt),tfns,-14.56251049041748,4.737883045891067e-07,-1.0490362910786644e-05,0.9999947547912598,-12.25001049041748,4.785092642123345e-06
1395,Your 70s can be tricky — how do you increase your resources while using them wisely? Here's how to invest for a lif… https://t.co/iVyGisOsaA,1,neutral,1,neutral,neutral,1,0,Finistral-7B-LoRA (Alpaca prompt),tfns,-15.687501907348633,1.538172824666617e-07,-2.145764938177308e-06,0.9999995231628418,-15.062501907348633,2.8736846502397384e-07
1396,"Your future portfolio might be stocks, bonds, and a bit of basketball https://t.co/6Dmyj8s9aJ via @BW",1,neutral,1,neutral,neutral,1,0,Finistral-7B-LoRA (Alpaca prompt),tfns,-16.562503814697266,6.412057729221488e-08,-2.9802276912960224e-06,0.9999994039535522,-14.43750286102295,5.36874949830235e-07
1397,"🖥️ Google new quantum computer that can perform computations in 200 seconds that otherwise would take 10,000 years https://t.co/wxZxiFnotV",1,neutral,2,positive,positive,0,0,Finistral-7B-LoRA (Alpaca prompt),tfns,-11.251983642578125,1.298206734645646e-05,-6.251984119415283,0.0019267096649855375,-0.0019840572495013475,0.9980602860450745
1398,Gold Price Forecast – Gold Markets Decline Into The Weekend,0,negative,0,negative,negative,1,0,Finistral-7B-LoRA (Alpaca prompt),tfns,-0.00018046658078674227,0.9998365640640259,-9.0001802444458,0.00012338963279034942,-10.1251802444458,4.0058745071291924e-05
1399,Brazil's Vale loses spot as world's top iron ore producer to Rio Tinto https://t.co/YFpdog1bsu https://t.co/QYFVJa50go,0,negative,0,negative,negative,1,0,Finistral-7B-LoRA (Alpaca prompt),tfns,-0.00014733182615600526,0.9998695850372314,-9.125146865844727,0.0001088945718947798,-10.750146865844727,2.144261270586867e-05
1400,India's gold imports declined for the fifth month as the slowest economic growth in six years curbed demand during… https://t.co/y6BgL5cSPj,0,negative,1,neutral,neutral,0,0,Finistral-7B-LoRA (Alpaca prompt),tfns,-0.9906465411186218,0.372122198343277,-0.9906465411186218,0.372122198343277,-1.3656466007232666,0.25575557351112366
1401,Gold Falls After Strong Jobless Report #Silver #Stock #MarketScreener https://t.co/3ztxIAtUKP https://t.co/v92anbNxu3,0,negative,0,negative,negative,1,0,Finistral-7B-LoRA (Alpaca prompt),tfns,-0.0001006075763143599,0.9999277591705322,-12.000100135803223,6.143768587207887e-06,-9.625100135803223,6.605173257412389e-05
1402,Gold Edges Lower With Investors Eyeing Economic Data #Silver #Stock #MarketScreener https://t.co/7goZcHKZGW https://t.co/9oGCWjeq0J,0,negative,0,negative,negative,1,0,Finistral-7B-LoRA (Alpaca prompt),tfns,-0.00014923889830242842,0.999880313873291,-11.43764877319336,1.0782137906062417e-05,-9.12514877319336,0.00010889574332395568
1403,Gold Edges Lower With Investors Eyeing Economic Data #Silver #Stock #MarketScreener https://t.co/i53u7vaynH https://t.co/XI4WdZLCZf,0,negative,0,negative,negative,1,0,Finistral-7B-LoRA (Alpaca prompt),tfns,-0.00014709345123264939,0.999882698059082,-11.687646865844727,8.397157216677442e-06,-9.125146865844727,0.00010889599798247218
1404,$FCX $BHP $SCCO - Copper drops again; LME closes Ring for first time since WW II https://t.co/79bmc5AC7W,0,negative,0,negative,negative,1,0,Finistral-7B-LoRA (Alpaca prompt),tfns,-4.0649541915627196e-05,0.999991774559021,-12.875041007995605,2.5612675926822703e-06,-12.062541007995605,5.771905762230745e-06
1405,CME : Volatility in New York gold prices impacting liquidity in London - LBMA #CME #Stock #MarketScreener… https://t.co/8ILGYoJHzS,0,negative,1,neutral,neutral,0,0,Finistral-7B-LoRA (Alpaca prompt),tfns,-12.18751335144043,5.0936932893819176e-06,-1.3232143828645349e-05,0.9999926090240479,-13.00001335144043,2.2603128400078276e-06
1406,"$XAUUSD:CUR $GLD $IAU - Gold closing in on $1,700 https://t.co/dlF56Hes3D",2,positive,2,positive,positive,1,0,Finistral-7B-LoRA (Alpaca prompt),tfns,-10.437962532043457,2.92989188892534e-05,-7.750463008880615,0.00043054448906332254,-0.0004629017203114927,0.9995402097702026
1407,"Dec. gold climbs $2.40, or 0.2%, to settle at $1,474.30/oz",2,positive,2,positive,positive,1,0,Finistral-7B-LoRA (Alpaca prompt),tfns,-11.562522888183594,9.516134923615027e-06,-11.312522888183594,1.221895854541799e-05,-2.288792165927589e-05,0.9999781847000122
1408,"Feb. gold climbs $8.90, or 0.6%, to settle at $1,481.20/oz",2,positive,2,positive,positive,1,0,Finistral-7B-LoRA (Alpaca prompt),tfns,-11.562529563903809,9.516071258985903e-06,-10.875029563903809,1.8924967662314884e-05,-2.9682672902708873e-05,0.9999715089797974
1409,"Gold futures climb nearly 3%, settling at the highest level since December 2012 https://t.co/um1vukp9mc",2,positive,2,positive,positive,1,0,Finistral-7B-LoRA (Alpaca prompt),tfns,-11.375014305114746,1.1478740816528443e-05,-12.937514305114746,2.4060748273768695e-06,-1.4305012882687151e-05,0.9999861717224121
1410,Gold Soars To 8-Year Highs As Stocks Melt-Up On Massive Short-Squeeze  https://t.co/80904NqvN0,2,positive,2,positive,positive,1,0,Finistral-7B-LoRA (Alpaca prompt),tfns,-8.375272750854492,0.0002304974914295599,-10.125272750854492,4.005445589427836e-05,-0.00027247529942542315,0.9997294545173645
1411,Silver Weekly Price Forecast – Silver Markets Rally Significantly,2,positive,2,positive,positive,1,0,Finistral-7B-LoRA (Alpaca prompt),tfns,-8.875249862670898,0.00013980685616843402,-9.125249862670898,0.00010888168617384508,-0.00024959311122074723,0.9997512698173523
1412,Gold rises https://t.co/pCFxistRTq https://t.co/EccKbrGpHF,2,positive,2,positive,positive,1,0,Finistral-7B-LoRA (Alpaca prompt),tfns,-10.000226974487305,4.5389719161903486e-05,-8.625226974487305,0.0001795198186300695,-0.0002273062855238095,0.9997751116752625
1413,Gold: Prepare For Bull Market To Begin Any Day. https://t.co/H54NIPOiww #business #finance #economy,2,positive,2,positive,positive,1,0,Finistral-7B-LoRA (Alpaca prompt),tfns,-12.625006675720215,3.2887378438317683e-06,-12.625006675720215,3.2887378438317683e-06,-7.152531907195225e-06,0.9999933242797852
1414,Best And Worst Q1 2020: Basic Materials ETFs And Mutual Funds. https://t.co/IPnvVdskQZ #business #finance #markets,1,neutral,1,neutral,neutral,1,0,Finistral-7B-LoRA (Alpaca prompt),tfns,-14.750001907348633,3.92786148495361e-07,-2.145764938177308e-06,0.9999995231628418,-17.437501907348633,2.672943466563993e-08
1415,Catalyst Metals : Joint Venture with St Barbara on Drummartin project #CatalystMetals #Stock #MarketScreener… https://t.co/hs4iuvtDbN,1,neutral,1,neutral,neutral,1,0,Finistral-7B-LoRA (Alpaca prompt),tfns,-14.625056266784668,4.450621418072842e-07,-5.61460001335945e-05,0.9999481439590454,-9.875056266784668,5.144219539943151e-05
1416,The diamond industry is working to build a carbon-neutral mine within the next decade. Insights via @DPAssociation https://t.co/bkqWR2d1aX,1,neutral,1,neutral,neutral,1,0,Finistral-7B-LoRA (Alpaca prompt),tfns,-15.31258773803711,2.2378391406618903e-07,-8.821098163025454e-05,0.9999150037765503,-9.37508773803711,8.48110212245956e-05
1417,$COMDX: Metals Settlement Prices https://t.co/hcbCEY76s8,1,neutral,1,neutral,neutral,1,0,Finistral-7B-LoRA (Alpaca prompt),tfns,-12.437519073486328,3.966970780311385e-06,-1.883488948806189e-05,0.9999922513961792,-12.500019073486328,3.7266242998157395e-06
1418,$COMDX: Metals Settlement Prices https://t.co/klzxoYZMDh,1,neutral,1,neutral,neutral,1,0,Finistral-7B-LoRA (Alpaca prompt),tfns,-12.625012397766113,3.288740344942198e-06,-1.2516897186287679e-05,0.9999940395355225,-12.812512397766113,2.726461616475717e-06
1419,Nickel Monthly News For The Month Of January 2020. https://t.co/dqgOlMmJMl #markets #economy #stocks,1,neutral,1,neutral,neutral,1,0,Finistral-7B-LoRA (Alpaca prompt),tfns,-10.125114440917969,4.0061044273898005e-05,-0.00011491115583339706,0.9998939037322998,-9.625114440917969,6.604949885513633e-05
1420,$COMDX: Metals Settlement Prices https://t.co/UultNDoj0j,1,neutral,1,neutral,neutral,1,0,Finistral-7B-LoRA (Alpaca prompt),tfns,-12.81251335144043,2.726462525970419e-06,-1.3589766240329482e-05,0.9999943971633911,-12.75001335144043,2.902304231611197e-06
1421,$COMDX: Metals Settlement Prices https://t.co/FdbGhOjvKi,1,neutral,1,neutral,neutral,1,0,Finistral-7B-LoRA (Alpaca prompt),tfns,-12.687516212463379,3.089483698204276e-06,-1.585470999998506e-05,0.9999934434890747,-12.562516212463379,3.500843831716338e-06
1422,$COMDX: Metals Settlement Prices https://t.co/zZXI6yitLs,1,neutral,1,neutral,neutral,1,0,Finistral-7B-LoRA (Alpaca prompt),tfns,-12.875012397766113,2.561274641266209e-06,-1.2516897186287679e-05,0.9999945163726807,-12.750012397766113,2.9023046863585478e-06
1423,#IPOs expected/Priced this week https://t.co/CUVLFGPBiP #IPOCalendar $CAN $PINE $SITM,1,neutral,1,neutral,neutral,1,0,Finistral-7B-LoRA (Alpaca prompt),tfns,-13.06265926361084,2.123081458194065e-06,-0.00015960850578267127,0.999858021736145,-8.87515926361084,0.00013982178643345833
1424,A year in which the IPO market sobered up https://t.co/bgpuGK5XpJ,1,neutral,1,neutral,neutral,1,0,Finistral-7B-LoRA (Alpaca prompt),tfns,-11.000021934509277,1.670139863563236e-05,-2.1576648578047752e-05,0.9999818801879883,-13.500021934509277,1.3709342283618753e-06
1425,"Casper prices its IPO at $12 a share, the low end of range",1,neutral,1,neutral,neutral,1,0,Finistral-7B-LoRA (Alpaca prompt),tfns,-7.130447864532471,0.0008003824041225016,-0.0054477802477777,0.9945936799049377,-5.380447864532471,0.004605882801115513
1426,"For International Funds Considering The Aramco IPO, A Short-Term Strategy That Might Play Out",1,neutral,1,neutral,neutral,1,0,Finistral-7B-LoRA (Alpaca prompt),tfns,-13.06251335144043,2.123368858519825e-06,-1.3351351299206726e-05,0.9999933242797852,-12.31251335144043,4.495171651797136e-06
1427,Fortinet Makes an Acquisition for One of the Fastest-Growing Segments of Cybersecurity,1,neutral,1,neutral,neutral,1,0,Finistral-7B-LoRA (Alpaca prompt),tfns,-13.750129699707031,1.0675711337171379e-06,-0.00012981049076188356,0.999875545501709,-9.000129699707031,0.00012339444947429
1428,"Inszone Insurance Acquires James Swiniuch Agency, Inc",1,neutral,1,neutral,neutral,1,0,Finistral-7B-LoRA (Alpaca prompt),tfns,-11.25595474243164,1.2930242519360036e-05,-0.005954266060143709,0.9940760135650635,-5.130954265594482,0.005910991691052914
1429,Meritex Enters Dallas Market With Acquisition of Jetstar 114 Business Center,1,neutral,1,neutral,neutral,1,0,Finistral-7B-LoRA (Alpaca prompt),tfns,-13.1251859664917,1.994371814362239e-06,-0.00018606838420964777,0.9998185038566589,-8.6251859664917,0.00017952760390471667
1430,OneWater Marine raised $55.4 mln in the IPO,1,neutral,2,positive,positive,0,0,Finistral-7B-LoRA (Alpaca prompt),tfns,-8.382838249206543,0.0002287620009155944,-0.6328379511833191,0.5310878753662109,-0.7578379511833191,0.4686833918094635
1431,"PPD's stock indicated in early going to open at $30, or 11% above $27 IPO price",1,neutral,1,neutral,neutral,1,0,Finistral-7B-LoRA (Alpaca prompt),tfns,-6.788532733917236,0.001127553405240178,-0.47603291273117065,0.6217575073242188,-0.9760329127311707,0.3771149814128876
1432,$ALGN - Align loses patent case against 3Shape https://t.co/2HgNiksWgy,0,negative,0,negative,negative,1,0,Finistral-7B-LoRA (Alpaca prompt),tfns,-4.672895011026412e-05,0.9999737739562988,-11.125046730041504,1.473881184210768e-05,-11.375046730041504,1.1478598935354967e-05
1433,Alstom's U.K. unit fined 15 million pounds in connection with bribes paid in Tunisia https://t.co/wAS04f4bOb,0,negative,0,negative,negative,1,0,Finistral-7B-LoRA (Alpaca prompt),tfns,-0.0002466136065777391,0.9997918009757996,-9.37524700164795,8.480057294946164e-05,-9.00024700164795,0.00012338410306256264
1434,"Amazon files suit, challenging Pentagon’s $10 billion cloud contract to Microsoft https://t.co/bhI1vQg91J",0,negative,0,negative,negative,1,0,Finistral-7B-LoRA (Alpaca prompt),tfns,-0.0006727101281285286,0.999366819858551,-7.375672817230225,0.0006263297982513905,-11.875672340393066,6.957896403037012e-06
1435,Amazon's Third-Party Marketplace Faces Fresh Regulatory Headwinds,0,negative,0,negative,negative,1,0,Finistral-7B-LoRA (Alpaca prompt),tfns,-0.0005090133054181933,0.9995043277740479,-7.625508785247803,0.00048785333638079464,-11.750509262084961,7.885413651820272e-06
1436,Auto parts supplier Prevent sues Volkswagen for suppressing competition,0,negative,0,negative,negative,1,0,Finistral-7B-LoRA (Alpaca prompt),tfns,-0.00013028726971242577,0.9999172687530518,-9.625130653381348,6.605104135815054e-05,-11.000130653381348,1.6700318155926652e-05
1437,EU probes Qualcomm over radio-frequency chips,0,negative,0,negative,negative,1,0,Finistral-7B-LoRA (Alpaca prompt),tfns,-4.446407547220588e-05,0.9999773502349854,-10.875044822692871,1.8925076801679097e-05,-12.500044822692871,3.7265688206389314e-06
1438,India's state-run banks report fraud of more than $13 billion in 6 months,0,negative,0,negative,negative,1,0,Finistral-7B-LoRA (Alpaca prompt),tfns,-0.014402247034013271,0.9858430027961731,-4.264402389526367,0.014062294736504555,-9.264402389526367,9.475099795963615e-05
1439,"Madhya Pradesh Vyapam Scam: Man Gets 10 Years, 30 Others Get 7 Years In Jail",0,negative,1,neutral,neutral,0,0,Finistral-7B-LoRA (Alpaca prompt),tfns,-3.0488924980163574,0.047414787113666534,-0.04889252036809921,0.952351450920105,-8.361392974853516,0.00023373535077553242
1440,New York hits Juul with a lawsuit,0,negative,0,negative,negative,1,0,Finistral-7B-LoRA (Alpaca prompt),tfns,-2.1815061700181104e-05,0.9999934434890747,-13.250021934509277,1.7603347259864677e-06,-12.250021934509277,4.785086275660433e-06
1441,Rio Tinto faces Mongolia lawsuit over Oyu Tolgoi mine,0,negative,0,negative,negative,1,0,Finistral-7B-LoRA (Alpaca prompt),tfns,-7.962863310240209e-05,0.9999608993530273,-11.750079154968262,7.889016160333995e-06,-10.375079154968262,3.120166729786433e-05
1442,Sanctions-hit refiner Nynas handed administrator by Swedish court,0,negative,0,negative,negative,1,0,Finistral-7B-LoRA (Alpaca prompt),tfns,-0.008711902424693108,0.9913442134857178,-4.758711814880371,0.00857680756598711,-9.446211814880371,7.898966578068212e-05
1443,U.S. agency probes 12th Tesla crash tied to possible Autopilot use,0,negative,0,negative,negative,1,0,Finistral-7B-LoRA (Alpaca prompt),tfns,-6.401333666872233e-05,0.9999606609344482,-10.2500638961792,3.535611176630482e-05,-12.4375638961792,3.966845724789891e-06
1444,UK regulator orders recall of fire-risk Whirlpool washing machines,0,negative,0,negative,negative,1,0,Finistral-7B-LoRA (Alpaca prompt),tfns,-0.0008200620068237185,0.9992201328277588,-7.250820159912109,0.0007096205372363329,-9.56332015991211,7.02619508956559e-05
1445,"United was sued by a passenger for refusing to issue refunds, just days after U.S. regulators ordered airlines to r… https://t.co/JvGcITvqPf",0,negative,0,negative,negative,1,0,Finistral-7B-LoRA (Alpaca prompt),tfns,-3.1709168979432434e-05,0.9999901056289673,-12.000031471252441,6.144151484477334e-06,-12.500031471252441,3.726616341737099e-06
1446,UPDATE 1-Italian police search ArcelorMittal offices over Ilva probe,0,negative,1,neutral,neutral,0,0,Finistral-7B-LoRA (Alpaca prompt),tfns,-7.250787258148193,0.0007096315384842455,-0.0007870675181038678,0.9992356300354004,-9.813286781311035,5.472090924740769e-05
1447,Walmart employee's family files wrongful death lawsuit after man dies of coronavirus complications https://t.co/cXYG6iXeL0,0,negative,0,negative,negative,1,0,Finistral-7B-LoRA (Alpaca prompt),tfns,-0.00022671037004329264,0.9997901320457458,-9.875226974487305,5.143406451679766e-05,-8.750226974487305,0.00015842805441934615
1448,WeWork Faces Another Investigation Over Neumann,0,negative,0,negative,negative,1,0,Finistral-7B-LoRA (Alpaca prompt),tfns,-0.0002731903805397451,0.9997419714927673,-8.375272750854492,0.0002305003727087751,-10.500272750854492,2.7529345970833674e-05
1449,$TEVA - Teva in talks with DoJ to end generics probes - Bloomberg https://t.co/a47OmArrQY,2,positive,2,positive,positive,1,0,Finistral-7B-LoRA (Alpaca prompt),tfns,-9.188641548156738,0.00010219426621915773,-6.876141548156738,0.001032125554047525,-0.001141373417340219,0.9988657236099243
1450,BPH Energy : Settlement of Litigation #BPHEnergy #Stock #MarketScreener https://t.co/DD5IfT4zgo https://t.co/sZfkzFWMcP,2,positive,2,positive,positive,1,0,Finistral-7B-LoRA (Alpaca prompt),tfns,-9.07367992401123,0.00011464588897069916,-4.5111799240112305,0.010985682718455791,-0.011179781518876553,0.9888995885848999
1451,Enterprise Wins Favorable Ruling From Texas Supreme Court,2,positive,2,positive,positive,1,0,Finistral-7B-LoRA (Alpaca prompt),tfns,-12.187995910644531,5.091220373287797e-06,-7.625495433807373,0.00048785467515699565,-0.000495549407787621,0.9995070695877075
1452,Fiat reaches settlement with Italy tax agency over Chrysler value claim,2,positive,2,positive,positive,1,0,Finistral-7B-LoRA (Alpaca prompt),tfns,-11.447275161743164,1.0678624676074833e-05,-4.634775161743164,0.009708373807370663,-0.009775150567293167,0.9902809858322144
1453,GM not liable for punitive damages in ignition switch cases: U.S. appeals court,2,positive,2,positive,positive,1,0,Finistral-7B-LoRA (Alpaca prompt),tfns,-8.636235237121582,0.00017755586304701865,-4.51123571395874,0.010984992608428001,-0.011235538870096207,0.988837480545044
1454,Gm wins key legal victory over pre-bankruptcy liability,2,positive,2,positive,positive,1,0,Finistral-7B-LoRA (Alpaca prompt),tfns,-12.000720977783203,6.139814104244579e-06,-7.250720500946045,0.0007096660556271672,-0.0007207180024124682,0.9992842078208923
1455,HSBC makes last-minute settlement with ex-currencies head https://t.co/uqYy01pnBL,2,positive,2,positive,positive,1,0,Finistral-7B-LoRA (Alpaca prompt),tfns,-7.526870250701904,0.0005384376272559166,-3.651870012283325,0.02594337798655033,-0.026870060712099075,0.9735181331634521
1456,Alphabet Seeks Quiet End to Investor Suits Over Sex Harassment,1,neutral,1,neutral,neutral,1,0,Finistral-7B-LoRA (Alpaca prompt),tfns,-2.9597020149230957,0.05185037851333618,-0.33470210433006287,0.7157723903656006,-1.4597021341323853,0.23237726092338562
1457,"Amazon seeks to depose Trump, Esper in lawsuit over cloud computing contract",1,neutral,1,neutral,neutral,1,0,Finistral-7B-LoRA (Alpaca prompt),tfns,-7.750877380371094,0.00043037175782956183,-0.0008772339206188917,0.9991391897201538,-7.750877380371094,0.00043037175782956183
1458,Bayer seeks reversal of $86M Roundup cancer verdict,1,neutral,1,neutral,neutral,1,0,Finistral-7B-LoRA (Alpaca prompt),tfns,-4.511113166809082,0.0109865078702569,-0.011113292537629604,0.98897385597229,-10.136113166809082,3.9623530028620735e-05
1459,"California to stop buying GM, Toyota and Fiat Chrysler vehicles over emissions fight",1,neutral,0,negative,negative,0,0,Finistral-7B-LoRA (Alpaca prompt),tfns,-3.516612196108326e-05,0.9999754428863525,-11.000035285949707,1.670129131525755e-05,-11.750035285949707,7.889130756666418e-06
1460,CN meets U.S. federal requirement to operate Positive Train Control on all required tracks ahead of schedule  https://t.co/79kRLNp5Ip,1,neutral,2,positive,positive,0,0,Finistral-7B-LoRA (Alpaca prompt),tfns,-11.253683090209961,1.2960386811755598e-05,-5.628683567047119,0.0035935561172664165,-0.0036834506317973137,0.9963935017585754
1461,Department of Justice Blames China for Equifax Data Breach: What You Need to Know,1,neutral,1,neutral,neutral,1,0,Finistral-7B-LoRA (Alpaca prompt),tfns,-2.9300527572631836,0.053400199860334396,-0.055052682757377625,0.9465411305427551,-9.742552757263184,5.873698682989925e-05
1462,DOJ moves to scrap decades-old movie distribution rules,1,neutral,2,positive,positive,0,0,Finistral-7B-LoRA (Alpaca prompt),tfns,-7.055781364440918,0.0008624400361441076,-2.930781364440918,0.05335727706551552,-0.055781371891498566,0.945780336856842
1463,DOJ seeks to reverse the ruling against Qualcomm,1,neutral,2,positive,positive,0,0,Finistral-7B-LoRA (Alpaca prompt),tfns,-10.87540054321289,1.8917955458164215e-05,-7.875400543212891,0.00037997731124050915,-0.00040058218291960657,0.9996010661125183
1464,FAA chief weighs changes to plane approval process: WSJ,1,neutral,1,neutral,neutral,1,0,Finistral-7B-LoRA (Alpaca prompt),tfns,-15.000003814697266,3.059020627915743e-07,-3.814689989667386e-06,0.9999991655349731,-14.500003814697266,5.043472697252582e-07
1465,"JetBlue founder was a ""death knell"" for this Canada carrier, a lawsuit says https://t.co/14JYSa5ahV",1,neutral,0,negative,negative,0,0,Finistral-7B-LoRA (Alpaca prompt),tfns,-0.000662822334561497,0.9993589520454407,-7.375662803649902,0.0006263249088078737,-11.125662803649902,1.4729749636899214e-05
1466,"NEW: A federal appeals court in Washington upheld regulations by the FDA saying ""e-cigarettes are indisputably high… https://t.co/fM0DaAKGK6",1,neutral,1,neutral,neutral,1,0,Finistral-7B-LoRA (Alpaca prompt),tfns,-5.008051872253418,0.006684042047709227,-0.008051675744354725,0.9919997453689575,-6.633051872253418,0.0013161659007892013
1467,NEW: Teva and other generic drugmakers have held talks with the U.S. about resolving a long-running probe of allege… https://t.co/CmycwwREYa,1,neutral,2,positive,positive,0,0,Finistral-7B-LoRA (Alpaca prompt),tfns,-5.891481399536133,0.002763639437034726,-0.8289815783500671,0.436613529920578,-0.5789815783500671,0.5606228709220886
1468,Roche's Small Spark Deal Holds a Big Regulatory Warning,1,neutral,1,neutral,neutral,1,0,Finistral-7B-LoRA (Alpaca prompt),tfns,-1.805508017539978,0.1644059270620346,-0.18050797283649445,0.834922194480896,-7.305508136749268,0.0006718894583173096
1469,SEC investigator https://t.co/xn4CBYig52,1,neutral,0,negative,negative,0,0,Finistral-7B-LoRA (Alpaca prompt),tfns,-0.03399219736456871,0.9666985869407654,-3.408992290496826,0.03307860344648361,-8.408991813659668,0.00022288189211394638
1470,U.S. arrests three in alleged $722 million cryptocurrency fraud https://t.co/r7JbcAUepE https://t.co/I6DBZ4xKzB,1,neutral,1,neutral,neutral,1,0,Finistral-7B-LoRA (Alpaca prompt),tfns,-1.9118860960006714,0.14783263206481934,-0.1618860810995102,0.850718080997467,-6.536886215209961,0.0014493003254756331
1471,UPDATE 1-Swedbank pledges prompt release of money laundering probe,1,neutral,1,neutral,neutral,1,0,Finistral-7B-LoRA (Alpaca prompt),tfns,-5.75345516204834,0.0031718567479401827,-0.003455265425145626,0.9965677261352539,-8.25345516204834,0.00026036181952804327
1472,$AMTD - Ameritrade: Charles Schwab's Offer In Line With Our Valuation. Keep reading: https://t.co/soth7CVICV #business #finance #stocks,1,neutral,2,positive,positive,0,0,Finistral-7B-LoRA (Alpaca prompt),tfns,-9.651530265808105,6.43287567072548e-05,-2.4640300273895264,0.08509356528520584,-0.08903008699417114,0.9148420691490173
1473,$AMTD $SCHW - Schwab to buy TD Ameritrade in $26B all-stock deal https://t.co/eycEc0Nye9,1,neutral,2,positive,positive,0,0,Finistral-7B-LoRA (Alpaca prompt),tfns,-12.437936782836914,3.965278210671386e-06,-7.750436782836914,0.0004305554029997438,-0.0004368066438473761,0.9995655417442322
1474,$BYND - Susquehanna holds stake in Beyond Meat https://t.co/RIuPccbwsX,1,neutral,2,positive,positive,0,0,Finistral-7B-LoRA (Alpaca prompt),tfns,-11.500640869140625,1.0123646461579483e-05,-7.375640869140625,0.0006263278191909194,-0.0006410212954506278,0.9993636012077332
1475,"$CBS: CBS/Viacom (VIAB) expect to close merger on Wednesday, December 4th https://t.co/UuC8Oj9MAP",1,neutral,2,positive,positive,0,0,Finistral-7B-LoRA (Alpaca prompt),tfns,-11.088977813720703,1.5280169463949278e-05,-2.463977336883545,0.08509774506092072,-0.08897741138935089,0.914887011051178
1476,$GATX: GATX enters into stock purchase agreement for the sale of its American Steamship Company business to Rand... https://t.co/FgdxBcYBd9,1,neutral,1,neutral,neutral,1,0,Finistral-7B-LoRA (Alpaca prompt),tfns,-8.829086303710938,0.0001464192901039496,-0.07908670604228973,0.9240065217018127,-2.5790867805480957,0.0758470743894577
1477,$INFY: Infosys to acquire cloud solutions company Simplus; terms not disclosed https://t.co/yYMwyRYblI,1,neutral,2,positive,positive,0,0,Finistral-7B-LoRA (Alpaca prompt),tfns,-12.875387191772461,2.5603089852666017e-06,-7.875386714935303,0.00037998356856405735,-0.0003868784988299012,0.9996174573898315
1478,$LCII - LCI Industries lands Polyplastic https://t.co/t6omAq06sK,1,neutral,1,neutral,neutral,1,0,Finistral-7B-LoRA (Alpaca prompt),tfns,-8.13875961303711,0.00029200754943303764,-0.5762600302696228,0.5620123147964478,-0.8262600302696228,0.4376956522464752
1479,$NVS - Novartis: Swiss Pharmaceutical Titan On Sale. https://t.co/FI5wU6MyeC #investing #markets #stocks,1,neutral,1,neutral,neutral,1,0,Finistral-7B-LoRA (Alpaca prompt),tfns,-2.9520316123962402,0.052240367978811264,-0.07703172415494919,0.9259825944900513,-3.8270316123962402,0.021777024492621422
1480,$RMLRF $TRYUF - Ramelius Resources to scoop up Spectrum Metals https://t.co/5gqMvy0sSS,1,neutral,1,neutral,neutral,1,0,Finistral-7B-LoRA (Alpaca prompt),tfns,-9.445223808288574,7.906935206847265e-05,-0.007723469287157059,0.992344319820404,-4.882723331451416,0.007576642092317343
1481,$SRNE: Sorrento Therapeutics says rejects cash acquisition proposal for between $3.00-5.00/share https://t.co/ib0vORvPPF,1,neutral,1,neutral,neutral,1,0,Finistral-7B-LoRA (Alpaca prompt),tfns,-4.0962090492248535,0.016644522547721863,-0.09620917588472366,0.9087598919868469,-2.5962092876434326,0.07459555566310883
1482,$TCO: Taubman Centers: Simon Property Group to acquire TCO for $52.50 per share in cash https://t.co/WbnGpQwuiR,1,neutral,2,positive,positive,0,0,Finistral-7B-LoRA (Alpaca prompt),tfns,-9.11130142211914,0.00011042237747460604,-3.0488011837005615,0.04742063209414482,-0.048801131546497345,0.9524689316749573
1483,$TD $SCHW $AMTD - TD Bank to own 13% Schwab stake after Ameritrade deal https://t.co/oqmaKzAJTW,1,neutral,2,positive,positive,0,0,Finistral-7B-LoRA (Alpaca prompt),tfns,-8.695595741271973,0.00016737623082008213,-0.7580960988998413,0.4687121510505676,-0.6330960988998413,0.5311204791069031
1484,"$TIF: Tiffany & Co confirms agreement to be acquired by LVMH (LVMUY) for $135/share in cash, or approximately $16.2… https://t.co/xhNzqZ8PVx",1,neutral,2,positive,positive,0,0,Finistral-7B-LoRA (Alpaca prompt),tfns,-9.688919067382812,6.196827598614618e-05,-6.6264190673828125,0.0013249402400106192,-0.0014188947388902307,0.9986129999160767
1485,AE Industrial Partners buys American Pacific from Jon M Huntsman family office,1,neutral,1,neutral,neutral,1,0,Finistral-7B-LoRA (Alpaca prompt),tfns,-13.812511444091797,1.0030115618064883e-06,-1.1801649634435307e-05,0.999996542930603,-12.937511444091797,2.406099611107493e-06
1486,Alkermes acquires Rodin Therapeutics for up to $950M,1,neutral,2,positive,positive,0,0,Finistral-7B-LoRA (Alpaca prompt),tfns,-9.38705062866211,8.381028601434082e-05,-1.1370506286621094,0.32079440355300903,-0.3870505690574646,0.6791217923164368
1487,Ayala Yields Control of Manila Water to Billionaire Razon,1,neutral,1,neutral,neutral,1,0,Finistral-7B-LoRA (Alpaca prompt),tfns,-15.750001907348633,1.4449800289639825e-07,-1.9073468138230965e-06,0.9999997615814209,-15.937501907348633,1.1979304304077232e-07
1488,Barrick Gold denies Freeport-McMoran tie-up in the works,1,neutral,1,neutral,neutral,1,0,Finistral-7B-LoRA (Alpaca prompt),tfns,-11.250020980834961,1.3007125744479708e-05,-2.062299427052494e-05,0.9999867677688599,-15.437520980834961,1.9750277147068118e-07
1489,BlackRock slashes stake in Peabody Energy,1,neutral,0,negative,negative,0,0,Finistral-7B-LoRA (Alpaca prompt),tfns,-3.266281055402942e-05,0.9999791383743286,-11.250032424926758,1.3007026609557215e-05,-11.750032424926758,7.889159860496875e-06
1490,CBS and Viacom to close merger on Dec. 4,1,neutral,1,neutral,neutral,1,0,Finistral-7B-LoRA (Alpaca prompt),tfns,-13.625045776367188,1.209817241942801e-06,-4.625213477993384e-05,0.9999587535858154,-10.125045776367188,4.006364179076627e-05
1491,CBS and Viacom to close merger on Dec. 4 https://t.co/V6yhhhQkOu https://t.co/mG8Ri2LR71,1,neutral,1,neutral,neutral,1,0,Finistral-7B-LoRA (Alpaca prompt),tfns,-12.875093460083008,2.5610650027374504e-06,-9.321732068201527e-05,0.9999126195907593,-9.375093460083008,8.481081749778241e-05
1492,CBS Corporation and Viacom Inc. Announce Expected Closing Date of Merger,1,neutral,1,neutral,neutral,1,0,Finistral-7B-LoRA (Alpaca prompt),tfns,-14.312515258789062,6.083528774070146e-07,-1.5616295058862306e-05,0.9999892711639404,-11.500015258789062,1.0129984730156139e-05
1493,Charles Schwab to buy TD Ameritrade in $26 billion all-stock deal https://t.co/1wEXNU4RV0,1,neutral,1,neutral,neutral,1,0,Finistral-7B-LoRA (Alpaca prompt),tfns,-11.51254940032959,1.0004058822232764e-05,-0.012549244798719883,0.9875584840774536,-4.38754940032959,0.012431526556611061
1494,Charles Schwab to buy TD Ameritrade in $26-billion blockbuster brokerage deal,1,neutral,1,neutral,neutral,1,0,Finistral-7B-LoRA (Alpaca prompt),tfns,-10.892730712890625,1.859358962974511e-05,-0.1427304893732071,0.8670195937156677,-2.017730474472046,0.13296176493167877
1495,Chinese dairy giant Mengniu agrees to buy Kirin's Australian beverage unit Lion for $419 million https://t.co/O3gL3uOfY8,1,neutral,1,neutral,neutral,1,0,Finistral-7B-LoRA (Alpaca prompt),tfns,-10.486137390136719,2.792145278363023e-05,-0.048637405037879944,0.952547550201416,-3.0486373901367188,0.047424547374248505
1496,Chubb to buy stake in China's Huatai Insurance for $1.53 billion #economy #MarketScreener https://t.co/sUAx6evkmj https://t.co/DVUL8EMQ0t,1,neutral,2,positive,positive,0,0,Finistral-7B-LoRA (Alpaca prompt),tfns,-10.46728801727295,2.8452375772758387e-05,-3.5297882556915283,0.029311396181583405,-0.02978813834488392,0.9706601500511169
1497,Coty Acquires $600M Majority Stake In Kylie Jenner's Cosmetics Company,1,neutral,2,positive,positive,0,0,Finistral-7B-LoRA (Alpaca prompt),tfns,-10.39277458190918,3.065527562284842e-05,-2.017774820327759,0.13296017050743103,-0.14277492463588715,0.8670091032981873
1498,"CVC Capital said to consider strategic options for Elsan, sale could reach €3bn",1,neutral,1,neutral,neutral,1,0,Finistral-7B-LoRA (Alpaca prompt),tfns,-8.486478805541992,0.0002062763669528067,-0.0489790178835392,0.9523776173591614,-3.0489790439605713,0.047416090965270996
1499,Duravant To Acquire WECO,1,neutral,1,neutral,neutral,1,0,Finistral-7B-LoRA (Alpaca prompt),tfns,-13.812556266784668,1.0029624490925926e-06,-5.602679812000133e-05,0.9999475479125977,-9.875056266784668,5.144216265762225e-05
1500,Edgewell Personal Care is ditching its bid to acquire shaving-supply maker Harry's -- reminding big consumer compan… https://t.co/WIlJz1fbNc,1,neutral,1,neutral,neutral,1,0,Finistral-7B-LoRA (Alpaca prompt),tfns,-3.7755343914031982,0.02294762432575226,-0.02553437650203705,0.9757577776908875,-6.650534152984619,0.0012946162605658174
1501,"Edgewell Personal Care, which owns Schick, said it is no longer pursuing the $1.4 billion deal to buy Harry's Razor… https://t.co/P3wTZL4p3t",1,neutral,0,negative,negative,0,0,Finistral-7B-LoRA (Alpaca prompt),tfns,-0.003969528712332249,0.9962586164474487,-5.628969669342041,0.00359306950122118,-8.816469192504883,0.00014830369036644697
1502,Elliott Capital sells its stake in XPO Logistics Europe,1,neutral,1,neutral,neutral,1,0,Finistral-7B-LoRA (Alpaca prompt),tfns,-11.437529563903809,1.0783276593429036e-05,-2.9205850296420977e-05,0.999985933303833,-12.625029563903809,3.2887137422221713e-06
1503,EVI Industries to acquire Commercial Laundry Equipment Company,1,neutral,1,neutral,neutral,1,0,Finistral-7B-LoRA (Alpaca prompt),tfns,-13.375029563903809,1.5534601516264956e-06,-2.95634672511369e-05,0.9999741315841675,-10.625029563903809,2.4300201403093524e-05
1504,Exclusive: Daimler seeks majority control of its main China joint venture - sources,1,neutral,1,neutral,neutral,1,0,Finistral-7B-LoRA (Alpaca prompt),tfns,-10.812630653381348,2.0143756046309136e-05,-0.00013028726971242577,0.999883770942688,-9.250130653381348,9.610048437025398e-05
1505,Factbox: M&As in vogue for luxury retailers seeking growth,1,neutral,1,neutral,neutral,1,0,Finistral-7B-LoRA (Alpaca prompt),tfns,-13.000308990478516,2.2596555027121212e-06,-0.0003093002596870065,0.9997017979621887,-8.125308990478516,0.0002959564735647291
1506,Forescout expects deal to close in Q2,1,neutral,1,neutral,neutral,1,0,Finistral-7B-LoRA (Alpaca prompt),tfns,-10.408687591552734,3.0169598176144063e-05,-0.033687956631183624,0.9668848514556885,-3.4086880683898926,0.03308498114347458
1507,Formula Systems acquires Unique Software Industries,1,neutral,1,neutral,neutral,1,0,Finistral-7B-LoRA (Alpaca prompt),tfns,-11.131742477416992,1.4640336303273216e-05,-0.0067422278225421906,0.9932925701141357,-5.006742000579834,0.006692752707749605
1508,France's LVMH close to buying Tiffany after sweetening offer: sources https://t.co/5HyHxPhyqL https://t.co/eofnMyZ54Q,1,neutral,2,positive,positive,0,0,Finistral-7B-LoRA (Alpaca prompt),tfns,-9.257547378540039,9.539049642626196e-05,-2.69504714012146,0.0675402507185936,-0.0700470507144928,0.9323643445968628
1509,Harsco (HSC) to Buy Stericycle's Environmental Solutions,1,neutral,2,positive,positive,0,0,Finistral-7B-LoRA (Alpaca prompt),tfns,-7.190223217010498,0.0007539507932960987,-1.502722978591919,0.2225322276353836,-0.25272300839424133,0.7767137289047241
1510,"Hg to buy electronic trading software business smartTrade from Keensight Capital, Pléiade Venture",1,neutral,1,neutral,neutral,1,0,Finistral-7B-LoRA (Alpaca prompt),tfns,-10.751117706298828,2.1422813006211072e-05,-0.0011176775442436337,0.9989463686943054,-6.876117706298828,0.001032208907417953
1511,Hologic to sell Cynosure aesthetics unit for net $138M,1,neutral,1,neutral,neutral,1,0,Finistral-7B-LoRA (Alpaca prompt),tfns,-8.508862495422363,0.00020168245828244835,-0.008862800896167755,0.991222620010376,-4.7588629722595215,0.00857575610280037
1512,HP is open to exploring bid from Xerox: RTR,1,neutral,1,neutral,neutral,1,0,Finistral-7B-LoRA (Alpaca prompt),tfns,-5.533975601196289,0.003951304592192173,-0.03397572040557861,0.9668523073196411,-3.533975601196289,0.02919641137123108
1513,HP reiterates its rejection of Xerox's offer to buy the company https://t.co/9qYk413PZE https://t.co/WLdlx9gnjf,1,neutral,1,neutral,neutral,1,0,Finistral-7B-LoRA (Alpaca prompt),tfns,-8.875398635864258,0.0001397898595314473,-0.00039843725971877575,0.9996297359466553,-8.375398635864258,0.00023047449940349907
1514,IBP scoops up Premier Building Supply,1,neutral,1,neutral,neutral,1,0,Finistral-7B-LoRA (Alpaca prompt),tfns,-9.000965118408203,0.00012330063327681273,-0.31346529722213745,0.7309684157371521,-1.3134653568267822,0.2689082622528076
1515,IFF Said to Near $26 Billion Deal for DuPont Nutrition Unit,1,neutral,2,positive,positive,0,0,Finistral-7B-LoRA (Alpaca prompt),tfns,-9.41169261932373,8.176521077984944e-05,-0.9741928577423096,0.37750980257987976,-0.47419288754463196,0.6224084496498108
1516,Japan Exchange : Announcement of completed acquisition of the balancer business from Schmi... #JapanExchange #Stock… https://t.co/3mODefuFt0,1,neutral,1,neutral,neutral,1,0,Finistral-7B-LoRA (Alpaca prompt),tfns,-12.562899589538574,3.499524382277741e-06,-0.0003995097358711064,0.9996165037155151,-7.875399589538574,0.0003799831902142614
1517,"Kirkland Lake is buying Detour for $3.7 billion, the latest deal in a wave of consolidation among gold miners https://t.co/peEFjKDxeV",1,neutral,1,neutral,neutral,1,0,Finistral-7B-LoRA (Alpaca prompt),tfns,-9.287863731384277,9.254652104573324e-05,-0.100363589823246,0.9045668244361877,-2.3503634929656982,0.09534063935279846
1518,LVMH nears deal to buy Tiffany for $16.3 billion https://t.co/SlI2ZpyYhH,1,neutral,1,neutral,neutral,1,0,Finistral-7B-LoRA (Alpaca prompt),tfns,-13.063142776489258,2.1220484995865263e-06,-0.0006424508756026626,0.9993715882301331,-7.3756422996521,0.000626332825049758
1519,M&A Monday: Charles Schwab to buy TD Ameritrade https://t.co/MF0tOYzLjI https://t.co/bwWCGuIzCY,1,neutral,1,neutral,neutral,1,0,Finistral-7B-LoRA (Alpaca prompt),tfns,-9.617499351501465,6.655720790149644e-05,-0.05499965697526932,0.9465336203575134,-2.929999589920044,0.05339977517724037
1520,"Mairs and Power Sells UPS, Abbott Labs",1,neutral,1,neutral,neutral,1,0,Finistral-7B-LoRA (Alpaca prompt),tfns,-2.5851566791534424,0.07538874447345734,-0.08515670895576477,0.9184229373931885,-5.0851569175720215,0.006188285071402788
1521,Mall Operator Simon Property Buying a Major Competitor,1,neutral,1,neutral,neutral,1,0,Finistral-7B-LoRA (Alpaca prompt),tfns,-8.395788192749023,0.000225821029744111,-0.0207884032279253,0.9794464111328125,-3.8957884311676025,0.02032776176929474
1522,Mediawan Acquires the Black Dynamite Label to Expand Its Premium Documentary Offer,1,neutral,1,neutral,neutral,1,0,Finistral-7B-LoRA (Alpaca prompt),tfns,-12.625092506408691,3.2884702250157716e-06,-9.262132516596466e-05,0.999911904335022,-9.375092506408691,8.48107592901215e-05
1523,Medicines : Novartis to buy U.S. biotech The Medicines Co. for $9.7 billion #Medicines #Stock #MarketScreener… https://t.co/TA05wVBHcd,1,neutral,2,positive,positive,0,0,Finistral-7B-LoRA (Alpaca prompt),tfns,-10.348491668701172,3.204156382707879e-05,-1.2234914302825928,0.29420554637908936,-0.3484914302825928,0.7057623863220215
1524,"Merger Monday roars back — LVMH buys Tiffany, Charles Schwab buys TD Ameritrade",1,neutral,1,neutral,neutral,1,0,Finistral-7B-LoRA (Alpaca prompt),tfns,-9.764002799987793,5.7485907746013254e-05,-0.20150260627269745,0.8175274729728699,-1.7015025615692139,0.18241505324840546
1525,MGM officially in pursuit of Osaka casino,1,neutral,1,neutral,neutral,1,0,Finistral-7B-LoRA (Alpaca prompt),tfns,-12.500052452087402,3.726470140463789e-06,-5.221230458118953e-05,0.9999508857727051,-10.000052452087402,4.5397700887406245e-05
1526,"NOVARTIS : CHF0.50(REGD) Novartis To Acquire The Medicines Company For Usd 9.7 Bn, Adding ... #Novartis #Stock… https://t.co/TEgmm5XKnN",1,neutral,2,positive,positive,0,0,Finistral-7B-LoRA (Alpaca prompt),tfns,-8.725615501403809,0.00016237939416896552,-1.6006155014038086,0.20178045332431793,-0.2256154716014862,0.7980571985244751
1527,"PayPal has struck a deal to acquire Honey, a shopping platform that offers online shoppers discounts and rewards, f… https://t.co/D9FqQbl3Tb",1,neutral,1,neutral,neutral,1,0,Finistral-7B-LoRA (Alpaca prompt),tfns,-10.554779052734375,2.606881935207639e-05,-0.17977911233901978,0.8354617953300476,-1.804779052734375,0.16451217234134674
1528,Razor maker Edgewell calls off $1.7bn plans to buy rival Harry's https://t.co/m57n68T5WK,1,neutral,0,negative,negative,0,0,Finistral-7B-LoRA (Alpaca prompt),tfns,-0.00013791563105769455,0.9999037981033325,-9.562638282775879,7.031002314761281e-05,-10.562638282775879,2.5865612769848667e-05
1529,Rexford Industrial acquires two industrial properties for $99.7M,1,neutral,1,neutral,neutral,1,0,Finistral-7B-LoRA (Alpaca prompt),tfns,-12.062897682189941,5.769726612925297e-06,-0.00039748396375216544,0.9996142387390137,-7.875397682189941,0.00037998234620317817
1530,Shell to buy operating stakes in three oil blocks offshore Colombia,1,neutral,2,positive,positive,0,0,Finistral-7B-LoRA (Alpaca prompt),tfns,-11.588813781738281,9.269237125408836e-06,-3.6513137817382812,0.02595711499452591,-0.026313800364732742,0.9740335941314697
1531,"Simon's Taubman Deal Shows Mall REITs Undervalued, Analyst Says",1,neutral,1,neutral,neutral,1,0,Finistral-7B-LoRA (Alpaca prompt),tfns,-10.87695598602295,1.8888684280682355e-05,-0.001956336200237274,0.9980543851852417,-6.251956462860107,0.0019266982562839985
1532,SIX Group Offers to Buy Spanish Exchange BME for $3.1 Billion,1,neutral,2,positive,positive,0,0,Finistral-7B-LoRA (Alpaca prompt),tfns,-10.160287857055664,3.867710256599821e-05,-1.9102882146835327,0.1480414718389511,-0.16028818488121033,0.8519198894500732
1533,Swiss pharma company Novartis has reached a deal to purchase cholesterol drugmaker The Medicines Company for $9.7 b… https://t.co/AmTfZh6WEG,1,neutral,2,positive,positive,0,0,Finistral-7B-LoRA (Alpaca prompt),tfns,-9.511955261230469,7.396304863505065e-05,-1.1369553804397583,0.32079756259918213,-0.3869553804397583,0.6791284084320068
1534,"U.S. Fed approves merger between BB&T, SunTrust Banks",1,neutral,2,positive,positive,0,0,Finistral-7B-LoRA (Alpaca prompt),tfns,-12.276309967041016,4.6608870434283745e-06,-3.6513102054595947,0.02595723606646061,-0.02631031721830368,0.9740381240844727
1535,UPDATE 1-PSA trade unions give the nod to merger with Fiat,1,neutral,1,neutral,neutral,1,0,Finistral-7B-LoRA (Alpaca prompt),tfns,-14.187530517578125,6.893442332511768e-07,-3.075552376685664e-05,0.9999749660491943,-10.625030517578125,2.4300223230966367e-05
1536,Warner Music Group is teaming up with private equity giant Providence Equity Partners on a new fund to acquire musi… https://t.co/ADPCaF4x9i,1,neutral,1,neutral,neutral,1,0,Finistral-7B-LoRA (Alpaca prompt),tfns,-13.125014305114746,1.994714011743781e-06,-1.4781842764932662e-05,0.9999901056289673,-11.750014305114746,7.889246262493543e-06
1537,"WhiteWater Express Acquires Quick N Clean Location, Launching Dedicated Expansion Into Austin",1,neutral,2,positive,positive,0,0,Finistral-7B-LoRA (Alpaca prompt),tfns,-9.679886817932129,6.253356696106493e-05,-1.804886817932129,0.16450616717338562,-0.17988677322864532,0.8354312777519226
1538,Yum! Tries to Reboot Slumping Pizza Hut,1,neutral,2,positive,positive,0,0,Finistral-7B-LoRA (Alpaca prompt),tfns,-11.750269889831543,7.887201718403958e-06,-8.250269889831543,0.0002611882227938622,-0.0002698534226510674,0.9997308850288391
1539,America's manufacturing sector is in a recession. But that is only part of the story. The industry has expanded by... https://t.co/YUtP2dQsAj,0,negative,0,negative,negative,1,0,Finistral-7B-LoRA (Alpaca prompt),tfns,-0.001391872181557119,0.9986236095428467,-6.626391887664795,0.0013249542098492384,-9.876391410827637,5.137405241839588e-05
1540,"Argentina's story: 
⏩ Leaders spend 
⏩ Investors sour 
⏩ Inflation spikes 
⏩ Recession hits
🔃 Repeat 
(via… https://t.co/2AnRzFq7MM",0,negative,0,negative,negative,1,0,Finistral-7B-LoRA (Alpaca prompt),tfns,-0.0008173224050551653,0.9992838501930237,-7.25081729888916,0.0007096657645888627,-11.93831729888916,6.535795819218038e-06
1541,Brazil coffee production falls 20%,0,negative,0,negative,negative,1,0,Finistral-7B-LoRA (Alpaca prompt),tfns,-0.0001515035255579278,0.9998695850372314,-10.750151634216309,2.144261270586867e-05,-9.125151634216309,0.0001088945718947798
1542,Brazil is losing one of its most reliable growth drivers as consumer demand plummets https://t.co/pvvdLfR07D,0,negative,0,negative,negative,1,0,Finistral-7B-LoRA (Alpaca prompt),tfns,-5.924526340095326e-05,0.999967098236084,-11.375059127807617,1.1478522537800018e-05,-10.750059127807617,2.1444702724693343e-05
1543,Builder confidence slips in November,0,negative,0,negative,negative,1,0,Finistral-7B-LoRA (Alpaca prompt),tfns,-0.00030751267331652343,0.9997294545173645,-8.375307083129883,0.0002304974914295599,-10.125307083129883,4.005445589427836e-05
1544,"Canada’s job market unexpectedly weakened for a second-straight month, registering the biggest drop in employment s… https://t.co/YEeyGW71ek",0,negative,0,negative,negative,1,0,Finistral-7B-LoRA (Alpaca prompt),tfns,-0.0001597276859683916,0.9998568296432495,-9.37515926361084,8.480608812533319e-05,-9.75015926361084,5.828631765325554e-05
1545,China braces for a wave of soured loans with a new bad-debt manager https://t.co/9iDZNKljqu,0,negative,0,negative,negative,1,0,Finistral-7B-LoRA (Alpaca prompt),tfns,-0.0012405564775690436,0.9989251494407654,-6.8762407302856445,0.0010321870213374496,-10.063740730285645,4.260344212525524e-05
1546,China delays trade data; S&P cuts growth forecast,0,negative,0,negative,negative,1,0,Finistral-7B-LoRA (Alpaca prompt),tfns,-0.0076431455090641975,0.9924121499061584,-4.882643222808838,0.007577159907668829,-11.44514274597168,1.0701605788199231e-05
1547,China's first-quarter smartphone sales may halve due to coronavirus: analysts,0,negative,0,negative,negative,1,0,Finistral-7B-LoRA (Alpaca prompt),tfns,-3.325883881188929e-05,0.9999861717224121,-11.500033378601074,1.0129952897841576e-05,-12.500033378601074,3.726601562448195e-06
1548,Eurozone PMI Shows Economy Close To Stagnation. Sign up for updates on Seeking Alpha! https://t.co/h0OGX7AT9k #economy #finance #business,0,negative,0,negative,negative,1,0,Finistral-7B-LoRA (Alpaca prompt),tfns,-7.784063927829266e-05,0.9999397993087769,-10.000078201293945,4.5397198846330866e-05,-11.125078201293945,1.4738310710527003e-05
1549,Fitch Ratings adds to the drumbeat of credit assessors warning Oman about its precarious public finances https://t.co/4qw624Ecw2,0,negative,0,negative,negative,1,0,Finistral-7B-LoRA (Alpaca prompt),tfns,-0.00022015532886143774,0.9997931122779846,-8.50022029876709,0.00020342627249192446,-12.56272029876709,3.500142383927596e-06
1550,German Economic Weakness Exposed Again as Industry Slumps,0,negative,0,negative,negative,1,0,Finistral-7B-LoRA (Alpaca prompt),tfns,-3.45700973412022e-05,0.9999806880950928,-11.75003433227539,7.889171683927998e-06,-11.37503433227539,1.1478678061394021e-05
1551,Germany’s machine makers warned that concerns over investments from China into Europe’s largest economy are at risk… https://t.co/Uwi0ksH0pd,0,negative,0,negative,negative,1,0,Finistral-7B-LoRA (Alpaca prompt),tfns,-0.00040451448876410723,0.9996110796928406,-7.875404357910156,0.000379981123842299,-11.625404357910156,8.936299309425522e-06
1552,Gig workers could increase unemployment claims by another 10%: economist  by @KristinReports https://t.co/NA63QEl64P https://t.co/brqpXRi6De,0,negative,0,negative,negative,1,0,Finistral-7B-LoRA (Alpaca prompt),tfns,-0.00011336160969221964,0.9999016523361206,-10.125113487243652,4.006135350209661e-05,-9.750113487243652,5.828892972203903e-05
1553,Goldman Sachs sees China lowering its economic growth target for 2020 to 'around 6%' https://t.co/L4v0LbULsq,0,negative,0,negative,negative,1,0,Finistral-7B-LoRA (Alpaca prompt),tfns,-0.00201617949642241,0.9980379939079285,-6.252016067504883,0.0019266665913164616,-10.252016067504883,3.52881288563367e-05
1554,"Half of small businesses fall behind on April rent, poll finds - WSJ https://t.co/mcpS5eh1ao",0,negative,0,negative,negative,1,0,Finistral-7B-LoRA (Alpaca prompt),tfns,-0.0012441283324733377,0.9987723231315613,-6.751244068145752,0.0011694420827552676,-9.75124454498291,5.82230968575459e-05
1555,Jobless claims hits 2.5 months high,0,negative,0,negative,negative,1,0,Finistral-7B-LoRA (Alpaca prompt),tfns,-0.0003916450368706137,0.9996192455291748,-9.375391960144043,8.478594099869952e-05,-8.125391960144043,0.00029593202634714544
1556,Lackluster U.S. retail sales dim fourth quarter economic growth outlook,0,negative,0,negative,negative,1,0,Finistral-7B-LoRA (Alpaca prompt),tfns,-5.61460001335945e-05,0.9999691247940063,-12.625056266784668,3.288658263045363e-06,-10.500056266784668,2.7535601475392468e-05
1557,Larry Kudlow says Dec. 15 tariffs are 'still on the table' https://t.co/ft8Avs632w,0,negative,0,negative,negative,1,0,Finistral-7B-LoRA (Alpaca prompt),tfns,-0.0008547228644602001,0.9991700649261475,-7.1258544921875,0.0008040651446208358,-10.5633544921875,2.5846631615422666e-05
1558,Lebanon Turns to IMF as Fitch Sounds Alarm on Default,0,negative,0,negative,negative,1,0,Finistral-7B-LoRA (Alpaca prompt),tfns,-0.0012206730898469687,0.9988077878952026,-6.751220703125,0.0011694836430251598,-10.688720703125,2.280130320286844e-05
1559,"March 2020 SCE records a substantial deterioration in financial and economic expectations, including sharp declines… https://t.co/fIdRZPXfcI",0,negative,0,negative,negative,1,0,Finistral-7B-LoRA (Alpaca prompt),tfns,-5.245071224635467e-05,0.9999637603759766,-10.750052452087402,2.1444631784106605e-05,-11.125052452087402,1.4738664503965992e-05
1560,March SCE results show a sharp deterioration in consumer expectations. Check out the findings at the Center for Mic… https://t.co/FX6qV9aJA7,0,negative,0,negative,negative,1,0,Finistral-7B-LoRA (Alpaca prompt),tfns,-3.0874729418428615e-05,0.9999784231185913,-11.500030517578125,1.0129874681297224e-05,-11.375030517578125,1.1478652595542371e-05
1561,Mass layoffs push Canada consumer confidence to all-time low https://t.co/GVK9N8RK22,0,negative,0,negative,negative,1,0,Finistral-7B-LoRA (Alpaca prompt),tfns,-5.23315102327615e-05,0.9999595880508423,-10.875052452087402,1.8924742107628845e-05,-10.750052452087402,2.144454265362583e-05
1562,"Mortgage forbearance requests jump nearly 2,000% as borrowers seek relief during coronavirus outbreak https://t.co/MJ1exQ1C7K",0,negative,0,negative,negative,1,0,Finistral-7B-LoRA (Alpaca prompt),tfns,-0.01385264378041029,0.9862732291221619,-5.888852596282959,0.0027702387887984514,-4.513852596282959,0.010956507176160812
1563,Our microeconomists take a look at the substantial deterioration in consumer expectations in March as a result of t… https://t.co/CPp5g9xcpr,0,negative,0,negative,negative,1,0,Finistral-7B-LoRA (Alpaca prompt),tfns,-0.0038177715614438057,0.9962282180786133,-5.628817558288574,0.003592959837988019,-8.628817558288574,0.0001788829395081848
1564,Retail sales falls short of expectation,0,negative,0,negative,negative,1,0,Finistral-7B-LoRA (Alpaca prompt),tfns,-7.462222856702283e-05,0.9999409914016724,-10.12507438659668,4.006292874692008e-05,-10.87507438659668,1.8924389223684557e-05
1565,Revised Mexican data paints an even bleaker picture of a stagnant economy https://t.co/It97z86YO1,0,negative,0,negative,negative,1,0,Finistral-7B-LoRA (Alpaca prompt),tfns,-0.0002431573811918497,0.9997690320014954,-8.625243186950684,0.00017951872723642737,-9.875243186950684,5.143298039911315e-05
1566,San Francisco Faces Budget Gap as $6 Billion Can’t Meet Costs,0,negative,0,negative,negative,1,0,Finistral-7B-LoRA (Alpaca prompt),tfns,-0.016139337792992592,0.9840437769889832,-4.141139507293701,0.015905585139989853,-9.891139030456543,5.062399577582255e-05
1567,Sentiment among U.S. small businesses collapsed in March by the most on record https://t.co/KnB8Bq8MtF https://t.co/stAz2xPazT,0,negative,0,negative,negative,1,0,Finistral-7B-LoRA (Alpaca prompt),tfns,-8.189342770492658e-05,0.9999333620071411,-10.250082015991211,3.5355144063942134e-05,-10.375082015991211,3.120080509688705e-05
1568,Spanish Farmers Rise Up Against Unfair Prices Amidst The Worst Agri-Food Crisis In Decades,0,negative,1,neutral,neutral,0,0,Finistral-7B-LoRA (Alpaca prompt),tfns,-4.758734226226807,0.008576667867600918,-0.00873411912471056,0.9913280606269836,-9.258733749389648,9.527817746857181e-05
1569,Stock Market Update: November retail sales increase less than expected,0,negative,0,negative,negative,1,0,Finistral-7B-LoRA (Alpaca prompt),tfns,-0.003302954602986574,0.9967272281646729,-6.003303050994873,0.0024706399999558926,-7.128303050994873,0.0008020992972888052
1570,Substantial deterioration' in consumer expectations: NY Fed survey https://t.co/VxqxsYW0yb by @bcheungz https://t.co/cGQuyU85as,0,negative,0,negative,negative,1,0,Finistral-7B-LoRA (Alpaca prompt),tfns,-6.675497570540756e-05,0.9999431371688843,-11.375066757202148,1.147824696090538e-05,-10.000066757202148,4.539734800346196e-05
1571,Texas manufacturing activity weakens slightly https://t.co/MMbMlGel5P,0,negative,0,negative,negative,1,0,Finistral-7B-LoRA (Alpaca prompt),tfns,-0.000860201776959002,0.9991672039031982,-7.250860214233398,0.0007095829350873828,-9.000860214233398,0.00012330702156759799
1572,The real estate market in downtown Los Angeles is taking a hit as Chinese cash dries up https://t.co/Wg3Roxe9pk,0,negative,0,negative,negative,1,0,Finistral-7B-LoRA (Alpaca prompt),tfns,-8.83301836438477e-05,0.9999312162399292,-9.625088691711426,6.605196540476754e-05,-12.812588691711426,2.726290176724433e-06
1573,The U.S. budget deficit widened in November to $208.8 billion https://t.co/PsXjeUbXvP,0,negative,0,negative,negative,1,0,Finistral-7B-LoRA (Alpaca prompt),tfns,-0.013435538858175278,0.9866798520088196,-4.388435363769531,0.012420466169714928,-7.013435363769531,0.0008997355471365154
1574,"U.S. coal production will fall even more sharply than expected this year, dragging down demand for electricity https://t.co/EyVWpQmpUr",0,negative,0,negative,negative,1,0,Finistral-7B-LoRA (Alpaca prompt),tfns,-0.00011300401820335537,0.9999063014984131,-9.750112533569336,5.828920257044956e-05,-10.250112533569336,3.535418727551587e-05
1575,"U.S. economy is in a contraction, says Larry Kudlow, adding that it could reopen in four to eight weeks https://t.co/tgwRWgau7k",0,negative,0,negative,negative,1,0,Finistral-7B-LoRA (Alpaca prompt),tfns,-0.0002996472467202693,0.9997244477272034,-8.625299453735352,0.00017951072368305176,-9.250299453735352,9.608516847947612e-05
1576,"U.S. retail sales rise slightly, cast shadow on Q4 economic growth",0,negative,0,negative,negative,1,0,Finistral-7B-LoRA (Alpaca prompt),tfns,-0.22028397023677826,0.8023303151130676,-2.5952839851379395,0.07462833821773529,-2.0952839851379395,0.12304133921861649
1577,U.S. Stocks Drop on Economic Growth Concerns #SP500 #index #MarketScreener https://t.co/f2nxgBZJfU https://t.co/0IcsN3843x,0,negative,0,negative,negative,1,0,Finistral-7B-LoRA (Alpaca prompt),tfns,-0.00019703354337252676,0.999828577041626,-11.250197410583496,1.3005068467464298e-05,-8.750197410583496,0.00015843416622374207
1578,US Proved Oil & Gas Reserves Hit New Record High,0,negative,2,positive,positive,0,0,Finistral-7B-LoRA (Alpaca prompt),tfns,-11.687583923339844,8.3974437075085e-06,-9.500083923339844,7.484560774173588e-05,-8.391981828026474e-05,0.9999167919158936
1579,Diesel Demand Slump Signals Manufacturing Recession Is Still Raging https://t.co/yKe9QbFfKO,0,negative,0,negative,negative,1,0,Finistral-7B-LoRA (Alpaca prompt),tfns,-0.0003137096355203539,0.9997010827064514,-10.187813758850098,3.762661435757764e-05,-8.250313758850098,0.0002611804520711303
1580,$ECONX: December University of Michigan Consumer Sentiment- Prelim 99.2 vs 96.5 https://t.co/M9gpUZQoF7 consensus;… https://t.co/fmehvuGCH2,2,positive,2,positive,positive,1,0,Finistral-7B-LoRA (Alpaca prompt),tfns,-10.314475059509277,3.315019785077311e-05,-6.251975059509277,0.0019266706658527255,-0.0019751342479139566,0.9980401396751404
1581,$ECONX: November Nonfarm Payrolls 266K vs 182K https://t.co/M9gpUZQoF7 consensus https://t.co/uPsOqomWWO,2,positive,2,positive,positive,1,0,Finistral-7B-LoRA (Alpaca prompt),tfns,-9.188042640686035,0.0001022558135446161,-7.750542640686035,0.00043051308603025973,-0.0005428509321063757,0.9994673132896423
1582,$ECONX: October Wholesale Inventories M/M -0.7% vs +0.2% https://t.co/M9gpUZQoF7 consensus https://t.co/FnLMSxNhlq,2,positive,0,negative,negative,0,0,Finistral-7B-LoRA (Alpaca prompt),tfns,-0.0016269554616883397,0.998403012752533,-6.501626968383789,0.0015010382048785686,-9.251626968383789,9.595816663932055e-05
1583,12.23 Lakh New Jobs Created In September: ESIC Payroll Data,2,positive,2,positive,positive,1,0,Finistral-7B-LoRA (Alpaca prompt),tfns,-11.501045227050781,1.0119533726538066e-05,-6.876045227050781,0.0010322205489501357,-0.0010451575508341193,0.998957633972168
1584,"At 11.2%, Air Passenger Growth Returns To Double-Digits In November",2,positive,2,positive,positive,1,0,Finistral-7B-LoRA (Alpaca prompt),tfns,-12.250926971435547,4.780735707754502e-06,-7.000926971435547,0.0009110469254665077,-0.000927137560211122,0.9990842342376709
1585,"Austria is planning the first steps to restart its economy as soon as next week, the first European country to do so https://t.co/wpN1WMrcW5",2,positive,1,neutral,neutral,0,0,Finistral-7B-LoRA (Alpaca prompt),tfns,-10.750102996826172,2.1443913283292204e-05,-0.00010275312524754554,0.9999302625656128,-9.937602996826172,4.8324607632821426e-05
1586,Booming London Defies Weak Second Quarter for Britain’s Economy,2,positive,2,positive,positive,1,0,Finistral-7B-LoRA (Alpaca prompt),tfns,-11.500175476074219,1.0128385838470422e-05,-8.750175476074219,0.00015843461733311415,-0.00017557987303007394,0.9998314380645752
1587,Building permits rise 5% in October to 1.461 million rate,2,positive,2,positive,positive,1,0,Finistral-7B-LoRA (Alpaca prompt),tfns,-10.93759536743164,1.7777223547454923e-05,-9.50009536743164,7.48449019738473e-05,-9.512448741588742e-05,0.999907374382019
1588,Canadian builders began 2020 with a strong rebound in housing starts that is good news for the nation's increasingl… https://t.co/r6YX9IpI51,2,positive,2,positive,positive,1,0,Finistral-7B-LoRA (Alpaca prompt),tfns,-11.4376802444458,1.0781604942167178e-05,-8.7501802444458,0.00015843451546970755,-0.00018010901112575084,0.9998308420181274
1589,China is buying more U.S. soybeans as both countries try to reach an initial agreement on trade. https://t.co/AXVjY70Yoc,2,positive,2,positive,positive,1,0,Finistral-7B-LoRA (Alpaca prompt),tfns,-12.625056266784668,3.2885795917536598e-06,-9.875056266784668,5.1442042604321614e-05,-5.638440416078083e-05,0.9999451637268066
1590,"China is in the process of waiving retaliatory tariffs on imports of U.S. pork and soy by domestic companies, a pro… https://t.co/08mZU9TrBX",2,positive,2,positive,positive,1,0,Finistral-7B-LoRA (Alpaca prompt),tfns,-10.254119873046875,3.521234975778498e-05,-5.504120349884033,0.004069994203746319,-0.00412019481882453,0.9958947896957397
1591,"Consumer credit $18.9BN, Exp. $16BN, Last $9.6BN",2,positive,1,neutral,neutral,0,0,Finistral-7B-LoRA (Alpaca prompt),tfns,-5.160566806793213,0.005738796666264534,-0.035566892474889755,0.9651172161102295,-3.535566806793213,0.029144015163183212
1592,Corporate venture capital deals hit new record as banks invest in fintech competitors https://t.co/yNdMmEYskR,2,positive,2,positive,positive,1,0,Finistral-7B-LoRA (Alpaca prompt),tfns,-10.012565612792969,4.483352313400246e-05,-4.3875651359558105,0.012431093491613865,-0.012565255165100098,0.9875240325927734
1593,"Dubai Economy Grew 2.1% in First Half of 2019, Says Media Office",2,positive,2,positive,positive,1,0,Finistral-7B-LoRA (Alpaca prompt),tfns,-12.687843322753906,3.088458242928027e-06,-8.000343322753906,0.0003353490901645273,-0.00034350217902101576,0.9996615648269653
1594,Fannie boosts 2020 real GDP outlook on housing strength,2,positive,2,positive,positive,1,0,Finistral-7B-LoRA (Alpaca prompt),tfns,-12.750113487243652,2.9019961402809713e-06,-9.125113487243652,0.00010889659461099654,-0.00011324241495458409,0.9998881816864014
1595,Global air passenger traffic has grown at 4% YoY in 2019 ytd while air freight volumes contracted 4% over the same period: BofA,2,positive,1,neutral,neutral,0,0,Finistral-7B-LoRA (Alpaca prompt),tfns,-7.259371280670166,0.0007035874878056347,-0.009371103718876839,0.9907249808311462,-4.759371280670166,0.008571450598537922
1596,"Global Economy Won't See Recession in 2020, Says Quilvest",2,positive,2,positive,positive,1,0,Finistral-7B-LoRA (Alpaca prompt),tfns,-10.250333786010742,3.5345787182450294e-05,-8.125333786010742,0.0002959466655738652,-0.00033384948619641364,0.9996687173843384
1597,GlobalData : Global sales of psychiatric drugs could reach more than $40bn by 2025 due to ... #GlobalData #Stock… https://t.co/rKWo7oKcgD,2,positive,2,positive,positive,1,0,Finistral-7B-LoRA (Alpaca prompt),tfns,-9.8157377243042,5.458604573504999e-05,-5.753237724304199,0.0031725100707262754,-0.003237841185182333,0.9967729449272156
1598,Goldman: Go Long On Fracking,2,positive,2,positive,positive,1,0,Finistral-7B-LoRA (Alpaca prompt),tfns,-7.329562187194824,0.0006558714085258543,-2.579561948776245,0.07580842822790146,-0.0795619785785675,0.9235357046127319
1599,Here Is The Main Reason For Today's Blockbuster Jobs Report https://t.co/KEB3cegJ7E,2,positive,2,positive,positive,1,0,Finistral-7B-LoRA (Alpaca prompt),tfns,-6.726625919342041,0.0011985868914052844,-1.601625680923462,0.20157133042812347,-0.2266257405281067,0.797230064868927
1600,Housing starts climb 3.8% in October to 1.314 million rate,2,positive,2,positive,positive,1,0,Finistral-7B-LoRA (Alpaca prompt),tfns,-11.562546730041504,9.515914825897198e-06,-10.250046730041504,3.535591167747043e-05,-4.637133679352701e-05,0.9999550580978394
1601,"IHS Markit sees global GDP growth stabilizing at 2.5% in 2020, rising to 2.7% in 2021",2,positive,2,positive,positive,1,0,Finistral-7B-LoRA (Alpaca prompt),tfns,-10.880318641662598,1.882635842775926e-05,-5.255318641662598,0.005220027640461922,-0.005318777170032263,0.9947611689567566
1602,"Job Growth Surges In January, Beating Wall Street Expectations",2,positive,2,positive,positive,1,0,Finistral-7B-LoRA (Alpaca prompt),tfns,-13.500004768371582,1.3709532140637748e-06,-12.750004768371582,2.9023080969636794e-06,-5.006777428206988e-06,0.9999957084655762
1603,Job growth swells in January,2,positive,2,positive,positive,1,0,Finistral-7B-LoRA (Alpaca prompt),tfns,-12.187533378601074,5.093564595881617e-06,-10.500033378601074,2.7535552362678573e-05,-3.313963316031732e-05,0.9999673366546631
1604,Jobs Report Should Bolster Fed Confidence: Riccadonna (Radio),2,positive,2,positive,positive,1,0,Finistral-7B-LoRA (Alpaca prompt),tfns,-6.878852844238281,0.0010293427621945739,-5.878852844238281,0.002798043889924884,-0.0038529224693775177,0.9961726069450378
1605,Mild weather boosts U.S. job growth; but benchmark revisions show ebbing momentum,2,positive,2,positive,positive,1,0,Finistral-7B-LoRA (Alpaca prompt),tfns,-5.786871910095215,0.0030799710657447577,-3.5368716716766357,0.029221950098872185,-0.03687167540192604,0.9676980972290039
1606,Mnuchin says trade deal with China to boost global economy,2,positive,2,positive,positive,1,0,Finistral-7B-LoRA (Alpaca prompt),tfns,-14.625052452087402,4.4506208496386535e-07,-9.875052452087402,5.14421881234739e-05,-5.209310256759636e-05,0.9999480247497559
1607,"RECAP 11/22 TRUMPSAYS:
China deal is coming along very well

Live Breaking trading news
https://t.co/yChRCoaR8v",2,positive,2,positive,positive,1,0,Finistral-7B-LoRA (Alpaca prompt),tfns,-12.375716209411621,4.2198371374979615e-06,-7.250716209411621,0.0007096674526110291,-0.0007161913090385497,0.9992862343788147
1608,Saudi Arabia's Unemployment Falls to Lowest in Over Three Years,2,positive,2,positive,positive,1,0,Finistral-7B-LoRA (Alpaca prompt),tfns,-9.750772476196289,5.824990148539655e-05,-7.250772953033447,0.0007096290937624872,-0.0007727735792286694,0.9992321729660034
1609,"Small Business Roundtable with President Trump: Regulatory Relief is Boosting Revenues, Job Growth and Entrepreneur… https://t.co/5DucI1Vn14",2,positive,2,positive,positive,1,0,Finistral-7B-LoRA (Alpaca prompt),tfns,-11.213826179504395,1.3486604075296782e-05,-3.6513261795043945,0.025957006961107254,-0.026326224207878113,0.9740294814109802
1610,"Stock Market Update: Housing starts, building permits pick up in October",2,positive,2,positive,positive,1,0,Finistral-7B-LoRA (Alpaca prompt),tfns,-11.562555313110352,9.515819328953512e-06,-10.000055313110352,4.539743531495333e-05,-5.5549986427649856e-05,0.9999450445175171
1611,U.K. House Prices Rise 0.4% With Signs of Strengthening Economy,2,positive,2,positive,positive,1,0,Finistral-7B-LoRA (Alpaca prompt),tfns,-12.562544822692871,3.500714456095011e-06,-10.125044822692871,4.006355084129609e-05,-4.446407547220588e-05,0.999956488609314
1612,U.S. factory and services activity quicken in November: Markit https://t.co/Uvnds2WdjP https://t.co/NlVK9IhoJ1,2,positive,2,positive,positive,1,0,Finistral-7B-LoRA (Alpaca prompt),tfns,-11.687541007995605,8.397825695283245e-06,-10.437541007995605,2.9311293474165723e-05,-4.1483970562694594e-05,0.999962329864502
1613,UMich Consumer Confidence Surges In Early December Read https://t.co/u0HvOhY3Ri,2,positive,2,positive,positive,1,0,Finistral-7B-LoRA (Alpaca prompt),tfns,-12.125021934509277,5.422148660727544e-06,-11.250021934509277,1.3007058441871777e-05,-2.1934269170742482e-05,0.9999816417694092
1614,United States: JOLTS Job Openings better than estimates at 6.88M #economy #MarketScreener https://t.co/DFfgeUsoXi https://t.co/t52IA8Ih3K,2,positive,2,positive,positive,1,0,Finistral-7B-LoRA (Alpaca prompt),tfns,-10.875511169433594,1.891591637104284e-05,-7.625511169433594,0.00048784795217216015,-0.0005112771177664399,0.9994932413101196
1615,"US industrial production snaps back, rises 1.1% in November",2,positive,2,positive,positive,1,0,Finistral-7B-LoRA (Alpaca prompt),tfns,-11.937512397766113,6.540407412103377e-06,-12.312512397766113,4.495151642913697e-06,-1.2397689715726301e-05,0.9999889135360718
1616,WRAPUP 1-U.S. housing starts rise; permits highest in over 12 years,2,positive,2,positive,positive,1,0,Finistral-7B-LoRA (Alpaca prompt),tfns,-11.68752384185791,8.397947567573283e-06,-11.12502384185791,1.4738857316842768e-05,-2.3603161025675945e-05,0.9999768733978271
1617,Zimbabwe to the IMF: “Our fundamentals are now sound” https://t.co/HSSo4iqk7M,2,positive,1,neutral,neutral,0,0,Finistral-7B-LoRA (Alpaca prompt),tfns,-10.492293357849121,2.7750063964049332e-05,-0.17979325354099274,0.835460364818573,-1.8047932386398315,0.16451188921928406
1618,Argentina Hikes Export Taxes to Fund New Leader’s Spending,1,neutral,1,neutral,neutral,1,0,Finistral-7B-LoRA (Alpaca prompt),tfns,-7.000974655151367,0.0009109982056543231,-0.0009747759322635829,0.9990308284759521,-9.750974655151367,5.823816536576487e-05
1619,Banque national de Belgique : Press release - Business confidence indicator (2019-11) PDF ...… https://t.co/GpWUf01E3a,1,neutral,1,neutral,neutral,1,0,Finistral-7B-LoRA (Alpaca prompt),tfns,-12.68751335144043,3.0894814244675217e-06,-1.2993727978027891e-05,0.9999927282333374,-12.37501335144043,4.222820280119777e-06
1620,"Before the coronavirus struck, U.S. job openings stood at nearly 7 million https://t.co/gEijFZ3crn",1,neutral,1,neutral,neutral,1,0,Finistral-7B-LoRA (Alpaca prompt),tfns,-5.0226898193359375,0.0065870932303369045,-0.02268984541296959,0.9776113033294678,-4.1476898193359375,0.01580161415040493
1621,Britain seeking far-reaching tariff cuts in post Brexit U.S. trade deal,1,neutral,1,neutral,neutral,1,0,Finistral-7B-LoRA (Alpaca prompt),tfns,-10.14319896697998,3.934312189812772e-05,-0.0181988924741745,0.9819751381874084,-4.0181989669799805,0.017985502257943153
1622,Canada readies Alberta aid package as Frontier deadline nears - Reuters,1,neutral,1,neutral,neutral,1,0,Finistral-7B-LoRA (Alpaca prompt),tfns,-10.312721252441406,3.320823088870384e-05,-0.00022110878489911556,0.9997872710227966,-8.625221252441406,0.00017952200141735375
1623,China and U.S. 'very close' to phase one trade deal - Global Times https://t.co/t4idLxj9Bz https://t.co/oLkqruR3gU,1,neutral,2,positive,positive,0,0,Finistral-7B-LoRA (Alpaca prompt),tfns,-13.625046730041504,1.209810761793051e-06,-10.000046730041504,4.5397813664749265e-05,-4.708655978902243e-05,0.9999533891677856
1624,"China Delays Trade Statistics, Merges January and February Data",1,neutral,1,neutral,neutral,1,0,Finistral-7B-LoRA (Alpaca prompt),tfns,-10.500030517578125,2.753567969193682e-05,-3.0517112463712692e-05,0.9999719858169556,-14.562530517578125,4.7377750433952315e-07
1625,China likely considering disaster clause in Phase 1 deal with U.S.: Global Times,1,neutral,1,neutral,neutral,1,0,Finistral-7B-LoRA (Alpaca prompt),tfns,-10.500518798828125,2.7522261007106863e-05,-0.0005184260080568492,0.999484658241272,-7.625518321990967,0.0004878437612205744
1626,"China to raise penalties on IP theft in trade war compromise - SCMP

https://t.co/hVY3zAtMg0",1,neutral,1,neutral,neutral,1,0,Finistral-7B-LoRA (Alpaca prompt),tfns,-7.703249931335449,0.0004521974187809974,-0.5782501101493835,0.5619223117828369,-0.8282501101493835,0.437625527381897
1627,China's mutant pigs could help save the nation from a pork apocalypse. That's if the U.S. doesn't create super swin… https://t.co/wcwdQAmpK4,1,neutral,1,neutral,neutral,1,0,Finistral-7B-LoRA (Alpaca prompt),tfns,-10.350268363952637,3.198516060365364e-05,-0.10026805102825165,0.9046216607093811,-2.3502681255340576,0.09534641355276108
1628,Economy Week Ahead : U.S. Inflation and Chinese Manufacturing Data #EconomyWeekAhead #economy #MarketScreener… https://t.co/v3NCaFfyNy,1,neutral,1,neutral,neutral,1,0,Finistral-7B-LoRA (Alpaca prompt),tfns,-13.062508583068848,2.1233724964986322e-06,-8.702239938429557e-06,0.9999951124191284,-12.812508583068848,2.7264643449598225e-06
1629,EU trade chief Hogan returns to Washington as auto tariffs loom,1,neutral,1,neutral,neutral,1,0,Finistral-7B-LoRA (Alpaca prompt),tfns,-11.500011444091797,1.0129987458640244e-05,-1.168244216387393e-05,0.9999896287918091,-15.250011444091797,2.3823449168958177e-07
1630,France’s Le Maire Says Retirement Age Could Be Negotiable,1,neutral,1,neutral,neutral,1,0,Finistral-7B-LoRA (Alpaca prompt),tfns,-11.000022888183594,1.670136407483369e-05,-2.2649508537142538e-05,0.9999798536300659,-12.562522888183594,3.5007963106181705e-06
1631,"Grain Prices To Hold Steady, Trade Within A Range After A Neutral Inspections Report. Keep reading:… https://t.co/561iJ6W4Kg",1,neutral,1,neutral,neutral,1,0,Finistral-7B-LoRA (Alpaca prompt),tfns,-9.69119644165039,6.182751531014219e-05,-0.003696158993989229,0.9963447451591492,-5.628695964813232,0.003593380330130458
1632,Greenhouse gas emissions in the U.S. are forecast to decline by a whopping 7.5% this year https://t.co/MjBXKkouHy,1,neutral,1,neutral,neutral,1,0,Finistral-7B-LoRA (Alpaca prompt),tfns,-7.40537691116333,0.0006079860613681376,-0.03037704899907112,0.9700976610183716,-3.530377149581909,0.029294410720467567
1633,IFA Irish Farmers Association : EU COMMISSION INDICATE THAT CAP TRANSITIONAL RULES FACILITATE THE REOPENING OF GLAS… https://t.co/mcHUiy15CH,1,neutral,2,positive,positive,0,0,Finistral-7B-LoRA (Alpaca prompt),tfns,-10.089020729064941,4.153471309109591e-05,-2.4640204906463623,0.08509550988674164,-0.08902037888765335,0.9148629307746887
1634,Immigration in Emerging Countries: A Macroeconomic Perspective #Stock #MarketScreener https://t.co/4kg5Pcsr1Q https://t.co/4NJamVTUeX,1,neutral,1,neutral,neutral,1,0,Finistral-7B-LoRA (Alpaca prompt),tfns,-15.000005722045898,3.059018922613177e-07,-5.722029527532868e-06,0.9999985694885254,-13.750005722045898,1.067702555701544e-06
1635,"In Apparent Trade War Compromise, China Issues Guidelines For IP Theft https://t.co/bAIXnkHG0u",1,neutral,1,neutral,neutral,1,0,Finistral-7B-LoRA (Alpaca prompt),tfns,-8.52999496459961,0.00019746525504160672,-0.029994891956448555,0.9704960584640503,-3.5299949645996094,0.02930644154548645
1636,India is reviewing trade and goods agreements with its Southeast Asian neighbors after opting out of a China-backed… https://t.co/JUB0UJL4SP,1,neutral,1,neutral,neutral,1,0,Finistral-7B-LoRA (Alpaca prompt),tfns,-11.875011444091797,6.9622506089217495e-06,-1.156323378381785e-05,0.9999922513961792,-14.000011444091797,8.315222999044636e-07
1637,India Plans Incentives to Bring In Foreign Manufacturers From Tesla to Glaxo,1,neutral,1,neutral,neutral,1,0,Finistral-7B-LoRA (Alpaca prompt),tfns,-9.439525604248047,7.951955922180787e-05,-0.12702538073062897,0.8807270526885986,-2.1270253658294678,0.11919344216585159
1638,Kenya trade deal seen helping apparel industry,1,neutral,2,positive,positive,0,0,Finistral-7B-LoRA (Alpaca prompt),tfns,-12.628606796264648,3.2769305562396767e-06,-5.62860631942749,0.003593590809032321,-0.003606365295127034,0.9964030981063843
1639,Mexico's economy minister tries to dispel concerns over labor reform #economy #MarketScreener… https://t.co/dZ3UhEBzkv,1,neutral,1,neutral,neutral,1,0,Finistral-7B-LoRA (Alpaca prompt),tfns,-9.67367172241211,6.291976023931056e-05,-0.048672039061784744,0.9525142312049866,-3.0486719608306885,0.04742288962006569
1640,Mnuchin: 'The deficit right now as a percentage of GDP is manageable',1,neutral,1,neutral,neutral,1,0,Finistral-7B-LoRA (Alpaca prompt),tfns,-12.562607765197754,3.500518005239428e-06,-0.00010764019680209458,0.9999003410339355,-9.250107765197754,9.610207780497149e-05
1641,"Morgan Stanley Sees Lower Truck Capacity, Higher Rates In 2020",1,neutral,1,neutral,neutral,1,0,Finistral-7B-LoRA (Alpaca prompt),tfns,-4.890251636505127,0.007520257495343685,-0.015251562930643559,0.9849594235420227,-4.890251636505127,0.007520257495343685
1642,Nearly 148 Million Americans Plan to Shop Super Saturday,1,neutral,2,positive,positive,0,0,Finistral-7B-LoRA (Alpaca prompt),tfns,-6.851551532745361,0.0010578982764855027,-1.6015516519546509,0.20159973204135895,-0.2265516072511673,0.7973423600196838
1643,Personal Consumption Driving U.S. Market: BBH's Clemons (Radio),1,neutral,2,positive,positive,0,0,Finistral-7B-LoRA (Alpaca prompt),tfns,-9.326772689819336,8.901084220269695e-05,-4.264272212982178,0.014062375761568546,-0.014272278174757957,0.9858486652374268
1644,Q4 GDP: Trudging Along. https://t.co/IQebEf5ooz #business #stockmarket #stocks,1,neutral,1,neutral,neutral,1,0,Finistral-7B-LoRA (Alpaca prompt),tfns,-9.750090599060059,5.829022848047316e-05,-9.07141511561349e-05,0.9999239444732666,-10.937590599060059,1.7777518223738298e-05
1645,"Retail Loans To Double To Rs 96 Lakh-Crore In Five Years, Says Crisil",1,neutral,1,neutral,neutral,1,0,Finistral-7B-LoRA (Alpaca prompt),tfns,-9.315075874328613,9.005718311527744e-05,-0.002576129510998726,0.9974374771118164,-6.0025763511657715,0.0024724004324525595
1646,"Robert Tombs: 'There may be some short-term disturbance. But Brexit is economically rational' 
https://t.co/GznnjuD55S",1,neutral,1,neutral,neutral,1,0,Finistral-7B-LoRA (Alpaca prompt),tfns,-12.471159934997559,3.83573478757171e-06,-0.03366006538271904,0.9669103026390076,-3.4086601734161377,0.03308584913611412
1647,The U.S. and China are reportedly taking steps to delay the next round of American tariffs set for Sunday as they s… https://t.co/HWzU8RAkIt,1,neutral,1,neutral,neutral,1,0,Finistral-7B-LoRA (Alpaca prompt),tfns,-8.531512260437012,0.00019718908879440278,-0.2815118134021759,0.7547661066055298,-1.4065117835998535,0.24503667652606964
1648,Top economist lowers recession risk for 2020 but says hurdles remain via @TradingNation) https://t.co/0uYhHyIugr,1,neutral,1,neutral,neutral,1,0,Finistral-7B-LoRA (Alpaca prompt),tfns,-6.116273880004883,0.0022094002924859524,-0.11627371609210968,0.891335666179657,-2.2412736415863037,0.10645487159490585
1649,U.S. consumer credit increased at faster pace in February https://t.co/VvjV1lEi7x,1,neutral,1,neutral,neutral,1,0,Finistral-7B-LoRA (Alpaca prompt),tfns,-2.7543907165527344,0.06366956233978271,-0.37939074635505676,0.6845123767852783,-1.3793907165527344,0.25181806087493896
1650,US GDP over time https://t.co/HQRrC4a1Pt,1,neutral,1,neutral,neutral,1,0,Finistral-7B-LoRA (Alpaca prompt),tfns,-13.187515258789062,1.873858536782791e-06,-1.549708758830093e-05,0.9999891519546509,-11.625015258789062,8.93967899173731e-06
1651,Worker and environment safeguards among changes in new USMCA trade deal #economy #MarketScreener… https://t.co/GbXqn0s4Pa,1,neutral,1,neutral,neutral,1,0,Finistral-7B-LoRA (Alpaca prompt),tfns,-12.505948066711426,3.7046108900540275e-06,-0.005947866942733526,0.9940851926803589,-5.130948066711426,0.005911046639084816
1652,Poland's reserve assets in March 2020 #Stock #MarketScreener https://t.co/sTZKhR4svG https://t.co/HFyO8rcjDZ,1,neutral,1,neutral,neutral,1,0,Finistral-7B-LoRA (Alpaca prompt),tfns,-12.937516212463379,2.406093472018256e-06,-1.6569954823353328e-05,0.9999939203262329,-12.500016212463379,3.7266304389049765e-06
1653,New Zealand's resurgent housing market could get a rate-cut boost https://t.co/OMD3CqZ03T,1,neutral,2,positive,positive,0,0,Finistral-7B-LoRA (Alpaca prompt),tfns,-8.76832389831543,0.00015558699669782072,-4.0183234214782715,0.017983412370085716,-0.018323436379432678,0.9818609952926636
1654,Richmond Fed Business Survey Shockingly Rises... Here's Why  https://t.co/c4DsjNAHPS,1,neutral,2,positive,positive,0,0,Finistral-7B-LoRA (Alpaca prompt),tfns,-10.750133514404297,2.144261270586867e-05,-9.125133514404297,0.0001088945718947798,-0.00013362467871047556,0.9998695850372314
1655,Asia markets mostly fall as China's trade data gets delayed - CNBC,0,negative,0,negative,negative,1,0,Finistral-7B-LoRA (Alpaca prompt),tfns,-0.0002053765201708302,0.9998173117637634,-8.750205039978027,0.00015843236178625375,-10.625205039978027,2.4296390620293096e-05
1656,China Risks Exporting Market Volatility Like Never Before,0,negative,0,negative,negative,1,0,Finistral-7B-LoRA (Alpaca prompt),tfns,-8.034383063204587e-05,0.9999423027038574,-9.875080108642578,5.144189344719052e-05,-12.000080108642578,6.143857717688661e-06
1657,"Dow closes about 102 points, 0.4%, lower",0,negative,0,negative,negative,1,0,Finistral-7B-LoRA (Alpaca prompt),tfns,-0.0007104733376763761,0.9993077516555786,-7.375710487365723,0.0006262928363867104,-9.625710487365723,6.601077620871365e-05
1658,Dow falls 0.5%;S&P 500 falls 0.3% at Friday's open,0,negative,0,negative,negative,1,0,Finistral-7B-LoRA (Alpaca prompt),tfns,-5.054346183896996e-05,0.9999643564224243,-11.00005054473877,1.6701105778338388e-05,-10.87505054473877,1.892483123810962e-05
1659,Dow is down over 500 points. Here's what you need to know now:  https://t.co/hvgRljuQji,0,negative,0,negative,negative,1,0,Finistral-7B-LoRA (Alpaca prompt),tfns,-3.2066785934148356e-05,0.9999796152114868,-11.375032424926758,1.1478666237962898e-05,-11.625032424926758,8.939594408730045e-06
1660,Dow Jones Industrial Average 8 points lower,0,negative,0,negative,negative,1,0,Finistral-7B-LoRA (Alpaca prompt),tfns,-0.0003165697562508285,0.9997033476829529,-8.250316619873047,0.0002611810341477394,-10.250316619873047,3.5347013181308284e-05
1661,Final-hour selloff costs stocks all their gains Tuesday as the Dow ends down 26 https://t.co/Sc6WQUz66L https://t.co/OGoPceRsWB,0,negative,0,negative,negative,1,0,Finistral-7B-LoRA (Alpaca prompt),tfns,-6.48477507638745e-05,0.9999544620513916,-10.250064849853516,3.535588984959759e-05,-11.500064849853516,1.012963184621185e-05
1662,Futures extend declines after January jobs data,0,negative,0,negative,negative,1,0,Finistral-7B-LoRA (Alpaca prompt),tfns,-0.0007370378007180989,0.9992849230766296,-8.000737190246582,0.00033522272133268416,-7.875737190246582,0.0003798571415245533
1663,Higher tariffs threat weigh on global markets,0,negative,0,negative,negative,1,0,Finistral-7B-LoRA (Alpaca prompt),tfns,-3.2782016205601394e-05,0.9999791383743286,-11.250032424926758,1.3007026609557215e-05,-11.750032424926758,7.889159860496875e-06
1664,"Japanese shares fall led by IT sector, as Trump warns of more tariffs",0,negative,0,negative,negative,1,0,Finistral-7B-LoRA (Alpaca prompt),tfns,-2.3007127310847864e-05,0.9999904632568359,-12.125022888183594,5.422196409199387e-06,-12.375022888183594,4.222810730425408e-06
1665,"Nasdaq-100 futures fall 20 points, or 0.2%",0,negative,0,negative,negative,1,0,Finistral-7B-LoRA (Alpaca prompt),tfns,-0.0008007657015696168,0.9992321729660034,-7.250800609588623,0.0007096290937624872,-9.750801086425781,5.824990148539655e-05
1666,S&P Futures Crater 40 Points In One Tick On Huge For Sell Closing Imbalance  https://t.co/CFb8vKL8Hu,0,negative,0,negative,negative,1,0,Finistral-7B-LoRA (Alpaca prompt),tfns,-0.0001530530134914443,0.9998763799667358,-10.500152587890625,2.753304761426989e-05,-9.250152587890625,9.609977132640779e-05
1667,Stock Market Live Updates: Markets lower as US-China trade optimism dissipates,0,negative,0,negative,negative,1,0,Finistral-7B-LoRA (Alpaca prompt),tfns,-0.18369880318641663,0.8322805166244507,-2.683698892593384,0.06831774860620499,-2.308698892593384,0.09940173476934433
1668,"Stock Market Update: Asia closes mixed, Asia trades lower",0,negative,1,neutral,neutral,0,0,Finistral-7B-LoRA (Alpaca prompt),tfns,-9.500086784362793,7.484608795493841e-05,-8.666139910928905e-05,0.9999232292175293,-13.187586784362793,1.8737350728770252e-06
1669,Stock Market Update: Futures slip lower following trade tweet from CNBC reporter,0,negative,0,negative,negative,1,0,Finistral-7B-LoRA (Alpaca prompt),tfns,-0.00013779645087197423,0.9998797178268433,-10.250137329101562,3.535324867698364e-05,-9.375137329101562,8.480803080601618e-05
1670,Stock Market Update: Semiconductor stocks pull back after Qualcomm earnings,0,negative,0,negative,negative,1,0,Finistral-7B-LoRA (Alpaca prompt),tfns,-0.0005323661607690156,0.9994878768920898,-7.625532150268555,0.00048784533282741904,-10.625532150268555,2.4288387066917494e-05
1671,Stock-index futures turn negative,0,negative,0,negative,negative,1,0,Finistral-7B-LoRA (Alpaca prompt),tfns,-0.00011908298620255664,0.9998902082443237,-9.75011920928955,5.828826397191733e-05,-9.87511920928955,5.1439215894788504e-05
1672,Stocks hit lows of the day as oil briefly plunges more than 9% https://t.co/JhUWpIRPRb https://t.co/hqK9nGcKy1,0,negative,0,negative,negative,1,0,Finistral-7B-LoRA (Alpaca prompt),tfns,-4.792098479811102e-05,0.9999696016311646,-11.62504768371582,8.93950436875457e-06,-10.75004768371582,2.144475729437545e-05
1673,Stocks hit lows of the day as oil plunges briefly plunges more than 9% https://t.co/JhUWpIRPRb https://t.co/WS7bbpWEQh,0,negative,0,negative,negative,1,0,Finistral-7B-LoRA (Alpaca prompt),tfns,-8.225102646974847e-05,0.999937891960144,-11.000082015991211,1.6700663763913326e-05,-10.000082015991211,4.5397111534839496e-05
1674,Stocks open lower on trade deal skepticism,0,negative,0,negative,negative,1,0,Finistral-7B-LoRA (Alpaca prompt),tfns,-5.245071224635467e-05,0.9999626874923706,-10.625052452087402,2.4299924916704185e-05,-11.250052452087402,1.3006811968807597e-05
1675,The Dow is down more than 500 points as Friday's selloff intensifies https://t.co/tK5DeT4k4V,0,negative,0,negative,negative,1,0,Finistral-7B-LoRA (Alpaca prompt),tfns,-9.60780744208023e-05,0.9999172687530518,-9.625096321105957,6.605104135815054e-05,-11.000096321105957,1.6700318155926652e-05
1676,"The S&P 500's chart is signaling a near-term pullback, technical analyst warns (via @TradingNation) https://t.co/VxNKIV5SRR",0,negative,0,negative,negative,1,0,Finistral-7B-LoRA (Alpaca prompt),tfns,-0.00021300431399140507,0.9998188614845276,-8.750212669372559,0.00015843260916881263,-10.687712669372559,2.282438254042063e-05
1677,"Trade, U.S. Elections Are Top Market Risks, Says Goldman Sachs's Moe",0,negative,1,neutral,neutral,0,0,Finistral-7B-LoRA (Alpaca prompt),tfns,-10.625030517578125,2.430019958410412e-05,-3.0636318115284666e-05,0.9999740123748779,-13.312530517578125,1.653649405852775e-06
1678,$XLF $BAC $C - Fed fires a dud as financial sector plunges https://t.co/OwDNvwPYyd,0,negative,0,negative,negative,1,0,Finistral-7B-LoRA (Alpaca prompt),tfns,-4.768258077092469e-05,0.9999773502349854,-13.68754768371582,1.136539367507794e-06,-10.75004768371582,2.1444922822411172e-05
1679,$SUMRX: Overnight Summary -- World markets extending gains overnight https://t.co/pjuCZNd5jf,2,positive,2,positive,positive,1,0,Finistral-7B-LoRA (Alpaca prompt),tfns,-6.644018173217773,0.0013018384343013167,-2.0190179347991943,0.13279114663600922,-0.14401794970035553,0.8659069538116455
1680,$TALKX: Market Briefing: Market still riding hope of COVID-19 plateauing https://t.co/P3bUqinQVx,2,positive,2,positive,positive,1,0,Finistral-7B-LoRA (Alpaca prompt),tfns,-8.189798355102539,0.00027749527362175286,-1.5022984743118286,0.2226383537054062,-0.252298504114151,0.7770841717720032
1681,All three benchmarks trade in record territory,2,positive,2,positive,positive,1,0,Finistral-7B-LoRA (Alpaca prompt),tfns,-11.812996864318848,7.407665179925971e-06,-7.625496864318848,0.0004878535692114383,-0.0004969792207702994,0.999504804611206
1682,Asian markets gain amid fresh hopes for U.S.-China trade deal https://t.co/NPIyhoJPU1,2,positive,2,positive,positive,1,0,Finistral-7B-LoRA (Alpaca prompt),tfns,-11.687554359436035,8.397691090067383e-06,-10.000054359436035,4.5397489884635434e-05,-5.4596363042946905e-05,0.9999462366104126
1683,Asian shares advance after Fed keeps interest rates steady,2,positive,2,positive,positive,1,0,Finistral-7B-LoRA (Alpaca prompt),tfns,-10.125106811523438,4.0061044273898005e-05,-9.625106811523438,6.604949885513633e-05,-0.00010668662434909493,0.9998939037322998
1684,Bulletproof stock market shakes off negative trade headlines and keeps marching to records,2,positive,2,positive,positive,1,0,Finistral-7B-LoRA (Alpaca prompt),tfns,-12.500025749206543,3.726559498318238e-06,-10.750025749206543,2.1444868252729066e-05,-2.586808113846928e-05,0.9999748468399048
1685,"Dow ends nearly 1,600 points higher on hopes coronavirus peak is near https://t.co/XgNjVJHoqW",2,positive,2,positive,positive,1,0,Finistral-7B-LoRA (Alpaca prompt),tfns,-12.500008583068848,3.726621571331634e-06,-12.250008583068848,4.785077180713415e-06,-8.940656698541716e-06,0.9999915361404419
1686,"Dow Industrials Surge 1,200 Points at Start of Challenging Week #MarriottInternational #Stock #MarketScreener… https://t.co/jOKR9otBgR",2,positive,2,positive,positive,1,0,Finistral-7B-LoRA (Alpaca prompt),tfns,-10.625046730041504,2.429971755191218e-05,-10.750046730041504,2.1444426238304004e-05,-4.649054244509898e-05,0.9999542236328125
1687,"Dow jumps 170 points, Amazon leads S&P 500 and Nasdaq to record highs - CNBC",2,positive,2,positive,positive,1,0,Finistral-7B-LoRA (Alpaca prompt),tfns,-12.625012397766113,3.2887214729271363e-06,-11.687512397766113,8.39804397401167e-06,-1.2397689715726301e-05,0.999988317489624
1688,Dow scores triple-digit gain on rosier investor view of U.S.-China trade talks https://t.co/Dh7QlYLIjn,2,positive,2,positive,positive,1,0,Finistral-7B-LoRA (Alpaca prompt),tfns,-11.500021934509277,1.0129874681297224e-05,-11.375021934509277,1.1478652595542371e-05,-2.2411095415009186e-05,0.9999784231185913
1689,"Dow up 26 points, or 0.1%; S&P 500 adds 1 point",2,positive,2,positive,positive,1,0,Finistral-7B-LoRA (Alpaca prompt),tfns,-9.87656021118164,5.136499021318741e-05,-6.501560211181641,0.0015011050272732973,-0.0015600664773955941,0.9984474778175354
1690,Emerging Markets Get Fresh Boost of Hope Over Trade Deal,2,positive,2,positive,positive,1,0,Finistral-7B-LoRA (Alpaca prompt),tfns,-13.000117301940918,2.2600779630010948e-06,-9.125117301940918,0.00010889666009461507,-0.00011777184408856556,0.9998887777328491
1691,European shares extend winning streak; Qiagen jumps as company explores sale,2,positive,2,positive,positive,1,0,Finistral-7B-LoRA (Alpaca prompt),tfns,-11.937531471252441,6.540277809108375e-06,-10.625031471252441,2.430008134979289e-05,-3.158996332786046e-05,0.9999691247940063
1692,Futures climb on China plan to cut tariffs on U.S. products,2,positive,2,positive,positive,1,0,Finistral-7B-LoRA (Alpaca prompt),tfns,-11.625016212463379,8.939640792959835e-06,-12.000016212463379,6.144119197415421e-06,-1.6331539882230572e-05,0.999984860420227
1693,Futures Fly On Trade Optimism Amid Barrage Of Megamergers https://t.co/zcIHhcFH6d,2,positive,2,positive,positive,1,0,Finistral-7B-LoRA (Alpaca prompt),tfns,-10.313573837280273,3.317990558571182e-05,-6.876074314117432,0.0010321966838091612,-0.0010740946745499969,0.9989345669746399
1694,"Global stocks gain after China cuts U.S. import tariffs, virus fears wane",2,positive,2,positive,positive,1,0,Finistral-7B-LoRA (Alpaca prompt),tfns,-11.250032424926758,1.3006881999899633e-05,-10.875032424926758,1.8924902178696357e-05,-3.242440288886428e-05,0.9999680519104004
1695,Here's what has futures higher to kick off the holiday week https://t.co/uSCSLhgCrA,2,positive,1,neutral,neutral,0,0,Finistral-7B-LoRA (Alpaca prompt),tfns,-7.137701034545898,0.0007946045370772481,-0.38770121335983276,0.6786389946937561,-1.1377012729644775,0.3205663561820984
1696,Hong Kong Stocks Nearly Recover Post-Holiday Losses With Rally,2,positive,2,positive,positive,1,0,Finistral-7B-LoRA (Alpaca prompt),tfns,-12.437556266784668,3.966781605413416e-06,-9.875056266784668,5.144200986251235e-05,-5.638440416078083e-05,0.9999445676803589
1697,Industrials Up As Global Growth Fears Subside -- Industrials Roundup #economy #MarketScreener… https://t.co/xfOVrpXf6N,2,positive,2,positive,positive,1,0,Finistral-7B-LoRA (Alpaca prompt),tfns,-11.875068664550781,6.96185088600032e-06,-9.750068664550781,5.8290861488785595e-05,-6.854299135738984e-05,0.9999347925186157
1698,Muni-Bond Bankers Brace For Record Year In 2020: Mysak (Radio),2,positive,1,neutral,neutral,0,0,Finistral-7B-LoRA (Alpaca prompt),tfns,-7.348415851593018,0.0006436419207602739,-0.1609157919883728,0.8514044284820557,-1.9109158515930176,0.1479519009590149
1699,Nasdaq hits record at closing bell as investors digest  phase onetrade deal,2,positive,2,positive,positive,1,0,Finistral-7B-LoRA (Alpaca prompt),tfns,-11.500068664550781,1.0129399925062899e-05,-9.750068664550781,5.829067595186643e-05,-6.878139538457617e-05,0.9999315738677979
1700,"Nasdaq-100 futures rise 18 points, or 0.2%",2,positive,2,positive,positive,1,0,Finistral-7B-LoRA (Alpaca prompt),tfns,-10.126100540161133,4.002233617939055e-05,-6.876101016998291,0.0010321896988898516,-0.0011010067537426949,0.9989277720451355
1701,NYSI buy signal that triggered last week remains modestly above the 8 EMA level https://t.co/Lbo5oN8Mjn,2,positive,2,positive,positive,1,0,Finistral-7B-LoRA (Alpaca prompt),tfns,-8.321406364440918,0.00024326534185092896,-4.758906364440918,0.008575398474931717,-0.008906400762498379,0.9911812543869019
1702,S&P 500 Price Forecast – Stock Markets Break To A Fresh New High - Yahoo Finance,2,positive,2,positive,positive,1,0,Finistral-7B-LoRA (Alpaca prompt),tfns,-12.500031471252441,3.726536760950694e-06,-10.500031471252441,2.7535590561456047e-05,-3.158996332786046e-05,0.9999687671661377
1703,"S&P 500, Nasdaq Composite post record close as stocks rise",2,positive,2,positive,positive,1,0,Finistral-7B-LoRA (Alpaca prompt),tfns,-12.500006675720215,3.7266299841576256e-06,-12.875006675720215,2.5612728222768055e-06,-6.556489552167477e-06,0.9999938011169434
1704,"S&P 500, Nasdaq hit record closing highs; Chinese workers return",2,positive,2,positive,positive,1,0,Finistral-7B-LoRA (Alpaca prompt),tfns,-12.62501335144043,3.288715561211575e-06,-11.50001335144043,1.0129956535820384e-05,-1.3708974620385561e-05,0.9999865293502808
1705,"S&P 500, Nasdaq reach record closing highs; Chinese workers return",2,positive,2,positive,positive,1,0,Finistral-7B-LoRA (Alpaca prompt),tfns,-12.937514305114746,2.4060748273768695e-06,-11.375014305114746,1.1478740816528443e-05,-1.4185804502631072e-05,0.9999861717224121
1706,"S&P 500, Nasdaq see closing highs; Slack halted for coming news https://t.co/cMizm4ImP6 https://t.co/vlKQ67OJDo",2,positive,2,positive,positive,1,0,Finistral-7B-LoRA (Alpaca prompt),tfns,-12.187521934509277,5.093620075058425e-06,-11.000021934509277,1.6701336789992638e-05,-2.2291887944447808e-05,0.9999781847000122
1707,S&P rises 5% https://t.co/YKsHWgtNcP https://t.co/CqiMPLAknF,2,positive,2,positive,positive,1,0,Finistral-7B-LoRA (Alpaca prompt),tfns,-12.437514305114746,3.966945769207086e-06,-11.500014305114746,1.0129950169357471e-05,-1.4662635294371285e-05,0.999985933303833
1708,"So far, the train is coming in right on schedule; Dow up 25% off the lows. $BA consolidating its run up.",2,positive,2,positive,positive,1,0,Finistral-7B-LoRA (Alpaca prompt),tfns,-13.250144958496094,1.7600970068087918e-06,-8.875144958496094,0.000139821830089204,-0.00014494798961095512,0.9998583793640137
1709,Stock Market Heads Off A Correction – For Now.,2,positive,2,positive,positive,1,0,Finistral-7B-LoRA (Alpaca prompt),tfns,-7.641524314880371,0.0004801008617505431,-4.141524314880371,0.015898756682872772,-0.016524244099855423,0.9836212396621704
1710,"Stock market live updates: Dow futures up 800 points, set to add to 1,600-point Monday rally https://t.co/kOL2DaUNTc",2,positive,2,positive,positive,1,0,Finistral-7B-LoRA (Alpaca prompt),tfns,-10.62606143951416,2.4275157556985505e-05,-6.876061916351318,0.0010322058806195855,-0.0010617101797834039,0.9989435076713562
1711,Stock Market Update: Global stocks begin the week on higher note,2,positive,2,positive,positive,1,0,Finistral-7B-LoRA (Alpaca prompt),tfns,-11.750093460083008,7.88859324529767e-06,-9.375093460083008,8.481036638841033e-05,-9.333651541965082e-05,0.9999072551727295
1712,"Stock Market Update: Global stocks gain, with indices in Hong Kong and the UK outperforming",2,positive,2,positive,positive,1,0,Finistral-7B-LoRA (Alpaca prompt),tfns,-12.375028610229492,4.222730694891652e-06,-10.625028610229492,2.43001377384644e-05,-2.8967437174287625e-05,0.9999715089797974
1713,Stock Market Update: S&P 500 financials sector up more than 4% this month,2,positive,2,positive,positive,1,0,Finistral-7B-LoRA (Alpaca prompt),tfns,-13.062568664550781,2.1232381186564453e-06,-9.625068664550781,6.605200178455561e-05,-6.890059739816934e-05,0.999931812286377
1714,Stock Market Update: Stock market drifts in record territory,2,positive,2,positive,positive,1,0,Finistral-7B-LoRA (Alpaca prompt),tfns,-9.877243041992188,5.1329934649402276e-05,-6.1272430419921875,0.002182604279369116,-0.0022432657424360514,0.9977660179138184
1715,"Stock Market Update: Stock market posts incremental gains, closes at new highs",2,positive,2,positive,positive,1,0,Finistral-7B-LoRA (Alpaca prompt),tfns,-13.000009536743164,2.2603087472816696e-06,-11.875009536743164,6.96224060448003e-06,-9.417489309271332e-06,0.9999908208847046
1716,StockBeat - Chip Stocks Rise as Huawei Granted Another Reprieve on Trade Ban,2,positive,2,positive,positive,1,0,Finistral-7B-LoRA (Alpaca prompt),tfns,-9.750866889953613,5.824439358548261e-05,-7.1258673667907715,0.0008040390675887465,-0.0008672290714457631,0.9991376399993896
1717,"Stock-index futures extend gains after jobless claims, productivity data",2,positive,1,neutral,neutral,0,0,Finistral-7B-LoRA (Alpaca prompt),tfns,-1.661553144454956,0.18985702097415924,-0.7865530848503113,0.4554433524608612,-1.036553144454956,0.35469961166381836
1718,Stocks aim for back-to-back gains as investors focus on coronavirus case tally https://t.co/QBhdB4ipyD,2,positive,2,positive,positive,1,0,Finistral-7B-LoRA (Alpaca prompt),tfns,-9.250432968139648,9.607019455870613e-05,-8.000432968139648,0.0003353180654812604,-0.00043335105874575675,0.9995686411857605
1719,"STOCKS AT THE OPEN:
- Dow up 3.90% 
- Nasdaq up 2.68% 
- S&P up 2.76% https://t.co/xVranG4Mbz",2,positive,2,positive,positive,1,0,Finistral-7B-LoRA (Alpaca prompt),tfns,-11.4376220703125,1.0782137906062417e-05,-9.1251220703125,0.00010889574332395568,-0.00012182447244413197,0.999880313873291
1720,Stocks open higher as major indexes extend push into record territory,2,positive,2,positive,positive,1,0,Finistral-7B-LoRA (Alpaca prompt),tfns,-10.87505054473877,1.8924556570709683e-05,-10.37505054473877,3.120132168987766e-05,-5.054346183896996e-05,0.9999498128890991
1721,"Stocks open higher on rosy data, waning virus fears",2,positive,2,positive,positive,1,0,Finistral-7B-LoRA (Alpaca prompt),tfns,-12.125008583068848,5.422200956672896e-06,-12.625008583068848,3.2887312499951804e-06,-9.059865078597795e-06,0.9999912977218628
1722,Stocks perk up after Fed decision https://t.co/ZB8lFGcKVJ,2,positive,2,positive,positive,1,0,Finistral-7B-LoRA (Alpaca prompt),tfns,-9.750263214111328,5.827940549352206e-05,-8.500263214111328,0.00020341512572485954,-0.0002631794777698815,0.9997382760047913
1723,"Stocks rose after China moves to step up intellectual property protection, a step that investors hope may address k… https://t.co/8zp2mKCwub",2,positive,2,positive,positive,1,0,Finistral-7B-LoRA (Alpaca prompt),tfns,-11.56258487701416,9.515539204585366e-06,-9.50008487701416,7.48455204302445e-05,-8.523101132595912e-05,0.999915599822998
1724,"STOCKS SURGE INTO THE CLOSE:
- Dow up 7.59% 
- Nasdaq up 7.35% 
- S&P up 6.95% https://t.co/jPsgrFNxpg",2,positive,2,positive,positive,1,0,Finistral-7B-LoRA (Alpaca prompt),tfns,-12.187515258789062,5.093662366562057e-06,-11.687515258789062,8.398029422096442e-06,-1.490105023549404e-05,0.9999865293502808
1725,Tech stocks led all three major U.S. stock averages marginally into the black following upbeat statements on the U.… https://t.co/S2BkUCDmcx,2,positive,2,positive,positive,1,0,Finistral-7B-LoRA (Alpaca prompt),tfns,-9.25090217590332,9.602514910511672e-05,-7.12590217590332,0.0008040087413974106,-0.0009022455778904259,0.9990999698638916
1726,The market bounced back after President Trump said the US and China are “potentially very close” on a trade deal. T… https://t.co/VC5V93JFh4,2,positive,2,positive,positive,1,0,Finistral-7B-LoRA (Alpaca prompt),tfns,-12.000053405761719,6.143895461718785e-06,-10.000053405761719,4.5397588110063225e-05,-5.3165931603871286e-05,0.9999483823776245
1727,TSX opens higher on signs of coronavirus slowdown #TSX #economy #MarketScreener https://t.co/VfqXgfaNR8 https://t.co/myrDnZCInx,2,positive,2,positive,positive,1,0,Finistral-7B-LoRA (Alpaca prompt),tfns,-11.375024795532227,1.1478619853733107e-05,-11.250024795532227,1.3006980225327425e-05,-2.5033637939486653e-05,0.9999755620956421
1728,U.S. Stock Futures Extend Gain on China’s Tariff Olive Branch,2,positive,2,positive,positive,1,0,Finistral-7B-LoRA (Alpaca prompt),tfns,-9.500279426574707,7.483100489480421e-05,-8.500279426574707,0.00020341174968052655,-0.0002797450579237193,0.9997217059135437
1729,U.S. Stocks Rise as China Calls for Better Communication on Trade #SP500 #index #MarketScreener… https://t.co/CjoXFIEvMP,2,positive,2,positive,positive,1,0,Finistral-7B-LoRA (Alpaca prompt),tfns,-11.250041007995605,1.3006770132051315e-05,-10.500041007995605,2.7535334083950147e-05,-4.1483970562694594e-05,0.9999594688415527
1730,U.S. stocks surged the most in more than a week on Monday after death tolls in some of the hardest-hit areas showed… https://t.co/DV1WcXSaWi,2,positive,2,positive,positive,1,0,Finistral-7B-LoRA (Alpaca prompt),tfns,-9.500373840332031,7.482408545911312e-05,-8.125373840332031,0.000295934994937852,-0.00037353215157054365,0.9996292591094971
1731,Wall Street closes up more than 7% on hopes of slowing coronavirus deaths https://t.co/6LFK79ATeS https://t.co/P5K3BNR7Uf,2,positive,2,positive,positive,1,0,Finistral-7B-LoRA (Alpaca prompt),tfns,-11.000049591064453,1.6700900232535787e-05,-10.375049591064453,3.1201390811474994e-05,-4.95898348162882e-05,0.9999520778656006
1732,Wall Street scraps its recession assumptions after robust jobs data https://t.co/oOuPFD2gWp https://t.co/4yICZnGl4z,2,positive,2,positive,positive,1,0,Finistral-7B-LoRA (Alpaca prompt),tfns,-10.437606811523438,2.930934351752512e-05,-9.500106811523438,7.484403613489121e-05,-0.00010692501382436603,0.9998958110809326
1733,While market strain triggered by the coronavirus pandemic has eased since the Federal Reserve's historic interventi… https://t.co/ZFb0jzOH7h,2,positive,2,positive,positive,1,0,Finistral-7B-LoRA (Alpaca prompt),tfns,-9.503680229187012,7.457728497684002e-05,-5.628680229187012,0.0035933346953243017,-0.0036800061352550983,0.9963321089744568
1734,Why the markets 'look clean' into 2019 year-end,2,positive,1,neutral,neutral,0,0,Finistral-7B-LoRA (Alpaca prompt),tfns,-8.964092254638672,0.00012792488269042224,-0.08909180760383606,0.9147839546203613,-2.4640917778015137,0.08508815616369247
1735,"As Stocks Soar, Credit Markets Are Starting To CCCrack https://t.co/hitGrlXQTA",1,neutral,1,neutral,neutral,1,0,Finistral-7B-LoRA (Alpaca prompt),tfns,-5.88192892074585,0.002789558842778206,-0.006928940303623676,0.9931516647338867,-5.50692892074585,0.004058783873915672
1736,At the open (11/25/2019) https://t.co/ttg1gN94y0,1,neutral,1,neutral,neutral,1,0,Finistral-7B-LoRA (Alpaca prompt),tfns,-9.875110626220703,5.143956877873279e-05,-0.0001102625101339072,0.9998971223831177,-9.875110626220703,5.143956877873279e-05
1737,"Banks, Energy, Metals lag just about every day...mega-strong day for growth w/ Software, Biotech, Payments leading",1,neutral,1,neutral,neutral,1,0,Finistral-7B-LoRA (Alpaca prompt),tfns,-5.0092878341674805,0.006680044811218977,-0.13428790867328644,0.8749132752418518,-2.1342878341674805,0.11840666085481644
1738,Bloomberg Markets: China Open Full Show (02/07/2020),1,neutral,1,neutral,neutral,1,0,Finistral-7B-LoRA (Alpaca prompt),tfns,-13.687504768371582,1.1365627869963646e-06,-4.529942543740617e-06,0.9999979734420776,-13.937504768371582,8.851558845890395e-07
1739,Dow- Chemically Speaking,1,neutral,1,neutral,neutral,1,0,Finistral-7B-LoRA (Alpaca prompt),tfns,-10.000311851501465,4.5386015699477866e-05,-0.0003121604095213115,0.9996935129165649,-8.250311851501465,0.0002611784730106592
1740,Dow Jones News: Apple Production Problems; Boeing Upgraded,1,neutral,1,neutral,neutral,1,0,Finistral-7B-LoRA (Alpaca prompt),tfns,-2.0177500247955322,0.13296039402484894,-0.14274992048740387,0.8670108318328857,-10.455249786376953,2.879802013922017e-05
1741,General Announcement::Notice of Special General Meeting #SingaporeExchange #Stock #MarketScreener… https://t.co/l8vypusOGz,1,neutral,1,neutral,neutral,1,0,Finistral-7B-LoRA (Alpaca prompt),tfns,-16.625009536743164,6.023573462243803e-08,-9.65590606938349e-06,0.9999998807907104,-16.437509536743164,7.265816037715922e-08
1742,London Stock Exchange : Directorate Changes #LondonStockExchange #Stock #MarketScreener https://t.co/iHF2CmkWmV https://t.co/DXnGasOWPn,1,neutral,1,neutral,neutral,1,0,Finistral-7B-LoRA (Alpaca prompt),tfns,-15.000005722045898,3.0590214805670257e-07,-6.079655122448457e-06,0.9999994039535522,-15.187505722045898,2.536017973397975e-07
1743,London Stock Exchange : Euronext Dublin Market Notice Replacement #LondonStockExchange #Stock #MarketScreener… https://t.co/D6vaZQOvk5,1,neutral,1,neutral,neutral,1,0,Finistral-7B-LoRA (Alpaca prompt),tfns,-13.750007629394531,1.0676998272174387e-06,-7.390948667307384e-06,0.9999960660934448,-12.750007629394531,2.9023092338320566e-06
1744,London Stock Exchange : Notice of Satisfaction and Discharge #LondonStockExchange #Stock #MarketScreener… https://t.co/Y5wqz33i9o,1,neutral,1,neutral,neutral,1,0,Finistral-7B-LoRA (Alpaca prompt),tfns,-10.250601768493652,3.53367104253266e-05,-0.000601349223870784,0.999411940574646,-7.500601291656494,0.000552759098354727
1745,"Market Recap: Friday, Dec. 13",1,neutral,1,neutral,neutral,1,0,Finistral-7B-LoRA (Alpaca prompt),tfns,-11.250030517578125,1.300693656958174e-05,-3.075552376685664e-05,0.9999722242355347,-11.125030517578125,1.4738789104740135e-05
1746,News Highlights : Top Global Markets News of the Day #NewsHighlights #economy #MarketScreener… https://t.co/70WlBhNOkd,1,neutral,1,neutral,neutral,1,0,Finistral-7B-LoRA (Alpaca prompt),tfns,-15.00000286102295,3.0590194910473656e-07,-3.3378546504536644e-06,0.9999988079071045,-14.00000286102295,8.315277568726742e-07
1747,NYSE Closing Bell 🔔:     Telecom Argentina (NYSE: TEO) celebrates their 25th Anniversary Listing https://t.co/EemF9wG8iW,1,neutral,1,neutral,neutral,1,0,Finistral-7B-LoRA (Alpaca prompt),tfns,-14.000161170959473,8.314117962981982e-07,-0.000161038784426637,0.9998593330383301,-8.875161170959473,0.00013982196105644107
1748,On the hour,1,neutral,1,neutral,neutral,1,0,Finistral-7B-LoRA (Alpaca prompt),tfns,-13.250007629394531,1.7603381365915993e-06,-7.867782187531702e-06,0.9999953508377075,-12.750007629394531,2.9023071874689776e-06
1749,On the hour https://t.co/A3Li2E7VIs,1,neutral,1,neutral,neutral,1,0,Finistral-7B-LoRA (Alpaca prompt),tfns,-13.00001049041748,2.2603148863709066e-06,-1.0609570381348021e-05,0.9999935626983643,-12.37501049041748,4.222823918098584e-06
1750,On the hour https://t.co/G9BZLeFZTD,1,neutral,1,neutral,neutral,1,0,Finistral-7B-LoRA (Alpaca prompt),tfns,-13.125009536743164,1.9947224245697726e-06,-9.179073458653875e-06,0.9999942779541016,-12.500009536743164,3.726631803147029e-06
1751,Stock Market Update: Defensive-minded investors,1,neutral,1,neutral,neutral,1,0,Finistral-7B-LoRA (Alpaca prompt),tfns,-11.375015258789062,1.1478750820970163e-05,-1.5735502529423684e-05,0.999987006187439,-13.375015258789062,1.553480046823097e-06
1752,Stock Market Update: Stocks hold steady; UK rallies on Conservative Party victory,1,neutral,1,neutral,neutral,1,0,Finistral-7B-LoRA (Alpaca prompt),tfns,-10.376745223999023,3.114884748356417e-05,-0.0017454879125580192,0.9982681274414062,-6.376745700836182,0.001700669527053833
1753,"Stocks Rally, Oil Drops at Start of Challenging Week #SP500 #index #MarketScreener https://t.co/zvaSvRqcdt https://t.co/Pw0UVqFuo3",1,neutral,1,neutral,neutral,1,0,Finistral-7B-LoRA (Alpaca prompt),tfns,-4.664347171783447,0.009426582604646683,-0.039347097277641296,0.9615374803543091,-3.5393471717834473,0.029035916551947594
1754,UPDATE 2-European stocks end flat as defensive gains offset auto slide,1,neutral,1,neutral,neutral,1,0,Finistral-7B-LoRA (Alpaca prompt),tfns,-10.87503719329834,1.892509317258373e-05,-3.71926071238704e-05,0.9999781847000122,-12.75003719329834,2.9022573926340556e-06
1755,Utilities Flat On Mixed Trade Signals -- Utilities Roundup #economy #MarketScreener https://t.co/5L2LBQYBZd https://t.co/I2k8OZxnCh,1,neutral,1,neutral,neutral,1,0,Finistral-7B-LoRA (Alpaca prompt),tfns,-6.62650728225708,0.0013249452458694577,-0.0015072186943143606,0.9986168146133423,-9.751506805419922,5.8214031014358625e-05
1756,Wall Street flat with all eyes on China news briefing,1,neutral,1,neutral,neutral,1,0,Finistral-7B-LoRA (Alpaca prompt),tfns,-10.625059127807617,2.4299648430314846e-05,-5.876845170860179e-05,0.9999513626098633,-10.625059127807617,2.4299648430314846e-05
1757,Week ahead on Wall Street #economy #MarketScreener https://t.co/gSr3hoOMQT https://t.co/sNnufj18DG,1,neutral,1,neutral,neutral,1,0,Finistral-7B-LoRA (Alpaca prompt),tfns,-14.562509536743164,4.7378918566209904e-07,-9.417489309271332e-06,0.9999966621398926,-12.750009536743164,2.9023108254477847e-06
1758,"YTD Performance:
Dow Jones: Red
30Y: +9%

https://t.co/scCDfO2eUv https://t.co/sO1bMzirbY",1,neutral,1,neutral,neutral,1,0,Finistral-7B-LoRA (Alpaca prompt),tfns,-4.758686542510986,0.008577123284339905,-0.008686613291501999,0.9913806319236755,-10.071187019348145,4.22816738137044e-05
1759,$EWW $MXF $MXE - White House is pushing to get USMCA through Congress this year https://t.co/YoGu0kKCCp,1,neutral,2,positive,positive,0,0,Finistral-7B-LoRA (Alpaca prompt),tfns,-9.768213272094727,5.724288348574191e-05,-4.018213748931885,0.017985180020332336,-0.018213525414466858,0.9819575548171997
1760,"95% Approval Rate in the Republican Party, a record! Thank you!",1,neutral,2,positive,positive,0,0,Finistral-7B-LoRA (Alpaca prompt),tfns,-13.563130378723145,1.2870885939264554e-06,-7.3756303787231445,0.0006263333489187062,-0.0006301801186054945,0.9993724226951599
1761,"Ahead of the election, Johnson and Corbyn will go head-to-head one final time https://t.co/JBpUPSYX28",1,neutral,1,neutral,neutral,1,0,Finistral-7B-LoRA (Alpaca prompt),tfns,-16.875001907348633,4.691163724146463e-08,-1.311301275563892e-06,0.9999998807907104,-18.062501907348633,1.4307239837307861e-08
1762,"AOC to Trump: ""Try to keep up."" https://t.co/e8eaVUSivO",1,neutral,1,neutral,neutral,1,0,Finistral-7B-LoRA (Alpaca prompt),tfns,-14.75001335144043,3.92786148495361e-07,-1.3232143828645349e-05,0.9999995231628418,-15.81251335144043,1.357432637405509e-07
1763,At Least One Republican Still Knows Right From Wrong,1,neutral,1,neutral,neutral,1,0,Finistral-7B-LoRA (Alpaca prompt),tfns,-15.000001907348633,3.059018069961894e-07,-2.264974000354414e-06,0.9999983310699463,-13.500001907348633,1.3709568520425819e-06
1764,"Attorney General William Barr said Jeffrey Epstein's death was a ""perfect storm of screw-ups"" in an interview with… https://t.co/uhYQ9CcGIR",1,neutral,1,neutral,neutral,1,0,Finistral-7B-LoRA (Alpaca prompt),tfns,-7.000931262969971,0.0009110505925491452,-0.0009313059854321182,0.9990882873535156,-14.188431739807129,6.887329959681665e-07
1765,Barr acknowledges for the first time that Rudy Giuliani has been giving the Justice Department information he colle… https://t.co/IfJxvcsYnF,1,neutral,1,neutral,neutral,1,0,Finistral-7B-LoRA (Alpaca prompt),tfns,-10.125045776367188,4.006367453257553e-05,-4.565611743601039e-05,0.9999595880508423,-14.750045776367188,3.927704881334648e-07
1766,Barr says DOJ will review information from Trump lawyer Giuliani's probe of Bidens in Ukraine https://t.co/T6DEg719nu,1,neutral,1,neutral,neutral,1,0,Finistral-7B-LoRA (Alpaca prompt),tfns,-15.500000953674316,1.855391076333035e-07,-1.0728830375228426e-06,0.9999997615814209,-17.562501907348633,2.358864925611215e-08
1767,Bernie Sanders Campaign Calls for Recalculation of Iowa Caucus Results,1,neutral,1,neutral,neutral,1,0,Finistral-7B-LoRA (Alpaca prompt),tfns,-13.750001907348633,1.0677027830752195e-06,-2.0265558760002023e-06,0.9999988079071045,-16.125001907348633,9.931182631817137e-08
1768,"Bloomberg takes untested path to 2020, skipping key contests https://t.co/q6Kk8BhQul",1,neutral,1,neutral,neutral,1,0,Finistral-7B-LoRA (Alpaca prompt),tfns,-12.875003814697266,2.561281689850148e-06,-3.814689989667386e-06,0.9999972581863403,-15.375003814697266,2.1024280272285978e-07
1769,Boris Johnson's Brexit Is More “Slow Deal” Than “No Deal”,1,neutral,1,neutral,neutral,1,0,Finistral-7B-LoRA (Alpaca prompt),tfns,-16.0625,1.0571699959882608e-07,-7.152555099310121e-07,0.9999998807907104,-18.0625,1.4307239837307861e-08
1770,Brazil minister says it's 'impossible' to put value on Eletrobras privatization #Stock #MarketScreener… https://t.co/1E69L1a2YD,1,neutral,1,neutral,neutral,1,0,Finistral-7B-LoRA (Alpaca prompt),tfns,-11.93751335144043,6.540403319377219e-06,-1.3232143828645349e-05,0.999988317489624,-12.18751335144043,5.093671461509075e-06
1771,Brazil’s President Jair Bolsonaro launched a new prospective political party on Thursday after resigning from the S… https://t.co/tbD5UIfAfX,1,neutral,1,neutral,neutral,1,0,Finistral-7B-LoRA (Alpaca prompt),tfns,-14.687500953674316,4.181186454843555e-07,-1.311301275563892e-06,0.9999994039535522,-15.500000953674316,1.8553903657902993e-07
1772,Brexit or Corbyn? U.K. Business Agonizes Over Election Choice,1,neutral,1,neutral,neutral,1,0,Finistral-7B-LoRA (Alpaca prompt),tfns,-16.125001907348633,9.931193289958173e-08,-1.0728830375228426e-06,0.9999998807907104,-17.937501907348633,1.6212226228162763e-08
1773,"Buchanan: Democrats' Diversity - But, Only In The Back Of The Bus https://t.co/qV0eC7uXHd",1,neutral,1,neutral,neutral,1,0,Finistral-7B-LoRA (Alpaca prompt),tfns,-14.312501907348633,6.083590733396704e-07,-1.6689286894688848e-06,0.9999994039535522,-17.375001907348633,2.845333035850217e-08
1774,Buttigieg officially wins largest delegate count at Iowa,1,neutral,1,neutral,neutral,1,0,Finistral-7B-LoRA (Alpaca prompt),tfns,-10.750199317932129,2.14415522350464e-05,-0.00019905969384126365,0.9998201727867126,-8.750199317932129,0.00015843281289562583
1775,Canada rail workers’ strike tests weakened Trudeau https://t.co/158wnVBdda,1,neutral,1,neutral,neutral,1,0,Finistral-7B-LoRA (Alpaca prompt),tfns,-1.9102615118026733,0.14804299175739288,-0.16026148200035095,0.8519287109375,-10.472761154174805,2.8297063181526028e-05
1776,"Chinese President Xi Jinping makes his first public appearance in almost two weeks, as public anger over the corona… https://t.co/NlHHyxVrKj",1,neutral,1,neutral,neutral,1,0,Finistral-7B-LoRA (Alpaca prompt),tfns,-11.750040054321289,7.88924444350414e-06,-4.005352093372494e-05,0.9999898672103882,-13.000040054321289,2.260306473544915e-06
1777,Congress may finally have a definition for insider trading https://t.co/CFdwMhlgp0 by @bcheungz https://t.co/UfdeFYiKXA,1,neutral,1,neutral,neutral,1,0,Finistral-7B-LoRA (Alpaca prompt),tfns,-15.812501907348633,1.3574329216226033e-07,-2.3841830625315197e-06,0.9999996423721313,-15.125001907348633,2.699577521525498e-07
1778,Conservative party manifesto plays down rightwing populism https://t.co/5zVnaDLs3R,1,neutral,1,neutral,neutral,1,0,Finistral-7B-LoRA (Alpaca prompt),tfns,-17.125,3.6534821390432626e-08,-4.768370445162873e-07,1.0,-18.0,1.5229980832032197e-08
1779,Conservatives make very modest spending pledges https://t.co/AN39zlwf9x,1,neutral,1,neutral,neutral,1,0,Finistral-7B-LoRA (Alpaca prompt),tfns,-14.625001907348633,4.450850212833757e-07,-2.264974000354414e-06,0.9999995231628418,-16.375001907348633,7.734418261406972e-08
1780,Corbyn effect? British utility debt boosted by nationalisation bet,1,neutral,1,neutral,neutral,1,0,Finistral-7B-LoRA (Alpaca prompt),tfns,-11.375123977661133,1.147751845564926e-05,-0.00012444675667211413,0.9998795986175537,-9.125123977661133,0.00010889566328842193
1781,Defiant Netanyahu on the attack over bribery charges as opponents circle https://t.co/fusfekaylD,1,neutral,1,neutral,neutral,1,0,Finistral-7B-LoRA (Alpaca prompt),tfns,-10.87502384185791,1.892514046630822e-05,-2.3603161025675945e-05,0.9999806880950928,-14.87502384185791,3.466260523055098e-07
1782,"Democrats are desperate to catch up with the Trump campaign, and are investing heavily in an array of campaigning t… https://t.co/coWOf2D8s5",1,neutral,1,neutral,neutral,1,0,Finistral-7B-LoRA (Alpaca prompt),tfns,-15.687501907348633,1.5381729667751642e-07,-1.7881377516459906e-06,0.9999996423721313,-15.500001907348633,1.8553907921159407e-07
1783,Democrats going back to their Districts for Thanksgiving are getting absolutely hammered by their constituents over… https://t.co/IXzP5VLroK,1,neutral,1,neutral,neutral,1,0,Finistral-7B-LoRA (Alpaca prompt),tfns,-10.250039100646973,3.535623545758426e-05,-3.909988299710676e-05,0.9999642372131348,-14.625039100646973,4.4506930407806067e-07
1784,Divided Hong Kong to hold its first elections since the protests began https://t.co/EvKKblxVNy,1,neutral,1,neutral,neutral,1,0,Finistral-7B-LoRA (Alpaca prompt),tfns,-15.812500953674316,1.3574330637311505e-07,-8.344646857949556e-07,0.9999997615814209,-16.875,4.691163368875095e-08
1785,Former impeachment witness Monica Lewinsky has thoughts about today's vote. https://t.co/HXpdNVJOVU,1,neutral,1,neutral,neutral,1,0,Finistral-7B-LoRA (Alpaca prompt),tfns,-17.000001907348633,4.139937459513021e-08,-1.5497195136049413e-06,0.9999998807907104,-17.687501907348633,2.0816910861753968e-08
1786,Former PM Blair: Don't hold your breath for UK-U.S. trade deal https://t.co/z1Dgv1wuu8 https://t.co/gGZHw8JLbf,1,neutral,1,neutral,neutral,1,0,Finistral-7B-LoRA (Alpaca prompt),tfns,-9.000125885009766,0.0001233945513376966,-0.00012635385792236775,0.9998763799667358,-15.437625885009766,1.9748097201954806e-07
1787,"Former U.S. Treasury Secretary Hank Paulson says calls to oust Chinese companies from U.S. stock indexes was a ""ter… https://t.co/DnZPvA3iem",1,neutral,1,neutral,neutral,1,0,Finistral-7B-LoRA (Alpaca prompt),tfns,-12.687518119812012,3.089463007199811e-06,-1.8000440832111053e-05,0.9999867677688599,-11.500018119812012,1.0129959264304489e-05
1788,Giuliani associate wants to testify that Nunes aides hid Ukraine meetings from Schiff https://t.co/C6piHsuV86,1,neutral,1,neutral,neutral,1,0,Finistral-7B-LoRA (Alpaca prompt),tfns,-12.375004768371582,4.2228330130456015e-06,-5.006777428206988e-06,0.9999957084655762,-16.0625057220459,1.0571655906232991e-07
1789,Gloves Off In the Dem Primary,1,neutral,1,neutral,neutral,1,0,Finistral-7B-LoRA (Alpaca prompt),tfns,-12.625005722045898,3.288748985141865e-06,-5.722029527532868e-06,0.9999966621398926,-16.0625057220459,1.0571665853831291e-07
1790,Governments are now using the fine print of financial regulations to fight climate change https://t.co/RHswy7NjwW,1,neutral,1,neutral,neutral,1,0,Finistral-7B-LoRA (Alpaca prompt),tfns,-15.687504768371582,1.5381678508674668e-07,-4.768360213347478e-06,0.9999963045120239,-12.562504768371582,3.5008538361580577e-06
1791,Here’s the status of impeachment—and all the other Trump investigations—right now https://t.co/OVfzlrjhoD,1,neutral,1,neutral,neutral,1,0,Finistral-7B-LoRA (Alpaca prompt),tfns,-17.25,3.224186784223093e-08,-7.152555099310121e-07,1.0,-17.875,1.7257828943684217e-08
1792,"He's in to ""defeat Donald Trump and rebuild America."" https://t.co/yjMVTaO1Zy",1,neutral,1,neutral,neutral,1,0,Finistral-7B-LoRA (Alpaca prompt),tfns,-13.875001907348633,9.422444691153942e-07,-2.145764938177308e-06,0.999998927116394,-15.562501907348633,1.7429769627597125e-07
1793,"Highlight: @jessicaasmith8 on impeachment: 'At 1pm today, they are set to start debating on the call for witnesses.... https://t.co/bmlxbClUk2",1,neutral,1,neutral,neutral,1,0,Finistral-7B-LoRA (Alpaca prompt),tfns,-15.812501907348633,1.3574330637311505e-07,-1.5497195136049413e-06,0.9999997615814209,-15.687501907348633,1.5381731088837114e-07
1794,"Hillary should give it another try, but this time don’t forget Wisconsin, Pennsylvania, Michigan, North Carolina &… https://t.co/NqyY73nZwh",1,neutral,1,neutral,neutral,1,0,Finistral-7B-LoRA (Alpaca prompt),tfns,-12.187605857849121,5.093215349916136e-06,-0.00010609064338495955,0.9998987913131714,-9.250105857849121,9.610192500986159e-05
1795,"Hong Kong, China, And U.K. Election Hopes Fan Modest Risk-Taking. Read more and sign up for updates:… https://t.co/NezVnEBTQu",1,neutral,1,neutral,neutral,1,0,Finistral-7B-LoRA (Alpaca prompt),tfns,-8.398597717285156,0.00022523898223880678,-0.5235979557037354,0.5925330519676208,-0.8985979557037354,0.4072416424751282
1796,"House Democrats are starting to compress weeks of depositions, documents and testimony into a report almost certain… https://t.co/YVq2saxmBU",1,neutral,1,neutral,neutral,1,0,Finistral-7B-LoRA (Alpaca prompt),tfns,-11.500015258789062,1.0129959264304489e-05,-1.5020257706055418e-05,0.9999867677688599,-12.687515258789062,3.089463007199811e-06
1797,House Democrats roll out articles of impeachment against Trump https://t.co/HRjKKXqIUZ,1,neutral,1,neutral,neutral,1,0,Finistral-7B-LoRA (Alpaca prompt),tfns,-5.50409460067749,0.004070101771503687,-0.004094670061022043,0.9959210157394409,-11.629095077514648,8.903311027097516e-06
1798,How Bernie Sanders is helping Mike Bloomberg,1,neutral,1,neutral,neutral,1,0,Finistral-7B-LoRA (Alpaca prompt),tfns,-14.875001907348633,3.466324187684222e-07,-1.9073468138230965e-06,0.9999990463256836,-14.250001907348633,6.475946179307357e-07
1799,"India, Maldives To Hold Joint Commission Meeting On Friday After Gap Of Over Four Years",1,neutral,1,neutral,neutral,1,0,Finistral-7B-LoRA (Alpaca prompt),tfns,-16.500001907348633,6.825594311976602e-08,-2.264974000354414e-06,0.9999986886978149,-13.625001907348633,1.2098655588488327e-06
1800,"Irish PM Varadkar Set to Lose Power, Betting Odds Signal",1,neutral,1,neutral,neutral,1,0,Finistral-7B-LoRA (Alpaca prompt),tfns,-1.6005527973175049,0.2017907053232193,-0.2255527824163437,0.7980977296829224,-9.100552558898926,0.00011160728899994865
1801,Is @BernieSanders the nightmare China never saw coming? Read @JimCramer's full take on @RealMoney:… https://t.co/B6Stje9N0Q,1,neutral,1,neutral,neutral,1,0,Finistral-7B-LoRA (Alpaca prompt),tfns,-16.6875,5.658623436488597e-08,-7.152555099310121e-07,0.9999998807907104,-17.6875,2.0816910861753968e-08
1802,Japan’s Abe Says Olympics Won’t Be Postponed Amid Virus Fears,1,neutral,1,neutral,neutral,1,0,Finistral-7B-LoRA (Alpaca prompt),tfns,-14.68750286102295,4.181186454843555e-07,-2.50339189733495e-06,0.9999994039535522,-15.31250286102295,2.2380280029210553e-07
1803,"Joe Biden really called a young woman a 'lying, dog-faced pony soldier' https://t.co/Op3dEnYE7J",1,neutral,1,neutral,neutral,1,0,Finistral-7B-LoRA (Alpaca prompt),tfns,-9.375088691711426,8.481101394863799e-05,-8.892617915989831e-05,0.9999148845672607,-14.875088691711426,3.466032580945466e-07
1804,"Joe Biden says Lindsey Graham, his longtime friend and Senate colleague, will regret pursuing an investigation of t… https://t.co/ssRfufKbNq",1,neutral,1,neutral,neutral,1,0,Finistral-7B-LoRA (Alpaca prompt),tfns,-10.750028610229492,2.1444933736347593e-05,-2.884823152271565e-05,0.9999778270721436,-14.187528610229492,6.893462227708369e-07
1805,"Joe Leahy: The elections in Hong Kong are unlikely to put a stop to the months of often violent demonstrations
https://t.co/qkkbaHCyhm",1,neutral,1,neutral,neutral,1,0,Finistral-7B-LoRA (Alpaca prompt),tfns,-4.882615566253662,0.007577185053378344,-0.007615462876856327,0.9924154281616211,-11.820115089416504,7.355123216257198e-06
1806,Joe Walsh to Back ‘Any Democrat’ Over Trump After Ending GOP Bid,1,neutral,1,neutral,neutral,1,0,Finistral-7B-LoRA (Alpaca prompt),tfns,-14.312500953674316,6.083589596528327e-07,-1.0728830375228426e-06,0.9999992847442627,-16.625001907348633,6.023569909530124e-08
1807,Johnson Offers Business an Olive Branch as U.K. Election Revs Up,1,neutral,1,neutral,neutral,1,0,Finistral-7B-LoRA (Alpaca prompt),tfns,-14.375011444091797,5.714953204005724e-07,-1.1086402082582936e-05,0.9999904632568359,-11.625011444091797,8.939690815168433e-06
1808,"Kerry said Biden can put back together ""the world Donald Trump has smashed apart.” https://t.co/oWEJtFQtfH",1,neutral,1,neutral,neutral,1,0,Finistral-7B-LoRA (Alpaca prompt),tfns,-11.937515258789062,6.540403319377219e-06,-1.5139465176616795e-05,0.999988317489624,-12.187515258789062,5.093671461509075e-06
1809,LIVE: Trump speaks at the White House Summit on Human Trafficking https://t.co/hOfqfruYnn,1,neutral,1,neutral,neutral,1,0,Finistral-7B-LoRA (Alpaca prompt),tfns,-18.125001907348633,1.3440409674103648e-08,-1.311301275563892e-06,1.0,-17.312501907348633,3.028842954222455e-08
1810,Merkel Demands an End to CDU’s ‘Unforgivable’ Far-Right Deal,1,neutral,1,neutral,neutral,1,0,Finistral-7B-LoRA (Alpaca prompt),tfns,-8.37523365020752,0.00023050658637657762,-0.00023338454775512218,0.9997689127922058,-14.37523365020752,5.713687301067694e-07
1811,Mike Bloomberg's $300 million campaign ad blitz has been a boon for local TV broadcasters. https://t.co/XBxs3SzFrZ https://t.co/JKkMJzQKw0,1,neutral,1,neutral,neutral,1,0,Finistral-7B-LoRA (Alpaca prompt),tfns,-13.437514305114746,1.4593672403862001e-06,-1.4781842764932662e-05,0.9999923706054688,-12.000014305114746,6.144165581645211e-06
1812,Ocasio-Cortez smacks Trump with her political resume after the president calls out the ‘Do Nothing Democrats’ https://t.co/1DDdgmocj6,1,neutral,1,neutral,neutral,1,0,Finistral-7B-LoRA (Alpaca prompt),tfns,-12.562509536743164,3.500852926663356e-06,-9.536697689327411e-06,0.9999960660934448,-14.562509536743164,4.7378890144500474e-07
1813,Pelosi’s attempt to chew gum and walk with Trump https://t.co/yCkgA84SXQ,1,neutral,1,neutral,neutral,1,0,Finistral-7B-LoRA (Alpaca prompt),tfns,-18.687501907348633,7.658115031006218e-09,-1.6689286894688848e-06,1.0,-19.312501907348633,4.099093509069007e-09
1814,Pete Buttigieg has a big new plan to shake up the retirement system https://t.co/O57CHHZ7vr by @benwerschkul https://t.co/WyoQrR7scs,1,neutral,1,neutral,neutral,1,0,Finistral-7B-LoRA (Alpaca prompt),tfns,-16.937501907348633,4.406940590229169e-08,-1.5497195136049413e-06,0.9999998807907104,-16.187501907348633,9.329492201004541e-08
1815,Pete Buttigieg sees surge in support from business execs after his strong showing in Iowa https://t.co/ZFfMXbQuBV,1,neutral,2,positive,positive,0,0,Finistral-7B-LoRA (Alpaca prompt),tfns,-10.054919242858887,4.2979485442629084e-05,-1.8049194812774658,0.1645093709230423,-0.17991943657398224,0.8354475498199463
1816,President of Russia : Meeting with First Vice-President of Azerbaijan Mehriban Aliyeva #PresidentofRussia #economy… https://t.co/zeu0FK5NhH,1,neutral,1,neutral,neutral,1,0,Finistral-7B-LoRA (Alpaca prompt),tfns,-17.562501907348633,2.3588638597971112e-08,-2.861018856492592e-06,0.9999992847442627,-14.18750286102295,6.893610020597407e-07
1817,Presidential campaigns are paying millions to Big Tech companies (while also bashing them),1,neutral,1,neutral,neutral,1,0,Finistral-7B-LoRA (Alpaca prompt),tfns,-15.06250286102295,2.8736849344568327e-07,-2.50339189733495e-06,0.9999996423721313,-16.750001907348633,5.3157837243134054e-08
1818,Prime Minister Defends Citizenship Amendment Act; Says His Government Kept Prices Under Check,1,neutral,1,neutral,neutral,1,0,Finistral-7B-LoRA (Alpaca prompt),tfns,-13.187801361083984,1.8733207980403677e-06,-0.0003013156820088625,0.9997021555900574,-8.125301361083984,0.0002959565899800509
1819,Prince Andrew Opens the Door to a Slimmed-Down Monarchy,1,neutral,1,neutral,neutral,1,0,Finistral-7B-LoRA (Alpaca prompt),tfns,-14.125001907348633,7.338206842177897e-07,-2.145764938177308e-06,0.9999988079071045,-14.500001907348633,5.043470423515828e-07
1820,"Ruth Bader Ginsburg was hospitalized Friday night with chills and a fever, but her condition has improved and she e… https://t.co/Uzz8z59JRO",1,neutral,1,neutral,neutral,1,0,Finistral-7B-LoRA (Alpaca prompt),tfns,-12.250042915344238,4.784978500538273e-06,-4.2914423829643056e-05,0.9999709129333496,-10.625042915344238,2.4300123186549172e-05
1821,Schumer warns of reckoning for Republican senators who vote against witnesses in impeachment trial https://t.co/pNoCeqhkiu,1,neutral,1,neutral,neutral,1,0,Finistral-7B-LoRA (Alpaca prompt),tfns,-11.937511444091797,6.540435151691781e-06,-1.1444026313256472e-05,0.9999932050704956,-15.062511444091797,2.873666460345703e-07
1822,Scotland's first minister has sought to reassure restive members of her Scottish National party that Brexit will pa... https://t.co/4KDYlhWfdJ,1,neutral,1,neutral,neutral,1,0,Finistral-7B-LoRA (Alpaca prompt),tfns,-15.812500953674316,1.3574330637311505e-07,-1.0728830375228426e-06,0.9999997615814209,-16.125001907348633,9.931192579415438e-08
1823,Singapore’s Democratic Party Forced To Correct “Fake News” By Its Government,1,neutral,1,neutral,neutral,1,0,Finistral-7B-LoRA (Alpaca prompt),tfns,-15.187500953674316,2.536018826049258e-07,-8.344646857949556e-07,0.9999997615814209,-20.0,2.061153026033935e-09
1824,"Sinn Fein surged to take 25% of the popular vote in Ireland's election on Saturday.

But the popular vote is not re… https://t.co/Q9lBBk9AsS",1,neutral,1,neutral,neutral,1,0,Finistral-7B-LoRA (Alpaca prompt),tfns,-8.689630508422852,0.00016832795517984778,-0.12713025510311127,0.8806487917900085,-2.1271302700042725,0.11918285489082336
1825,Tory manifesto leaves door open to no-deal Brexit https://t.co/Qca426gTj9,1,neutral,1,neutral,neutral,1,0,Finistral-7B-LoRA (Alpaca prompt),tfns,-7.563222885131836,0.0005192726384848356,-0.0007231004419736564,0.9994187355041504,-9.688222885131836,6.201826909091324e-05
1826,"Trump Attends Army-Navy Game, Tells Players to ‘Make a Fortune’",1,neutral,1,neutral,neutral,1,0,Finistral-7B-LoRA (Alpaca prompt),tfns,-17.937501907348633,1.6212213793664887e-08,-1.4305104514278355e-06,0.9999991655349731,-14.000000953674316,8.315280410897685e-07
1827,Trump Budget Would Ax Loan Program Sought to Revive Lordstown Plant,1,neutral,1,neutral,neutral,1,0,Finistral-7B-LoRA (Alpaca prompt),tfns,-10.125041961669922,4.006367817055434e-05,-4.160317621426657e-05,0.9999597072601318,-15.375041961669922,2.1023491569849284e-07
1828,"Trump budget would cut loan program used by Tesla, Ford https://t.co/7MnkFWUnrp",1,neutral,1,neutral,neutral,1,0,Finistral-7B-LoRA (Alpaca prompt),tfns,-2.23791241645813,0.10668569058179855,-0.11291243135929108,0.893268346786499,-9.98791217803955,4.59540679003112e-05
1829,Trump Impeachment Win Clears Path for Emboldened President,1,neutral,1,neutral,neutral,1,0,Finistral-7B-LoRA (Alpaca prompt),tfns,-10.875021934509277,1.8925102267530747e-05,-2.2291887944447808e-05,0.9999786615371704,-12.937521934509277,2.406056637482834e-06
1830,Trump is pitting public-health advocates against vaping proponents and tobacco executives in an unusual White House… https://t.co/WQXxSDufKW,1,neutral,1,neutral,neutral,1,0,Finistral-7B-LoRA (Alpaca prompt),tfns,-12.812504768371582,2.726470256675384e-06,-4.768360213347478e-06,0.9999972581863403,-16.625003814697266,6.023557830303616e-08
1831,Trump is rolling back regulations enacted after industry disasters—setting off alarm bells with public safety advoc… https://t.co/kwqWfHZC2Z,1,neutral,1,neutral,neutral,1,0,Finistral-7B-LoRA (Alpaca prompt),tfns,-7.625740051269531,0.0004877447208855301,-0.0007398966699838638,0.9992818236351013,-8.375740051269531,0.00023039427469484508
1832,Trump Plays the Game of Gaming the Presidential Debates,1,neutral,1,neutral,neutral,1,0,Finistral-7B-LoRA (Alpaca prompt),tfns,-16.375,7.734421103577915e-08,-7.152555099310121e-07,0.9999998807907104,-18.375,1.0467401168057222e-08
1833,Trump questions the downsides of banning flavored e-cigarettes in heated meeting https://t.co/O6IdEw5BWm,1,neutral,1,neutral,neutral,1,0,Finistral-7B-LoRA (Alpaca prompt),tfns,-11.50001335144043,1.0129977454198524e-05,-1.3351351299206726e-05,0.9999885559082031,-13.50001335144043,1.3709434369957307e-06
1834,Trump said Secretary of State Michael Pompeo would “win in a landslide” if he runs for the U.S. Senate in Kansas https://t.co/wglRqHIeT8,1,neutral,1,neutral,neutral,1,0,Finistral-7B-LoRA (Alpaca prompt),tfns,-14.750090599060059,3.9275286667361797e-07,-9.047575440490618e-05,0.9999147653579712,-9.375090599060059,8.481099939672276e-05
1835,"Trump says his administration will determine an age for e-cigarette buys
https://t.co/8j5ZZJwZj9 https://t.co/dEsgbZJUKM",1,neutral,1,neutral,neutral,1,0,Finistral-7B-LoRA (Alpaca prompt),tfns,-13.81250286102295,1.0030138355432427e-06,-3.099436753473128e-06,0.9999988079071045,-15.81250286102295,1.357431784754226e-07
1836,Trump Says Mulvaney Will Remain as White House Chief of Staff,1,neutral,1,neutral,neutral,1,0,Finistral-7B-LoRA (Alpaca prompt),tfns,-16.312501907348633,8.233248394162729e-08,-1.4305104514278355e-06,0.9999998807907104,-16.562501907348633,6.41206057139243e-08
1837,Trump Tax Fight Faces New Urgency After Impeachment Acquittal,1,neutral,1,neutral,neutral,1,0,Finistral-7B-LoRA (Alpaca prompt),tfns,-13.750001907348633,1.067702555701544e-06,-2.0265558760002023e-06,0.9999985694885254,-14.937501907348633,3.256308787058515e-07
1838,Trump told the Treasury and Justice Departments to look into the impact of U.S. sanctions on Halkbank after being l… https://t.co/NZVl8GvLBE,1,neutral,1,neutral,neutral,1,0,Finistral-7B-LoRA (Alpaca prompt),tfns,-14.062501907348633,7.811482305442041e-07,-2.264974000354414e-06,0.9999990463256836,-15.312501907348633,2.2380271502697724e-07
1839,Trump will look to upstage Democrats by holding a campaign rally in New Hampshire a day before the state's primary https://t.co/TYePDRWOpx,1,neutral,1,neutral,neutral,1,0,Finistral-7B-LoRA (Alpaca prompt),tfns,-15.000000953674316,3.05902176478412e-07,-1.1920922133867862e-06,0.9999995231628418,-15.750000953674316,1.444979602638341e-07
1840,"Trump, Powell meet and talk about 'everything'",1,neutral,1,neutral,neutral,1,0,Finistral-7B-LoRA (Alpaca prompt),tfns,-17.000001907348633,4.1399363936989175e-08,-1.311301275563892e-06,0.9999996423721313,-15.125000953674316,2.699577521525498e-07
1841,Trump's Republican supporters may be less committed than they seem https://t.co/Ah8YjgksnW via @bopinion,1,neutral,1,neutral,neutral,1,0,Finistral-7B-LoRA (Alpaca prompt),tfns,-7.875383377075195,0.00037998429615981877,-0.0003833036171272397,0.9996193647384644,-14.375383377075195,5.712832376048027e-07
1842,UK Conservatives turn fake news into a policy platform https://t.co/6pdqqTGplc,1,neutral,1,neutral,neutral,1,0,Finistral-7B-LoRA (Alpaca prompt),tfns,-13.500001907348633,1.370957193103095e-06,-1.6689286894688848e-06,0.9999985694885254,-18.500001907348633,9.237436593423354e-09
1843,UPDATE 1-Erdogan says he told Trump Turkey will not give up Russian S-400s,1,neutral,1,neutral,neutral,1,0,Finistral-7B-LoRA (Alpaca prompt),tfns,-18.125,1.3440409674103648e-08,-7.152555099310121e-07,1.0,-17.5625,2.3588654585182667e-08
1844,"UPDATE 1-Former Goldman Sachs CEO pushes back on Warren's criticism, wealth tax",1,neutral,1,neutral,neutral,1,0,Finistral-7B-LoRA (Alpaca prompt),tfns,-13.87502670288086,9.422244033885363e-07,-2.634490556374658e-05,0.9999775886535645,-10.75002670288086,2.1444928279379383e-05
1845,"UPDATE 2-Twitter says Conservatives misled public, minister says voters ""don't give a toss""",1,neutral,1,neutral,neutral,1,0,Finistral-7B-LoRA (Alpaca prompt),tfns,-9.250097274780273,9.610238339519128e-05,-9.762764238985255e-05,0.9999035596847534,-15.125097274780273,2.6993180313183984e-07
1846,"Warren Plans to Crack Down on U.S. Shell Companies, Tax Evasion",1,neutral,1,neutral,neutral,1,0,Finistral-7B-LoRA (Alpaca prompt),tfns,-12.375008583068848,4.2228289203194436e-06,-8.702239938429557e-06,0.9999947547912598,-13.750008583068848,1.067698462975386e-06
1847,"Watch now: Sondland, U.S. ambassador to EU, testifies in impeachment hearing",1,neutral,1,neutral,neutral,1,0,Finistral-7B-LoRA (Alpaca prompt),tfns,-13.68750286102295,1.136563469117391e-06,-3.2186455882765586e-06,0.9999985694885254,-14.93750286102295,3.256308787058515e-07
1848,"Watch: Trump speaks on human trafficking amid coronavirus outbreak, impeachment trial https://t.co/E7C92PFxPz",1,neutral,1,neutral,neutral,1,0,Finistral-7B-LoRA (Alpaca prompt),tfns,-17.312501907348633,3.028842598951087e-08,-1.1920922133867862e-06,0.9999998807907104,-16.437501907348633,7.265816037715922e-08
1849,"What The ""Expert"" Panel Should Have Told You About Impeachment... But Didn't https://t.co/uEOSRZZlm6",1,neutral,1,neutral,neutral,1,0,Finistral-7B-LoRA (Alpaca prompt),tfns,-16.5625,6.41206057139243e-08,-5.960462772236497e-07,0.9999998807907104,-17.75,1.9555679742211396e-08
1850,What's the relationship between @realDonaldTrump and @JustinTrudeau really like? @kevinolearytv has some thoughts:  https://t.co/TAU20ZbnmY,1,neutral,1,neutral,neutral,1,0,Finistral-7B-LoRA (Alpaca prompt),tfns,-17.812501907348633,1.8370862164829305e-08,-1.9073468138230965e-06,1.0,-18.500001907348633,9.23744991609965e-09
1851,Trump calls meeting with Powell 'very good' and 'cordial',1,neutral,2,positive,positive,0,0,Finistral-7B-LoRA (Alpaca prompt),tfns,-12.132655143737793,5.3811713769391645e-06,-0.6326555013656616,0.531206488609314,-0.7576555013656616,0.4687880873680115
1852,Trump Fed nominee Shelton hits bipartisan skepticism in Senate hearing #economy #MarketScreener… https://t.co/4n59nUtFe3,1,neutral,1,neutral,neutral,1,0,Finistral-7B-LoRA (Alpaca prompt),tfns,-1.7014598846435547,0.18242143094539642,-0.20145991444587708,0.8175560832023621,-10.701459884643555,2.251259320473764e-05
1853,White House adviser Larry Kudlow says he wants Fed to be bolder with rate cuts,1,neutral,1,neutral,neutral,1,0,Finistral-7B-LoRA (Alpaca prompt),tfns,-11.875020980834961,6.962181032577064e-06,-2.062299427052494e-05,0.9999822378158569,-11.437520980834961,1.0783236575662158e-05
1854,U.S. treasury secretary to seek additional $250 billion for small business #economy #MarketScreener… https://t.co/ph3JNP4W9h,1,neutral,1,neutral,neutral,1,0,Finistral-7B-LoRA (Alpaca prompt),tfns,-7.189122676849365,0.0007548308349214494,-0.3141224980354309,0.7305067181587219,-1.3141224384307861,0.26873841881752014
1855,$DSKE - Daseke names Chris Easter as permanent CEO https://t.co/QMi50IDUJZ,1,neutral,1,neutral,neutral,1,0,Finistral-7B-LoRA (Alpaca prompt),tfns,-12.687509536743164,3.089487790930434e-06,-9.179073458653875e-06,0.9999947547912598,-13.062509536743164,2.123371814377606e-06
1856,"$DZSI: DASAN Zhone Technologies names Tom Cancro CFO and Treasurer, effective December 2, 2019 https://t.co/RpranDXrQz",1,neutral,1,neutral,neutral,1,0,Finistral-7B-LoRA (Alpaca prompt),tfns,-13.687519073486328,1.136558921643882e-06,-1.9073304429184645e-05,0.9999946355819702,-12.375019073486328,4.222828465572093e-06
1857,$FTS - Fortis appoints David Hutchens as COO https://t.co/EXGlH8Xte1,1,neutral,1,neutral,neutral,1,0,Finistral-7B-LoRA (Alpaca prompt),tfns,-14.375005722045898,5.714993562833115e-07,-5.602820692729438e-06,0.9999974966049194,-13.187505722045898,1.8738742255663965e-06
1858,$GE: General Electric names Carolina Dybeck Happe CFO https://t.co/fTt0iYz8W4,1,neutral,1,neutral,neutral,1,0,Finistral-7B-LoRA (Alpaca prompt),tfns,-15.00001049041748,3.0590055644097447e-07,-1.0847986231965479e-05,0.9999942779541016,-12.12501049041748,5.422217327577528e-06
1859,"$TGE: Tallgrass Energy appoints William Moler as CEO, effective immediately https://t.co/lewYjgEhSA",1,neutral,1,neutral,neutral,1,0,Finistral-7B-LoRA (Alpaca prompt),tfns,-13.937506675720215,8.851556003719452e-07,-7.033323527139146e-06,0.999997615814209,-13.437506675720215,1.4593748574043275e-06
1860,Alliance Data taps new CEO from Citi,1,neutral,1,neutral,neutral,1,0,Finistral-7B-LoRA (Alpaca prompt),tfns,-13.937505722045898,8.851562256495527e-07,-6.079655122448457e-06,0.9999983310699463,-14.125005722045898,7.338202863138577e-07
1861,Asia Pacific Foundation of Canada Welcomes Former New Brunswick Premier Brian Gallant to Board of Directors  https://t.co/OMcgWrDq05,1,neutral,1,neutral,neutral,1,0,Finistral-7B-LoRA (Alpaca prompt),tfns,-14.750718116760254,3.92507416790977e-07,-0.0007178590167313814,0.999289870262146,-7.250717639923096,0.0007096700719557703
1862,"Capital Environment : (1) RESIGNATION OF EXECUTIVE DIRECTOR, CHANGE OF THE CHAIRMAN, AUTHO... #CapitalEnvironment… https://t.co/govFU110Ti",1,neutral,1,neutral,neutral,1,0,Finistral-7B-LoRA (Alpaca prompt),tfns,-10.93821907043457,1.7778511391952634e-05,-0.0007195267826318741,0.9999798536300659,-12.93821907043457,2.406059593340615e-06
1863,Carl Icahn plans to nominate a slate of 10 directors in an attempt to seize control of the board of U.S. oil and ga… https://t.co/JepE5qxI6U,1,neutral,1,neutral,neutral,1,0,Finistral-7B-LoRA (Alpaca prompt),tfns,-10.375045776367188,3.1201652745949104e-05,-4.577531944960356e-05,0.9999604225158691,-11.687545776367188,8.397810233873315e-06
1864,CNOOC appoints CEO,1,neutral,1,neutral,neutral,1,0,Finistral-7B-LoRA (Alpaca prompt),tfns,-15.25000286102295,2.3823670858291734e-07,-2.861018856492592e-06,0.999998927116394,-14.00000286102295,8.315278137160931e-07
1865,Credit Suisse CEO Thiam Exits in Shock Reversal After Scandal,1,neutral,1,neutral,neutral,1,0,Finistral-7B-LoRA (Alpaca prompt),tfns,-11.250018119812012,1.3007108464080375e-05,-1.8000440832111053e-05,0.9999854564666748,-13.375018119812012,1.5534776593995048e-06
1866,David Dehaemers is stepping down as CEO of Tallgrass Energy https://t.co/wbGUhtwcIp,1,neutral,1,neutral,neutral,1,0,Finistral-7B-LoRA (Alpaca prompt),tfns,-8.125308990478516,0.00029595615342259407,-0.00030858523678034544,0.9997007846832275,-12.625308990478516,3.287775825810968e-06
1867,"David McCormick, the ex-Army Ranger set to take full command at Bridgewater https://t.co/N4S13ZAJwK",1,neutral,1,neutral,neutral,1,0,Finistral-7B-LoRA (Alpaca prompt),tfns,-14.062509536743164,7.811432851667632e-07,-9.894321920000948e-06,0.9999927282333374,-11.937509536743164,6.540431968460325e-06
1868,Erik Prince’s FSG Quits Mozambique Oil and Gas Logistics Venture,1,neutral,1,neutral,neutral,1,0,Finistral-7B-LoRA (Alpaca prompt),tfns,-9.562582015991211,7.031167478999123e-05,-8.165503095369786e-05,0.999927282333374,-12.937582015991211,2.4059331735770684e-06
1869,February 13 will mark new Boeing CEO David Calhoun's first month at the helm of $BA. @JimCramer gives a progress re… https://t.co/ET9XW0FsuJ,1,neutral,1,neutral,neutral,1,0,Finistral-7B-LoRA (Alpaca prompt),tfns,-10.814242362976074,2.011142896662932e-05,-0.0017419178038835526,0.9982792139053345,-6.376741886138916,0.001700688386335969
1870,Fiesta Restaurant Group adds hedge fund exec to board,1,neutral,1,neutral,neutral,1,0,Finistral-7B-LoRA (Alpaca prompt),tfns,-11.937551498413086,6.540175036207074e-06,-5.149708886165172e-05,0.9999533891677856,-10.125051498413086,4.006342715001665e-05
1871,First Reserve names two new managing directors in latest promotions,1,neutral,1,neutral,neutral,1,0,Finistral-7B-LoRA (Alpaca prompt),tfns,-15.000029563903809,3.0589566790695244e-07,-2.9205850296420977e-05,0.9999783039093018,-10.750029563903809,2.144494283129461e-05
1872,"Ford names Jim Farley COO, Hinrichs to retire",1,neutral,1,neutral,neutral,1,0,Finistral-7B-LoRA (Alpaca prompt),tfns,-11.937605857849121,6.5401904976170044e-06,-0.00010609064338495955,0.9999557733535767,-10.187605857849121,3.7636196793755516e-05
1873,"Ford to name Jim  Farley COO, Hinrichs to retire: source",1,neutral,1,neutral,neutral,1,0,Finistral-7B-LoRA (Alpaca prompt),tfns,-12.625157356262207,3.2885573091334663e-06,-0.0001573438785271719,0.9999383687973022,-9.750157356262207,5.82910688535776e-05
1874,GE brings in shipper Maersk's CFO as finance chief,1,neutral,1,neutral,neutral,1,0,Finistral-7B-LoRA (Alpaca prompt),tfns,-13.812507629394531,1.0030109933722997e-06,-7.390948667307384e-06,0.9999959468841553,-12.687507629394531,3.0894914289092412e-06
1875,General Electric names Maersk CFO Carolina Dybeck Happe as its new CFO https://t.co/gfPLu09xuW,1,neutral,1,neutral,neutral,1,0,Finistral-7B-LoRA (Alpaca prompt),tfns,-15.000007629394531,3.0590177857448e-07,-7.390948667307384e-06,0.9999982118606567,-13.437507629394531,1.4593757668990293e-06
1876,GoDaddy announces board changes,1,neutral,1,neutral,neutral,1,0,Finistral-7B-LoRA (Alpaca prompt),tfns,-13.937505722045898,8.851553729982697e-07,-5.722029527532868e-06,0.9999973773956299,-13.250005722045898,1.7603416608835687e-06
1877,Hans Sauter Takes Over Global Sustainability Duties at Fresh Del Monte Produce,1,neutral,1,neutral,neutral,1,0,Finistral-7B-LoRA (Alpaca prompt),tfns,-17.0625057220459,3.8891105447191876e-08,-6.556489552167477e-06,0.9999997615814209,-15.687506675720215,1.5381731088837114e-07
1878,International Business Machines : Correction to IBM's New Leadership Team #InternationalBusinessMachines #Stock... https://t.co/cd6Jmiss90,1,neutral,1,neutral,neutral,1,0,Finistral-7B-LoRA (Alpaca prompt),tfns,-15.250006675720215,2.382368506914645e-07,-6.794906312279636e-06,0.9999995231628418,-15.187506675720215,2.536018257615069e-07
1879,Jefferies poaches more staff from CLSA to boost Asia expansion https://t.co/x2dQ6I9HM2,1,neutral,1,neutral,neutral,1,0,Finistral-7B-LoRA (Alpaca prompt),tfns,-7.754543304443359,0.0004288053896743804,-0.004543101880699396,0.995502769947052,-5.504543304443359,0.00406839232891798
1880,Legere stepping down as T-Mobile CEO,1,neutral,0,negative,negative,0,0,Finistral-7B-LoRA (Alpaca prompt),tfns,-0.5764553546905518,0.5619222521781921,-0.8264553546905518,0.4376254975795746,-7.701455116271973,0.00045219738967716694
1881,Libbey announces CFO transition,1,neutral,1,neutral,neutral,1,0,Finistral-7B-LoRA (Alpaca prompt),tfns,-16.312503814697266,8.233246973077257e-08,-3.2186455882765586e-06,0.9999997615814209,-16.062503814697266,1.0571698538797136e-07
1882,"MedMen's CEO Resigned, and These Pot Stock CEOs Could Be Next",1,neutral,0,negative,negative,0,0,Finistral-7B-LoRA (Alpaca prompt),tfns,-0.0010621865512803197,0.9989539384841919,-6.876062393188477,0.0010322167072445154,-11.188562393188477,1.3831712749379221e-05
1883,MGP Adds James Hewlette to International Beverage Alcohol Sales Team   https://t.co/1wZFyOaWH4,1,neutral,1,neutral,neutral,1,0,Finistral-7B-LoRA (Alpaca prompt),tfns,-13.125118255615234,1.9945125586673385e-06,-0.00011860620725201443,0.9998891353607178,-9.125118255615234,0.00010889670375036076
1884,"Mike Sievert to become T-Mobile CEO on May 1, 2020",1,neutral,1,neutral,neutral,1,0,Finistral-7B-LoRA (Alpaca prompt),tfns,-13.625022888183594,1.2098595334464335e-06,-2.312633478140924e-05,0.9999936819076538,-12.187522888183594,5.093698746350128e-06
1885,"MOVES-Morgan Stanley hires former AIG executive to lead global support centers
https://t.co/ypYjW6jfYZ https://t.co/a6PKCsMonu",1,neutral,1,neutral,neutral,1,0,Finistral-7B-LoRA (Alpaca prompt),tfns,-12.625039100646973,3.2886466669879155e-06,-3.886147169396281e-05,0.9999655485153198,-10.375039100646973,3.1201812817016616e-05
1886,Nombrado nuevo vicepresidente de la división de cadena de suministro del grupo Viking Malt,1,neutral,1,neutral,neutral,1,0,Finistral-7B-LoRA (Alpaca prompt),tfns,-17.062501907348633,3.8891112552619234e-08,-1.1920922133867862e-06,0.9999998807907104,-16.812501907348633,4.993717439560896e-08
1887,"ReneSola names new CEO, CFO after departures",1,neutral,1,neutral,neutral,1,0,Finistral-7B-LoRA (Alpaca prompt),tfns,-11.625025749206543,8.939677172747906e-06,-2.5987286790041253e-05,0.9999889135360718,-13.062525749206543,2.1233593088254565e-06
1888,Shilpa Bhatia Rejoins SpiceJet As Chief Commercial Officer After Five-Month Stint At IndiGo,1,neutral,1,neutral,neutral,1,0,Finistral-7B-LoRA (Alpaca prompt),tfns,-15.062507629394531,2.873681523851701e-07,-7.390948667307384e-06,0.9999984502792358,-13.625007629394531,1.2098653314751573e-06
1889,Six Sigma Metals : Experienced Board Addition & Appendix 3X #SixSigmaMetals #Stock #MarketScreener… https://t.co/GzmaLJyhFQ,1,neutral,1,neutral,neutral,1,0,Finistral-7B-LoRA (Alpaca prompt),tfns,-14.062535285949707,7.811268005752936e-07,-3.564294092939235e-05,0.9999716281890869,-10.500035285949707,2.7535670596989803e-05
1890,Sony : Amazon names Sony executive to lead entertainment unit - WSJ #Sony #Stock #MarketScreener… https://t.co/pYRE6UyCgV,1,neutral,2,positive,positive,0,0,Finistral-7B-LoRA (Alpaca prompt),tfns,-11.05485725402832,1.5811698176548816e-05,-1.804856777191162,0.16451384127140045,-0.1798567920923233,0.8354703187942505
1891,Spark Networks names new CEO,1,neutral,1,neutral,neutral,1,0,Finistral-7B-LoRA (Alpaca prompt),tfns,-15.125003814697266,2.699575816222932e-07,-3.933898824470816e-06,0.9999990463256836,-14.250003814697266,6.475946179307357e-07
1892,"Sunniva President, Board Director Resign Weeks After CFO Departure",1,neutral,0,negative,negative,0,0,Finistral-7B-LoRA (Alpaca prompt),tfns,-0.0024915861431509256,0.9975243210792542,-6.002491474151611,0.0024726158007979393,-12.68999195098877,3.0818553113931557e-06
1893,Tesla Loses Its Third General Counsel in the Course of a Year,1,neutral,1,neutral,neutral,1,0,Finistral-7B-LoRA (Alpaca prompt),tfns,-5.379635810852051,0.004609563387930393,-0.004635896533727646,0.995388388633728,-13.12963581085205,1.985534936466138e-06
1894,UMH Properties names Taft operating chief,1,neutral,1,neutral,neutral,1,0,Finistral-7B-LoRA (Alpaca prompt),tfns,-14.562505722045898,4.737898109397065e-07,-5.602820692729438e-06,0.9999979734420776,-13.375005722045898,1.5534970998487552e-06
1895,WP Engine Designa a Lisa Box Vicepresidenta SÃƒÂ©nior de Desarrollo Corporativo,1,neutral,1,neutral,neutral,1,0,Finistral-7B-LoRA (Alpaca prompt),tfns,-13.437542915344238,1.4593307469112915e-06,-4.255681051290594e-05,0.9999673366546631,-10.375042915344238,3.120186738669872e-05
1896,Xinjiang Xinxin Mining Industry : ANNOUNCEMENT - RESIGNATION OF GENERAL MANAGER  #Stock #MarketScreener… https://t.co/t6FBv4Yu7G,1,neutral,1,neutral,neutral,1,0,Finistral-7B-LoRA (Alpaca prompt),tfns,-11.312551498413086,1.2219014024594799e-05,-5.1973900554003194e-05,0.9999827146530151,-12.187551498413086,5.093642812425969e-06
1897,$BEN - Franklin Resources drops after November AUM signals 'red alert' https://t.co/9iC6zMxMXy,0,negative,0,negative,negative,1,0,Finistral-7B-LoRA (Alpaca prompt),tfns,-9.512448741588742e-05,0.9999172687530518,-10.37509536743164,3.1200303055811673e-05,-9.87509536743164,5.144060560269281e-05
1898,$F - Ford's Value Has Tanked: Recovery Looks Poor. https://t.co/cLVJUCwNbt #economy #stocks #markets,0,negative,0,negative,negative,1,0,Finistral-7B-LoRA (Alpaca prompt),tfns,-3.0874729418428615e-05,0.9999842643737793,-11.750030517578125,7.889200787758455e-06,-11.750030517578125,7.889200787758455e-06
1899,$HYG - A Segment Of Junk Bonds Signals Stress. Continue reading: https://t.co/gQjqOhANgD #stockmarket #investing #trading,0,negative,0,negative,negative,1,0,Finistral-7B-LoRA (Alpaca prompt),tfns,-0.0003885467885993421,0.9996380805969238,-8.125388145446777,0.00029593761428259313,-9.625388145446777,6.603259680559859e-05
1900,$TALKX: Market Briefing: Downshift https://t.co/CBPbBbxMjS,0,negative,0,negative,negative,1,0,Finistral-7B-LoRA (Alpaca prompt),tfns,-0.030216524377465248,0.9702821373939514,-3.5302164554595947,0.029299981892108917,-7.780216693878174,0.000417941773775965
1901,$TIF $LVMHF - Luxury sector shakeup sends investors scrambling https://t.co/IWVWNxN0hy,0,negative,1,neutral,neutral,0,0,Finistral-7B-LoRA (Alpaca prompt),tfns,-9.876799583435059,5.1354727474972606e-05,-0.0017998700495809317,0.9982479810714722,-6.376800060272217,0.001700635184533894
1902,$TSLA short 🤣,0,negative,0,negative,negative,1,0,Finistral-7B-LoRA (Alpaca prompt),tfns,-0.0007924277451820672,0.9998548030853271,-9.563292503356934,7.03065816196613e-05,-9.500792503356934,7.484096568077803e-05
1903,"$TWLO - Yes, This Is An Unpopular Opinion: Twilio Is Overvalued. https://t.co/PCCPSLJaCP #markets #finance #stocks",0,negative,0,negative,negative,1,0,Finistral-7B-LoRA (Alpaca prompt),tfns,-0.029820190742611885,0.9706500172615051,-3.529820203781128,0.02931109070777893,-10.154820442199707,3.888937862939201e-05
1904,$XLU - XLU Weekly: The Relief Rally From 43.44s Stalls At 58.09s. https://t.co/0QF67WMAAr #investing #markets #economy,0,negative,0,negative,negative,1,0,Finistral-7B-LoRA (Alpaca prompt),tfns,-0.023979637771844864,0.9763452410697937,-3.773979663848877,0.022961439564824104,-7.273979663848877,0.0006933753611519933
1905,Companies Like Juggernaut Exploration (CVE:JUGR) Can Be Considered Quite Risky,0,negative,1,neutral,neutral,0,0,Finistral-7B-LoRA (Alpaca prompt),tfns,-7.000933647155762,0.0009110455866903067,-0.0009335688664577901,0.9990828037261963,-12.000933647155762,6.1385771914501674e-06
1906,Credit Woes Come Calling For The South Africa ETF,0,negative,0,negative,negative,1,0,Finistral-7B-LoRA (Alpaca prompt),tfns,-4.351044481154531e-05,0.9999673366546631,-10.500043869018555,2.7535552362678573e-05,-12.187543869018555,5.093564595881617e-06
1907,Dow heavyweight Boeing ending strong decade with whimper,0,negative,0,negative,negative,1,0,Finistral-7B-LoRA (Alpaca prompt),tfns,-0.06216613948345184,0.9398284554481506,-2.812166213989258,0.06008122116327286,-9.312166213989258,9.032846719492227e-05
1908,Elon Musk Loses $5.9 Billion as Tesla Succumbs to the Laws of Gravity,0,negative,0,negative,negative,1,0,Finistral-7B-LoRA (Alpaca prompt),tfns,-0.02990812435746193,0.9705715179443359,-3.5299081802368164,0.02930872142314911,-9.029908180236816,0.00011977803660556674
1909,"GlobalData : H&M's recovery derailed by COVID-19, says GlobalData #GlobalData #Stock #MarketScreener… https://t.co/oAkK0CkWFZ",0,negative,0,negative,negative,1,0,Finistral-7B-LoRA (Alpaca prompt),tfns,-8.487341256113723e-05,0.9999260902404785,-9.62508487701416,6.605162343475968e-05,-11.75008487701416,7.88874149293406e-06
1910,Hedge Funds Are Dumping Capital Senior Living Corporation (CSU),0,negative,0,negative,negative,1,0,Finistral-7B-LoRA (Alpaca prompt),tfns,-3.5523738915799186e-05,0.9999780654907227,-11.625035285949707,8.939579856814817e-06,-11.250035285949707,1.3007012057641987e-05
1911,Hedge Funds Are Dumping UMB Financial Corporation (UMBF),0,negative,0,negative,negative,1,0,Finistral-7B-LoRA (Alpaca prompt),tfns,-2.729855441430118e-05,0.9999831914901733,-12.125027656555176,5.422157300927211e-06,-11.375027656555176,1.1478707165224478e-05
1912,Hedge Funds Are Selling Genco Shipping & Trading Limited (GNK),0,negative,0,negative,negative,1,0,Finistral-7B-LoRA (Alpaca prompt),tfns,-8.177422569133341e-05,0.9999288320541382,-12.187582015991211,5.093368599773385e-06,-9.625082015991211,6.605180533370003e-05
1913,Hedge Funds Are Selling InVitae Corporation (NVTA),0,negative,0,negative,negative,1,0,Finistral-7B-LoRA (Alpaca prompt),tfns,-4.60137271147687e-05,0.9999673366546631,-13.437545776367188,1.4593307469112915e-06,-10.375045776367188,3.120186738669872e-05
1914,Hedge Funds Are Selling PennyMac Financial Services Inc (PFSI),0,negative,0,negative,negative,1,0,Finistral-7B-LoRA (Alpaca prompt),tfns,-0.00013469743134919554,0.9998795986175537,-10.625134468078613,2.429790583846625e-05,-9.250134468078613,9.61000841925852e-05
1915,Hedge Funds Aren’t Crazy About eGain Communications Corporation (EGAN) Anymore,0,negative,0,negative,negative,1,0,Finistral-7B-LoRA (Alpaca prompt),tfns,-9.023735765367746e-05,0.9999172687530518,-9.625090599060059,6.605104135815054e-05,-11.000090599060059,1.6700318155926652e-05
1916,Hedge Funds Aren’t Crazy About Titan Machinery Inc. (TITN) Anymore,0,negative,0,negative,negative,1,0,Finistral-7B-LoRA (Alpaca prompt),tfns,-0.00012575789878610522,0.9998824596405029,-9.250125885009766,9.610036067897454e-05,-10.750125885009766,2.1442887373268604e-05
1917,Here's Why Zogenix Took a Tumble Today,0,negative,0,negative,negative,1,0,Finistral-7B-LoRA (Alpaca prompt),tfns,-0.0005062728887423873,0.9995032548904419,-7.625506401062012,0.0004878528125118464,-11.625506401062012,8.935335245041642e-06
1918,"Introducing Hitech & Development Wireless Sweden Holding (STO:HDW B), The Stock That Slid 60% In The Last Year",0,negative,0,negative,negative,1,0,Finistral-7B-LoRA (Alpaca prompt),tfns,-0.003716705832630396,0.9963221549987793,-5.628716468811035,0.003593298839405179,-9.378716468811035,8.450628229184076e-05
1919,Investors Who Bought Elanco Animal Health (NYSE:ELAN) Shares A Year Ago Are Now Down 23%,0,negative,0,negative,negative,1,0,Finistral-7B-LoRA (Alpaca prompt),tfns,-0.00020394629973452538,0.9998136162757874,-8.625204086303711,0.00017952673078980297,-11.875204086303711,6.961006874917075e-06
1920,Look to go short $ES if it goes offered below 3107.50 or if the a.m. open is below 3107.50 and goes offered below t… https://t.co/YM6WBkERZ3,0,negative,0,negative,negative,1,0,Finistral-7B-LoRA (Alpaca prompt),tfns,-0.0010338444262742996,0.9991506338119507,-8.251033782958984,0.0002610366209410131,-7.438533782958984,0.0005882551777176559
1921,"RECAP 12/10 Unusual Puts:
$ITCI Jan 6 P
$AAPL Jan 240 P
$FXB Dec 123 P
$JD Jan 31 P
$NLOK Dec 26 P
$PDD Apr 35 P… https://t.co/pUqu2jUDbi",0,negative,0,negative,negative,1,0,Finistral-7B-LoRA (Alpaca prompt),tfns,-0.01723022572696209,0.9829609990119934,-4.142230033874512,0.015888085588812828,-6.767230033874512,0.0011509290197864175
1922,"Sensex, Nifty Halt Four-Day Gaining Streak As RIL, HDFC Drag",0,negative,0,negative,negative,1,0,Finistral-7B-LoRA (Alpaca prompt),tfns,-0.008969255723059177,0.991131603717804,-4.758969306945801,0.00857496913522482,-8.1339693069458,0.0002934193180408329
1923,Why Carnival Stock Lost 14% in January,0,negative,0,negative,negative,1,0,Finistral-7B-LoRA (Alpaca prompt),tfns,-0.0002131234941771254,0.9997990727424622,-8.625212669372559,0.00017952411144506186,-10.750212669372559,2.144109930668492e-05
1924,$ACST adding. Big catalyst coming up very soon. Stock has been under accumulation. CaPre (TRILOGY 1 and 2) Hypertri... https://t.co/0ZJuIuHVN9,2,positive,2,positive,positive,1,0,Finistral-7B-LoRA (Alpaca prompt),tfns,-13.00001049041748,2.260311475765775e-06,-12.06251049041748,5.771907126472797e-06,-1.0847986231965479e-05,0.9999920129776001
1925,$AIKI my position remains intact. Buying dips.,2,positive,1,neutral,neutral,0,0,Finistral-7B-LoRA (Alpaca prompt),tfns,-10.314382553100586,3.315770663903095e-05,-0.0018829250475391746,0.9982661604881287,-6.376883029937744,0.0017006661510095
1926,$AMZN - Amazon: One Of The Best Long-Term Investment In The Tech Sector. https://t.co/zC79wifAYj #finance #investing #stocks,2,positive,2,positive,positive,1,0,Finistral-7B-LoRA (Alpaca prompt),tfns,-13.750053405761719,1.0676478723326e-06,-9.875053405761719,5.144215901964344e-05,-5.352353764465079e-05,0.9999474287033081
1927,"$BOXL buyers into the close, nice !!!",2,positive,2,positive,positive,1,0,Finistral-7B-LoRA (Alpaca prompt),tfns,-11.12502384185791,1.4738849131390452e-05,-11.62502384185791,8.939564395404886e-06,-2.407998726994265e-05,0.9999762773513794
1928,$BOXL loading up again !!! Last month K Laser Technology reported 30.2% Stake. https://t.co/Gd2jtkHBJE,2,positive,2,positive,positive,1,0,Finistral-7B-LoRA (Alpaca prompt),tfns,-8.842439651489258,0.00014447631838265806,-3.5299394130706787,0.02930799499154091,-0.029939360916614532,0.9705474972724915
1929,$BOXL nice start !!!! $PDSB still accumulating.,2,positive,2,positive,positive,1,0,Finistral-7B-LoRA (Alpaca prompt),tfns,-13.31252670288086,1.653649405852775e-06,-10.62502670288086,2.430019958410412e-05,-2.706014311115723e-05,0.9999740123748779
1930,$BPTH buy the dip.,2,positive,2,positive,positive,1,0,Finistral-7B-LoRA (Alpaca prompt),tfns,-9.812990188598633,5.473619603435509e-05,-7.750490188598633,0.0004305335460230708,-0.000490068516228348,0.9995148181915283
1931,$BURL certainly isn't looking shabby https://t.co/3AqvmOgZuG,2,positive,2,positive,positive,1,0,Finistral-7B-LoRA (Alpaca prompt),tfns,-11.19727897644043,1.3711583051190246e-05,-4.63477897644043,0.009708344005048275,-0.009778810665011406,0.9902779459953308
1932,$CAT - Caterpillar's Expected Dividend Hike And Buybacks Will Push The Stock Higher. https://t.co/zMJ0Ol3g2w #markets #business #economy,2,positive,2,positive,positive,1,0,Finistral-7B-LoRA (Alpaca prompt),tfns,-12.375015258789062,4.2227934500260744e-06,-11.562515258789062,9.516212230664678e-06,-1.5616295058862306e-05,0.9999862909317017
1933,"$CERN - Cerner: Undervalued, Wide Moat, Dominant. Read more: https://t.co/4KImEZVaU1 #finance #markets #economy",2,positive,2,positive,positive,1,0,Finistral-7B-LoRA (Alpaca prompt),tfns,-10.565714836120605,2.5785364414332435e-05,-5.7532148361206055,0.003172601107507944,-0.0032147890888154507,0.9968016147613525
1934,"$CIFS could squeeze over 1 , im long and will add + on the break of the pivot level.",2,positive,2,positive,positive,1,0,Finistral-7B-LoRA (Alpaca prompt),tfns,-7.875492572784424,0.00037994314334355295,-9.125493049621582,0.00010885552910622209,-0.0004926898400299251,0.9995111227035522
1935,$CPHI here is the technical chart. With some buying volume this China play could soar just like $YGYI https://t.co/tEbpZIklHz,2,positive,2,positive,positive,1,0,Finistral-7B-LoRA (Alpaca prompt),tfns,-9.87624740600586,5.138205233379267e-05,-6.751247406005859,0.0011694501154124737,-0.0012474621180444956,0.9987791180610657
1936,$DG 52-week high,2,positive,2,positive,positive,1,0,Finistral-7B-LoRA (Alpaca prompt),tfns,-12.250164985656738,4.784336852026172e-06,-8.750164985656738,0.0001584354613441974,-0.00016497205069754273,0.999836802482605
1937,$EDNT great news this morning. Taking some before it explodes higher. NEWS: Edison Nation is Pleased to Announce th… https://t.co/ADTMS9D2ID,2,positive,2,positive,positive,1,0,Finistral-7B-LoRA (Alpaca prompt),tfns,-12.062542915344238,5.771715677838074e-06,-10.250042915344238,3.535604628268629e-05,-4.303362584323622e-05,0.999958872795105
1938,$FSUMF - FMG Offers Compelling Valuation And Dividend Yield (8%-10%). https://t.co/n8z87Sz8E5 #stockmarket #stocks #business,2,positive,2,positive,positive,1,0,Finistral-7B-LoRA (Alpaca prompt),tfns,-8.387232780456543,0.0002277871681144461,-1.1372324228286743,0.3207482397556305,-0.38723239302635193,0.6790239810943604
1939,$GDEN $ERI $MGM - Casino sector attracts some bets https://t.co/XjKy1M0CLb,2,positive,2,positive,positive,1,0,Finistral-7B-LoRA (Alpaca prompt),tfns,-6.38645601272583,0.001684239017777145,-4.63645601272583,0.009692125953733921,-0.011456181295216084,0.9886236190795898
1940,$GLD $SLV - Gold & Silver Update: December May Be A Bottom. Read more: https://t.co/c0d06nlqQJ #trading #finance #stocks,2,positive,2,positive,positive,1,0,Finistral-7B-LoRA (Alpaca prompt),tfns,-11.812566757202148,7.410848411382176e-06,-9.750066757202148,5.8290836022933945e-05,-6.711257447022945e-05,0.9999343156814575
1941,$MAR - Marriott seen running up 20% gain https://t.co/fTmRowMRLP,2,positive,2,positive,positive,1,0,Finistral-7B-LoRA (Alpaca prompt),tfns,-10.125223159790039,4.005649680038914e-05,-8.625223159790039,0.00017952077905647457,-0.00022349244682118297,0.9997804760932922
1942,"$MYOV is breaking out in pre-market, but we neeed more volume to confirm.",2,positive,2,positive,positive,1,0,Finistral-7B-LoRA (Alpaca prompt),tfns,-10.875062942504883,1.8924434698419645e-05,-10.187562942504883,3.763573113246821e-05,-6.270212179515511e-05,0.9999433755874634
1943,$NIO nice breakout this morning. Next stop 2.46 https://t.co/rLdY9c1rw2,2,positive,2,positive,positive,1,0,Finistral-7B-LoRA (Alpaca prompt),tfns,-12.500007629394531,3.7266247545630904e-06,-12.437507629394531,3.966971235058736e-06,-8.106198947643861e-06,0.9999923706054688
1944,$NYMT out 1.82 from $1.60 @here,2,positive,2,positive,positive,1,0,Finistral-7B-LoRA (Alpaca prompt),tfns,-3.9377074241638184,0.019493291154503822,-3.1877074241638184,0.04126729816198349,-0.06270740926265717,0.9392393827438354
1945,$PACD taking some. Risky but chart looks perfect for a bounce. I like this as a sympathy play off today's BORR move… https://t.co/yL5AlslU3R,2,positive,2,positive,positive,1,0,Finistral-7B-LoRA (Alpaca prompt),tfns,-9.250587463378906,9.605554805602878e-05,-7.625587463378906,0.0004878103209193796,-0.0005874100024811924,0.9994162321090698
1946,$RH clears prior high of 192 after gapping up over its 50-day on volume. On watch how it acts around 200. https://t.co/sF9WRJc7Bo,2,positive,2,positive,positive,1,0,Finistral-7B-LoRA (Alpaca prompt),tfns,-10.875038146972656,1.892481122922618e-05,-10.937538146972656,1.777821671566926e-05,-3.8265450712060556e-05,0.9999632835388184
1947,$SINT volume Alert !! Big buy blocks. Momentum is coming back to this name. First pivot 50c https://t.co/MU2uyO5JFT,2,positive,2,positive,positive,1,0,Finistral-7B-LoRA (Alpaca prompt),tfns,-13.06251335144043,2.1233556708466494e-06,-11.43751335144043,1.0783289326354861e-05,-1.3708974620385561e-05,0.9999871253967285
1948,$SINT woke up !!!! New HOD,2,positive,2,positive,positive,1,0,Finistral-7B-LoRA (Alpaca prompt),tfns,-12.562664031982422,3.5003001812583534e-06,-8.750164031982422,0.0001584356650710106,-0.00016389934171456844,0.99983811378479
1949,$SKYY - First Trust Cloud Computing ETF Should Benefit From Near-Term Surge In Demand Due To COVID-19.… https://t.co/8KCBxqqonH,2,positive,2,positive,positive,1,0,Finistral-7B-LoRA (Alpaca prompt),tfns,-10.125118255615234,4.006069138995372e-05,-9.500118255615234,7.484323577955365e-05,-0.00011836781777674332,0.999885082244873
1950,$SOLO could fuel shares of $WKHS,2,positive,2,positive,positive,1,0,Finistral-7B-LoRA (Alpaca prompt),tfns,-9.567815780639648,6.994483555899933e-05,-5.255316257476807,0.005219760816544294,-0.0053161680698394775,0.9947103261947632
1951,$SRNE Took some. Love the news.,2,positive,2,positive,positive,1,0,Finistral-7B-LoRA (Alpaca prompt),tfns,-12.50039291381836,3.7252232232276583e-06,-7.875392913818359,0.00037998310290277004,-0.0003927174839191139,0.999616265296936
1952,$STZ - Time To Reach For Constellation Brands During The Coronavirus. https://t.co/6M1lRZZRyC #trading #business #economy,2,positive,1,neutral,neutral,0,0,Finistral-7B-LoRA (Alpaca prompt),tfns,-6.7023606300354,0.001228245673701167,-0.5773604512214661,0.561486005783081,-0.8273604512214661,0.43728575110435486
1953,$T - AT&T: An Attractive Options Strategy For The Coming Months. https://t.co/9LcAGrHWSL #economy #markets #stocks,2,positive,2,positive,positive,1,0,Finistral-7B-LoRA (Alpaca prompt),tfns,-11.502199172973633,1.0107879461429548e-05,-6.127199649810791,0.00218269438482821,-0.002199494047090411,0.9978072047233582
1954,$TOPS Wow..... Morgan Stanley 13G 6.7%,2,positive,2,positive,positive,1,0,Finistral-7B-LoRA (Alpaca prompt),tfns,-9.501128196716309,7.47689773561433e-05,-6.87612771987915,0.0010321538429707289,-0.0011277989251539111,0.9988930821418762
1955,"$TOT - Total: Solid Quarter, Continuing To Execute On Growth Story. Continue reading: https://t.co/FyeVpp7mbO #investing #economy #finance",2,positive,2,positive,positive,1,0,Finistral-7B-LoRA (Alpaca prompt),tfns,-10.876195907592773,1.890301427920349e-05,-6.751195907592773,0.0011694880668073893,-0.0011959074763581157,0.9988116025924683
1956,"$TSM - Taiwan Semiconductor: Visibility May Be Limited In The Near-Term, But Long-Term Growth Outlook Is Favorable.… https://t.co/8CxDEK114Z",2,positive,1,neutral,neutral,0,0,Finistral-7B-LoRA (Alpaca prompt),tfns,-4.515140533447266,0.010947893373668194,-0.015140608884394169,0.9854978322982788,-5.640140533447266,0.0035542603582143784
1957,$TXN highs out of a long base and above 8 and 21 MAs,2,positive,2,positive,positive,1,0,Finistral-7B-LoRA (Alpaca prompt),tfns,-11.125112533569336,1.4737564924871549e-05,-9.250112533569336,9.610100096324459e-05,-0.00011288482346571982,0.9998891353607178
1958,$WRK - WestRock: Strong Tailwinds Supporting The Bull Thesis Despite COVID-19. https://t.co/3IHSi3Thle #trading #stockmarket #economy,2,positive,2,positive,positive,1,0,Finistral-7B-LoRA (Alpaca prompt),tfns,-9.0068998336792,0.00012256881745997816,-5.006899833679199,0.006692030932754278,-0.0068996986374258995,0.9931854009628296
1959,$YEXT - Yext: A Coronavirus Bull Case. https://t.co/7wlZOFGRu6 #trading #business #stocks,2,positive,1,neutral,neutral,0,0,Finistral-7B-LoRA (Alpaca prompt),tfns,-6.681299686431885,0.0012543505290523171,-0.056299738585948944,0.9454092979431152,-2.9312996864318848,0.05333634465932846
1960,"$Z strong close, nice candle as nears breakout",2,positive,2,positive,positive,1,0,Finistral-7B-LoRA (Alpaca prompt),tfns,-13.000007629394531,2.260313522128854e-06,-12.250007629394531,4.7850840019236784e-06,-7.629365427419543e-06,0.9999929666519165
1961,“It’s my biggest holding.” Mark Cuban says he has nearly $1 billion in Amazon stock. https://t.co/5OLyDMTAdb,2,positive,1,neutral,neutral,0,0,Finistral-7B-LoRA (Alpaca prompt),tfns,-10.627036094665527,2.4253437004517764e-05,-0.12703630328178406,0.8807756900787354,-2.1270363330841064,0.11920002847909927
1962,"9:45 am (it's early) $SPY 272.99 1,520 STOCKS are up from the open vs 1,700  that are down from the open. $IWM 116.87",2,positive,2,positive,positive,1,0,Finistral-7B-LoRA (Alpaca prompt),tfns,-9.692801475524902,6.172659777803347e-05,-5.255301475524902,0.005219803657382727,-0.005301701836287975,0.9947184324264526
1963,"A Rising Share Price Has Us Looking Closely At Fortinet, Inc.'s (NASDAQ:FTNT) P/E Ratio",2,positive,2,positive,positive,1,0,Finistral-7B-LoRA (Alpaca prompt),tfns,-10.504114151000977,2.7423622668720782e-05,-5.504114151000977,0.004070026334375143,-0.004114259034395218,0.9959025979042053
1964,A Rising Share Price Has Us Looking Closely At Vipshop Holdings Limited's (NYSE:VIPS) P/E Ratio,2,positive,2,positive,positive,1,0,Finistral-7B-LoRA (Alpaca prompt),tfns,-10.439236640930176,2.9261687814141624e-05,-6.376736164093018,0.0017006727866828442,-0.0017362057697027922,0.9982700347900391
1965,added $MRK Feb 90/Dec 90.50 Call Diagonals,2,positive,2,positive,positive,1,0,Finistral-7B-LoRA (Alpaca prompt),tfns,-9.313150405883789,9.023048914968967e-05,-7.500650405883789,0.0005527287721633911,-0.0006503135664388537,0.9993570446968079
1966,Amazon is becoming a go-to for bulls - here's the chart now https://t.co/S86h9k7xuI,2,positive,2,positive,positive,1,0,Finistral-7B-LoRA (Alpaca prompt),tfns,-9.750265121459961,5.827940549352206e-05,-8.500265121459961,0.00020341512572485954,-0.00026544384309090674,0.9997382760047913
1967,"Beyond Meat among the stocks set to benefit from ongoing pork shortage, Bernstein says",2,positive,2,positive,positive,1,0,Finistral-7B-LoRA (Alpaca prompt),tfns,-11.375080108642578,1.147801049228292e-05,-9.625080108642578,6.605139060411602e-05,-8.010543388081715e-05,0.999922513961792
1968,ChartTrader's recent $YMm0 short took off for a +700 pt gain in less than 30 minutes. Learn more and #tradesmarter… https://t.co/1JiBaAV8ji,2,positive,2,positive,positive,1,0,Finistral-7B-LoRA (Alpaca prompt),tfns,-7.875869274139404,0.0003797992249019444,-7.625869274139404,0.0004876718739978969,-0.000869253883138299,0.9991325736045837
1969,Ethereum (ETH) Price May Soon Surge 50%: Here’s Why - Ethereum World News,2,positive,2,positive,positive,1,0,Finistral-7B-LoRA (Alpaca prompt),tfns,-12.562589645385742,3.500557568258955e-06,-9.375089645385742,8.481073746224865e-05,-8.987976616481319e-05,0.9999116659164429
1970,Firan Technology Group Corporation (TSE:FTG) Is Employing Capital Very Effectively,2,positive,2,positive,positive,1,0,Finistral-7B-LoRA (Alpaca prompt),tfns,-9.724221229553223,5.982201764709316e-05,-0.9742212295532227,0.37751808762550354,-0.47422122955322266,0.6224220991134644
1971,GE’s ‘Beat-and-Raise Story’ Leads Longtime Skeptic to Upgrade,2,positive,2,positive,positive,1,0,Finistral-7B-LoRA (Alpaca prompt),tfns,-9.750492095947266,5.826617052662186e-05,-7.750491619110107,0.0004305320035200566,-0.0004917366313748062,0.9995112419128418
1972,Hedge Funds Are Betting On Catchmark Timber Trust Inc (CTT),2,positive,2,positive,positive,1,0,Finistral-7B-LoRA (Alpaca prompt),tfns,-11.312718391418457,1.2216589311719872e-05,-8.500218391418457,0.00020342448260635138,-0.00021801002731081098,0.9997842907905579
1973,Hedge Funds Are Buying Costamare Inc (CMRE),2,positive,2,positive,positive,1,0,Finistral-7B-LoRA (Alpaca prompt),tfns,-10.50005054473877,2.7535101253306493e-05,-10.75005054473877,2.144435711670667e-05,-5.030505417380482e-05,0.9999510049819946
1974,"Hedge Funds Are Optimistic About Merck & Co., Inc. (MRK)",2,positive,2,positive,positive,1,0,Finistral-7B-LoRA (Alpaca prompt),tfns,-12.81251335144043,2.7264459276921116e-06,-11.62501335144043,8.939671715779696e-06,-1.2993727978027891e-05,0.999988317489624
1975,Hedge Funds Have Never Been More Bullish On ADMA Biologics Inc (ADMA),2,positive,2,positive,positive,1,0,Finistral-7B-LoRA (Alpaca prompt),tfns,-13.312511444091797,1.6536748717044247e-06,-11.625011444091797,8.939681720221415e-06,-1.1205610462639015e-05,0.99998939037323
1976,Hedge Funds Have Never Been More Bullish On BioSpecifics Technologies Corp. (BSTC),2,positive,2,positive,positive,1,0,Finistral-7B-LoRA (Alpaca prompt),tfns,-13.187506675720215,1.8738679727903218e-06,-12.437506675720215,3.96697851101635e-06,-6.437280717364047e-06,0.999994158744812
1977,"Hedge Funds Have Never Been More Bullish On New York Mortgage Trust, Inc. (NYMT)",2,positive,2,positive,positive,1,0,Finistral-7B-LoRA (Alpaca prompt),tfns,-13.875005722045898,9.422406606063305e-07,-12.375005722045898,4.2228293750667945e-06,-5.602820692729438e-06,0.9999948740005493
1978,"Hedge Funds Have Never Been This Bullish On Hallmark Financial Services, Inc. (HALL)",2,positive,2,positive,positive,1,0,Finistral-7B-LoRA (Alpaca prompt),tfns,-14.125001907348633,7.338206842177897e-07,-14.500001907348633,5.043470423515828e-07,-1.6689286894688848e-06,0.9999988079071045
1979,Hedge Funds Have Never Been This Bullish On North American Construction Group Ltd. (NOA),2,positive,2,positive,positive,1,0,Finistral-7B-LoRA (Alpaca prompt),tfns,-13.50000286102295,1.3709558288610424e-06,-13.87500286102295,9.422432185601792e-07,-2.861018856492592e-06,0.999997615814209
1980,Here comes the bounce $LK,2,positive,2,positive,positive,1,0,Finistral-7B-LoRA (Alpaca prompt),tfns,-10.375155448913574,3.1198062060866505e-05,-9.000155448913574,0.00012339072418399155,-0.00015567521040793508,0.9998453855514526
1981,Here's what has stocks surging midday: https://t.co/9Jg08tQs6j,2,positive,1,neutral,neutral,0,0,Finistral-7B-LoRA (Alpaca prompt),tfns,-7.452080249786377,0.0005802835221402347,-0.20208042860031128,0.8171000480651855,-1.702080488204956,0.18231967091560364
1982,Home Depot stock is still a good investment despite rare misstep: analysts,2,positive,2,positive,positive,1,0,Finistral-7B-LoRA (Alpaca prompt),tfns,-12.312841415405273,4.493673714023316e-06,-8.000341415405273,0.0003353487700223923,-0.00034171465085819364,0.9996601343154907
1983,https://t.co/LKXMOP3zNK Inc. was on course to exceed $1 trillion in market value again after results beat expectati... https://t.co/4tiFA4prdg,2,positive,2,positive,positive,1,0,Finistral-7B-LoRA (Alpaca prompt),tfns,-11.312745094299316,1.2216258255648427e-05,-8.375245094299316,0.00023050389427226037,-0.00024470672360621393,0.9997572302818298
1984,"If You Had Bought AXA (EPA:CS) Stock Five Years Ago, You Could Pocket A 33% Gain Today",2,positive,2,positive,positive,1,0,Finistral-7B-LoRA (Alpaca prompt),tfns,-7.214694023132324,0.0007357093272730708,-2.464694023132324,0.08503643423318863,-0.08969400823116302,0.9142278432846069
1985,"If You Had Bought Century Communities (NYSE:CCS) Stock Five Years Ago, You Could Pocket A 61% Gain Today",2,positive,2,positive,positive,1,0,Finistral-7B-LoRA (Alpaca prompt),tfns,-7.219496250152588,0.0007322542951442301,-1.406996250152588,0.24490554630756378,-0.2819962203502655,0.7543622255325317
1986,Industrials with nice bull flags breaking out today $EMR $ZBRA $PH $SWK,2,positive,2,positive,positive,1,0,Finistral-7B-LoRA (Alpaca prompt),tfns,-12.000012397766113,6.144141480035614e-06,-12.125012397766113,5.4221854952629656e-06,-1.2516897186287679e-05,0.9999884366989136
1987,Investors Who Bought Profile Systems & Software A.E (ATH:PROF) Shares Three Years Ago Are Now Up 739%,2,positive,2,positive,positive,1,0,Finistral-7B-LoRA (Alpaca prompt),tfns,-11.126412391662598,1.471945142839104e-05,-6.626412391662598,0.001325002871453762,-0.001412466517649591,0.9986602067947388
1988,Investors Who Bought Zogenix (NASDAQ:ZGNX) Shares Five Years Ago Are Now Up 411%,2,positive,2,positive,positive,1,0,Finistral-7B-LoRA (Alpaca prompt),tfns,-12.375214576721191,4.221974450047128e-06,-8.500214576721191,0.00020342612697277218,-0.00021491125517059118,0.9997923970222473
1989,Knoll (NYSE:KNL) Has A Pretty Healthy Balance Sheet,2,positive,2,positive,positive,1,0,Finistral-7B-LoRA (Alpaca prompt),tfns,-11.382628440856934,1.139179221354425e-05,-4.882627964019775,0.007577154785394669,-0.0076280031353235245,0.9924114942550659
1990,"Prudential Financial, Inc. Just Beat EPS By 11%: Here's What Analysts Think Will Happen Next",2,positive,2,positive,positive,1,0,Finistral-7B-LoRA (Alpaca prompt),tfns,-11.187639236450195,1.3844296518072952e-05,-9.000139236450195,0.00012339287786744535,-0.00013958434283267707,0.999862790107727
1991,Publicis Groupe (EPA:PUB) Has A Pretty Healthy Balance Sheet,2,positive,2,positive,positive,1,0,Finistral-7B-LoRA (Alpaca prompt),tfns,-11.029791831970215,1.62118740263395e-05,-3.529792070388794,0.029311755672097206,-0.029792074114084244,0.970672070980072
1992,"RECAP 12/10 +Pos Comments:
$HUYA + Hedgeye
$TSLA + Rosenblatt
$TXMD + CJS
$INFY + BofAML",2,positive,2,positive,positive,1,0,Finistral-7B-LoRA (Alpaca prompt),tfns,-11.250162124633789,1.300531039305497e-05,-8.875162124633789,0.00013982027303427458,-0.00016246906307060272,0.9998471736907959
1993,Scalp Trader's recent $CVNA swing long ripped higher for a +90% gain in just one week. Learn more and #tradesmarter… https://t.co/w5NlaycODq,2,positive,2,positive,positive,1,0,Finistral-7B-LoRA (Alpaca prompt),tfns,-11.687575340270996,8.397517376579344e-06,-9.625075340270996,6.605159433092922e-05,-7.557583012385294e-05,0.9999256134033203
1994,"Shareholders Are Loving LeMaitre Vascular, Inc.'s (NASDAQ:LMAT) 1.0% Yield",2,positive,2,positive,positive,1,0,Finistral-7B-LoRA (Alpaca prompt),tfns,-10.875117301940918,1.892332875286229e-05,-9.250117301940918,9.610060078557581e-05,-0.00011753345461329445,0.9998849630355835
1995,Stock Market Update: Apple continues to outperform,2,positive,2,positive,positive,1,0,Finistral-7B-LoRA (Alpaca prompt),tfns,-13.562932968139648,1.287340751332522e-06,-7.75043249130249,0.00043055653804913163,-0.0004326361231505871,0.9995681643486023
1996,Stock Market Update: Apple supplier Synaptics impresses investors,2,positive,2,positive,positive,1,0,Finistral-7B-LoRA (Alpaca prompt),tfns,-12.625112533569336,3.2883906442293664e-06,-9.125112533569336,0.00010889654367929325,-0.00011300401820335537,0.9998877048492432
1997,Stock Traders Are Dumping Virus Hedges After ‘Peak Fear’ Passes,2,positive,2,positive,positive,1,0,Finistral-7B-LoRA (Alpaca prompt),tfns,-5.5076680183410645,0.004055570811033249,-5.6326680183410645,0.0035790286492556334,-0.007668225094676018,0.9923654198646545
1998,"Tesla $TSLA with 1400 January 2022 $1280 calls bought to open $33.50 to $36 for around $5M

And with that, I am off... https://t.co/uiJ0iHFoUw",2,positive,2,positive,positive,1,0,Finistral-7B-LoRA (Alpaca prompt),tfns,-7.442739486694336,0.0005856980569660664,-5.380239486694336,0.004606872797012329,-0.005239683203399181,0.9948074221611023
1999,The Bull Case for Shopify Stock Is More Relevant Than Ever,2,positive,2,positive,positive,1,0,Finistral-7B-LoRA (Alpaca prompt),tfns,-12.375213623046875,4.221974450047128e-06,-8.500213623046875,0.00020342612697277218,-0.00021407696476671845,0.9997923970222473
2000,The Knight-Swift Transportation Holdings (NYSE:KNX) Share Price Is Up 16% And Shareholders Are Holding On,2,positive,2,positive,positive,1,0,Finistral-7B-LoRA (Alpaca prompt),tfns,-12.125102996826172,5.421698460850166e-06,-9.250102996826172,9.610190318198875e-05,-0.00010346830822527409,0.9998985528945923
2001,The Maxim Integrated Products (NASDAQ:MXIM) Share Price Has Gained 100% And Shareholders Are Hoping For More,2,positive,2,positive,positive,1,0,Finistral-7B-LoRA (Alpaca prompt),tfns,-14.37501335144043,5.714938993151009e-07,-11.37501335144043,1.1478761734906584e-05,-1.3708974620385561e-05,0.9999879598617554
2002,We have been following $PGNY closely all week; added it to our Buy Alert list on Tuesday. Today it's ripping to new… https://t.co/BFM1RLzOjG,2,positive,2,positive,positive,1,0,Finistral-7B-LoRA (Alpaca prompt),tfns,-10.570141792297363,2.567143201304134e-05,-4.882641792297363,0.007577046286314726,-0.007641607895493507,0.9923972487449646
2003,Why Capri Holdings Is a Buy This Season,2,positive,2,positive,positive,1,0,Finistral-7B-LoRA (Alpaca prompt),tfns,-11.377492904663086,1.145038640970597e-05,-6.002492904663086,0.002472595078870654,-0.0024927754420787096,0.9975160360336304
2004,"Why Ebix, Inc. (NASDAQ:EBIX) Should Be In Your Dividend Portfolio",2,positive,1,neutral,neutral,0,0,Finistral-7B-LoRA (Alpaca prompt),tfns,-11.205681800842285,1.3596970347862225e-05,-0.01818215288221836,0.9820004105567932,-4.018182277679443,0.017985966056585312
2005,Why Has Cree’s Revenue Jumped 40% In The Past 2 Years?,2,positive,2,positive,positive,1,0,Finistral-7B-LoRA (Alpaca prompt),tfns,-13.187577247619629,1.8737350728770252e-06,-9.500077247619629,7.484608795493841e-05,-7.760223525110632e-05,0.9999232292175293
2006,Why Shares of TransDigm Group Soared in January,2,positive,2,positive,positive,1,0,Finistral-7B-LoRA (Alpaca prompt),tfns,-12.437514305114746,3.966945769207086e-06,-11.500014305114746,1.0129950169357471e-05,-1.4305012882687151e-05,0.999985933303833
2007,Why Snap Stock Jumped Today,2,positive,2,positive,positive,1,0,Finistral-7B-LoRA (Alpaca prompt),tfns,-11.375057220458984,1.147824696090538e-05,-10.000057220458984,4.539734800346196e-05,-5.721882189391181e-05,0.9999431371688843
2008,Why Visa's Stock Price Could Keep Rising,2,positive,2,positive,positive,1,0,Finistral-7B-LoRA (Alpaca prompt),tfns,-13.500029563903809,1.3709194490729715e-06,-10.500029563903809,2.7535652407095768e-05,-2.9444261599564925e-05,0.9999710321426392
2009,"Why You Should Like Aena S.M.E., S.A.’s (BME:AENA) ROCE",2,positive,2,positive,positive,1,0,Finistral-7B-LoRA (Alpaca prompt),tfns,-11.069236755371094,1.5584544598823413e-05,-5.006736755371094,0.006692746188491583,-0.006736662704497576,0.9932916164398193
2010,"With EPS Growth And More, Robertet (EPA:RBT) Is Interesting",2,positive,2,positive,positive,1,0,Finistral-7B-LoRA (Alpaca prompt),tfns,-10.130724906921387,3.983809074270539e-05,-0.6932252645492554,0.499980092048645,-0.6932252645492554,0.499980092048645
2011,$ACRGF - Acreage Holdings: The Best Investment In The Cannabis Space. Subscribe to Seeking Alpha for more:… https://t.co/qmq8yM9GFa,1,neutral,2,positive,positive,0,0,Finistral-7B-LoRA (Alpaca prompt),tfns,-7.8148956298828125,0.000403702724725008,-2.1273956298828125,0.11915479600429535,-0.1273956000804901,0.8804414868354797
2012,$CEI Long-term chart. Everything is possible here. Full of shorts. Can run 400% like in July or doing nothing. But… https://t.co/JJMEup4XH3,1,neutral,1,neutral,neutral,1,0,Finistral-7B-LoRA (Alpaca prompt),tfns,-11.375021934509277,1.147871353168739e-05,-2.1815061700181104e-05,0.9999837875366211,-12.250021934509277,4.7850398914306425e-06
2013,$CEI non stop ion after-hours. $GBR deserves some attention,1,neutral,1,neutral,neutral,1,0,Finistral-7B-LoRA (Alpaca prompt),tfns,-6.040639877319336,0.002380853286013007,-0.22814002633094788,0.796286404132843,-1.6031399965286255,0.20133273303508759
2014,"$CLLS took profits here .. 

Maybe they'll get bought out soon .. that's what happens lol https://t.co/CnPQQKSZpk",1,neutral,2,positive,positive,0,0,Finistral-7B-LoRA (Alpaca prompt),tfns,-7.413422584533691,0.0006031709490343928,-2.3509225845336914,0.09529194980859756,-0.10092251002788544,0.9041048884391785
2015,"$DAN - Dana Slogging Through Some End-Market Challenges, But The Longer-Term Outlook Is Better. Continue reading:… https://t.co/Yhw34F3a2O",1,neutral,1,neutral,neutral,1,0,Finistral-7B-LoRA (Alpaca prompt),tfns,-8.875211715698242,0.00013981682423036546,-0.00021181246847845614,0.9998225569725037,-10.187711715698242,3.7631183658959344e-05
2016,$DNKN - Dunkin' Brands: A Long-Term Analysis. Follow this and any other stock on Seeking Alpha!… https://t.co/5C75MjETME,1,neutral,1,neutral,neutral,1,0,Finistral-7B-LoRA (Alpaca prompt),tfns,-13.500072479248047,1.3708867072637076e-06,-7.283422019099817e-05,0.999947190284729,-9.875072479248047,5.144214446772821e-05
2017,$EB - Eventbrite Needs To Find Acquisitions. Get more info on Seeking Alpha: https://t.co/O3GeF4Q2TE #trading #stockmarket #economy,1,neutral,1,neutral,neutral,1,0,Finistral-7B-LoRA (Alpaca prompt),tfns,-12.875015258789062,2.561266455813893e-06,-1.5258672647178173e-05,0.9999912977218628,-12.000015258789062,6.144158760434948e-06
2018,$ES equilibrium is 3107.50-3108  Long if either open is above 3108 and goes bid above the open. Look for some resis… https://t.co/ifVCk5Vh6r,1,neutral,1,neutral,neutral,1,0,Finistral-7B-LoRA (Alpaca prompt),tfns,-9.750328063964844,5.8276036725146696e-05,-0.000328367663314566,0.9996805191040039,-8.250328063964844,0.0002611750678624958
2019,$ES_F $SPY https://t.co/BJ5eisxxwe,1,neutral,1,neutral,neutral,1,0,Finistral-7B-LoRA (Alpaca prompt),tfns,-5.631503105163574,0.0035835732705891132,-0.006503014825284481,0.9936255216598511,-5.881503105163574,0.0027908897027373314
2020,$GDP - Goodrich Petroleum Corp.: A Solid Play. https://t.co/spGL5EIBuG #stockmarket #economy #stocks,1,neutral,2,positive,positive,0,0,Finistral-7B-LoRA (Alpaca prompt),tfns,-10.259840965270996,3.501300670905039e-05,-4.634841442108154,0.009708136320114136,-0.009841375052928925,0.9902567863464355
2021,"$GOOG $GOOGL - Alphabet: Flying Right To $1,700. Read more and get updates on any stock! https://t.co/cdftwzEnYJ #economy #finance #markets",1,neutral,2,positive,positive,0,0,Finistral-7B-LoRA (Alpaca prompt),tfns,-10.313572883605957,3.317990558571182e-05,-6.876073360443115,0.0010321966838091612,-0.001073261140845716,0.9989345669746399
2022,$GPRO strong action.,1,neutral,1,neutral,neutral,1,0,Finistral-7B-LoRA (Alpaca prompt),tfns,-6.663477897644043,0.0013104835525155067,-0.03847774863243103,0.9877169728279114,-4.538477897644043,0.010972544550895691
2023,"$HSIC 
Brought to my attention by fellow AOT member @Radim7204 !
Really liking how this one is setting up going int… https://t.co/jcQsKjL6Ok",1,neutral,1,neutral,neutral,1,0,Finistral-7B-LoRA (Alpaca prompt),tfns,-13.563436508178711,1.2867219538748031e-06,-0.00093606993323192,0.9990876913070679,-7.000936031341553,0.000911050068680197
2024,$IRM - Iron Mountain Building A Fortress With Data Centers. Sign up for updates on Seeking Alpha!… https://t.co/M4VPqzEtJq,1,neutral,1,neutral,neutral,1,0,Finistral-7B-LoRA (Alpaca prompt),tfns,-12.875110626220703,2.5610358989069937e-06,-0.0001110968878492713,0.999901294708252,-9.250110626220703,9.610216511646286e-05
2025,"$JCP - J.C. Penney: Q3 Impresses, But Headwinds Remain. Get more updates here: https://t.co/nRuoADTjLN #business #trading #markets",1,neutral,1,neutral,neutral,1,0,Finistral-7B-LoRA (Alpaca prompt),tfns,-8.043412208557129,0.00032124065910466015,-0.04341251403093338,0.9576045274734497,-3.168412446975708,0.042074207216501236
2026,$KERN guess what? Great alert this week....... https://t.co/6aNynTGnoP,1,neutral,2,positive,positive,0,0,Finistral-7B-LoRA (Alpaca prompt),tfns,-11.19729232788086,1.3711583051190246e-05,-4.634792804718018,0.009708344005048275,-0.009792622178792953,0.9902779459953308
2027,$KRUS fresh breakout and at resistance. https://t.co/alBaL6qf4i,1,neutral,2,positive,positive,0,0,Finistral-7B-LoRA (Alpaca prompt),tfns,-11.750036239624023,7.889045264164452e-06,-10.500036239624023,2.7535475965123624e-05,-3.6000557884108275e-05,0.9999645948410034
2028,$LB: L Brands feeling mall-based pressure https://t.co/qdD9K6QOy9,1,neutral,0,negative,negative,0,0,Finistral-7B-LoRA (Alpaca prompt),tfns,-0.0009752523037604988,0.9990436434745789,-7.000975131988525,0.0009110099053941667,-10.000975608825684,4.535651169135235e-05
2029,$LK $NTES $PDD - NetEase's Bright 2020; Pinduoduo Is No Luckin Coffee. Continue reading: https://t.co/CTznXqFM0n… https://t.co/TCLXHfhCjf,1,neutral,1,neutral,neutral,1,0,Finistral-7B-LoRA (Alpaca prompt),tfns,-6.127256870269775,0.002182572614401579,-0.002257063053548336,0.9977515339851379,-9.627257347106934,6.590798147954047e-05
2030,$MAXR - How To Play Both Sides Of The Maxar Technologies Recovery Story. Subscribe to Seeking Alpha for more:… https://t.co/OYzd6jPzfC,1,neutral,1,neutral,neutral,1,0,Finistral-7B-LoRA (Alpaca prompt),tfns,-11.312763214111328,1.2216258255648427e-05,-0.0002631794777698815,0.9997572302818298,-8.375263214111328,0.00023050389427226037
2031,$MTB - M&T Bank: Too Soon To Call The Turn. Read more and get updates on any stock! https://t.co/Ys82ZwdFPl #business #economy #stocks,1,neutral,1,neutral,neutral,1,0,Finistral-7B-LoRA (Alpaca prompt),tfns,-12.00001335144043,6.144171493360773e-06,-1.3708974620385561e-05,0.9999933242797852,-14.50001335144043,5.043443138674775e-07
2032,$MTN - Vail Resorts missing snow in early part of season https://t.co/K76oI960UO,1,neutral,1,neutral,neutral,1,0,Finistral-7B-LoRA (Alpaca prompt),tfns,-3.5298268795013428,0.029311692342162132,-0.029826786369085312,0.9706699252128601,-10.904827117919922,1.8370419638813473e-05
2033,"$NVDA $UBER - Beware The Ides Of December, Current Events Should Boost Markets Now; Sell Uber And Tesla. Get more u… https://t.co/BcYnGhPTG3",1,neutral,1,neutral,neutral,1,0,Finistral-7B-LoRA (Alpaca prompt),tfns,-4.264307022094727,0.014062294736504555,-0.014306946657598019,0.9858430027961731,-9.264307022094727,9.475099795963615e-05
2034,"$OPGN took a big position for next week. Early this month. CVI Investments, Inc. purchased 200k shares. https://t.co/7y83Nbob1Z",1,neutral,2,positive,positive,0,0,Finistral-7B-LoRA (Alpaca prompt),tfns,-9.501788139343262,7.471894787158817e-05,-6.37678861618042,0.001700595486909151,-0.0017885654233396053,0.998224675655365
2035,$PFG - Principal Financial Group: The Beaten Down Giant. Follow this and any other stock on Seeking Alpha!… https://t.co/BtTxNYCCmJ,1,neutral,1,neutral,neutral,1,0,Finistral-7B-LoRA (Alpaca prompt),tfns,-7.37760591506958,0.0006251281010918319,-0.0026058547664433718,0.9974493384361267,-6.25260591506958,0.0019255302613601089
2036,"$PIXY with just 1.1M shares float, if volume comes in again , the bounce could be explosive. U know how this stock works. Great entry point.",1,neutral,2,positive,positive,0,0,Finistral-7B-LoRA (Alpaca prompt),tfns,-11.937522888183594,6.5403464759583585e-06,-11.187522888183594,1.3845914509147406e-05,-2.2649508537142538e-05,0.9999796152114868
2037,$PLNT $PTON - Gym-off trade unwinds a bit https://t.co/6KQrxKSjLE,1,neutral,1,neutral,neutral,1,0,Finistral-7B-LoRA (Alpaca prompt),tfns,-10.000077247619629,4.539740984910168e-05,-7.760223525110632e-05,0.9999444484710693,-11.500077247619629,1.0129529982805252e-05
2038,$PLUG - Plug Power Raises Some Much-Needed Cash - The Right Move At The Right Time. Read more:… https://t.co/8u9YMYHnLp,1,neutral,2,positive,positive,0,0,Finistral-7B-LoRA (Alpaca prompt),tfns,-10.830681800842285,1.978335239982698e-05,-4.018181800842285,0.017985854297876358,-0.018181802704930305,0.9819943308830261
2039,$RF - Regions Financial On Target With Its Conservative Approach. Subscribe to Seeking Alpha for more:… https://t.co/0XIItIX3aB,1,neutral,2,positive,positive,0,0,Finistral-7B-LoRA (Alpaca prompt),tfns,-9.237934112548828,9.727976430440322e-05,-2.2379345893859863,0.10668021440505981,-0.11293458193540573,0.8932225108146667
2040,$RTTR waking up !!!!!!!!!!,1,neutral,1,neutral,neutral,1,0,Finistral-7B-LoRA (Alpaca prompt),tfns,-10.389241218566895,3.0763112590648234e-05,-0.014241017401218414,0.9859060049057007,-4.2642412185668945,0.014063193462789059
2041,$SCANX: Stocks/ETFs that traded to new 52 week highs/lows this session - New highs (37) outpacing new lows (30) https://t.co/mozUwgcLn9,1,neutral,2,positive,positive,0,0,Finistral-7B-LoRA (Alpaca prompt),tfns,-8.37471866607666,0.00023062946274876595,-2.812218189239502,0.06007278710603714,-0.062218230217695236,0.9396965503692627
2042,$SCANX: Today's most active stocks https://t.co/fEt4nYC2bE,1,neutral,1,neutral,neutral,1,0,Finistral-7B-LoRA (Alpaca prompt),tfns,-14.250004768371582,6.475938789662905e-07,-4.410734163684538e-06,0.9999978542327881,-13.375004768371582,1.5534969861619174e-06
2043,$SCHV - SCHV: Volatility Reminds Me To Stay Focused On Value. https://t.co/rTJ55Qtu22 #stockmarket #stocks #business,1,neutral,1,neutral,neutral,1,0,Finistral-7B-LoRA (Alpaca prompt),tfns,-12.687520027160645,3.089458914473653e-06,-2.0503786799963564e-05,0.9999854564666748,-11.375020027160645,1.1478732631076127e-05
2044,$SE tried to break above its 38 cup pivot but was unable to clear it. It continues to consolidate around its earnin… https://t.co/3EDbxL0qB4,1,neutral,1,neutral,neutral,1,0,Finistral-7B-LoRA (Alpaca prompt),tfns,-1.4063923358917236,0.24504737555980682,-0.28139233589172363,0.7547990679740906,-8.781392097473145,0.00015357774100266397
2045,$SIVR - SIVR Weekly: Spec Short-Covering More Than Offsets ETF Profit-Taking. Keep reading: https://t.co/loj6ZeIs4G… https://t.co/aVPpngWYd1,1,neutral,0,negative,negative,0,0,Finistral-7B-LoRA (Alpaca prompt),tfns,-0.5456893444061279,0.5796408653259277,-1.295689344406128,0.2738029658794403,-1.920689344406128,0.14655616879463196
2046,$SPY $AAPL $ZM,1,neutral,1,neutral,neutral,1,0,Finistral-7B-LoRA (Alpaca prompt),tfns,-6.755299091339111,0.0011647557839751244,-0.0052992114797234535,0.9947698712348938,-5.505299091339111,0.004065397195518017
2047,$SPY $AMTD $SCHW $EBAY,1,neutral,1,neutral,neutral,1,0,Finistral-7B-LoRA (Alpaca prompt),tfns,-7.377835750579834,0.0006249679136089981,-0.00283577898517251,0.9971936941146851,-6.127835750579834,0.002181352348998189
2048,$SPY $IWM $TNA - Small caps aim to retake some ground https://t.co/lRTT9N8kdA,1,neutral,1,neutral,neutral,1,0,Finistral-7B-LoRA (Alpaca prompt),tfns,-4.7102885246276855,0.009004911407828331,-0.5852885842323303,0.5571141242980957,-0.8352885842323303,0.43388092517852783
2049,$SPY $XLF $XLI $XLV $XLK $XLRE $XLU $XLY $TSLA,1,neutral,1,neutral,neutral,1,0,Finistral-7B-LoRA (Alpaca prompt),tfns,-7.001678943634033,0.0009104052442125976,-0.001678963890299201,0.9983805418014526,-7.251678943634033,0.0007090243161655962
2050,$SPY been my road map for the overall market.  Oscillators looking for a full unwind/reset?  Would be healthy and s... https://t.co/u1L0z7i71A,1,neutral,1,neutral,neutral,1,0,Finistral-7B-LoRA (Alpaca prompt),tfns,-12.75001335144043,2.9023051411058987e-06,-1.3708974620385561e-05,0.9999946355819702,-12.93751335144043,2.406095063633984e-06
2051,$SRAX what a call !!! https://t.co/MVNBcRTTjP,1,neutral,2,positive,positive,0,0,Finistral-7B-LoRA (Alpaca prompt),tfns,-11.750188827514648,7.887846550147515e-06,-8.625188827514648,0.00017952655616682023,-0.00018845213344320655,0.999812662601471
2052,$TQQQ - TQQQ: No Risk No Reward. https://t.co/K6xMoV7bMM #economy #business #stocks,1,neutral,1,neutral,neutral,1,0,Finistral-7B-LoRA (Alpaca prompt),tfns,-11.000426292419434,1.6695075828465633e-05,-0.0004259632551111281,0.9996033310890198,-7.875425815582275,0.00037997818435542285
2053,$UDIRF $UDIRY - An Acquisition Of Tele Columbus Makes Sense For United Internet AG. Follow this and any other stock… https://t.co/Ue7x1kVSlW,1,neutral,1,neutral,neutral,1,0,Finistral-7B-LoRA (Alpaca prompt),tfns,-9.523212432861328,7.31355175958015e-05,-0.5232126712799072,0.592623233795166,-0.8982126712799072,0.4073036015033722
2054,$VZ - Verizon Communications: Featured Stock In November's Safest Dividend Yields Model Portfolio. Sign up for upda… https://t.co/Y7lMkLQQ7a,1,neutral,2,positive,positive,0,0,Finistral-7B-LoRA (Alpaca prompt),tfns,-11.1890230178833,1.3825219866703264e-05,-6.501522541046143,0.0015011614887043834,-0.001522692502476275,0.9984850287437439
2055,"$WEBK $KLXE $SNDE - TRNX, YEXT, BIG and CGIX among midday movers https://t.co/ZHa4KS7iks",1,neutral,1,neutral,neutral,1,0,Finistral-7B-LoRA (Alpaca prompt),tfns,-8.438201904296875,0.00021645083324983716,-0.0007018963224254549,0.9993531107902527,-7.750701904296875,0.00043046390055678785
2056,$XSLV - The Low Vol Mix In The New 60/40. https://t.co/iceGLtsIvz #trading #stocks #stockmarket,1,neutral,1,neutral,neutral,1,0,Finistral-7B-LoRA (Alpaca prompt),tfns,-9.190122604370117,0.0001020469208015129,-0.0026222625747323036,0.9974254965782166,-6.002622127532959,0.0024723708629608154
2057,$XYL - Xylem: Headwinds To Continue Over Several Quarters. Read more and sign up for updates:… https://t.co/uD2LB5E7NG,1,neutral,0,negative,negative,0,0,Finistral-7B-LoRA (Alpaca prompt),tfns,-0.0007556205382570624,0.9992702603340149,-7.250755786895752,0.0007096561603248119,-10.813255310058594,2.0131396013312042e-05
2058,"“It is all about liquidity for Uber and Lyft,” @p_ferragu tells @TheStreet’s @nelwang $UBER $LYFT https://t.co/dDsaSSzb82",1,neutral,1,neutral,neutral,1,0,Finistral-7B-LoRA (Alpaca prompt),tfns,-14.812504768371582,3.689879974899668e-07,-4.410734163684538e-06,0.9999983310699463,-13.562504768371582,1.2878947472927393e-06
2059,10 Most Heavily Traded ETFs of 2019,1,neutral,1,neutral,neutral,1,0,Finistral-7B-LoRA (Alpaca prompt),tfns,-14.437505722045898,5.368742677092087e-07,-5.960446742392378e-06,0.9999980926513672,-13.500005722045898,1.3709565109820687e-06
2060,11 Foreign Stocks With The Lowest Earnings Multiples,1,neutral,1,neutral,neutral,1,0,Finistral-7B-LoRA (Alpaca prompt),tfns,-13.000007629394531,2.260318069602363e-06,-8.106198947643861e-06,0.9999949932098389,-12.812507629394531,2.726464117586147e-06
2061,2 Days To Buy 3M Company (NYSE:MMM) Before The Ex-Dividend Date,1,neutral,1,neutral,neutral,1,0,Finistral-7B-LoRA (Alpaca prompt),tfns,-8.253921508789062,0.00026025192346423864,-0.003921439405530691,0.9961470365524292,-5.6289215087890625,0.003592667169868946
2062,2 Top Small-Cap Stocks to Buy In February,1,neutral,1,neutral,neutral,1,0,Finistral-7B-LoRA (Alpaca prompt),tfns,-9.1361722946167,0.00010770059452624992,-0.011172119528055191,0.9889065027236938,-4.511172294616699,0.010985760018229485
2063,3 Great Semiconductor Stocks to Invest In for 2020,1,neutral,1,neutral,neutral,1,0,Finistral-7B-LoRA (Alpaca prompt),tfns,-10.100279808044434,4.1069382859859616e-05,-0.1002798080444336,0.9046133160591125,-2.3502798080444336,0.09534554183483124
2064,3 Lord Abbett Funds to Snap Up Now,1,neutral,2,positive,positive,0,0,Finistral-7B-LoRA (Alpaca prompt),tfns,-8.050683975219727,0.000318897538818419,-2.2381844520568848,0.10665657371282578,-0.11318434774875641,0.8930245041847229
2065,3 Stocks to Enhance the Quality of Your Portfolio,1,neutral,1,neutral,neutral,1,0,Finistral-7B-LoRA (Alpaca prompt),tfns,-10.37866497039795,3.108978853560984e-05,-0.0036645657382905483,0.9963753819465637,-5.628664493560791,0.0035934909246861935
2066,3 Surprising Stocks Hitting New Lows Last Week,1,neutral,1,neutral,neutral,1,0,Finistral-7B-LoRA (Alpaca prompt),tfns,-3.6515159606933594,0.025952525436878204,-0.026515932753682137,0.9738613367080688,-8.58901596069336,0.00018614466534927487
2067,3 Top Small-Cap Stocks to Buy in February,1,neutral,1,neutral,neutral,1,0,Finistral-7B-LoRA (Alpaca prompt),tfns,-9.200132369995117,0.0001010282285278663,-0.012632588855922222,0.9874686002731323,-4.387632369995117,0.012430394999682903
2068,"3M : Science, Technology & Sustainability Committee #3M #Stock #MarketScreener https://t.co/v00aEuNutb https://t.co/wMEmDMgf3i",1,neutral,1,neutral,neutral,1,0,Finistral-7B-LoRA (Alpaca prompt),tfns,-12.1250638961792,5.422110007202718e-06,-6.365573790390044e-05,0.9999744892120361,-10.8125638961792,2.0145582311670296e-05
2069,40% YTD Return On 18 Stocks: Andersen Capital Mgmt. (Radio),1,neutral,2,positive,positive,0,0,Finistral-7B-LoRA (Alpaca prompt),tfns,-8.363096237182617,0.00023333025455940515,-2.238096237182617,0.106665700674057,-0.1130962073802948,0.8931009769439697
2070,42 Stocks Moving In Tuesday's Mid-Day Session,1,neutral,1,neutral,neutral,1,0,Finistral-7B-LoRA (Alpaca prompt),tfns,-10.250224113464355,3.534990537445992e-05,-0.00022384998737834394,0.9997851252555847,-8.625224113464355,0.00017952160851564258
2071,5 Cheap Dividend Stocks With High Yields And Annual Increases,1,neutral,1,neutral,neutral,1,0,Finistral-7B-LoRA (Alpaca prompt),tfns,-11.750173568725586,7.88801298767794e-06,-0.00017379203927703202,0.9998337030410767,-8.750173568725586,0.00015843496657907963
2072,5 Stocks With January Bounce-Back Potential,1,neutral,1,neutral,neutral,1,0,Finistral-7B-LoRA (Alpaca prompt),tfns,-9.23062515258789,9.79947071755305e-05,-0.04312505945563316,0.9578183889389038,-3.1681251525878906,0.04208360239863396
2073,6 Guru Stocks Beating the Market,1,neutral,1,neutral,neutral,1,0,Finistral-7B-LoRA (Alpaca prompt),tfns,-10.338855743408203,3.2352068956242874e-05,-0.026356063783168793,0.9740111827850342,-3.6513559818267822,0.025956518948078156
2074,"8 Stocks To Watch For December 12, 2019",1,neutral,1,neutral,neutral,1,0,Finistral-7B-LoRA (Alpaca prompt),tfns,-12.37503433227539,4.222730694891652e-06,-3.480850500636734e-05,0.9999715089797974,-10.62503433227539,2.43001377384644e-05
2075,A Note On Metro Inc.'s (TSE:MRU) ROE and Debt To Equity,1,neutral,1,neutral,neutral,1,0,Finistral-7B-LoRA (Alpaca prompt),tfns,-13.375015258789062,1.5534856174781453e-06,-1.5735502529423684e-05,0.9999905824661255,-11.750015258789062,7.88924990047235e-06
2076,Add Up The Parts: The First Trust Large Cap Value AlphaDEX Fund ETF Could Be Worth $62,1,neutral,2,positive,positive,0,0,Finistral-7B-LoRA (Alpaca prompt),tfns,-9.085762023925781,0.00011326995445415378,-0.8982616662979126,0.40728726983070374,-0.5232616662979126,0.5925994515419006
2077,ADTRAN (NASDAQ:ADTN) Has Debt But No Earnings; Should You Worry?,1,neutral,1,neutral,neutral,1,0,Finistral-7B-LoRA (Alpaca prompt),tfns,-11.375015258789062,1.1478761734906584e-05,-1.5020257706055418e-05,0.9999879598617554,-14.375015258789062,5.714938993151009e-07
2078,AEMD,1,neutral,1,neutral,neutral,1,0,Finistral-7B-LoRA (Alpaca prompt),tfns,-5.009995460510254,0.006671758368611336,-0.009995643980801105,0.9901767373085022,-5.759995460510254,0.003151515731588006
2079,Amazon investors ignore these facts in the $1 trillion market cap frenzy https://t.co/7ifHd44bj3 by @BrianSozzi https://t.co/490crLdUXa,1,neutral,1,neutral,neutral,1,0,Finistral-7B-LoRA (Alpaca prompt),tfns,-4.7596540451049805,0.008568706922233105,-0.009653906337916851,0.9904078841209412,-6.8846540451049805,0.001023386139422655
2080,Anyone catching any of this Gap and Run? And I’m not talking about an Inside Gap which means absolutely nothing. On… https://t.co/ROI0JBYpBf,1,neutral,1,neutral,neutral,1,0,Finistral-7B-LoRA (Alpaca prompt),tfns,-11.625044822692871,8.939527106122114e-06,-4.482168878894299e-05,0.9999721050262451,-10.875044822692871,1.8924978576251306e-05
2081,Are Investors Undervaluing Public Joint Stock Company Magnit (MCX:MGNT) By 28%?,1,neutral,1,neutral,neutral,1,0,Finistral-7B-LoRA (Alpaca prompt),tfns,-13.18751049041748,1.8738749076874228e-06,-1.0251946150674485e-05,0.9999978542327881,-15.06251049041748,2.873679818549135e-07
2082,Are Investors Undervaluing Scientific Games Corporation (NASDAQ:SGMS) By 45%?,1,neutral,1,neutral,neutral,1,0,Finistral-7B-LoRA (Alpaca prompt),tfns,-12.750015258789062,2.9023071874689776e-06,-1.5258672647178173e-05,0.9999953508377075,-13.250015258789062,1.7603381365915993e-06
2083,Are Kinross Gold Corporation’s (TSE:K) High Returns Really That Great?,1,neutral,1,neutral,neutral,1,0,Finistral-7B-LoRA (Alpaca prompt),tfns,-10.375035285949707,3.12018564727623e-05,-3.528532761265524e-05,0.9999669790267944,-13.187535285949707,1.8738170410870225e-06
2084,Best Stocks for 2020: Energy Transfer Is Poised for an Epic Rally,1,neutral,2,positive,positive,0,0,Finistral-7B-LoRA (Alpaca prompt),tfns,-11.251340866088867,1.2989893548365217e-05,-6.626341342926025,0.0013250051997601986,-0.001341158407740295,0.998661994934082
2085,Best Stocks for 2020: Housing Trend Will Boost PennyMac Financial,1,neutral,2,positive,positive,0,0,Finistral-7B-LoRA (Alpaca prompt),tfns,-10.451696395874023,2.8899323297082447e-05,-4.264196395874023,0.014063220471143723,-0.014196240343153477,0.9859078526496887
2086,Better Buy: AbbVie vs. Merck,1,neutral,1,neutral,neutral,1,0,Finistral-7B-LoRA (Alpaca prompt),tfns,-14.750003814697266,3.927860063868138e-07,-4.0531076592742465e-06,0.9999991655349731,-14.562503814697266,4.737903793738951e-07
2087,Big day for Cronos Group after Altria filing,1,neutral,2,positive,positive,0,0,Finistral-7B-LoRA (Alpaca prompt),tfns,-13.250556945800781,1.759369979481562e-06,-7.500556945800781,0.0005527776083908975,-0.0005569098866544664,0.999445378780365
2088,BNTC,1,neutral,1,neutral,neutral,1,0,Finistral-7B-LoRA (Alpaca prompt),tfns,-8.000783920288086,0.0003352058120071888,-0.0007838514284230769,0.9992344379425049,-7.750783920288086,0.00043041276512667537
2089,Can $MSFT head higher?  https://t.co/V5l6NINYrr,1,neutral,1,neutral,neutral,1,0,Finistral-7B-LoRA (Alpaca prompt),tfns,-8.086052894592285,0.00030783977126702666,-0.5235530734062195,0.592484176158905,-0.8985530734062195,0.40720802545547485
2090,Can Cronos Stock Break Out of Its Downtrend?,1,neutral,1,neutral,neutral,1,0,Finistral-7B-LoRA (Alpaca prompt),tfns,-12.000052452087402,6.143957762105856e-06,-5.2927523938706145e-05,0.9999585151672363,-10.250052452087402,3.535603536874987e-05
2091,Can The North West Company Inc. (TSE:NWC) Maintain Its Strong Returns?,1,neutral,1,neutral,neutral,1,0,Finistral-7B-LoRA (Alpaca prompt),tfns,-14.18751049041748,6.893598083479446e-07,-1.0132738680113107e-05,0.9999974966049194,-13.25001049041748,1.7603418882572441e-06
2092,Congratulations to @ServiceNow on being added to the S&P 500 https://t.co/MzojJ6sPLS,1,neutral,2,positive,positive,0,0,Finistral-7B-LoRA (Alpaca prompt),tfns,-13.937933921813965,8.84775886333955e-07,-7.750433444976807,0.00043055674177594483,-0.0004334702098276466,0.9995686411857605
2093,Consider Aphria Stock as the Cannabisphere Burns,1,neutral,1,neutral,neutral,1,0,Finistral-7B-LoRA (Alpaca prompt),tfns,-1.914719581604004,0.1473882645368576,-0.16471952199935913,0.848160982131958,-5.414719581604004,0.004450740292668343
2094,"Could Envision Solar International, Inc.'s (NASDAQ:EVSI) Investor Composition Influence The Stock Price?",1,neutral,1,neutral,neutral,1,0,Finistral-7B-LoRA (Alpaca prompt),tfns,-15.187503814697266,2.5360176891808806e-07,-4.291525328881107e-06,0.9999992847442627,-14.687503814697266,4.1811858864093665e-07
2095,Could The Colonial Coal International Corp. (CVE:CAD) Ownership Structure Tell Us Something Useful?,1,neutral,1,neutral,neutral,1,0,Finistral-7B-LoRA (Alpaca prompt),tfns,-15.500003814697266,1.8553906500073936e-07,-3.6954811548639555e-06,0.9999995231628418,-15.125003814697266,2.6995769530913094e-07
2096,Could The KONE Oyj (HEL:KNEBV) Ownership Structure Tell Us Something Useful?,1,neutral,1,neutral,neutral,1,0,Finistral-7B-LoRA (Alpaca prompt),tfns,-14.500007629394531,5.043467012910696e-07,-7.867782187531702e-06,0.9999980926513672,-13.500007629394531,1.3709565109820687e-06
2097,Could The Occidental Petroleum Corporation (NYSE:OXY) Ownership Structure Tell Us Something Useful?,1,neutral,1,neutral,neutral,1,0,Finistral-7B-LoRA (Alpaca prompt),tfns,-15.375004768371582,2.1024315799422766e-07,-4.6491513785440475e-06,0.999998927116394,-13.937504768371582,8.851567372403224e-07
2098,Did Business Growth Power CGI's (TSE:GIB.A) Share Price Gain of 163%?,1,neutral,1,neutral,neutral,1,0,Finistral-7B-LoRA (Alpaca prompt),tfns,-10.25322437286377,3.524408020894043e-05,-0.003224414074793458,0.9967921376228333,-5.7532243728637695,0.0031725710723549128
2099,Did Business Growth Power Maya Gold and Silver's (TSE:MYA) Share Price Gain of 296%?,1,neutral,1,neutral,neutral,1,0,Finistral-7B-LoRA (Alpaca prompt),tfns,-11.188329696655273,1.3834871424478479e-05,-0.0008295908919535577,0.9991820454597473,-7.125829696655273,0.0008040748070925474
2100,"Did You Own The Decade's Best Stock? It's Up 3,743%",1,neutral,1,neutral,neutral,1,0,Finistral-7B-LoRA (Alpaca prompt),tfns,-8.392928123474121,0.00022646920115221292,-0.14292828738689423,0.8668394088745117,-2.0179283618927,0.132934108376503
2101,"Do Hedge Funds Love Kirkland’s, Inc. (KIRK)?",1,neutral,1,neutral,neutral,1,0,Finistral-7B-LoRA (Alpaca prompt),tfns,-11.500045776367188,1.0129743714060169e-05,-4.5536911784438416e-05,0.9999655485153198,-10.625045776367188,2.429999403830152e-05
2102,"Do Insiders Own Lots Of Shares In The Meet Group, Inc. (NASDAQ:MEET)?",1,neutral,1,neutral,neutral,1,0,Finistral-7B-LoRA (Alpaca prompt),tfns,-13.687507629394531,1.1365623322490137e-06,-7.986990567587782e-06,0.999997615814209,-13.562507629394531,1.2878938377980376e-06
2103,Does China XD Plastics Company Limited (NASDAQ:CXDC) Have A High Beta?,1,neutral,1,neutral,neutral,1,0,Finistral-7B-LoRA (Alpaca prompt),tfns,-14.81250286102295,3.6898839539389883e-07,-3.3378546504536644e-06,0.9999994039535522,-15.50000286102295,1.8553903657902993e-07
2104,Does K3 Capital Group PLC (LON:K3C) Have A Particularly Volatile Share Price?,1,neutral,1,neutral,neutral,1,0,Finistral-7B-LoRA (Alpaca prompt),tfns,-15.625001907348633,1.6373769540223293e-07,-2.0265558760002023e-06,0.9999998807907104,-18.437501907348633,9.833213354681902e-09
2105,Does Page Industries (NSE:PAGEIND) Have A Healthy Balance Sheet?,1,neutral,1,neutral,neutral,1,0,Finistral-7B-LoRA (Alpaca prompt),tfns,-15.687504768371582,1.538169840387127e-07,-5.245195097813848e-06,0.999997615814209,-13.000004768371582,2.2603239813179243e-06
2106,"Does Pieris Pharmaceuticals, Inc.'s (NASDAQ:PIRS) CEO Pay Matter?",1,neutral,1,neutral,neutral,1,0,Finistral-7B-LoRA (Alpaca prompt),tfns,-15.625001907348633,1.637376669805235e-07,-2.145764938177308e-06,0.9999997615814209,-16.312501907348633,8.233246973077257e-08
2107,Does The Teradata Corporation (NYSE:TDC) Share Price Fall With The Market?,1,neutral,1,neutral,neutral,1,0,Finistral-7B-LoRA (Alpaca prompt),tfns,-8.500208854675293,0.00020342660718597472,-0.0002090712368953973,0.9997947812080383,-13.250208854675293,1.759985025273636e-06
2108,Don't Sell AMA Group Limited (ASX:AMA) Before You Read This,1,neutral,1,neutral,neutral,1,0,Finistral-7B-LoRA (Alpaca prompt),tfns,-10.562678337097168,2.5863815608317964e-05,-0.00017867876158561558,0.9998342990875244,-8.875178337097168,0.00013981846859678626
2109,"EOS, Ethereum and Ripple’s XRP – Daily Tech Analysis – 07/02/20",1,neutral,1,neutral,neutral,1,0,Finistral-7B-LoRA (Alpaca prompt),tfns,-11.250136375427246,1.3005711480218451e-05,-0.00013636612857226282,0.9998780488967896,-9.125136375427246,0.0001088954959413968
2110,Estimating The Fair Value Of Oshkosh Corporation (NYSE:OSK),1,neutral,1,neutral,neutral,1,0,Finistral-7B-LoRA (Alpaca prompt),tfns,-14.25002670288086,6.475825671259372e-07,-2.706014311115723e-05,0.9999804496765137,-10.87502670288086,1.8925136828329414e-05
2111,Estimating The Intrinsic Value Of Ceres Global Ag Corp. (TSE:CRP),1,neutral,1,neutral,neutral,1,0,Finistral-7B-LoRA (Alpaca prompt),tfns,-15.562505722045898,1.7429769627597125e-07,-6.079655122448457e-06,0.999998927116394,-13.875005722045898,9.422444691153942e-07
2112,Ethereum and Stellar’s Lumen Daily Tech Analysis – 18/11/19,1,neutral,1,neutral,neutral,1,0,Finistral-7B-LoRA (Alpaca prompt),tfns,-13.937515258789062,8.851490633787762e-07,-1.5258672647178173e-05,0.9999902248382568,-11.625015258789062,8.93968899617903e-06
2113,Ethereum and Stellar’s Lumen Daily Tech Analysis – 19/11/19,1,neutral,1,neutral,neutral,1,0,Finistral-7B-LoRA (Alpaca prompt),tfns,-13.937514305114746,8.851499160300591e-07,-1.4185804502631072e-05,0.9999911785125732,-11.750014305114746,7.88925444794586e-06
2114,Flotek Industries Inc (FTK): Hedge Fund Sentiment Unchanged,1,neutral,1,neutral,neutral,1,0,Finistral-7B-LoRA (Alpaca prompt),tfns,-11.37502670288086,1.1478716260171495e-05,-2.658331868587993e-05,0.9999840259552002,-12.31252670288086,4.495129815040855e-06
2115,FOMO time we project SP 500 target 4000 before end of Bull Market,1,neutral,2,positive,positive,0,0,Finistral-7B-LoRA (Alpaca prompt),tfns,-9.753239631652832,5.810633592773229e-05,-5.75324010848999,0.0031724986620247364,-0.0032400989439338446,0.9967694282531738
2116,FSCT,1,neutral,1,neutral,neutral,1,0,Finistral-7B-LoRA (Alpaca prompt),tfns,-6.13588285446167,0.002164034638553858,-0.010883023962378502,0.9892770051956177,-4.76088285446167,0.008558923378586769
2117,Go $WKHS,1,neutral,2,positive,positive,0,0,Finistral-7B-LoRA (Alpaca prompt),tfns,-8.376402854919434,0.0002302372013218701,-6.751402854919434,0.0011692410334944725,-0.0014027050929144025,0.9986005425453186
2118,Golden Rim Resources : Tabuteau to advance New Zealand's trade and political interests wit... #GoldenRimResources… https://t.co/9RRPcgdgAZ,1,neutral,1,neutral,neutral,1,0,Finistral-7B-LoRA (Alpaca prompt),tfns,-15.687503814697266,1.538169982495674e-07,-4.291525328881107e-06,0.9999977350234985,-13.062503814697266,2.1233781808405183e-06
2119,"Hedge Fund Darlings vs. Republic Services, Inc. (RSG) In 2019",1,neutral,1,neutral,neutral,1,0,Finistral-7B-LoRA (Alpaca prompt),tfns,-11.937520980834961,6.54038831271464e-06,-2.109982233378105e-05,0.9999860525131226,-11.812520980834961,7.411231763398973e-06
2120,"Hedge Funds Cashed Out Of Simpson Manufacturing Co, Inc. (SSD) Too Early",1,neutral,1,neutral,neutral,1,0,Finistral-7B-LoRA (Alpaca prompt),tfns,-1.1373621225357056,0.3206760287284851,-0.38736212253570557,0.6788710951805115,-7.699862003326416,0.0004529068828560412
2121,Hedge Funds Dropped The Ball On 2U Inc (TWOU),1,neutral,1,neutral,neutral,1,0,Finistral-7B-LoRA (Alpaca prompt),tfns,-10.000052452087402,4.539778092294e-05,-5.23315102327615e-05,0.9999526739120483,-13.187552452087402,1.8737902109933202e-06
2122,Hedge Funds Dropped The Ball On Continental Building Products Inc (CBPX),1,neutral,1,neutral,neutral,1,0,Finistral-7B-LoRA (Alpaca prompt),tfns,-11.187536239624023,1.3845758985553402e-05,-3.671578815556131e-05,0.999968409538269,-10.937536239624023,1.7778307665139437e-05
2123,Hedge Funds Had Impeccable Timing Buying Myovant Sciences Ltd. (MYOV),1,neutral,2,positive,positive,0,0,Finistral-7B-LoRA (Alpaca prompt),tfns,-7.648733615875244,0.0004766528436448425,-3.773733615875244,0.022966420277953148,-0.02373357117176056,0.9765570163726807
2124,Hedge Funds Love These 3 Peers Way More Than China Petroleum & Chemical Corp (SNP),1,neutral,1,neutral,neutral,1,0,Finistral-7B-LoRA (Alpaca prompt),tfns,-7.155603885650635,0.0007805347559042275,-0.030603913590312004,0.9699300527572632,-3.5306038856506348,0.029289349913597107
2125,Here is What Hedge Funds Think About First Busey Corporation (BUSE),1,neutral,1,neutral,neutral,1,0,Finistral-7B-LoRA (Alpaca prompt),tfns,-12.000038146972656,6.144043254607823e-06,-3.838465272565372e-05,0.9999724626541138,-10.750038146972656,2.1444817321025766e-05
2126,Here is What Hedge Funds Think About Focus Financial Partners Inc. (FOCS),1,neutral,1,neutral,neutral,1,0,Finistral-7B-LoRA (Alpaca prompt),tfns,-10.687719345092773,2.2823898689239286e-05,-0.00021920185827184469,0.9997976422309875,-8.625219345092773,0.00017952386406250298
2127,Here is What Hedge Funds Think About Wipro Limited (WIT),1,neutral,1,neutral,neutral,1,0,Finistral-7B-LoRA (Alpaca prompt),tfns,-10.875188827514648,1.8922150047728792e-05,-0.00018892886873800308,0.9998226761817932,-8.750188827514648,0.00015843322034925222
2128,Here’s What Hedge Funds Think Evolution Petroleum Corporation (EPM),1,neutral,1,neutral,neutral,1,0,Finistral-7B-LoRA (Alpaca prompt),tfns,-11.062664985656738,1.568735569890123e-05,-0.00016532962035853416,0.9998444318771362,-8.875164985656738,0.0001398198801325634
2129,Here's What Analysts Are Forecasting For Cummins Inc. After Its Annual Results,1,neutral,1,neutral,neutral,1,0,Finistral-7B-LoRA (Alpaca prompt),tfns,-10.875261306762695,1.8920785805676132e-05,-0.00026174934464506805,0.999750554561615,-8.375261306762695,0.00023050235176924616
2130,Here's What We Like About DCC plc (LON:DCC)'s Upcoming Dividend,1,neutral,2,positive,positive,0,0,Finistral-7B-LoRA (Alpaca prompt),tfns,-11.127494812011719,1.4702537555422168e-05,-6.002494812011719,0.0024725869297981262,-0.0024949158541858196,0.997512698173523
2131,Highlight: 'Amgen's been a rocket ship of a stock ... we just think that latest move is just assuming too much ... we'r... https://t.co/xIHky138yC,1,neutral,1,neutral,neutral,1,0,Finistral-7B-LoRA (Alpaca prompt),tfns,-5.753213882446289,0.003172601107507944,-0.0032137196976691484,0.9968016147613525,-10.565713882446289,2.5785364414332435e-05
2132,Hong Kong ETF May Not Turn Around Anytime Soon,1,neutral,0,negative,negative,0,0,Finistral-7B-LoRA (Alpaca prompt),tfns,-0.00018249277491122484,0.9998376369476318,-8.750182151794434,0.00015843559231143445,-12.437682151794434,3.96635778088239e-06
2133,"How Does Investing In Seres Therapeutics, Inc. (NASDAQ:MCRB) Impact The Volatility Of Your Portfolio?",1,neutral,1,neutral,neutral,1,0,Finistral-7B-LoRA (Alpaca prompt),tfns,-16.312503814697266,8.233246973077257e-08,-2.9802276912960224e-06,0.9999997615814209,-16.062503814697266,1.0571698538797136e-07
2134,How Good Is Kambi Group plc (STO:KAMBI) At Creating Shareholder Value?,1,neutral,1,neutral,neutral,1,0,Finistral-7B-LoRA (Alpaca prompt),tfns,-14.750005722045898,3.927857790131384e-07,-5.364403477869928e-06,0.9999985694885254,-13.812505722045898,1.0030136081695673e-06
2135,How Many Wheaton Precious Metals Corp. (TSE:WPM) Shares Do Institutions Own?,1,neutral,1,neutral,neutral,1,0,Finistral-7B-LoRA (Alpaca prompt),tfns,-8.375391960144043,0.00023047449940349907,-0.0003922408213838935,0.9996297359466553,-8.875391960144043,0.0001397898595314473
2136,"How Much Did Prologis, Inc.'s (NYSE:PLD) CEO Pocket Last Year?",1,neutral,1,neutral,neutral,1,0,Finistral-7B-LoRA (Alpaca prompt),tfns,-8.500236511230469,0.00020342288189567626,-0.00023636408150196075,0.9997764229774475,-10.812736511230469,2.014159326790832e-05
2137,How Much Have Harley-Davidson’s Shipments Fallen Since 2014?,1,neutral,0,negative,negative,0,0,Finistral-7B-LoRA (Alpaca prompt),tfns,-0.1851004809141159,0.8313534259796143,-1.8101004362106323,0.16370318830013275,-5.310100555419922,0.0049434080719947815
2138,"How Much Of Daseke, Inc. (NASDAQ:DSKE) Do Institutions Own?",1,neutral,1,neutral,neutral,1,0,Finistral-7B-LoRA (Alpaca prompt),tfns,-6.876357078552246,0.0010319259017705917,-0.0013569919392466545,0.9986724853515625,-8.126357078552246,0.00029565172735601664
2139,How Should Investors React To Poxel SA's (EPA:POXEL) CEO Pay?,1,neutral,1,neutral,neutral,1,0,Finistral-7B-LoRA (Alpaca prompt),tfns,-14.125003814697266,7.338208547480463e-07,-4.172316494077677e-06,0.9999990463256836,-15.187503814697266,2.5360168365295976e-07
2140,How Should Investors React To Select Medical Holdings Corporation's (NYSE:SEM) CEO Pay?,1,neutral,1,neutral,neutral,1,0,Finistral-7B-LoRA (Alpaca prompt),tfns,-13.250007629394531,1.7603416608835687e-06,-7.510157047363464e-06,0.9999973773956299,-14.000007629394531,8.315265631608781e-07
2141,Howard Bancorp (NASDAQ:HBMD) Shareholders Have Enjoyed A 54% Share Price Gain,1,neutral,2,positive,positive,0,0,Finistral-7B-LoRA (Alpaca prompt),tfns,-11.500442504882812,1.0125629160029348e-05,-7.7504425048828125,0.0004305527254473418,-0.000442407006630674,0.9995593428611755
2142,Imagine Owning Apex Global Brands (NASDAQ:APEX) And Taking A 98% Loss Square On The Chin,1,neutral,1,neutral,neutral,1,0,Finistral-7B-LoRA (Alpaca prompt),tfns,-1.9107494354248047,0.14797745645046234,-0.1607494354248047,0.8515515327453613,-7.660749435424805,0.0004709798377007246
2143,Immersion Corporation (IMMR): Hedge Funds In Wait-and-See Mode,1,neutral,1,neutral,neutral,1,0,Finistral-7B-LoRA (Alpaca prompt),tfns,-9.250120162963867,9.610100096324459e-05,-0.00012015574611723423,0.9998891353607178,-11.125120162963867,1.4737564924871549e-05
2144,Is Amicus Therapeutics (NASDAQ:FOLD) A Risky Investment?,1,neutral,1,neutral,neutral,1,0,Finistral-7B-LoRA (Alpaca prompt),tfns,-14.00000286102295,8.315279274029308e-07,-3.099436753473128e-06,0.9999990463256836,-16.375003814697266,7.734414708693294e-08
2145,Is Autolus Therapeutics plc (AUTL) A Good Stock To Buy?,1,neutral,1,neutral,neutral,1,0,Finistral-7B-LoRA (Alpaca prompt),tfns,-13.937509536743164,8.851558277456206e-07,-9.417489309271332e-06,0.9999978542327881,-13.625009536743164,1.2098645356672932e-06
2146,Is CBIZ's (NYSE:CBZ) Share Price Gain Of 200% Well Earned?,1,neutral,1,neutral,neutral,1,0,Finistral-7B-LoRA (Alpaca prompt),tfns,-14.687504768371582,4.181179633633292e-07,-4.6491513785440475e-06,0.9999977350234985,-13.187504768371582,1.8738746803137474e-06
2147,Is Gilat Satellite Networks Ltd.'s (NASDAQ:GILT) 6.1% Dividend Worth Your Time?,1,neutral,1,neutral,neutral,1,0,Finistral-7B-LoRA (Alpaca prompt),tfns,-13.875014305114746,9.42238841616927e-07,-1.3947389561508317e-05,0.9999929666519165,-12.000014305114746,6.144169219624018e-06
2148,Is Grifols (BME:GRF) A Risky Investment?,1,neutral,1,neutral,neutral,1,0,Finistral-7B-LoRA (Alpaca prompt),tfns,-14.187504768371582,6.893609452163219e-07,-4.410734163684538e-06,0.9999991655349731,-16.000003814697266,1.1253519716092342e-07
2149,"Is Hawaiian Holdings, Inc. (HA) A Good Stock To Buy?",1,neutral,1,neutral,neutral,1,0,Finistral-7B-LoRA (Alpaca prompt),tfns,-15.062504768371582,2.87368408180555e-07,-4.529942543740617e-06,0.9999992847442627,-14.687504768371582,4.1811858864093665e-07
2150,Is HighPoint Resources Corporation (HPR) Going to Burn These Hedge Funds?,1,neutral,1,neutral,neutral,1,0,Finistral-7B-LoRA (Alpaca prompt),tfns,-13.375011444091797,1.553493461869948e-06,-1.1086402082582936e-05,0.9999955892562866,-12.750011444091797,2.902307869590004e-06
2151,Is Houghton Mifflin Harcourt Co (HMHC) Going to Burn These Hedge Funds?,1,neutral,1,neutral,neutral,1,0,Finistral-7B-LoRA (Alpaca prompt),tfns,-9.750312805175781,5.827783024869859e-05,-0.0003123987407889217,0.9997112154960632,-8.375312805175781,0.0002304932859260589
2152,Is iQiyi Stock a Breakout Buy Right Now?,1,neutral,1,neutral,neutral,1,0,Finistral-7B-LoRA (Alpaca prompt),tfns,-12.625016212463379,3.288736706963391e-06,-1.6331539882230572e-05,0.9999929666519165,-12.500016212463379,3.726627028299845e-06
2153,"Is It Smart To Buy Strategic Education, Inc. (NASDAQ:STRA) Before It Goes Ex-Dividend?",1,neutral,1,neutral,neutral,1,0,Finistral-7B-LoRA (Alpaca prompt),tfns,-12.437539100646973,3.966883468820015e-06,-3.93382906622719e-05,0.9999701976776123,-10.562539100646973,2.5867329895845614e-05
2154,Is It Too Late To Consider Buying Canadian Imperial Bank of Commerce (TSE:CM)?,1,neutral,1,neutral,neutral,1,0,Finistral-7B-LoRA (Alpaca prompt),tfns,-13.625020027160645,1.2098649904146441e-06,-2.002696055569686e-05,0.9999982118606567,-14.437520027160645,5.368743245526275e-07
2155,Is It Worth Buying Cognizant Technology Solutions Corporation (NASDAQ:CTSH) For Its 1.3% Dividend Yield?,1,neutral,1,neutral,neutral,1,0,Finistral-7B-LoRA (Alpaca prompt),tfns,-13.687512397766113,1.1365598311385838e-06,-1.2040065485052764e-05,0.9999953508377075,-12.562512397766113,3.500850425552926e-06
2156,Is James River Group Holdings Ltd (JRVR) Going To Burn These Hedge Funds ?,1,neutral,1,neutral,neutral,1,0,Finistral-7B-LoRA (Alpaca prompt),tfns,-8.375553131103516,0.00023043852706905454,-0.0005532164941541851,0.9994737505912781,-8.125553131103516,0.00029588895267806947
2157,Is Luckin Coffee (NASDAQ:LK) A Risky Investment?,1,neutral,1,neutral,neutral,1,0,Finistral-7B-LoRA (Alpaca prompt),tfns,-13.125004768371582,1.9947294731537113e-06,-4.410734163684538e-06,0.9999978542327881,-15.812504768371582,1.3574305057773017e-07
2158,Is Magnolia Bostad AB (publ)'s (STO:MAG) ROE Of 6.1% Concerning?,1,neutral,1,neutral,neutral,1,0,Finistral-7B-LoRA (Alpaca prompt),tfns,-14.37500286102295,5.715002089345944e-07,-2.9802276912960224e-06,0.9999990463256836,-14.87500286102295,3.466324187684222e-07
2159,Is Mullen Group (TSE:MTL) Using Too Much Debt?,1,neutral,1,neutral,neutral,1,0,Finistral-7B-LoRA (Alpaca prompt),tfns,-15.062504768371582,2.8736849344568327e-07,-4.887569048150908e-06,0.9999996423721313,-16.4375057220459,7.265813906087715e-08
2160,Is Now An Opportune Moment To Examine AAC Technologies Holdings Inc. (HKG:2018)?,1,neutral,1,neutral,neutral,1,0,Finistral-7B-LoRA (Alpaca prompt),tfns,-12.312514305114746,4.495167559070978e-06,-1.4543427823809907e-05,0.9999923706054688,-12.687514305114746,3.0894802875991445e-06
2161,"Is Now The Time To Look At Buying Houlihan Lokey, Inc. (NYSE:HLI)?",1,neutral,1,neutral,neutral,1,0,Finistral-7B-LoRA (Alpaca prompt),tfns,-11.437594413757324,1.0782930985442363e-05,-9.405170567333698e-05,0.9999538660049438,-10.250094413757324,3.535587165970355e-05
2162,Is Ritchie Bros. Auctioneers (RBA) Going to Burn These Hedge Funds?,1,neutral,1,neutral,neutral,1,0,Finistral-7B-LoRA (Alpaca prompt),tfns,-10.87516975402832,1.8922812159871683e-05,-0.00016950124700088054,0.9998576641082764,-9.00016975402832,0.0001233922375831753
2163,Is Seritage Growth Properties (SRG) A Good Stock To Buy?,1,neutral,1,neutral,neutral,1,0,Finistral-7B-LoRA (Alpaca prompt),tfns,-15.312505722045898,2.2380284292466968e-07,-5.960446742392378e-06,0.9999996423721313,-15.625005722045898,1.6373765276966878e-07
2164,"Is SiteOne Landscape Supply, Inc. (SITE) A Good Stock To Buy?",1,neutral,1,neutral,neutral,1,0,Finistral-7B-LoRA (Alpaca prompt),tfns,-13.87501049041748,9.422427069694095e-07,-1.0251946150674485e-05,0.9999970197677612,-13.12501049041748,1.994727881537983e-06
2165,"Is There Now An Opportunity In Solaria Energía y Medio Ambiente, S.A. (BME:SLR)?",1,neutral,1,neutral,neutral,1,0,Finistral-7B-LoRA (Alpaca prompt),tfns,-11.937551498413086,6.540232789120637e-06,-5.113947918289341e-05,0.9999622106552124,-10.375051498413086,3.120170731563121e-05
2166,Is Vanguard Growth & Income Admiral (VGIAX) a Strong Mutual Fund Pick Right Now?,1,neutral,1,neutral,neutral,1,0,Finistral-7B-LoRA (Alpaca prompt),tfns,-12.43751049041748,3.966979875258403e-06,-1.0251946150674485e-05,0.9999945163726807,-13.37501049041748,1.5534917565673823e-06
2167,"Is Viking Therapeutics, Inc. (VKTX) A Good Stock To Buy?",1,neutral,1,neutral,neutral,1,0,Finistral-7B-LoRA (Alpaca prompt),tfns,-14.625006675720215,4.450843107406399e-07,-6.437280717364047e-06,0.9999979734420776,-13.375006675720215,1.5534970998487552e-06
2168,Is WH Group Limited (HKG:288) Better Than Average At Deploying Capital?,1,neutral,1,neutral,neutral,1,0,Finistral-7B-LoRA (Alpaca prompt),tfns,-16.000003814697266,1.1253516163378663e-07,-3.933898824470816e-06,0.9999998807907104,-16.750003814697266,5.315784790127509e-08
2169,Is Zafgen Inc (ZFGN) A Good Stock To Buy?,1,neutral,1,neutral,neutral,1,0,Finistral-7B-LoRA (Alpaca prompt),tfns,-14.062507629394531,7.811476621100155e-07,-7.510157047363464e-06,0.9999983310699463,-13.937507629394531,8.851562256495527e-07
2170,Is Zhou Hei Ya International Holdings Company Limited (HKG:1458) Trading At A 32% Discount?,1,neutral,1,neutral,neutral,1,0,Finistral-7B-LoRA (Alpaca prompt),tfns,-11.875011444091797,6.962248335184995e-06,-1.1801649634435307e-05,0.9999918937683105,-13.687511444091797,1.1365558520992636e-06
2171,J&J Brand Most Valuable Among Pharmaceutical Companies,1,neutral,2,positive,positive,0,0,Finistral-7B-LoRA (Alpaca prompt),tfns,-12.078553199768066,5.680110461980803e-06,-4.141053199768066,0.015906302258372307,-0.01605300046503544,0.9840880632400513
2172,"Macy's has shrunk to the size of Beyond Meat. It's going to get worse, technician says $M $BYND (via @TradingNation) https://t.co/h86IfyLmqy",1,neutral,0,negative,negative,0,0,Finistral-7B-LoRA (Alpaca prompt),tfns,-0.0003064401389565319,0.9997182488441467,-8.750306129455566,0.00015841667482163757,-9.000306129455566,0.00012337503721937537
2173,"More Is Needed To Break Through: EZCORP, Inc. (EZPW), Gannett Co., Inc. (GCI) - TechnoRecorder",1,neutral,1,neutral,neutral,1,0,Finistral-7B-LoRA (Alpaca prompt),tfns,-8.750175476074219,0.00015843426808714867,-0.0001754606782924384,0.9998292922973633,-11.312675476074219,1.2217139556014445e-05
2174,"More Is Needed To Break Through: Las Vegas Sands Corp. (LVS), Enterprise Products Partners L.P. (EPD) - TechnoRecorder",1,neutral,1,neutral,neutral,1,0,Finistral-7B-LoRA (Alpaca prompt),tfns,-10.75003433227539,2.144475729437545e-05,-3.40932747349143e-05,0.9999696016311646,-11.62503433227539,8.93950436875457e-06
2175,"More Is Needed To Break Through: McDonald’s Corporation (MCD), ADT Inc. (ADT) - TechnoRecorder",1,neutral,1,neutral,neutral,1,0,Finistral-7B-LoRA (Alpaca prompt),tfns,-10.625033378601074,2.4300108634633943e-05,-3.313963316031732e-05,0.9999703168869019,-12.125033378601074,5.422087269835174e-06
2176,NAOV,1,neutral,1,neutral,neutral,1,0,Finistral-7B-LoRA (Alpaca prompt),tfns,-11.000030517578125,1.670129131525755e-05,-3.099393507000059e-05,0.9999754428863525,-11.750030517578125,7.889130756666418e-06
2177,Nexstar Media : Andy Alford #NexstarMedia #Stock #MarketScreener https://t.co/7676Cby6JX https://t.co/mCQbFmgJrt,1,neutral,1,neutral,neutral,1,0,Finistral-7B-LoRA (Alpaca prompt),tfns,-11.375067710876465,1.147824696090538e-05,-6.747018051100895e-05,0.9999431371688843,-10.000067710876465,4.539734800346196e-05
2178,"One Thing To Remember About The Allscripts Healthcare Solutions, Inc. (NASDAQ:MDRX) Share Price",1,neutral,1,neutral,neutral,1,0,Finistral-7B-LoRA (Alpaca prompt),tfns,-10.812736511230469,2.014159326790832e-05,-0.00023684080224484205,0.9997764229774475,-8.500236511230469,0.00020342288189567626
2179,Options Trader Bets on Monster Micron Move,1,neutral,1,neutral,neutral,1,0,Finistral-7B-LoRA (Alpaca prompt),tfns,-9.319327354431152,8.967622125055641e-05,-0.006827596575021744,0.9932181239128113,-5.0068278312683105,0.006692251190543175
2180,PLUG Stock Remains Tantalizing and Vexing,1,neutral,1,neutral,neutral,1,0,Finistral-7B-LoRA (Alpaca prompt),tfns,-11.375069618225098,1.1478308806545101e-05,-6.925819616299123e-05,0.9999485015869141,-10.125069618225098,4.006323069916107e-05
2181,PTVCA,1,neutral,1,neutral,neutral,1,0,Finistral-7B-LoRA (Alpaca prompt),tfns,-9.500166893005371,7.484063098672777e-05,-0.00016723664884921163,0.9998502731323242,-9.500166893005371,7.484063098672777e-05
2182,Saudi Aramco shares to start trading Dec. 11 - Tadawul exchange https://t.co/RW1cipUUmB https://t.co/HwDW4fo0AN,1,neutral,1,neutral,neutral,1,0,Finistral-7B-LoRA (Alpaca prompt),tfns,-10.190350532531738,3.753103010240011e-05,-0.0028505190275609493,0.9971616268157959,-5.877850532531738,0.002800821792334318
2183,"Setups and Watch List, 11/24: $STNE $SE $PAYC $NOW $SPLK $DOCU $RH $ROKU $AAXN $NVCR 

Following charts courtesy of… https://t.co/tCFycIVckn",1,neutral,1,neutral,neutral,1,0,Finistral-7B-LoRA (Alpaca prompt),tfns,-13.125019073486328,1.9947131022490794e-06,-1.9430925021879375e-05,0.9999896287918091,-11.687519073486328,8.398054887948092e-06
2184,"Shareholders Rejoice? HBC, Canfor Proxy Wins Do Little for Stock",1,neutral,1,neutral,neutral,1,0,Finistral-7B-LoRA (Alpaca prompt),tfns,-9.00021743774414,0.00012338410306256264,-0.00021753329201601446,0.9997918009757996,-9.37521743774414,8.480057294946164e-05
2185,Should Community Bankers Trust (NASDAQ:ESXB) Be Disappointed With Their 99% Profit?,1,neutral,1,neutral,neutral,1,0,Finistral-7B-LoRA (Alpaca prompt),tfns,-13.937505722045898,8.851567372403224e-07,-5.722029527532868e-06,0.999998927116394,-15.562505722045898,1.7429769627597125e-07
2186,Should CorEnergy Infrastructure Trust (NYSE:CORR) Be Disappointed With Their 39% Profit?,1,neutral,1,neutral,neutral,1,0,Finistral-7B-LoRA (Alpaca prompt),tfns,-14.31250286102295,6.083589028094138e-07,-3.099436753473128e-06,0.9999991655349731,-15.12500286102295,2.6995761004400265e-07
2187,Should We Be Cautious About Franklin Street Properties Corp.'s (NYSEMKT:FSP) ROE Of 0.5%?,1,neutral,1,neutral,neutral,1,0,Finistral-7B-LoRA (Alpaca prompt),tfns,-14.500004768371582,5.04347383412096e-07,-4.6491513785440475e-06,0.9999994039535522,-15.875004768371582,1.2751898736951262e-07
2188,"Should You Add These 3 Top-Performing Mutual Funds to Your Portfolio? - February 06, 2020",1,neutral,1,neutral,neutral,1,0,Finistral-7B-LoRA (Alpaca prompt),tfns,-13.93751335144043,8.851507118379232e-07,-1.2993727978027891e-05,0.9999921321868896,-11.87501335144043,6.962250154174399e-06
2189,"Should You Avoid Sykes Enterprises, Incorporated (SYKE)?",1,neutral,1,neutral,neutral,1,0,Finistral-7B-LoRA (Alpaca prompt),tfns,-10.375035285949707,3.120190012850799e-05,-3.576214658096433e-05,0.999968409538269,-14.625035285949707,4.4507115148917364e-07
2190,Should You Be Excited About Allianz SE's (ETR:ALV) 10% Return On Equity?,1,neutral,1,neutral,neutral,1,0,Finistral-7B-LoRA (Alpaca prompt),tfns,-16.125001907348633,9.931192579415438e-08,-2.861018856492592e-06,0.9999997615814209,-15.56250286102295,1.742978383845184e-07
2191,"Should You Be Excited About PulteGroup, Inc.'s (NYSE:PHM) 18% Return On Equity?",1,neutral,1,neutral,neutral,1,0,Finistral-7B-LoRA (Alpaca prompt),tfns,-14.312511444091797,6.083564585424028e-07,-1.156323378381785e-05,0.9999951124191284,-12.375011444091797,4.222830739308847e-06
2192,"Should You Be Tempted To Sell Galp Energia, SGPS, S.A. (ELI:GALP) Because Of Its P/E Ratio?",1,neutral,1,neutral,neutral,1,0,Finistral-7B-LoRA (Alpaca prompt),tfns,-15.312503814697266,2.2380284292466968e-07,-3.6954811548639555e-06,0.9999996423721313,-16.375003814697266,7.734418971949708e-08
2193,Should You Be Tempted To Sell Michelmersh Brick Holdings plc (LON:MBH) Because Of Its P/E Ratio?,1,neutral,1,neutral,neutral,1,0,Finistral-7B-LoRA (Alpaca prompt),tfns,-14.000011444091797,8.315276431858365e-07,-1.1444026313256472e-05,0.9999986886978149,-14.437511444091797,5.368746087697218e-07
2194,"Should You Be Worried About Mistras Group, Inc.'s (NYSE:MG) 1.5% Return On Equity?",1,neutral,1,neutral,neutral,1,0,Finistral-7B-LoRA (Alpaca prompt),tfns,-13.500007629394531,1.3709565109820687e-06,-7.390948667307384e-06,0.9999980926513672,-14.500007629394531,5.043467012910696e-07
2195,Should You Buy Harmony Gold Mining Co.  (HMY)?,1,neutral,1,neutral,neutral,1,0,Finistral-7B-LoRA (Alpaca prompt),tfns,-10.125151634216309,4.005984010291286e-05,-0.00015138434537220746,0.999863862991333,-9.250151634216309,9.609857079340145e-05
2196,Should You Buy Netgear on This Short-Term Guidance Miss?,1,neutral,1,neutral,neutral,1,0,Finistral-7B-LoRA (Alpaca prompt),tfns,-8.750188827514648,0.00015843236178625375,-0.0001892864383989945,0.9998173117637634,-10.625188827514648,2.4296390620293096e-05
2197,"Should You Buy Weis Markets, Inc. (WMK)?",1,neutral,1,neutral,neutral,1,0,Finistral-7B-LoRA (Alpaca prompt),tfns,-10.562707901000977,2.5863335395115428e-05,-0.00020776021119672805,0.9998157620429993,-8.750207901000977,0.00015843211440369487
2198,Should You Worry About NVE Corporation's (NASDAQ:NVEC) CEO Salary Level?,1,neutral,1,neutral,neutral,1,0,Finistral-7B-LoRA (Alpaca prompt),tfns,-14.875001907348633,3.466325892986788e-07,-2.0265558760002023e-06,0.9999995231628418,-16.375001907348633,7.734418261406972e-08
2199,"Stks often pause at key res/sup levels. 1st touch of key level often fails, esp w/steep run into it. Let it consoli… https://t.co/cN0G1UYeKI",1,neutral,1,neutral,neutral,1,0,Finistral-7B-LoRA (Alpaca prompt),tfns,-12.187548637390137,5.093703293823637e-06,-4.8636207793606445e-05,0.9999945163726807,-14.750048637390137,3.927841873974103e-07
2200,Stock Market News: Netflix Climbs on Subscriber Data; Johnson & Johnson Looks Healthy,1,neutral,2,positive,positive,0,0,Finistral-7B-LoRA (Alpaca prompt),tfns,-12.06313419342041,5.7683050727064256e-06,-7.375634670257568,0.0006263305549509823,-0.0006344689172692597,0.9993680119514465
2201,"Stock Performance Summary :: Intercontinental Exchange, Inc., (NYSE: ICE) - Times Of New York",1,neutral,1,neutral,neutral,1,0,Finistral-7B-LoRA (Alpaca prompt),tfns,-6.652637004852295,0.00129067269153893,-0.027637196704745293,0.9727854132652283,-3.652637243270874,0.025923853740096092
2202,"Stocks To Watch: Bharti Airtel, HUL, L&T Finance, NMDC, Tata Motors, Vodafone Idea",1,neutral,1,neutral,neutral,1,0,Finistral-7B-LoRA (Alpaca prompt),tfns,-11.125359535217285,1.4734037904418074e-05,-0.0003599472693167627,0.9996498823165894,-8.000359535217285,0.0003353453066665679
2203,Taking A Look At Eastman Chemical Company's (NYSE:EMN) ROE,1,neutral,1,neutral,neutral,1,0,Finistral-7B-LoRA (Alpaca prompt),tfns,-14.18752384185791,6.893495196891308e-07,-2.372236667724792e-05,0.9999825954437256,-11.00002384185791,1.670140954956878e-05
2204,The 3 Biggest Risks to Momo’s Stock,1,neutral,1,neutral,neutral,1,0,Finistral-7B-LoRA (Alpaca prompt),tfns,-11.000030517578125,1.6701273125363514e-05,-3.0636318115284666e-05,0.9999743700027466,-11.625030517578125,8.939547115005553e-06
2205,There goes $ACST,1,neutral,1,neutral,neutral,1,0,Finistral-7B-LoRA (Alpaca prompt),tfns,-9.375393867492676,8.478594099869952e-05,-0.0003936707798857242,0.9996192455291748,-8.125393867492676,0.00029593202634714544
2206,These Stocks Could Bounce High in January and Beyond,1,neutral,2,positive,positive,0,0,Finistral-7B-LoRA (Alpaca prompt),tfns,-8.88930606842041,0.00013785595365334302,-4.264306545257568,0.01406168844550848,-0.014306358993053436,0.9858004450798035
2207,This Dividend Hero’s Too Cheap To Miss Right Now,1,neutral,2,positive,positive,0,0,Finistral-7B-LoRA (Alpaca prompt),tfns,-7.445748805999756,0.0005839570076204836,-0.7582487463951111,0.46851685643196106,-0.6332487463951111,0.530899167060852
2208,Three stocks to buy during the coronavirus crash - besides the usual suspects https://t.co/00GgjoZr9U,1,neutral,1,neutral,neutral,1,0,Finistral-7B-LoRA (Alpaca prompt),tfns,-7.90515661239624,0.0003688504220917821,-0.03015637770295143,0.9703297019004822,-3.530156373977661,0.029301417991518974
2209,Top 5 Buys of John Rogers' Ariel Investment,1,neutral,1,neutral,neutral,1,0,Finistral-7B-LoRA (Alpaca prompt),tfns,-10.038110733032227,4.370338501757942e-05,-0.03811061009764671,0.962631106376648,-3.2881104946136475,0.037325259298086166
2210,Top Technology Holdings of Warren Buffett's Berkshire Hathaway,1,neutral,1,neutral,neutral,1,0,Finistral-7B-LoRA (Alpaca prompt),tfns,-15.93750286102295,1.197930146190629e-07,-2.861018856492592e-06,0.9999995231628418,-14.75000286102295,3.92786148495361e-07
2211,"Toyota, AB InBev, Funko: Companies to Watch",1,neutral,1,neutral,neutral,1,0,Finistral-7B-LoRA (Alpaca prompt),tfns,-13.938065528869629,8.84667656464444e-07,-0.0005654881824739277,0.9994463324546814,-7.500565528869629,0.0005527781322598457
2212,"Trade Alert: The Independent Director Of Cerus Corporation (NASDAQ:CERS), Franklin Witney, Has Just Spent US$100k Buying Shares",1,neutral,1,neutral,neutral,1,0,Finistral-7B-LoRA (Alpaca prompt),tfns,-7.579452991485596,0.0005108672776259482,-0.07945308834314346,0.9236697554588318,-2.5794529914855957,0.07581943273544312
2213,"Translate Bio, Inc. (TBIO): Are Hedge Funds Right About This Stock?",1,neutral,1,neutral,neutral,1,0,Finistral-7B-LoRA (Alpaca prompt),tfns,-14.375007629394531,5.714996973438247e-07,-7.390948667307384e-06,0.9999980926513672,-13.500007629394531,1.3709565109820687e-06
2214,Two Firms Are Clashing About the Fate of U.S. Small-Cap Stocks,1,neutral,1,neutral,neutral,1,0,Finistral-7B-LoRA (Alpaca prompt),tfns,-10.500030517578125,2.7535683329915628e-05,-3.015949550899677e-05,0.9999721050262451,-14.875030517578125,3.4662309644772904e-07
2215,VIS Containers Manufacturing (ATH:VIS) Has Debt But No Earnings; Should You Worry?,1,neutral,1,neutral,neutral,1,0,Finistral-7B-LoRA (Alpaca prompt),tfns,-12.437507629394531,3.966984422731912e-06,-7.986990567587782e-06,0.9999955892562866,-14.625007629394531,4.45083259137391e-07
2216,What Does KPS AG's (ETR:KSC) Share Price Indicate?,1,neutral,1,neutral,neutral,1,0,Finistral-7B-LoRA (Alpaca prompt),tfns,-9.75019645690918,5.828407302033156e-05,-0.0001967951684491709,0.9998183846473694,-9.00019645690918,0.00012338739179540426
2217,"What Does Reading International, Inc.'s (NASDAQ:RDI) Share Price Indicate?",1,neutral,1,neutral,neutral,1,0,Finistral-7B-LoRA (Alpaca prompt),tfns,-11.250082015991211,1.3006370863877237e-05,-8.237022848334163e-05,0.9999287128448486,-9.750082015991211,5.829050860484131e-05
2218,What To Know Before Buying Flushing Financial Corporation (NASDAQ:FFIC) For Its Dividend,1,neutral,1,neutral,neutral,1,0,Finistral-7B-LoRA (Alpaca prompt),tfns,-14.375008583068848,5.714988446925418e-07,-8.702239938429557e-06,0.9999966621398926,-12.812508583068848,2.726468665059656e-06
2219,What You Must Know About Hingham Institution for Savings's (NASDAQ:HIFS) Beta Value,1,neutral,1,neutral,neutral,1,0,Finistral-7B-LoRA (Alpaca prompt),tfns,-9.750078201293945,5.829077781527303e-05,-7.784063927829266e-05,0.9999333620071411,-11.687578201293945,8.397582860197872e-06
2220,Why value stocks surged more than growth stocks in 2019,1,neutral,2,positive,positive,0,0,Finistral-7B-LoRA (Alpaca prompt),tfns,-6.577395915985107,0.0013915571616962552,-0.8273960947990417,0.4372142255306244,-0.5773960947990417,0.561394214630127
2221,"Would Xiamen International Port Co., Ltd (HKG:3378) Be Valuable To Income Investors?",1,neutral,1,neutral,neutral,1,0,Finistral-7B-LoRA (Alpaca prompt),tfns,-15.875004768371582,1.2751901579122205e-07,-4.768360213347478e-06,0.9999996423721313,-15.375004768371582,2.1024331431362953e-07
2222,$AQST - Aquestive readies equity offering; shares down 7% after hours https://t.co/mTUhau6lCg,0,negative,0,negative,negative,1,0,Finistral-7B-LoRA (Alpaca prompt),tfns,-0.00014149141497910023,0.9998726844787598,-9.250141143798828,9.60994148044847e-05,-10.375141143798828,3.1198913347907364e-05
2223,$CBAY - CymaBat halts trial of seladelpar; shares dip 4% https://t.co/0XHQXzW5ai,0,negative,0,negative,negative,1,0,Finistral-7B-LoRA (Alpaca prompt),tfns,-9.941560711013153e-05,0.9999209642410278,-11.250099182128906,1.300626990996534e-05,-9.625099182128906,6.605128874070942e-05
2224,$CIM (-1.8% pre) Chimera Investment (CIM) Announces Public Offering of Convertible Senior Notes - SI https://t.co/icZf07FFnY,0,negative,0,negative,negative,1,0,Finistral-7B-LoRA (Alpaca prompt),tfns,-0.0005181877058930695,0.9995111227035522,-7.875518321990967,0.00037994314334355295,-9.125517845153809,0.00010885552910622209
2225,$LNN - Lindsay -2% as COVID-19 impact 'remains uncertain' https://t.co/X5HppJ6i0k,0,negative,0,negative,negative,1,0,Finistral-7B-LoRA (Alpaca prompt),tfns,-7.211902266135439e-05,0.9999395608901978,-9.875072479248047,5.1441751566017047e-05,-11.625072479248047,8.939236067817546e-06
2226,$MRNA - Moderna files for mixed shelf; shares down 8% after hours https://t.co/O9O0jyiytg,0,negative,0,negative,negative,1,0,Finistral-7B-LoRA (Alpaca prompt),tfns,-6.115249561844394e-05,0.9999544620513916,-10.25006103515625,3.535588984959759e-05,-11.50006103515625,1.012963184621185e-05
2227,$TBPH - Theravance readies $150M stock offering; shares down 5% after hours https://t.co/YgYqnXrOnQ,0,negative,0,negative,negative,1,0,Finistral-7B-LoRA (Alpaca prompt),tfns,-0.00018142008048016578,0.9998290538787842,-9.250181198120117,9.609522385289893e-05,-9.500181198120117,7.483904482796788e-05
2228,$UBER shares down 3.7% after company loses London licence over safety failures https://t.co/mwRK6XOrbS https://t.co/l7lFNGWDRh,0,negative,0,negative,negative,1,0,Finistral-7B-LoRA (Alpaca prompt),tfns,-4.31528314948082e-05,0.9999731779098511,-11.000042915344238,1.6701253116480075e-05,-11.500042915344238,1.012982102110982e-05
2229,$WORK - Slack -5% after statement on IBM https://t.co/L71kecX7LL,0,negative,0,negative,negative,1,0,Finistral-7B-LoRA (Alpaca prompt),tfns,-0.0001419681793777272,0.9998695850372314,-9.125142097473145,0.0001088945718947798,-10.750142097473145,2.144261270586867e-05
2230,Abiomed down 8% on guidance cut,0,negative,0,negative,negative,1,0,Finistral-7B-LoRA (Alpaca prompt),tfns,-3.40932747349143e-05,0.9999797344207764,-11.50003433227539,1.0129887414223049e-05,-11.50003433227539,1.0129887414223049e-05
2231,Adamis Pharma -61% on FDA's Zimhi rejection,0,negative,0,negative,negative,1,0,Finistral-7B-LoRA (Alpaca prompt),tfns,-0.00015233787416946143,0.9998682737350464,-9.000152587890625,0.00012339354725554585,-11.687652587890625,8.397036253882106e-06
2232,Afya -3.4% on offering of class A common shares,0,negative,0,negative,negative,1,0,Finistral-7B-LoRA (Alpaca prompt),tfns,-0.01667432114481926,0.9834871292114258,-4.141674518585205,0.015896588563919067,-7.391674518585205,0.0006163775688037276
2233,Akoustis down 13% on pricing equity offering,0,negative,0,negative,negative,1,0,Finistral-7B-LoRA (Alpaca prompt),tfns,-6.317892984952778e-05,0.9999451637268066,-10.125062942504883,4.0063096093945205e-05,-11.125062942504883,1.4738389836566057e-05
2234,Applied Genetic Tech down 7% premarket after pricing equity offering,0,negative,0,negative,negative,1,0,Finistral-7B-LoRA (Alpaca prompt),tfns,-2.8132995794294402e-05,0.9999827146530151,-12.875027656555176,2.561244400567375e-06,-11.125027656555176,1.4738943718839437e-05
2235,"As Kohl's shares plunge, Cramer calls out CEO for glossing over why earnings missed estimates",0,negative,0,negative,negative,1,0,Finistral-7B-LoRA (Alpaca prompt),tfns,-5.3881147323409095e-05,0.9999598264694214,-10.375053405761719,3.120163091807626e-05,-11.625053405761719,8.9394170572632e-06
2236,Athenex down 17% on oral paclitaxel data,0,negative,0,negative,negative,1,0,Finistral-7B-LoRA (Alpaca prompt),tfns,-2.6940935640595853e-05,0.9999806880950928,-11.37502670288086,1.1478678061394021e-05,-11.75002670288086,7.889171683927998e-06
2237,Becton Dickinson's stock tumbles 11% premarket after Q1 results,0,negative,0,negative,negative,1,0,Finistral-7B-LoRA (Alpaca prompt),tfns,-4.1126360883936286e-05,0.9999723434448242,-12.000041007995605,6.144042345113121e-06,-10.750041007995605,2.1444815502036363e-05
2238,"Becton Dickinson's stock tumbles, as lowered earnings guidance offsets profit beat",0,negative,0,negative,negative,1,0,Finistral-7B-LoRA (Alpaca prompt),tfns,-4.029192859889008e-05,0.9999703168869019,-11.250040054321289,1.300691110373009e-05,-11.000040054321289,1.670120400376618e-05
2239,"Becton, Dickinson slips 9% on lowered guidance",0,negative,0,negative,negative,1,0,Finistral-7B-LoRA (Alpaca prompt),tfns,-6.139089964563027e-05,0.9999516010284424,-10.25006103515625,3.53557916241698e-05,-11.25006103515625,1.3006668268644717e-05
2240,Cabot Microelectronics tanks on soft guidance,0,negative,0,negative,negative,1,0,Finistral-7B-LoRA (Alpaca prompt),tfns,-6.890059739816934e-05,0.9999432563781738,-10.125068664550781,4.0063019696390256e-05,-11.000068664550781,1.67007528943941e-05
2241,Checkpoint Therapeutics down 14% after hours on equity offering,0,negative,0,negative,negative,1,0,Finistral-7B-LoRA (Alpaca prompt),tfns,-6.806619057897478e-05,0.9999412298202515,-10.500067710876465,2.753483204287477e-05,-10.375067710876465,3.1201052479445934e-05
2242,Ciena Corp. shares slide after earnings miss,0,negative,0,negative,negative,1,0,Finistral-7B-LoRA (Alpaca prompt),tfns,-3.361645576660521e-05,0.9999768733978271,-11.500033378601074,1.0129858310392592e-05,-11.250033378601074,1.3006996596232057e-05
2243,Ether Turns Negative For the Year as Crypto Sell-Off Accelerates,0,negative,0,negative,negative,1,0,Finistral-7B-LoRA (Alpaca prompt),tfns,-4.029192859889008e-05,0.9999678134918213,-10.625040054321289,2.4300048607983626e-05,-11.750040054321289,7.889070730016101e-06
2244,GoPro's stock tumbles 13% premarket after Q4 results late Wednesday,0,negative,0,negative,negative,1,0,Finistral-7B-LoRA (Alpaca prompt),tfns,-3.71926071238704e-05,0.9999798536300659,-12.12503719329834,5.422139111033175e-06,-11.12503719329834,1.4738901882083155e-05
2245,"Irish bank and real-estate stocks fall after a strong electoral showing for Sinn in, a left-wing nationalist part... https://t.co/dfReOhhlBX",0,negative,0,negative,negative,1,0,Finistral-7B-LoRA (Alpaca prompt),tfns,-0.00010692501382436603,0.9999130964279175,-10.250106811523438,3.535442738211714e-05,-9.875106811523438,5.1440390961943194e-05
2246,"JUST IN: Slack shares halted for pending news.

https://t.co/jn8limUSe7",0,negative,1,neutral,neutral,0,0,Finistral-7B-LoRA (Alpaca prompt),tfns,-10.750082969665527,2.144454265362583e-05,-8.260862523457035e-05,0.9999595880508423,-10.875082969665527,1.8924742107628845e-05
2247,"KL, CBAY among premarket losers",0,negative,0,negative,negative,1,0,Finistral-7B-LoRA (Alpaca prompt),tfns,-0.00015186110977083445,0.9998635053634644,-9.125151634216309,0.00010889390978263691,-10.500151634216309,2.75326929113362e-05
2248,Kohl's -11% after profit view slashed,0,negative,0,negative,negative,1,0,Finistral-7B-LoRA (Alpaca prompt),tfns,-3.158996332786046e-05,0.9999808073043823,-11.250031471252441,1.3007048437430058e-05,-12.000031471252441,6.144094641058473e-06
2249,Kohl's stock drops 10% after it cuts guidance,0,negative,0,negative,negative,1,0,Finistral-7B-LoRA (Alpaca prompt),tfns,-4.8397800128441304e-05,0.9999620914459229,-10.875048637390137,1.8924789401353337e-05,-10.875048637390137,1.8924789401353337e-05
2250,Macy’s shares sink after date-breach reports,0,negative,0,negative,negative,1,0,Finistral-7B-LoRA (Alpaca prompt),tfns,-9.941560711013153e-05,0.9999091625213623,-10.000099182128906,4.539580913842656e-05,-10.000099182128906,4.539580913842656e-05
2251,Mahindra & Mahindra shares head for their steepest decline in more than a decade after surprise drop in earnings https://t.co/RyNmr09Ei7,0,negative,0,negative,negative,1,0,Finistral-7B-LoRA (Alpaca prompt),tfns,-4.672895011026412e-05,0.999967098236084,-10.750046730041504,2.1444702724693343e-05,-11.375046730041504,1.1478522537800018e-05
2252,Myriad Genetics slips 27% premarket after weak FQ2 and guidance cut,0,negative,0,negative,negative,1,0,Finistral-7B-LoRA (Alpaca prompt),tfns,-4.017272294731811e-05,0.9999803304672241,-11.562540054321289,9.516154932498466e-06,-11.500040054321289,1.0129893780685961e-05
2253,New York Mortgage Trust sinks 2.7% after announcing capital raise,0,negative,0,negative,negative,1,0,Finistral-7B-LoRA (Alpaca prompt),tfns,-0.00040880427695810795,0.9996154308319092,-9.000409126281738,0.00012336234794929624,-8.250409126281738,0.00026115807122550905
2254,"Nio's stock falls after January deliveries decline on coronavirus, New Years holiday timing effects",0,negative,0,negative,negative,1,0,Finistral-7B-LoRA (Alpaca prompt),tfns,-4.5536911784438416e-05,0.9999637603759766,-11.125045776367188,1.4738664503965992e-05,-10.750045776367188,2.1444631784106605e-05
2255,Organogenesis -8.9% amid 9M-share offering,0,negative,0,negative,negative,1,0,Finistral-7B-LoRA (Alpaca prompt),tfns,-0.0034240209497511387,0.9965983033180237,-5.753424167633057,0.00317195407114923,-8.378423690795898,0.00022977555636316538
2256,PagSeguro slides 4.5% after Q3 disappoints,0,negative,0,negative,negative,1,0,Finistral-7B-LoRA (Alpaca prompt),tfns,-4.053033626405522e-05,0.9999706745147705,-10.750040054321289,2.1444779122248292e-05,-11.750040054321289,7.889093467383645e-06
2257,Post Holdings -4% after earnings miss,0,negative,0,negative,negative,1,0,Finistral-7B-LoRA (Alpaca prompt),tfns,-0.0001245659514097497,0.9998862743377686,-9.12512493133545,0.00010889639088418335,-12.25012493133545,4.784573320648633e-06
2258,PTC Therapeutics down 6% premarket on risidplam data,0,negative,0,negative,negative,1,0,Finistral-7B-LoRA (Alpaca prompt),tfns,-2.8729025871143676e-05,0.9999808073043823,-12.000028610229492,6.144094641058473e-06,-11.250028610229492,1.3007048437430058e-05
2259,"QD, HEXO among premarket losers",0,negative,0,negative,negative,1,0,Finistral-7B-LoRA (Alpaca prompt),tfns,-4.672895011026412e-05,0.999968409538269,-10.750046730041504,2.14447318285238e-05,-11.500046730041504,1.0129772817890625e-05
2260,Roku -5.1% after filing to offer up to 1M shares,0,negative,0,negative,negative,1,0,Finistral-7B-LoRA (Alpaca prompt),tfns,-7.235741941258311e-05,0.9999402761459351,-10.250072479248047,3.535539144650102e-05,-10.625072479248047,2.429937921988312e-05
2261,Roku shares dropped after it notified users that FOX channels will be not accessible for the Super Bowl https://t.co/W8JTisSnaC,0,negative,0,negative,negative,1,0,Finistral-7B-LoRA (Alpaca prompt),tfns,-4.160317621426657e-05,0.9999755620956421,-11.375041961669922,1.1478619853733107e-05,-11.250041961669922,1.3006980225327425e-05
2262,Roku stock falls after disclosure of shareholder resales,0,negative,0,negative,negative,1,0,Finistral-7B-LoRA (Alpaca prompt),tfns,-3.8742269680369645e-05,0.9999731779098511,-12.125039100646973,5.422102731245104e-06,-10.750039100646973,2.14448336919304e-05
2263,SES shares tumble 20% after FCC chairman voices support for public airwaves sale,0,negative,0,negative,negative,1,0,Finistral-7B-LoRA (Alpaca prompt),tfns,-3.6238969187252223e-05,0.9999771118164062,-12.000036239624023,6.144071903690929e-06,-11.000036239624023,1.6701318600098602e-05
2264,Slack shares slump as Microsoft continues to make corporate inroads,0,negative,0,negative,negative,1,0,Finistral-7B-LoRA (Alpaca prompt),tfns,-3.1709168979432434e-05,0.9999768733978271,-12.375031471252441,4.222753432259196e-06,-10.875031471252441,1.892506770673208e-05
2265,SunPower's stock sinks after plans to sell 22 million shares to the public,0,negative,0,negative,negative,1,0,Finistral-7B-LoRA (Alpaca prompt),tfns,-5.4596363042946905e-05,0.9999557733535767,-11.000054359436035,1.6700962078175507e-05,-10.500054359436035,2.7535234039532952e-05
2266,"Synthetic Biologics, Inc. (SYN) Sinks -4.79% Today: Breaking Down The Root Causes - Find News",0,negative,0,negative,negative,1,0,Finistral-7B-LoRA (Alpaca prompt),tfns,-0.00019774865359067917,0.9998248219490051,-8.875197410583496,0.00013981712982058525,-10.250197410583496,3.535130599630065e-05
2267,"Taco Bell, KFC parent Yum Brands' stock drops after profit misses but revenue beat",0,negative,0,negative,negative,1,0,Finistral-7B-LoRA (Alpaca prompt),tfns,-0.007806152105331421,0.9922459721565247,-4.882806301116943,0.007575890980660915,-8.632805824279785,0.0001781678874976933
2268,Tesla -3% as China slowdown factors in,0,negative,0,negative,negative,1,0,Finistral-7B-LoRA (Alpaca prompt),tfns,-6.735097849741578e-05,0.999943733215332,-9.875067710876465,5.1441966206766665e-05,-12.250067710876465,4.784848442795919e-06
2269,Tesla falls more than 6% after Cybertruck flub—Cramer and other pros talk prospects $TSLA (via @TradingNation) https://t.co/6KwIqJa65g,0,negative,0,negative,negative,1,0,Finistral-7B-LoRA (Alpaca prompt),tfns,-4.279521817807108e-05,0.9999853372573853,-13.312542915344238,1.6536681641809992e-06,-11.250042915344238,1.3007106645090971e-05
2270,"Tesla's stock falls again, extends pullback to 22%",0,negative,0,negative,negative,1,0,Finistral-7B-LoRA (Alpaca prompt),tfns,-4.708655978902243e-05,0.9999806880950928,-11.375046730041504,1.1478678061394021e-05,-11.750046730041504,7.889171683927998e-06
2271,"Twilio Crushes Q4 Expectations, Shares Fall 7% on Modest Bottom-Line Guidance",0,negative,1,neutral,neutral,0,0,Finistral-7B-LoRA (Alpaca prompt),tfns,-2.7003731727600098,0.06721779704093933,-0.07537323236465454,0.9279129505157471,-5.32537317276001,0.004869240336120129
2272,"Tyson Foods -4% after chicken, beef sales disappoint",0,negative,0,negative,negative,1,0,Finistral-7B-LoRA (Alpaca prompt),tfns,-5.8887653722194955e-05,0.9999567270278931,-10.250059127807617,3.5355969885131344e-05,-11.750059127807617,7.888983418524731e-06
2273,"Uber's $UBER share price is down approximately 29% since its IPO in May 2019, while the S&P 500 is up nearly 8% dur… https://t.co/V7eqP2opTW",0,negative,0,negative,negative,1,0,Finistral-7B-LoRA (Alpaca prompt),tfns,-0.00016699827392585576,0.9998434782028198,-8.875166893005371,0.00013981974916532636,-11.000166893005371,1.6699086700100452e-05
2274,Varonis -6% on wider-than-expected loss forecast,0,negative,0,negative,negative,1,0,Finistral-7B-LoRA (Alpaca prompt),tfns,-4.3748852476710454e-05,0.9999696016311646,-10.750043869018555,2.144475729437545e-05,-11.625043869018555,8.93950436875457e-06
2275,Woodward ~6% post Q4 earnings miss,0,negative,0,negative,negative,1,0,Finistral-7B-LoRA (Alpaca prompt),tfns,-0.0009535771678201854,0.9990701079368591,-7.000953674316406,0.0009110340033657849,-10.875953674316406,1.8907907360699028e-05
2276,WWE -3.1% amid two-notch cut at Wells Fargo,0,negative,0,negative,negative,1,0,Finistral-7B-LoRA (Alpaca prompt),tfns,-0.00027700403006747365,0.9997382760047913,-8.375276565551758,0.00023049951414577663,-10.375276565551758,3.119471875834279e-05
2277,WWE Plunges After Sales Forecast Uncovers Dismal Fan Engagement,0,negative,0,negative,negative,1,0,Finistral-7B-LoRA (Alpaca prompt),tfns,-3.015949550899677e-05,0.999987006187439,-12.750030517578125,2.9022828584857052e-06,-11.500030517578125,1.0129961083293892e-05
2278,"Zoom shares slip over security concerns, rising competition https://t.co/9LgzbL552F https://t.co/VSENzzofYP",0,negative,0,negative,negative,1,0,Finistral-7B-LoRA (Alpaca prompt),tfns,-5.435795901576057e-05,0.9999629259109497,-11.562554359436035,9.515989404462744e-06,-10.500054359436035,2.7535430490388535e-05
2279,"Zoom shares slip over security concerns, rising competition https://t.co/u0l97LVQDa https://t.co/dcVT5Zzh2L",0,negative,0,negative,negative,1,0,Finistral-7B-LoRA (Alpaca prompt),tfns,-4.95898348162882e-05,0.9999667406082153,-11.625049591064453,8.93947890290292e-06,-10.625049591064453,2.4300023142131977e-05
2280,$AAPL (+0.2% pre) Apple to expand operations in India: IT minister https://t.co/1DmAytdTR0,2,positive,2,positive,positive,1,0,Finistral-7B-LoRA (Alpaca prompt),tfns,-10.937723159790039,1.7774937077774666e-05,-8.500223159790039,0.0002034233621088788,-0.0002236116270069033,0.9997788071632385
2281,"$AAXN gapped up on earnings, up 24.57% on 6x average volume. It cleared the top of its earnings gap up at 71. On wa… https://t.co/1e7NB4TsUa",2,positive,2,positive,positive,1,0,Finistral-7B-LoRA (Alpaca prompt),tfns,-11.062641143798828,1.5687613995396532e-05,-9.000141143798828,0.00012339263048488647,-0.00014161060971673578,0.9998608827590942
2282,$AVDL (+2.7% pre) Avadel Pharmaceuticals Achieves Enrollment Target in REST-ON Phase 3 Pivotal Trial of FT218 for E… https://t.co/sz4WqZbAac,2,positive,2,positive,positive,1,0,Finistral-7B-LoRA (Alpaca prompt),tfns,-9.12525463104248,0.00010888168617384508,-8.87525463104248,0.00013980685616843402,-0.00025507534155622125,0.9997512698173523
2283,$BXRX - Baudax Bio +7% premarket on Anjeso launch in U.S. https://t.co/2hI5uKFCHw,2,positive,2,positive,positive,1,0,Finistral-7B-LoRA (Alpaca prompt),tfns,-10.750046730041504,2.1444426238304004e-05,-10.625046730041504,2.429971755191218e-05,-4.7205765440594405e-05,0.9999542236328125
2284,$CANF (+20.3% pre) Can-Fite BioPharma (CANF) Announces Positive Top Line Results from its Phase II NASH Study with… https://t.co/HLKZq00QPy,2,positive,2,positive,positive,1,0,Finistral-7B-LoRA (Alpaca prompt),tfns,-10.125109672546387,4.0061044273898005e-05,-9.625109672546387,6.604949885513633e-05,-0.00010966652916977182,0.9998939037322998
2285,$CC $MMM $DD - PFAS chemical makers climb as Congress makes no decision https://t.co/cthudaPdFL,2,positive,2,positive,positive,1,0,Finistral-7B-LoRA (Alpaca prompt),tfns,-5.878735065460205,0.0027983826585114002,-7.003735065460205,0.0009085017372854054,-0.0037349958438426256,0.9962931275367737
2286,$CGC - Canopy Growth +4% premarket on new cannabis license for Smiths Falls facility https://t.co/FYvMKq9dAf,2,positive,2,positive,positive,1,0,Finistral-7B-LoRA (Alpaca prompt),tfns,-10.625057220458984,2.429948108328972e-05,-10.375057220458984,3.120115434285253e-05,-5.709961988031864e-05,0.9999444484710693
2287,$DPW (+90.0% pre) DPW Holdings Announces That Its Coolisys Power Electronics Business Sees Increased Offshore Manuf… https://t.co/DwW8Lz0dDd,2,positive,2,positive,positive,1,0,Finistral-7B-LoRA (Alpaca prompt),tfns,-7.6267008781433105,0.0004872869176324457,-6.7517008781433105,0.0011689404491335154,-0.0017008613795042038,0.998343825340271
2288,$ENOB (+17.5% pre) Enochian Biosciences (ENOB) Expands Infectious Disease Pipeline by Entering Pact to Acquire Excl… https://t.co/NP7PYIkHtt,2,positive,2,positive,positive,1,0,Finistral-7B-LoRA (Alpaca prompt),tfns,-8.500594139099121,0.00020334968576207757,-7.875594615936279,0.00037990722921676934,-0.0005945583689026535,0.999416708946228
2289,"$HCHC (+5.7% pre) HC2 Holdings (HCHC) in Advanced Discussions to Sell Continental Insurance, Retains Advisor to Exp… https://t.co/a36tqbUnUy",2,positive,2,positive,positive,1,0,Finistral-7B-LoRA (Alpaca prompt),tfns,-8.625443458557129,0.00017948108143173158,-8.250443458557129,0.00026114340289495885,-0.00044383687782101333,0.9995593428611755
2290,$ICPT - FDA OKs Intercept’s NDA for obeticholic acid; shares up 5% premarket https://t.co/VgfLhFDoWm,2,positive,2,positive,positive,1,0,Finistral-7B-LoRA (Alpaca prompt),tfns,-12.750012397766113,2.902289452322293e-06,-11.750012397766113,7.889239896030631e-06,-1.2278481335670222e-05,0.9999892711639404
2291,"$JAN (+92.2% pre) JanOne entered into a Patent and Know How License Agreement with UAB Research Foundation, TheraVa… https://t.co/lNeVmJnG1c",2,positive,2,positive,positive,1,0,Finistral-7B-LoRA (Alpaca prompt),tfns,-8.003149032592773,0.0003344113065395504,-5.878149509429932,0.00279999035410583,-0.003149432362988591,0.9968655705451965
2292,"$JKHY day highs and clearing resistance, name not far from its record highs",2,positive,2,positive,positive,1,0,Finistral-7B-LoRA (Alpaca prompt),tfns,-11.875028610229492,6.96210736350622e-06,-10.750028610229492,2.1444800950121135e-05,-2.884823152271565e-05,0.9999716281890869
2293,$KOD $REGN - Kodiak Sciences up 9% on positive early-stage KSI-301 data https://t.co/Dixe4svpxG,2,positive,2,positive,positive,1,0,Finistral-7B-LoRA (Alpaca prompt),tfns,-10.625093460083008,2.429863525321707e-05,-9.625093460083008,6.605053931707516e-05,-9.393251093570143e-05,0.9999096393585205
2294,"$LIVX (+16.8% pre) LiveXLive Media (LIVX), Samsung Announce Production And Distribution Partnership - SI - SI https://t.co/us7jsZ5apN",2,positive,2,positive,positive,1,0,Finistral-7B-LoRA (Alpaca prompt),tfns,-8.3757963180542,0.00023037931532599032,-7.500796318054199,0.0005526512395590544,-0.0007961202645674348,0.9992169141769409
2295,$LMNX - Luminex Q1 revenue tops guidance; shares up 7% after hours https://t.co/plWYnRO6A1,2,positive,2,positive,positive,1,0,Finistral-7B-LoRA (Alpaca prompt),tfns,-10.8750638961792,1.8924389223684557e-05,-10.1250638961792,4.006292874692008e-05,-6.41325386823155e-05,0.9999409914016724
2296,"$M (+11.7% pre) Macy's finance chief Paula Price to step down in May - SI

https://t.co/qKgwR2a9Ft",2,positive,2,positive,positive,1,0,Finistral-7B-LoRA (Alpaca prompt),tfns,-5.880005836486816,0.002794830594211817,-6.130005836486816,0.002176616108044982,-0.005005803424865007,0.995028555393219
2297,"$MGI (+4.2% pre) Ripple Makes Investment in MoneyGram Equity to Complete Original Investment Commitment, Expansion… https://t.co/CbJ8u15z83",2,positive,2,positive,positive,1,0,Finistral-7B-LoRA (Alpaca prompt),tfns,-7.876011848449707,0.0003797466342803091,-7.376011848449707,0.0006260962691158056,-0.0010116941994056106,0.9989941716194153
2298,$MTH - Meritage Homes 1Q20 orders rise 23% Y/Y; shares up ~20% https://t.co/wByVa9hi30,2,positive,2,positive,positive,1,0,Finistral-7B-LoRA (Alpaca prompt),tfns,-12.500012397766113,3.7266083836584585e-06,-11.687512397766113,8.398041245527565e-06,-1.2874520507466514e-05,0.9999879598617554
2299,$NSPR - InspireMD chief to step down; shares up 3% https://t.co/nw4ii9SQFu,2,positive,2,positive,positive,1,0,Finistral-7B-LoRA (Alpaca prompt),tfns,-7.875718116760254,0.0003798571415245533,-8.000718116760254,0.00033522272133268416,-0.0007180972606875002,0.9992849230766296
2300,$NTLA $EDIT $CRSP - Intellia up 5% on new data from CRSPR/Cas9 programs https://t.co/We4Yiy0bs8,2,positive,2,positive,positive,1,0,Finistral-7B-LoRA (Alpaca prompt),tfns,-11.000223159790039,1.669802441028878e-05,-8.500223159790039,0.00020342358038760722,-0.00022349244682118297,0.9997798800468445
2301,$NVCR shows institutional accumulation with blue skyscraper last week and closing near highs. Forms a cup base with… https://t.co/s6fdABDVVW,2,positive,2,positive,positive,1,0,Finistral-7B-LoRA (Alpaca prompt),tfns,-12.375036239624023,4.222701591061195e-06,-10.375036239624023,3.120178007520735e-05,-3.6238969187252223e-05,0.9999645948410034
2302,$ONVO - Organovo stockholders nix Tarveda merger; shares up 2% after hours https://t.co/3tGA8kVpl2,2,positive,2,positive,positive,1,0,Finistral-7B-LoRA (Alpaca prompt),tfns,-9.625164985656738,6.604579539271072e-05,-9.250164985656738,9.609607513993979e-05,-0.0001652104256208986,0.9998378753662109
2303,$PACD Added + shares on pullback. BORR +130% they will find this sympathy play very soon. Money will flow into this… https://t.co/0PTZlnV1ps,2,positive,2,positive,positive,1,0,Finistral-7B-LoRA (Alpaca prompt),tfns,-9.125373840332031,0.00010886846575886011,-8.250373840332031,0.00026116182561963797,-0.0003736513026524335,0.9996298551559448
2304,"$PSTI (+56.3% pre) Pluristem Reports Preliminary Data from its COVID-19 Compassionate Use Program, Treating Seven P… https://t.co/hke1zV8mkt",2,positive,2,positive,positive,1,0,Finistral-7B-LoRA (Alpaca prompt),tfns,-8.003557205200195,0.0003342865384183824,-5.753556728363037,0.003171622520312667,-0.0035568326711654663,0.9964941143989563
2305,$SRNE (+36.3% pre) Sorrento Therapeutics shares soar 25% after it rejects offer from two companies - MW https://t.co/5WB1nxwKVn,2,positive,2,positive,positive,1,0,Finistral-7B-LoRA (Alpaca prompt),tfns,-7.625932693481445,0.0004876472521573305,-7.750932693481445,0.0004303471650928259,-0.0009327351581305265,0.999082088470459
2306,"$SSL $CHMI $CANF - RTX, SKT among premarket gainers https://t.co/YC36Ef6fZt",2,positive,2,positive,positive,1,0,Finistral-7B-LoRA (Alpaca prompt),tfns,-8.75186538696289,0.00015816680388525128,-6.376865386962891,0.001700453576631844,-0.0018651961581781507,0.9981414079666138
2307,"$STZ (+4.9% pre) UBS Upgrades Constellation Brands (STZ) to Buy, $180 PT

https://t.co/y3Tfnn7kfo",2,positive,2,positive,positive,1,0,Finistral-7B-LoRA (Alpaca prompt),tfns,-8.875486373901367,0.00013977520575281233,-8.000486373901367,0.0003353033971507102,-0.00048673225683160126,0.9995249509811401
2308,"$TIF (+5.6% pre) LVMH aims to restore Tiffany's sparkle with $16.2 billion takeover - Reuters

https://t.co/6rlL3xPZWj",2,positive,2,positive,positive,1,0,Finistral-7B-LoRA (Alpaca prompt),tfns,-8.125603675842285,0.00029586959863081574,-8.125603675842285,0.00029586959863081574,-0.0006036128615960479,0.9994083642959595
2309,$TSLA +7% in pm (BLOG IDEA). Breaking out of the bullish flag that i mentioned several times last week.,2,positive,2,positive,positive,1,0,Finistral-7B-LoRA (Alpaca prompt),tfns,-10.500054359436035,2.753502303676214e-05,-10.625054359436035,2.4299570213770494e-05,-5.400034933700226e-05,0.9999481439590454
2310,"$VRNS (+0.0% pre) Varonis Systems reports preliminary Q1 - SA

https://t.co/ORtdEEogHg",2,positive,2,positive,positive,1,0,Finistral-7B-LoRA (Alpaca prompt),tfns,-7.0026535987854,0.0009095032000914216,-6.3776535987854,0.0016991758020594716,-0.0026535321958363056,0.9973913431167603
2311,"$XOM (+5.8% pre) Exxon cuts full-year capex forecast by 30%, maintains long-term outlook - SA

https://t.co/zXwoE1Emyq",2,positive,2,positive,positive,1,0,Finistral-7B-LoRA (Alpaca prompt),tfns,-1.4646837711334229,0.231223925948143,-1.9646837711334229,0.14024437963962555,-0.4646838307380676,0.6285316944122314
2312,$ZIOP (+6.4% pre) Ziopharm Oncology Presents Encouraging Clinical Data for Controlled IL-12 for the Treatment of Re… https://t.co/F5WFn7CrP6,2,positive,2,positive,positive,1,0,Finistral-7B-LoRA (Alpaca prompt),tfns,-9.500510215759277,7.481401553377509e-05,-7.750510215759277,0.0004305248730815947,-0.0005104430601932108,0.9994946718215942
2313,"$ZS (+3.6% pre) BofA/Merrill Lynch Upgrades Zscaler (ZS) to Buy; Cyber Security Opportunity Too Big to Ignore, $68… https://t.co/CJBmEfW5tG",2,positive,2,positive,positive,1,0,Finistral-7B-LoRA (Alpaca prompt),tfns,-10.250088691711426,3.535442738211714e-05,-9.875088691711426,5.1440390961943194e-05,-8.892617915989831e-05,0.9999130964279175
2314,AbbVie stock jumps 2.6% premarket,2,positive,2,positive,positive,1,0,Finistral-7B-LoRA (Alpaca prompt),tfns,-12.250011444091797,4.785065357282292e-06,-12.000011444091797,6.144145118014421e-06,-1.1801649634435307e-05,0.9999890327453613
2315,AIA's announcement of a new CEO sends shares higher in Hong Kong https://t.co/vVmrVJVl90 https://t.co/6sb0BnZHx6,2,positive,2,positive,positive,1,0,Finistral-7B-LoRA (Alpaca prompt),tfns,-10.625070571899414,2.4299135475303046e-05,-10.000070571899414,4.539676592685282e-05,-7.033100700937212e-05,0.9999302625656128
2316,AMC Entertainment rallies after big Frozen 2 weekend,2,positive,2,positive,positive,1,0,Finistral-7B-LoRA (Alpaca prompt),tfns,-11.625042915344238,8.9394170572632e-06,-10.375042915344238,3.120163091807626e-05,-4.255681051290594e-05,0.9999598264694214
2317,"ArcelorMittal shares surge on higher operating profit, dividend than expected",2,positive,2,positive,positive,1,0,Finistral-7B-LoRA (Alpaca prompt),tfns,-13.250007629394531,1.760334157552279e-06,-12.187507629394531,5.093696017866023e-06,-7.748573807475623e-06,0.999993085861206
2318,Argo Group gains 2.2% after moving to refresh board,2,positive,2,positive,positive,1,0,Finistral-7B-LoRA (Alpaca prompt),tfns,-11.125112533569336,1.4737564924871549e-05,-9.250112533569336,9.610100096324459e-05,-0.00011240804451517761,0.9998891353607178
2319,Athenex up 28% on expected positive data on oral paclitaxel,2,positive,2,positive,positive,1,0,Finistral-7B-LoRA (Alpaca prompt),tfns,-12.625035285949707,3.2886462122405646e-06,-10.375035285949707,3.1201805541059e-05,-3.516612196108326e-05,0.9999654293060303
2320,Aurora beefs up leadership team; shares up 3% premarket,2,positive,2,positive,positive,1,0,Finistral-7B-LoRA (Alpaca prompt),tfns,-12.000014305114746,6.144126018625684e-06,-11.750014305114746,7.88921352068428e-06,-1.4662635294371285e-05,0.999985933303833
2321,Bill.com +72% in trading debut,2,positive,2,positive,positive,1,0,Finistral-7B-LoRA (Alpaca prompt),tfns,-13.375077247619629,1.55338159402163e-06,-9.500077247619629,7.484611705876887e-05,-7.712543447269127e-05,0.999923586845398
2322,BioLineRx reports data on triple combination arm of COMBAT/KEYNOTE-202 study; shares up 21% premarket,2,positive,2,positive,positive,1,0,Finistral-7B-LoRA (Alpaca prompt),tfns,-12.500011444091797,3.7266136132529937e-06,-11.875011444091797,6.962231054785661e-06,-1.1205610462639015e-05,0.99998939037323
2323,Brazil broker XP surges in debut after $1.96 billion U.S. IPO https://t.co/JCpfrpsjX4 via @business https://t.co/WTr4j8LUbO,2,positive,2,positive,positive,1,0,Finistral-7B-LoRA (Alpaca prompt),tfns,-10.000131607055664,4.539401561487466e-05,-9.375131607055664,8.480717951897532e-05,-0.00013159839727450162,0.999869704246521
2324,Bristol-Myers +3% premarket on Q4 beat,2,positive,2,positive,positive,1,0,Finistral-7B-LoRA (Alpaca prompt),tfns,-11.12502384185791,1.4738864592800383e-05,-11.75002384185791,7.889146218076348e-06,-2.372236667724792e-05,0.9999773502349854
2325,Canopy Growth +4% premarket on new cannabis license for Smiths Falls facility,2,positive,2,positive,positive,1,0,Finistral-7B-LoRA (Alpaca prompt),tfns,-10.62506103515625,2.429937921988312e-05,-10.25006103515625,3.535539144650102e-05,-6.103329360485077e-05,0.9999402761459351
2326,Carnival's stock soars after Saudi sovereign wealth fund takes stake in the crippled cruise company https://t.co/IFYPXCDpja,2,positive,2,positive,positive,1,0,Finistral-7B-LoRA (Alpaca prompt),tfns,-12.125030517578125,5.422087269835174e-06,-10.625030517578125,2.4300108634633943e-05,-3.0636318115284666e-05,0.9999703168869019
2327,Co-Diagnostics up 36% on coronavirus test sales,2,positive,2,positive,positive,1,0,Finistral-7B-LoRA (Alpaca prompt),tfns,-13.312533378601074,1.6536379234821652e-06,-10.375033378601074,3.120186011074111e-05,-3.3378044463461265e-05,0.999967098236084
2328,Eidos up 13% on sustained benefit of AG10 in ATTR-CM,2,positive,2,positive,positive,1,0,Finistral-7B-LoRA (Alpaca prompt),tfns,-12.312529563903809,4.495072062127292e-06,-10.625029563903809,2.4300130462506786e-05,-2.992108420585282e-05,0.9999711513519287
2329,Endonovo up 35% on SofPulse collaboration,2,positive,2,positive,positive,1,0,Finistral-7B-LoRA (Alpaca prompt),tfns,-13.625016212463379,1.2098478237021482e-06,-11.125016212463379,1.4738962818228174e-05,-1.6331539882230572e-05,0.9999840259552002
2330,Extreme Networks stock up 2.6% premarket,2,positive,2,positive,positive,1,0,Finistral-7B-LoRA (Alpaca prompt),tfns,-11.375062942504883,1.1478177839308046e-05,-9.875062942504883,5.14416242367588e-05,-6.341733387671411e-05,0.9999370574951172
2331,"Gap ticks higher despite lowered full-year comps, which point to a bah humbug holiday quarter https://t.co/M4f8u4Zza2 $GPS",2,positive,2,positive,positive,1,0,Finistral-7B-LoRA (Alpaca prompt),tfns,-2.0865190029144287,0.12412983924150467,-2.7115190029144287,0.06644191592931747,-0.21151895821094513,0.8094282150268555
2332,Intelsat +10%; Height expects C-band payout to rise,2,positive,2,positive,positive,1,0,Finistral-7B-LoRA (Alpaca prompt),tfns,-11.562532424926758,9.516047612123657e-06,-10.750032424926758,2.1444744561449625e-05,-3.2543604902457446e-05,0.9999690055847168
2333,"Intelsat's stock bounces 6.6% premarket, after plummeting 55% over the past 2 days to 19-mo. low",2,positive,2,positive,positive,1,0,Finistral-7B-LoRA (Alpaca prompt),tfns,-8.125938415527344,0.0002957718388643116,-7.3759379386901855,0.0006261489470489323,-0.0009380945703014731,0.9990781545639038
2334,Kodiak Sciences up 9% on positive early-stage KSI-301 data,2,positive,2,positive,positive,1,0,Finistral-7B-LoRA (Alpaca prompt),tfns,-13.000018119812012,2.260291012134985e-06,-11.125018119812012,1.4738947356818244e-05,-1.7881233361549675e-05,0.9999829530715942
2335,LiveXLive +23% on Samsung tie-up,2,positive,2,positive,positive,1,0,Finistral-7B-LoRA (Alpaca prompt),tfns,-13.12501335144043,1.9947094642702723e-06,-11.50001335144043,1.012997017824091e-05,-1.3112935448589269e-05,0.9999878406524658
2336,"Marriott Up Over 14%, on Pace for Largest Percent Increase Since December 2008 -- Data Tal...… https://t.co/WMIRbwXDRt",2,positive,2,positive,positive,1,0,Finistral-7B-LoRA (Alpaca prompt),tfns,-11.312589645385742,1.2218160009069834e-05,-9.500089645385742,7.484531670343131e-05,-8.928377064876258e-05,0.9999128580093384
2337,"Medtronic's stock surges after earnings rise above expectations, and outlook raised",2,positive,2,positive,positive,1,0,Finistral-7B-LoRA (Alpaca prompt),tfns,-13.875004768371582,9.422414564141945e-07,-12.625004768371582,3.2887458019104088e-06,-4.768360213347478e-06,0.9999957084655762
2338,National Oilwell Varco +10% after Q4 results,2,positive,2,positive,positive,1,0,Finistral-7B-LoRA (Alpaca prompt),tfns,-11.62505054473877,8.939337931224145e-06,-10.12505054473877,4.006332892458886e-05,-5.0424259825376794e-05,0.9999510049819946
2339,Nio Shares Continue Higher Despite Predictions Of Record Plunge In Chinese Auto Sales,2,positive,2,positive,positive,1,0,Finistral-7B-LoRA (Alpaca prompt),tfns,-8.375528335571289,0.00023043852706905454,-8.125528335571289,0.00029588895267806947,-0.0005287918029353023,0.9994737505912781
2340,One Medical parent 1Life Healthcare stock soars 38% in early debut trading https://t.co/dRNcVEH6ob,2,positive,2,positive,positive,1,0,Finistral-7B-LoRA (Alpaca prompt),tfns,-11.063849449157715,1.566876017022878e-05,-6.626349449157715,0.001325001590885222,-0.0013492538128048182,0.9986592531204224
2341,Qiagen shares surge as diagnostics group says open to takeover talks,2,positive,2,positive,positive,1,0,Finistral-7B-LoRA (Alpaca prompt),tfns,-13.000007629394531,2.260313976876205e-06,-12.312507629394531,4.495171197049785e-06,-7.390948667307384e-06,0.9999932050704956
2342,RealNetworks CEO Rob Glaser to invest into the Company; shares +12%,2,positive,2,positive,positive,1,0,Finistral-7B-LoRA (Alpaca prompt),tfns,-12.500018119812012,3.7265908758854493e-06,-11.250018119812012,1.300708026974462e-05,-1.7881233361549675e-05,0.9999833106994629
2343,Sanofi Q4 top-line up 7%; shares up 3% premarket,2,positive,2,positive,positive,1,0,Finistral-7B-LoRA (Alpaca prompt),tfns,-12.562529563903809,3.5007694805244682e-06,-10.625029563903809,2.4300155928358436e-05,-2.932505594799295e-05,0.9999722242355347
2344,ServiceNow stock up 4% on news it is joining the S&P 500,2,positive,2,positive,positive,1,0,Finistral-7B-LoRA (Alpaca prompt),tfns,-12.500015258789062,3.726596787601011e-06,-11.375015258789062,1.1478726264613215e-05,-1.5735502529423684e-05,0.999984860420227
2345,Shares of SoftBank-backed OneConnect rise 5% in U.S. market debut,2,positive,2,positive,positive,1,0,Finistral-7B-LoRA (Alpaca prompt),tfns,-11.812647819519043,7.410244052152848e-06,-8.875147819519043,0.00013982104428578168,-0.0001479277852922678,0.9998527765274048
2346,Splunk boosted on FCF potential; shares +3.4%,2,positive,2,positive,positive,1,0,Finistral-7B-LoRA (Alpaca prompt),tfns,-11.375033378601074,1.1478522537800018e-05,-10.750033378601074,2.1444702724693343e-05,-3.3378044463461265e-05,0.999967098236084
2347,Splunk sees its biggest surge in a year after reporting strong third-quarter sales. Bloomberg's Taylor Riggs… https://t.co/oAFf2pMKTX,2,positive,2,positive,positive,1,0,Finistral-7B-LoRA (Alpaca prompt),tfns,-12.625028610229492,3.288668949608109e-06,-10.625028610229492,2.4300159566337243e-05,-2.8967437174287625e-05,0.9999723434448242
2348,Starbucks climbs as Pershing reinvests with $720 million stake https://t.co/AZQ6aJrAQM,2,positive,2,positive,positive,1,0,Finistral-7B-LoRA (Alpaca prompt),tfns,-10.625121116638184,2.429790583846625e-05,-9.250121116638184,9.61000841925852e-05,-0.00012134769349358976,0.9998795986175537
2349,Stock Market Update: Amazon and Microsoft hit new highs,2,positive,2,positive,positive,1,0,Finistral-7B-LoRA (Alpaca prompt),tfns,-13.312625885009766,1.6534855831196182e-06,-9.000125885009766,0.00012339437671471387,-0.00012563870404846966,0.9998749494552612
2350,"Tesla Tops $900 in Parabolic Surge, Spurring Analyst Downgrade",2,positive,0,negative,negative,0,0,Finistral-7B-LoRA (Alpaca prompt),tfns,-0.05239350348711014,0.9490231275558472,-3.8023934364318848,0.02231888473033905,-3.5523934364318848,0.02865801565349102
2351,"Tesla's stock ticks up after Deutsche Bank lifts price target, which implies an 18% decline",2,positive,2,positive,positive,1,0,Finistral-7B-LoRA (Alpaca prompt),tfns,-11.125043869018555,1.4738574463990517e-05,-10.500043869018555,2.753528497123625e-05,-4.4225667807040736e-05,0.9999576807022095
2352,Transocean up 4% on new $91M contract,2,positive,2,positive,positive,1,0,Finistral-7B-LoRA (Alpaca prompt),tfns,-12.875024795532227,2.561227347541717e-06,-10.750024795532227,2.144489553757012e-05,-2.4914430468925275e-05,0.9999760389328003
2353,Trevena refiles U.S. application for IV oliceridine; shares up 6%,2,positive,2,positive,positive,1,0,Finistral-7B-LoRA (Alpaca prompt),tfns,-12.31252670288086,4.495084795053117e-06,-10.75002670288086,2.1444851881824434e-05,-2.706014311115723e-05,0.9999740123748779
2354,Unisys's stock soars 16% premarket after sale of U.S. Federal business for $1.2 bln,2,positive,2,positive,positive,1,0,Finistral-7B-LoRA (Alpaca prompt),tfns,-12.687509536743164,3.0894752853782848e-06,-12.000009536743164,6.144155122456141e-06,-9.775113539944869e-06,0.999990701675415
2355,Wayfair soared as much as 51% after the online home-goods retailer said first-quarter net revenue growth would at l… https://t.co/aGZUiKSDvu,2,positive,2,positive,positive,1,0,Finistral-7B-LoRA (Alpaca prompt),tfns,-10.500657081604004,2.751844840531703e-05,-7.375656604766846,0.0006263169343583286,-0.0006566275842487812,0.9993461966514587
2356,$SCANX: Today's biggest % gainers/losers https://t.co/DmtfA3iwPi,1,neutral,1,neutral,neutral,1,0,Finistral-7B-LoRA (Alpaca prompt),tfns,-12.437512397766113,3.96696805182728e-06,-1.2516897186287679e-05,0.9999915361404419,-12.312512397766113,4.49516346634482e-06
2357,"$SUMRX: Gapping up/down: ABB +4%, MCHP +3%, NVO +3%, HUM +2% and CMG +1.6% after earnings, RDS.A +2% and TOL +2%... https://t.co/P30bZdswdX",1,neutral,2,positive,positive,0,0,Finistral-7B-LoRA (Alpaca prompt),tfns,-8.217568397521973,0.0002698834578040987,-3.5300681591033936,0.029304319992661476,-0.03006811998784542,0.9704257845878601
2358,"$SUMRX: Gapping up/down: DOCU +10.5%, ULTA +9%, AOBC +7%, BIG +7%, CLDR +6.5% and CRWD +5% after earnings, TTD +5%.… https://t.co/a5vlQXPdji",1,neutral,2,positive,positive,0,0,Finistral-7B-LoRA (Alpaca prompt),tfns,-8.698729515075684,0.00016680009139236063,-4.511229515075684,0.010985110886394978,-0.011229527182877064,0.988848090171814
2359,Darling Ingredients and Vertex Energy among industrial gainers; DMC Global tops losers,1,neutral,1,neutral,neutral,1,0,Finistral-7B-LoRA (Alpaca prompt),tfns,-13.937504768371582,8.851567372403224e-07,-4.529942543740617e-06,0.999998927116394,-15.750004768371582,1.444978749987058e-07
2360,Dixie Group leads industrial gainers; Ballard Power Systems among the losers,1,neutral,1,neutral,neutral,1,0,Finistral-7B-LoRA (Alpaca prompt),tfns,-14.062503814697266,7.811482305442041e-07,-3.4570634852570947e-06,0.9999990463256836,-15.625003814697266,1.6373755329368578e-07
2361,Forescout shares halted for the news,1,neutral,1,neutral,neutral,1,0,Finistral-7B-LoRA (Alpaca prompt),tfns,-9.250231742858887,9.609056724002585e-05,-0.00023135847004596144,0.9997805953025818,-9.000231742858887,0.00012338272063061595
2362,Iconix Brand leads consumer gainers; Pitney Bowes leads the losers,1,neutral,1,neutral,neutral,1,0,Finistral-7B-LoRA (Alpaca prompt),tfns,-12.812508583068848,2.7264700293017086e-06,-8.821448318485636e-06,0.9999971389770508,-16.062509536743164,1.0571670827630442e-07
2363,Lithium Americas and Gulf Resources among Energy/Materials gainers; ION Geophysical and Contura Energy among losers,1,neutral,1,neutral,neutral,1,0,Finistral-7B-LoRA (Alpaca prompt),tfns,-14.75000286102295,3.92786148495361e-07,-2.9802276912960224e-06,0.9999995231628418,-16.937503814697266,4.40693881387233e-08
2364,Marvell Technology (MRVL) Gains As Market Dips: What You Should Know - Nasdaq,1,neutral,2,positive,positive,0,0,Finistral-7B-LoRA (Alpaca prompt),tfns,-5.628833293914795,0.0035927772987633944,-8.378833770751953,0.00022967855329625309,-0.003833447117358446,0.9961775541305542
2365,Peloton Interactive among consumer gainers; Pyxus International among losers,1,neutral,1,neutral,neutral,1,0,Finistral-7B-LoRA (Alpaca prompt),tfns,-14.000004768371582,8.315278137160931e-07,-5.125986263010418e-06,0.999998927116394,-15.437504768371582,1.9750517310512805e-07
2366,Sarepta Therapeutics leads healthcare gainers; OncoSec Medical among losers,1,neutral,1,neutral,neutral,1,0,Finistral-7B-LoRA (Alpaca prompt),tfns,-14.125006675720215,7.338207410612085e-07,-6.794906312279636e-06,0.999998927116394,-15.062506675720215,2.8736829449371726e-07
2367,Stabilis Energy and Yuma Energy among Energy/Materials gainers; Trilogy Metals  and Range Resources among losers,1,neutral,1,neutral,neutral,1,0,Finistral-7B-LoRA (Alpaca prompt),tfns,-13.875004768371582,9.422444691153942e-07,-4.410734163684538e-06,0.999998927116394,-16.250003814697266,8.764239112224459e-08
2368,"Stocks making the biggest moves midday: TD Ameritrade, Tiffany, Uber, Hasbro & more https://t.co/gJM9nLZlzL",1,neutral,1,neutral,neutral,1,0,Finistral-7B-LoRA (Alpaca prompt),tfns,-12.250028610229492,4.785014880326344e-06,-2.90866428258596e-05,0.9999785423278809,-11.000028610229492,1.670134224696085e-05
2369,"Stocks making the biggest moves premarket: Fitbit, Xerox, Ford, Five Below, TripAdvisor & more",1,neutral,1,neutral,neutral,1,0,Finistral-7B-LoRA (Alpaca prompt),tfns,-13.187515258789062,1.87386058314587e-06,-1.549708758830093e-05,0.9999902248382568,-11.750015258789062,7.889247171988245e-06
2370,"Stocks making the biggest moves premarket: Home Depot, Kohl's, Disney, Broadcom & more",1,neutral,1,neutral,neutral,1,0,Finistral-7B-LoRA (Alpaca prompt),tfns,-12.000082969665527,6.143768587207887e-06,-8.296622399939224e-05,0.9999277591705322,-9.625082969665527,6.605173257412389e-05
2371,"Stocks making the biggest moves premarket: TD Ameritrade, Charles Schwab, Tesla & more https://t.co/gvK766Jmmm",1,neutral,1,neutral,neutral,1,0,Finistral-7B-LoRA (Alpaca prompt),tfns,-10.812714576721191,2.014207530010026e-05,-0.00021443451987579465,0.9998003840446472,-8.625214576721191,0.00017952435882762074
2372,"TCO, NNVC, GPOR and JE among midday movers",1,neutral,1,neutral,neutral,1,0,Finistral-7B-LoRA (Alpaca prompt),tfns,-10.875060081481934,1.8924556570709683e-05,-5.9960475482512265e-05,0.9999498128890991,-10.375060081481934,3.120132168987766e-05
