index,sentence,gold_id,gold_label,pred_id,pred_label,raw_output,correct,unparseable,model,dataset,logprob_negative,score_negative,logprob_neutral,score_neutral,logprob_positive,score_positive
0,$ALLY - Ally Financial pulls outlook https://t.co/G9Zdi1boy5,0,negative,0,negative,negative,1,0,Finistral-7B-LoRA,tfns,-0.00045217780279926956,0.9996494054794312,-8.125452041625977,0.00029594096122309566,-9.812952041625977,5.4743570217397064e-05
1,"$DELL $HPE - Dell, HPE targets trimmed on compute headwinds https://t.co/YRUHZw7cYl",0,negative,0,negative,negative,1,0,Finistral-7B-LoRA,tfns,-3.45700973412022e-05,0.9999877214431763,-13.37503433227539,1.5534811836914741e-06,-11.43753433227539,1.0783295692817774e-05
2,$PRTY - Moody's turns negative on Party City https://t.co/MBD5TFGC4P,0,negative,0,negative,negative,1,0,Finistral-7B-LoRA,tfns,-4.410646579344757e-05,0.9999830722808838,-12.000043869018555,6.1441082834789995e-06,-11.437543869018555,1.0783245670609176e-05
3,$SAN: Deutsche Bank cuts to Hold,0,negative,0,negative,negative,1,0,Finistral-7B-LoRA,tfns,-9.179073458653875e-06,0.9999982118606567,-18.437509536743164,9.833196479291928e-09,-13.250009536743164,1.760343138812459e-06
4,$SITC: Compass Point cuts to Sell,0,negative,0,negative,negative,1,0,Finistral-7B-LoRA,tfns,-4.8993817472364753e-05,0.9999904632568359,-17.500049591064453,2.510975072311794e-08,-11.562548637390137,9.516251338936854e-06
5,$TAP - Barclays cools on Molson Coors https://t.co/FJFsZWJHuH,0,negative,0,negative,negative,1,0,Finistral-7B-LoRA,tfns,-4.815939246327616e-05,0.9999734163284302,-13.00004768371582,2.260269411635818e-06,-10.62504768371582,2.4300185032188892e-05
6,$TAP: Barclays cuts to Equal Weight,0,negative,0,negative,negative,1,0,Finistral-7B-LoRA,tfns,-7.986990567587782e-06,0.9999971389770508,-16.87500762939453,4.6911509343772195e-08,-12.750007629394531,2.9023121896898374e-06
7,"Analysts Eviscerate Musk's Cybertruck: ""0% Of Responses Felt It Will Be A Success"" https://t.co/2NTzeZea4G",0,negative,0,negative,negative,1,0,Finistral-7B-LoRA,tfns,-0.00046361665590666234,0.999786913394928,-9.812963485717773,5.475109719554894e-05,-8.750463485717773,0.00015842754510231316
8,Barclays assigns only a 20% chance that studies on a Gilead antiviral drug being done in China will succeed against… https://t.co/lIgDhy1Gli,0,negative,0,negative,negative,1,0,Finistral-7B-LoRA,tfns,-0.4756242632865906,0.6216641664505005,-0.9756242632865906,0.37705838680267334,-6.663124084472656,0.0012774935457855463
9,BTIG points to breakfast pressure for Dunkin' Brands,0,negative,0,negative,negative,1,0,Finistral-7B-LoRA,tfns,-4.768258077092469e-05,0.9999972581863403,-14.37504768371582,5.714991857530549e-07,-13.06254768371582,2.123377043972141e-06
10,"Children's Place downgraded to neutral from outperform at Wedbush, price target slashed to $60 from $130",0,negative,0,negative,negative,1,0,Finistral-7B-LoRA,tfns,-5.483612312673358e-06,0.9999992847442627,-15.562505722045898,1.742977531193901e-07,-14.375005722045898,5.71500379464851e-07
11,Clovis Oncology downgraded to in line from outperform at Evercore ISI,0,negative,0,negative,negative,1,0,Finistral-7B-LoRA,tfns,-8.4638240878121e-06,0.9999971389770508,-14.937508583068848,3.256303955367912e-07,-12.875008583068848,2.5612814624764724e-06
12,Downgrades 4/7: $AAN $BDN $BECN $BTE $CDEV $CHK $COOP $CPE $CVA $DAN $DOC $DRH $EPR $ESRT $ETM $FAST $FBM $GM $GMS… https://t.co/CMXD50oQxI,0,negative,0,negative,negative,1,0,Finistral-7B-LoRA,tfns,-2.002696055569686e-05,0.9999973773956299,-15.125020027160645,2.6995712687494233e-07,-12.937520027160645,2.406101657470572e-06
13,Goldman pulls Progressive from Goldman's conviction list; shares -2.7%,0,negative,0,negative,negative,1,0,Finistral-7B-LoRA,tfns,-8.34461570775602e-06,0.9999971389770508,-18.50000762939453,9.237423270747058e-09,-12.750008583068848,2.9023121896898374e-06
14,Hanesbrands downgraded to underperform vs. neutral at BofA Merrill Lynch,0,negative,0,negative,negative,1,0,Finistral-7B-LoRA,tfns,-5.960446742392378e-06,0.9999984502792358,-18.3125057220459,1.1142473610448178e-08,-13.375005722045898,1.5534978956566192e-06
15,Intelsat cut to Market Perform at Raymond James,0,negative,0,negative,negative,1,0,Finistral-7B-LoRA,tfns,-8.821448318485636e-06,0.999997615814209,-16.062509536743164,1.0571676511972328e-07,-13.000008583068848,2.2603239813179243e-06
16,LendingTree price target cut to $350 from $400 at SunTrust Robinson Humphrey,0,negative,0,negative,negative,1,0,Finistral-7B-LoRA,tfns,-4.0531076592742465e-06,0.9999990463256836,-17.500003814697266,2.5109967438652347e-08,-13.875003814697266,9.422445828022319e-07
17,Mizuho cuts XLNX target on near-term headwinds,0,negative,0,negative,negative,1,0,Finistral-7B-LoRA,tfns,-6.437280717364047e-06,0.9999995231628418,-19.6250057220459,2.9989595251578294e-09,-14.625006675720215,4.450850212833757e-07
18,MPLX cut at Credit Suisse on potential dilution from Marathon strategic review,0,negative,0,negative,negative,1,0,Finistral-7B-LoRA,tfns,-1.728519782773219e-05,0.9999972581863403,-16.750017166137695,5.315770934544162e-08,-12.812517166137695,2.726470256675384e-06
19,Netflix downgraded to underperform at Wells Fargo,0,negative,0,negative,negative,1,0,Finistral-7B-LoRA,tfns,-6.437280717364047e-06,0.9999988079071045,-18.1250057220459,1.3440393686892094e-08,-13.625006675720215,1.2098656725356705e-06
20,NortonLifeLock stock price target cut to $18 from $25 at Deutsche Bank,0,negative,0,negative,negative,1,0,Finistral-7B-LoRA,tfns,-7.629365427419543e-06,0.9999994039535522,-18.37500762939453,1.0467395838986704e-08,-14.375007629394531,5.715004363082699e-07
21,Norwegian Cruise stock price target cut to $48 from $55 at CFRA,0,negative,0,negative,negative,1,0,Finistral-7B-LoRA,tfns,-8.4638240878121e-06,0.999998927116394,-16.37500762939453,7.734413287607822e-08,-13.875008583068848,9.422444691153942e-07
22,Novus Therapeutics stock price target cut to $2.50 from $3.75 at Ascendiant Capital,0,negative,0,negative,negative,1,0,Finistral-7B-LoRA,tfns,-6.318072337307967e-06,0.9999988079071045,-17.7500057220459,1.9555658425929323e-08,-13.625006675720215,1.2098656725356705e-06
23,Nutrien stock price target cut to $54 vs. $55 at BofA Merrill Lynch,0,negative,0,negative,negative,1,0,Finistral-7B-LoRA,tfns,-7.748573807475623e-06,0.9999985694885254,-17.12500762939453,3.6534768099727444e-08,-13.500007629394531,1.370957193103095e-06
24,Okta -2% on valuation downgrade,0,negative,0,negative,negative,1,0,Finistral-7B-LoRA,tfns,-7.033323527139146e-06,0.9999995231628418,-20.68750762939453,1.036412733412817e-09,-14.625006675720215,4.450850212833757e-07
25,Solarworlds stock price target cut to $23 vs. $24 at Instinet,0,negative,0,negative,negative,1,0,Finistral-7B-LoRA,tfns,-5.8412379075889476e-06,0.9999991655349731,-17.5625057220459,2.3588635045257433e-08,-13.937505722045898,8.851569646139978e-07
26,Trendforce cuts iPhone estimate after Foxconn delay,0,negative,0,negative,negative,1,0,Finistral-7B-LoRA,tfns,-1.2874520507466514e-05,0.9999997615814209,-19.06251335144043,5.263339097894004e-09,-15.062512397766113,2.8736855028910213e-07
27,"Wayfair price target lowered to $110 from $120 at Stifel, buy rating maintained",0,negative,0,negative,negative,1,0,Finistral-7B-LoRA,tfns,-0.0005945583689026535,0.9994606375694275,-9.125594139099121,0.00010885003575822338,-7.750594615936279,0.0004305102047510445
28,WWE stock price target cut to $58 from $92 at MKM Partners,0,negative,0,negative,negative,1,0,Finistral-7B-LoRA,tfns,-1.3232143828645349e-05,0.9999996423721313,-17.81251335144043,1.8370855059401947e-08,-15.00001335144043,3.0590220490012143e-07
29,"$ABEO as expected, keeps going higher. Cantor doubled its price target this morning to $4",2,positive,2,positive,positive,1,0,Finistral-7B-LoRA,tfns,-17.250001907348633,3.224186784223093e-08,-21.875001907348633,3.16088155649652e-10,-1.4305104514278355e-06,1.0
30,$CACI - CACI gains a bull on growth acceleration https://t.co/VSXcxKpgly,2,positive,2,positive,positive,1,0,Finistral-7B-LoRA,tfns,-14.562507629394531,4.7379049306073284e-07,-16.00000762939453,1.1253511189579513e-07,-8.106198947643861e-06,0.9999994039535522
31,$CNHI - CNH Industrial upped to Buy at Deutsche Bank on valuation https://t.co/w8VWmkTwAb,2,positive,2,positive,positive,1,0,Finistral-7B-LoRA,tfns,-12.56251335144043,3.5008538361580577e-06,-15.06251335144043,2.8736755552927207e-07,-1.2993727978027891e-05,0.9999963045120239
32,"$DVN $HES $VET - Devon Energy, Hess upgraded at J.P. Morgan on improved E&P outlook https://t.co/ULkUan1Vkq",2,positive,2,positive,positive,1,0,Finistral-7B-LoRA,tfns,-13.937508583068848,8.851568509271601e-07,-16.37500762939453,7.734414708693294e-08,-8.34461570775602e-06,0.9999990463256836
33,$ENR - Energizer shakes off JPMorgan's bear call https://t.co/w83qnp2ni5,2,positive,2,positive,positive,1,0,Finistral-7B-LoRA,tfns,-12.31251049041748,4.495179382502101e-06,-14.62501049041748,4.450830033420061e-07,-1.07287787614041e-05,0.9999949932098389
34,$GOOS - Baird bullish on beat-up Canada Goose https://t.co/lMwTKDcG5R,2,positive,2,positive,positive,1,0,Finistral-7B-LoRA,tfns,-14.625008583068848,4.4508490759653796e-07,-15.437508583068848,1.9750524415940163e-07,-8.22540732769994e-06,0.9999992847442627
35,$NKE - BMO Capital joins Nike bull camp https://t.co/diInCmHUi5,2,positive,2,positive,positive,1,0,Finistral-7B-LoRA,tfns,-13.625069618225098,1.2098651041014818e-06,-14.562569618225098,4.737899814699631e-07,-6.985420623095706e-05,0.9999983310699463
36,"$OIH $BKR $NOV - Buy oil service firms, Bernstein says after seven-year bearish view https://t.co/FFUM7WlJIZ",2,positive,2,positive,positive,1,0,Finistral-7B-LoRA,tfns,-12.500017166137695,3.726638851730968e-06,-16.187517166137695,9.329458094953225e-08,-1.7404405298293568e-05,0.9999961853027344
37,$SMPQY $HSIC $XRAY - Goldman ups view on Henry Schein in premarket analyst action https://t.co/ZjKejttior,2,positive,2,positive,positive,1,0,Finistral-7B-LoRA,tfns,-13.875004768371582,9.422445828022319e-07,-16.937503814697266,4.4069366822441225e-08,-4.6491513785440475e-06,0.9999990463256836
38,$STML: Alliance Global Partners starts at Buy https://t.co/MCyfTsXc2N,2,positive,2,positive,positive,1,0,Finistral-7B-LoRA,tfns,-12.937532424926758,2.406099156360142e-06,-13.562532424926758,1.2878921324954717e-06,-3.290122185717337e-05,0.9999963045120239
39,$URBN - Urban Outfitters stands out in mall sector - BofA https://t.co/pvig3M420p,2,positive,2,positive,positive,1,0,Finistral-7B-LoRA,tfns,-13.687544822692871,1.1365627869963646e-06,-14.000044822692871,8.31527017908229e-07,-4.482168878894299e-05,0.9999979734420776
40,$ZYME: H.C. Wainwright starts at Buy,2,positive,2,positive,positive,1,0,Finistral-7B-LoRA,tfns,-13.312519073486328,1.6536891962459777e-06,-15.500019073486328,1.8553879499449977e-07,-1.9192511899746023e-05,0.9999980926513672
41,Adobe price target raised to $350 vs. $320 at Canaccord,2,positive,2,positive,positive,1,0,Finistral-7B-LoRA,tfns,-14.375004768371582,5.715004363082699e-07,-17.0000057220459,4.139935327884814e-08,-5.006777428206988e-06,0.9999994039535522
42,AM Best Revises Outlooks to Positive for Pacífico Compañía de Seguros y Reaseguros S.A. https://t.co/BGvmfeHKod https://t.co/gvtIQzMVbf,2,positive,2,positive,positive,1,0,Finistral-7B-LoRA,tfns,-11.937600135803223,6.53994720778428e-06,-9.500100135803223,7.484573870897293e-05,-0.00010048838157672435,0.9999185800552368
43,AMD +1.3% after Cowen's target lift,2,positive,2,positive,positive,1,0,Finistral-7B-LoRA,tfns,-15.37500286102295,2.1024332852448424e-07,-19.437501907348633,3.6174363504670737e-09,-2.622600959512056e-06,0.9999997615814209
44,"Applied Materials, Inc. Reported Earnings Last Week And Analysts Are Already Upgrading Their Estimates",2,positive,2,positive,positive,1,0,Finistral-7B-LoRA,tfns,-14.625016212463379,4.4508490759653796e-07,-15.437516212463379,1.9750524415940163e-07,-1.585470999998506e-05,0.9999992847442627
45,"Arch Coal rated Buy at Benchmark, seeing opportunity after selloff",2,positive,2,positive,positive,1,0,Finistral-7B-LoRA,tfns,-12.375041961669922,4.2228330130456015e-06,-16.000041961669922,1.1253469267558103e-07,-4.172238186583854e-05,0.9999957084655762
46,Autodesk stock price target raised to $162 from $149 at Wedbush,2,positive,2,positive,positive,1,0,Finistral-7B-LoRA,tfns,-14.437504768371582,5.368748929868161e-07,-16.3750057220459,7.734416129778765e-08,-5.245195097813848e-06,0.9999992847442627
47,Avnet stock price target raised to $37 vs. $35 at SunTrust Robinson Humphrey,2,positive,2,positive,positive,1,0,Finistral-7B-LoRA,tfns,-14.25000286102295,6.475947884609923e-07,-16.250003814697266,8.764241954395402e-08,-2.9802276912960224e-06,0.9999992847442627
48,Boeing started at buy with $375 stock price target at Benchmark,2,positive,2,positive,positive,1,0,Finistral-7B-LoRA,tfns,-12.812560081481934,2.7264663913229015e-06,-13.437560081481934,1.4593722426070599e-06,-5.972207145532593e-05,0.9999958276748657
49,BofA sees 'solid demand backdrop' for D.R. Horton in 2020,2,positive,2,positive,positive,1,0,Finistral-7B-LoRA,tfns,-14.50002384185791,5.043474402555148e-07,-17.125022888183594,3.653480362686423e-08,-2.372236667724792e-05,0.9999995231628418
50,Broadcom stock price target raised to $361 vs. $322 at SunTrust Robinson Humphrey,2,positive,2,positive,positive,1,0,Finistral-7B-LoRA,tfns,-14.437504768371582,5.368748929868161e-07,-15.687504768371582,1.5381723983409756e-07,-4.887569048150908e-06,0.9999992847442627
51,Cantor sees 19% upside in J&J in premarket analyst action,2,positive,2,positive,positive,1,0,Finistral-7B-LoRA,tfns,-14.125003814697266,7.338210252783028e-07,-17.062503814697266,3.889108768362348e-08,-3.4570634852570947e-06,0.9999992847442627
52,Champions Oncology started at speculative buy with $11 stock price target at Benchmark,2,positive,2,positive,positive,1,0,Finistral-7B-LoRA,tfns,-13.062564849853516,2.123375452356413e-06,-13.437564849853516,1.4593731521017617e-06,-6.496695277746767e-05,0.9999964237213135
53,Citi raises Alphabet on margin potential,2,positive,2,positive,positive,1,0,Finistral-7B-LoRA,tfns,-14.687507629394531,4.181186454843555e-07,-16.50000762939453,6.825599285775752e-08,-7.986990567587782e-06,0.9999994039535522
54,Citigroup stock price target raised to $127 from $124 at Oppenheimer,2,positive,2,positive,positive,1,0,Finistral-7B-LoRA,tfns,-13.187505722045898,1.8738753624347737e-06,-16.6875057220459,5.658613488890296e-08,-5.483612312673358e-06,0.9999980926513672
55,"ETF assets to surge tenfold in 10 years to $50 trillion, Bank of America predicts",2,positive,2,positive,positive,1,0,Finistral-7B-LoRA,tfns,-14.937548637390137,3.256305092236289e-07,-13.062548637390137,2.1233777260931674e-06,-4.851700214203447e-05,0.9999974966049194
56,GE upgraded from Sell by longtime bear,2,positive,2,positive,positive,1,0,Finistral-7B-LoRA,tfns,-12.312511444091797,4.495180746744154e-06,-15.750011444091797,1.4449736340793606e-07,-1.1086402082582936e-05,0.9999953508377075
57,Goldman Sachs stock price target raised to $367 from $358 at Oppenheimer,2,positive,2,positive,positive,1,0,Finistral-7B-LoRA,tfns,-14.000004768371582,8.315279274029308e-07,-16.500003814697266,6.825597154147545e-08,-4.529942543740617e-06,0.9999990463256836
58,GrubHub stock price target raised to $50 from $40 at Stifel Nicolaus,2,positive,2,positive,positive,1,0,Finistral-7B-LoRA,tfns,-14.562504768371582,4.737905499041517e-07,-16.875003814697266,4.691162303060992e-08,-4.529942543740617e-06,0.9999995231628418
59,Halliburton started at buy with $26 stock price target at Deutsche Bank,2,positive,2,positive,positive,1,0,Finistral-7B-LoRA,tfns,-13.312556266784668,1.6536888551854645e-06,-14.562556266784668,4.7378975409628765e-07,-5.590759246842936e-05,0.9999978542327881
60,Helen of Troy started at outperform with $210 stock price target at Oppenheimer,2,positive,2,positive,positive,1,0,Finistral-7B-LoRA,tfns,-13.312521934509277,1.653688627811789e-06,-14.250021934509277,6.475937652794528e-07,-2.1934269170742482e-05,0.9999977350234985
61,Highlight: Edward Jones Sr. Equity Analyst Jennifer Roland on ExxonMobil reducing 2020 Capex by 30%: “Definitely a… https://t.co/dH0xlJujc1,2,positive,0,negative,negative,0,0,Finistral-7B-LoRA,tfns,-0.0014730566181242466,0.9989463686943054,-6.8764729499816895,0.001032208907417953,-10.751473426818848,2.1422813006211072e-05
62,Humana stock price target raised to $370 from $350 at SunTrust RH,2,positive,2,positive,positive,1,0,Finistral-7B-LoRA,tfns,-14.437507629394531,5.368748929868161e-07,-16.12500762939453,9.931187605616287e-08,-7.510157047363464e-06,0.9999992847442627
63,JMP Securities upgrades snap to outperform with $20 pt,2,positive,2,positive,positive,1,0,Finistral-7B-LoRA,tfns,-14.37502670288086,5.715001520911756e-07,-14.62502670288086,4.450847370662814e-07,-2.634490556374658e-05,0.999998927116394
64,Liberty Global PLC maintained as buy with $32 price target at Benchmark,2,positive,2,positive,positive,1,0,Finistral-7B-LoRA,tfns,-11.687700271606445,8.397867532039527e-06,-10.625200271606445,2.4300037694047205e-05,-0.00020013237372040749,0.9999673366546631
65,Lululemon Athletica price target raised to $255 from $220 at CFRA,2,positive,2,positive,positive,1,0,Finistral-7B-LoRA,tfns,-15.562503814697266,1.7429786680622783e-07,-17.437503814697266,2.6729443547424125e-08,-4.172316494077677e-06,0.9999998807907104
66,Lumentum initiated as positive at Susquehanna,2,positive,2,positive,positive,1,0,Finistral-7B-LoRA,tfns,-12.000025749206543,6.14417012911872e-06,-14.125025749206543,7.33816477804794e-07,-2.6225699912174605e-05,0.999993085861206
67,Markel Corporation Beat Analyst Estimates: See What The Consensus Is Forecasting For Next Year,2,positive,2,positive,positive,1,0,Finistral-7B-LoRA,tfns,-12.687553405761719,3.0894648261892144e-06,-11.562553405761719,9.516222235106397e-06,-5.352353764465079e-05,0.9999873638153076
68,"Mednax upgraded to buy from hold at Stifel, price target raised to $33 from $25",2,positive,2,positive,positive,1,0,Finistral-7B-LoRA,tfns,-12.375036239624023,4.222825737087987e-06,-13.187536239624023,1.873867518042971e-06,-3.671578815556131e-05,0.9999939203262329
69,"Model N upgraded to overweight from neutral at JPMorgan, price target raised to $36 from $30",2,positive,2,positive,positive,1,0,Finistral-7B-LoRA,tfns,-13.56251335144043,1.287894860979577e-06,-15.50001335144043,1.8553886604877334e-07,-1.3470558769768104e-05,0.9999984502792358
70,Morgan Stanley sees GM doubling in bull case scenario,2,positive,2,positive,positive,1,0,Finistral-7B-LoRA,tfns,-16.6250057220459,6.023573462243803e-08,-18.2500057220459,1.1861118309752783e-08,-5.483612312673358e-06,0.9999998807907104
71,Motorola Solutions stock fair value estimate raised to $192 from $167 at MKM Partners,2,positive,2,positive,positive,1,0,Finistral-7B-LoRA,tfns,-14.500012397766113,5.04347383412096e-07,-16.00001335144043,1.1253511189579513e-07,-1.2874520507466514e-05,0.9999994039535522
72,New for subscribers:  Analysts continue to upgrade stocks like Tesla and eBay on hopes the rebound is for real… https://t.co/Mku8heEOR2,2,positive,2,positive,positive,1,0,Finistral-7B-LoRA,tfns,-14.687533378601074,4.181186454843555e-07,-16.125032424926758,9.931189026701759e-08,-3.3378044463461265e-05,0.9999994039535522
73,Omnicell stock price target raised to $96 vs. $90 at Benchmark,2,positive,2,positive,positive,1,0,Finistral-7B-LoRA,tfns,-14.312507629394531,6.083589596528327e-07,-15.812507629394531,1.3574323531884147e-07,-7.748573807475623e-06,0.9999992847442627
74,Peloton bulls defend the upside case,2,positive,2,positive,positive,1,0,Finistral-7B-LoRA,tfns,-13.500056266784668,1.3709560562347178e-06,-14.062556266784668,7.811472073626646e-07,-5.674201020156033e-05,0.9999977350234985
75,Piper Jaffray analyst Erinn Murphy reiterated an Overweight rating and $44.00 price target on Crocs (NASDAQ: $CROX)… https://t.co/iVlcTMWm1r,2,positive,2,positive,positive,1,0,Finistral-7B-LoRA,tfns,-11.500048637390137,1.0129858310392592e-05,-11.250048637390137,1.3006996596232057e-05,-4.875540980719961e-05,0.9999768733978271
76,Progyny started at overweight with $26 stock price target at J.P. Morgan,2,positive,2,positive,positive,1,0,Finistral-7B-LoRA,tfns,-2.7111363410949707,0.06654376536607742,-4.211136341094971,0.014847920276224613,-0.08613638579845428,0.9186083078384399
77,Snap Analyst Projects 37% Revenue Growth In 2020,2,positive,2,positive,positive,1,0,Finistral-7B-LoRA,tfns,-16.68752098083496,5.658622725945861e-08,-15.375020980834961,2.1024332852448424e-07,-2.062299427052494e-05,0.9999997615814209
78,Spirit Airlines stock price target raised to $55 from $49 at Deutsche Bank,2,positive,2,positive,positive,1,0,Finistral-7B-LoRA,tfns,-14.750008583068848,3.9278620533877984e-07,-17.187509536743164,3.432127826386022e-08,-8.702239938429557e-06,0.9999996423721313
79,State Street stock price target raised to $84 from $73 at Buckingham,2,positive,2,positive,positive,1,0,Finistral-7B-LoRA,tfns,-14.187505722045898,6.893610020597407e-07,-16.6875057220459,5.658620239046286e-08,-5.722029527532868e-06,0.9999992847442627
80,Stock Market Update: AMD's price target raised to $47 at Cowen,2,positive,2,positive,positive,1,0,Finistral-7B-LoRA,tfns,-15.500006675720215,1.855391076333035e-07,-17.9375057220459,1.6212224451805923e-08,-6.556489552167477e-06,0.9999997615814209
81,Synaptics stock price target raised to $76 from $60 at Susquehanna,2,positive,2,positive,positive,1,0,Finistral-7B-LoRA,tfns,-14.875003814697266,3.466325892986788e-07,-16.437503814697266,7.265813195544979e-08,-4.0531076592742465e-06,0.9999995231628418
82,TechnipFMC started at buy with $33 stock price target at Deutsche Bank,2,positive,2,positive,positive,1,0,Finistral-7B-LoRA,tfns,-13.000064849853516,2.2603230718232226e-06,-14.312564849853516,6.083576522541989e-07,-6.508615479106084e-05,0.9999971389770508
83,Tesla stock price target raised to $290 from $260 at Deutsche Bank,2,positive,2,positive,positive,1,0,Finistral-7B-LoRA,tfns,-14.87500286102295,3.4663264614209766e-07,-18.375001907348633,1.0467398503521963e-08,-2.861018856492592e-06,0.9999996423721313
84,TJX stock price target raised to $70 from $62 at MKM Partners,2,positive,2,positive,positive,1,0,Finistral-7B-LoRA,tfns,-14.250004768371582,6.475948453044111e-07,-17.2500057220459,3.224185007866254e-08,-5.245195097813848e-06,0.9999994039535522
85,Twitter upgraded to positive from neutral at Susquehanna,2,positive,2,positive,positive,1,0,Finistral-7B-LoRA,tfns,-13.750025749206543,1.0677027830752195e-06,-15.625025749206543,1.6373751066112163e-07,-2.5987286790041253e-05,0.9999988079071045
86,Uber stock price target raised to $42 from $31 at Susquehanna,2,positive,2,positive,positive,1,0,Finistral-7B-LoRA,tfns,-15.187503814697266,2.536018826049258e-07,-18.062503814697266,1.4307238060951022e-08,-4.172316494077677e-06,0.9999997615814209
87,Uber stock price target raised to $48 from $46 at HSBC Global,2,positive,2,positive,positive,1,0,Finistral-7B-LoRA,tfns,-15.18750286102295,2.536018826049258e-07,-18.250003814697266,1.1861117421574363e-08,-2.9802276912960224e-06,0.9999997615814209
88,"UBS Upgrades Hasbro As Stock Price Bakes In Tariffs, Slow Holiday",2,positive,2,positive,positive,1,0,Finistral-7B-LoRA,tfns,-7.500606536865234,0.0005527643370442092,-10.563106536865234,2.585313268355094e-05,-0.0006065912893973291,0.9994213581085205
89,UnitedHealth stock price target raised to $335 from $310 at SunTrust RH,2,positive,2,positive,positive,1,0,Finistral-7B-LoRA,tfns,-14.62501049041748,4.450849644399568e-07,-16.250009536743164,8.764243375480874e-08,-1.0251946150674485e-05,0.9999994039535522
90,Vertex Pharmaceuticals stock price target raised to $245 from $235 at BofA Merrill Lynch,2,positive,2,positive,positive,1,0,Finistral-7B-LoRA,tfns,-13.437504768371582,1.4593763353332179e-06,-16.750003814697266,5.315778039971519e-08,-4.529942543740617e-06,0.9999985694885254
91,Xilinx stock price target raised to $97 vs. $94 at SunTrust Robinson Humphrey,2,positive,2,positive,positive,1,0,Finistral-7B-LoRA,tfns,-14.187503814697266,6.893609452163219e-07,-16.250003814697266,8.764241243852666e-08,-3.4570634852570947e-06,0.9999991655349731
92,AM Best Revises Outlooks to Stable for Sublimity Insurance Company https://t.co/WPcVIMko76 https://t.co/glnxmA3iIv,1,neutral,2,positive,positive,0,0,Finistral-7B-LoRA,tfns,-8.458999633789062,0.00021214211301412433,-3.8964993953704834,0.020328039303421974,-0.021499432623386383,0.979459822177887
93,Analyst: Amazon Blocking FedEx Ground Good News For UPS,1,neutral,2,positive,positive,0,0,Finistral-7B-LoRA,tfns,-10.250103950500488,3.53555369656533e-05,-10.812603950500488,2.014497840718832e-05,-0.00010430268594063818,0.9999444484710693
94,Analysts Expect Breakeven For China Online Education Group (NYSE:COE),1,neutral,2,positive,positive,0,0,Finistral-7B-LoRA,tfns,-15.375006675720215,2.102432858919201e-07,-15.500006675720215,1.8553906500073936e-07,-6.794906312279636e-06,0.9999995231628418
95,"Crown Holdings, Inc. Full-Year Results: Here's What Analysts Are Forecasting For Next Year",1,neutral,1,neutral,neutral,1,0,Finistral-7B-LoRA,tfns,-8.56348991394043,0.00019101673387922347,-0.0009897815762087703,0.9993507266044617,-7.68848991394043,0.00045822534593753517
96,Here are the best analyst calls of the week on Wall Street including Disney and a satellite play https://t.co/u9r1QPQli5,1,neutral,2,positive,positive,0,0,Finistral-7B-LoRA,tfns,-9.828022956848145,5.400319423642941e-05,-1.7030234336853027,0.1824156641960144,-0.20302338898181915,0.8175302743911743
97,Little impact on Netflix from Disney Plus launch - Credit Suisse,1,neutral,1,neutral,neutral,1,0,Finistral-7B-LoRA,tfns,-6.1417694091796875,0.002152085769921541,-0.01676963083446026,0.983814537525177,-4.2667694091796875,0.014033360406756401
98,Mitek bull calls pullback 'an overreaction',1,neutral,2,positive,positive,0,0,Finistral-7B-LoRA,tfns,-10.376126289367676,3.117977030342445e-05,-7.251126289367676,0.0007096483022905886,-0.0011264891363680363,0.9992591738700867
99,Peabody Energy started at hold at Benchmark,1,neutral,1,neutral,neutral,1,0,Finistral-7B-LoRA,tfns,-8.689286231994629,0.000168517159181647,-0.001785947591997683,0.9990274906158447,-7.126785755157471,0.0008039504173211753
100,"Skechers U.S.A., Inc. Annual Results: Here's What Analysts Are Forecasting For Next Year",1,neutral,1,neutral,neutral,1,0,Finistral-7B-LoRA,tfns,-9.188057899475098,0.00010226554877590388,-0.0005575056420639157,0.9995624423027039,-8.000557899475098,0.0003353158535901457
101,T. Boone Pickens' BP Capital Adds 3 Energy Stocks to Portfolio,1,neutral,2,positive,positive,0,0,Finistral-7B-LoRA,tfns,-13.125203132629395,1.994691956497263e-06,-10.875203132629395,1.892510954348836e-05,-0.0002029928145930171,0.9999790191650391
102,"Tenable Holdings, Inc. Just Released Its Third-Quarter And Analysts Have Been Updating Their Estimates",1,neutral,1,neutral,neutral,1,0,Finistral-7B-LoRA,tfns,-6.772764205932617,0.001145758549682796,-0.022764425724744797,0.9785451889038086,-3.8977644443511963,0.02030905708670616
103,"Top Analyst Upgrades and Downgrades: Cardinal Health, Domino’s, FedEx, Ford, GE, Grubhub, HSBC, Marvell, Twitter, Uber and More",1,neutral,1,neutral,neutral,1,0,Finistral-7B-LoRA,tfns,-11.750328063964844,7.887657375249546e-06,-0.00032824851223267615,0.9997887015342712,-8.500328063964844,0.0002034253702731803
104,"Tyson Foods, Inc. First-Quarter Results Just Came Out: Here's What Analysts Are Forecasting For Next Year",1,neutral,1,neutral,neutral,1,0,Finistral-7B-LoRA,tfns,-5.384729862213135,0.004589697811752558,-0.009730054996907711,0.9910987019538879,-5.447229862213135,0.004311622120440006
105,Wayfair initiated as hold with $95 price target at SunTrust Robinson Humphrey,1,neutral,1,neutral,neutral,1,0,Finistral-7B-LoRA,tfns,-5.258806228637695,0.0052191331051290035,-0.008806319907307625,0.9945907592773438,-8.571306228637695,0.00019010690448340029
106,"Central bank 'collateral damage' is skewing financial markets, one economist says https://t.co/sshC7mEqzk",0,negative,0,negative,negative,1,0,Finistral-7B-LoRA,tfns,-0.002627256326377392,0.9976188540458679,-6.065127372741699,0.002323027467355132,-9.7526273727417,5.815585609525442e-05
107,China central bank warns high financial risks amid rising economic headwinds - Reuters https://t.co/p26nFHoGg5,0,negative,0,negative,negative,1,0,Finistral-7B-LoRA,tfns,-3.814624506048858e-05,0.9999988079071045,-14.812538146972656,3.689881964419328e-07,-14.062538146972656,7.811480600139475e-07
108,ECB data show eurozone banks had weak profits before coronavirus https://t.co/QI7pbqPGkG,0,negative,0,negative,negative,1,0,Finistral-7B-LoRA,tfns,-4.2437604861333966e-05,0.9999963045120239,-13.687541961669922,1.1365608543201233e-06,-12.875041961669922,2.561279188739718e-06
109,Fed's Williams says U.S. economy is clearly facing several challenges,0,negative,0,negative,negative,1,0,Finistral-7B-LoRA,tfns,-2.3603161025675945e-05,0.9999934434890747,-12.00002384185791,6.144171948108124e-06,-14.75002384185791,3.927837610717688e-07
110,"Former Federal Reserve Chairman Ben Bernanke says he doesn't see a quick, sharp rebound in the economy after its pr… https://t.co/pu15VlJ4IO",0,negative,0,negative,negative,1,0,Finistral-7B-LoRA,tfns,-4.160317621426657e-05,0.9999842643737793,-11.562541961669922,9.516192221781239e-06,-12.000041961669922,6.144115559436614e-06
111,Jerome Powell comes close to acknowledging that the Federal Reserve may not have the firepower to fight the next re… https://t.co/UD2rqlD6SD,0,negative,0,negative,negative,1,0,Finistral-7B-LoRA,tfns,-0.0181182362139225,0.9849703311920166,-4.205618381500244,0.014955983497202396,-9.518117904663086,7.372683467110619e-05
112,"No, The Fed Won't ""Save The Market"" - Here's Why  https://t.co/Ibq99qWSFz",0,negative,1,neutral,neutral,0,0,Finistral-7B-LoRA,tfns,-4.511954307556152,0.010986736975610256,-0.01195409707725048,0.9889945387840271,-10.886954307556152,1.8717222701525316e-05
113,"""There is every reason to believe that the economic rebound, when it comes, can be robust,"" Fed Chair Jerome Powell… https://t.co/Ovi6BRM3TK",2,positive,2,positive,positive,1,0,Finistral-7B-LoRA,tfns,-14.625011444091797,4.450848507531191e-07,-14.812511444091797,3.6898831012877054e-07,-1.1086402082582936e-05,0.9999991655349731
114,$ECONX: Federal Reserve announces extensive new measures to support the economy https://t.co/Gf6CfThO7r,1,neutral,1,neutral,neutral,1,0,Finistral-7B-LoRA,tfns,-8.526819229125977,0.00019814759434666485,-0.026818765327334404,0.9738495945930481,-3.6518187522888184,0.025952212512493134
115,Commercial and industrial loans at all commercial banks climb by $105.8 billion to $2.845 trillion in the week endi… https://t.co/jTTkUE4l0L,1,neutral,1,neutral,neutral,1,0,Finistral-7B-LoRA,tfns,-9.750476837158203,5.827045606565662e-05,-0.0004772001120727509,0.9995847344398499,-7.937977313995361,0.00035694980761036277
116,Fed surprises market with program to support corporate bonds amid coronavirus pandemic https://t.co/NLeJwjmyXw,1,neutral,1,neutral,neutral,1,0,Finistral-7B-LoRA,tfns,-8.391952514648438,0.00022684103169012815,-0.01695236936211586,0.9838703870773315,-4.1419525146484375,0.01590278372168541
117,"Highlight: The Fed has launched an unprecedented round of asset purchases. ""The idea here is the Federal Reserve is… https://t.co/9J31vhPbUG",1,neutral,1,neutral,neutral,1,0,Finistral-7B-LoRA,tfns,-8.602622985839844,0.00018397228268440813,-0.04012293741106987,0.9624959826469421,-3.2901229858398438,0.03732002153992653
118,The World Bank plans to lend Uganda $1.9 billion to help finance the East African nation's budget deficit https://t.co/Yxiz7BduSw,1,neutral,1,neutral,neutral,1,0,Finistral-7B-LoRA,tfns,-6.391574859619141,0.0016780567821115255,-0.5790749192237854,0.5612331628799438,-0.8290749192237854,0.43708881735801697
119,"""We encourage families to explore virtual #financialliteracy resources. The Federal Reserve Bank of Richmond create… https://t.co/heJwnQ4RoN",1,neutral,1,neutral,neutral,1,0,Finistral-7B-LoRA,tfns,-16.750009536743164,5.315767737101851e-08,-8.940656698541716e-06,0.9999966621398926,-12.625008583068848,3.288748985141865e-06
120,Africa-Europe Alliance: Denmark provides 10 million for sustainable development under the EU External Investment P… https://t.co/fdp58lt4xu,1,neutral,1,neutral,neutral,1,0,Finistral-7B-LoRA,tfns,-13.564083099365234,1.2859618436777964e-06,-0.0015833948273211718,0.998497486114502,-6.501583576202393,0.0015011802315711975
121,Bank agencies announced they'll temporarily lower the community bank leverage ratio to 8%. The rule change - requir… https://t.co/m6N7S7zEwo,1,neutral,2,positive,positive,0,0,Finistral-7B-LoRA,tfns,-9.06402587890625,0.00011576576071092859,-6.626526355743408,0.0013248688774183393,-0.0015261442167684436,0.998559296131134
122,Bank of Ireland : Mortgage Bank - 7 KB #BankofIreland #Stock #MarketScreener https://t.co/1UOheYSgzq https://t.co/EmpEi8jWMG,1,neutral,1,neutral,neutral,1,0,Finistral-7B-LoRA,tfns,-7.875840663909912,0.0003799163387157023,-0.0008406681008636951,0.999440610408783,-8.62584114074707,0.00017945976287592202
123,Bank of Jamaica 14-Day Repo Auction Announcement -24 February 2020 #Stock #MarketScreener https://t.co/aLTELpPUc3 https://t.co/ZFCCNZVhWK,1,neutral,1,neutral,neutral,1,0,Finistral-7B-LoRA,tfns,-12.000070571899414,6.144158305687597e-06,-7.10462118149735e-05,0.9999911785125732,-12.812570571899414,2.7264536583970767e-06
124,Bank of Jamaica 30-day CD Auction Press Release #economy #MarketScreener https://t.co/GXh2AJS7u7 https://t.co/4tV8ge3FKr,1,neutral,1,neutral,neutral,1,0,Finistral-7B-LoRA,tfns,-10.75011920928955,2.144454265362583e-05,-0.00011967896716669202,0.9999595880508423,-10.87511920928955,1.8924742107628845e-05
125,Brazil economists forecast more rate cuts ahead https://t.co/MVimfZn0x9,1,neutral,1,neutral,neutral,1,0,Finistral-7B-LoRA,tfns,-10.251591682434082,3.5317403671797365e-05,-0.0015919642755761743,0.9988659620285034,-6.81409215927124,0.0010986921843141317
126,Buyback Backlash Begins: Fed Will Limit Buybacks & Dividends For Companies Using Its Credit Facility https://t.co/qvANL8EAGI,1,neutral,0,negative,negative,0,0,Finistral-7B-LoRA,tfns,-3.93382906622719e-05,0.9999983310699463,-15.062539100646973,2.873681239634607e-07,-13.500039100646973,1.3709568520425819e-06
127,Central Bank of Nigeria Communique No. 128 of the Monetary Policy Committee Meeting of Jan... #Stock… https://t.co/Vhs3QezjMh,1,neutral,1,neutral,neutral,1,0,Finistral-7B-LoRA,tfns,-12.00008487701416,6.144134658825351e-06,-8.523101132595912e-05,0.9999873638153076,-11.93758487701416,6.540396952914307e-06
128,"Central banks don’t have as much monetary policy power as they used to, former BOE policy maker Ian McCafferty says https://t.co/LjFUOi4x2A",1,neutral,0,negative,negative,0,0,Finistral-7B-LoRA,tfns,-0.023504676297307014,0.9769908785820007,-3.7735047340393066,0.022976623848080635,-10.336004257202148,3.2451040169689804e-05
129,Cleveland Fed President Loretta Mester said the coronavirus outbreak is a threat to the economy but doesn't yet jus… https://t.co/KpqpNnFL4L,1,neutral,1,neutral,neutral,1,0,Finistral-7B-LoRA,tfns,-2.5797622203826904,0.07585383206605911,-0.07976232469081879,0.9240888953208923,-9.76726245880127,5.7343728258274496e-05
130,Efforts to support the faltering economy could extend to some form of direct yield curve control. New… https://t.co/Cd4JvxMiXA,1,neutral,1,neutral,neutral,1,0,Finistral-7B-LoRA,tfns,-10.000276565551758,4.539505607681349e-05,-0.0002768848498817533,0.9998925924301147,-9.687776565551758,6.204767851158977e-05
131,"Fed Chair Jay Powell grilled on China's cryptocurrency plans, US response https://t.co/9tkOjL0blx by @readDanwrite https://t.co/urM93khqZo",1,neutral,1,neutral,neutral,1,0,Finistral-7B-LoRA,tfns,-14.562515258789062,4.737902656870574e-07,-1.5020257706055418e-05,0.999998927116394,-14.375015258789062,5.715001520911756e-07
132,Fed Chair Jerome Powell was chided by a Democratic lawmaker for his attendance at a party thrown by Amazon CEO Jeff… https://t.co/BNq5I9PUqc,1,neutral,1,neutral,neutral,1,0,Finistral-7B-LoRA,tfns,-2.127131223678589,0.11920154839754105,-0.12713120877742767,0.8807869553565979,-11.377131462097168,1.1456658285169397e-05
133,Fed Chairman Jerome Powell puts lawmakers on notice that fiscal policy may need to play a bigger role countering do… https://t.co/URFHNRkmfh,1,neutral,1,neutral,neutral,1,0,Finistral-7B-LoRA,tfns,-13.187525749206543,1.873874452940072e-06,-2.5629668016335927e-05,0.999997615814209,-14.562525749206543,4.7378964040944993e-07
134,Fed minutes to tell a story,1,neutral,1,neutral,neutral,1,0,Finistral-7B-LoRA,tfns,-11.687641143798828,8.39801305119181e-06,-0.0001408954558428377,0.999984622001648,-11.875141143798828,6.962197858229047e-06
135,Fed Officials Weigh Risks Of Covid-19 -- Update #economy #MarketScreener https://t.co/1pQjFOAdWi https://t.co/nxTApO6GEp,1,neutral,1,neutral,neutral,1,0,Finistral-7B-LoRA,tfns,-10.187627792358398,3.7636062188539654e-05,-0.00012754580529872328,0.9999521970748901,-11.500127792358398,1.0129609108844306e-05
136,Fed President Loretta Mester due to speak in 5 minutes.,1,neutral,1,neutral,neutral,1,0,Finistral-7B-LoRA,tfns,-13.062533378601074,2.123373860740685e-06,-3.313963316031732e-05,0.9999957084655762,-13.062533378601074,2.123373860740685e-06
137,"Fed removes reference to ""global developments"", has yet to blame global warming for repo crisis",1,neutral,1,neutral,neutral,1,0,Finistral-7B-LoRA,tfns,-16.250009536743164,8.764247638737288e-08,-9.536697689327411e-06,0.9999998807907104,-16.250009536743164,8.764247638737288e-08
138,Fed’s Rosengren Says Pursuing 2% Inflation Could Distort Markets,1,neutral,1,neutral,neutral,1,0,Finistral-7B-LoRA,tfns,-2.8128392696380615,0.06007824465632439,-0.06283918023109436,0.939781904220581,-8.87533950805664,0.00013989653962198645
139,Federal Reserve Keeps Rates Steady and Sees Long Pause #currency #MarketScreener https://t.co/tpSm4ZImNv https://t.co/f5uwKiweEN,1,neutral,1,neutral,neutral,1,0,Finistral-7B-LoRA,tfns,-11.500099182128906,1.0129850124940276e-05,-9.893881360767409e-05,0.9999760389328003,-11.187599182128906,1.3845864486938808e-05
140,Federal Reserve officials will feel comfortable maintaining their wait-and-see posture on interest rates after Frid… https://t.co/Jlpmp7kwVr,1,neutral,1,neutral,neutral,1,0,Finistral-7B-LoRA,tfns,-7.64625883102417,0.0004779426380991936,-0.021258706226944923,0.9791994690895081,-3.896258592605591,0.020322635769844055
141,Fed's 42-Day Repo 2x Oversubscribed In Scramble For Year End Liquidity https://t.co/skVPSppwaY,1,neutral,1,neutral,neutral,1,0,Finistral-7B-LoRA,tfns,-9.625213623046875,6.604965892620385e-05,-0.00021336186910048127,0.9998962879180908,-10.187713623046875,3.7633959436789155e-05
142,Fed's Bullard said actions taken by the Fed and other authorities during this time period shouldn't be seen as stim… https://t.co/gJ9vd4Qttq,1,neutral,1,neutral,neutral,1,0,Finistral-7B-LoRA,tfns,-14.06251049041748,7.811482305442041e-07,-1.0132738680113107e-05,0.9999990463256836,-15.81251049041748,1.3574320689713204e-07
143,Fed's Mester says central bank can watch and wait on interest rates,1,neutral,1,neutral,neutral,1,0,Finistral-7B-LoRA,tfns,-11.000439643859863,1.670050733082462e-05,-0.00043990471749566495,0.9999285936355591,-9.812939643859863,5.475885700434446e-05
144,Fed's Rosengren backs 'patient' approach to any interest-rate moves,1,neutral,1,neutral,neutral,1,0,Finistral-7B-LoRA,tfns,-11.937623977661133,6.54010091238888e-06,-0.00012420836719684303,0.9999420642852783,-9.875123977661133,5.14418825332541e-05
145,Fed's Williams says rates are 'in the right place' but policy is not set in stone,1,neutral,1,neutral,neutral,1,0,Finistral-7B-LoRA,tfns,-14.500020980834961,5.043458486397867e-07,-2.109982233378105e-05,0.9999964237213135,-12.687520980834961,3.089492793151294e-06
146,Global Risks to Extend Czech Rate Lockdown: Decision Day Guide,1,neutral,1,neutral,neutral,1,0,Finistral-7B-LoRA,tfns,-5.753225803375244,0.0031726467423141003,-0.0032259586732834578,0.9968159794807434,-11.378226280212402,1.1442351024015807e-05
147,"Heard on the Street: The Fed may need banks to lever up to absorb more activity, but it needs to do so in a way tha… https://t.co/m6nXfI4or7",1,neutral,1,neutral,neutral,1,0,Finistral-7B-LoRA,tfns,-11.43764591217041,1.078321656677872e-05,-0.0001461399078834802,0.9999803304672241,-11.62514591217041,8.939600775192957e-06
148,"In the battle of central-bank stimulus bazookas, the Fed is winning out https://t.co/dw2zb5Zi3b",1,neutral,2,positive,positive,0,0,Finistral-7B-LoRA,tfns,-8.699197769165039,0.00016680009139236063,-4.511697769165039,0.010985110886394978,-0.011697865091264248,0.988848090171814
149,"In undertaking what will undoubtedly be its largest rescue effort ever, the Federal Reserve announced programs that… https://t.co/iMHp4NZFeV",1,neutral,1,neutral,neutral,1,0,Finistral-7B-LoRA,tfns,-12.12511157989502,5.422191406978527e-06,-0.0001113352773245424,0.9999895095825195,-12.18761157989502,5.0936773732246365e-06
150,Indonesia's central bank says the New York Federal Reserve will provide it with a $60 billion repurchase facility t… https://t.co/8mWrf9uPDI,1,neutral,1,neutral,neutral,1,0,Finistral-7B-LoRA,tfns,-13.125096321105957,1.994649892367306e-06,-9.643566590966657e-05,0.9999579191207886,-10.125096321105957,4.0063609048957005e-05
151,Italy may be willing to compromise on its holdout against a German plan for further integration of the EU’s banking… https://t.co/6z5rU3nonk,1,neutral,2,positive,positive,0,0,Finistral-7B-LoRA,tfns,-11.69043254852295,8.377307494811248e-06,-6.002932548522949,0.0024726027622818947,-0.0029326549265533686,0.9975191354751587
152,"LISTEN NOW: The Fed continues to make moves to combat the coronavirus crisis, including assuring limitless asset pu… https://t.co/2g1K81EdRO",1,neutral,1,neutral,neutral,1,0,Finistral-7B-LoRA,tfns,-12.750081062316895,2.9022808121226262e-06,-8.153582894010469e-05,0.9999862909317017,-11.437581062316895,1.0783280231407844e-05
153,LIVE: Fed Chair Powell testifies before the Senate Banking Committee https://t.co/RsYYaf1Et1,1,neutral,1,neutral,neutral,1,0,Finistral-7B-LoRA,tfns,-14.750032424926758,3.927858926999761e-07,-3.266281055402942e-05,0.9999988079071045,-14.000032424926758,8.315277568726742e-07
154,Markets bet Fed is pushed to cut rates in coronavirus response https://t.co/4NDOpE6Kka https://t.co/8L2dYY8EYK,1,neutral,1,neutral,neutral,1,0,Finistral-7B-LoRA,tfns,-5.569634914398193,0.003826512722298503,-0.06963483989238739,0.9363167881965637,-2.8196349143981934,0.059856727719306946
155,Minneapolis Fed chief Neel Kashkari says monetary policy can play the kind of redistributing role once thought to b… https://t.co/urzkYwOgOy,1,neutral,1,neutral,neutral,1,0,Finistral-7B-LoRA,tfns,-12.687556266784668,3.089463007199811e-06,-5.6622808187967166e-05,0.9999867677688599,-11.500056266784668,1.0129959264304489e-05
156,Morocco is considering tapping at least part of a $2.97 billion liquidity line with the IMF as the coronavirus outb… https://t.co/8Fn0bGuM7L,1,neutral,1,neutral,neutral,1,0,Finistral-7B-LoRA,tfns,-3.77516508102417,0.02295815572142601,-0.0251650121062994,0.976205587387085,-7.08766508102417,0.0008362507214769721
157,New Zealand central bank governor Adrian Orr may signal he's prepared to cut interest rates to cushion the economic... https://t.co/i8Oz63zrZK,1,neutral,1,neutral,neutral,1,0,Finistral-7B-LoRA,tfns,-11.68763256072998,8.39804397401167e-06,-0.00013279033009894192,0.999988317489624,-12.62513256072998,3.2887214729271363e-06
158,Norway's central bank governor says it's too early to reach any conclusions on the long term outlook for inflation https://t.co/Jy76GFLKm2,1,neutral,1,neutral,neutral,1,0,Finistral-7B-LoRA,tfns,-15.125003814697266,2.6995778057425923e-07,-4.172316494077677e-06,0.9999997615814209,-17.875003814697266,1.7257825390970538e-08
159,Praet: ECB Needs Governments to Act,1,neutral,1,neutral,neutral,1,0,Finistral-7B-LoRA,tfns,-3.5310206413269043,0.02930799499154091,-0.031020622700452805,0.9705474972724915,-8.843520164489746,0.00014447631838265806
160,"Rabobank: ""Fed's Kashkari Has Just Come Out With A Jaw-Dropping Policy Shift"" https://t.co/8TYLEPXBXU",1,neutral,1,neutral,neutral,1,0,Finistral-7B-LoRA,tfns,-6.379518985748291,0.001698327949270606,-0.004519011825323105,0.9968936443328857,-6.567018985748291,0.0014079632237553596
161,"RBI May Cut Rates Later This Year, TS Lombard Says",1,neutral,1,neutral,neutral,1,0,Finistral-7B-LoRA,tfns,-10.439496994018555,2.9261687814141624e-05,-0.00199690624140203,0.9982700347900391,-6.376996994018555,0.0017006727866828442
162,RBI’s Long-Term Repo Operations Seen As Stealth Move To Bring Down Rates,1,neutral,1,neutral,neutral,1,0,Finistral-7B-LoRA,tfns,-9.812688827514648,5.4759006161475554e-05,-0.00018892886873800308,0.9999313354492188,-11.187688827514648,1.3845246030541603e-05
163,Spain to guarantee up to 80% of SME bank loans to ease virus impact #economy #MarketScreener https://t.co/SAmTS65y1z https://t.co/JFT2FzyZVp,1,neutral,2,positive,positive,0,0,Finistral-7B-LoRA,tfns,-6.977335453033447,0.0009335878421552479,-3.2898356914520264,0.03729203715920448,-0.03983567655086517,0.9617742896080017
164,The Bank of England's Financial Policy Committee says it's prepared to take further action as needed to help the fi… https://t.co/nXFVWsODV3,1,neutral,1,neutral,neutral,1,0,Finistral-7B-LoRA,tfns,-13.187670707702637,1.873855239864497e-06,-0.00017093151109293103,0.9999873638153076,-11.437670707702637,1.0783292054838967e-05
165,The Bank of England's Term Funding Scheme... #Stock #MarketScreener https://t.co/UYAUVEOvlM https://t.co/SeJVLxIyZA,1,neutral,1,neutral,neutral,1,0,Finistral-7B-LoRA,tfns,-11.875144958496094,6.961919552850304e-06,-0.000144709600135684,0.9999446868896484,-9.937644958496094,4.832530248677358e-05
166,The Committee lowers the CBR to 7.25PC #Stock #MarketScreener https://t.co/fUgL7df83o https://t.co/p3lSsTQ3JL,1,neutral,1,neutral,neutral,1,0,Finistral-7B-LoRA,tfns,-5.610390663146973,0.0036641096230596304,-0.047890763729810715,0.9544023871421814,-3.1728906631469727,0.041933514177799225
167,"The consensus case for following the Fed is right, Ashok Bhatia of Neuberger Bergman tells @FerroTV… https://t.co/O4PII3Nx4S",1,neutral,1,neutral,neutral,1,0,Finistral-7B-LoRA,tfns,-14.875045776367188,3.4662647863115126e-07,-4.541770613286644e-05,0.9999818801879883,-10.937545776367188,1.7778547771740705e-05
168,The Fed mounted an extraordinary new array of programs to offset the 'severe disruptions' to the economy caused by… https://t.co/Q0oP8CE8Vy,1,neutral,1,neutral,neutral,1,0,Finistral-7B-LoRA,tfns,-6.813918590545654,0.0010985077824443579,-0.0014184186002239585,0.9986982345581055,-8.501418113708496,0.00020320351177360862
169,The Federal Reserve has launched an array of programs aimed at helping the markets and economy through the coronavi… https://t.co/pEUAkq0LF0,1,neutral,1,neutral,neutral,1,0,Finistral-7B-LoRA,tfns,-11.750107765197754,7.888946129241958e-06,-0.00010752100206445903,0.9999520778656006,-10.125107765197754,4.0063372580334544e-05
170,"The Federal Reserve System includes 12 districts. Using those numbers, 1-12, is a handy way to learn about the cent… https://t.co/cbNWuE9tqT",1,neutral,1,neutral,neutral,1,0,Finistral-7B-LoRA,tfns,-14.937511444091797,3.256309923926892e-07,-1.1324817933200393e-05,0.999998927116394,-14.062511444091797,7.811481168573664e-07
171,"The FRED Blog: Since the end of the Great Recession, market-based measures of long-run inflation expectations have… https://t.co/0xHldQgKkG",1,neutral,1,neutral,neutral,1,0,Finistral-7B-LoRA,tfns,-12.687539100646973,3.0894741485099075e-06,-3.8980677345534787e-05,0.9999903440475464,-11.937539100646973,6.540416507050395e-06
172,The IMF may launch a new program that could back up the Federal Reserve's campaign to keep dollars flowing in the g… https://t.co/lKciLE5v3x,1,neutral,1,neutral,neutral,1,0,Finistral-7B-LoRA,tfns,-12.501605033874512,3.721383336596773e-06,-0.0016051754355430603,0.9985859394073486,-6.564105033874512,0.0014103532303124666
173,The Most Momentous Rate Decision This Month Isn’t at Fed or ECB,1,neutral,1,neutral,neutral,1,0,Finistral-7B-LoRA,tfns,-13.125021934509277,1.9947235614381498e-06,-2.1815061700181104e-05,0.9999948740005493,-12.687521934509277,3.0894880183041096e-06
174,"-The U.K. will go into full lockdown to stymie the spread of coronavirus
-The Fed offers to directly finance U.S. c… https://t.co/ruvvXSN2l8",1,neutral,1,neutral,neutral,1,0,Finistral-7B-LoRA,tfns,-4.948010444641113,0.00711013050749898,-0.010510330088436604,0.9913034439086914,-6.448010444641113,0.0015864847227931023
175,Top economists say that the spread of the new coronavirus outbreak makes it more likely that the Federal Reserve wi… https://t.co/tvoJevdk2y,1,neutral,1,neutral,neutral,1,0,Finistral-7B-LoRA,tfns,-11.125090599060059,1.4738548088644166e-05,-9.083335316972807e-05,0.9999558925628662,-10.437590599060059,2.9311104299267754e-05
176,Two crisis-veteran Federal Reserve officials said the central bank has plenty of room for more moves following a fl… https://t.co/8tGk3P7TPq,1,neutral,2,positive,positive,0,0,Finistral-7B-LoRA,tfns,-9.942474365234375,4.810289465240203e-05,-5.379974365234375,0.004609351046383381,-0.004974489100277424,0.9953426122665405
177,"Two weeks later, no change, Fed ain't stopping the selling",1,neutral,0,negative,negative,0,0,Finistral-7B-LoRA,tfns,-0.00020680672605521977,0.9999431371688843,-9.87520694732666,5.144193710293621e-05,-12.12520694732666,5.421939931693487e-06
178,U.S. Fed preparing to buy new small business payroll loans: Wall Street Journal https://t.co/bKlfm9QFgB https://t.co/ZnUbuWVFFu,1,neutral,2,positive,positive,0,0,Finistral-7B-LoRA,tfns,-8.380398750305176,0.00022986122348811477,-5.880398750305176,0.0028002832550555468,-0.005398576147854328,0.9969698786735535
179,UK starts first stage of 330 billion pound loan guarantee scheme https://t.co/hZiqmzoZBr https://t.co/0z6Kisr3Oe,1,neutral,1,neutral,neutral,1,0,Finistral-7B-LoRA,tfns,-8.943058967590332,0.0001306662306888029,-0.005559103563427925,0.9946499466896057,-5.255558967590332,0.005219443701207638
180,Zambia’s kwacha staged a comeback on Tuesday after the central bank raised the amount of funds that commercial lend… https://t.co/oS097rGn8S,1,neutral,2,positive,positive,0,0,Finistral-7B-LoRA,tfns,-13.312520980834961,1.6536882867512759e-06,-13.937520980834961,8.851554866851075e-07,-2.0861407392658293e-05,0.9999974966049194
181,Bank of America sees demand surge for paycheck protection loans https://t.co/6feALqK8zN,0,negative,2,positive,positive,0,0,Finistral-7B-LoRA,tfns,-5.642670154571533,0.0035490868613123894,-4.392670154571533,0.012387529946863651,-0.01767023093998432,0.9840633869171143
182,$HON - Honeywell says MAX production freeze to hurt 2020 sales growth https://t.co/ADon2RBcIz,0,negative,0,negative,negative,1,0,Finistral-7B-LoRA,tfns,-3.909988299710676e-05,0.999994158744812,-14.562539100646973,4.737880203720124e-07,-12.125039100646973,5.422216418082826e-06
183,Africa retailer Jumia suspends e-commerce in Cameroon,0,negative,0,negative,negative,1,0,Finistral-7B-LoRA,tfns,-9.905801562126726e-05,0.9999924898147583,-11.937599182128906,6.5404306042182725e-06,-13.875099182128906,9.422384437129949e-07
184,Amazon blames holiday delivery delays on winter storms and high demand https://t.co/TjLnFZBE44,0,negative,0,negative,negative,1,0,Finistral-7B-LoRA,tfns,-0.022480877116322517,0.9783958792686462,-3.8974809646606445,0.02030595950782299,-6.6474809646606445,0.0012981165200471878
185,Beckhams’ business empire sees revenues drop 18% https://t.co/Vyukksr4NP,0,negative,0,negative,negative,1,0,Finistral-7B-LoRA,tfns,-9.095255518332124e-05,0.9999822378158569,-11.187590599060059,1.3845950888935477e-05,-12.437590599060059,3.966931217291858e-06
186,BREAKING: FDA issues ban on some fruit and mint flavored vaping products https://t.co/MxWx3AqSi8,0,negative,0,negative,negative,1,0,Finistral-7B-LoRA,tfns,-6.69933797325939e-05,0.9999971389770508,-15.812566757202148,1.3574295110174717e-07,-12.812566757202148,2.7264700293017086e-06
187,Bristol-Myers says trial of Opdivo plus Yervoy in melanoma treatment failed to meet main goal,0,negative,0,negative,negative,1,0,Finistral-7B-LoRA,tfns,-1.1086402082582936e-05,0.9999992847442627,-18.437511444091797,9.833207137432964e-09,-14.125011444091797,7.338210252783028e-07
188,Casino Operator Wynn Resorts Is Losing Up To $2.6 Million Per Day From Coronavirus Shutdown,0,negative,0,negative,negative,1,0,Finistral-7B-LoRA,tfns,-5.280832192511298e-05,0.9999959468841553,-15.937552452087402,1.1979258829342143e-07,-12.437552452087402,3.966985786973964e-06
189,"China Solar Group Flags Raw Material, Labor Shortages on Virus",0,negative,0,negative,negative,1,0,Finistral-7B-LoRA,tfns,-6.794698856538162e-05,0.9999980926513672,-14.687567710876465,4.1811810547187633e-07,-13.437567710876465,1.4593756532121915e-06
190,Fiat Chrysler Relies on Ram Growth as Europe Losses Mount,0,negative,1,neutral,neutral,0,0,Finistral-7B-LoRA,tfns,-5.7533674240112305,0.0031724986620247364,-0.0033673509024083614,0.9967694282531738,-9.75336742401123,5.810633592773229e-05
191,"Ford recalls 262,000 pickup trucks with defective tailgate latches https://t.co/r1OmCaHlBs",0,negative,0,negative,negative,1,0,Finistral-7B-LoRA,tfns,-5.876845170860179e-05,0.9999940395355225,-14.375059127807617,5.714973667636514e-07,-12.125059127807617,5.422215963335475e-06
192,Fox says cable ad revenue was hurt by impeachment coverage last quarter,0,negative,0,negative,negative,1,0,Finistral-7B-LoRA,tfns,-3.158996332786046e-05,0.999997615814209,-15.937531471252441,1.1979278724538744e-07,-13.000031471252441,2.2603239813179243e-06
193,"ICYMI: Transport for London said Uber $UBER was not ""fit and proper"" to hold an operating license in London after a… https://t.co/6KXYb2e38V",0,negative,0,negative,negative,1,0,Finistral-7B-LoRA,tfns,-3.1709168979432434e-05,0.9999988079071045,-17.437532424926758,2.6729415125714695e-08,-13.625031471252441,1.2098656725356705e-06
194,Jetstar to cut capacity by 10% in January as pilots take industrial action,0,negative,0,negative,negative,1,0,Finistral-7B-LoRA,tfns,-0.0001284993631998077,0.9999762773513794,-11.437628746032715,1.0783172911033034e-05,-11.250128746032715,1.3006989320274442e-05
195,Lowe's to shut 34 Canadian stores as it reports revenue miss,0,negative,0,negative,negative,1,0,Finistral-7B-LoRA,tfns,-2.6940935640595853e-05,0.9999994039535522,-18.43752670288086,9.833208025611384e-09,-14.31252670288086,6.083590733396704e-07
196,Macy's says temporary issue with e-commerce business also impacted Q3 performance,0,negative,0,negative,negative,1,0,Finistral-7B-LoRA,tfns,-2.634490556374658e-05,0.9999992847442627,-15.12502670288086,2.699576384657121e-07,-14.62502670288086,4.4508490759653796e-07
197,Mahindra Says Coronavirus May Jeopardize India Emissions Rollout,0,negative,0,negative,negative,1,0,Finistral-7B-LoRA,tfns,-2.5510462364763953e-05,0.999998927116394,-14.937525749206543,3.256309923926892e-07,-14.187525749206543,6.893607746860653e-07
198,Major blockchain developer ConsenSys announces job losses #economy #MarketScreener https://t.co/ryVmI8mEkG https://t.co/bw56wJfVGF,0,negative,0,negative,negative,1,0,Finistral-7B-LoRA,tfns,-7.116541382856667e-05,0.9999972581863403,-13.93757152557373,8.85155259311432e-07,-13.18757152557373,1.8738737708190456e-06
199,"NTSB cites Uber, driver in fatal crash",0,negative,0,negative,negative,1,0,Finistral-7B-LoRA,tfns,-3.9457496313843876e-05,0.9999966621398926,-18.00004005432129,1.5229929317683855e-08,-12.625039100646973,3.288748985141865e-06
200,NVIDIA's New Cloud Service Could Spell Doom for Google's Stadia,0,negative,0,negative,negative,1,0,Finistral-7B-LoRA,tfns,-0.00013553177996072918,0.9999337196350098,-15.31263542175293,2.237880920574753e-07,-9.62513542175293,6.605212547583506e-05
201,"Oaktree Strategic Income NII misses by $0.01, misses on total investment income",0,negative,0,negative,negative,1,0,Finistral-7B-LoRA,tfns,-1.0490362910786644e-05,0.9999996423721313,-16.750009536743164,5.3157837243134054e-08,-15.00001049041748,3.0590220490012143e-07
202,PG&E Loses Half of Financial Backing for Bankruptcy in New Pacts,0,negative,0,negative,negative,1,0,Finistral-7B-LoRA,tfns,-0.0001438752660760656,0.9999516010284424,-12.062644004821777,5.7716738410817925e-06,-10.062644004821777,4.2647221562219784e-05
203,"Stock Market Live Updates: Home Depot faults tariffs, lumber prices for grim quarter - Yahoo Finance",0,negative,0,negative,negative,1,0,Finistral-7B-LoRA,tfns,-0.000311802898067981,0.999968409538269,-10.750311851501465,2.14447318285238e-05,-11.500311851501465,1.0129772817890625e-05
204,"Trans Mountain Costs to Increase 70% to $9.5 Billion, CBC Says",0,negative,0,negative,negative,1,0,Finistral-7B-LoRA,tfns,-1.2755313036905136e-05,0.9999988079071045,-19.12501335144043,4.944444409460402e-09,-13.625012397766113,1.2098656725356705e-06
205,"Transport for London has decided not to extend Uber’s license to operate in the city. In a statement, transit offic… https://t.co/Wh2Fx1FLgh",0,negative,0,negative,negative,1,0,Finistral-7B-LoRA,tfns,-2.4914430468925275e-05,0.9999994039535522,-16.125024795532227,9.931189026701759e-08,-14.562524795532227,4.7379049306073284e-07
206,Tuna maker Bumble Bee Foods has filed for Chapter 11 bankruptcy protection. https://t.co/d2gVKB0BB3,0,negative,0,negative,negative,1,0,Finistral-7B-LoRA,tfns,-0.00017677174764685333,0.9999643564224243,-11.000176429748535,1.6701105778338388e-05,-10.875176429748535,1.892483123810962e-05
207,WeWork Could Leave Thousands Without Jobs,0,negative,0,negative,negative,1,0,Finistral-7B-LoRA,tfns,-8.284702198579907e-05,0.9999972581863403,-17.68758201599121,2.0816855794691946e-08,-12.812582969665527,2.726470256675384e-06
208,Exxon is cutting billions of dollars in investments to keep its financial footing during the worst oil-price rout i… https://t.co/MI5vCEkhlm,0,negative,0,negative,negative,1,0,Finistral-7B-LoRA,tfns,-3.290122185717337e-05,0.999997615814209,-15.437532424926758,1.9750491730974318e-07,-13.062532424926758,2.123377953466843e-06
209,$ICPT: Intercept Pharma reports publication of positive results from Phase 3 REGENERATE https://t.co/Md0lhRJikS,2,positive,2,positive,positive,1,0,Finistral-7B-LoRA,tfns,-15.562507629394531,1.7429786680622783e-07,-17.81250762939453,1.8370860388472465e-08,-7.867782187531702e-06,0.9999998807907104
210,$IEA - Infrastructure and Energy Alternatives secures two wind construction project awards totaling $115M https://t.co/hHMY90wYaC,2,positive,2,positive,positive,1,0,Finistral-7B-LoRA,tfns,-15.875012397766113,1.2751903000207676e-07,-16.437511444091797,7.265815327173186e-08,-1.2397689715726301e-05,0.9999997615814209
211,$KTOS: Kratos Defense and Security awarded a $39 million sole-source contract for Geolocation Global Support Servic… https://t.co/uPPTCX837l,2,positive,2,positive,positive,1,0,Finistral-7B-LoRA,tfns,-12.625066757202148,3.288668949608109e-06,-10.625066757202148,2.4300159566337243e-05,-6.69933797325939e-05,0.9999723434448242
212,$MGTA - Magenta up 15% on promising data on ADC conditioning agent https://t.co/pKMo1OORDm,2,positive,2,positive,positive,1,0,Finistral-7B-LoRA,tfns,-15.500015258789062,1.855391076333035e-07,-17.937515258789062,1.6212224451805923e-08,-1.5735502529423684e-05,0.9999997615814209
213,$RHHBY - Genentech nabs accelerated review status for risdiplam https://t.co/TlPBstlehr,2,positive,2,positive,positive,1,0,Finistral-7B-LoRA,tfns,-14.812505722045898,3.6898839539389883e-07,-15.500005722045898,1.8553903657902993e-07,-5.483612312673358e-06,0.9999994039535522
214,$SAGE - Sage Therapeutics to advance Huntington's candidate SAGE-718; shares up 2% https://t.co/Dhso6xIUJu,2,positive,2,positive,positive,1,0,Finistral-7B-LoRA,tfns,-15.43751049041748,1.9750534363538463e-07,-18.437511444091797,9.833211578325063e-09,-1.07287787614041e-05,0.9999997615814209
215,$SRNE UPDATE 1-Sorrento Therapeutics rejects all-cash takeout proposal; shares jump https://t.co/rPHkDVbzui via @YahooFinance,2,positive,2,positive,positive,1,0,Finistral-7B-LoRA,tfns,-12.000019073486328,6.144174221844878e-06,-18.312519073486328,1.1142421207921416e-08,-1.8954096958623268e-05,0.9999938011169434
216,$ZGNX - FDA OKs Zogenix's Fintepla for Dravet syndrome https://t.co/vdfppIz1AN,2,positive,2,positive,positive,1,0,Finistral-7B-LoRA,tfns,-16.500003814697266,6.825602838489431e-08,-19.250003814697266,4.363462036138799e-09,-4.410734163684538e-06,0.9999998807907104
217,5 Reasons To Love Wendy's On Its 50th Birthday,2,positive,2,positive,positive,1,0,Finistral-7B-LoRA,tfns,-13.573748588562012,1.2737451697830693e-06,-4.5112481117248535,0.010986928828060627,-0.0112482700496912,0.9890117645263672
218,AT&T says it will continue investing in Mexico: Mexican president,2,positive,2,positive,positive,1,0,Finistral-7B-LoRA,tfns,-16.312725067138672,8.232631643068089e-08,-9.500226020812988,7.484622619813308e-05,-0.00022587609419133514,0.9999250173568726
219,BancorpSouth Bank boosts share repurchase program,2,positive,2,positive,positive,1,0,Finistral-7B-LoRA,tfns,-15.687542915344238,1.5381733931008057e-07,-20.187543869018555,1.708756136586942e-09,-4.339123915997334e-05,0.9999998807907104
220,Boeing : Deliveries 24 Jets in November #Boeing #Stock #MarketScreener https://t.co/jtBrv76jG6 https://t.co/s9q1BEhwcC,2,positive,2,positive,positive,1,0,Finistral-7B-LoRA,tfns,-12.937620162963867,2.40599297285371e-06,-10.000120162963867,4.539775909506716e-05,-0.00011991735664196312,0.9999521970748901
221,"Boeing 737 Max Net Orders Rise to -73 YTD in Nov. From -93 Oct. Yes, negative",2,positive,2,positive,positive,1,0,Finistral-7B-LoRA,tfns,-7.375838756561279,0.000626277644187212,-9.313338279724121,9.022386075230315e-05,-0.0008386432309634984,0.9992836117744446
222,Canada's TD Beats Its U.S. Banking Competitors on Their Own Turf,2,positive,2,positive,positive,1,0,Finistral-7B-LoRA,tfns,-15.125021934509277,2.6995778057425923e-07,-16.75002098083496,5.315784079584773e-08,-2.1576648578047752e-05,0.9999997615814209
223,"Congratulations to Phreesia (NYSE: $PHR) who was just named 2020 Best in KLAS for Patient Intake Management 

Read... https://t.co/lgQFrG7lOr",2,positive,2,positive,positive,1,0,Finistral-7B-LoRA,tfns,-16.43750762939453,7.265815327173186e-08,-16.00000762939453,1.1253526110976964e-07,-8.583032467868179e-06,0.9999997615814209
224,FDA Approves First Drug for Peanut Allergy,2,positive,2,positive,positive,1,0,Finistral-7B-LoRA,tfns,-16.812522888183594,4.993718150103632e-08,-16.687522888183594,5.6586241470313325e-08,-2.253030106658116e-05,1.0
225,Fortune Brands Home & Security (NYSE:FBHS) Shareholders Booked A 47% Gain In The Last Year,2,positive,2,positive,positive,1,0,Finistral-7B-LoRA,tfns,-16.125036239624023,9.931193289958173e-08,-17.562536239624023,2.3588651032468988e-08,-3.6954195820726454e-05,0.9999998807907104
226,Hastings Technology Metals : Bulk Ore Sorting Trial Shows Outstanding Results #HastingsTechnologyMetals #Stock… https://t.co/jH9XEyDAxJ,2,positive,2,positive,positive,1,0,Finistral-7B-LoRA,tfns,-12.437541007995605,3.966963504353771e-06,-12.062541007995605,5.771897122031078e-06,-4.076874756719917e-05,0.9999903440475464
227,J.P. Morgan: Bausch to better weather the market than other specialty drugmakers,2,positive,2,positive,positive,1,0,Finistral-7B-LoRA,tfns,-13.250032424926758,1.7603351807338186e-06,-12.312532424926758,4.49517347078654e-06,-3.2305197237292305e-05,0.9999936819076538
228,Mediaset CEO upbeat on reaching accord with Vivendi,2,positive,2,positive,positive,1,0,Finistral-7B-LoRA,tfns,-16.562515258789062,6.41206057139243e-08,-18.875015258789062,6.3487992640887114e-09,-1.5616295058862306e-05,0.9999998807907104
229,Microfinance Loan Portfolio Jumps 48% In September Quarter,2,positive,2,positive,positive,1,0,Finistral-7B-LoRA,tfns,-13.687561988830566,1.1365585805833689e-06,-12.312561988830566,4.495175744523294e-06,-6.16293036728166e-05,0.9999942779541016
230,"Microsoft Could Win Next Phase Of Cloud Battle, Wedbush Says",2,positive,2,positive,positive,1,0,Finistral-7B-LoRA,tfns,-14.687522888183594,4.181185602192272e-07,-14.875022888183594,3.4663247561184107e-07,-2.3364747903542593e-05,0.9999991655349731
231,NVIDIA : GPU-Powered Semi Simulation Snags Coveted Research Award #NVIDIA #Stock #MarketScreener… https://t.co/03LwvaKx5q,2,positive,2,positive,positive,1,0,Finistral-7B-LoRA,tfns,-11.44301700592041,1.0727023436629679e-05,-5.25551700592041,0.005220070015639067,-0.005516899283975363,0.994769275188446
232,Pershing Square Holdings announces new $100M share buyback program,2,positive,2,positive,positive,1,0,Finistral-7B-LoRA,tfns,-16.62502098083496,6.023573462243803e-08,-20.90627098083496,8.327812883734964e-10,-2.0146166207268834e-05,0.9999998807907104
233,Publicis Signals Worst May Be Over for Struggling Ad Group,2,positive,2,positive,positive,1,0,Finistral-7B-LoRA,tfns,-8.814311027526855,0.00014861507224850357,-6.5018110275268555,0.0015009590424597263,-0.0018111744429916143,0.9983503818511963
234,Sales of grounded Boeing 737 MAX gather pace at Dubai Airshow,2,positive,2,positive,positive,1,0,Finistral-7B-LoRA,tfns,-8.375777244567871,0.0002305003727087751,-10.500777244567871,2.7529345970833674e-05,-0.0007776573766022921,0.9997419714927673
235,Sales of grounded Boeing 737 MAX pick up steam at Dubai Airshow,2,positive,2,positive,positive,1,0,Finistral-7B-LoRA,tfns,-12.812528610229492,2.7264700293017086e-06,-16.000028610229492,1.1253485610041025e-07,-2.8729025871143676e-05,0.9999971389770508
236,SourceDay Announces Record Growth as One of Austin’s Fastest-Growing Companies,2,positive,2,positive,positive,1,0,Finistral-7B-LoRA,tfns,-16.56251335144043,6.412054887050544e-08,-13.93751335144043,8.851568509271601e-07,-1.3112935448589269e-05,0.9999990463256836
237,"Tezos rallies into the top ten cryptocurrencies, ousting Stellar",2,positive,2,positive,positive,1,0,Finistral-7B-LoRA,tfns,-16.250043869018555,8.764241954395402e-08,-14.312543869018555,6.083589596528327e-07,-4.386805812828243e-05,0.9999992847442627
238,This chart shows how Vanguard’s explosive growth has ‘taken on a life of its own’: https://t.co/8IOnrejNLy,2,positive,2,positive,positive,1,0,Finistral-7B-LoRA,tfns,-14.375127792358398,5.714744588658505e-07,-10.000127792358398,4.539784276857972e-05,-0.0001282609737245366,0.9999539852142334
239,UPDATE 1-Keystone operator TC Energy sees EBITDA exceeding C$10 bln in 2022,2,positive,2,positive,positive,1,0,Finistral-7B-LoRA,tfns,-15.250012397766113,2.382365664743702e-07,-13.500012397766113,1.3709568520425819e-06,-1.2636104656849056e-05,0.9999983310699463
240,UPDATE 1-Qualcomm expects 5G phone sales to double in 2021,2,positive,2,positive,positive,1,0,Finistral-7B-LoRA,tfns,-15.00006103515625,3.0590203436986485e-07,-14.25006103515625,6.475946179307357e-07,-6.103329360485077e-05,0.9999990463256836
241,Why Walmart and Target are still winning with consumers https://t.co/TvPW2GzpQ6 by @DegrootMckenzie https://t.co/MHBf51cVBC,2,positive,2,positive,positive,1,0,Finistral-7B-LoRA,tfns,-15.375021934509277,2.1024315799422766e-07,-13.937521934509277,8.851567372403224e-07,-2.2411095415009186e-05,0.999998927116394
242,$CVX - Chevron ramps output at key Venezuela oil project as U.S. weighs sanctions https://t.co/o4g9WuvJfo,2,positive,1,neutral,neutral,0,0,Finistral-7B-LoRA,tfns,-7.505950927734375,0.0005498946411535144,-0.005951066501438618,0.9942328333854675,-5.255950927734375,0.005217255093157291
243,BP expects to keep Azeri ACG oil output stable as Shah Deniz gas powers ahead https://t.co/dcNqW5BxVN https://t.co/a0y3sr6K0u,2,positive,2,positive,positive,1,0,Finistral-7B-LoRA,tfns,-11.176301956176758,1.4015646229381673e-05,-2.238801956176758,0.10668910294771194,-0.11380190402269363,0.8932968974113464
244,$AAPL - Apple delays theatrical debut of 'The Banker' https://t.co/vAHWmIoXp8,1,neutral,1,neutral,neutral,1,0,Finistral-7B-LoRA,tfns,-1.7031373977661133,0.18238407373428345,-0.20313741266727448,0.817388653755188,-8.390637397766113,0.0002273225545650348
245,"$AAPL - Max out Apple's Mac Pro for $52,599 https://t.co/HIRuhy8Pqd",1,neutral,1,neutral,neutral,1,0,Finistral-7B-LoRA,tfns,-9.00148868560791,0.00012329536548350006,-0.0014882928226143122,0.9990726709365845,-7.126488208770752,0.0008039867971092463
246,$ACER - Acer Therapeutics: Upcoming Catalysts. https://t.co/vseXJ9e1nH #business #investing #markets,1,neutral,1,neutral,neutral,1,0,Finistral-7B-LoRA,tfns,-11.064281463623047,1.567612162034493e-05,-0.0017819016939029098,0.9991284012794495,-7.064281940460205,0.0008558871923014522
247,$APLS - Apellis Pharmaceuticals (APLS) Investor Presentation - Slideshow. Read more and get updates on any stock!… https://t.co/wJLXS3OeNb,1,neutral,1,neutral,neutral,1,0,Finistral-7B-LoRA,tfns,-9.879778861999512,5.123284790897742e-05,-0.004778394475579262,0.9958788156509399,-5.5047783851623535,0.004069929011166096
248,$ATRO - Astronics unveils universal radio field test solution https://t.co/diC9vddtwB,1,neutral,1,neutral,neutral,1,0,Finistral-7B-LoRA,tfns,-10.937758445739746,1.778802106855437e-05,-0.06275879591703415,0.9398967027664185,-2.812758684158325,0.06008558347821236
249,$AUDC: AudioCodes enters into royalty buyout agreement with the Israel National Authority for Technology and... https://t.co/YVzJTV68bn,1,neutral,2,positive,positive,0,0,Finistral-7B-LoRA,tfns,-9.780750274658203,5.658271402353421e-05,-3.5307505130767822,0.029310572892427444,-0.03075050376355648,0.9706328511238098
250,"$BA 737 MAX makes debut at Renton, Washington Factory - Bloomberg",1,neutral,1,neutral,neutral,1,0,Finistral-7B-LoRA,tfns,-11.911490440368652,6.7212868088972755e-06,-0.16149047017097473,0.8519470691680908,-1.9114904403686523,0.14804618060588837
251,$BGNE: BeiGene reports clinical data on Tislelizumab https://t.co/f1bfcfhxoh,1,neutral,1,neutral,neutral,1,0,Finistral-7B-LoRA,tfns,-5.373022079467773,0.004645293578505516,-0.18552210927009583,0.8316025137901306,-1.8105220794677734,0.1637522280216217
252,$CMI - Cummins (CMI) Investor Presentation - Slideshow. Continue reading: https://t.co/4ropk5quxp #investing #stocks #business,1,neutral,1,neutral,neutral,1,0,Finistral-7B-LoRA,tfns,-13.125163078308105,1.9946676275139907e-06,-0.00016330339713022113,0.9999668598175049,-10.375163078308105,3.1201852834783494e-05
253,$DAN - Dana (DAN) Presents At 7th Annual Industrials Conference - Slideshow. Get more updates here:… https://t.co/34xt9wQ6lG,1,neutral,1,neutral,neutral,1,0,Finistral-7B-LoRA,tfns,-9.430792808532715,8.029325545066968e-05,-0.18079257011413574,0.8354164361953735,-1.8057925701141357,0.16450324654579163
254,$ENLC - EnLink Midstream (ENLC) Presents At RBC Capital Markets Midstream Conference - Slideshow. Continue reading:… https://t.co/2mbkE6IWgW,1,neutral,1,neutral,neutral,1,0,Finistral-7B-LoRA,tfns,-10.168325424194336,3.83775623049587e-05,-0.04332507774233818,0.9578754901885986,-3.168325185775757,0.04208611324429512
255,$EPR: EPR Properties announces sale of charter school portfolio for approximately $454 mln; lowers FY19 FFO guidance https://t.co/i4GZ0uGlgp,1,neutral,1,neutral,neutral,1,0,Finistral-7B-LoRA,tfns,-1.3625571727752686,0.26106399297714233,-0.36255714297294617,0.7096454501152039,-3.5500571727752686,0.029290566220879555
256,$EQNR $SU - Siccar Point attracts bids as high as nearly $2B - Reuters https://t.co/CMSO3XjoN1,1,neutral,2,positive,positive,0,0,Finistral-7B-LoRA,tfns,-13.125032424926758,1.9947297005273867e-06,-18.250032424926758,1.186109610529229e-08,-3.2543604902457446e-05,0.9999979734420776
257,$INTI - Inhibitor Therapeutics to start prostate cancer treatment trial https://t.co/hKmHpHCXGJ,1,neutral,2,positive,positive,0,0,Finistral-7B-LoRA,tfns,-5.263862609863281,0.005180812906473875,-0.7638623714447021,0.4663618803024292,-0.6388623714447021,0.5284572839736938
258,$ITRN - Margins suffer at Ituran Location in Q3 https://t.co/cCI94Csl3s,1,neutral,0,negative,negative,0,0,Finistral-7B-LoRA,tfns,-2.062299427052494e-05,0.9999974966049194,-14.562520980834961,4.7378958356603107e-07,-13.125020980834961,1.994728791032685e-06
259,$KSU - Kansas City Southern (KSU) Presents At 7th Annual Industrials Conference - Slideshow. Keep reading:… https://t.co/GndL4OFGVw,1,neutral,1,neutral,neutral,1,0,Finistral-7B-LoRA,tfns,-9.0307035446167,0.00011977803660556674,-0.030703222379088402,0.9705715179443359,-3.53070330619812,0.02930872142314911
260,$LJPC (halted pre) La Jolla Pharmaceutical (LJPC) to Reassess Continued Development of LJPC-401 Based on Recent Mix… https://t.co/8wDkULKz7f,1,neutral,0,negative,negative,0,0,Finistral-7B-LoRA,tfns,-1.6569954823353328e-05,0.9999983310699463,-15.125016212463379,2.699573826703272e-07,-13.437516212463379,1.4593759942727047e-06
261,$MDGL - Madrigal launches 1.2M-share stock offering by current investor https://t.co/V3c2xhnDBB,1,neutral,0,negative,negative,0,0,Finistral-7B-LoRA,tfns,-0.24443382024765015,0.7931222915649414,-1.869433879852295,0.15617503225803375,-2.994433879852295,0.05070261284708977
262,$MIST - Milestone Pharmaceuticals (MIST) Investor Presentation - Slideshow. Read more and get updates on any stock!… https://t.co/JDkL37unei,1,neutral,1,neutral,neutral,1,0,Finistral-7B-LoRA,tfns,-10.750665664672852,2.1435120288515463e-05,-0.0006655623437836766,0.9995203018188477,-7.688165664672852,0.0004583030822686851
263,$NGL - NGL Energy Partners (NGL) Presents At RBC Capital Markets Midstream Conference - Slideshow. Keep reading:… https://t.co/KxjcrlAlcX,1,neutral,1,neutral,neutral,1,0,Finistral-7B-LoRA,tfns,-10.134028434753418,3.97200565203093e-05,-0.009027971886098385,0.9913831353187561,-4.75902795791626,0.008577144704759121
264,$NSC - Norfolk Southern (NSC) Presents At 7th Annual Industrials Conference - Slideshow. Follow this and any other… https://t.co/D8uQNEKjmz,1,neutral,1,neutral,neutral,1,0,Finistral-7B-LoRA,tfns,-9.60617446899414,6.735277565894648e-05,-0.04367410019040108,0.9578477144241333,-3.1686739921569824,0.042084891349077225
265,"$PBR $BAK - Petrobras CEO wants fast sale of Braskem, improved Brazil auction process https://t.co/utBwKEfXai",1,neutral,1,neutral,neutral,1,0,Finistral-7B-LoRA,tfns,-8.251341819763184,0.00026561159756965935,-0.06384151428937912,0.9550654292106628,-3.1263415813446045,0.044669006019830704
266,$PFBOF - Bumbershoot Holdings - 2019 Investor Letter. https://t.co/VSz41aei6i #finance #markets #stockmarket,1,neutral,1,neutral,neutral,1,0,Finistral-7B-LoRA,tfns,-13.562524795532227,1.2878915640612831e-06,-2.52720492426306e-05,0.9999958276748657,-12.750024795532227,2.9023085517110303e-06
267,$PI - Impinj plans $75M private offering https://t.co/TgxgZBHfqy,1,neutral,1,neutral,neutral,1,0,Finistral-7B-LoRA,tfns,-5.453636169433594,0.004308988340198994,-0.016135934740304947,0.9904933571815491,-5.266136169433594,0.005197632126510143
268,$PZZA - Papa John's International (PZZA) Investor Presentation - Slideshow. Read more and sign up for updates:… https://t.co/S2JCz391yG,1,neutral,1,neutral,neutral,1,0,Finistral-7B-LoRA,tfns,-9.8778076171875,5.1354727474972606e-05,-0.0028072495479136705,0.9982479810714722,-6.377807140350342,0.001700635184533894
269,$REGN: Regeneron Pharma and Sanofi (SNY) restructure Kevzara and Paluent agreement https://t.co/PH1vNcbN28,1,neutral,2,positive,positive,0,0,Finistral-7B-LoRA,tfns,-5.063989162445068,0.0063385614193975925,-1.8139889240264893,0.16347365081310272,-0.18898895382881165,0.8301877379417419
270,$RM - Regional Management (RM) Investor Presentation - Slideshow. Get more info on Seeking Alpha:… https://t.co/oTKMYsuWee,1,neutral,1,neutral,neutral,1,0,Finistral-7B-LoRA,tfns,-10.188520431518555,3.762024425668642e-05,-0.0010207447921857238,0.9995318651199341,-7.751020908355713,0.0004305408801883459
271,$SAVE - Spirit Airlines (SAVE) Investor Presentation - Slideshow. Subscribe to Seeking Alpha for more:… https://t.co/p8zUL1L274,1,neutral,1,neutral,neutral,1,0,Finistral-7B-LoRA,tfns,-10.563410758972168,2.5855577405309305e-05,-0.0009109399979934096,0.9995158910751343,-7.688410758972168,0.0004583010741043836
272,$SO - Final containment ring placed for Georgia Power's Vogtle nuclear expansion https://t.co/gTNtdx755r,1,neutral,1,neutral,neutral,1,0,Finistral-7B-LoRA,tfns,-8.865090370178223,0.0001415349543094635,-0.1150902658700943,0.8931829333305359,-2.2400903701782227,0.10667549073696136
273,"$SRNE - Sorrento received, rejected unsolicited acquisition proposal https://t.co/jNJl3adLlp",1,neutral,1,neutral,neutral,1,0,Finistral-7B-LoRA,tfns,-7.250869274139404,0.0007096102344803512,-0.0008693729760125279,0.9992056488990784,-9.375869750976562,8.475085633108392e-05
274,$VRML - Vermillion (VRML) Investor Presentation - Slideshow. Keep reading: https://t.co/Ms2VW2VLX3 #finance #stocks #business,1,neutral,1,neutral,neutral,1,0,Finistral-7B-LoRA,tfns,-10.375354766845703,3.1199851946439594e-05,-0.0003551805857568979,0.9999027252197266,-9.625354766845703,6.605008093174547e-05
275,$XOM - Exxon to wrap up Beaumont hydrocracker restart next week - Reuters https://t.co/qF2gXFqc5r,1,neutral,1,neutral,neutral,1,0,Finistral-7B-LoRA,tfns,-8.161406517028809,0.0002857166400644928,-0.16140617430210114,0.8517093658447266,-1.91140615940094,0.14800487458705902
276,$XON: Intrexon to achieve $175 mln cash goal; appoints Helen Sabzevari as New President and CEO; will change name t… https://t.co/1Yt9sU0plb,1,neutral,2,positive,positive,0,0,Finistral-7B-LoRA,tfns,-7.519761562347412,0.0005462589324451983,-1.1447614431381226,0.3206460475921631,-0.39476144313812256,0.6788076758384705
277,"3M is exploring a sale of its drug delivery systems unit, which could fetch about $1 billion https://t.co/ISlbwO3FCd",1,neutral,2,positive,positive,0,0,Finistral-7B-LoRA,tfns,-7.350139617919922,0.0006436419207602739,-1.9126397371292114,0.1479519009590149,-0.16263975203037262,0.8514044284820557
278,A meaty situation for Burger King,1,neutral,1,neutral,neutral,1,0,Finistral-7B-LoRA,tfns,-10.875710487365723,1.891591637104284e-05,-0.0007109498255886137,0.9994932413101196,-7.625710964202881,0.00048784795217216015
279,A New Look at Wendy's,1,neutral,1,neutral,neutral,1,0,Finistral-7B-LoRA,tfns,-9.452444076538086,7.855260628275573e-05,-0.014943797141313553,0.9858589768409729,-4.264943599700928,0.014062522910535336
280,accesso Technology : Form 8.3 - Accesso Technology Group PLC #accessoTechnology #Stock #MarketScreener… https://t.co/U7Ek9RNca7,1,neutral,1,neutral,neutral,1,0,Finistral-7B-LoRA,tfns,-10.750110626220703,2.1444426238304004e-05,-0.00011050090688513592,0.9999542236328125,-10.625110626220703,2.429971755191218e-05
281,ACI Worlwide to deliver Universal Payments tech via Azure,1,neutral,2,positive,positive,0,0,Finistral-7B-LoRA,tfns,-14.438688278198242,5.363858690543566e-07,-7.001187801361084,0.000911050708964467,-0.0011878109071403742,0.9990884065628052
282,Activision Blizzard’s Revenue To See Double-Digit Decline In 2019?,1,neutral,0,negative,negative,0,0,Finistral-7B-LoRA,tfns,-1.1324817933200393e-05,0.9999967813491821,-13.250011444091797,1.7603406377020292e-06,-13.500011444091797,1.3709546919926652e-06
283,Adocia annonce son calendrier financier pour l’année 2020,1,neutral,1,neutral,neutral,1,0,Finistral-7B-LoRA,tfns,-15.562509536743164,1.7429782417366368e-07,-9.894321920000948e-06,0.9999996423721313,-15.562509536743164,1.7429782417366368e-07
284,Advent to build up hair care brand following Olaplex buyout,1,neutral,2,positive,positive,0,0,Finistral-7B-LoRA,tfns,-10.081518173217773,4.196912777842954e-05,-4.144018173217773,0.015905724838376045,-0.019018324092030525,0.984052300453186
285,AGF Announces Closure and Liquidation of AGFiQ U.S. Market Neutral Size Fund  https://t.co/lOOBLANzmz,1,neutral,1,neutral,neutral,1,0,Finistral-7B-LoRA,tfns,-1.3426010608673096,0.3464329242706299,-0.7176010012626648,0.6472219228744507,-5.3426008224487305,0.006345141213387251
286,Airbus dominates second day of Dubai show as Boeing wins MAX order,1,neutral,1,neutral,neutral,1,0,Finistral-7B-LoRA,tfns,-10.64244270324707,2.3913720724522136e-05,-0.017442286014556885,0.9840700626373291,-4.142442226409912,0.015906011685729027
287,Aivo’s Conversational AI Bot Now Available on Genesys AppFoundry,1,neutral,2,positive,positive,0,0,Finistral-7B-LoRA,tfns,-16.000394821166992,1.1249742470909041e-07,-8.000394821166992,0.0003353500796947628,-0.00039450492477044463,0.9996645450592041
288,Alibaba Guides Pricing on Hong Kong Listing Around HK$176,1,neutral,1,neutral,neutral,1,0,Finistral-7B-LoRA,tfns,-11.062909126281738,1.568655170558486e-05,-0.0004094000905752182,0.9997932314872742,-8.562909126281738,0.00019110130961053073
289,Alibaba on track to raise $12.9 billion in Hong Kong listing - CNN,1,neutral,2,positive,positive,0,0,Finistral-7B-LoRA,tfns,-13.750511169433594,1.0677022146410309e-06,-14.313011169433594,6.083583912186441e-07,-0.0005109196645207703,0.9999983310699463
290,Alibaba share sale for $13.B Hong Kong listing oversubscribed,1,neutral,2,positive,positive,0,0,Finistral-7B-LoRA,tfns,-14.562643051147461,4.7379049306073284e-07,-15.875143051147461,1.2751898736951262e-07,-0.00014351768186315894,0.9999994039535522
291,Alibaba to pioneer paperless listing in break with Hong Kong norm - Reuters UK,1,neutral,2,positive,positive,0,0,Finistral-7B-LoRA,tfns,-11.939279556274414,6.535177362820832e-06,-7.126779556274414,0.0008040806278586388,-0.00177952169906348,0.9991893172264099
292,"Aline Sara, CEO of @NaTakallam is the latest to take our 30 second challenge. The big question: how can the private… https://t.co/otUh5GYZpI",1,neutral,1,neutral,neutral,1,0,Finistral-7B-LoRA,tfns,-15.187507629394531,2.536015131227032e-07,-7.271740287251305e-06,0.9999983310699463,-13.437507629394531,1.4593759942727047e-06
293,Allergan : Form 8.3 -  #Allergan #Stock #MarketScreener https://t.co/Fc6eMgvCAQ https://t.co/4vPUhxFD8E,1,neutral,1,neutral,neutral,1,0,Finistral-7B-LoRA,tfns,-8.563308715820312,0.00019107208936475217,-0.0008083889842964709,0.9996403455734253,-8.688308715820312,0.00016862053598742932
294,Allergan : Form 8.3 - -2- #Allergan #Stock #MarketScreener https://t.co/auV1AwcmcT https://t.co/HRDqybz3f8,1,neutral,1,neutral,neutral,1,0,Finistral-7B-LoRA,tfns,-7.251585483551025,0.0007094732718542218,-0.0015852991491556168,0.9990127086639404,-8.189085006713867,0.0002778337220661342
295,Amazon blocks third-party sellers from using FedEx shipping,1,neutral,0,negative,negative,0,0,Finistral-7B-LoRA,tfns,-0.03434691205620766,0.9668848514556885,-3.40934681892395,0.03308498114347458,-10.409346580505371,3.0169598176144063e-05
296,Amazon tunes to new cloud wavelength https://t.co/ximH0zukU9,1,neutral,1,neutral,neutral,1,0,Finistral-7B-LoRA,tfns,-11.507018089294434,1.0062192814075388e-05,-0.007018436212092638,0.9932971596717834,-5.007018566131592,0.0066927834413945675
297,"Amazon will spend more than $35 billion on shipping costs this year, more than twice what it spent two years ago. T… https://t.co/7eBU5nTpEF",1,neutral,1,neutral,neutral,1,0,Finistral-7B-LoRA,tfns,-11.750164031982422,7.889112566772383e-06,-0.00016378014697693288,0.9999731779098511,-10.875164031982422,1.8924998585134745e-05
298,Angkor Reports Results From Banlung Drill Program  https://t.co/QWxX3i7DCR,1,neutral,1,neutral,neutral,1,0,Finistral-7B-LoRA,tfns,-9.812779426574707,5.475380748976022e-05,-0.0002791491860989481,0.9998363256454468,-9.125279426574707,0.00010889094846788794
299,Ant Financial Considers Applying for Virtual Banking License in Singapore,1,neutral,2,positive,positive,0,0,Finistral-7B-LoRA,tfns,-17.625003814697266,2.2159490242756874e-08,-16.875003814697266,4.691164434689199e-08,-4.0531076592742465e-06,1.0
300,Apple starts construction of new campus in Texas,1,neutral,2,positive,positive,0,0,Finistral-7B-LoRA,tfns,-15.500308990478516,1.855333096045797e-07,-10.375308990478516,3.1201903766486794e-05,-0.0003090619284193963,0.9999685287475586
301,"Apple's redesigned maps service has rolled out across the United States, giving users more accurate navigation and... https://t.co/RxC4CXqb71",1,neutral,2,positive,positive,0,0,Finistral-7B-LoRA,tfns,-14.000232696533203,8.313588750752388e-07,-8.500232696533203,0.00020342681091278791,-0.0002330270071979612,0.9997957348823547
302,ArcelorMittal willing to re-commit to Ilva steel plant on three conditions - paper,1,neutral,1,neutral,neutral,1,0,Finistral-7B-LoRA,tfns,-9.626688957214355,6.599196785828099e-05,-0.0016890796832740307,0.9990229606628418,-7.0016889572143555,0.0009109910461120307
303,"ArcelorMittal, commissioners extend talks on Ilva plant - Reuters",1,neutral,1,neutral,neutral,1,0,Finistral-7B-LoRA,tfns,-8.032485961914062,0.0003276873903814703,-0.5324863195419312,0.5924723744392395,-0.9074863195419312,0.4071999192237854
304,"ArcelorMittal, commissioners extend talks on Italy's Ilva plant: lawyer",1,neutral,1,neutral,neutral,1,0,Finistral-7B-LoRA,tfns,-10.198768615722656,3.727106741280295e-05,-0.011268897913396358,0.9902545809745789,-4.6362690925598145,0.00970811489969492
305,Arrow Electronics Forges New Global IoT Solutions Collaboration with Microshare Inc.,1,neutral,2,positive,positive,0,0,Finistral-7B-LoRA,tfns,-15.063307762145996,2.871885556032794e-07,-7.375807285308838,0.0006263339892029762,-0.0008074360666796565,0.9993734955787659
306,"As department stories struggle, Nordstrom makes a play in New York City",1,neutral,2,positive,positive,0,0,Finistral-7B-LoRA,tfns,-10.881032943725586,1.882635842775926e-05,-5.256032466888428,0.005220027640461922,-0.0060325926169753075,0.9947611689567566
307,"ASAE Technology Exploration Conference Delivered Thought-Leaders, Live Demos and Best in Class Learning for Associa… https://t.co/shsWIU84Xy",1,neutral,1,neutral,neutral,1,0,Finistral-7B-LoRA,tfns,-14.000082015991211,8.315020636473491e-07,-8.177422569133341e-05,0.9999679327011108,-10.375082015991211,3.120188557659276e-05
308,Ashley House : 10th December 2019 - Annual General Meeting and Trading Update #AshleyHouse #Stock #MarketScreener… https://t.co/MVwTUJjqON,1,neutral,1,neutral,neutral,1,0,Finistral-7B-LoRA,tfns,-15.312629699707031,2.238025871292848e-07,-0.00012933371181134135,0.9999984502792358,-13.500129699707031,1.3709569657294196e-06
309,Auto Expo 2020: JBM To Invest Rs 500 Crore In Electric Bus Business,1,neutral,2,positive,positive,0,0,Finistral-7B-LoRA,tfns,-13.191091537475586,1.8700325199461076e-06,-6.191091537475586,0.002050739713013172,-0.003591755172237754,0.9979473948478699
310,AVJennings : AVJ Progressing with 3500 Lot Project in SEQ Growth Corridor #AVJennings #Stock #MarketScreener… https://t.co/wEuepnKClY,1,neutral,1,neutral,neutral,1,0,Finistral-7B-LoRA,tfns,-10.472065925598145,2.834176666510757e-05,-0.03456585481762886,0.9668866395950317,-3.4095659255981445,0.033085040748119354
311,Azure Healthcare : Rights Issue Offer Document Lodgement and Cleansing Notice #AzureHealthcare #Stock… https://t.co/ewCxUbTQM6,1,neutral,1,neutral,neutral,1,0,Finistral-7B-LoRA,tfns,-10.812884330749512,2.014537494687829e-05,-0.0003847335756290704,0.9999641180038452,-11.062884330749512,1.568923471495509e-05
312,"Balance Point already near goal for new fundraise, just a year after $380m Fund III close",1,neutral,2,positive,positive,0,0,Finistral-7B-LoRA,tfns,-11.437954902648926,1.0783197467389982e-05,-11.437954902648926,1.0783197467389982e-05,-0.0004552758182398975,0.9999785423278809
313,Barrick to sell Super Pit mine share for $750M,1,neutral,1,neutral,neutral,1,0,Finistral-7B-LoRA,tfns,-9.229374885559082,0.00011184583127032965,-0.1668751835823059,0.9647471904754639,-3.479375123977661,0.03514091297984123
314,Bass Oil : Bunian-5 Testing Complete - Now Set to Commence Production #BassOil #Stock #MarketScreener… https://t.co/DmbhYHiI9T,1,neutral,2,positive,positive,0,0,Finistral-7B-LoRA,tfns,-11.378079414367676,1.145038640970597e-05,-6.003079414367676,0.002472595078870654,-0.0030791987664997578,0.9975160360336304
315,Berenberg expects higher offer for LogMeIn,1,neutral,2,positive,positive,0,0,Finistral-7B-LoRA,tfns,-13.437616348266602,1.4593763353332179e-06,-19.0938663482666,5.1013970825408705e-09,-0.00011634149996098131,0.9999985694885254
316,"BHP, Woodside agree on tolling price for Scarborough gas",1,neutral,2,positive,positive,0,0,Finistral-7B-LoRA,tfns,-14.125204086303711,7.338176715165901e-07,-12.312704086303711,4.495178018260049e-06,-0.00020382710499688983,0.9999947547912598
317,Bobit Business Media’s Chris Brown Wins Eddie Award For Business Fleet Article  https://t.co/m1YoKG5j2w,1,neutral,1,neutral,neutral,1,0,Finistral-7B-LoRA,tfns,-13.008659362792969,2.243578364868881e-06,-0.07115954160690308,0.9324511885643005,-2.696159601211548,0.0675465390086174
318,Boeing announces additional order for 737 MAX planes,1,neutral,2,positive,positive,0,0,Finistral-7B-LoRA,tfns,-16.312652587890625,8.23324484144905e-08,-15.000152587890625,3.05902176478412e-07,-0.00015233787416946143,0.9999995231628418
319,Boeing gets 10 additional orders for 737 MAX 8 planes valued at $1.2 billion from SunExpress,1,neutral,2,positive,positive,0,0,Finistral-7B-LoRA,tfns,-16.93760108947754,4.406940945500537e-08,-18.06260108947754,1.43072416136647e-08,-0.0001003691868390888,1.0
320,Boeing Maintains Supremacy Over Airbus at United Airlines Despite A321XLR Order,1,neutral,2,positive,positive,0,0,Finistral-7B-LoRA,tfns,-11.190628051757812,1.3811770259053446e-05,-6.0031280517578125,0.0024725892581045628,-0.003128279699012637,0.9975136518478394
321,Brookfield Asset Management closes $20B infrastructure fund,1,neutral,2,positive,positive,0,0,Finistral-7B-LoRA,tfns,-11.563255310058594,9.516181307844818e-06,-11.813255310058594,7.41120948077878e-06,-0.0007551440503448248,0.9999830722808838
322,Cadbury Chocolate Maker Sees ‘No Stopping of Growth’ in Demand,1,neutral,1,neutral,neutral,1,0,Finistral-7B-LoRA,tfns,-13.125292778015137,1.9942699509556405e-06,-0.00029309268575161695,0.9997674822807312,-8.375292778015137,0.00023050625168252736
323,CAE : completes upgrades of CT-156 and CT-155 FTDs for NFTC program at 15 Wing Moose Jaw #CAE #Stock… https://t.co/QtvyZaPnzE,1,neutral,2,positive,positive,0,0,Finistral-7B-LoRA,tfns,-13.132762908935547,1.9796152628259733e-06,-4.882762908935547,0.007577225565910339,-0.007763096131384373,0.9924207329750061
324,Cambridge Cognition : expands eCOA offering and wins contract with top 10 pharmaceutical c... #CambridgeCognition… https://t.co/KG7utY8LZm,1,neutral,2,positive,positive,0,0,Finistral-7B-LoRA,tfns,-13.687556266784668,1.136530386247614e-06,-10.437556266784668,2.931150265794713e-05,-5.590759246842936e-05,0.999969482421875
325,Canadian Milk Giant Saputo Homes in on Dairy-Free Deal This Year,1,neutral,1,neutral,neutral,1,0,Finistral-7B-LoRA,tfns,-5.048058986663818,0.0065763648599386215,-0.17305898666381836,0.8613338470458984,-2.0480589866638184,0.13208982348442078
326,Canadian regulator dismisses Catalyst request for cease trade order on Hudson's take private deal,1,neutral,2,positive,positive,0,0,Finistral-7B-LoRA,tfns,-9.964344024658203,4.7071294829947874e-05,-3.651844024658203,0.025956135243177414,-0.026843950152397156,0.9739968180656433
327,"CG Power Gets Shareholders Nod To Raise Rs 5,000 Crore",1,neutral,2,positive,positive,0,0,Finistral-7B-LoRA,tfns,-15.500031471252441,1.8553907921159407e-07,-16.437530517578125,7.265813906087715e-08,-3.111314072157256e-05,0.9999996423721313
328,Chipotle highlights fast drive-thru lanes,1,neutral,2,positive,positive,0,0,Finistral-7B-LoRA,tfns,-9.214338302612305,9.964468335965648e-05,-3.6518383026123047,0.025954769924283028,-0.026838378980755806,0.9739456176757812
329,"Comstock Mining Provides Strategic Overview and Updates; Value Proposition, Strategic Initiatives and Reverse Stock… https://t.co/Yozj1lH9TS",1,neutral,1,neutral,neutral,1,0,Finistral-7B-LoRA,tfns,-13.43777847290039,1.4591846593248192e-06,-0.00027855331427417696,0.9998672008514404,-8.93777847290039,0.00013135161134414375
330,"Cree, STM double silicon carbide wafer agreement",1,neutral,2,positive,positive,0,0,Finistral-7B-LoRA,tfns,-15.625306129455566,1.6373763855881407e-07,-15.000306129455566,3.05902176478412e-07,-0.0003057250869460404,0.9999995231628418
331,Crunch talks lead to Emirates order for 30 Boeing Dreamliners,1,neutral,2,positive,positive,0,0,Finistral-7B-LoRA,tfns,-16.062641143798828,1.0571699959882608e-07,-17.062641143798828,3.8891112552619234e-08,-0.00014029949670657516,0.9999998807907104
332,"David Marcus heads the Facebook subsidiary Calibra, which is creating the digital wallet that lets you store and se… https://t.co/EBRdFFrkwo",1,neutral,1,neutral,neutral,1,0,Finistral-7B-LoRA,tfns,-15.125015258789062,2.6995761004400265e-07,-1.5020257706055418e-05,0.9999991655349731,-14.312515258789062,6.083589028094138e-07
333,Delta's CEO explains why Wifi isn't better on airplanes https://t.co/7HKHdNyP4Z https://t.co/fF7fvnSUlc,1,neutral,1,neutral,neutral,1,0,Finistral-7B-LoRA,tfns,-15.437514305114746,1.975053152136752e-07,-1.3947389561508317e-05,0.9999996423721313,-15.625014305114746,1.6373765276966878e-07
334,Disney is allowed to build nuclear power plants thanks to a 1967 law. But the park is turning to solar power with… https://t.co/BzRI5tlce3,1,neutral,1,neutral,neutral,1,0,Finistral-7B-LoRA,tfns,-15.250134468078613,2.3821793604383856e-07,-0.00013433984713628888,0.999920129776001,-9.437634468078613,7.967298734001815e-05
335,Dyadic International : Announces Achieving Human Like Glycan Structures From Its Engineere... #DyadicInternational… https://t.co/eVfCZjC60j,1,neutral,1,neutral,neutral,1,0,Finistral-7B-LoRA,tfns,-9.413785934448242,8.164556493284181e-05,-0.0387863852083683,0.9625945091247559,-3.2887864112854004,0.03732383996248245
336,Ecolab Launches Innovative Eco-Flex™ Non-Iodine Teat Dip,1,neutral,2,positive,positive,0,0,Finistral-7B-LoRA,tfns,-14.312623023986816,6.083346875129791e-07,-10.125123023986816,4.006366361863911e-05,-0.00012337400403339416,0.9999593496322632
337,"Elections boost YouGov's profile, but the company makes most of its money tracking brands and market trends https://t.co/8fp3XHBmHG",1,neutral,2,positive,positive,0,0,Finistral-7B-LoRA,tfns,-10.586246490478516,2.527616743464023e-05,-0.898746907711029,0.40732312202453613,-0.523746907711029,0.5926516056060791
338,Elon Musk probably wasn’t expecting this… Watch what happened when Tesla unveiled its “bulletproof” Cybertruck:… https://t.co/WlDIOM3seK,1,neutral,1,neutral,neutral,1,0,Finistral-7B-LoRA,tfns,-10.2503023147583,3.535188807290979e-05,-0.000302030734019354,0.9998412132263184,-9.0003023147583,0.00012339021486695856
339,Emerald Resources NL : Voluntary Suspension #EmeraldResourcesNL #Stock #MarketScreener https://t.co/zefjhT7YbV https://t.co/0f5IRUY68q,1,neutral,1,neutral,neutral,1,0,Finistral-7B-LoRA,tfns,-2.914778470993042,0.05598757416009903,-0.10227857530117035,0.9322767853736877,-4.477278709411621,0.01173563301563263
340,Emirates orders 30 Boeing 787 Dreamliners,1,neutral,2,positive,positive,0,0,Finistral-7B-LoRA,tfns,-15.75003433227539,1.4449800289639825e-07,-16.00003433227539,1.1253514742293191e-07,-3.397406908334233e-05,0.9999997615814209
341,Encana files paperwork for move to U.S. from Canada,1,neutral,1,neutral,neutral,1,0,Finistral-7B-LoRA,tfns,-11.750297546386719,7.88801298767794e-06,-0.00029797881143167615,0.9998337030410767,-8.750297546386719,0.00015843496657907963
342,Encantos Partners With Award-Winning Chef Aliya LeeKong to Develop New Food-Inspired Preschool Brand ISSA’S EDIBLE ADVENTURES™,1,neutral,2,positive,positive,0,0,Finistral-7B-LoRA,tfns,-11.17419719696045,1.4411773918254767e-05,-1.0804469585418701,0.3486400842666626,-0.45544689893722534,0.6513454914093018
343,Exclusive: Russia's VTB plans to expand grain business and then exit - CEO,1,neutral,1,neutral,neutral,1,0,Finistral-7B-LoRA,tfns,-8.264007568359375,0.00025810886290855706,-0.389007568359375,0.6790033578872681,-1.139007568359375,0.3207384943962097
344,FedEx discontinues pension for new hires,1,neutral,0,negative,negative,0,0,Finistral-7B-LoRA,tfns,-0.0035467357374727726,0.9968159794807434,-5.753546714782715,0.0031726467423141003,-11.378546714782715,1.1442351024015807e-05
345,Fidelity granted charter for virtual currency platform from New York state,1,neutral,2,positive,positive,0,0,Finistral-7B-LoRA,tfns,-17.6875057220459,2.0816912638110807e-08,-17.3750057220459,2.8453348122070565e-08,-6.318072337307967e-06,1.0
346,Flynas exercises options for A321XLR jets,1,neutral,2,positive,positive,0,0,Finistral-7B-LoRA,tfns,-15.50015640258789,1.8553897973561106e-07,-14.12515640258789,7.338208547480463e-07,-0.0001567479339428246,0.9999990463256836
347,Ford and McDonalds are teaming up to create car parts out of coffee beans https://t.co/HZOpOUPKJh,1,neutral,2,positive,positive,0,0,Finistral-7B-LoRA,tfns,-10.871335983276367,1.9072489521931857e-05,-1.8088362216949463,0.16451331973075867,-0.1838361918926239,0.8354676365852356
348,Foxconn Interconnect Technology : Renewal of Continuing Connected Transactions - New Conti...… https://t.co/ni0Mg3aCxf,1,neutral,1,neutral,neutral,1,0,Finistral-7B-LoRA,tfns,-8.813888549804688,0.0001488041743868962,-0.001388300908729434,0.9996206760406494,-8.376388549804688,0.00023047240392770618
349,Foxconn won't amend Wisconsin contract - The Verge,1,neutral,1,neutral,neutral,1,0,Finistral-7B-LoRA,tfns,-6.252051830291748,0.001926702563650906,-0.00205163168720901,0.9980565905570984,-11.00205135345459,1.6669242540956475e-05
350,"Franklin Berger Is The Independent Director of Kezar Life Sciences, Inc. (NASDAQ:KZR) And They Just Spent US$314k On Shares",1,neutral,1,neutral,neutral,1,0,Finistral-7B-LoRA,tfns,-8.606927871704102,0.00018424185691401362,-0.48192793130874634,0.6223446130752563,-0.9819279313087463,0.37747108936309814
351,Free Shipping Is the Key to Amazon's Success,1,neutral,2,positive,positive,0,0,Finistral-7B-LoRA,tfns,-11.020750999450684,1.6361847883672453e-05,-3.8957509994506836,0.02033201977610588,-0.020750924944877625,0.9796516299247742
352,Future Land Development : Speech on financial education #FutureLandDevelopment #Stock #MarketScreener… https://t.co/t5Y2rr9cBR,1,neutral,1,neutral,neutral,1,0,Finistral-7B-LoRA,tfns,-12.625102996826172,3.288708967374987e-06,-0.00010311071673640981,0.9999845027923584,-11.312602996826172,1.2219035852467641e-05
353,Galp Energia : secures new renewable power purchase agreement in Spain #GalpEnergia #Stock #MarketScreener… https://t.co/3b9FxGED3y,1,neutral,2,positive,positive,0,0,Finistral-7B-LoRA,tfns,-13.06264877319336,2.123147169186268e-06,-9.12514877319336,0.0001088966746465303,-0.00014876213390380144,0.9998888969421387
354,GCEL’s Digital Economy Platform To Assist Realization of Malaysia’s Shared Prosperity Vision 2030 Objectives,1,neutral,1,neutral,neutral,1,0,Finistral-7B-LoRA,tfns,-15.62553882598877,1.6365780197702406e-07,-0.0005392765742726624,0.9995119571685791,-7.625539302825928,0.0004878570616710931
355,Genetic Signatures : Appendix 3B - Share Issue SPP #GeneticSignatures #Stock #MarketScreener https://t.co/082ZoLFZDn https://t.co/ZdNx7jp4uW,1,neutral,1,neutral,neutral,1,0,Finistral-7B-LoRA,tfns,-8.316495895385742,0.0002448968298267573,-0.003995888400822878,0.9978287816047668,-6.253995895385742,0.001926262746565044
356,Germany's Condor sets ambitious margin target to court buyers https://t.co/COG93noQDO https://t.co/uTis2d6Fix,1,neutral,2,positive,positive,0,0,Finistral-7B-LoRA,tfns,-7.1291399002075195,0.0008025384158827364,-2.1291401386260986,0.11910725384950638,-0.12914013862609863,0.8800902366638184
357,GM and South Korea’s LG Chem set $2.3 billion electric-vehicle-battery venture in Ohio. The joint venture is expect… https://t.co/px1loY3FYe,1,neutral,2,positive,positive,0,0,Finistral-7B-LoRA,tfns,-13.625577926635742,1.209433776239166e-06,-7.938077449798584,0.0003569701802916825,-0.0005776405450887978,0.9996417760848999
358,Goldman Sachs is planning on giving some of its most valuable software to Wall Street for free. https://t.co/dn4iEluF1j,1,neutral,2,positive,positive,0,0,Finistral-7B-LoRA,tfns,-8.67165470123291,0.00017288576054852456,-2.35915470123291,0.09533298015594482,-0.1091545820236206,0.9044941663742065
359,"Goldman's Marcus aims to lure home buyers, sellers to its personal loan platform",1,neutral,2,positive,positive,0,0,Finistral-7B-LoRA,tfns,-11.063193321228027,1.568279549246654e-05,-7.750693321228027,0.00043055033893324435,-0.0006934384000487626,0.9995537400245667
360,Google Stadia review: The game streaming service works — but it’s missing key features,1,neutral,0,negative,negative,0,0,Finistral-7B-LoRA,tfns,-0.34868568181991577,0.7057609558105469,-1.2236857414245605,0.2942049205303192,-10.286185264587402,3.410800127312541e-05
361,Grazitti Interactive Expands Its Presence in North America,1,neutral,2,positive,positive,0,0,Finistral-7B-LoRA,tfns,-16.562519073486328,6.412042807824037e-08,-12.812519073486328,2.7264700293017086e-06,-1.9192511899746023e-05,0.9999971389770508
362,GreenPrint Launches IMPACT COLLECTIVE Sustainability Initiative,1,neutral,1,neutral,neutral,1,0,Finistral-7B-LoRA,tfns,-12.696298599243164,3.0629942102677887e-06,-0.008798757568001747,0.9914194345474243,-4.758798599243164,0.008577458560466766
363,Heard on the Street: Dubai shows up Boeing’s wide-body woes https://t.co/Jla8Ap1CJm,1,neutral,0,negative,negative,0,0,Finistral-7B-LoRA,tfns,-0.0001652104256208986,0.9999843835830688,-11.312664985656738,1.2219034033478238e-05,-12.625164985656738,3.288708512627636e-06
364,Hedge fund Two Sigma builds private equity power with $1.2bn debut Sightway Capital fund close,1,neutral,2,positive,positive,0,0,Finistral-7B-LoRA,tfns,-14.062912940979004,7.811480600139475e-07,-14.750412940979004,3.927858926999761e-07,-0.00041333239641971886,0.9999988079071045
365,Here's the Most Detailed Breakdown of Netflix's Subscriber Base Ever,1,neutral,1,neutral,neutral,1,0,Finistral-7B-LoRA,tfns,-13.562653541564941,1.2877987956017023e-06,-0.0001532914029667154,0.999923825263977,-9.500153541564941,7.48461316106841e-05
366,HKScan Oyj:OMIEN OSAKKEIDEN HANKINTA 25.11.2019 #Stock #MarketScreener https://t.co/pJy7Wb5xzZ https://t.co/iZcxHLUncR,1,neutral,1,neutral,neutral,1,0,Finistral-7B-LoRA,tfns,-7.87567138671875,0.0003799314144998789,-0.0006712805479764938,0.9994803071022034,-8.87567138671875,0.00013976896298117936
367,Honda pushes back Wuhan restart timeline,1,neutral,0,negative,negative,0,0,Finistral-7B-LoRA,tfns,-0.00010883215873036534,0.9999662637710571,-10.50010871887207,2.7535521439858712e-05,-12.00010871887207,6.144005055830348e-06
368,Horizon Gold : Management Agreement Extended #HorizonGold #Stock #MarketScreener https://t.co/hJVXxzyv43 https://t.co/fkLqS0DRZp,1,neutral,2,positive,positive,0,0,Finistral-7B-LoRA,tfns,-12.1898193359375,5.0825869948312175e-06,-6.1273193359375,0.0021827053278684616,-0.002319504739716649,0.9978121519088745
369,HSBC : Terms of Reference of Nomination & Corporate Governance Committee #HSBC #Stock #MarketScreener… https://t.co/ZAdqozoyZG,1,neutral,1,neutral,neutral,1,0,Finistral-7B-LoRA,tfns,-15.062511444091797,2.873684366022644e-07,-1.1324817933200393e-05,0.9999994039535522,-15.000011444091797,3.0590214805670257e-07
370,Icade : Investor Presentation - November 2019 #Icade #Stock #MarketScreener https://t.co/9OI0H5lNAj https://t.co/vVW9zc9YrM,1,neutral,1,neutral,neutral,1,0,Finistral-7B-LoRA,tfns,-12.312657356262207,4.495111170399468e-06,-0.00015722469834145159,0.9999798536300659,-11.062657356262207,1.568948027852457e-05
371,intelliHR : Initial Director's Interest Notice #intelliHR #Stock #MarketScreener https://t.co/3SWLeBWsRy https://t.co/YoKYR1jZ9G,1,neutral,1,neutral,neutral,1,0,Finistral-7B-LoRA,tfns,-11.062604904174805,1.5689171050325967e-05,-0.000105375460407231,0.9999600648880005,-10.625104904174805,2.429986125207506e-05
372,iPhone maker Foxconn to make surgical face masks alongside Apple products in Shenzhen,1,neutral,1,neutral,neutral,1,0,Finistral-7B-LoRA,tfns,-12.258953094482422,4.74405078421114e-06,-0.008953542448580265,0.9914177656173706,-4.75895357131958,0.008577444590628147
373,iStar : An amendment to a SC 13D filing #iStar #Stock #MarketScreener https://t.co/bxeJCoYpzv https://t.co/PLNQ0BchJR,1,neutral,1,neutral,neutral,1,0,Finistral-7B-LoRA,tfns,-7.751029014587402,0.00043045790516771376,-0.0010289618512615561,0.9993391633033752,-8.376029014587402,0.00023040750238578767
374,"John Hussman Buys Amazon, Facebook",1,neutral,2,positive,positive,0,0,Finistral-7B-LoRA,tfns,-13.687603950500488,1.136563469117391e-06,-15.250103950500488,2.3823662331778905e-07,-0.00010442188795423135,0.9999985694885254
375,JPMorgan expands private credit group,1,neutral,2,positive,positive,0,0,Finistral-7B-LoRA,tfns,-15.687575340270996,1.5381722562324285e-07,-14.187575340270996,6.893609452163219e-07,-7.497983460780233e-05,0.9999991655349731
376,JUST & Sodexo Partner on a Breakfast Solution for a Better Tomorrow,1,neutral,1,neutral,neutral,1,0,Finistral-7B-LoRA,tfns,-12.013340950012207,6.071668849472189e-06,-0.3883412182331085,0.679174542427063,-1.1383411884307861,0.32081934809684753
377,Kabbage Drums Up Gig Economy Business (Podcast),1,neutral,2,positive,positive,0,0,Finistral-7B-LoRA,tfns,-16.12506866455078,9.930980127137445e-08,-10.750068664550781,2.1444946469273418e-05,-6.8662193370983e-05,0.9999784231185913
378,Karrie International : UNAUDITED INTERIM RESULTS FOR THE SIX MONTHS ENDED 30 SEPTEMBER 201... #KarrieInternational… https://t.co/KMY8o7CH7h,1,neutral,1,neutral,neutral,1,0,Finistral-7B-LoRA,tfns,-10.500101089477539,2.753498120000586e-05,-0.0001012035645544529,0.9999465942382812,-10.562601089477539,2.5866720534395427e-05
379,Kathie Lee's move can be a life-changer -- if it's done right. https://t.co/fRGHT9YUs9,1,neutral,1,neutral,neutral,1,0,Finistral-7B-LoRA,tfns,-14.12508487701416,7.337897045545105e-07,-8.511180931236595e-05,0.9999566078186035,-10.06258487701416,4.2647432564990595e-05
380,Kelley Blue Book publisher on Tesla CyberTruck: 'People are going to think about this truck' https://t.co/m1VhRuLX5R https://t.co/cTHboEEJBp,1,neutral,2,positive,positive,0,0,Finistral-7B-LoRA,tfns,-10.589810371398926,2.5195999114657752e-05,-3.6523101329803467,0.02595670148730278,-0.027310136705636978,0.9740180969238281
381,Kroton Educacional S A : Material Fact - Migration Debentures #CognaEducação #Stock #MarketScreener… https://t.co/kBiatBgRJB,1,neutral,1,neutral,neutral,1,0,Finistral-7B-LoRA,tfns,-9.063056945800781,0.00011589425412239507,-0.0005566716426983476,0.9996676445007324,-8.438056945800781,0.00021651895076502115
382,Lithium : Sampling Results Belmont Tailings #Lithium #Stock #MarketScreener https://t.co/9gwU3f3JMu https://t.co/E4ngjYhr73,1,neutral,1,neutral,neutral,1,0,Finistral-7B-LoRA,tfns,-10.437586784362793,2.931082599388901e-05,-8.689979586051777e-05,0.9999463558197021,-10.625086784362793,2.429952655802481e-05
383,L'Oreal CEO Speaks About Coronavirus Impact and Earnings,1,neutral,1,neutral,neutral,1,0,Finistral-7B-LoRA,tfns,-7.750642776489258,0.00043054186971858144,-0.0006425699684768915,0.9995341300964355,-10.250642776489258,3.534102870617062e-05
384,Mallinckrodt loses bid to overturn adverse INOmax patent ruling,1,neutral,0,negative,negative,0,0,Finistral-7B-LoRA,tfns,-3.9457496313843876e-05,0.9999984502792358,-16.68754005432129,5.6586152652471355e-08,-13.375039100646973,1.5534978956566192e-06
385,Marubeni : 10 Year Extension of Production Sharing Contract for Ravva Oil and Gas Field in... #Marubeni #Stock… https://t.co/4lYEQ2SMIF,1,neutral,2,positive,positive,0,0,Finistral-7B-LoRA,tfns,-13.562670707702637,1.2877926565124653e-06,-9.437670707702637,7.96729073044844e-05,-0.00017081231635529548,0.999919056892395
386,Maruti Suzuki Says India Not Ready For EVs As Peers Take The Plunge,1,neutral,0,negative,negative,0,0,Finistral-7B-LoRA,tfns,-0.0001333863037871197,0.9999634027481079,-10.250133514404297,3.5356206353753805e-05,-13.625133514404297,1.2098229262846871e-06
387,"Mastercard Cash Pick-Up lets anyone with a cell phone, even those without a bank account, withdraw cash from a near... https://t.co/MmVDwyWUy0",1,neutral,1,neutral,neutral,1,0,Finistral-7B-LoRA,tfns,-11.875484466552734,6.95943981554592e-06,-0.00048458753735758364,0.9995885491371155,-7.812984466552734,0.000404478661948815
388,Maurice Lévy says his starting point at WeWork is to stem 'the flow of bad news' and refocus efforts on the core bu… https://t.co/YppGAFypPH,1,neutral,1,neutral,neutral,1,0,Finistral-7B-LoRA,tfns,-7.875925064086914,0.00037982099456712604,-0.0009248746791854501,0.9991897940635681,-7.750925064086914,0.0004303935565985739
389,Merkel says financial transaction tax is right for equities - sources #economy #MarketScreener… https://t.co/LhK8h9DCXC,1,neutral,1,neutral,neutral,1,0,Finistral-7B-LoRA,tfns,-10.437997817993164,2.92989188892534e-05,-0.0004981707315891981,0.9995402097702026,-7.750498294830322,0.00043054448906332254
390,"MJardin Receives Cultivation, Processing License For Warman Facility",1,neutral,2,positive,positive,0,0,Finistral-7B-LoRA,tfns,-16.375001907348633,7.734421103577915e-08,-17.500001907348633,2.510998697857758e-08,-2.861018856492592e-06,0.9999998807907104
391,"MMTC To Import 6,090 Tonne Onion To Boost Supply, Cut Prices",1,neutral,2,positive,positive,0,0,Finistral-7B-LoRA,tfns,-7.75292444229126,0.0004299110150896013,-6.50292444229126,0.00150053680408746,-0.002924453467130661,0.9980695843696594
392,"Moncler, the Italian maker of luxury puffy ski jackets, is holding a board meeting to discuss the company’s strateg… https://t.co/6MZQW1iMLl",1,neutral,1,neutral,neutral,1,0,Finistral-7B-LoRA,tfns,-14.37503433227539,5.715000384043378e-07,-3.4450891689630225e-05,0.9999986886978149,-14.06253433227539,7.811479463271098e-07
393,Morgan Stanley pushes advisers to boost revenue in 2020 pay plan -sources,1,neutral,2,positive,positive,0,0,Finistral-7B-LoRA,tfns,-11.875181198120117,6.96202505423571e-06,-10.312681198120117,3.321396070532501e-05,-0.00018082413589581847,0.9999598264694214
394,MTU Aero Engines : Maintenance signs exclusive CFM56-7B contract with Malaysia Airlines Berhad #MTU #Stock… https://t.co/38qwmBg0CB,1,neutral,2,positive,positive,0,0,Finistral-7B-LoRA,tfns,-13.375115394592285,1.553407287246955e-06,-9.750115394592285,5.8291174354963005e-05,-0.00011514954530866817,0.9999401569366455
395,Myovant conference call tomorrow on late-stage study of relugolix in prostate cancer,1,neutral,2,positive,positive,0,0,Finistral-7B-LoRA,tfns,-11.62527847290039,8.939379767980427e-06,-10.25027847290039,3.535593350534327e-05,-0.00027807659353129566,0.9999556541442871
396,Naspers : Statement regarding Just Eat PLC circular #Naspers #Stock #MarketScreener https://t.co/1fevTx1FVf https://t.co/EfITyuOucV,1,neutral,1,neutral,neutral,1,0,Finistral-7B-LoRA,tfns,-11.75033187866211,7.888504114816897e-06,-0.0003321811091154814,0.9998960494995117,-9.25033187866211,9.610166307538748e-05
397,Naspers : Statistical Yearbook of the Czech Republic 2019 Released #Naspers #Stock #MarketScreener… https://t.co/Veh3TNMnb4,1,neutral,1,neutral,neutral,1,0,Finistral-7B-LoRA,tfns,-13.812533378601074,1.0030105386249488e-06,-3.325883881188929e-05,0.9999954700469971,-12.562533378601074,3.500850880300277e-06
398,Netflix : Says 26.4 Million Users Watched 'The Irishman' in First Week #Netflix #Stock #MarketScreener… https://t.co/sSRSMs74uw,1,neutral,2,positive,positive,0,0,Finistral-7B-LoRA,tfns,-12.252378463745117,4.774650278704939e-06,-6.127377986907959,0.0021827060263603926,-0.002378018107265234,0.9978125095367432
399,Neuronetics to Present at the 31st Annual Piper Jaffray Healthcare Conference  https://t.co/Xkt7qnHTs7,1,neutral,1,neutral,neutral,1,0,Finistral-7B-LoRA,tfns,-9.63658332824707,6.555168511113152e-05,-0.011583688668906689,0.9923576712608337,-4.8865838050842285,0.007576744072139263
400,"New investment by Carlyle, others values American Express Global Business Travel at $5 billion--WSJ",1,neutral,2,positive,positive,0,0,Finistral-7B-LoRA,tfns,-9.981670379638672,4.6291817852761596e-05,-3.169170379638672,0.04208578169345856,-0.044170379638671875,0.9578679203987122
401,New Media closes Gannett combination,1,neutral,2,positive,positive,0,0,Finistral-7B-LoRA,tfns,-10.18021297454834,3.792945426539518e-05,-1.805213212966919,0.16451020538806915,-0.18021315336227417,0.8354518413543701
402,"Next: Charles Amerischwab pays clients to trade on its platform, crushes E-Trade stock and then buys it 80% off.",1,neutral,2,positive,positive,0,0,Finistral-7B-LoRA,tfns,-8.188150405883789,0.0002779987407848239,-9.063150405883789,0.00011588711640797555,-0.0006500753224827349,0.9996060729026794
403,Nieuwe vice president supply chain benoemd bij Viking Malt Group,1,neutral,1,neutral,neutral,1,0,Finistral-7B-LoRA,tfns,-16.125043869018555,9.931179079103458e-08,-4.31528314948082e-05,0.9999984502792358,-13.437542915344238,1.4593761079595424e-06
404,Nike creates the gridiron of the future for Miami powerhouse schools https://t.co/bmeD4T5Has,1,neutral,1,neutral,neutral,1,0,Finistral-7B-LoRA,tfns,-11.06589126586914,1.5639772755093873e-05,-0.0033912311773747206,0.9968116879463196,-5.753391265869141,0.0031726332381367683
405,Nike sets strategy in South America,1,neutral,1,neutral,neutral,1,0,Finistral-7B-LoRA,tfns,-14.687540054321289,4.1811671280811424e-07,-3.9934315282152966e-05,0.9999947547912598,-12.250040054321289,4.785092642123345e-06
406,Nike's Vaporfly running sneakers to be allowed in 2020 Olympics https://t.co/zokAlame0K,1,neutral,2,positive,positive,0,0,Finistral-7B-LoRA,tfns,-10.818361282348633,2.003224471991416e-05,-0.6933610439300537,0.49998998641967773,-0.6933610439300537,0.49998998641967773
407,Nomura highlights casino sleeper amid coronavirus anxiety,1,neutral,1,neutral,neutral,1,0,Finistral-7B-LoRA,tfns,-6.646169662475586,0.0013012212002649903,-0.02116965875029564,0.9807358980178833,-4.021169662475586,0.017962805926799774
408,"Notable Insider Buys Last Week: Anthem, Discover Financial",1,neutral,2,positive,positive,0,0,Finistral-7B-LoRA,tfns,-11.850924491882324,7.134641691664001e-06,-3.2884247303009033,0.037326619029045105,-0.03842463716864586,0.9626662135124207
409,NYC pension leader targets three utilities over emissions plans,1,neutral,0,negative,negative,0,0,Finistral-7B-LoRA,tfns,-3.814624506048858e-05,0.9999985694885254,-17.812538146972656,1.8370835519476714e-08,-13.437538146972656,1.4593763353332179e-06
410,Oakdale Resources : Guangdong achieves sustained progress in utilization of FDI #OakdaleResources #Stock… https://t.co/Y1ktrolyvu,1,neutral,2,positive,positive,0,0,Finistral-7B-LoRA,tfns,-10.690896034240723,2.27555756282527e-05,-5.7533955574035645,0.0031726111192256212,-0.0033956270199269056,0.9968047142028809
411,"Oaktree Specialty Lending NII in-line, misses on total investment income",1,neutral,1,neutral,neutral,1,0,Finistral-7B-LoRA,tfns,-10.625056266784668,2.430009226372931e-05,-5.6622808187967166e-05,0.9999696016311646,-12.000056266784668,6.144025519461138e-06
412,Ontario and Quebec on board with Merck HIV meds,1,neutral,2,positive,positive,0,0,Finistral-7B-LoRA,tfns,-14.125042915344238,7.338206842177897e-07,-14.562542915344238,4.7379020884363854e-07,-4.327203714638017e-05,0.9999988079071045
413,"Opal Energy : Versus Systems to Present at the LD Micro Main Event (XII) on Tuesday, Decem... #Versus #Stock… https://t.co/4VAFhHVN4S",1,neutral,1,neutral,neutral,1,0,Finistral-7B-LoRA,tfns,-11.937661170959473,6.539882633660454e-06,-0.00016127715934999287,0.9999086856842041,-9.375161170959473,8.481049007968977e-05
414,"Osram Licht CFO on Coronavirus, Auto Market, 2020 Outlook",1,neutral,1,neutral,neutral,1,0,Finistral-7B-LoRA,tfns,-12.937562942504883,2.4060980194917647e-06,-6.341733387671411e-05,0.9999958276748657,-13.250062942504883,1.7603389323994634e-06
415,Otello : Commodity Classic Announces Main Stage Line-Up for 2020 #Otello #Stock #MarketScreener… https://t.co/kpMbYgOGOx,1,neutral,1,neutral,neutral,1,0,Finistral-7B-LoRA,tfns,-16.06252098083496,1.0571696407168929e-07,-2.1576648578047752e-05,0.9999995231628418,-14.875021934509277,3.466325892986788e-07
416,Pepkor Weathers Tough South African Market,1,neutral,1,neutral,neutral,1,0,Finistral-7B-LoRA,tfns,-10.252212524414062,3.5288132494315505e-05,-0.0022129351273179054,0.998038113117218,-6.252213001251221,0.0019266668241471052
417,"PG&E to cut power to 150,000 customer for fire risk",1,neutral,0,negative,negative,0,0,Finistral-7B-LoRA,tfns,-0.0014148473273962736,0.999313235282898,-7.313914775848389,0.0006666889530606568,-10.813915252685547,2.013226185226813e-05
418,PG&E’s Bid to Save Bankruptcy Plan Can Skip State Approval,1,neutral,2,positive,positive,0,0,Finistral-7B-LoRA,tfns,-11.562566757202148,9.516196769254748e-06,-12.062566757202148,5.771864834969165e-06,-6.639736966462806e-05,0.9999847412109375
419,Piper Jaffray Announces Ticker Symbol Change to PIPR,1,neutral,1,neutral,neutral,1,0,Finistral-7B-LoRA,tfns,-14.187726974487305,6.893531576679379e-07,-0.00022742546570952982,0.9999878406524658,-11.375226974487305,1.1478760825411882e-05
420,"Porsche is going all in on electric vehicles, but the legendary 911 will be the last of the brand’s lineup to make… https://t.co/cenmzD3pmN",1,neutral,1,neutral,neutral,1,0,Finistral-7B-LoRA,tfns,-11.812777519226074,7.41030680728727e-06,-0.00027771908207796514,0.9998612403869629,-8.937777519226074,0.00013135084009263664
421,"Porsche is going all in on electric vehicles, but the legendary 911 will be the last of the brand’s lineup to make… https://t.co/yLO2JlqVp6",1,neutral,1,neutral,neutral,1,0,Finistral-7B-LoRA,tfns,-12.000226974487305,6.143505743239075e-06,-0.00022718709078617394,0.9998849630355835,-9.125226974487305,0.00010889624536503106
422,"ProAmpac Awarded ISO Certifications in Cincinnati and Suffolk, Va. Facilities",1,neutral,2,positive,positive,0,0,Finistral-7B-LoRA,tfns,-15.625179290771484,1.6372379718632146e-07,-9.375179290771484,8.48110212245956e-05,-0.0001793938863556832,0.9999150037765503
423,Procter & Gamble looks to get well in healthcare,1,neutral,2,positive,positive,0,0,Finistral-7B-LoRA,tfns,-14.250024795532227,6.475943337136414e-07,-14.062524795532227,7.811478326402721e-07,-2.5152843591058627e-05,0.9999985694885254
424,Profiles in Quality: Beef Marketing Group #Wendys #Stock #MarketScreener https://t.co/t9sARAvDwC https://t.co/nQpHpouz8o,1,neutral,1,neutral,neutral,1,0,Finistral-7B-LoRA,tfns,-9.878191947937012,5.1298138714628294e-05,-0.0031914988067001104,0.9971479773521423,-5.8781914710998535,0.002800783608108759
425,PSA trade unions give the nod to merger with Fiat,1,neutral,2,positive,positive,0,0,Finistral-7B-LoRA,tfns,-16.06255340576172,1.0571621800181674e-07,-11.812553405761719,7.411279511870816e-06,-5.352353764465079e-05,0.9999924898147583
426,"Q&A: Geoff McHale, VP, Data Client Partnerships #QuotientTechnology #Stock #MarketScreener https://t.co/kdb8g3Ri6O https://t.co/Djio99jAe1",1,neutral,1,neutral,neutral,1,0,Finistral-7B-LoRA,tfns,-13.312564849853516,1.6536748717044247e-06,-6.4490144723095e-05,0.99998939037323,-11.625064849853516,8.939681720221415e-06
427,Qualcomm CEO Says 5G 'Is a Big Deal For Us',1,neutral,2,positive,positive,0,0,Finistral-7B-LoRA,tfns,-13.87501335144043,9.422439006812056e-07,-14.18751335144043,6.893603767821332e-07,-1.3470558769768104e-05,0.9999983310699463
428,REGO Restaurant Group Inks 20-store Development Deal for Quiznos Expansion into Latin America,1,neutral,2,positive,positive,0,0,Finistral-7B-LoRA,tfns,-14.62503719329834,4.4508479390970024e-07,-14.56253719329834,4.7379032253047626e-07,-3.71926071238704e-05,0.9999990463256836
429,Renault : New Espace illustrated press kit #Renault #Stock #MarketScreener https://t.co/JCISUSGwbo https://t.co/M9sEsCHSvO,1,neutral,1,neutral,neutral,1,0,Finistral-7B-LoRA,tfns,-10.939432144165039,1.7750147890183143e-05,-0.0019325405592098832,0.9983844757080078,-6.439432621002197,0.001597817288711667
430,Respimat® re-usable inhaler wins 2020 Pharmapack Eco-Design Award,1,neutral,2,positive,positive,0,0,Finistral-7B-LoRA,tfns,-14.37536334991455,5.713415589525539e-07,-8.18786334991455,0.00027803078410215676,-0.00036352223833091557,0.999721348285675
431,Riviera Resources Announces Cash Distribution of $4.25 Per Share; Closes the Sale of Remaining Hugoton Properties;… https://t.co/6JZLBg3EfZ,1,neutral,1,neutral,neutral,1,0,Finistral-7B-LoRA,tfns,-8.34423828125,0.00023900186351966113,-0.031737811863422394,0.9738097786903381,-3.656737804412842,0.02595115266740322
432,Rocket Lab passes key milestone in quest to recover and reuse rockets like SpaceX https://t.co/3lZ0V5SJjV,1,neutral,2,positive,positive,0,0,Finistral-7B-LoRA,tfns,-10.638640403747559,2.401624442427419e-05,-4.451140403747559,0.011686976999044418,-0.013640526682138443,0.9882889986038208
433,Rolls-Royce touts nuclear reactors as the most effective way of powering the production of carbon-neutral synthetic… https://t.co/dV4owYaY0v,1,neutral,1,neutral,neutral,1,0,Finistral-7B-LoRA,tfns,-11.626629829406738,8.927851013140753e-06,-0.0016298118280246854,0.9986660480499268,-6.626629829406738,0.0013250105548650026
434,Royal Caribbean said few potential cruisers are asking about the coronavirus https://t.co/5DBeyXErMX,1,neutral,1,neutral,neutral,1,0,Finistral-7B-LoRA,tfns,-8.438529968261719,0.00021649413974955678,-0.0010300336871296167,0.9995530247688293,-8.376029968261719,0.00023045680427458137
435,Samenvatting: Daisy wint AI Company of the Year bij de Canadese FinTech & AI Awards,1,neutral,2,positive,positive,0,0,Finistral-7B-LoRA,tfns,-16.06255531311035,1.0571302055950582e-07,-10.187554359436035,3.763644053833559e-05,-5.471556869451888e-05,0.9999622106552124
436,Schroders : Form 8.3 -  #Schroders #Stock #MarketScreener https://t.co/j8cE9ai6TU https://t.co/XOYpvouz9E,1,neutral,1,neutral,neutral,1,0,Finistral-7B-LoRA,tfns,-10.250237464904785,3.535405994625762e-05,-0.00023707917716819793,0.999902606010437,-9.687737464904785,6.204829696798697e-05
437,Season Pacific : ANNOUNCEMENT OF INTERIM RESULTS FOR THE SIX MONTHS ENDED 30 SEPTEMBER 2019 #SeasonPacific #Stock… https://t.co/c97pSCIfIB,1,neutral,1,neutral,neutral,1,0,Finistral-7B-LoRA,tfns,-13.125035285949707,1.9947167402278865e-06,-3.4927710657939315e-05,0.9999914169311523,-11.937535285949707,6.540423783008009e-06
438,Seazen : CONTINUING CONNECTED TRANSACTIONS 2020 SERVICES FRAMEWORK AGREEMENT #Seazen #Stock #MarketScreener… https://t.co/61yitLx18a,1,neutral,1,neutral,neutral,1,0,Finistral-7B-LoRA,tfns,-10.250556945800781,3.535405994625762e-05,-0.000557267339900136,0.999902606010437,-9.688056945800781,6.204829696798697e-05
439,Semafo to restart mining at its Boungou in Q4; provides 2020 outlook,1,neutral,2,positive,positive,0,0,Finistral-7B-LoRA,tfns,-8.695698738098145,0.0001673750375630334,-4.8831987380981445,0.007575972471386194,-0.008198772557079792,0.9922566413879395
440,SHAREHOLDER UPDATE: Airtrona International Executes LOI With Canadian Based Medical Device Company.,1,neutral,2,positive,positive,0,0,Finistral-7B-LoRA,tfns,-14.562625885009766,4.7378992462654423e-07,-13.562625885009766,1.2878946336059016e-06,-0.00012611546844709665,0.9999982118606567
441,Shutterstock launches unlimited Music plan,1,neutral,2,positive,positive,0,0,Finistral-7B-LoRA,tfns,-12.93779468536377,2.405670329608256e-06,-8.62529468536377,0.00017952754569705576,-0.0002946419408544898,0.9998181462287903
442,SIFCO Industries : 11-22-2019 SIFCO Orange Fire Update #SIFCOIndustries #Stock #MarketScreener… https://t.co/bUNAvojUs2,1,neutral,1,neutral,neutral,1,0,Finistral-7B-LoRA,tfns,-8.875290870666504,0.0001398086460540071,-0.00029130507027730346,0.9997641444206238,-9.250290870666504,9.608898108126596e-05
443,Simon Property Group Is Preparing Its Balance Sheet for Armageddon,1,neutral,1,neutral,neutral,1,0,Finistral-7B-LoRA,tfns,-3.775412082672119,0.022974925115704536,-0.025412006303668022,0.976918637752533,-9.150411605834961,0.00010639501124387607
444,SKYCITY Entertainment : NOTICE OF ON-MARKET SHARE BUY BACK #SKYCITY #Stock #MarketScreener https://t.co/PYHdNhcr3k https://t.co/5J1DH6NFBI,1,neutral,2,positive,positive,0,0,Finistral-7B-LoRA,tfns,-7.14206600189209,0.0007929847342893481,-1.7045658826828003,0.18228086829185486,-0.2045658528804779,0.8169261813163757
445,"So WeWork is hoping to transform into IWG which has double the revenue, 5x the members, 10x the city exposure, more… https://t.co/4Mkvur6vxJ",1,neutral,2,positive,positive,0,0,Finistral-7B-LoRA,tfns,-12.44222640991211,3.9527303670183755e-06,-5.629725933074951,0.0035935884807258844,-0.004725954029709101,0.9964025020599365
446,"Sorrento Therapeutics, Inc. Received and Rejected Unsolicited All Cash Acquisition Proposal  https://t.co/3qcx6CAeCD",1,neutral,1,neutral,neutral,1,0,Finistral-7B-LoRA,tfns,-1.068089246749878,0.3482074439525604,-0.5680893063545227,0.5740969777107239,-2.568089246749878,0.0776955783367157
447,Southwest Airlines Pushes Back Schedule For 737 MAX Until April,1,neutral,1,neutral,neutral,1,0,Finistral-7B-LoRA,tfns,-0.7597649693489075,0.46851685643196106,-0.6347649693489075,0.530899167060852,-7.447265148162842,0.0005839570076204836
448,Sports Direct International : Notice of General Meeting #SportsDirectInternational #Stock #MarketScreener… https://t.co/3fhuqDnFQD,1,neutral,1,neutral,neutral,1,0,Finistral-7B-LoRA,tfns,-10.437812805175781,2.9311202524695545e-05,-0.0003131137927994132,0.9999592304229736,-11.375312805175781,1.147843158832984e-05
449,Standard Cognition Partners with Mars Wrigley to Help Retailers Optimize Impulse Item Sales in Autonomous Checkout… https://t.co/vWZz4yXeU3,1,neutral,2,positive,positive,0,0,Finistral-7B-LoRA,tfns,-13.37772274017334,1.549656758470519e-06,-6.002722263336182,0.0024726195260882378,-0.0027224880177527666,0.9975258708000183
450,Statement Regarding Agency Mortgage-Backed Securities Small Value Coupon Swap Exercise Results → https://t.co/pX7DhorLFL,1,neutral,1,neutral,neutral,1,0,Finistral-7B-LoRA,tfns,-9.437748908996582,7.966624980326742e-05,-0.00024911639047786593,0.9998354911804199,-9.375248908996582,8.480428368784487e-05
451,Strike Resources : Pause in Trading #StrikeResources #Stock #MarketScreener https://t.co/YQIpscfvjm https://t.co/lw25uJ3hGn,1,neutral,1,neutral,neutral,1,0,Finistral-7B-LoRA,tfns,-7.503364562988281,0.0005522083374671638,-0.003364380681887269,0.9984160661697388,-6.878364562988281,0.0010316609404981136
452,"Struggling British luxury carmaker Aston Martin aims to rustle up a $650 million capital boost, led by Canadian bil... https://t.co/tpgeI6vmuo",1,neutral,2,positive,positive,0,0,Finistral-7B-LoRA,tfns,-7.961342811584473,0.0003507187939248979,-2.0238425731658936,0.1329176276922226,-0.1488426774740219,0.8667317032814026
453,"Sysco : Lends a Hand to the Houston Food Bank Through Financial Support, Product Donations... #Sysco #Stock… https://t.co/SMmj7Q7fUe",1,neutral,2,positive,positive,0,0,Finistral-7B-LoRA,tfns,-12.826281547546387,2.692575890250737e-06,-4.388781547546387,0.012431616894900799,-0.013781629502773285,0.9875656962394714
454,Tencent : ADOPTION OF RESTRICTED SHARE AWARD SCHEME #Tencent #Stock #MarketScreener https://t.co/W6zh5JYStc https://t.co/QuP4GAWkRu,1,neutral,1,neutral,neutral,1,0,Finistral-7B-LoRA,tfns,-10.937788009643555,1.777788384060841e-05,-0.00028772983932867646,0.9999445676803589,-10.187788009643555,3.76357784261927e-05
455,Tesla fans in China can now take a test drive in a Model 3 made in Shanghai https://t.co/HJbMCXnViG,1,neutral,1,neutral,neutral,1,0,Finistral-7B-LoRA,tfns,-11.007094383239746,1.6607371435384266e-05,-0.6945943832397461,0.49999165534973145,-0.6945943832397461,0.49999165534973145
456,Tesla will top biggest battery record,1,neutral,2,positive,positive,0,0,Finistral-7B-LoRA,tfns,-15.500070571899414,1.8553897973561106e-07,-14.125070571899414,7.338208547480463e-07,-7.10462118149735e-05,0.9999990463256836
457,"Tesla's truck, a Mustang SUV, a 304-mph Bugatti, and 11 other standouts from a wild week at the L.A. Auto Show https://t.co/EB1T7AOGMv",1,neutral,1,neutral,neutral,1,0,Finistral-7B-LoRA,tfns,-12.437996864318848,3.966071744798683e-06,-0.0004966217675246298,0.9997655749320984,-8.375496864318848,0.0002305058151250705
458,The Aliera Companies Holds Holiday Drive to Support Toys for Tots,1,neutral,1,neutral,neutral,1,0,Finistral-7B-LoRA,tfns,-11.825827598571777,7.35517551220255e-06,-0.6383278369903564,0.5312054753303528,-0.7633278369903564,0.46878719329833984
459,The latest marker of Chinese interest in African fintech is a $120 million funding round for OPay,1,neutral,2,positive,positive,0,0,Finistral-7B-LoRA,tfns,-13.222502708435059,1.8104602759194677e-06,-5.7537522315979,0.003172677243128419,-0.0037524541839957237,0.9968255758285522
460,This sustainable fund already doesn't invest in fossil fuels. Now it wants all portfolio companies to align with th... https://t.co/vcxPmt4JUL,1,neutral,1,neutral,neutral,1,0,Finistral-7B-LoRA,tfns,-12.000303268432617,6.14266718912404e-06,-0.00030310326837934554,0.9997485280036926,-8.312803268432617,0.0002453679917380214
461,This Tiny Crypto Startup Has Lessons for Libra’s ‘Unbanked’ Dreams,1,neutral,1,neutral,neutral,1,0,Finistral-7B-LoRA,tfns,-15.312621116638184,2.23781370323195e-07,-0.00012134769349358976,0.999903678894043,-9.250121116638184,9.610239794710651e-05
462,TikTok exploring distancing itself from China roots - WSJ,1,neutral,1,neutral,neutral,1,0,Finistral-7B-LoRA,tfns,-8.441780090332031,0.00021617583115585148,-0.004279740620404482,0.9980834722518921,-6.379279613494873,0.0017003548564389348
463,TikTok takes on Facebook in US advertising push https://t.co/xvVfQHl8Uj,1,neutral,2,positive,positive,0,0,Finistral-7B-LoRA,tfns,-7.702401161193848,0.0004529068828560412,-1.1399009227752686,0.3206760287284851,-0.38990098237991333,0.6788710951805115
464,T-Mobile moves not enough to address concerns - New York AG,1,neutral,0,negative,negative,0,0,Finistral-7B-LoRA,tfns,-4.8874615458771586e-05,0.9999961853027344,-13.750048637390137,1.0676999409042764e-06,-12.812548637390137,2.7264673008176032e-06
465,Total : Details Plans to Develop Waha Concessions in Libya #Total #Stock #MarketScreener https://t.co/tpVWTyuD5K https://t.co/wf7QAN9arD,1,neutral,2,positive,positive,0,0,Finistral-7B-LoRA,tfns,-12.191222190856934,5.075400167697808e-06,-5.628722667694092,0.0035935842897742987,-0.003722644178196788,0.996401309967041
466,Total Halts Production at Normandy Refinery After Fire,1,neutral,0,negative,negative,0,0,Finistral-7B-LoRA,tfns,-0.0001230164198204875,0.9999527931213379,-13.250123023986816,1.7602632169655408e-06,-10.000123023986816,4.5397788198897615e-05
467,TriStar Gold : Working with GoldSpot Discoveries at CDS and Announces Brokered Private Pla... #TriStarGold #economy… https://t.co/SY3soXR2Qq,1,neutral,1,neutral,neutral,1,0,Finistral-7B-LoRA,tfns,-10.690052032470703,2.2789176000515e-05,-0.0025522299110889435,0.9982765913009644,-6.377552032470703,0.0017006839625537395
468,Troy Income & Growth Trust : Publication of Suppl.Prospcts  #Stock #MarketScreener https://t.co/6rYHq9nvYb https://t.co/0jjvKVppPI,1,neutral,1,neutral,neutral,1,0,Finistral-7B-LoRA,tfns,-11.250164031982422,1.300632084166864e-05,-0.00016366096679121256,0.999924898147583,-9.687664031982422,6.204968667589128e-05
469,Two of three SandRidge royalty trusts lose NYSE listing,1,neutral,0,negative,negative,0,0,Finistral-7B-LoRA,tfns,-0.00022754464589525014,0.9999568462371826,-10.125227928161621,4.006356539321132e-05,-12.687727928161621,3.089370693487581e-06
470,"U.S. Congress seeks answers on patient privacy in Google, Ascension cloud deal",1,neutral,0,negative,negative,0,0,Finistral-7B-LoRA,tfns,-6.139089964563027e-05,0.9999943971633911,-12.75006103515625,2.902304231611197e-06,-12.81256103515625,2.726462525970419e-06
471,UAE says Emirates pilots did not monitor settings in 2016 crash,1,neutral,0,negative,negative,0,0,Finistral-7B-LoRA,tfns,-0.001383896335028112,0.9997318387031555,-11.876383781433105,6.960437985981116e-06,-8.251383781433105,0.00026118848472833633
472,Uber Declares an End to Growth at All Costs,1,neutral,1,neutral,neutral,1,0,Finistral-7B-LoRA,tfns,-7.356395721435547,0.0006386602763086557,-0.043895915150642395,0.9573004841804504,-3.168895959854126,0.04206084832549095
473,"Uber is adding video and audio recording for more trips to make the service safer, but the move has triggered priva… https://t.co/C9jUnjSvzE",1,neutral,1,neutral,neutral,1,0,Finistral-7B-LoRA,tfns,-10.687871932983398,2.282666537212208e-05,-0.0003718638326972723,0.9999188184738159,-9.750371932983398,5.828993016621098e-05
474,Uber's arrival caused binge drinking to increase up to 21.8% and a possible decrease in drunk driving. Here's a lo… https://t.co/4h7tuhLp1B,1,neutral,2,positive,positive,0,0,Finistral-7B-LoRA,tfns,-7.492832183837891,0.0005576614639721811,-1.0553321838378906,0.3484507203102112,-0.4303322434425354,0.6509916186332703
475,United Airlines' next CEO a 'details guy' who will have labor contracts and the 737 Max on his plate https://t.co/FQ54xaqF6L,1,neutral,1,neutral,neutral,1,0,Finistral-7B-LoRA,tfns,-16.187549591064453,9.329487227205391e-08,-4.9470632802695036e-05,0.9999992847442627,-14.312549591064453,6.083589596528327e-07
476,UPDATE 1-BT will maintain ties with skills group if it drops Prince Andrew as patron,1,neutral,1,neutral,neutral,1,0,Finistral-7B-LoRA,tfns,-14.062565803527832,7.81147036832408e-07,-6.615896563744172e-05,0.9999974966049194,-13.250065803527832,1.7603418882572441e-06
477,UPDATE 1-Italian airline Alitalia's rescue in doubt as Atlantia backtracks,1,neutral,0,negative,negative,0,0,Finistral-7B-LoRA,tfns,-5.674201020156033e-05,0.9999967813491821,-16.125057220458984,9.931162736620536e-08,-12.687556266784668,3.089493930019671e-06
478,UPDATE 1-LivaNova to scrap mitral heart valve device as part of restructuring,1,neutral,0,negative,negative,0,0,Finistral-7B-LoRA,tfns,-7.295342220459133e-05,0.9999948740005493,-16.687572479248047,5.6585950147791664e-08,-12.187572479248047,5.093705112813041e-06
479,UPDATE 2-Crunch talks lead to Emirates order for 30 Boeing Dreamliners,1,neutral,2,positive,positive,0,0,Finistral-7B-LoRA,tfns,-15.6250581741333,1.637376669805235e-07,-16.000057220458984,1.1253526110976964e-07,-5.8053239627042785e-05,0.9999997615814209
480,UPDATE 2-Thousands of CN Rail workers hold first strike in a decade,1,neutral,0,negative,negative,0,0,Finistral-7B-LoRA,tfns,-0.00019774865359067917,0.9999823570251465,-13.875197410583496,9.422288940186263e-07,-11.000197410583496,1.6701405911589973e-05
481,VGI Partners Global Investments : Change of Director's Interest Notice-Robert Luciano #VGI #Stock #MarketScreener… https://t.co/RdC3f43HPU,1,neutral,1,neutral,neutral,1,0,Finistral-7B-LoRA,tfns,-9.06275463104248,0.0001159125822596252,-0.0002549561613705009,0.9998257756233215,-9.75025463104248,5.8284505939809605e-05
482,Volkswagen talks up next-gen EV wagon,1,neutral,2,positive,positive,0,0,Finistral-7B-LoRA,tfns,-16.187528610229492,9.329491490461805e-08,-16.437528610229492,7.265815327173186e-08,-2.932505594799295e-05,0.9999997615814209
483,"VTEX, an e-commerce platform used by Walmart, raises $140M led by SoftBank's LatAm fund https://t.co/UJ2s2wUYPD via… https://t.co/sATiJD3uQM",1,neutral,2,positive,positive,0,0,Finistral-7B-LoRA,tfns,-13.00009822845459,2.260200744785834e-06,-9.81259822845459,5.47596464457456e-05,-9.870042413240299e-05,0.9999430179595947
484,Wagners : Boral Cement Supply Agreement Update #Wagners #Stock #MarketScreener https://t.co/LFuHxWqfMI https://t.co/KjVa1a4bT7,1,neutral,1,neutral,neutral,1,0,Finistral-7B-LoRA,tfns,-4.879846096038818,0.007634742185473442,-0.06734602898359299,0.9393696784973145,-2.9423460960388184,0.05299561470746994
485,Walgreens Boots Alliance and McKesson team up in Germany,1,neutral,2,positive,positive,0,0,Finistral-7B-LoRA,tfns,-15.00002384185791,3.0590214805670257e-07,-15.06252384185791,2.873684366022644e-07,-2.4199192921514623e-05,0.9999994039535522
486,Walmart looks to get past dog days of in-house grocery delivery,1,neutral,2,positive,positive,0,0,Finistral-7B-LoRA,tfns,-11.125182151794434,1.4736645425728057e-05,-8.750182151794434,0.0001584338751854375,-0.00018261195509694517,0.9998268485069275
487,Warren Buffett's Berkshire bets on a heavily shorted stock https://t.co/KGSTAcOHTL,1,neutral,2,positive,positive,0,0,Finistral-7B-LoRA,tfns,-4.377270698547363,0.012582049705088139,-2.2522706985473633,0.10534821450710297,-0.12727071344852448,0.8820697665214539
488,"WATCH: Unilever, Henkel and as well as some buyout funds could be in the market for some of Coty's brands in a deal… https://t.co/VZFaz5oTOn",1,neutral,2,positive,positive,0,0,Finistral-7B-LoRA,tfns,-8.133513450622559,0.00029573196661658585,-1.3210136890411377,0.26886191964149475,-0.32101374864578247,0.7308423519134521
489,"WATCH: Unilever, Henkel as well as buyout funds including Advent and Cinven are exploring bids for some of Coty’s t… https://t.co/wc4unz3izM",1,neutral,1,neutral,neutral,1,0,Finistral-7B-LoRA,tfns,-7.389586448669434,0.0006606222596019506,-0.07708646357059479,0.99021977186203,-4.764586448669434,0.0091196084395051
490,Wells Fargo offers real-time payments on RTP network,1,neutral,1,neutral,neutral,1,0,Finistral-7B-LoRA,tfns,-10.59921932220459,2.4938393835327588e-05,-0.4742194414138794,0.6224437952041626,-0.9742194414138794,0.3775312602519989
491,WeWork’s chairman outlined a 5-year turnaround plan at a meeting with employees Friday and introduced new additions… https://t.co/m0CqE1LsIx,1,neutral,1,neutral,neutral,1,0,Finistral-7B-LoRA,tfns,-10.192808151245117,3.746296351891942e-05,-0.0053079864010214806,0.995353102684021,-5.380308151245117,0.004609399475157261
492,What Top Shareholders Said in Run Up to Credit Suisse CEO Ouster,1,neutral,0,negative,negative,0,0,Finistral-7B-LoRA,tfns,-0.0006965356878936291,0.9994722008705139,-7.625696659088135,0.00048783764941617846,-10.125696182250977,4.0044145862339064e-05
493,Will 2020 Finally Be the Year AR and VR Matter for Facebook?,1,neutral,1,neutral,neutral,1,0,Finistral-7B-LoRA,tfns,-11.687682151794434,8.397313649766147e-06,-0.0001823735801735893,0.999901294708252,-9.312682151794434,9.027963096741587e-05
494,Will Second-Hand Sales Add Value to Nordstrom?,1,neutral,1,neutral,neutral,1,0,Finistral-7B-LoRA,tfns,-10.937740325927734,1.7776219465304166e-05,-0.00024053541710600257,0.999850869178772,-8.937740325927734,0.00013134947221260518
495,WRAPUP-Airbus dominates second day of Dubai show as Boeing wins MAX order,1,neutral,1,neutral,neutral,1,0,Finistral-7B-LoRA,tfns,-11.508071899414062,1.0053233381768223e-05,-0.008072015829384327,0.9924127459526062,-4.8830718994140625,0.007577164564281702
496,WuXi AppTec : 1) ADJUSTMENTS TO THE NUMBER OF THE INCENTIVE PARTICIPANTS AND NUMBER OF RES... #Stock… https://t.co/piw3RrVBvr,1,neutral,1,neutral,neutral,1,0,Finistral-7B-LoRA,tfns,-9.062918663024902,0.00011590820940909907,-0.000418575422372669,0.9997879862785339,-9.250418663024902,9.609127300791442e-05
497,Zijin Mining : Announcement in Relation to Listing of A Shares Issued under the Public Iss... #ZijinMining #Stock… https://t.co/GJHpHm4moY,1,neutral,1,neutral,neutral,1,0,Finistral-7B-LoRA,tfns,-8.001409530639648,0.000335152872139588,-0.0014094904763624072,0.9990766048431396,-7.438909530639648,0.0005882115801796317
498,Zoono : Response to ASX Price Query #Zoono #Stock #MarketScreener https://t.co/vGfeMDtA3E https://t.co/62mQHJC6x2,1,neutral,1,neutral,neutral,1,0,Finistral-7B-LoRA,tfns,-9.188162803649902,0.00010226762242382392,-0.0006624649395234883,0.9995827078819275,-8.063162803649902,0.0003150064731016755
499,"A fire broke out overnight at Exxon's Baton Rouge oil refinery in Louisiana, halting production at the fifth-bigges… https://t.co/fo5UTOUNMB",1,neutral,0,negative,negative,0,0,Finistral-7B-LoRA,tfns,-0.000339569611242041,0.999735414981842,-8.25033950805664,0.00026118941605091095,-12.62533950805664,3.287889740022365e-06
500,Hackers Breach Ring Home Security Cameras,0,negative,0,negative,negative,1,0,Finistral-7B-LoRA,tfns,-0.00013410145766101778,0.9999991655349731,-17.375133514404297,2.8453325029431653e-08,-13.937634468078613,8.851569646139978e-07
501,"Press release: cyber attack - update January 31, 2020 #Picanol #Stock #MarketScreener https://t.co/AXwQmrRC3G https://t.co/e4KSKzdmA9",0,negative,1,neutral,neutral,0,0,Finistral-7B-LoRA,tfns,-2.58109188079834,0.07571439445018768,-0.08109185844659805,0.9223901629447937,-6.26859188079834,0.001895472756586969
502,T-Mobile said a hacker gained access to limited information contained in prepaid accounts https://t.co/Ui6KpaVAmj,0,negative,0,negative,negative,1,0,Finistral-7B-LoRA,tfns,-0.0005391574813984334,0.9995419979095459,-7.750539302825928,0.0004305452457629144,-10.50053882598877,2.7523838070919737e-05
503,Did the Russians hack WIRP?,1,neutral,1,neutral,neutral,1,0,Finistral-7B-LoRA,tfns,-6.377010822296143,0.0017006105044856668,-0.002010825788602233,0.998233437538147,-9.6270112991333,6.593981379410252e-05
504,10Y Yield LOD 1.7620%,0,negative,1,neutral,neutral,0,0,Finistral-7B-LoRA,tfns,-8.25037670135498,0.0002611759991850704,-0.0003763920976780355,0.9996840953826904,-9.81287670135498,5.474546560435556e-05
505,30-year Treasury yield plumbs key 2% support level https://t.co/g1AUTKwOCb,0,negative,1,neutral,neutral,0,0,Finistral-7B-LoRA,tfns,-6.502172946929932,0.0015008366899564862,-0.0021728496067225933,0.9982689619064331,-8.377172470092773,0.00023016076011117548
506,$BONDX: Overnight Treasury Market Summary https://t.co/5J3iMVcpJL,1,neutral,1,neutral,neutral,1,0,Finistral-7B-LoRA,tfns,-11.812515258789062,7.411255410261219e-06,-1.5616295058862306e-05,0.9999892711639404,-12.625015258789062,3.2887246561585926e-06
507,$COLL - Collegium launches convertible debt offering https://t.co/TlHbqpmywE,1,neutral,1,neutral,neutral,1,0,Finistral-7B-LoRA,tfns,-8.313858985900879,0.0002451842010486871,-0.001358658540993929,0.9989996552467346,-7.188858509063721,0.0007552204770036042
508,$ITHUF - iAnthus Defaults On Debt: What Comes Next?. https://t.co/3Tb0wenS3x #investing #economy #finance,1,neutral,0,negative,negative,0,0,Finistral-7B-LoRA,tfns,-8.284702198579907e-05,0.9999855756759644,-11.750082969665527,7.889210792200174e-06,-11.937582969665527,6.540385584230535e-06
509,$RILY - B. Riley offers $50M of senior notes https://t.co/p8Kqe6nSTR,1,neutral,1,neutral,neutral,1,0,Finistral-7B-LoRA,tfns,-4.4579548835754395,0.011693408712744713,-0.0829547643661499,0.9289225339889526,-2.8329548835754395,0.05938402935862541
510,$UNIT - Uniti closes $2.25B in refinancing https://t.co/NxKtfwbaZa,1,neutral,1,neutral,neutral,1,0,Finistral-7B-LoRA,tfns,-5.6081719398498535,0.0036926032043993473,-0.1706717312335968,0.8488068580627441,-1.9206717014312744,0.14750050008296967
511,$WBA - Walgreens sets $500M revolving credit line https://t.co/jsiWkSKB7P,1,neutral,1,neutral,neutral,1,0,Finistral-7B-LoRA,tfns,-8.875555038452148,0.00013979994400870055,-0.0005551227368414402,0.9997017979621887,-8.750555038452148,0.0001584140700288117
512,$WDAY - Workday enters new credit facility https://t.co/XBMCTYEJRi,1,neutral,1,neutral,neutral,1,0,Finistral-7B-LoRA,tfns,-7.829442501068115,0.00039805020787753165,-0.016942642629146576,0.9837018251419067,-4.141942501068115,0.015900058671832085
513,10-year yield at 1.632%; 2-year yield at 1.450%; 30-year yield at 2.088%,1,neutral,1,neutral,neutral,1,0,Finistral-7B-LoRA,tfns,-9.437603950500488,7.967257261043414e-05,-0.00010382589971413836,0.9999148845672607,-12.125103950500488,5.421786681836238e-06
514,8x8 -2.9% on $75M convertible note issue,1,neutral,0,negative,negative,0,0,Finistral-7B-LoRA,tfns,-0.00024351492174901068,0.9998490810394287,-10.500243186950684,2.7532296371646225e-05,-9.000243186950684,0.00012339117529336363
515,"A group of investors agreed to a tentative plan to reduce Puerto Rico's debt by about 40%, a key hurdle in its reco… https://t.co/KZK55OaEmp",1,neutral,2,positive,positive,0,0,Finistral-7B-LoRA,tfns,-13.00003433227539,2.2603055640502134e-06,-11.68753433227539,8.398053068958689e-06,-3.40932747349143e-05,0.99998939037323
516,Archrock prices $500M of senior notes,1,neutral,1,neutral,neutral,1,0,Finistral-7B-LoRA,tfns,-4.165703773498535,0.015567922033369541,-0.04070361703634262,0.9631532430648804,-3.853203535079956,0.021278824657201767
517,AT&T takes on $5.5 billion loan to boost 'financial flexibility' https://t.co/ENTHbld55o https://t.co/BsoQHzpzao,1,neutral,1,neutral,neutral,1,0,Finistral-7B-LoRA,tfns,-10.188104629516602,3.76238240278326e-05,-0.0006044468027539551,0.9996269941329956,-8.000604629516602,0.0003353375068400055
518,B. Riley offers $50M of senior notes,1,neutral,2,positive,positive,0,0,Finistral-7B-LoRA,tfns,-6.9721198081970215,0.0009563657222315669,-1.7221198081970215,0.18225105106830597,-0.22211983799934387,0.8167925477027893
519,B. Riley prices upsized $115M offering of notes,1,neutral,2,positive,positive,0,0,Finistral-7B-LoRA,tfns,-8.876206398010254,0.00013971647422295064,-7.188706398010254,0.0007553000468760729,-0.0012066233903169632,0.999104917049408
520,Chefs' Warehouse floats new debt,1,neutral,0,negative,negative,0,0,Finistral-7B-LoRA,tfns,-0.03748352825641632,0.9648732542991638,-3.4124834537506104,0.0330161452293396,-6.1624836921691895,0.002110651694238186
521,"China is planning a record sale of sovereign bonds in dollars, with a potential $6 billion offering https://t.co/zWNMQ4mXNb",1,neutral,1,neutral,neutral,1,0,Finistral-7B-LoRA,tfns,-6.882020950317383,0.0010271727805957198,-0.007021158933639526,0.9940724968910217,-5.319520950317383,0.004900366999208927
522,China lines up record-breaking dollar bond https://t.co/XqtVhZcmWm,1,neutral,1,neutral,neutral,1,0,Finistral-7B-LoRA,tfns,-4.277202129364014,0.014036904089152813,-0.2772020697593689,0.766389012336731,-1.5272021293640137,0.21957412362098694
523,China’s $1.5 Trillion Pile of Bad Debt Lures Foreign Funds,1,neutral,1,neutral,neutral,1,0,Finistral-7B-LoRA,tfns,-7.313508987426758,0.0006665667751803994,-0.0010091932490468025,0.9991301894187927,-8.501008987426758,0.00020329139078967273
524,"CLARIDA: DON'T THINK YIELD CURVE REFLECTS U.S. SITUATION

Yes, well, thanks to the Fed nothing reflects anything anymore",1,neutral,1,neutral,neutral,1,0,Finistral-7B-LoRA,tfns,-9.750097274780273,5.829118163092062e-05,-9.727005090098828e-05,0.9999402761459351,-13.500097274780273,1.3708772712561768e-06
525,Comcast redeeming all $1B in 2047 senior notes,1,neutral,1,neutral,neutral,1,0,Finistral-7B-LoRA,tfns,-9.378506660461426,8.476416405756027e-05,-0.0035062285605818033,0.9993625283241272,-7.503506183624268,0.0005527317989617586
526,"EasyJet requests draw down of $500 million credit facility, explores more funding https://t.co/ZQZlGMNBJS https://t.co/09iTvOg2Av",1,neutral,1,neutral,neutral,1,0,Finistral-7B-LoRA,tfns,-3.4300479888916016,0.034454889595508575,-0.11754787713289261,0.9459133148193359,-3.9925479888916016,0.019631803035736084
527,Gates to offer $568M of senior notes,1,neutral,1,neutral,neutral,1,0,Finistral-7B-LoRA,tfns,-6.324023723602295,0.0017973429057747126,-0.01152382604777813,0.9910940527915955,-4.949023723602295,0.007108628749847412
528,Kaiser Aluminum offers $500M senior notes due 2028,1,neutral,1,neutral,neutral,1,0,Finistral-7B-LoRA,tfns,-4.972653388977051,0.006994236726313829,-0.035153571516275406,0.9751453399658203,-4.035153388977051,0.0178604144603014
529,LabCorp prices $1.05B debt offering,1,neutral,1,neutral,neutral,1,0,Finistral-7B-LoRA,tfns,-2.935602903366089,0.05329965427517891,-0.06060296669602394,0.944758951663971,-6.248103141784668,0.0019414395792409778
530,Landsbankinn hf.: Supplement to the base prospectus for covered bond programme #Stock #MarketScreener… https://t.co/5TUTVnGSFd,1,neutral,1,neutral,neutral,1,0,Finistral-7B-LoRA,tfns,-11.250105857849121,1.3006668268644717e-05,-0.00010609064338495955,0.9999516010284424,-10.250105857849121,3.53557916241698e-05
531,Match Group announces $500M senior notes offering,1,neutral,1,neutral,neutral,1,0,Finistral-7B-LoRA,tfns,-6.629949569702148,0.0013224722351878881,-0.254949688911438,0.7762718796730042,-1.504949688911438,0.22240561246871948
532,Nasdaq prices 600M senior notes offering,1,neutral,1,neutral,neutral,1,0,Finistral-7B-LoRA,tfns,-4.981147289276123,0.006887431256473064,-0.043647170066833496,0.960254430770874,-3.418647289276123,0.03285809978842735
533,New York Sports Clubs Owner Plans Debt Extension With Sweetener,1,neutral,1,neutral,neutral,1,0,Finistral-7B-LoRA,tfns,-6.249748229980469,0.0019784828182309866,-0.3747483789920807,0.7043886184692383,-1.2497483491897583,0.2936328649520874
534,"Nigeria won't seek a suspension of interest payments from its Eurobond bondholders, but will seek debt relief from… https://t.co/Bh7HUUF4kO",1,neutral,1,neutral,neutral,1,0,Finistral-7B-LoRA,tfns,-10.312819480895996,3.3210999390576035e-05,-0.00031990656862035394,0.9998706579208374,-9.250319480895996,9.609922562958673e-05
535,Piraeus Port Authority (ATH:PPA) Seems To Use Debt Rather Sparingly,1,neutral,1,neutral,neutral,1,0,Finistral-7B-LoRA,tfns,-13.375061988830566,1.5534357089563855e-06,-6.19869097135961e-05,0.9999583959579468,-10.125061988830566,4.006362723885104e-05
536,"Qatar began marketing U.S. dollar-denominated bonds, the first Persian Gulf state to tap the debt markets since the… https://t.co/UknSZl5wZv",1,neutral,1,neutral,neutral,1,0,Finistral-7B-LoRA,tfns,-6.814258098602295,0.001098567619919777,-0.0017578639090061188,0.9987527132034302,-8.814257621765137,0.00014867496793158352
537,"Repsol SA is the latest oil major to head to Europe's debt market for fresh financing, with other large borrowers p… https://t.co/oJrYVdaGNY",1,neutral,1,neutral,neutral,1,0,Finistral-7B-LoRA,tfns,-9.75027847290039,5.828631765325554e-05,-0.0002783149539027363,0.9998568296432495,-9.37527847290039,8.480608812533319e-05
538,"Spanish companies, households snap up state-backed emergency credit  #Stock #MarketScreener https://t.co/o9iBDZEijE https://t.co/FQyY8WaORo",1,neutral,1,neutral,neutral,1,0,Finistral-7B-LoRA,tfns,-8.566463470458984,0.00019049808906856924,-0.003963473252952099,0.9966373443603516,-5.753963470458984,0.003172078402712941
539,"Telenet : issues a new 6.2-year Ã‚â‚¬510.0 million revolving credit facility, further strength... #Telenet #Stock… https://t.co/6u4or9Yn9H",1,neutral,1,neutral,neutral,1,0,Finistral-7B-LoRA,tfns,-7.6433892250061035,0.00048111967043951154,-0.2058890163898468,0.8171811699867249,-1.7058889865875244,0.18233776092529297
540,"The bond market is looking 'overbought' even in the context of coronavirus fears, analysts say https://t.co/ALSVRYK0bD",1,neutral,0,negative,negative,0,0,Finistral-7B-LoRA,tfns,-0.00027724236133508384,0.9998044371604919,-9.437777519226074,7.966376870172098e-05,-9.062777519226074,0.00011591011570999399
541,"Two key regulators are holding off on easing Wall Street debt limits, leaving billions of dollars locked up that co… https://t.co/YvDDlEcmh2",1,neutral,1,neutral,neutral,1,0,Finistral-7B-LoRA,tfns,-14.375007629394531,5.715004363082699e-07,-7.271740287251305e-06,0.9999994039535522,-16.43750762939453,7.265812485002243e-08
542,Vereit files for senior notes offering,1,neutral,1,neutral,neutral,1,0,Finistral-7B-LoRA,tfns,-5.894738674163818,0.0027682825457304716,-0.01973879523575306,0.9855768084526062,-4.457238674163818,0.01165490411221981
543,"VF : to Draw Down $1 Billion From Credit Facility, Cuts CEO's Pay by 50% #VF #Stock #MarketScreener… https://t.co/ZWMiFpYcfy",1,neutral,0,negative,negative,0,0,Finistral-7B-LoRA,tfns,-0.08207662403583527,0.9228934049606323,-2.7070765495300293,0.06685417145490646,-4.582076549530029,0.010252419859170914
544,White House considering U.S. Treasury coronavirus bond: Kudlow #economy #MarketScreener https://t.co/qti2hB0N8z https://t.co/LT6g2sGH51,1,neutral,1,neutral,neutral,1,0,Finistral-7B-LoRA,tfns,-9.43797779083252,7.964942778926343e-05,-0.0004781533498317003,0.9996243715286255,-8.12547779083252,0.0002959335397463292
545,Yields head lower despite strong economic numbers,1,neutral,0,negative,negative,0,0,Finistral-7B-LoRA,tfns,-0.00030429501202888787,0.9997755885124207,-9.625304222106934,6.60416844766587e-05,-8.750304222106934,0.00015842575521674007
546,Democrats push for the Fed to buy low-rated municipal debt to ease the virus strain on state and local governments https://t.co/rFJqDxUqZM,1,neutral,1,neutral,neutral,1,0,Finistral-7B-LoRA,tfns,-11.312582969665527,1.2218934898555744e-05,-8.284702198579907e-05,0.9999762773513794,-11.375082969665527,1.1478628039185423e-05
547,Euro zone to consider credit line from bailout fund to fight coronavirus https://t.co/aHTraPoyIK https://t.co/Rra8KyLRGy,1,neutral,1,neutral,neutral,1,0,Finistral-7B-LoRA,tfns,-8.563365936279297,0.00019102702208328992,-0.0008663953049108386,0.9994045495986938,-7.813366413116455,0.00040440421435050666
548,$BEVFF - Diversified Royalty cuts dividend by ~14% https://t.co/O7QVe3IbbN,0,negative,0,negative,negative,1,0,Finistral-7B-LoRA,tfns,-2.3364747903542593e-05,0.9999978542327881,-15.125022888183594,2.699572689834895e-07,-13.187522888183594,1.8738749076874228e-06
549,"$CAE: CAE temporarily suspends dividend and share repurchase plan; lays off 2,600 of its 10,500 employees; to... https://t.co/8PObDJoSCb",0,negative,0,negative,negative,1,0,Finistral-7B-LoRA,tfns,-3.7431014789035544e-05,0.9999977350234985,-16.000038146972656,1.1253492004925647e-07,-13.06253719329834,2.1233781808405183e-06
550,Boeing supplier Spirit cuts dividend due to 737 MAX crisis,0,negative,0,negative,negative,1,0,Finistral-7B-LoRA,tfns,-2.8132995794294402e-05,0.9999994039535522,-18.750028610229492,7.194128848198034e-09,-14.250027656555176,6.475948453044111e-07
551,$JKHY: Jack Henry increases quarterly dividend to $0.43/share from $0.40/share https://t.co/qKWFqFJW2n,2,positive,2,positive,positive,1,0,Finistral-7B-LoRA,tfns,-15.937516212463379,1.1979305725162703e-07,-18.437515258789062,9.833213354681902e-09,-1.585470999998506e-05,0.9999998807907104
552,"AT&T to raise quarterly dividend by 2% to 52 cents a share, retire $100 million of stock in Q1",2,positive,2,positive,positive,1,0,Finistral-7B-LoRA,tfns,-15.187625885009766,2.536018826049258e-07,-18.250125885009766,1.1861117421574363e-08,-0.0001262346631847322,0.9999997615814209
553,International Bancshares Corporation's (NASDAQ:IBOC) 2.6% Dividend Yield Looks Pretty Interesting,2,positive,2,positive,positive,1,0,Finistral-7B-LoRA,tfns,-12.502289772033691,3.720301492649014e-06,-6.377289772033691,0.0017007163260132074,-0.002290009055286646,0.9982956051826477
554,Suncor's dividend boost reassures analysts amid weak Q4,2,positive,2,positive,positive,1,0,Finistral-7B-LoRA,tfns,-12.375066757202148,4.222828465572093e-06,-13.687566757202148,1.136558921643882e-06,-6.711257447022945e-05,0.9999946355819702
555,$ATGFF - AltaGas declares CAD 0.08 dividend https://t.co/kw9EvOcgYY,1,neutral,1,neutral,neutral,1,0,Finistral-7B-LoRA,tfns,-13.687521934509277,1.1365580121491803e-06,-2.1815061700181104e-05,0.9999938011169434,-12.187521934509277,5.09369965584483e-06
556,$BANC - Banc of California declares $0.06 dividend https://t.co/T4PbSBACvo,1,neutral,1,neutral,neutral,1,0,Finistral-7B-LoRA,tfns,-11.375229835510254,1.1477909538371023e-05,-0.0002294515579706058,0.9999136924743652,-9.500229835510254,7.484537491109222e-05
557,$BOTJ - Bank of the James Financial Group declares $0.04 dividend https://t.co/aHMeRZPJNk,1,neutral,1,neutral,neutral,1,0,Finistral-7B-LoRA,tfns,-12.125100135803223,5.42219277122058e-06,-0.0001003691868390888,0.9999897480010986,-12.250100135803223,4.785068540513748e-06
558,$ELY - Callaway Golf declares $0.01 dividend https://t.co/EnRdwwSBCR,1,neutral,1,neutral,neutral,1,0,Finistral-7B-LoRA,tfns,-12.625053405761719,3.288738298579119e-06,-5.3165931603871286e-05,0.9999934434890747,-12.625053405761719,3.288738298579119e-06
559,$ERC - Wells Fargo Multi-Sector Income Fund declares $0.09888 dividend https://t.co/7AP9iYwPSF,1,neutral,1,neutral,neutral,1,0,Finistral-7B-LoRA,tfns,-12.312531471252441,4.4951625568501186e-06,-3.111314072157256e-05,0.9999912977218628,-12.375031471252441,4.222814368404215e-06
560,$ES - Eversource Energy declares $0.535 dividend https://t.co/hgU90swNYW,1,neutral,1,neutral,neutral,1,0,Finistral-7B-LoRA,tfns,-11.625175476074219,8.938782229961362e-06,-0.00017569905321579427,0.9998887777328491,-9.187675476074219,0.00010229893814539537
561,$JPM - JPMorgan Chase declares $0.90 dividend https://t.co/NGBRqyTMUq,1,neutral,1,neutral,neutral,1,0,Finistral-7B-LoRA,tfns,-13.687521934509277,1.1365582395228557e-06,-2.169585604860913e-05,0.9999940395355225,-12.250021934509277,4.785089004144538e-06
562,$STE - Steris declares $0.37 dividend https://t.co/VkiswVp82t,1,neutral,1,neutral,neutral,1,0,Finistral-7B-LoRA,tfns,-11.625327110290527,8.937877282733098e-06,-0.00032693761750124395,0.9997876286506653,-8.500327110290527,0.00020342515199445188
563,$SWZ - Swiss Helvetia Fund declares $0.1404 dividend https://t.co/Aoc3efzp2w,1,neutral,1,neutral,neutral,1,0,Finistral-7B-LoRA,tfns,-12.437532424926758,3.966978965763701e-06,-3.266281055402942e-05,0.9999942779541016,-13.250032424926758,1.760336203915358e-06
564,Alaris Royalty declares CAD 0.1375 dividend,1,neutral,1,neutral,neutral,1,0,Finistral-7B-LoRA,tfns,-13.687521934509277,1.1365631280568778e-06,-2.1576648578047752e-05,0.9999983310699463,-14.562521934509277,4.737899814699631e-07
565,BankFinancial goes ex-dividend tomorrow,1,neutral,1,neutral,neutral,1,0,Finistral-7B-LoRA,tfns,-9.250181198120117,9.610166307538748e-05,-0.0001811817055568099,0.9998960494995117,-11.750181198120117,7.888504114816897e-06
566,Beach Energy declares AUD 1.00 dividend,1,neutral,1,neutral,neutral,1,0,Finistral-7B-LoRA,tfns,-13.562586784362793,1.2878941788585507e-06,-8.701899787411094e-05,0.9999978542327881,-13.937586784362793,8.851558277456206e-07
567,Boyd Gaming declares $0.07 dividend,1,neutral,1,neutral,neutral,1,0,Finistral-7B-LoRA,tfns,-13.750042915344238,1.0677015325200045e-06,-4.327203714638017e-05,0.999997615814209,-13.562542915344238,1.2878938377980376e-06
568,Chorus Aviation declares CAD 0.04 dividend,1,neutral,1,neutral,neutral,1,0,Finistral-7B-LoRA,tfns,-13.687532424926758,1.1365629006832023e-06,-3.242440288886428e-05,0.9999980926513672,-14.125032424926758,7.338201157836011e-07
569,Contact Energy declares NZ$0.16 dividend,1,neutral,1,neutral,neutral,1,0,Finistral-7B-LoRA,tfns,-13.125043869018555,1.994727199416957e-06,-4.3987260141875595e-05,0.9999966621398926,-13.562543869018555,1.2878925872428226e-06
570,Contango Income Generator : September 2019 Quarter Dividend #ContangoIncomeGenerator #Stock #MarketScreener… https://t.co/OU5Rh5rlLB,1,neutral,1,neutral,neutral,1,0,Finistral-7B-LoRA,tfns,-12.000048637390137,6.144025519461138e-06,-4.8874615458771586e-05,0.9999696016311646,-10.625048637390137,2.430009226372931e-05
571,Dicker Data : Update - Dividend/Distribution - DDR #DickerData #Stock #MarketScreener https://t.co/xihVE978uQ https://t.co/VxJWQ2nvtH,1,neutral,1,neutral,neutral,1,0,Finistral-7B-LoRA,tfns,-9.001745223999023,0.0001233505317941308,-0.0017450118903070688,0.9995197057723999,-7.939245223999023,0.0003569265827536583
572,"Digital Realty Trust, Inc. 5.2% PFD SER L declares $0.2925 dividend",1,neutral,1,neutral,neutral,1,0,Finistral-7B-LoRA,tfns,-10.500638008117676,2.753304761426989e-05,-0.0006382812280207872,0.9998763799667358,-9.250638008117676,9.609977132640779e-05
573,"Digital Realty Trust, Inc. 6.35% PFD I CUM declares $0.396875 dividend",1,neutral,1,neutral,neutral,1,0,Finistral-7B-LoRA,tfns,-9.43855094909668,7.964456744957715e-05,-0.001050635357387364,0.9995633959770203,-7.9385504722595215,0.0003569421824067831
574,Equinor declares $0.27 dividend,1,neutral,1,neutral,neutral,1,0,Finistral-7B-LoRA,tfns,-13.187539100646973,1.873869905466563e-06,-3.909988299710676e-05,0.999995231628418,-12.750039100646973,2.9023067327216268e-06
575,Franklin Universal Trust declares $0.032 dividend,1,neutral,1,neutral,neutral,1,0,Finistral-7B-LoRA,tfns,-13.375044822692871,1.5534969861619174e-06,-4.458328112377785e-05,0.9999978542327881,-14.250044822692871,6.475938789662905e-07
576,GasLog Partners declares $0.561 dividend,1,neutral,1,neutral,neutral,1,0,Finistral-7B-LoRA,tfns,-13.187536239624023,1.8738733160716947e-06,-3.6477376852417365e-05,0.9999970197677612,-13.750036239624023,1.0677008503989782e-06
577,Inter Pipeline declares CAD 0.1425 dividend,1,neutral,1,neutral,neutral,1,0,Finistral-7B-LoRA,tfns,-13.937520980834961,8.851562256495527e-07,-2.062299427052494e-05,0.9999983310699463,-14.125020980834961,7.338202863138577e-07
578,INVESCO Perpetual UK Smaller Investment Trust : Dividend Declaration  #Stock #MarketScreener https://t.co/ImzY3UWZed https://t.co/xPxZGkhcdl,1,neutral,1,neutral,neutral,1,0,Finistral-7B-LoRA,tfns,-9.813445091247559,5.475615034811199e-05,-0.0009447640040889382,0.9998791217803955,-9.625945091247559,6.604852387681603e-05
579,Nexus REIT declares CAD 0.0133 dividend,1,neutral,1,neutral,neutral,1,0,Finistral-7B-LoRA,tfns,-13.62501335144043,1.209865445161995e-06,-1.2993727978027891e-05,0.9999985694885254,-15.25001335144043,2.3823662331778905e-07
580,Northern Star Resources : Appendix 3A.1 &ndash; Notification of Dividend #NorthernStarResources #Stock… https://t.co/1VwT4eGaXs,1,neutral,1,neutral,neutral,1,0,Finistral-7B-LoRA,tfns,-12.250118255615234,4.785068540513748e-06,-0.00011860620725201443,0.9999897480010986,-12.125118255615234,5.42219277122058e-06
581,Northfield Bancorp goes ex-dividend tomorrow,1,neutral,1,neutral,neutral,1,0,Finistral-7B-LoRA,tfns,-10.937553405761719,1.7778449546312913e-05,-5.304672595229931e-05,0.999976396560669,-12.062553405761719,5.771816631749971e-06
582,Nuveen Pennsylvania Municipal Value Fund declares $0.038 dividend,1,neutral,1,neutral,neutral,1,0,Finistral-7B-LoRA,tfns,-12.812516212463379,2.726466618696577e-06,-1.597391747054644e-05,0.9999959468841553,-13.562516212463379,1.2878916777481209e-06
583,NXP Semiconductors declares $0.375 dividend,1,neutral,1,neutral,neutral,1,0,Finistral-7B-LoRA,tfns,-12.43759536743164,3.966876647609752e-06,-9.548207890475169e-05,0.9999685287475586,-10.50009536743164,2.7535585104487836e-05
584,OneMain Holdings declares $0.33 dividend,1,neutral,1,neutral,neutral,1,0,Finistral-7B-LoRA,tfns,-13.562511444091797,1.2878946336059016e-06,-1.156323378381785e-05,0.9999982118606567,-14.562511444091797,4.7378992462654423e-07
585,PennyMac Mortgage Investment Trust CUM RED PFD B declares $0.50 dividend,1,neutral,1,neutral,neutral,1,0,Finistral-7B-LoRA,tfns,-11.812555313110352,7.411225396936061e-06,-5.566918844124302e-05,0.9999852180480957,-11.812555313110352,7.411225396936061e-06
586,PennyMac Mortgage Investment Trust PFD SER A declares $0.5078 dividend,1,neutral,1,neutral,neutral,1,0,Finistral-7B-LoRA,tfns,-11.75006103515625,7.889130756666418e-06,-6.151010165922344e-05,0.9999754428863525,-11.00006103515625,1.670129131525755e-05
587,Primerica goes ex-dividend tomorrow,1,neutral,1,neutral,neutral,1,0,Finistral-7B-LoRA,tfns,-8.937790870666504,0.00013134654727764428,-0.0002908283786382526,0.999828577041626,-10.125290870666504,4.00584249291569e-05
588,QIWI plc declares $0.28 dividend,1,neutral,1,neutral,neutral,1,0,Finistral-7B-LoRA,tfns,-12.125059127807617,5.422116373665631e-06,-5.900685573578812e-05,0.9999756813049316,-10.875059127807617,1.8925045878859237e-05
589,SB One Bancorp goes ex-dividend on Monday,1,neutral,1,neutral,neutral,1,0,Finistral-7B-LoRA,tfns,-11.000044822692871,1.6701391359674744e-05,-4.5298504119273275e-05,0.9999815225601196,-13.250044822692871,1.760313807608327e-06
590,Schlumberger goes ex-dividend tomorrow,1,neutral,1,neutral,neutral,1,0,Finistral-7B-LoRA,tfns,-10.812591552734375,2.0145542293903418e-05,-9.16677454370074e-05,0.9999724626541138,-11.812591552734375,7.4111308094870765e-06
591,Southwest Airlines declares $0.18 dividend,1,neutral,1,neutral,neutral,1,0,Finistral-7B-LoRA,tfns,-12.93752670288086,2.4060993837338174e-06,-2.658331868587993e-05,0.9999964237213135,-13.62502670288086,1.2098628303647274e-06
592,Superior Plus Announces February 2020 Cash Dividend and Upcoming Events,1,neutral,1,neutral,neutral,1,0,Finistral-7B-LoRA,tfns,-14.312545776367188,6.083578796278744e-07,-4.541770613286644e-05,0.9999974966049194,-13.187545776367188,1.8738742255663965e-06
593,Sylogist declares CAD 0.10 dividend,1,neutral,1,neutral,neutral,1,0,Finistral-7B-LoRA,tfns,-13.00003719329834,2.260320798086468e-06,-3.755022044060752e-05,0.9999961853027344,-13.37503719329834,1.5534943713646499e-06
594,Tekla Healthcare Opportunities Fund declares $0.1125 dividend,1,neutral,1,neutral,neutral,1,0,Finistral-7B-LoRA,tfns,-12.000020027160645,6.144165581645211e-06,-1.966933996300213e-05,0.9999923706054688,-13.437520027160645,1.4593672403862001e-06
595,Tekla World Healthcare Fund declares $0.1167 dividend,1,neutral,1,neutral,neutral,1,0,Finistral-7B-LoRA,tfns,-12.375018119812012,4.222830284561496e-06,-1.8596476365928538e-05,0.9999949932098389,-14.000018119812012,8.31524573641218e-07
596,Vishay Intertechnology declares $0.095 dividend,1,neutral,1,neutral,neutral,1,0,Finistral-7B-LoRA,tfns,-12.687590599060059,3.089445726800477e-06,-9.059495641849935e-05,0.999981164932251,-11.062590599060059,1.5689502106397413e-05
597,WPT Industrial REIT declares $0.0633 dividend,1,neutral,1,neutral,neutral,1,0,Finistral-7B-LoRA,tfns,-13.312538146972656,1.6536882867512759e-06,-3.862306402879767e-05,0.9999974966049194,-14.000038146972656,8.31526620004297e-07
598,WVS Financial goes ex-dividend tomorrow,1,neutral,1,neutral,neutral,1,0,Finistral-7B-LoRA,tfns,-10.437594413757324,2.9311457183212042e-05,-9.405170567333698e-05,0.9999679327011108,-12.812594413757324,2.726390221141628e-06
599,Dish TV India Limited Just Missed Earnings With A Surprise Loss - Here Are Analysts Latest Forecasts,0,negative,0,negative,negative,1,0,Finistral-7B-LoRA,tfns,-0.0002775999018922448,0.9997565150260925,-8.375277519226074,0.00023050371964927763,-11.250277519226074,1.300413077842677e-05
600,Legacy Housing Corporation Earnings Missed Analyst Estimates: Here's What Analysts Are Forecasting Now,0,negative,0,negative,negative,1,0,Finistral-7B-LoRA,tfns,-3.6954195820726454e-05,0.9999933242797852,-12.81253719329834,2.726459570112638e-06,-12.43753719329834,3.966975327784894e-06
601,Playtech warns it will miss earnings expectations https://t.co/Zsz2VKkcrc,0,negative,0,negative,negative,1,0,Finistral-7B-LoRA,tfns,-1.7046782886609435e-05,0.9999991655349731,-15.500017166137695,1.8553899394646578e-07,-14.250017166137695,6.475946747741546e-07
602,Was Five Star Senior Living Inc.'s (NASDAQ:FVE) Earnings Decline Part Of A Broader Industry Downturn?,0,negative,1,neutral,neutral,0,0,Finistral-7B-LoRA,tfns,-3.2881996631622314,0.03732435777783394,-0.03819965571165085,0.9626079201698303,-9.600699424743652,6.768749881302938e-05
603,Why Home Depot Stumbled on Earnings,0,negative,0,negative,negative,1,0,Finistral-7B-LoRA,tfns,-4.541770613286644e-05,0.9999982118606567,-15.375045776367188,2.102430158856805e-07,-13.375045776367188,1.553497554596106e-06
604,"$NVDA - After Intel And AMD, Nvidia Q4 Earnings Release Most Likely Beats. https://t.co/e87ZEOd1Z8 #business #stockmarket #markets",2,positive,2,positive,positive,1,0,Finistral-7B-LoRA,tfns,-15.437503814697266,1.9750534363538463e-07,-17.937503814697266,1.6212224451805923e-08,-3.933898824470816e-06,0.9999997615814209
605,Adobe Hits New Highs on Earnings - Here’s What the Charts Say - TheStreet,2,positive,2,positive,positive,1,0,Finistral-7B-LoRA,tfns,-15.625003814697266,1.6373769540223293e-07,-18.937503814697266,5.964144733638932e-09,-3.814689989667386e-06,0.9999998807907104
606,Amazon rejoins $1tn club on back of blockbuster earnings https://t.co/a3rPNz6Xsn,2,positive,2,positive,positive,1,0,Finistral-7B-LoRA,tfns,-16.687511444091797,5.6586241470313325e-08,-17.187511444091797,3.432128892200126e-08,-1.168244216387393e-05,1.0
607,Cineplex Inc. Just Beat Earnings Expectations: Here's What Analysts Think Will Happen Next,2,positive,2,positive,positive,1,0,Finistral-7B-LoRA,tfns,-15.93751049041748,1.1979304304077232e-07,-16.062511444091797,1.0571698538797136e-07,-1.0609570381348021e-05,0.9999997615814209
608,"CrowdStrike strikes gain with another blow out report (CRWD)                   
https://t.co/GtK5LmJbfX $CRWD",2,positive,2,positive,positive,1,0,Finistral-7B-LoRA,tfns,-15.2500581741333,2.3823687911317393e-07,-15.9375581741333,1.197930288299176e-07,-5.781483559985645e-05,0.9999996423721313
609,Pharma ETFs Gain on Healthy Q4 Earnings,2,positive,2,positive,positive,1,0,Finistral-7B-LoRA,tfns,-15.437532424926758,1.9750534363538463e-07,-16.812532424926758,4.9937170842895284e-08,-3.218599158572033e-05,0.9999997615814209
610,Sonos Sounds Good After Earnings Beat,2,positive,2,positive,positive,1,0,Finistral-7B-LoRA,tfns,-14.12502670288086,7.338206842177897e-07,-14.56252670288086,4.7379020884363854e-07,-2.682172998902388e-05,0.9999988079071045
611,Why Pinterest Earnings Were So Inspiring,2,positive,2,positive,positive,1,0,Finistral-7B-LoRA,tfns,-16.562528610229492,6.41206057139243e-08,-17.687528610229492,2.0816910861753968e-08,-2.8490614567999728e-05,0.9999998807907104
612,$AIZ - Assurant Q4 2019 Earnings Preview https://t.co/RbjIk0NRk8,1,neutral,1,neutral,neutral,1,0,Finistral-7B-LoRA,tfns,-8.189456939697266,0.000277744053164497,-0.001957288011908531,0.9986903071403503,-6.876957416534424,0.0010319442953914404
613,$AMBA - Ambarella Q3 2020 Earnings Preview https://t.co/NR63jlJVHm,1,neutral,1,neutral,neutral,1,0,Finistral-7B-LoRA,tfns,-7.50285530090332,0.0005518390098586679,-0.0028551549185067415,0.9977483153343201,-6.37785530090332,0.0016997839557006955
614,$AN - AutoNation Q4 2019 Earnings Preview https://t.co/6dXenvxdEY,1,neutral,1,neutral,neutral,1,0,Finistral-7B-LoRA,tfns,-8.128125190734863,0.00029531135805882514,-0.0031247143633663654,0.9975226521492004,-6.128124713897705,0.002182072028517723
615,$BAH - Booz Allen Hamilton Holding Corporation (BAH) CEO Horacio Rozanski on Q3 2020 Results - Earnings Call Transc... https://t.co/dNOLR4pBSn,1,neutral,1,neutral,neutral,1,0,Finistral-7B-LoRA,tfns,-10.750188827514648,2.1443343939608894e-05,-0.00018892886873800308,0.999903678894043,-9.500188827514648,7.484462548745796e-05
616,$BPIRY $BPIRD $BPIRF - Piraeus Bank reports Q3 results https://t.co/w7GoiSjs8N,1,neutral,1,neutral,neutral,1,0,Finistral-7B-LoRA,tfns,-10.000140190124512,4.5395932829706e-05,-0.00014053787162993103,0.999911904335022,-10.062640190124512,4.264552626409568e-05
617,"$BR - Broadridge Financial Solutions, Inc. (BR) CEO Tim Gokey on Q2 2020 Results - Earnings Call Transcript.... https://t.co/yYrbfCRfBh",1,neutral,1,neutral,neutral,1,0,Finistral-7B-LoRA,tfns,-9.312849998474121,9.026777843246236e-05,-0.0003500564198475331,0.9997699856758118,-8.875349998474121,0.00013980947551317513
618,$CEIX - CONSOL Energy Q4 2019 Earnings Preview https://t.co/hNZ8OnhPhh,1,neutral,1,neutral,neutral,1,0,Finistral-7B-LoRA,tfns,-7.814060688018799,0.0004043073859065771,-0.0015606615925207734,0.9991652965545654,-7.751560688018799,0.00043038299190811813
619,"$CLDR - Cloudera, Inc. (CLDR) CEO Martin Cole on Q3 2020 Results - Earnings Call Transcript. Read more and get upda… https://t.co/zgmQ7X8gvp",1,neutral,1,neutral,neutral,1,0,Finistral-7B-LoRA,tfns,-9.625823974609375,6.602856592508033e-05,-0.0008238735608756542,0.999576985836029,-7.938323974609375,0.0003569470427464694
620,$CMD - Cantel Medical Corp. (CMD) CEO George Fotiades on Q1 2020 Results - Earnings Call Transcript. Continue readi… https://t.co/2ZQtrDBqqe,1,neutral,1,neutral,neutral,1,0,Finistral-7B-LoRA,tfns,-9.500476837158203,7.48357706470415e-05,-0.00047636605449952185,0.9997853636741638,-8.875476837158203,0.0001398116146447137
621,$CNS - Cohen & Steers reports January AUM of $73.3B https://t.co/fmpmExnIde,1,neutral,1,neutral,neutral,1,0,Finistral-7B-LoRA,tfns,-10.939324378967285,1.7748317986843176e-05,-0.0018245016690343618,0.9982815980911255,-6.376824378967285,0.001700692460872233
622,$CRL - Charles River Laboratories Q4 2019 Earnings Preview https://t.co/kXRc3AJodT,1,neutral,1,neutral,neutral,1,0,Finistral-7B-LoRA,tfns,-7.070409297943115,0.0008508457103744149,-0.007909170351922512,0.9932431578636169,-5.132909297943115,0.005906039383262396
623,"$CULP - Culp, Inc. 2020 Q2 - Results - Earnings Call Presentation. Read more and get updates on any stock!… https://t.co/k65vOwaaB9",1,neutral,1,neutral,neutral,1,0,Finistral-7B-LoRA,tfns,-9.937792778015137,4.8322242946596816e-05,-0.0002928543253801763,0.999881386756897,-9.562792778015137,7.030845154076815e-05
624,$D - Dominion Energy Q4 2019 Earnings Preview https://t.co/blwGYqai5K,1,neutral,1,neutral,neutral,1,0,Finistral-7B-LoRA,tfns,-8.566864013671875,0.00019041768973693252,-0.004364251624792814,0.9962167143821716,-5.629364013671875,0.0035929186269640923
625,$DBD - Diebold Nixdorf Q4 2019 Earnings Preview https://t.co/fbABq6ow2F,1,neutral,1,neutral,neutral,1,0,Finistral-7B-LoRA,tfns,-8.625833511352539,0.00017946388106793165,-0.0008336406317539513,0.9994636178016663,-7.938333511352539,0.00035690655931830406
626,$EARN - Ellington Residential Mortgage REIT reports Q4 results https://t.co/VyLG9T1ATd,1,neutral,1,neutral,neutral,1,0,Finistral-7B-LoRA,tfns,-6.877569198608398,0.0010316609404981136,-0.0025693520437926054,0.9984160661697388,-7.502569198608398,0.0005522083374671638
627,$ELY - Callaway Golf Company 2019 Q4 - Results - Earnings Call Presentation. https://t.co/57nAtnddKP #markets #trading #economy,1,neutral,1,neutral,neutral,1,0,Finistral-7B-LoRA,tfns,-9.126033782958984,0.0001088580465875566,-0.0010342017048969865,0.9995342493057251,-7.938534259796143,0.0003569317632354796
628,$EVI - EVI reports Q2 results https://t.co/JORsCDM5m7,1,neutral,1,neutral,neutral,1,0,Finistral-7B-LoRA,tfns,-6.6289801597595215,0.0013219482498243451,-0.0039803339168429375,0.9963579773902893,-6.0664801597595215,0.002320091472938657
629,"$FISI - Financial Institutions, Inc. (FISI) CEO Marty Birmingham on Q4 2019 Results - Earnings Call Transcript.... https://t.co/x0EUXRLkqc",1,neutral,1,neutral,neutral,1,0,Finistral-7B-LoRA,tfns,-10.562774658203125,2.5864432245725766e-05,-0.00027426297310739756,0.9998581409454346,-9.062774658203125,0.00011591634392971173
630,$HAS - Hasbro Q4 2019 Earnings Preview https://t.co/vMIhbuEfgX,1,neutral,1,neutral,neutral,1,0,Finistral-7B-LoRA,tfns,-7.505681037902832,0.0005502319545485079,-0.005681200884282589,0.9948427081108093,-5.380681037902832,0.004607035778462887
631,$HBAYF - Hudson's Bay Company (HBAYF) CEO Helena Foulkes on Q3 2019 Results - Earnings Call Transcript. Continue re… https://t.co/YoS5k00NYv,1,neutral,1,neutral,neutral,1,0,Finistral-7B-LoRA,tfns,-9.189327239990234,0.00010228641622234136,-0.0018274764297530055,0.9997664093971252,-8.939327239990234,0.00013133836910128593
632,$IFLXF - Imaflex reports Q3 results https://t.co/3rqgPSpjRZ,1,neutral,1,neutral,neutral,1,0,Finistral-7B-LoRA,tfns,-8.125768661499023,0.0002958579279948026,-0.0007686044555157423,0.9993689656257629,-8.000768661499023,0.00033525092294439673
633,$IOFB - Iowa First Bancshares reports Q4 results https://t.co/jT2mbQvS4e,1,neutral,1,neutral,neutral,1,0,Finistral-7B-LoRA,tfns,-7.938747882843018,0.0003567173844203353,-0.0012478192802518606,0.9989338517189026,-7.251247882843018,0.0007094172178767622
634,$IVC - Invacare Corporation (IVC) CEO Matthew Monaghan on Q4 2019 Results - Earnings Call Transcript.… https://t.co/Okr6M5SxnF,1,neutral,1,neutral,neutral,1,0,Finistral-7B-LoRA,tfns,-9.375470161437988,8.480384713038802e-05,-0.00046993177966214716,0.9998303651809692,-9.375470161437988,8.480384713038802e-05
635,"$JBSS - John B. Sanfilippo & Son, Inc. (JBSS) CEO Jeffrey Sanfilippo on Q2 2020 Results - Earnings Call Transcript.... https://t.co/6vtzuGJJVc",1,neutral,1,neutral,neutral,1,0,Finistral-7B-LoRA,tfns,-9.750348091125488,5.828143548569642e-05,-0.00034850722295232117,0.9997730851173401,-8.687848091125488,0.00016864293138496578
636,$LPX - Louisiana-Pacific Q4 2019 Earnings Preview https://t.co/4vQ4G5x1Yv,1,neutral,1,neutral,neutral,1,0,Finistral-7B-LoRA,tfns,-8.688742637634277,0.00016857049195095897,-0.0012423424050211906,0.9993436932563782,-7.626242160797119,0.0004877749306615442
637,"$MELI - MercadoLibre, Inc. 2019 Q4 - Results - Earnings Call Presentation. https://t.co/KcRqfODmhA #business #markets #stockmarket",1,neutral,1,neutral,neutral,1,0,Finistral-7B-LoRA,tfns,-10.564024925231934,2.5833158360910602e-05,-0.0015244778478518128,0.9986491799354553,-6.626524448394775,0.0013249882031232119
638,$MLM - Martin Marietta Materials Q4 2019 Earnings Preview https://t.co/jgnzxkIdqd,1,neutral,1,neutral,neutral,1,0,Finistral-7B-LoRA,tfns,-8.191580772399902,0.00027714911266230047,-0.00408066064119339,0.9965510368347168,-5.754080772399902,0.0031718036625534296
639,$NCR - NCR Q4 2019 Earnings Preview https://t.co/VDRlgyflHj,1,neutral,1,neutral,neutral,1,0,Finistral-7B-LoRA,tfns,-9.18833065032959,0.00010227769962511957,-0.00083078199531883,0.9996812343597412,-8.43833065032959,0.00021652189025189728
640,$NIU - Niu Technologies 2019 Q3 - Results - Earnings Call Presentation. Read more: https://t.co/OOWkcX2Atx #investing #stocks #stockmarket,1,neutral,1,neutral,neutral,1,0,Finistral-7B-LoRA,tfns,-11.000443458557129,1.6698604667908512e-05,-0.00044312194222584367,0.9998146891593933,-8.687943458557129,0.00016864994540810585
641,$NNN - National Retail Properties Q4 Earnings Preview https://t.co/pyBH8YQj1p,1,neutral,1,neutral,neutral,1,0,Finistral-7B-LoRA,tfns,-8.251941680908203,0.00026088490267284214,-0.00194193993229419,0.9985698461532593,-6.751942157745361,0.001169205061160028
642,$NSP - Insperity Q4 2019 Earnings Preview https://t.co/bhbi9TFrFi,1,neutral,1,neutral,neutral,1,0,Finistral-7B-LoRA,tfns,-8.502737045288086,0.00020298303570598364,-0.0027368729934096336,0.9976147413253784,-6.127737045288086,0.0021822734270244837
643,$OMC - Omnicom Q4 2019 Earnings Preview https://t.co/RuCz38Mcy6,1,neutral,1,neutral,neutral,1,0,Finistral-7B-LoRA,tfns,-8.438352584838867,0.00021646676759701222,-0.0008523407159373164,0.9994267225265503,-7.938352108001709,0.00035689337528310716
644,$PANW - Palo Alto Networks Q1 2020 Earnings Preview https://t.co/DfQXpl34fA,1,neutral,1,neutral,neutral,1,0,Finistral-7B-LoRA,tfns,-7.517485618591309,0.0005439906963147223,-0.01748562976717949,0.9835582375526428,-4.142485618591309,0.015897737815976143
645,$PHCEF - PharmaCielo reports Q3 results https://t.co/8l2CVHznGj,1,neutral,1,neutral,neutral,1,0,Finistral-7B-LoRA,tfns,-9.937882423400879,4.831929618376307e-05,-0.0003819928097072989,0.9998204112052917,-8.937882423400879,0.00013134545588400215
646,$PSX - Phillips 66 2019 Q4 - Results - Earnings Call Presentation. https://t.co/lQFktaxl9V #markets #trading #stocks,1,neutral,1,neutral,neutral,1,0,Finistral-7B-LoRA,tfns,-10.063767433166504,4.261720096110366e-05,-0.0012672259472310543,0.9992477893829346,-7.251267433166504,0.0007096401532180607
647,$PVH - Phillips-Van Heusen Q3 2020 Earnings Preview https://t.co/kNhCYwVnBX,1,neutral,1,neutral,neutral,1,0,Finistral-7B-LoRA,tfns,-7.0648345947265625,0.0008551686769351363,-0.0023344901856034994,0.9982896447181702,-7.0648345947265625,0.0008551686769351363
648,"$RGCO - RGC Resources, Inc. (RGCO) CEO John D'Orazio on Q4 2019 Results - Earnings Call Transcript. Read more and g… https://t.co/UR8KXNoy1h",1,neutral,1,neutral,neutral,1,0,Finistral-7B-LoRA,tfns,-9.313400268554688,9.025530016515404e-05,-0.0009003399754874408,0.9996317625045776,-8.188400268554688,0.0002780058712232858
649,$RNUGF - ReNeuron Group plc (RNUGF) CEO Olav Hellebø on Q2 2020 Results - Earnings Call Transcript. Follow this and… https://t.co/mHsXKdhtCw,1,neutral,1,neutral,neutral,1,0,Finistral-7B-LoRA,tfns,-9.500324249267578,7.483640365535393e-05,-0.0003240775258745998,0.9997938275337219,-8.937824249267578,0.00013134197797626257
650,$UAA - Under Armour Q4 2019 Earnings Preview https://t.co/5lR80ygFWK,1,neutral,1,neutral,neutral,1,0,Finistral-7B-LoRA,tfns,-7.126766204833984,0.0008036687504500151,-0.0017661938909441233,0.9986774325370789,-7.564266204833984,0.0005188875366002321
651,$UNFI - United Natural Foods Inc (UNFI) CEO Steve Spinner on Q1 2020 Results - Earnings Call Transcript. Keep readi… https://t.co/9UbHS6nuQP,1,neutral,1,neutral,neutral,1,0,Finistral-7B-LoRA,tfns,-10.000465393066406,4.53956781711895e-05,-0.0004651656490750611,0.9999063014984131,-9.937965393066406,4.8323447117581964e-05
652,"$USAK - USA Truck, Inc. 2019 Q4 - Results - Earnings Call Presentation. https://t.co/VaoeaJ18mB #markets #economy #trading",1,neutral,1,neutral,neutral,1,0,Finistral-7B-LoRA,tfns,-10.312837600708008,3.321170515846461e-05,-0.00033766290289349854,0.9998918771743774,-9.500337600708008,7.484374509658664e-05
653,$VIRT - Virtu Financial Q4 2019 Earnings Preview https://t.co/DEQoJ2KqSU,1,neutral,1,neutral,neutral,1,0,Finistral-7B-LoRA,tfns,-7.6929030418396,0.0004564483533613384,-0.005402963142842054,0.9954752326011658,-5.5054030418396,0.004068279638886452
654,"$ZUO - Zuora, Inc. (ZUO) CEO Tien Tzuo on Q3 2020 Results - Earnings Call Transcript. Subscribe to Seeking Alpha fo… https://t.co/phrquf7Ktv",1,neutral,1,neutral,neutral,1,0,Finistral-7B-LoRA,tfns,-9.376279830932617,8.476966468151659e-05,-0.00127948890440166,0.9994274377822876,-7.626279354095459,0.00048781579243950546
655,.@BruceKamich digs into Palo Alto $PANW charts ahead of earnings:   https://t.co/9bh2ztu5Yv,1,neutral,2,positive,positive,0,0,Finistral-7B-LoRA,tfns,-8.996613502502441,0.00012433805386535823,-2.9341132640838623,0.053396690636873245,-0.059113308787345886,0.9464789628982544
656,01 Communique Laboratory reports Q4 results,1,neutral,1,neutral,neutral,1,0,Finistral-7B-LoRA,tfns,-5.635481357574463,0.003569636959582567,-0.01048131100833416,0.9897614121437073,-5.010481357574463,0.006668959744274616
657,Acura Pharmaceuticals reports Q2 results,1,neutral,1,neutral,neutral,1,0,Finistral-7B-LoRA,tfns,-6.627729415893555,0.0013237390667200089,-0.002729264320805669,0.997707724571228,-6.940229415893555,0.0009684681426733732
658,Adhera Therapeutics reports Q3 results,1,neutral,1,neutral,neutral,1,0,Finistral-7B-LoRA,tfns,-6.6267547607421875,0.0013247695751488209,-0.0017546509625390172,0.9984844326972961,-8.564254760742188,0.00019085114763583988
659,Advanced Drainage Systems Announces Third Quarter Fiscal 2020 Results,1,neutral,1,neutral,neutral,1,0,Finistral-7B-LoRA,tfns,-11.000184059143066,1.670108576945495e-05,-0.0001839230244513601,0.9999631643295288,-10.812684059143066,2.0145354937994853e-05
660,Alternus Energy reports Q3 results,1,neutral,1,neutral,neutral,1,0,Finistral-7B-LoRA,tfns,-6.939066410064697,0.0009695779881440103,-0.0015662556979805231,0.9988510608673096,-8.626565933227539,0.00017935389769263566
661,Amen Properties Reports Results for Third Quarter of 2019 and Announces Dividend,1,neutral,1,neutral,neutral,1,0,Finistral-7B-LoRA,tfns,-13.687616348266602,1.1365575574018294e-06,-0.0001161031104857102,0.9999934434890747,-12.125116348266602,5.422212780104019e-06
662,B Communications reports Q3 results,1,neutral,1,neutral,neutral,1,0,Finistral-7B-LoRA,tfns,-9.875187873840332,5.1438815717119724e-05,-0.00018749863374978304,0.9998824596405029,-9.625187873840332,6.604874215554446e-05
663,Bank Hapoalim reports Q3 results,1,neutral,1,neutral,neutral,1,0,Finistral-7B-LoRA,tfns,-9.000397682189941,0.00012337502266746014,-0.00039772229501977563,0.9997181296348572,-8.750397682189941,0.00015841666026972234
664,Biofrontera reports 9M results,1,neutral,1,neutral,neutral,1,0,Finistral-7B-LoRA,tfns,-9.313031196594238,9.026418410940096e-05,-0.0005314130103215575,0.9997301697731018,-8.625531196594238,0.00017951175686903298
665,Biorem reports Q3 results,1,neutral,1,neutral,neutral,1,0,Finistral-7B-LoRA,tfns,-7.001155376434326,0.0009109521051868796,-0.0011554239317774773,0.9989802241325378,-9.126155853271484,0.00010879771434701979
666,Biotage AB reports Q4 results,1,neutral,1,neutral,neutral,1,0,Finistral-7B-LoRA,tfns,-8.500444412231445,0.00020340974151622504,-0.0004447901446837932,0.999711811542511,-9.375444412231445,8.479379175696522e-05
667,"BlackBerry, Conagra, FedEx, Micron, Nike and More Earnings Coming This Week",1,neutral,1,neutral,neutral,1,0,Finistral-7B-LoRA,tfns,-14.562560081481934,4.737901520002197e-07,-6.031808152329177e-05,0.9999986886978149,-14.062560081481934,7.811479463271098e-07
668,"BrightSphere Reports Financial and Operating Results for the Fourth Quarter Ended December 31, 2019",1,neutral,1,neutral,neutral,1,0,Finistral-7B-LoRA,tfns,-12.437625885009766,3.966970780311385e-06,-0.00012635385792236775,0.9999922513961792,-12.500125885009766,3.7266242998157395e-06
669,Canbiola reports Q3 results,1,neutral,1,neutral,neutral,1,0,Finistral-7B-LoRA,tfns,-10.000301361083984,4.53956781711895e-05,-0.0003013156820088625,0.9999063014984131,-9.937801361083984,4.8323447117581964e-05
670,Centaurus Energy reports Q3 results,1,neutral,1,neutral,neutral,1,0,Finistral-7B-LoRA,tfns,-9.500158309936523,7.484472735086456e-05,-0.00015793983766343445,0.999904990196228,-10.812658309936523,2.014418350881897e-05
671,ChoiceOne Financial Services reports Q4 results,1,neutral,1,neutral,neutral,1,0,Finistral-7B-LoRA,tfns,-7.001866340637207,0.0009105156641453505,-0.0018663860391825438,0.9985016584396362,-7.439366340637207,0.0005878731026314199
672,Ciner Resources LP to Release 4th Quarter and Year-End 2019 Results,1,neutral,1,neutral,neutral,1,0,Finistral-7B-LoRA,tfns,-13.812519073486328,1.0030132671090541e-06,-1.9192511899746023e-05,0.9999982118606567,-14.125019073486328,7.338202294704388e-07
673,CyberOptics Fourth Quarter 2019 Earnings Conference Call Scheduled for February 19,1,neutral,1,neutral,neutral,1,0,Finistral-7B-LoRA,tfns,-13.937519073486328,8.851551456245943e-07,-1.9430925021879375e-05,0.9999971389770508,-13.125019073486328,1.9947281089116586e-06
674,DCP Midstream Q4 Earnings Preview,1,neutral,1,neutral,neutral,1,0,Finistral-7B-LoRA,tfns,-8.001077651977539,0.0003351530176587403,-0.0010780243901535869,0.9990766048431396,-7.438578128814697,0.0005882115801796317
675,Did Thermo Fisher Scientific Inc.'s (NYSE:TMO) Recent Earnings Growth Beat The Trend?,1,neutral,1,neutral,neutral,1,0,Finistral-7B-LoRA,tfns,-6.818048477172852,0.0010942639783024788,-0.00554843433201313,0.9948400855064392,-5.505548477172852,0.004065684042870998
676,DSV Panalpina A/S reports FY results,1,neutral,1,neutral,neutral,1,0,Finistral-7B-LoRA,tfns,-12.687607765197754,3.0894279916537926e-06,-0.00010740180005086586,0.9999754428863525,-10.750107765197754,2.144488098565489e-05
677,Earnings heatmap https://t.co/gY9oNC5zPW,1,neutral,1,neutral,neutral,1,0,Finistral-7B-LoRA,tfns,-7.126821517944336,0.0008034790516830981,-0.001821407931856811,0.998441755771637,-7.189321517944336,0.0007547987042926252
678,Edited Transcript of AMG earnings conference call or presentation 29-Jul-19 12:30pm GMT,1,neutral,1,neutral,neutral,1,0,Finistral-7B-LoRA,tfns,-9.250693321228027,9.606811363482848e-05,-0.0006932000978849828,0.9995469450950623,-7.938193321228027,0.00035693630343303084
679,Edited Transcript of BFF.MI earnings conference call or presentation 8-Nov-19 11:30am GMT,1,neutral,1,neutral,neutral,1,0,Finistral-7B-LoRA,tfns,-8.001801490783691,0.0003349817998241633,-0.0018011790234595537,0.9985666871070862,-6.814301013946533,0.0010983629617840052
680,Edited Transcript of CIO earnings conference call or presentation 1-Nov-19 3:00pm GMT,1,neutral,1,neutral,neutral,1,0,Finistral-7B-LoRA,tfns,-9.500384330749512,7.48370002838783e-05,-0.0003844952443614602,0.9998018145561218,-9.000384330749512,0.00012338533997535706
681,Edited Transcript of DS earnings conference call or presentation 12-Nov-19 2:15pm GMT,1,neutral,1,neutral,neutral,1,0,Finistral-7B-LoRA,tfns,-8.68826961517334,0.00016859962488524616,-0.0007695574313402176,0.9995163679122925,-8.06326961517334,0.0003149855765514076
682,Edited Transcript of DZSI earnings conference call or presentation 12-Nov-19 10:00pm GMT,1,neutral,1,neutral,neutral,1,0,Finistral-7B-LoRA,tfns,-8.688199996948242,0.00016861388576216996,-0.0006998711614869535,0.9996009469032288,-8.375699996948242,0.0002304678491782397
683,Edited Transcript of EPR.OL earnings conference call or presentation 1-Nov-19 7:30am GMT,1,neutral,1,neutral,neutral,1,0,Finistral-7B-LoRA,tfns,-8.688541412353516,0.0001685801544226706,-0.0010417040903121233,0.9994009733200073,-7.751041889190674,0.0004304845060687512
684,Edited Transcript of FALC earnings conference call or presentation 19-Nov-19 9:30pm GMT,1,neutral,1,neutral,neutral,1,0,Finistral-7B-LoRA,tfns,-8.938360214233398,0.00013130776642356068,-0.0008599635912105441,0.9995334148406982,-8.000860214233398,0.0003353061038069427
685,Edited Transcript of GILT earnings conference call or presentation 19-Nov-19 2:30pm GMT,1,neutral,1,neutral,neutral,1,0,Finistral-7B-LoRA,tfns,-8.314364433288574,0.0002451316104270518,-0.0018647201359272003,0.9987853169441223,-6.939364910125732,0.0009695141343399882
686,Edited Transcript of GNW earnings conference call or presentation 5-Feb-20 2:00pm GMT,1,neutral,1,neutral,neutral,1,0,Finistral-7B-LoRA,tfns,-8.563090324401855,0.00019106293621007353,-0.0005901502445340157,0.9995924830436707,-8.438090324401855,0.0002165026671718806
687,Edited Transcript of GWGH earnings conference call or presentation 21-Nov-19 9:30pm GMT,1,neutral,1,neutral,neutral,1,0,Finistral-7B-LoRA,tfns,-7.252035617828369,0.0007092531304806471,-0.002035690238699317,0.9987027645111084,-7.439535617828369,0.0005879914970137179
688,Edited Transcript of KNDI earnings conference call or presentation 12-Nov-19 1:00pm GMT,1,neutral,1,neutral,neutral,1,0,Finistral-7B-LoRA,tfns,-6.690587997436523,0.0012433892115950584,-0.003087993012741208,0.9975885152816772,-6.753087997436523,0.0011680560419335961
689,Edited Transcript of MAGS earnings conference call or presentation 18-Nov-19 3:00pm GMT,1,neutral,1,neutral,neutral,1,0,Finistral-7B-LoRA,tfns,-9.00074291229248,0.00012335805513430387,-0.0007432320853695273,0.9995806813240051,-8.12574291229248,0.0002959206176456064
690,Edited Transcript of MPAA earnings conference call or presentation 12-Nov-19 6:00pm GMT,1,neutral,1,neutral,neutral,1,0,Finistral-7B-LoRA,tfns,-9.437813758850098,7.966836710693315e-05,-0.0003133521240670234,0.9998620748519897,-9.750313758850098,5.828662324347533e-05
691,Edited Transcript of NJR earnings conference call or presentation 19-Nov-19 3:00pm GMT,1,neutral,1,neutral,neutral,1,0,Finistral-7B-LoRA,tfns,-8.813054084777832,0.00014881337119732052,-0.0005540504935197532,0.9996825456619263,-8.688054084777832,0.000168627651873976
692,Edited Transcript of ORBC earnings conference call or presentation 30-Oct-19 12:30pm GMT,1,neutral,1,neutral,neutral,1,0,Finistral-7B-LoRA,tfns,-8.064125061035156,0.0003148646210320294,-0.0016249321633949876,0.9991325736045837,-7.501625061035156,0.0005526046152226627
693,Edited Transcript of PLC.TO earnings conference call or presentation 13-Nov-19 2:30pm GMT,1,neutral,1,neutral,neutral,1,0,Finistral-7B-LoRA,tfns,-8.001941680908203,0.0003350040933582932,-0.0019412260735407472,0.998633086681366,-6.876941204071045,0.0010318852728232741
694,Edited Transcript of QD.N earnings conference call or presentation 18-Nov-19 12:00pm GMT,1,neutral,1,neutral,neutral,1,0,Finistral-7B-LoRA,tfns,-7.003167152404785,0.0009096848079934716,-0.003167138434946537,0.9975905418395996,-6.503167152404785,0.0014998166589066386
695,Edited Transcript of SFUN earnings conference call or presentation 18-Nov-19 12:00pm GMT,1,neutral,1,neutral,neutral,1,0,Finistral-7B-LoRA,tfns,-7.8143696784973145,0.0004041131178382784,-0.001869836589321494,0.9986851811408997,-7.0018696784973145,0.0009106830111704767
696,Edited Transcript of SMCI earnings conference call or presentation 6-Feb-20 10:00pm GMT,1,neutral,1,neutral,neutral,1,0,Finistral-7B-LoRA,tfns,-7.564311504364014,0.0005188320064917207,-0.0018115314887836576,0.9985705614089966,-7.001811504364014,0.000910578528419137
697,Edited Transcript of TOY.TO earnings conference call or presentation 6-Nov-19 2:30pm GMT,1,neutral,1,neutral,neutral,1,0,Finistral-7B-LoRA,tfns,-7.56519079208374,0.0005184754845686257,-0.002690982772037387,0.9978844523429871,-6.44019079208374,0.0015970170497894287
698,Edited Transcript of TTMI earnings conference call or presentation 30-Oct-19 8:30pm GMT,1,neutral,1,neutral,neutral,1,0,Finistral-7B-LoRA,tfns,-8.62612247467041,0.0001794223499018699,-0.001122083282098174,0.999232292175293,-7.438621997833252,0.0005883032572455704
699,Edited Transcript of WIZZ.L earnings conference call or presentation 13-Nov-19 9:00am GMT,1,neutral,1,neutral,neutral,1,0,Finistral-7B-LoRA,tfns,-7.7541890144348145,0.0004291916557122022,-0.004189049359411001,0.9963995218276978,-5.7541890144348145,0.0031713214702904224
700,ESI Group SA reports Q3 results,1,neutral,1,neutral,neutral,1,0,Finistral-7B-LoRA,tfns,-8.500397682189941,0.0002034061762969941,-0.00039736481267027557,0.9996943473815918,-9.187897682189941,0.00010227904567727819
701,EVI reports Q2 results,1,neutral,1,neutral,neutral,1,0,Finistral-7B-LoRA,tfns,-7.252054214477539,0.000709167099557817,-0.002054010983556509,0.9985816478729248,-7.252054214477539,0.000709167099557817
702,Flurry of retailer earnings on tap,1,neutral,1,neutral,neutral,1,0,Finistral-7B-LoRA,tfns,-9.875648498535156,5.1440150855341926e-05,-0.0006480501033365726,0.999908447265625,-10.125648498535156,4.006162635050714e-05
703,Formula Systems reports Q3 results,1,neutral,1,neutral,neutral,1,0,Finistral-7B-LoRA,tfns,-10.937726974487305,1.7777223547454923e-05,-0.00022706791060045362,0.999907374382019,-9.500226974487305,7.48449019738473e-05
704,G. Willi-Food reports Q3 results,1,neutral,1,neutral,neutral,1,0,Finistral-7B-LoRA,tfns,-8.875970840454102,0.00013973453314974904,-0.0009703694959171116,0.9992340803146362,-7.375970363616943,0.0006262466195039451
705,Galaxy Next Generation reports Q1 results,1,neutral,1,neutral,neutral,1,0,Finistral-7B-LoRA,tfns,-9.500327110290527,7.484238449251279e-05,-0.0003270567976869643,0.9998737573623657,-9.875327110290527,5.143836824572645e-05
706,General Moly reports Q3 results,1,neutral,1,neutral,neutral,1,0,Finistral-7B-LoRA,tfns,-11.500171661376953,1.012986740533961e-05,-0.00017152745567727834,0.999977707862854,-11.312671661376953,1.221895308844978e-05
707,Green Plains Partners Reports Fourth Quarter and Full Year 2019 Financial Results  https://t.co/Z6dgpRbycs,1,neutral,1,neutral,neutral,1,0,Finistral-7B-LoRA,tfns,-13.062873840332031,2.123372269124957e-06,-0.00037353215157054365,0.9999949932098389,-12.750373840332031,2.9023060506006004e-06
708,HanesBrands Reports Full-Year and Fourth-Quarter 2019 Financial Results,1,neutral,1,neutral,neutral,1,0,Finistral-7B-LoRA,tfns,-11.687676429748535,8.397810233873315e-06,-0.00017617580306250602,0.9999604225158691,-10.375176429748535,3.1201652745949104e-05
709,"Henry Schein to Webcast Fourth Quarter and Full-Year 2019 Conference Call on Thursday, February 20, 2020 at 10:00 A.M. ET",1,neutral,1,neutral,neutral,1,0,Finistral-7B-LoRA,tfns,-14.937509536743164,3.256311345012364e-07,-9.536697689327411e-06,0.9999994039535522,-15.000009536743164,3.0590214805670257e-07
710,Héroux-Devtek reports Q3 results,1,neutral,1,neutral,neutral,1,0,Finistral-7B-LoRA,tfns,-10.0626220703125,4.2646493966458365e-05,-0.00012182447244413197,0.9999345541000366,-10.6876220703125,2.282702553202398e-05
711,How Driller Helmerich & Payne Scored a Q1 2020 Earnings Beat,1,neutral,2,positive,positive,0,0,Finistral-7B-LoRA,tfns,-14.562555313110352,4.737901520002197e-07,-13.937555313110352,8.851565667100658e-07,-5.519237674889155e-05,0.9999986886978149
712,IEH Corporation reports Q2 results,1,neutral,1,neutral,neutral,1,0,Finistral-7B-LoRA,tfns,-5.25823450088501,0.005206459201872349,-0.008234478533267975,0.9921755194664001,-5.94573450088501,0.0026179722044616938
713,Insperity Q4 2019 Earnings Preview,1,neutral,1,neutral,neutral,1,0,Finistral-7B-LoRA,tfns,-8.501777648925781,0.0002031574840657413,-0.0017774987500160933,0.9984720349311829,-6.626777648925781,0.0013247531605884433
714,Intercontinental Exchange Reports Fourth Quarter & Full Year 2019,1,neutral,1,neutral,neutral,1,0,Finistral-7B-LoRA,tfns,-13.187629699707031,1.873855239864497e-06,-0.000129691296024248,0.9999873638153076,-11.437629699707031,1.0783292054838967e-05
715,"JD.com, Inc. Reported Third-Quarter Earnings: Here's What Analysts Think Will Happen Next",1,neutral,1,neutral,neutral,1,0,Finistral-7B-LoRA,tfns,-7.503437042236328,0.0005514125805348158,-0.0034370890352874994,0.9969773292541504,-6.003437042236328,0.002471259795129299
716,Kaya Holdings reports Q3 results,1,neutral,1,neutral,neutral,1,0,Finistral-7B-LoRA,tfns,-7.1260809898376465,0.0008040390675887465,-0.0010811204556375742,0.9991376399993896,-9.751081466674805,5.824439358548261e-05
717,Lupin reports Q3 results,1,neutral,1,neutral,neutral,1,0,Finistral-7B-LoRA,tfns,-9.312993049621582,9.025530016515404e-05,-0.0004926898400299251,0.9996317625045776,-8.187993049621582,0.0002780058712232858
718,Mechel PAO reports Q3 results,1,neutral,1,neutral,neutral,1,0,Finistral-7B-LoRA,tfns,-8.000448226928711,0.00033534198882989585,-0.00044800734031014144,0.9996403455734253,-10.625448226928711,2.4292090529343113e-05
719,Next round of notable earnings,1,neutral,1,neutral,neutral,1,0,Finistral-7B-LoRA,tfns,-14.56251049041748,4.737902656870574e-07,-1.0967194612021558e-05,0.999998927116394,-14.25001049041748,6.475945610873168e-07
720,Northeast Community Bancorp reports Q4 results,1,neutral,1,neutral,neutral,1,0,Finistral-7B-LoRA,tfns,-6.816392421722412,0.001096977386623621,-0.0038925844710320234,0.9973069429397583,-6.441392421722412,0.0015960928285494447
721,Notable earnings after Monday’s close,1,neutral,1,neutral,neutral,1,0,Finistral-7B-LoRA,tfns,-7.877059459686279,0.0003798853431362659,-0.002059602178633213,0.9993590712547302,-8.252059936523438,0.00026109107420779765
722,Novoheart Holdings reports Q1 results,1,neutral,1,neutral,neutral,1,0,Finistral-7B-LoRA,tfns,-9.687661170959473,6.204855890246108e-05,-0.00016139635408762842,0.9999067783355713,-10.375161170959473,3.119997927569784e-05
723,NVIDIA Earnings: What to Watch on Thursday,1,neutral,1,neutral,neutral,1,0,Finistral-7B-LoRA,tfns,-12.750380516052246,2.9016432563366834e-06,-0.00038044367101974785,0.9997666478157043,-8.375380516052246,0.0002305060625076294
724,Omni-Lite Industries reports Q3 results,1,neutral,1,neutral,neutral,1,0,Finistral-7B-LoRA,tfns,-8.000808715820312,0.00033526256447657943,-0.0008085080771706998,0.9994035959243774,-8.250808715820312,0.00026110271573998034
725,Orkla reports Q4 results,1,neutral,1,neutral,neutral,1,0,Finistral-7B-LoRA,tfns,-9.937657356262207,4.8324669478461146e-05,-0.00015710550360381603,0.9999315738677979,-10.812657356262207,2.014471829170361e-05
726,PagSeguro Q3 2019 Earnings Preview,1,neutral,1,neutral,neutral,1,0,Finistral-7B-LoRA,tfns,-10.000243186950684,4.5394022890832275e-05,-0.00024291902082040906,0.9998698234558105,-9.375243186950684,8.480719407089055e-05
727,Park City Group Reports Financial Results for the Fiscal Second Quarter of 2020,1,neutral,1,neutral,neutral,1,0,Finistral-7B-LoRA,tfns,-10.125086784362793,4.00633507524617e-05,-8.725739462533966e-05,0.9999514818191528,-11.687586784362793,8.397734745813068e-06
728,Peak Positioning Technologies reports Q3 results,1,neutral,1,neutral,neutral,1,0,Finistral-7B-LoRA,tfns,-6.501797199249268,0.0015010189963504672,-0.0017972521018236876,0.9983903169631958,-9.126797676086426,0.00010873346036532894
729,Plato Gold reports Q3 results,1,neutral,1,neutral,neutral,1,0,Finistral-7B-LoRA,tfns,-8.125967025756836,0.0002958579279948026,-0.000967153930105269,0.9993689656257629,-8.000967025756836,0.00033525092294439673
730,Publicis Groupe S.A. reports FY results,1,neutral,1,neutral,neutral,1,0,Finistral-7B-LoRA,tfns,-7.937802314758301,0.00035716069396585226,-0.06280246376991272,0.9395776987075806,-2.81280255317688,0.060065191239118576
731,Q1 Earnings Preview For Nutanix,1,neutral,1,neutral,neutral,1,0,Finistral-7B-LoRA,tfns,-8.813438415527344,0.00014877028297632933,-0.0009380945703014731,0.9993929862976074,-7.6884379386901855,0.00045824472908861935
732,Quinsam Capital reports Q3 results,1,neutral,1,neutral,neutral,1,0,Finistral-7B-LoRA,tfns,-10.56262493133545,2.586702430562582e-05,-0.0001250427303602919,0.9999583959579468,-11.06262493133545,1.5689143765484914e-05
733,"Ruth's Hospitality Group, Inc. to Announce Fourth Quarter and Full Year 2019 Financial Results on February 21st, 2020",1,neutral,1,neutral,neutral,1,0,Finistral-7B-LoRA,tfns,-15.500007629394531,1.8553907921159407e-07,-7.271740287251305e-06,0.9999996423721313,-16.00000762939453,1.125351332120772e-07
734,"Sally Beauty Holdings, Inc. Announces First Quarter Results",1,neutral,1,neutral,neutral,1,0,Finistral-7B-LoRA,tfns,-7.564511775970459,0.0005186171620152891,-0.002011896576732397,0.9981570839881897,-6.627011775970459,0.0013243352295830846
735,"ServiceSource to Hold Fourth Quarter and Full Year 2019 Financial Results Call on February 20, 2020",1,neutral,1,neutral,neutral,1,0,Finistral-7B-LoRA,tfns,-14.625008583068848,4.4508479390970024e-07,-9.059865078597795e-06,0.9999990463256836,-14.562508583068848,4.7379032253047626e-07
736,"Simon Property Group, Inc. Just Reported Annual Earnings: Have Analysts Changed Their Mind On The Stock?",1,neutral,1,neutral,neutral,1,0,Finistral-7B-LoRA,tfns,-9.188064575195312,0.00010228555038338527,-0.0005645350320264697,0.9997579455375671,-8.875564575195312,0.00013980778749100864
737,Snap-on Announces Fourth Quarter and Full Year 2019 Results,1,neutral,1,neutral,neutral,1,0,Finistral-7B-LoRA,tfns,-11.00043773651123,1.6699361367500387e-05,-0.0004378790326882154,0.9998599290847778,-9.00043773651123,0.00012339251406956464
738,Sun Pharmaceuticals Industries reports Q3 results,1,neutral,1,neutral,neutral,1,0,Finistral-7B-LoRA,tfns,-7.817579746246338,0.00040283583803102374,-0.00507957860827446,0.9955286383628845,-5.505079746246338,0.004068498034030199
739,"Tapestry, Inc. Reports Fiscal 2020 Second Quarter Results",1,neutral,1,neutral,neutral,1,0,Finistral-7B-LoRA,tfns,-9.2504301071167,9.609127300791442e-05,-0.0004301338049117476,0.9997879862785339,-9.0629301071167,0.00011590820940909907
740,The RMR Group Inc. Announces First Quarter Fiscal 2020 Results,1,neutral,1,neutral,neutral,1,0,Finistral-7B-LoRA,tfns,-12.562586784362793,3.500809270917671e-06,-8.713819261174649e-05,0.999983549118042,-11.250086784362793,1.3007083907723427e-05
741,Twitter's Q4 Earnings Preview,1,neutral,1,neutral,neutral,1,0,Finistral-7B-LoRA,tfns,-7.131412029266357,0.0007998918881639838,-0.006411814596503973,0.9939841628074646,-5.256412029266357,0.005215950310230255
742,Universal Electronics to Host Fourth Quarter 2019 Financial Results Conference Call on February 20th,1,neutral,1,neutral,neutral,1,0,Finistral-7B-LoRA,tfns,-15.750011444091797,1.4449797447468882e-07,-1.156323378381785e-05,0.9999996423721313,-15.187511444091797,2.5360185418321635e-07
743,Upcoming #earnings conference calls https://t.co/K4KO9JYhxN $JKS $HD $URBN $LOW $M $LB $SQM $BRC $GPS $FL $DELL $DE,1,neutral,1,neutral,neutral,1,0,Finistral-7B-LoRA,tfns,-11.375099182128906,1.1478522537800018e-05,-9.881961887003854e-05,0.999967098236084,-10.750099182128906,2.1444702724693343e-05
744,Voya Financial Announces Fourth-Quarter and Full-Year 2019 Results,1,neutral,1,neutral,neutral,1,0,Finistral-7B-LoRA,tfns,-12.6876220703125,3.0894714200258022e-06,-0.00012206286191940308,0.9999895095825195,-11.8126220703125,7.411257229250623e-06
745,West End Indiana Bancshares : 3rd Quarter 2019 Earnings Release #WestEndIndianaBancshares #Stock #MarketScreener… https://t.co/PT0kmmpmrJ,1,neutral,1,neutral,neutral,1,0,Finistral-7B-LoRA,tfns,-11.687613487243652,8.3974437075085e-06,-0.0001137191939051263,0.9999167919158936,-9.500113487243652,7.484560774173588e-05
746,What to Watch When Micron Reports Wednesday,1,neutral,1,neutral,neutral,1,0,Finistral-7B-LoRA,tfns,-12.125566482543945,5.421507012215443e-06,-0.0005666795768775046,0.9998632669448853,-8.938066482543945,0.00013135110202711076
747,$TOPS The world could soon run out of space to store oil. That may plunge prices below zero https://t.co/4ZEUx6r7qj.,0,negative,0,negative,negative,1,0,Finistral-7B-LoRA,tfns,-0.0001209901092806831,0.9999868869781494,-16.312620162963867,8.233141102209629e-08,-11.250121116638184,1.300712665397441e-05
748,Can West Texas Intermediate crude fall beneath 50 cents a barrel? Someone thinks so https://t.co/cCYayTd9qW,0,negative,0,negative,negative,1,0,Finistral-7B-LoRA,tfns,-7.509902934543788e-05,0.9999850988388062,-15.875075340270996,1.2751715416925435e-07,-11.125075340270996,1.4738979189132806e-05
749,Fracking Blows Up Investors Again: Phase 2 Of The Great American Shale Oil & Gas Bust https://t.co/tsawCbV7Jn,0,negative,0,negative,negative,1,0,Finistral-7B-LoRA,tfns,-8.916457591112703e-05,0.9999945163726807,-15.937588691711426,1.1979241776316485e-07,-12.125088691711426,5.42221869181958e-06
750,"Largest coal plant in the West shuts down, dealing financial losses to Native American tribes",0,negative,2,positive,positive,0,0,Finistral-7B-LoRA,tfns,-5.368677616119385,0.004665786400437355,-2.2436773777008057,0.10619281232357025,-0.11867739260196686,0.8891414999961853
751,Oil companies warn Kansas City Fed there could be widespread insolvencies https://t.co/DRXouEBf0p,0,negative,0,negative,negative,1,0,Finistral-7B-LoRA,tfns,-7.843663479434326e-05,0.9999966621398926,-15.437578201293945,1.9750473256863188e-07,-12.687578201293945,3.0894937026459957e-06
752,Oil Slumps as Market Catches up with Empty Trade-Deal Talk,0,negative,0,negative,negative,1,0,Finistral-7B-LoRA,tfns,-1.6569954823353328e-05,0.9999985694885254,-20.562517166137695,1.1744082373255083e-09,-13.500016212463379,1.370957193103095e-06
753,OPEC+ Weighs Emergency Response as Oil Slumps on Virus Panic,0,negative,0,negative,negative,1,0,Finistral-7B-LoRA,tfns,-2.610649426060263e-05,0.9999985694885254,-17.43752670288086,2.6729408020287337e-08,-13.500025749206543,1.370957193103095e-06
754,Saudis Slash Oil Prices in Asia as Virus Causes Demand Shock,0,negative,0,negative,negative,1,0,Finistral-7B-LoRA,tfns,-2.586808113846928e-05,0.9999960660934448,-18.50002670288086,9.237413500784442e-09,-12.437525749206543,3.966986241721315e-06
755,"The U.S. cut its oil output forecast by more than 1 million barrels a day, days before OPEC and other producers mee… https://t.co/1ileJAr6cD",0,negative,2,positive,positive,0,0,Finistral-7B-LoRA,tfns,-1.157088041305542,0.31511780619621277,-4.032087802886963,0.017777733504772186,-0.4070879817008972,0.6671044230461121
756,U.K. Flash PMIs - Uncertainty Driving Economy Into Recessionary Territory. Subscribe to Seeking Alpha for more:… https://t.co/5R3pl0m4Ik,0,negative,0,negative,negative,1,0,Finistral-7B-LoRA,tfns,-3.40932747349143e-05,0.9999912977218628,-12.62503433227539,3.2887312499951804e-06,-12.12503433227539,5.422200956672896e-06
757,U.S. Shale Producers Slash Spending Once Again,0,negative,0,negative,negative,1,0,Finistral-7B-LoRA,tfns,-2.1576648578047752e-05,0.9999992847442627,-16.43752098083496,7.265811774459507e-08,-14.375021934509277,5.71500379464851e-07
758,"$ASC - Coronavirus slowing oil product demand into China, Ardmore says https://t.co/Onv6h4wcFO",0,negative,0,negative,negative,1,0,Finistral-7B-LoRA,tfns,-2.3483953555114567e-05,0.9999979734420776,-16.437522888183594,7.265801826861207e-08,-13.18752384185791,1.8738751350610983e-06
759,$OIS - Waning Pricing Power Could Stymie Oil States. https://t.co/cv7dKthhRN #finance #stockmarket #economy,0,negative,0,negative,negative,1,0,Finistral-7B-LoRA,tfns,-2.7417760065873154e-05,0.999997615814209,-13.812527656555176,1.0030126986748655e-06,-13.500027656555176,1.3709558288610424e-06
760,$XLE $NOV $XEC - Oil slides again as traders await news on OPEC+ cuts https://t.co/fM4jMDNb9U,0,negative,0,negative,negative,1,0,Finistral-7B-LoRA,tfns,-2.0503786799963564e-05,0.9999977350234985,-19.75002098083496,2.646567853759052e-09,-13.000020027160645,2.2603242086915998e-06
761,"Damned if they do, damned if they don't: Investors are punishing major oil companies for new crude reserves-and cle… https://t.co/mILVq1M0cW",0,negative,0,negative,negative,1,0,Finistral-7B-LoRA,tfns,-0.00011276562872808427,0.9999933242797852,-13.812612533569336,1.0030083785750321e-06,-12.062612533569336,5.7719144024304114e-06
762,Empty LNG tankers are idling off Qatar as China slows imports amid the virus outbreak https://t.co/Vhf6L9WRYU,0,negative,0,negative,negative,1,0,Finistral-7B-LoRA,tfns,-0.0001472126314183697,0.9999926090240479,-13.000146865844727,2.2603128400078276e-06,-12.187646865844727,5.0936932893819176e-06
763,Energy Down After Coronavirus-Case Estimate Revision -- Energy Roundup #economy #MarketScreener… https://t.co/VUfTEliqBC,0,negative,0,negative,negative,1,0,Finistral-7B-LoRA,tfns,-1.2874520507466514e-05,0.9999959468841553,-16.06251335144043,1.0571658748403934e-07,-12.437512397766113,3.966985786973964e-06
764,Gasoline futures tumbled 17%to touch 50 cents a gallon for the first time since 2001 https://t.co/IEY9r0mWBR https://t.co/VDR92rHToO,0,negative,0,negative,negative,1,0,Finistral-7B-LoRA,tfns,-0.0002829628065228462,0.9999916553497314,-16.812782287597656,4.99367658335359e-08,-11.687783241271973,8.398072168347426e-06
765,GlobalData : Pemex in no position to maintain output profitably regardless of OPEC+ reques... #GlobalData #economy… https://t.co/gkm88jCriu,0,negative,0,negative,negative,1,0,Finistral-7B-LoRA,tfns,-7.974783511599526e-05,0.9999904632568359,-12.375080108642578,4.222810730425408e-06,-12.125080108642578,5.422196409199387e-06
766,"Natural Gas $UNG sharp sell-off past month seeing over 15,000 April $17 ITM calls open into weakness today",0,negative,0,negative,negative,1,0,Finistral-7B-LoRA,tfns,-1.2516897186287679e-05,0.9999990463256836,-21.43751335144043,4.895664429405144e-10,-13.812512397766113,1.003014176603756e-06
767,Natural Gas Finally Starting To Buckle Against The Broader Market Liquidation. https://t.co/I7Uxy9MOlT #stocks #stockmarket #business,0,negative,0,negative,negative,1,0,Finistral-7B-LoRA,tfns,-7.402622577501461e-05,0.9999679327011108,-13.93757438659668,8.851293387124315e-07,-10.37507438659668,3.120188557659276e-05
768,Oil drops 5% https://t.co/QTBfZT68Ti https://t.co/JQ8jsuuMhI,0,negative,0,negative,negative,1,0,Finistral-7B-LoRA,tfns,-3.266281055402942e-05,0.9999938011169434,-17.750032424926758,1.9555560726303156e-08,-12.000032424926758,6.144174221844878e-06
769,Oil drops https://t.co/xb3srmfsWj https://t.co/I5DioT0KQk,0,negative,0,negative,negative,1,0,Finistral-7B-LoRA,tfns,-9.679325739853084e-05,0.9999334812164307,-14.687596321105957,4.18091076426208e-07,-9.625096321105957,6.605211092391983e-05
770,Oil expert: 'We're looking at a worst case scenario of a $41 a barrel' https://t.co/mTxDKbjfej by @GreteSuarez https://t.co/I9FfdG1OxC,0,negative,0,negative,negative,1,0,Finistral-7B-LoRA,tfns,-6.711257447022945e-05,0.9999889135360718,-13.375066757202148,1.5534831163677154e-06,-11.562566757202148,9.516236787021626e-06
771,Oil futures fall below $50 a barrel to settle at lowest in more than a year https://t.co/2bTUny1QEA,0,negative,0,negative,negative,1,0,Finistral-7B-LoRA,tfns,-1.883488948806189e-05,0.9999977350234985,-17.375019073486328,2.8453284173224347e-08,-13.000019073486328,2.2603242086915998e-06
772,Oil Prices' Hard Landing Initializing Descent. Continue reading: https://t.co/4zqKuKP70N #markets #business #economy,0,negative,0,negative,negative,1,0,Finistral-7B-LoRA,tfns,-3.015949550899677e-05,0.9999890327453613,-15.375030517578125,2.1024108320943924e-07,-11.437530517578125,1.0783310244733002e-05
773,"Oil spikes, U.S. stock futures sink after Iranian general killed in airstrike https://t.co/T1MV2H4a2z",0,negative,0,negative,negative,1,0,Finistral-7B-LoRA,tfns,-0.11334805935621262,0.8932225108146667,-9.238348007202148,9.727976430440322e-05,-2.2383480072021484,0.10668021440505981
774,Saudi Arabia tanker power play could backfire as oil demand shrinks https://t.co/NccWYluy4I https://t.co/5u2SO81qM2,0,negative,0,negative,negative,1,0,Finistral-7B-LoRA,tfns,-4.279521817807108e-05,0.9999904632568359,-13.062542915344238,2.123362719430588e-06,-11.812542915344238,7.411264505208237e-06
775,"WTI Extends Losses After Unexpected Crude Inventory Rise, Huge Product Build https://t.co/OYinFBsrnc",0,negative,0,negative,negative,1,0,Finistral-7B-LoRA,tfns,-2.372236667724792e-05,0.9999966621398926,-20.062522888183594,1.9362682568413447e-09,-12.62502384185791,3.288748985141865e-06
776,Equinor Boosts Climate Targets as Oil Output Hits Record,2,positive,2,positive,positive,1,0,Finistral-7B-LoRA,tfns,-12.062743186950684,5.7713295973371714e-06,-9.187743186950684,0.000102299265563488,-0.00024291902082040906,0.999891996383667
777,"Exxon: Shale Production Growth is Through the Roof, and It's Just Getting Started",2,positive,2,positive,positive,1,0,Finistral-7B-LoRA,tfns,-15.687508583068848,1.5381733931008057e-07,-20.25000762939453,1.6052277285183436e-09,-8.583032467868179e-06,0.9999998807907104
778,Lumber futures rally as producers cut output https://t.co/WsTaphOfvv,2,positive,2,positive,positive,1,0,Finistral-7B-LoRA,tfns,-8.12537670135498,0.0002959570847451687,-15.06287670135498,2.8728351253448636e-07,-0.0003762729174923152,0.9997038245201111
779,Oil - The Shale Treadmill Is Going To Be A Thing Of Beauty. https://t.co/Efdq6nuU9b #stockmarket #economy #investing,2,positive,2,positive,positive,1,0,Finistral-7B-LoRA,tfns,-14.750043869018555,3.9278620533877984e-07,-16.750043869018555,5.3157837243134054e-08,-4.386805812828243e-05,0.9999996423721313
780,Oil kicks off week with gains on fresh hopes for U.S.-China trade talks #economy #MarketScreener… https://t.co/8QB6hKz9lI,2,positive,2,positive,positive,1,0,Finistral-7B-LoRA,tfns,-14.312505722045898,6.083590733396704e-07,-17.0000057220459,4.139935327884814e-08,-5.483612312673358e-06,0.9999994039535522
781,"Oil nears three-month high as trade hopes, UK election lift sentiment",2,positive,2,positive,positive,1,0,Finistral-7B-LoRA,tfns,-14.875006675720215,3.4663264614209766e-07,-19.18750762939453,4.644879592063944e-09,-7.033323527139146e-06,0.9999996423721313
782,Oil pared losses amid signs that Saudi Arabia and Russia are making progress toward an agreement to curb crude outp… https://t.co/d8GzSKGYQE,2,positive,2,positive,positive,1,0,Finistral-7B-LoRA,tfns,-10.500056266784668,2.7535666959010996e-05,-13.812556266784668,1.0029865507021896e-06,-5.602679812000133e-05,0.9999715089797974
783,Oil rises for a second day as OPEC+ weighs coronavirus action,2,positive,2,positive,positive,1,0,Finistral-7B-LoRA,tfns,-13.375017166137695,1.5534978956566192e-06,-19.687517166137695,2.817258426546232e-09,-1.680836794548668e-05,0.9999984502792358
784,U.S. Oil Prices Edge Up as Traders Look to OPEC+ Meeting #WhitingPetroleum #Stock #MarketScreener… https://t.co/DVuLjISijw,2,positive,2,positive,positive,1,0,Finistral-7B-LoRA,tfns,-11.93751335144043,6.5404346969444305e-06,-14.87501335144043,3.466303724053432e-07,-1.3351351299206726e-05,0.999993085861206
785,"Futures for Brent crude, a global benchmark, jumped 3.3% to $68.44 per barrel during Asian trading hours on Friday,… https://t.co/lHjTlVf46c",2,positive,2,positive,positive,1,0,Finistral-7B-LoRA,tfns,-12.437514305114746,3.966985786973964e-06,-16.06251335144043,1.0571658748403934e-07,-1.4305012882687151e-05,0.9999959468841553
786,Guyana is set to become a top oil producer with a newly-discovered offshore oil field. Insights via @CMEGroup https://t.co/RMDfHqqRm4,2,positive,2,positive,positive,1,0,Finistral-7B-LoRA,tfns,-15.875011444091797,1.2751893052609375e-07,-14.062511444091797,7.811482305442041e-07,-1.1324817933200393e-05,0.9999990463256836
787,Investment in Canada's oil-sands is forecast to grow for the first time since prices crashed in 2014 https://t.co/DiGWq1zdvr,2,positive,2,positive,positive,1,0,Finistral-7B-LoRA,tfns,-14.875018119812012,3.466325892986788e-07,-15.625018119812012,1.6373763855881407e-07,-1.823885577323381e-05,0.9999995231628418
788,JUST RELEASED: Oil Price Dynamics Report Oil prices rose over the past week owing to decreased supply.… https://t.co/GDfcDZqNZ0,2,positive,2,positive,positive,1,0,Finistral-7B-LoRA,tfns,-11.62503719329834,8.939691724663135e-06,-14.56253719329834,4.7378631506944657e-07,-3.766942609217949e-05,0.9999905824661255
789,Natural Gas And The Electric Power Sector: Mostly Bullish Signals. https://t.co/d1pDLS2Ej5 #markets #stocks #economy,2,positive,2,positive,positive,1,0,Finistral-7B-LoRA,tfns,-13.375152587890625,1.5534551494056359e-06,-10.500152587890625,2.7535650588106364e-05,-0.00015269544383045286,0.9999709129333496
790,Oil held near $50 a barrel in New York on signs that OPEC and its allies probably won't go ahead with a much-touted… https://t.co/LXi5faZhIf,2,positive,2,positive,positive,1,0,Finistral-7B-LoRA,tfns,-4.130105972290039,0.0160981435328722,-2.255105972290039,0.10497307777404785,-0.13010604679584503,0.8789287805557251
791,"Oil prices soar after a U.S. air strike in Baghdad killed the head of Iran's elite Quds Force, raising concerns tha… https://t.co/982TZUwI2F",2,positive,2,positive,positive,1,0,Finistral-7B-LoRA,tfns,-11.750014305114746,7.889262633398175e-06,-19.12501335144043,4.9444111027696636e-09,-1.4185804502631072e-05,0.9999921321868896
792,"Oil prices surge after the U.S. kills Iran's top commander in an airstrike, Brent crude nears $70 a barrel.… https://t.co/H127IQcfte",2,positive,2,positive,positive,1,0,Finistral-7B-LoRA,tfns,-13.937509536743164,8.851569646139978e-07,-20.875009536743164,8.592159761455775e-10,-9.894321920000948e-06,0.9999991655349731
793,Oil rises for third day as coronavirus impact may spur output cuts #economy #MarketScreener https://t.co/8mQEa5vMRv https://t.co/AuaBTevMHr,2,positive,2,positive,positive,1,0,Finistral-7B-LoRA,tfns,-12.937509536743164,2.4061021122179227e-06,-16.625009536743164,6.023559251389088e-08,-9.179073458653875e-06,0.9999974966049194
794,$UNG $WMB $XLE - U.S. oil firms vented or flared record amount of gas in 2018 https://t.co/JxF5CcvNyo,2,positive,0,negative,negative,0,0,Finistral-7B-LoRA,tfns,-0.00032848684350028634,0.9997827410697937,-8.500328063964844,0.00020342416246421635,-11.187828063964844,1.384318784403149e-05
795,Bipartisan Group Of US Lawmakers Introduce Bill Providing $3B To Buy Oil To Fill Strategic Petroleum Reserve $SPY… https://t.co/pBI3Mk19e7,2,positive,2,positive,positive,1,0,Finistral-7B-LoRA,tfns,-7.0802483558654785,0.000841998727992177,-2.5802481174468994,0.07579430937767029,-0.08024816960096359,0.9233637452125549
796,$COMDX: Energy Settlement Prices https://t.co/FTQnDmL7t5,1,neutral,1,neutral,neutral,1,0,Finistral-7B-LoRA,tfns,-9.750154495239258,5.828861685586162e-05,-0.00015472168161068112,0.9998962879180908,-10.000154495239258,4.5395223423838615e-05
797,$XLE: Sector Briefing: Energy https://t.co/JU4fcO0cpl,1,neutral,1,neutral,neutral,1,0,Finistral-7B-LoRA,tfns,-11.18781852722168,1.3844296518072952e-05,-0.0003181189822498709,0.999862790107727,-9.00031852722168,0.00012339287786744535
798,Chinese Gas Buyer CNOOC Declares Force Majeure on LNG Contracts,1,neutral,0,negative,negative,0,0,Finistral-7B-LoRA,tfns,-9.42901024245657e-05,0.9999927282333374,-15.000094413757324,3.059001016936236e-07,-11.875094413757324,6.962254246900557e-06
799,Crude Oil Price Forecast – Could Oil Markets Take A Hit,1,neutral,0,negative,negative,0,0,Finistral-7B-LoRA,tfns,-2.682172998902388e-05,0.9999992847442627,-16.25002670288086,8.764241954395402e-08,-14.25002670288086,6.475947884609923e-07
800,"Exxon and Papua New Guinea should return to LNG negotiating table, says Total CEO",1,neutral,2,positive,positive,0,0,Finistral-7B-LoRA,tfns,-13.375617027282715,1.5528695485045318e-06,-7.813116550445557,0.0004044808738399297,-0.0006165986997075379,0.9995940327644348
801,Oil Price Fundamental Daily Forecast – Lack of Details Over Trade Deal Progress Capping Prices,1,neutral,0,negative,negative,0,0,Finistral-7B-LoRA,tfns,-4.8874615458771586e-05,0.9999958276748657,-15.250048637390137,2.3823596961847215e-07,-12.437548637390137,3.9669853322266135e-06
802,Oil traders and sellers are looking at floating storage as they grapple with the effects of coronavirus https://t.co/dSRKUccfEB,1,neutral,0,negative,negative,0,0,Finistral-7B-LoRA,tfns,-0.2849538028240204,0.7547354102134705,-1.4099538326263428,0.24502670764923096,-8.347454071044922,0.00023784580116625875
803,OPEC+ Extends Virus Crisis Talks as Russia Resists Oil Cuts,1,neutral,1,neutral,neutral,1,0,Finistral-7B-LoRA,tfns,-1.7071795463562012,0.18192161619663239,-0.20717960596084595,0.8153160810470581,-5.894679546356201,0.0027623337227851152
804,Russia Asks for Time as OPEC+ Technocrats Recommend Oil Cut,1,neutral,2,positive,positive,0,0,Finistral-7B-LoRA,tfns,-10.813277244567871,2.014250094362069e-05,-8.750777244567871,0.00015843303117435426,-0.0007775382255204022,0.9998214840888977
805,"Starting next year, jet fuel suppliers in Norway must blend 0.5% of biofuel in all their aviation fuel, a policy th… https://t.co/qE7kEu9aEv",1,neutral,1,neutral,neutral,1,0,Finistral-7B-LoRA,tfns,-13.312533378601074,1.6536811244804994e-06,-3.302042750874534e-05,0.9999932050704956,-12.187533378601074,5.093696472613374e-06
806,"U.S. rig count stays flat, Baker Hughes reports",1,neutral,1,neutral,neutral,1,0,Finistral-7B-LoRA,tfns,-8.56442642211914,0.00019095066818408668,-0.0019268295727670193,0.999005138874054,-7.126926898956299,0.0008039324311539531
807,$UNG $DGAZ $UGAZ - Natural gas inventory draw in-line with estimates https://t.co/bdJKXSH7Ye,1,neutral,2,positive,positive,0,0,Finistral-7B-LoRA,tfns,-10.625052452087402,2.4300185032188892e-05,-13.000052452087402,2.260269411635818e-06,-5.2569914259947836e-05,0.9999734163284302
808,$USO $XLE $OIL - No oil market fix from today's G-20 meeting https://t.co/la6aPsRBh6,1,neutral,0,negative,negative,0,0,Finistral-7B-LoRA,tfns,-9.190614218823612e-05,0.999961256980896,-10.250091552734375,3.5356129956198856e-05,-12.625091552734375,3.288632569820038e-06
809,December bump in oil prices not enough to salvage energy earnings #Samp;P500 #economy #MarketScreener… https://t.co/oi6a3rLykt,1,neutral,0,negative,negative,0,0,Finistral-7B-LoRA,tfns,-0.00024291902082040906,0.999862790107727,-9.000243186950684,0.00012339287786744535,-11.187743186950684,1.3844296518072952e-05
810,"Despite OPEC+ deal collapse, Saudi oil exports yet to rise-sources https://t.co/kPGWllrMqi https://t.co/47FpVRrhMY",1,neutral,1,neutral,neutral,1,0,Finistral-7B-LoRA,tfns,-10.437597274780273,2.9311275284271687e-05,-9.727005090098828e-05,0.9999617338180542,-11.625097274780273,8.939434337662533e-06
811,Ecuador awards 20.2 mln barrel oil supply contract to Shell unit #economy #MarketScreener https://t.co/f9C9uAR7lG https://t.co/KrI5G5eZJO,1,neutral,2,positive,positive,0,0,Finistral-7B-LoRA,tfns,-15.312540054321289,2.237997733800512e-07,-11.187540054321289,1.3846001820638776e-05,-3.981510963058099e-05,0.999985933303833
812,"In oil market standoff with Saudi Arabia, weakened rouble helps Russia #SaudiArabianOil #Stock #MarketScreener… https://t.co/wj5c7AaMXF",1,neutral,1,neutral,neutral,1,0,Finistral-7B-LoRA,tfns,-2.351252317428589,0.09527087211608887,-0.10125232487916946,0.903904914855957,-7.101252555847168,0.0008242545882239938
813,LHN : Moscow Exchange to launch natural gas futures #LHN #Stock #MarketScreener https://t.co/3F477DYamU https://t.co/KrqtIuhvoO,1,neutral,1,neutral,neutral,1,0,Finistral-7B-LoRA,tfns,-12.437816619873047,3.965949872508645e-06,-0.0003164505760651082,0.9997348189353943,-8.250316619873047,0.00026118927053175867
814,News Highlights : Top Energy News of the Day #WTI #Stock #MarketScreener https://t.co/N5y62YFanH https://t.co/DKGKz9lvWI,1,neutral,1,neutral,neutral,1,0,Finistral-7B-LoRA,tfns,-8.188608169555664,0.00027793177287094295,-0.0011085085570812225,0.9993652701377869,-7.938608646392822,0.0003568714309949428
815,News Highlights : Top Energy News of the Day #WTI #Stock #MarketScreener https://t.co/xtZKbd5J1L https://t.co/KsI3MoSvPq,1,neutral,1,neutral,neutral,1,0,Finistral-7B-LoRA,tfns,-8.563501358032227,0.00019104023522231728,-0.0010009760735556483,0.9994737505912781,-8.001001358032227,0.00033528608037158847
816,Oil - Low Refinery Throughput Does Not Appear To Be A Structural Issue Just Yet. Follow this and any other stock on… https://t.co/kmQg86qyXL,1,neutral,2,positive,positive,0,0,Finistral-7B-LoRA,tfns,-9.130441665649414,0.00010832851694431156,-5.255441188812256,0.005219560116529465,-0.005441377870738506,0.9946721196174622
817,Oil workers from the United States are leaving Iraq after Iranian military leader Qasem Soleimani was killed in a U… https://t.co/MFcBJAERvs,1,neutral,1,neutral,neutral,1,0,Finistral-7B-LoRA,tfns,-10.250059127807617,3.535620999173261e-05,-5.9126061387360096e-05,0.9999635219573975,-13.687559127807617,1.1365235650373506e-06
818,OPEC and Russia postponed a meeting that could end a price war and reduce a supply glut that has driven oil futures… https://t.co/FfJ65bScoJ,1,neutral,0,negative,negative,0,0,Finistral-7B-LoRA,tfns,-0.051513802260160446,0.9500386714935303,-3.176513910293579,0.041741788387298584,-4.801513671875,0.008219445124268532
819,OPEC+ will adjust its output target and redistribute production cuts between its members under pressure from Saudi… https://t.co/9LLzyIDWqG,1,neutral,1,neutral,neutral,1,0,Finistral-7B-LoRA,tfns,-14.875011444091797,3.466323903467128e-07,-1.1920858014491387e-05,0.999998927116394,-14.187511444091797,6.893607746860653e-07
820,"Saudi Arabia and Kuwait have authorized the restart of oil production at the Wafra field from Sunday, more than fou… https://t.co/QzwNno2qrE",1,neutral,1,neutral,neutral,1,0,Finistral-7B-LoRA,tfns,-8.413628578186035,0.0002219788293587044,-0.10112842917442322,0.9044497013092041,-2.351128339767456,0.09532829374074936
821,Saudi Arabia is reviewing its plan for life after oil with Crown Prince Mohammed bin Salman said to be unsatisfied… https://t.co/oWcSqo1dE1,1,neutral,1,neutral,neutral,1,0,Finistral-7B-LoRA,tfns,-9.625419616699219,6.605191447306424e-05,-0.00042000532266683877,0.9999305009841919,-12.562919616699219,3.5006235066248337e-06
822,"The FRED Blog plots the spot price of oil (West Texas Intermediate) against the 5-year, 5-year forward expected inf… https://t.co/KPO4aknMBx",1,neutral,1,neutral,neutral,1,0,Finistral-7B-LoRA,tfns,-9.750168800354004,5.829080691910349e-05,-0.00016926287207752466,0.9999338388442993,-11.750168800354004,7.888802429079078e-06
823,The Oil Price War: A 3-Ring Circus. https://t.co/IBrJTQmcvM #stockmarket #trading #economy,1,neutral,1,neutral,neutral,1,0,Finistral-7B-LoRA,tfns,-3.8375678062438965,0.021614020690321922,-0.025067824870347977,0.9783252477645874,-9.712568283081055,6.070933159207925e-05
824,The Oil to Toilet Paper price ratio has never been this low,1,neutral,1,neutral,neutral,1,0,Finistral-7B-LoRA,tfns,-2.835679769515991,0.05900534987449646,-0.08567987382411957,0.9229989647865295,-4.02318000793457,0.01799561083316803
825,The world's largest oil producers are groping their way toward a deal on who's willing to cut production and by how… https://t.co/zhXJENTilz,1,neutral,1,neutral,neutral,1,0,Finistral-7B-LoRA,tfns,-9.37524700164795,8.480639371555299e-05,-0.0002470903273206204,0.999860405921936,-9.81274700164795,5.475512443808839e-05
826,Trump says US will 'help Mexico along' with its OPEC+ production cuts. https://t.co/NdNXHiJV3E,1,neutral,1,neutral,neutral,1,0,Finistral-7B-LoRA,tfns,-12.545762062072754,3.5697689781954978e-06,-0.014512225985527039,0.9883092641830444,-4.452012062072754,0.011687216348946095
827,U.S. should stop preventing Iran from selling oil - Iran foreign minister #economy #MarketScreener… https://t.co/KXV6FrmF1S,1,neutral,2,positive,positive,0,0,Finistral-7B-LoRA,tfns,-6.139297008514404,0.0021570143289864063,-1.1392970085144043,0.32012930512428284,-0.3892970085144043,0.6777136921882629
828,Upstream Service Sector In The New Sub-$40/bbl Brent Environment. https://t.co/AiurrUmXJP #trading #finance #markets,1,neutral,1,neutral,neutral,1,0,Finistral-7B-LoRA,tfns,-1.6015523672103882,0.20173940062522888,-0.22655236721038818,0.7978948354721069,-7.914052486419678,0.00036585316411219537
829,"$HOLX: Hologic sees Q2 below consensus, withdraws FY 20 guidance https://t.co/GXnXlLa9uZ",0,negative,0,negative,negative,1,0,Finistral-7B-LoRA,tfns,-2.372236667724792e-05,0.9999988079071045,-17.375022888183594,2.8453314371290617e-08,-13.68752384185791,1.1365636964910664e-06
830,$IART - Integra LifeSciences sees drop in Q1 revenue amid COVID-19 https://t.co/E7Eo6ADSvu,0,negative,0,negative,negative,1,0,Finistral-7B-LoRA,tfns,-3.421248038648628e-05,0.9999966621398926,-14.50003433227539,5.043459623266244e-07,-12.75003433227539,2.9023108254477847e-06
831,$NSTG - NanoString Q1 top line shy of guidance amid COVID-19 https://t.co/zst2W9TDhE,0,negative,0,negative,negative,1,0,Finistral-7B-LoRA,tfns,-3.838465272565372e-05,0.9999861717224121,-12.500038146972656,3.726601562448195e-06,-11.500038146972656,1.0129952897841576e-05
832,"$PRCP - Perceptron EPS misses by $0.02, misses on revenue https://t.co/jNVJq3onzx",0,negative,0,negative,negative,1,0,Finistral-7B-LoRA,tfns,-2.0861407392658293e-05,0.9999990463256836,-15.750020980834961,1.4449788920956053e-07,-13.937520980834961,8.851568509271601e-07
833,$PXLW: Pixelworks reports prelim Q1 revs below consensus https://t.co/xPleDhctYT,0,negative,0,negative,negative,1,0,Finistral-7B-LoRA,tfns,-1.9073304429184645e-05,0.9999978542327881,-15.437519073486328,1.9750495994230732e-07,-13.187519073486328,1.8738749076874228e-06
834,"$RLGT - Radiant Logistics EPS misses by $0.04, misses on revenue https://t.co/6PdH5dGuBC",0,negative,0,negative,negative,1,0,Finistral-7B-LoRA,tfns,-1.7523612768854946e-05,0.9999992847442627,-15.812517166137695,1.3574323531884147e-07,-14.250017166137695,6.475947884609923e-07
835,$SILC: Silicom Limited sees Q1 revs below consensus https://t.co/wGtSELbYrm,0,negative,0,negative,negative,1,0,Finistral-7B-LoRA,tfns,-1.9550132492440753e-05,0.9999961853027344,-13.812519073486328,1.0030112207459752e-06,-12.750019073486328,2.902309461205732e-06
836,$SPNE: SeaSpine reports prelim Q1 revs below consensus; withdraws FY20 guidance https://t.co/260zcwPGAX,0,negative,0,negative,negative,1,0,Finistral-7B-LoRA,tfns,-2.0146166207268834e-05,0.9999990463256836,-17.18752098083496,3.432125694757815e-08,-13.875020027160645,9.422445828022319e-07
837,"Affimed EPS misses by €0.03, misses on revenue",0,negative,0,negative,negative,1,0,Finistral-7B-LoRA,tfns,-1.5735502529423684e-05,0.9999996423721313,-17.437515258789062,2.6729438218353607e-08,-15.000015258789062,3.0590220490012143e-07
838,BJ's Wholesale lowers 2019 sales outlook to approximately $12.9 bln from $12.9 bln-$13.2 bln,0,negative,0,negative,negative,1,0,Finistral-7B-LoRA,tfns,-4.6491513785440475e-06,0.9999990463256836,-17.437503814697266,2.6729422231142053e-08,-13.875004768371582,9.422445828022319e-07
839,"Brixmor Property FFO misses by $0.01, misses on revenue",0,negative,0,negative,negative,1,0,Finistral-7B-LoRA,tfns,-1.5616295058862306e-05,0.9999996423721313,-16.875015258789062,4.6911626583323596e-08,-15.000015258789062,3.0590220490012143e-07
840,"Brookfield Business Partners L.P. EPS misses by $1.41, misses on revenue",0,negative,0,negative,negative,1,0,Finistral-7B-LoRA,tfns,-1.6212332411669195e-05,0.9999997615814209,-17.375015258789062,2.8453341016643208e-08,-15.312516212463379,2.238028713463791e-07
841,"Caterpillar Inc.'s 2020 profit outlook trailed analysts' estimates, with the heavy-equipment saying continued econo... https://t.co/xbEWT86BAc",0,negative,0,negative,negative,1,0,Finistral-7B-LoRA,tfns,-7.64102369430475e-05,0.9999529123306274,-10.312576293945312,3.321373151266016e-05,-11.187576293945312,1.3845544344803784e-05
842,Coach owner Tapestry cuts profit forecast on coronavirus hit,0,negative,0,negative,negative,1,0,Finistral-7B-LoRA,tfns,-1.597391747054644e-05,0.9999995231628418,-18.625015258789062,8.152016839346743e-09,-14.562516212463379,4.737905499041517e-07
843,"CoreSite Realty FFO misses by $0.01, misses on revenue",0,negative,0,negative,negative,1,0,Finistral-7B-LoRA,tfns,-1.8596476365928538e-05,0.9999995231628418,-16.500019073486328,6.825599996318488e-08,-14.875018119812012,3.466325892986788e-07
844,Kellogg sees 2020 adj. currency-neutral EPS down 3%-4%,0,negative,0,negative,negative,1,0,Finistral-7B-LoRA,tfns,-2.2172682292875834e-05,0.9999953508377075,-12.562521934509277,3.500850425552926e-06,-13.625021934509277,1.2098615798095125e-06
845,Kohl's Q3 EPS 78 cents vs. 98 cents,0,negative,0,negative,negative,1,0,Finistral-7B-LoRA,tfns,-5.8410845667822286e-05,0.9999803304672241,-11.0625581741333,1.5689487554482184e-05,-12.4375581741333,3.966923486586893e-06
846,Kohl's Q3 revenue $4.625 bln vs. $4.628 bln; FactSet consensus $4.399 bln,0,negative,0,negative,negative,1,0,Finistral-7B-LoRA,tfns,-0.23257757723331451,0.7927125692367554,-1.6075775623321533,0.20042912662029266,-4.982577800750732,0.0068583074025809765
847,Macy's Q3 same-store sales down 3.5%,0,negative,0,negative,negative,1,0,Finistral-7B-LoRA,tfns,-2.288792165927589e-05,0.9999984502792358,-16.250022888183594,8.764234848968044e-08,-13.500022888183594,1.3709569657294196e-06
848,National Oilwell Varco EPS of -$1.01,0,negative,0,negative,negative,1,0,Finistral-7B-LoRA,tfns,-0.0006096888100728393,0.9995180368423462,-7.750609874725342,0.00043053494300693274,-9.875609397888184,5.142006557434797e-05
849,"New Jersey Resources EPS misses by $0.33, misses on revenue",0,negative,0,negative,negative,1,0,Finistral-7B-LoRA,tfns,-1.5139465176616795e-05,0.9999997615814209,-18.062515258789062,1.4307238060951022e-08,-15.250015258789062,2.3823690753488336e-07
850,New York Times sees Q1 ad revenue down about 10%,0,negative,0,negative,negative,1,0,Finistral-7B-LoRA,tfns,-1.5616295058862306e-05,0.9999992847442627,-16.625015258789062,6.023569909530124e-08,-14.375015258789062,5.71500379464851e-07
851,"Nordic American Tankers EPS misses by $0.04, misses on revenue",0,negative,0,negative,negative,1,0,Finistral-7B-LoRA,tfns,-1.8715683836489916e-05,0.9999997615814209,-18.000019073486328,1.522997727931852e-08,-15.375019073486328,2.1024332852448424e-07
852,Penn National EPS of -$0.80,0,negative,0,negative,negative,1,0,Finistral-7B-LoRA,tfns,-0.004878641106188297,0.9952602982521057,-5.379878520965576,0.004608969669789076,-8.942378997802734,0.0001307464117417112
853,"PPDAI Group EPS misses by $0.0452, misses on revenue",0,negative,0,negative,negative,1,0,Finistral-7B-LoRA,tfns,-8.4638240878121e-06,0.9999997615814209,-18.18750762939453,1.2626094836321045e-08,-15.187508583068848,2.536018826049258e-07
854,"Ship Finance EPS misses by $0.18, misses on revenue",0,negative,0,negative,negative,1,0,Finistral-7B-LoRA,tfns,-1.8000440832111053e-05,0.9999997615814209,-17.437517166137695,2.6729439994710447e-08,-15.187518119812012,2.536018826049258e-07
855,"Suburban Propane Partners EPS misses by $0.02, misses on revenue",0,negative,0,negative,negative,1,0,Finistral-7B-LoRA,tfns,-1.9788545614574105e-05,0.9999997615814209,-17.187519073486328,3.43212818165739e-08,-15.125020027160645,2.6995778057425923e-07
856,Target Hospitality Corp. Just Missed EPS By 34%: Here's What Analysts Think Will Happen Next,0,negative,1,neutral,neutral,0,0,Finistral-7B-LoRA,tfns,-1.911522626876831,0.1479322612285614,-0.16152262687683105,0.8512914180755615,-7.16152286529541,0.0007762773311696947
857,ThermoGenesis misses on revenue,0,negative,0,negative,negative,1,0,Finistral-7B-LoRA,tfns,-1.7165990357170813e-05,0.9999991655349731,-17.125017166137695,3.6534789416009517e-08,-14.000017166137695,8.315280410897685e-07
858,"Tyson Foods EPS misses by $0.01, misses on revenue",0,negative,0,negative,negative,1,0,Finistral-7B-LoRA,tfns,-1.0847986231965479e-05,0.9999997615814209,-18.375011444091797,1.0467399391700383e-08,-15.43751049041748,1.9750534363538463e-07
859,Tyson Foods Q1 prepared foods sales fell 3.1% to $2.14 bln,0,negative,0,negative,negative,1,0,Finistral-7B-LoRA,tfns,-1.847726889536716e-05,0.9999958276748657,-13.937518119812012,8.851540087562171e-07,-12.625018119812012,3.2887462566577597e-06
860,"Vir Biotechnology EPS misses by $0.52, misses on revenue",0,negative,0,negative,negative,1,0,Finistral-7B-LoRA,tfns,-1.6093124941107817e-05,0.9999997615814209,-18.187515258789062,1.2626094836321045e-08,-15.187516212463379,2.536018826049258e-07
861,"Volkswagen cuts profit, sales forecasts as autos downturn bites",0,negative,0,negative,negative,1,0,Finistral-7B-LoRA,tfns,-6.794906312279636e-06,0.999998927116394,-19.25000762939453,4.3634575952467e-09,-13.750006675720215,1.0677028967620572e-06
862,Zynga (ZNGA) Q4 Earnings Miss Estimates - Nasdaq,0,negative,0,negative,negative,1,0,Finistral-7B-LoRA,tfns,-1.8715683836489916e-05,0.9999988079071045,-16.937519073486328,4.406935616430019e-08,-13.625019073486328,1.2098656725356705e-06
863,"$ANGO: AngioDynamics beats by $0.02, beats on revs; withdraws FY20 guidance https://t.co/aNS8ghvyjy",2,positive,2,positive,positive,1,0,Finistral-7B-LoRA,tfns,-13.500004768371582,1.370957193103095e-06,-17.562503814697266,2.3588620834402718e-08,-4.768360213347478e-06,0.9999985694885254
864,"$BHF - Brighthouse Financial EPS beats by $0.27, beats on revenue https://t.co/hMLskSiNCP",2,positive,2,positive,positive,1,0,Finistral-7B-LoRA,tfns,-15.75000286102295,1.4449801710725296e-07,-18.625001907348633,8.152019503882002e-09,-2.861018856492592e-06,0.9999998807907104
865,"$CHGG - Chegg EPS beats by $0.06, beats on revenue https://t.co/ymtDWb33bD",2,positive,2,positive,positive,1,0,Finistral-7B-LoRA,tfns,-15.43750286102295,1.9750534363538463e-07,-18.187503814697266,1.2626094836321045e-08,-3.099436753473128e-06,0.9999997615814209
866,"$IIVI - II-VI EPS in-line, beats on revenue https://t.co/CXUZw29Z3g",2,positive,2,positive,positive,1,0,Finistral-7B-LoRA,tfns,-14.31251335144043,6.083589028094138e-07,-15.06251335144043,2.8736837975884555e-07,-1.3351351299206726e-05,0.9999991655349731
867,"$JCOM - j2 Global EPS beats by $0.01, beats on revenue https://t.co/i7AKcjCVj2",2,positive,2,positive,positive,1,0,Finistral-7B-LoRA,tfns,-15.187504768371582,2.536018826049258e-07,-17.312503814697266,3.028842243679719e-08,-4.410734163684538e-06,0.9999997615814209
868,"$MIME - Mimecast EPS beats by $0.02, beats on revenue https://t.co/W0BN0AakK6",2,positive,2,positive,positive,1,0,Finistral-7B-LoRA,tfns,-14.937505722045898,3.2563121976636467e-07,-16.8125057220459,4.993716373746793e-08,-5.483612312673358e-06,0.9999996423721313
869,$PSMT: PriceSmart announced that for the month of March 2020 net merchandise sales increased 17.1% to $306.1... https://t.co/fjoxrpZfZ9,2,positive,2,positive,positive,1,0,Finistral-7B-LoRA,tfns,-13.000012397766113,2.2603189790970646e-06,-12.937512397766113,2.4060968826233875e-06,-1.2874520507466514e-05,0.9999953508377075
870,"$SGH - SMART Global EPS beats by $0.02, beats on revenue https://t.co/Fyds4oELv7",2,positive,2,positive,positive,1,0,Finistral-7B-LoRA,tfns,-15.312501907348633,2.238028713463791e-07,-18.250001907348633,1.1861117421574363e-08,-2.0265558760002023e-06,0.9999997615814209
871,Ã‚Â Chegg Reports 2019 Financial Results and Raises 2020 Guidance,2,positive,2,positive,positive,1,0,Finistral-7B-LoRA,tfns,-13.062874794006348,2.123116473740083e-06,-9.000374794006348,0.00012339431850705296,-0.00037508129025809467,0.999874472618103
872,"Albany EPS beats by $0.24, beats on revenue",2,positive,2,positive,positive,1,0,Finistral-7B-LoRA,tfns,-16.312503814697266,8.233248394162729e-08,-19.625003814697266,2.998960413336249e-09,-3.4570634852570947e-06,0.9999998807907104
873,"Becton Dickinson Earnings, Revenue Beat in Q1",2,positive,2,positive,positive,1,0,Finistral-7B-LoRA,tfns,-14.812507629394531,3.689884806590271e-07,-16.87500762939453,4.6911626583323596e-08,-8.106198947643861e-06,0.9999996423721313
874,"Blackbaud EPS beats by $0.01, beats on revenue",2,positive,2,positive,positive,1,0,Finistral-7B-LoRA,tfns,-16.187503814697266,9.329492201004541e-08,-18.812503814697266,6.758261505979135e-09,-3.099436753473128e-06,0.9999998807907104
875,Chipotle Earnings Highlight Strong Business Momentum,2,positive,2,positive,positive,1,0,Finistral-7B-LoRA,tfns,-16.06251335144043,1.0571699959882608e-07,-17.75001335144043,1.9555679742211396e-08,-1.4185804502631072e-05,0.9999998807907104
876,"Construction Partners EPS in-line, beats on revenue",2,positive,2,positive,positive,1,0,Finistral-7B-LoRA,tfns,-14.687514305114746,4.181185602192272e-07,-14.937514305114746,3.256310492361081e-07,-1.4066597032069694e-05,0.9999991655349731
877,Equinor fourth-quarter profit beats forecast amid oilfield startup,2,positive,2,positive,positive,1,0,Finistral-7B-LoRA,tfns,-15.562507629394531,1.742978383845184e-07,-16.62500762939453,6.023572751701067e-08,-7.986990567587782e-06,0.9999997615814209
878,"Euroseas EPS beats by $0.02, beats on revenue",2,positive,2,positive,positive,1,0,Finistral-7B-LoRA,tfns,-15.750004768371582,1.4449801710725296e-07,-19.562503814697266,3.192376807348296e-09,-4.768360213347478e-06,0.9999998807907104
879,"EVI Industries Sets Records for Revenue, Gross Profit and Operating Cash Flow for Second Quarter of Fiscal 2020",2,positive,2,positive,positive,1,0,Finistral-7B-LoRA,tfns,-16.437511444091797,7.265816037715922e-08,-16.812511444091797,4.993717439560896e-08,-1.1920858014491387e-05,0.9999998807907104
880,Fiat Chrysler fourth-quarter lifted by North America business to meet expectations,2,positive,2,positive,positive,1,0,Finistral-7B-LoRA,tfns,-13.437522888183594,1.4593721289202222e-06,-12.750022888183594,2.9023080969636794e-06,-2.3007127310847864e-05,0.9999957084655762
881,Geely's Volvo posts 18% rise in fourth-quarter profit,2,positive,2,positive,positive,1,0,Finistral-7B-LoRA,tfns,-15.687517166137695,1.5381733931008057e-07,-18.125017166137695,1.3440407897746809e-08,-1.6927575416048057e-05,0.9999998807907104
882,Home Depot Q3 comparable-store sales in U.S. up 3.8%,2,positive,2,positive,positive,1,0,Finistral-7B-LoRA,tfns,-15.375007629394531,2.1024332852448424e-07,-19.25000762939453,4.363461592049589e-09,-7.986990567587782e-06,0.9999997615814209
883,"II-VI EPS in-line, beats on revenue",2,positive,2,positive,positive,1,0,Finistral-7B-LoRA,tfns,-15.250001907348633,2.3823690753488336e-07,-16.875001907348633,4.691163368875095e-08,-2.145764938177308e-06,0.9999997615814209
884,Just Energy (JE) Tops Q3 Earnings Estimates,2,positive,2,positive,positive,1,0,Finistral-7B-LoRA,tfns,-15.125005722045898,2.6995778057425923e-07,-17.8125057220459,1.8370858612115626e-08,-5.364403477869928e-06,0.9999997615814209
885,"LexinFintech EPS in-line, beats on revenue",2,positive,2,positive,positive,1,0,Finistral-7B-LoRA,tfns,-14.62501335144043,4.450848507531191e-07,-14.75001335144043,3.927860063868138e-07,-1.3232143828645349e-05,0.9999991655349731
886,Madison Square Garden Q2 EPS $3.93 vs. $3.42,2,positive,2,positive,positive,1,0,Finistral-7B-LoRA,tfns,-16.437503814697266,7.265816037715922e-08,-17.875003814697266,1.7257827167327378e-08,-4.529942543740617e-06,0.9999998807907104
887,Nokia posts surprise fourth-quarter profit rise on cost cuts,2,positive,2,positive,positive,1,0,Finistral-7B-LoRA,tfns,-14.50002384185791,5.043474402555148e-07,-18.187522888183594,1.2626091283607366e-08,-2.3483953555114567e-05,0.9999995231628418
888,"OneMain Holdings EPS beats by $0.21, beats on revenue",2,positive,2,positive,positive,1,0,Finistral-7B-LoRA,tfns,-16.0000057220459,1.1253516163378663e-07,-19.1875057220459,4.644880924331574e-09,-5.006777428206988e-06,0.9999998807907104
889,"PJT Partners EPS beats by $0.11, beats on revenue",2,positive,2,positive,positive,1,0,Finistral-7B-LoRA,tfns,-16.187503814697266,9.329492201004541e-08,-20.562503814697266,1.1744097916377427e-09,-4.291525328881107e-06,0.9999998807907104
890,Popeyes Chicken Sandwich Causes Sales to Jump 42% Higher,2,positive,2,positive,positive,1,0,Finistral-7B-LoRA,tfns,-16.18753433227539,9.329492201004541e-08,-20.18753433227539,1.708756136586942e-09,-3.40932747349143e-05,0.9999998807907104
891,"QIWI plc EPS beats by $0.15, beats on revenue",2,positive,2,positive,positive,1,0,Finistral-7B-LoRA,tfns,-15.812504768371582,1.3574332058396976e-07,-18.7500057220459,7.1941324009117125e-09,-5.245195097813848e-06,0.9999998807907104
892,Rapid7 (RPD) Q4 Earnings and Revenues Beat Estimates,2,positive,2,positive,positive,1,0,Finistral-7B-LoRA,tfns,-15.062503814697266,2.8736855028910213e-07,-17.562503814697266,2.358864925611215e-08,-3.814689989667386e-06,0.9999997615814209
893,"Regeneron Pharmaceuticals EPS beats by $0.59, beats on revenue",2,positive,2,positive,positive,1,0,Finistral-7B-LoRA,tfns,-16.375003814697266,7.734421103577915e-08,-20.437503814697266,1.330780596831005e-09,-3.099436753473128e-06,0.9999998807907104
894,"RMR Group EPS beats by $0.01, beats on revenue",2,positive,2,positive,positive,1,0,Finistral-7B-LoRA,tfns,-15.87500286102295,1.2751904421293148e-07,-18.250003814697266,1.1861118309752783e-08,-3.2186455882765586e-06,0.9999998807907104
895,"Samsung first-quarter beats estimates; chips likely to prop up virus-hit second-quarter - Reuters

https://t.co/ogYnZF6u6X",2,positive,2,positive,positive,1,0,Finistral-7B-LoRA,tfns,-10.750088691711426,2.1444702724693343e-05,-11.375088691711426,1.1478522537800018e-05,-8.892617915989831e-05,0.999967098236084
896,Sanofi eyes more EPS growth this year as it narrows focus,2,positive,2,positive,positive,1,0,Finistral-7B-LoRA,tfns,-15.187504768371582,2.5360185418321635e-07,-15.687504768371582,1.5381729667751642e-07,-5.125986263010418e-06,0.9999996423721313
897,Skechers Announces Record Fourth Quarter Sales of $1.33 Billion and Record Annual Sales of $5.22 Billion in 2019,2,positive,2,positive,positive,1,0,Finistral-7B-LoRA,tfns,-15.68751049041748,1.5381731088837114e-07,-15.62501049041748,1.637376669805235e-07,-1.0371154530730564e-05,0.9999997615814209
898,Strong cash flow keeps Total's fourth-quarter net profit steady,2,positive,2,positive,positive,1,0,Finistral-7B-LoRA,tfns,-13.125197410583496,1.994413878492196e-06,-8.750197410583496,0.00015843589790165424,-0.00019703354337252676,0.9998395442962646
899,The Estée Lauder Companies Delivers Exceptional Fiscal 2020 Second Quarter Results,2,positive,2,positive,positive,1,0,Finistral-7B-LoRA,tfns,-15.312524795532227,2.2380281450296025e-07,-15.250024795532227,2.382368506914645e-07,-2.5152843591058627e-05,0.9999995231628418
900,TJX raises 2020 EPS outlook to $2.61-$2.63 from $2.56-$2.61,2,positive,2,positive,positive,1,0,Finistral-7B-LoRA,tfns,-14.43750286102295,5.368748929868161e-07,-16.625003814697266,6.023569909530124e-08,-3.3378546504536644e-06,0.9999992847442627
901,"Transurban : 1st Half Profit Up 46%, Increased Traffic Drives Toll Revenue Rise #Transurban #Stock #MarketScreener… https://t.co/246Nl7a9j3",2,positive,2,positive,positive,1,0,Finistral-7B-LoRA,tfns,-16.31250762939453,8.233248394162729e-08,-17.06250762939453,3.8891112552619234e-08,-7.033323527139146e-06,0.9999998807907104
902,"Twitter notches first $1 billion quarterly revenue, beating estimates",2,positive,2,positive,positive,1,0,Finistral-7B-LoRA,tfns,-17.37500762939453,2.8453348122070565e-08,-19.50000762939453,3.3982678893096363e-09,-7.033323527139146e-06,1.0
903,"Twitter tops user, sales expectations for 4Q",2,positive,2,positive,positive,1,0,Finistral-7B-LoRA,tfns,-15.250014305114746,2.3823687911317393e-07,-16.12501335144043,9.931191158329966e-08,-1.3947389561508317e-05,0.9999996423721313
904,UPDATE: New York Times beats earnings estimates for Q4 as subscriptions rise,2,positive,2,positive,positive,1,0,Finistral-7B-LoRA,tfns,-16.187501907348633,9.329492201004541e-08,-20.500001907348633,1.2501527590913497e-09,-2.145764938177308e-06,0.9999998807907104
905,UPL Q3 Results: Profit  Meets Estimates As Latin American Markets Shine,2,positive,2,positive,positive,1,0,Finistral-7B-LoRA,tfns,-15.437533378601074,1.975053152136752e-07,-16.562532424926758,6.412059150306959e-08,-3.302042750874534e-05,0.9999996423721313
906,"Viomi Technology EPS beats by $0.01, beats on revenue",2,positive,2,positive,positive,1,0,Finistral-7B-LoRA,tfns,-15.625006675720215,1.6373769540223293e-07,-16.9375057220459,4.406940590229169e-08,-6.437280717364047e-06,0.9999998807907104
907,"Volvo Cars posts rise in fourth-quarter profit, helped by cost cuts and sales growth",2,positive,2,positive,positive,1,0,Finistral-7B-LoRA,tfns,-14.437514305114746,5.36874949830235e-07,-17.312515258789062,3.0288411778656155e-08,-1.4781842764932662e-05,0.9999994039535522
908,Yum! Brands Reports Solid Fourth-Quarter Results and Completion of Strategic Transformation; System Sales Growth of 10%; Same-Store Sales Growth of 2%; GAAP Operating Profit Decline of (26)%; Core Operating Profit Growth of 14%,2,positive,2,positive,positive,1,0,Finistral-7B-LoRA,tfns,-10.315241813659668,3.315770663903095e-05,-6.377741813659668,0.0017006661510095,-0.0027419847901910543,0.9982661604881287
909,"$FRT - Federal REIT FFO misses by $0.02, beats on revenue https://t.co/uldAfaa7ba",1,neutral,1,neutral,neutral,1,0,Finistral-7B-LoRA,tfns,-7.1259636878967285,0.00080403609899804,-0.0009638193296268582,0.9991340041160583,-9.688464164733887,6.2000603065826e-05
910,"$MESA - Mesa Air EPS beats by $0.01, misses on revenue https://t.co/yPRqsm3RG5",1,neutral,1,neutral,neutral,1,0,Finistral-7B-LoRA,tfns,-7.6881513595581055,0.00045828268048353493,-0.000651147507596761,0.9994757771492004,-9.625651359558105,6.60218793200329e-05
911,"$MOH - Molina Healthcare EPS beats by $0.07, misses on revenue https://t.co/a6bdVyNm88",1,neutral,1,neutral,neutral,1,0,Finistral-7B-LoRA,tfns,-7.626079082489014,0.00048770353896543384,-0.0010789770167320967,0.9991974234580994,-8.063578605651855,0.0003148850810248405
912,BJ's Wholesale Q3 adj. EPS 41 cents; FactSet consensus 40 cents,1,neutral,1,neutral,neutral,1,0,Finistral-7B-LoRA,tfns,-6.127560138702393,0.002181986114010215,-0.002560077467933297,0.9974834322929382,-8.002559661865234,0.0003346185549162328
913,"CAE EPS beats by C$0.02, misses on revenue",1,neutral,1,neutral,neutral,1,0,Finistral-7B-LoRA,tfns,-8.625231742858887,0.00017952614871319383,-0.0002321927313460037,0.9998103976249695,-11.500231742858887,1.0128172107215505e-05
914,"Domtar EPS misses by $0.05,  revenue in-line",1,neutral,0,negative,negative,0,0,Finistral-7B-LoRA,tfns,-0.07081198692321777,0.9322871565818787,-2.6958119869232178,0.06753465533256531,-8.633312225341797,0.00017819814092945307
915,Estee Lauder Q2 adj. EPS $2.11; FactSet consensus $1.90,1,neutral,1,neutral,neutral,1,0,Finistral-7B-LoRA,tfns,-3.896864891052246,0.02030905708670616,-0.021864788606762886,0.9785451889038086,-6.771864891052246,0.001145758549682796
916,"FirstEnergy EPS beats by $0.05, misses on revenue",1,neutral,1,neutral,neutral,1,0,Finistral-7B-LoRA,tfns,-9.562685012817383,7.031148561509326e-05,-0.0001854724541772157,0.9999245405197144,-12.187685012817383,5.093346771900542e-06
917,Kellogg 2020 FactSet EPS consensus is $4.03; 2019 currency-neutral adj. EPS was $4.00,1,neutral,1,neutral,neutral,1,0,Finistral-7B-LoRA,tfns,-8.376190185546875,0.0002303326182300225,-0.001190073206089437,0.9990143775939941,-7.188690185546875,0.0007552315946668386
918,"Lowe's EPS beats by $0.06, misses on revenue",1,neutral,1,neutral,neutral,1,0,Finistral-7B-LoRA,tfns,-9.937678337097168,4.832543709198944e-05,-0.00017820201173890382,0.9999474287033081,-12.375178337097168,4.222629286232404e-06
919,"Molina Healthcare EPS beats by $0.07, misses on revenue",1,neutral,1,neutral,neutral,1,0,Finistral-7B-LoRA,tfns,-9.062705993652344,0.00011591837392188609,-0.0002057340752799064,0.9998756647109985,-11.687705993652344,8.397098099521827e-06
920,"Nokia EPS beats by €0.02, misses on revenue",1,neutral,1,neutral,neutral,1,0,Finistral-7B-LoRA,tfns,-9.812602043151855,5.4759431804995984e-05,-0.000102037942269817,0.9999390840530396,-12.000102043151855,6.143838163552573e-06
921,Philip Morris profit and sales top estimates but tobacco company offers soft guidance,1,neutral,2,positive,positive,0,0,Finistral-7B-LoRA,tfns,-11.31265926361084,1.2218520168971736e-05,-10.00015926361084,4.5397311623673886e-05,-0.0001591317413840443,0.9999423027038574
922,SoftBank's Oyo reveals over $330 million annual loss; revenue surges https://t.co/sboVq3nnEm https://t.co/FNiIij62NJ,1,neutral,1,neutral,neutral,1,0,Finistral-7B-LoRA,tfns,-5.628724575042725,0.0035935428459197283,-0.003724663285538554,0.9963898062705994,-11.003725051879883,1.664140472712461e-05
923,"The Buckle, Inc. Reports January 2020 Net Sales",1,neutral,1,neutral,neutral,1,0,Finistral-7B-LoRA,tfns,-7.688496112823486,0.00045817732461728156,-0.000995974289253354,0.9992460012435913,-8.125995635986328,0.0002958215191029012
924,"Twin River Worldwide Holdings, Inc. Just Missed EPS By 44%: Here's What Analysts Think Will Happen Next",1,neutral,0,negative,negative,0,0,Finistral-7B-LoRA,tfns,-0.2820781469345093,0.7543957233428955,-1.4070781469345093,0.2449164241552353,-7.282078266143799,0.0006879198481328785
925,"Virco Manufacturing EPS beats by $0.14, misses on revenue",1,neutral,1,neutral,neutral,1,0,Finistral-7B-LoRA,tfns,-8.687742233276367,0.00016865150246303529,-0.00024196557933464646,0.9998239874839783,-11.812742233276367,7.410030320897931e-06
926,AUD/USD Weekly Price Forecast – Australian Dollar Slams Into Resistance,0,negative,0,negative,negative,1,0,Finistral-7B-LoRA,tfns,-3.075552376685664e-05,0.9999949932098389,-14.000030517578125,8.31524573641218e-07,-12.375030517578125,4.222830284561496e-06
927,EUR/USD Price Forecast – Euro Looks Likely To Break Down,0,negative,0,negative,negative,1,0,Finistral-7B-LoRA,tfns,-1.8954096958623268e-05,0.9999961853027344,-16.375019073486328,7.734391971325749e-08,-12.500019073486328,3.726638851730968e-06
928,Euro pinned near 10-day lows as outlook bleak - SI https://t.co/kPqleNJhIY,0,negative,0,negative,negative,1,0,Finistral-7B-LoRA,tfns,-3.099393507000059e-05,0.999997615814209,-17.750030517578125,1.955563533329041e-08,-12.937530517578125,2.406102339591598e-06
929,The Euro Is A Structural Short As BoJo’s Landslide Victory Ensures The U.K.’s Exit From the E.U.,0,negative,2,positive,positive,0,0,Finistral-7B-LoRA,tfns,-1.0783798694610596,0.35469964146614075,-1.7033798694610596,0.18985703587532043,-0.8283798694610596,0.4554433524608612
930,U.S. Dollar Index Futures (DX) Technical Analysis – Looking for Break into Retracement Zone at 97.630 to 97.472,0,negative,1,neutral,neutral,0,0,Finistral-7B-LoRA,tfns,-8.509565353393555,0.00020168245828244835,-0.009564882144331932,0.991222620010376,-4.7595648765563965,0.00857575610280037
931,Canadian dollar climbs to 11-day high amid coronavirus optimism #economy #MarketScreener https://t.co/8ohQPiXekn https://t.co/z98FjTKvFr,2,positive,2,positive,positive,1,0,Finistral-7B-LoRA,tfns,-15.250009536743164,2.3823690753488336e-07,-18.000009536743164,1.522997727931852e-08,-9.536697689327411e-06,0.9999997615814209
932,EUR/USD Failure of 1-2-3 Pattern Might be Bullish,2,positive,1,neutral,neutral,0,0,Finistral-7B-LoRA,tfns,-3.3416967391967773,0.03544445335865021,-0.46669673919677734,0.6282678842544556,-1.0916967391967773,0.33628758788108826
933,GBP/JPY Price Forecast – British Pound Gaps Higher After Election Results,2,positive,2,positive,positive,1,0,Finistral-7B-LoRA,tfns,-12.43751335144043,3.966986241721315e-06,-18.00001335144043,1.5229920435899658e-08,-1.3828182090946939e-05,0.9999960660934448
934,GBP/USD – Pound Soars as Conservatives Cruise to Majority,2,positive,2,positive,positive,1,0,Finistral-7B-LoRA,tfns,-15.00000286102295,3.0590220490012143e-07,-22.093751907348633,2.5398388947550643e-10,-2.622600959512056e-06,0.9999996423721313
935,Pound Jumps To The Highest This Year As Boris Johnson Heads For Majority,2,positive,2,positive,positive,1,0,Finistral-7B-LoRA,tfns,-16.250015258789062,8.764247638737288e-08,-23.281265258789062,7.746072533398873e-11,-1.549708758830093e-05,0.9999998807907104
936,"South Africa's rand firmer as risk takers return, stocks up 3.29% #economy #MarketScreener https://t.co/c8xg62L0XF https://t.co/e1g8OtVhBZ",2,positive,2,positive,positive,1,0,Finistral-7B-LoRA,tfns,-14.187515258789062,6.893607746860653e-07,-15.000015258789062,3.05901977526446e-07,-1.5258672647178173e-05,0.999998927116394
937,USD/JPY Forecast: USD to Consolidate Against JPY - DailyForex.com,2,positive,1,neutral,neutral,0,0,Finistral-7B-LoRA,tfns,-7.752469539642334,0.0004297281557228416,-0.12746959924697876,0.880418598651886,-2.127469539642334,0.11915169656276703
938,USD/JPY Weekly Price Forecast – Dollar Continues To Test Resistance,2,positive,1,neutral,neutral,0,0,Finistral-7B-LoRA,tfns,-5.132546424865723,0.005902247503399849,-0.007546252105385065,0.992605447769165,-6.507546424865723,0.0014923219569027424
939,Dollar mixed versus major rivals after January jobs report,1,neutral,1,neutral,neutral,1,0,Finistral-7B-LoRA,tfns,-4.760139465332031,0.008567539975047112,-0.010139504447579384,0.9902729392051697,-6.760139465332031,0.001159490318968892
940,"EUR/USD Mid-Session Technical Analysis for December 17, 2019",1,neutral,1,neutral,neutral,1,0,Finistral-7B-LoRA,tfns,-4.1454548835754395,0.015842674300074577,-0.02045477367937565,0.9801515936851501,-5.5204548835754395,0.004005655646324158
941,EUR/USD Price Forecast – Euro Continues To Grind Towards Resistance,1,neutral,1,neutral,neutral,1,0,Finistral-7B-LoRA,tfns,-6.128441333770752,0.0021809651516377926,-0.003441247157752514,0.9970166683197021,-7.128441333770752,0.0008023322443477809
942,Japan Seen Needing U.S. Help to Check China’s Digital Yuan,1,neutral,1,neutral,neutral,1,0,Finistral-7B-LoRA,tfns,-1.3193695545196533,0.2688712477684021,-0.31936952471733093,0.7308678030967712,-8.256869316101074,0.0002609914808999747
943,"Volatility still remains near all-time lows across some major currency pairs, including the euro versus the dollar,… https://t.co/nZbJPUWFdn",1,neutral,1,neutral,neutral,1,0,Finistral-7B-LoRA,tfns,-8.877079010009766,0.0001395843137288466,-0.002079231198877096,0.9981599450111389,-6.377079010009766,0.001700485241599381
944,A Health Check of India Shadow Banks Points to Prolonged Trouble,0,negative,0,negative,negative,1,0,Finistral-7B-LoRA,tfns,-1.9907753085135482e-05,0.9999982118606567,-15.812520027160645,1.3574309321029432e-07,-13.312520027160645,1.653689423619653e-06
945,American farmers are already suffering for lack of exports (via @bopinion) https://t.co/kmIhRwtJ4x,0,negative,0,negative,negative,1,0,Finistral-7B-LoRA,tfns,-5.07818695041351e-05,0.9999961853027344,-13.56255054473877,1.287892018808634e-06,-12.87505054473877,2.5612789613660425e-06
946,Banks undergoing 'real stress test' as recession fears continue https://t.co/lY9UvWu4yE by @bcheungz https://t.co/aJbqRFxRQY,0,negative,0,negative,negative,1,0,Finistral-7B-LoRA,tfns,-2.7656173188006505e-05,0.9999946355819702,-14.062527656555176,7.811447630956536e-07,-12.312527656555176,4.495177563512698e-06
947,Business tax payments will hit a record low this year,0,negative,0,negative,negative,1,0,Finistral-7B-LoRA,tfns,-0.1621178388595581,0.8509289026260376,-6.724617958068848,0.001201809849590063,-1.912117838859558,0.1478692591190338
948,Canada's economy could end up being the big loser as a rail strike drags on https://t.co/aGYaQzTAD8,0,negative,0,negative,negative,1,0,Finistral-7B-LoRA,tfns,-7.509902934543788e-05,0.9999959468841553,-13.812575340270996,1.0030109933722997e-06,-12.687575340270996,3.0894914289092412e-06
949,Caution Abounds Even as Emerging Markets Ready Year-Ending Rally,0,negative,1,neutral,neutral,0,0,Finistral-7B-LoRA,tfns,-5.754424095153809,0.0031713214702904224,-0.004424307029694319,0.9963995218276978,-7.754424095153809,0.0004291916557122022
950,China M&A Bankers Face Another Grim Year,0,negative,0,negative,negative,1,0,Finistral-7B-LoRA,tfns,-8.272782724816352e-05,0.9999960660934448,-14.312582969665527,6.083570269765914e-07,-12.625082969665527,3.288746938778786e-06
951,Coronavirus pandemic has driven a very 'ample' market correction: former European Central Bank chief… https://t.co/dSD0FhQt36,0,negative,1,neutral,neutral,0,0,Finistral-7B-LoRA,tfns,-4.9550933837890625,0.007052777800709009,-0.017593394964933395,0.9833072423934937,-4.6425933837890625,0.00964000541716814
952,Coronavirus will probably destroy one of the stock market's biggest crutches https://t.co/6PAfslV0ul by @BrianSozzi https://t.co/yFTXFTKQV0,0,negative,0,negative,negative,1,0,Finistral-7B-LoRA,tfns,-0.00017510310863144696,0.9998857975006104,-9.375175476074219,8.480854739900678e-05,-10.437675476074219,2.930905066023115e-05
953,Every Bubble Eventually Finds Its Pin https://t.co/E3LesbBMP1,0,negative,0,negative,negative,1,0,Finistral-7B-LoRA,tfns,-0.004605400841683149,0.9957984089851379,-5.567105293273926,0.0038230360951274633,-7.879605293273926,0.000378531840397045
954,Here is a list of companies that have suspended dividends or stopped stock buybacks in April https://t.co/JUYLRQJyGp,0,negative,0,negative,negative,1,0,Finistral-7B-LoRA,tfns,-8.821098163025454e-05,0.9999978542327881,-13.50008773803711,1.3709561699215556e-06,-14.12508773803711,7.338199452533445e-07
955,"Highlight: ""We're gonna see companies start to report results and I think it's gonna look ugly,"" @FBBCap's Mike Bai… https://t.co/gdtm8YBxPc",0,negative,0,negative,negative,1,0,Finistral-7B-LoRA,tfns,-5.8410845667822286e-05,0.9999935626983643,-12.3125581741333,4.495172561291838e-06,-13.1875581741333,1.8738668359219446e-06
956,New #IMFBlog by @GitaGopinath shows #COVID19 is already impacting the US economy with unprecedented speed and sever… https://t.co/1M3rfTmYSi,0,negative,1,neutral,neutral,0,0,Finistral-7B-LoRA,tfns,-1.3137768507003784,0.2689225375652313,-0.31377682089805603,0.7310072183609009,-9.563776969909668,7.025831291684881e-05
957,"Only 11% of quant funds are ahead of their benchmark YTD, underperforming by 3.2ppt: BofA",0,negative,0,negative,negative,1,0,Finistral-7B-LoRA,tfns,-0.008964765816926956,0.9913533329963684,-4.758964538574219,0.008576886728405952,-9.571464538574219,6.970878166612238e-05
958,Small U.S. businesses were already struggling. Then coronavirus hit https://t.co/hT3SLBlI3c https://t.co/vMqjAebRe4,0,negative,0,negative,negative,1,0,Finistral-7B-LoRA,tfns,-4.255681051290594e-05,0.9999946355819702,-12.750042915344238,2.9023051411058987e-06,-12.875042915344238,2.56127509601356e-06
959,Survey: 1 in 6 shoppers are still paying off last year's holiday debt https://t.co/AA08zAofod by @SJAsymkos https://t.co/di37aiduNS,0,negative,0,negative,negative,1,0,Finistral-7B-LoRA,tfns,-0.0014390123542398214,0.9986687898635864,-6.626439094543457,0.0013250141637399793,-12.001439094543457,6.136032880021958e-06
960,Tech War Set To Deepen As China Stockpiles US Chips Amid 'Silicon Curtain' Threat  https://t.co/sMw7Z0Xo3w,0,negative,0,negative,negative,1,0,Finistral-7B-LoRA,tfns,-0.000959531927946955,0.9995529055595398,-7.813459396362305,0.0004044642555527389,-10.063459396362305,4.263021764927544e-05
961,"The days of extraordinary market returns are over, says BlackRock https://t.co/gJu52JoL8J",0,negative,0,negative,negative,1,0,Finistral-7B-LoRA,tfns,-0.0006823595031164587,0.9994370341300964,-7.500682353973389,0.0005527730099856853,-11.500682830810547,1.0124390428245533e-05
962,"The dual shocks of the Saudi-Russian oil price war and the Covid-19 pandemic could put 500,000 Albertans out of wor… https://t.co/FUepZVgKx2",0,negative,0,negative,negative,1,0,Finistral-7B-LoRA,tfns,-0.00023815179883968085,0.9999046325683594,-11.062738418579102,1.568829975440167e-05,-9.437738418579102,7.967175770318136e-05
963,The Fraud That Is ESG Strikes Again: Six Of Top 10 ESG Funds Underperform The S&P500  https://t.co/rHbzc3YyMu,0,negative,0,negative,negative,1,0,Finistral-7B-LoRA,tfns,-0.000959531927946955,0.9998518228530884,-8.875959396362305,0.00013982091331854463,-11.688459396362305,8.396898010687437e-06
964,"The job loss reflected in Friday's report is a shock that is unprecedented, as is the uncertainty surrounding it-wh… https://t.co/zqYuNg31Kb",0,negative,0,negative,negative,1,0,Finistral-7B-LoRA,tfns,-0.00023636408150196075,0.9999200105667114,-15.000236511230469,3.058778474951396e-07,-9.437736511230469,7.967298006406054e-05
965,"Trader Warns ""The Rally Is Crumbling Below The Surface"" https://t.co/kdxXwZGizy",0,negative,0,negative,negative,1,0,Finistral-7B-LoRA,tfns,-3.93382906622719e-05,0.9999828338623047,-14.562539100646973,4.7378264866893005e-07,-11.000039100646973,1.6701413187547587e-05
966,"Turkish banks refuse to lend to Istanbul, hey here's an idea: let's open it up to the European idiots who will buy… https://t.co/oimo5fD1IB",0,negative,1,neutral,neutral,0,0,Finistral-7B-LoRA,tfns,-9.313338279724121,9.022384620038792e-05,-0.0008379285573028028,0.999283492565155,-7.375837802886963,0.0006262775859795511
967,Videoconferences Zoom Toward Market-Boom Reckoning. https://t.co/kbPZdZj8DF #stocks #trading #economy,0,negative,2,positive,positive,0,0,Finistral-7B-LoRA,tfns,-3.929957151412964,0.019721059128642082,-1.4299571514129639,0.24025167524814606,-0.30495718121528625,0.7400272488594055
968,"$USA $CRF $SCHX - U.S. is past the peak, economy to reopen shortly - JPMorgan https://t.co/V97lqc11yV",2,positive,2,positive,positive,1,0,Finistral-7B-LoRA,tfns,-11.687519073486328,8.398062163905706e-06,-13.625019073486328,1.209855668093951e-06,-1.9073304429184645e-05,0.9999904632568359
969,Conditions for stock picking are improving as shares of big U.S. companies have begun to diverge https://t.co/Xrl2GkXhyW,2,positive,2,positive,positive,1,0,Finistral-7B-LoRA,tfns,-14.312512397766113,6.08358845965995e-07,-14.812512397766113,3.689882817070611e-07,-1.2516897186287679e-05,0.9999990463256836
970,"Highlight: ""You're seeing some level of optimism, just because we've come way off the lows,"" @colonymktstrat says.… https://t.co/CdkwSBZK9H",2,positive,2,positive,positive,1,0,Finistral-7B-LoRA,tfns,-13.187562942504883,1.873816813713347e-06,-10.375062942504883,3.1201852834783494e-05,-6.270212179515511e-05,0.9999668598175049
971,"Highlight: Berenberg reiterates its 'Buy' rating on $BYND. ""I think the most exciting part is the growth potential,… https://t.co/7HhrL3mt4s",2,positive,2,positive,positive,1,0,Finistral-7B-LoRA,tfns,-14.875006675720215,3.4663227665987506e-07,-13.750006675720215,1.067702555701544e-06,-6.318072337307967e-06,0.9999985694885254
972,"Highlight: Goldman Sachs predicts that gold will reach $1,600 an ounce by 2020. “$1,600 is gonna be a footnote,” sa… https://t.co/DFzhAByZ6Y",2,positive,2,positive,positive,1,0,Finistral-7B-LoRA,tfns,-15.500025749206543,1.8553875236193562e-07,-13.187525749206543,1.8738749076874228e-06,-2.5510462364763953e-05,0.9999978542327881
973,Navigant Research Report Shows Commercial Lighting Controls Revenue Is Expected to Experience a 5% Compound Annual Growth Rate from 2019-2028,2,positive,2,positive,positive,1,0,Finistral-7B-LoRA,tfns,-15.812583923339844,1.3574238266755856e-07,-11.875083923339844,6.962255611142609e-06,-8.439661905867979e-05,0.9999929666519165
974,Santa Claus rally,2,positive,2,positive,positive,1,0,Finistral-7B-LoRA,tfns,-12.250116348266602,4.784992142958799e-06,-10.750116348266602,2.1444846424856223e-05,-0.00011622230522334576,0.9999737739562988
975,Spirit MTA REIT (NYSE:SMTA) Shares Have Generated A Total Return Of 34% In The Last Year,2,positive,2,positive,positive,1,0,Finistral-7B-LoRA,tfns,-15.312652587890625,2.2380265818355838e-07,-13.875152587890625,9.422443554285564e-07,-0.00015245705435518175,0.9999988079071045
976,The EVN (VIE:EVN) Share Price Has Gained 60% And Shareholders Are Hoping For More,2,positive,2,positive,positive,1,0,Finistral-7B-LoRA,tfns,-17.000089645385742,4.139937814784389e-08,-19.812589645385742,2.486225669784403e-09,-8.987976616481319e-05,1.0
977,The number of customers canceling Netflix hasn’t accelerated around the debut of rival services from Disney and App… https://t.co/O7kqU5s0aM,2,positive,2,positive,positive,1,0,Finistral-7B-LoRA,tfns,-8.32559585571289,0.00024231988936662674,-4.388095378875732,0.012428638525307178,-0.01309556420892477,0.9873290061950684
978,This chart shows why BlackRock is upbeat on U.S. credit despite the pandemic https://t.co/7LYUG0HLHr,2,positive,2,positive,positive,1,0,Finistral-7B-LoRA,tfns,-11.689007759094238,8.386944500671234e-06,-6.6265082359313965,0.0013250113697722554,-0.001508051878772676,0.9986666440963745
979,This Is Why Peloton Stock Remains a Buy,2,positive,2,positive,positive,1,0,Finistral-7B-LoRA,tfns,-13.937525749206543,8.851563393363904e-07,-14.125025749206543,7.338204000006954e-07,-2.5748875486897305e-05,0.9999984502792358
980,"This ratio suggests the U.S. stock market will take a ‘brief pause’ then climb higher, analyst says - MarketWatch",2,positive,2,positive,positive,1,0,Finistral-7B-LoRA,tfns,-13.625075340270996,1.2098639672331046e-06,-13.437575340270996,1.4593745163438143e-06,-7.509902934543788e-05,0.9999973773956299
981,"U.S. banks will likely be allowed to keep paying dividends, even as the coronavirus pandemic threatens to create a… https://t.co/AjsqnpfOdJ",2,positive,1,neutral,neutral,0,0,Finistral-7B-LoRA,tfns,-7.47517204284668,0.0005672874394804239,-0.47517192363739014,0.6221061944961548,-0.9751719236373901,0.37732648849487305
982,Weekly portfolios report : Stress quickly erased #Weeklyportfoliosreport #portfolio #MarketScreener… https://t.co/aght48Gwte,2,positive,2,positive,positive,1,0,Finistral-7B-LoRA,tfns,-7.402224063873291,0.0006100860773585737,-3.652223825454712,0.025941520929336548,-0.027223831042647362,0.9734483957290649
983,"""Cash is trash? No, cash is king! Especially when the discounts come along on high-quality stocks.""... https://t.co/7D0mmjE7xl",1,neutral,2,positive,positive,0,0,Finistral-7B-LoRA,tfns,-8.754018783569336,0.00015786694712005556,-5.629018306732178,0.0035930355079472065,-0.004018447361886501,0.9962491393089294
984,"""CO2 emissions aren't reducing, they are in fact increasing,"" @GretaThunberg says at #COP25. ""We have achieved noth… https://t.co/EP3atEwq2M",1,neutral,0,negative,negative,0,0,Finistral-7B-LoRA,tfns,-0.0030677898321300745,0.9971802234649658,-5.878067970275879,0.0028008741792291403,-10.878067970275879,1.8872140572057106e-05
985,"""Convinced am I that a world without nuclear weapons is possible and necessary."" Pope Francis called for global nu… https://t.co/xL1ES2nwbw",1,neutral,1,neutral,neutral,1,0,Finistral-7B-LoRA,tfns,-13.375581741333008,1.552829075990303e-06,-0.0005814530304633081,0.9995679259300232,-7.75058126449585,0.0004305564216338098
986,"""Freedom of speech is not freedom of reach,"" actor and comedian Sacha Baron Cohen said in a speech. ""Under this twi… https://t.co/XzJEY4pS8E",1,neutral,1,neutral,neutral,1,0,Finistral-7B-LoRA,tfns,-13.812506675720215,1.0030140629169182e-06,-6.318072337307967e-06,0.999998927116394,-17.1250057220459,3.653478231058216e-08
987,"""I am going to microsoft you"" just doesn't carry the same spark as ""I will bloomberg you""",1,neutral,1,neutral,neutral,1,0,Finistral-7B-LoRA,tfns,-11.6875581741333,8.398009413213003e-06,-5.793403761344962e-05,0.9999841451644897,-11.8125581741333,7.411217666231096e-06
988,"""I find this worship no different from the regular worship at a church so I am delighted.""

A church in South Korea… https://t.co/MnibZjnsFJ",1,neutral,2,positive,positive,0,0,Finistral-7B-LoRA,tfns,-12.758234977722168,2.8803208351746434e-06,-4.883235454559326,0.007577219046652317,-0.008235306479036808,0.9924198985099792
989,"""In the very best case it was a five year delay. In the worst case it was...completely collapsed it."" Here's why B… https://t.co/LNsrTCgcld",1,neutral,1,neutral,neutral,1,0,Finistral-7B-LoRA,tfns,-6.626471519470215,0.0013250160263851285,-0.00147162820212543,0.998670220375061,-12.251471519470215,4.77875437354669e-06
990,"""More Eco-Friendly"" Meets ""Horrors Of Capitalism"": $34 Toilet Paper 'With A Conscience' https://t.co/S3jmLnZt7Z",1,neutral,1,neutral,neutral,1,0,Finistral-7B-LoRA,tfns,-11.875049591064453,6.962197858229047e-06,-4.970903682988137e-05,0.999984622001648,-11.687549591064453,8.39801305119181e-06
991,"""With self-driving cars, automakers can reimagine the interior cabin to provide passengers a holistically new and i… https://t.co/5KRYlJ8mTQ",1,neutral,1,neutral,neutral,1,0,Finistral-7B-LoRA,tfns,-13.687749862670898,1.13647320176824e-06,-0.0002499506517779082,0.9999191761016846,-9.437749862670898,7.967291458044201e-05
992,"#5things
-China IP concession
-Hong Kong election
-Loads of corporate news
-Markets rise
-Coming up...… https://t.co/aSJjULIOt3",1,neutral,1,neutral,neutral,1,0,Finistral-7B-LoRA,tfns,-8.956361770629883,0.00012950475502293557,-0.01886216551065445,0.9858086705207825,-4.268862247467041,0.014061805792152882
993,#ICYMI: Press Releases: https://t.co/4czrcfGQbt Vice Chair for Supervision Quarles Testimony:… https://t.co/1ROdwkNBSU,1,neutral,1,neutral,neutral,1,0,Finistral-7B-LoRA,tfns,-11.87510871887207,6.962197858229047e-06,-0.00010835537250386551,0.999984622001648,-11.68760871887207,8.39801305119181e-06
994,"$BA - Boeing plane skids off runway in Istanbul, killing one passenger https://t.co/IBHUB8yLOO",1,neutral,0,negative,negative,0,0,Finistral-7B-LoRA,tfns,-0.001524953986518085,0.998665452003479,-6.626524925231934,0.0013250097399577498,-11.564024925231934,9.503642104391474e-06
995,"$ENB - No additional risk to Lake Superior from Enbridge pipeline, Minnesota says https://t.co/3AlY719yio",1,neutral,1,neutral,neutral,1,0,Finistral-7B-LoRA,tfns,-9.225661277770996,9.84943617368117e-05,-0.22566160559654236,0.7981081008911133,-1.6006616353988647,0.20179332792758942
996,$PBF - PBF Energy: A Mexican Billionaire Can't Get Enough Of This New Jersey Refiner. https://t.co/ouNSD0zChc #markets #finance #trading,1,neutral,2,positive,positive,0,0,Finistral-7B-LoRA,tfns,-14.25006103515625,6.475801228589262e-07,-10.68756103515625,2.2827985958429053e-05,-6.0794889577664435e-05,0.999976634979248
997,$SPX There are still ZERO confirmed cases of novel #coronavirus in NYC.,1,neutral,1,neutral,neutral,1,0,Finistral-7B-LoRA,tfns,-11.875039100646973,6.962176030356204e-06,-3.8980677345534787e-05,0.9999815225601196,-11.375039100646973,1.147868806583574e-05
998,".@JimCramer and @ByKatherineRoss are back in business breaking down Tiffany, TD Ameritrade and Bloomberg’s presiden… https://t.co/z517l6YmW2",1,neutral,1,neutral,neutral,1,0,Finistral-7B-LoRA,tfns,-12.500160217285156,3.7264221646182705e-06,-0.00016056202002801,0.9999380111694336,-9.750160217285156,5.8291050663683563e-05
999,.@JimCramer breaks down what this blowout jobs number is saying about the economy at large: https://t.co/c9cby6UgZD https://t.co/l12THHHGDJ,1,neutral,2,positive,positive,0,0,Finistral-7B-LoRA,tfns,-14.312524795532227,6.083589028094138e-07,-15.062524795532227,2.8736837975884555e-07,-2.455681169521995e-05,0.9999991655349731
1000,".@Tesla 's advertising department is an army of one, @elonmusk, with 27 million Twitter followers. Despite that, Te… https://t.co/HF1XQ7vmnt",1,neutral,1,neutral,neutral,1,0,Finistral-7B-LoRA,tfns,-14.875008583068848,3.466324187684222e-07,-8.702239938429557e-06,0.9999990463256836,-14.375008583068848,5.715002089345944e-07
1001,.@TiernanRayTech have 5 names that might be worth a second look:  https://t.co/qm2pTZO7xS,1,neutral,1,neutral,neutral,1,0,Finistral-7B-LoRA,tfns,-13.000655174255371,2.2601327600568766e-06,-0.0006553170969709754,0.9999129772186279,-9.375655174255371,8.481085387757048e-05
1002,@TicToc @bpolitics @bloom @bopinion #RecuseNow,1,neutral,1,neutral,neutral,1,0,Finistral-7B-LoRA,tfns,-10.000101089477539,4.539772271527909e-05,-0.00010072677832795307,0.9999513626098633,-12.625101089477539,3.2886000553844497e-06
1003,@tictoc oh fuck yeah Bloomberg you know about TickTock you must be something cool! here is a link to my profile wit… https://t.co/pvIL8KsEx5,1,neutral,1,neutral,neutral,1,0,Finistral-7B-LoRA,tfns,-14.31255054473877,6.083511721044488e-07,-5.018585216021165e-05,0.9999864101409912,-11.25005054473877,1.30071211970062e-05
1004,"{Free} Premium Earnings 11-25-19: Palo Alto Networks and Dollar Tree, on the blog and here https://t.co/zrIPU1I3zV $PANW $DLTR",1,neutral,1,neutral,neutral,1,0,Finistral-7B-LoRA,tfns,-6.398369312286377,0.0016808792715892196,-0.023369479924440384,0.9866515398025513,-4.460869312286377,0.011667612940073013
1005,‘This is the most prosperous economy the world has ever seen’ says Jamie Dimon — and it’s going to continue https://t.co/Y6gkuTBby5,1,neutral,2,positive,positive,0,0,Finistral-7B-LoRA,tfns,-16.375043869018555,7.734416129778765e-08,-14.437543869018555,5.368748929868161e-07,-4.4225667807040736e-05,0.9999992847442627
1006,"“Anal cancer may be one of the most rapidly accelerating causes of cancer incidence and mortality in the U.S."" https://t.co/d0VXzuZaIu",1,neutral,1,neutral,neutral,1,0,Finistral-7B-LoRA,tfns,-5.816392421722412,0.002979903481900692,-0.0038923469837754965,0.9966412782669067,-7.878892421722412,0.00037885221536271274
1007,"“I think there are important things we have to offer for free for people who need basic health care, basic educatio… https://t.co/1P7soFMbfF",1,neutral,1,neutral,neutral,1,0,Finistral-7B-LoRA,tfns,-16.187524795532227,9.32948225340624e-08,-2.539125671319198e-05,0.9999988079071045,-13.687525749206543,1.1365636964910664e-06
1008,"“Periods aren't just a women's issue, it's a human issue."" Meet @nadyaokamoto, an activist whose fight for gender… https://t.co/SdXSBCjsmD",1,neutral,1,neutral,neutral,1,0,Finistral-7B-LoRA,tfns,-15.250020027160645,2.3823662331778905e-07,-2.0265373677830212e-05,0.9999985694885254,-13.687520027160645,1.136563469117391e-06
1009,“The Irishman” was seen by 13.2 million U.S. viewers over its first five days on Netflix. But only 18% of them ma… https://t.co/UuCfGXTC6w,1,neutral,1,neutral,neutral,1,0,Finistral-7B-LoRA,tfns,-11.50037956237793,1.012923166854307e-05,-0.00037949037505313754,0.9999150037765503,-9.50037956237793,7.484547677449882e-05
1010,“Who Wants to be a Development Genius?” is our fun trivia challenge on development. Play along and test your knowle… https://t.co/7cXmBEeTMV,1,neutral,1,neutral,neutral,1,0,Finistral-7B-LoRA,tfns,-17.4375057220459,2.6729439994710447e-08,-5.245195097813848e-06,0.9999997615814209,-15.500004768371582,1.855391076333035e-07
1011,��‍♀️The Netherlands has more bicycles than people and it's now home to the world's largest bicycle park https://t.co/m2IlurcW4G,1,neutral,1,neutral,neutral,1,0,Finistral-7B-LoRA,tfns,-17.937532424926758,1.6212181819241778e-08,-3.158996332786046e-05,0.9999971389770508,-12.750031471252441,2.9023121896898374e-06
1012,"✅Get the best deals. 
✅Don't break the bank. 
Our guide on how to get it done: https://t.co/QrIh2UFASd https://t.co/IPxHN05zxZ",1,neutral,1,neutral,neutral,1,0,Finistral-7B-LoRA,tfns,-16.18750762939453,9.329487227205391e-08,-8.4638240878121e-06,0.9999992847442627,-14.375008583068848,5.71500379464851e-07
1013,"⚡️ “Most people choose to support environment and healthcare organizations”

https://t.co/9rFXXJ2EfN",1,neutral,1,neutral,neutral,1,0,Finistral-7B-LoRA,tfns,-11.634806632995605,8.852905921230558e-06,-0.009806670248508453,0.9902827739715576,-4.6348066329956055,0.00970839150249958
1014,2 Ways Government Pensions Can Reduce Your Social Security,1,neutral,1,neutral,neutral,1,0,Finistral-7B-LoRA,tfns,-5.379645824432373,0.00460957083851099,-0.0046457452699542046,0.9953900575637817,-14.942145347595215,3.2413018402621674e-07
1015,201 books to read before the end of the year https://t.co/HgzlXonUVR #FTReadingList,1,neutral,1,neutral,neutral,1,0,Finistral-7B-LoRA,tfns,-15.500006675720215,1.8553903657902993e-07,-6.318072337307967e-06,0.9999994039535522,-14.687506675720215,4.181186454843555e-07
1016,2020 Advances in Construction and Demolition Waste Recycling: Woodhead Publishing Series in Civil and Structural En… https://t.co/NDeG5e1kYs,1,neutral,1,neutral,neutral,1,0,Finistral-7B-LoRA,tfns,-13.250166893005371,1.7601631725483458e-06,-0.00016711745411157608,0.9998959302902222,-9.187666893005371,0.0001022996730171144
1017,"20k next week this was my consolidation week. $500-$16,600 in 8 weeks. https://t.co/rxWtgDGKAT",1,neutral,1,neutral,neutral,1,0,Finistral-7B-LoRA,tfns,-9.501214027404785,7.479312625946477e-05,-0.00121412449516356,0.9992156028747559,-7.251214027404785,0.0007096173358149827
1018,3 Companies That Are Raising Their Dividends,1,neutral,2,positive,positive,0,0,Finistral-7B-LoRA,tfns,-12.627914428710938,3.2795373954286333e-06,-5.877914905548096,0.0028009177185595036,-0.00291482568718493,0.9971957206726074
1019,3 Lagging Long Ideas That We Still Love. https://t.co/4Lq29yLh6D #stocks #trading #markets,1,neutral,2,positive,positive,0,0,Finistral-7B-LoRA,tfns,-7.627313137054443,0.0004870278644375503,-6.377313137054443,0.0016998943174257874,-0.0023129635956138372,0.9978131055831909
1020,3 Leveraged Emerging Markets Traders Should Consider in Q1,1,neutral,1,neutral,neutral,1,0,Finistral-7B-LoRA,tfns,-10.627384185791016,2.4247199689853005e-05,-0.0023837266489863396,0.9977930784225464,-6.127383708953857,0.002182663418352604
1021,"3 Mutual Fund Misfires to Avoid - November 25, 2019",1,neutral,1,neutral,neutral,1,0,Finistral-7B-LoRA,tfns,-12.062515258789062,5.771918495156569e-06,-1.5735502529423684e-05,0.9999940395355225,-15.625015258789062,1.637367290641123e-07
1022,"3 Mutual Fund Misfires To Avoid In Your Retirement Portfolio - November 25, 2019",1,neutral,1,neutral,neutral,1,0,Finistral-7B-LoRA,tfns,-13.875005722045898,9.422444691153942e-07,-5.602820692729438e-06,0.999998927116394,-16.2500057220459,8.764239112224459e-08
1023,"3 Top-Ranked Mutual Funds for Your Retirement - February 06, 2020",1,neutral,1,neutral,neutral,1,0,Finistral-7B-LoRA,tfns,-14.3750638961792,5.714744588658505e-07,-6.365573790390044e-05,0.9999539852142334,-10.0000638961792,4.539784276857972e-05
1024,"52% of Older Adults Are Making This Crucial Social Security Mistake, a Survey Shows",1,neutral,1,neutral,neutral,1,0,Finistral-7B-LoRA,tfns,-2.579031467437744,0.07585693150758743,-0.07903140783309937,0.9241266250610352,-11.016530990600586,1.6429927200078964e-05
1025,7 Stocks to Buy to Ride the Vegan Wave,1,neutral,1,neutral,neutral,1,0,Finistral-7B-LoRA,tfns,-9.931029319763184,4.875273225479759e-05,-0.43102946877479553,0.651323139667511,-1.0560294389724731,0.3486281633377075
1026,A certified fraud examiner lays out three big investing red flags #investinyou (In partnership with @acorns.) https://t.co/eGvx23n4Uc,1,neutral,1,neutral,neutral,1,0,Finistral-7B-LoRA,tfns,-14.125007629394531,7.338209115914651e-07,-7.748573807475623e-06,0.9999991655349731,-15.937507629394531,1.1979297198649874e-07
1027,"A couple claims a 500-pound, $280-million emerald was destroyed when their house burned down in California's worst-… https://t.co/jJFqUHN5qr",1,neutral,0,negative,negative,0,0,Finistral-7B-LoRA,tfns,-0.7000976800918579,0.4994868040084839,-0.7000976800918579,0.4994868040084839,-6.887597560882568,0.0010264242300763726
1028,A REIT Activist's New Positions In Q3. Continue reading: https://t.co/rv7TZZGn6g #business #finance #trading,1,neutral,1,neutral,neutral,1,0,Finistral-7B-LoRA,tfns,-12.500234603881836,3.7261183933878783e-06,-0.00023505308490712196,0.9998564720153809,-8.875234603881836,0.0001398215681547299
1029,A rusty pre-WWII train car gets a second life,1,neutral,1,neutral,neutral,1,0,Finistral-7B-LoRA,tfns,-12.158537864685059,5.296311883284943e-06,-0.18978793919086456,0.8354791402816772,-1.8147879838943481,0.16451558470726013
1030,A South African grieving family took a man's corpse to an insurance company to prove he's dead.  Here's why their… https://t.co/bxACoIRGV0,1,neutral,1,neutral,neutral,1,0,Finistral-7B-LoRA,tfns,-15.500014305114746,1.855391076333035e-07,-1.4543427823809907e-05,0.9999997615814209,-16.250015258789062,8.764246217651817e-08
1031,'A victim of their own success': How vaccines became a casualty of misinformation in the U.S.:… https://t.co/jRQt6BxmHz,1,neutral,1,neutral,neutral,1,0,Finistral-7B-LoRA,tfns,-2.579597234725952,0.07585599273443222,-0.07959731668233871,0.9241151213645935,-10.454597473144531,2.883505840145517e-05
1032,"Accident Deaths Plunge Drastically In Few States, Union Territories Post New Motor Act: Government",1,neutral,2,positive,positive,0,0,Finistral-7B-LoRA,tfns,-13.062670707702637,2.1233777260931674e-06,-14.937670707702637,3.256305092236289e-07,-0.00017081231635529548,0.9999974966049194
1033,"Activism Rises In Japan as Firms Go Hostile, Investors Speak Out",1,neutral,1,neutral,neutral,1,0,Finistral-7B-LoRA,tfns,-9.434167861938477,8.028221054701135e-05,-0.05916791781783104,0.9465207457542419,-2.9341678619384766,0.05339904874563217
1034,"AI Poised to Impact High-Skill U.S. Jobs Including Finance, Tech",1,neutral,1,neutral,neutral,1,0,Finistral-7B-LoRA,tfns,-5.770749568939209,0.0031223746482282877,-0.020749406889081,0.9810209274291992,-4.145749568939209,0.015856726095080376
1035,Air Water : Notice of Execution of the Business Transfer Agreement for the Acquisition of ... #AirWater #Stock… https://t.co/BgG7Fp4BcS,1,neutral,1,neutral,neutral,1,0,Finistral-7B-LoRA,tfns,-10.06297492980957,4.263931623427197e-05,-0.0004752936656586826,0.9997662901878357,-8.56297492980957,0.0001910961582325399
1036,Almost 1 in 5 Millennials Think They'll Be Paying Student Loans in Their 50s,1,neutral,0,negative,negative,0,0,Finistral-7B-LoRA,tfns,-0.0001720042055239901,0.9999532699584961,-10.000171661376953,4.539781002677046e-05,-13.562671661376953,1.2878367670055013e-06
1037,ALROSA : Supervisory Board to consider disposal of Non-State Pension Fund Almaznaya Osen #ALROSA #Stock… https://t.co/RcGh6YQY2A,1,neutral,1,neutral,neutral,1,0,Finistral-7B-LoRA,tfns,-12.687561988830566,3.0894880183041096e-06,-6.186770770000294e-05,0.9999948740005493,-13.125061988830566,1.9947235614381498e-06
1038,AM Best Affirms Credit Ratings of Legal & General Group Plc and Legal and General Assurance Society Limited… https://t.co/dopr5WqWYx,1,neutral,1,neutral,neutral,1,0,Finistral-7B-LoRA,tfns,-8.491654396057129,0.00020522453996818513,-0.42915454506874084,0.6512211561203003,-1.0541545152664185,0.34857359528541565
1039,America isn’t ready for longer lifespans,1,neutral,0,negative,negative,0,0,Finistral-7B-LoRA,tfns,-0.0005217621219344437,0.9995669722557068,-7.750521659851074,0.0004305560141801834,-12.875521659851074,2.5601796096452745e-06
1040,America’s Reluctance To Tax Wealth Has Its Roots In Slavery,1,neutral,1,neutral,neutral,1,0,Finistral-7B-LoRA,tfns,-6.501585006713867,0.0015011735958978534,-0.0015850611962378025,0.9984930753707886,-12.064085006713867,5.763255103374831e-06
1041,"Analysis on the World's Cognitive Collaboration Market, 2019-2024 - Increasing Need for Mobility & Collaboration Dr… https://t.co/DWGHx4ruLX",1,neutral,1,neutral,neutral,1,0,Finistral-7B-LoRA,tfns,-11.506086349487305,1.0070112693938427e-05,-0.006085912697017193,0.9940789937973022,-5.1310858726501465,0.005911009386181831
1042,Another coal-fired power plant closes its doors,1,neutral,2,positive,positive,0,0,Finistral-7B-LoRA,tfns,-9.024789810180664,0.00012055963452439755,-3.774789571762085,0.02297460101544857,-0.024789463728666306,0.9769048690795898
1043,"Arm yourself with live #marketanalysis, #investmentresearch, and #investingideas. Try Briefing In Play Plus risk-fr… https://t.co/q2bLi8O81t",1,neutral,1,neutral,neutral,1,0,Finistral-7B-LoRA,tfns,-10.750588417053223,2.143860183423385e-05,-0.0005880056996829808,0.9996826648712158,-8.125588417053223,0.00029595079831779003
1044,"As Illinois Legalizes Marijuana, Cook County Prosecutor Vacates Over 1,000 Low-Level Cannabis Convictions",1,neutral,2,positive,positive,0,0,Finistral-7B-LoRA,tfns,-14.25020694732666,6.475398777183727e-07,-9.37520694732666,8.481098484480754e-05,-0.00020668754586949944,0.9999145269393921
1045,"As relations between the U.S. and China continue to deteriorate, one immediate risk is a “military accident or oper… https://t.co/N2fewJJeQc",1,neutral,0,negative,negative,0,0,Finistral-7B-LoRA,tfns,-0.00010525626566959545,0.9999891519546509,-11.562604904174805,9.51623860601103e-06,-13.562604904174805,1.2878829238616163e-06
1046,Asset Acquisitions and Disposals::Proposed Acquisition of Assets in Singapore Mobike Pte. Ltd. #ISOTeam #Stock… https://t.co/f6tx3DSIBR,1,neutral,1,neutral,neutral,1,0,Finistral-7B-LoRA,tfns,-11.250255584716797,1.3005420441913884e-05,-0.0002554328821133822,0.999855637550354,-8.937755584716797,0.00013135009794496
1047,Australians Love Rooftop Panels. That’s a Problem for Big Solar,1,neutral,0,negative,negative,0,0,Finistral-7B-LoRA,tfns,-0.1272563338279724,0.8807270526885986,-2.127256393432617,0.11919344216585159,-9.439756393432617,7.951955922180787e-05
1048,"Basking in the glow of a luxury-goods deal, Burberry boosts London stocks https://t.co/MTuHyI5ysO",1,neutral,2,positive,positive,0,0,Finistral-7B-LoRA,tfns,-16.8750057220459,4.691164434689199e-08,-18.0625057220459,1.43072416136647e-08,-5.006777428206988e-06,1.0
1049,BDO Christmas party chaperones to guard against ghosts of scandals past https://t.co/HCiRkzZJGi,1,neutral,1,neutral,neutral,1,0,Finistral-7B-LoRA,tfns,-14.500007629394531,5.043472128818394e-07,-7.986990567587782e-06,0.9999990463256836,-14.750007629394531,3.927859779651044e-07
1050,Beer Drinkers Want More Than a Typical Lager These Days,1,neutral,1,neutral,neutral,1,0,Finistral-7B-LoRA,tfns,-11.660979270935059,8.64991670823656e-06,-0.004729157313704491,0.9982905983924866,-6.379729270935059,0.001700707827694714
1051,Before You Say 'OK Boomer' -- or Get Angry About It -- Embrace the Value of a Multigenerational Workforce,1,neutral,1,neutral,neutral,1,0,Finistral-7B-LoRA,tfns,-14.438714981079102,5.362471142689174e-07,-0.0012149580288678408,0.9988299012184143,-6.751214981079102,0.0011695094872266054
1052,Beyond Meat and Impossible Foods have a new foe in the plant-based burger wars: the Ultimate Burger… https://t.co/7RHXZNGEBG,1,neutral,1,neutral,neutral,1,0,Finistral-7B-LoRA,tfns,-10.750130653381348,2.1444318917929195e-05,-0.0001311216183239594,0.9999492168426514,-10.437630653381348,2.9310909667401575e-05
1053,"Billionaire investor Howard Marks says we're not in a bubble, but sees reasons to take less risk https://t.co/BoHEP6B2Hi",1,neutral,1,neutral,neutral,1,0,Finistral-7B-LoRA,tfns,-11.750264167785645,7.888087566243485e-06,-0.0002644904307089746,0.9998432397842407,-8.812764167785645,0.00014883730909787118
1054,"Black Friday 2019: How scammers use gift cards, hot toy deals to trick you",1,neutral,1,neutral,neutral,1,0,Finistral-7B-LoRA,tfns,-2.365654230117798,0.09531456977128983,-0.11565428972244263,0.9043195247650146,-7.928154468536377,0.00036592851392924786
1055,Bloomberg Daybreak: Middle East Full Show (02/06/2020),1,neutral,1,neutral,neutral,1,0,Finistral-7B-LoRA,tfns,-14.562517166137695,4.737901520002197e-07,-1.7046782886609435e-05,0.9999986886978149,-14.000017166137695,8.315276431858365e-07
1056,'Bloomberg The Open' Full Show (12/13/2019),1,neutral,1,neutral,neutral,1,0,Finistral-7B-LoRA,tfns,-14.437521934509277,5.368744950828841e-07,-2.1815061700181104e-05,0.9999985694885254,-13.875021934509277,9.42244128054881e-07
1057,"Brazil's Afro-Brazilians are beginning to get their due, says @macmargolis (via @bopinion) https://t.co/tezavhCp6r",1,neutral,2,positive,positive,0,0,Finistral-7B-LoRA,tfns,-12.152046203613281,5.2807376960117836e-06,-2.464545965194702,0.08509859442710876,-0.08954589068889618,0.9148961901664734
1058,Breaking - @NYDailyNews reports potential coronavirus patient at Elmhurst Hospital. Note: NYC Department of Health... https://t.co/U6wm1qJ4Ft,1,neutral,1,neutral,neutral,1,0,Finistral-7B-LoRA,tfns,-5.2572197914123535,0.005217255093157291,-0.0072198910638689995,0.9942328333854675,-7.5072197914123535,0.0005498946411535144
1059,Brief calm in Hong Kong is over,1,neutral,0,negative,negative,0,0,Finistral-7B-LoRA,tfns,-0.005293875467032194,0.9960734844207764,-8.005293846130371,0.0003341454139444977,-5.630293846130371,0.0035924019757658243
1060,Bumrungrad Hospital Public : Notification of the joint new business model #BumrungradHospitalPublic #Stock… https://t.co/QhvKqiE4Cd,1,neutral,1,neutral,neutral,1,0,Finistral-7B-LoRA,tfns,-13.625151634216309,1.2098428214812884e-06,-0.00015186110977083445,0.9999798536300659,-10.875151634216309,1.892512409540359e-05
1061,Burger King® Restaurants Partner With DC’s Harley Quinn and the Birds of Prey to Flame-Grill Memories of Your Ex and Emancipate Your Heart This Valentine’s Day,1,neutral,1,neutral,neutral,1,0,Finistral-7B-LoRA,tfns,-9.751070022583008,5.82769607717637e-05,-0.0010700459824874997,0.9996963739395142,-8.313570022583008,0.0002453551860526204
1062,"By diversifying, you reduce the risk of any one company losing value and negatively affecting your portfolio.… https://t.co/fZZP7j69yG",1,neutral,1,neutral,neutral,1,0,Finistral-7B-LoRA,tfns,-9.018416404724121,0.00012123299529775977,-0.14341610670089722,0.8669306039810181,-2.018416166305542,0.1329481154680252
1063,"California must sound the alarm over rising seas, an analyst says https://t.co/vExxAxSA9t",1,neutral,1,neutral,neutral,1,0,Finistral-7B-LoRA,tfns,-2.8560233116149902,0.06590891629457474,-0.23102343082427979,0.9098445177078247,-3.8560233116149902,0.02424653433263302
1064,Can Nostalgia Revive Star Wars?,1,neutral,1,neutral,neutral,1,0,Finistral-7B-LoRA,tfns,-10.750089645385742,2.1444235244416632e-05,-8.976056415122002e-05,0.9999452829360962,-10.312589645385742,3.3213476854143664e-05
1065,"Car Rams Israelis, Palestinians Die in Post-Trump Plan Violence",1,neutral,0,negative,negative,0,0,Finistral-7B-LoRA,tfns,-0.0007628867751918733,0.9996905326843262,-8.250762939453125,0.0002611776872072369,-9.938262939453125,4.831302067032084e-05
1066,Carbon Taxes Alone Aren't Good Climate Policy: Gernot Wagner,1,neutral,1,neutral,neutral,1,0,Finistral-7B-LoRA,tfns,-8.000367164611816,0.00033534987596794963,-0.0003669780562631786,0.9996639490127563,-14.187867164611816,6.891298767186527e-07
1067,"Carolina Panthers owner David Tepper is close to adding another sports team to his empire, as Major League Soccer m… https://t.co/dvCe5VNlmL",1,neutral,1,neutral,neutral,1,0,Finistral-7B-LoRA,tfns,-14.062630653381348,7.811387945366732e-07,-0.00013064485392533243,0.999987006187439,-11.312630653381348,1.22190658657928e-05
1068,"Cash is king, and these investors are hoarding it in case of a recession 
https://t.co/YQemHWVfpv",1,neutral,1,neutral,neutral,1,0,Finistral-7B-LoRA,tfns,-3.3634512424468994,0.03513196110725403,-0.050951261073350906,0.9645013809204102,-7.9259514808654785,0.0003666349221020937
1069,CDC: 6 Confirmed coronavirus cases in U.S.,1,neutral,1,neutral,neutral,1,0,Finistral-7B-LoRA,tfns,-6.0665059089660645,0.0023220316506922245,-0.004006099421530962,0.9971912503242493,-7.6290059089660645,0.00048672434058971703
1070,CH Robinson's Growth Is Fueled By Tech Investment,1,neutral,2,positive,positive,0,0,Finistral-7B-LoRA,tfns,-14.500054359436035,5.04345734952949e-07,-12.625054359436035,3.288747393526137e-06,-5.4238757002167404e-05,0.9999961853027344
1071,"China Gangs Spreading Rumors to Exploit Pork Crisis, Report Says",1,neutral,1,neutral,neutral,1,0,Finistral-7B-LoRA,tfns,-5.2553391456604,0.005220058374106884,-0.00533893471583724,0.9947670698165894,-11.255338668823242,1.2939231055497658e-05
1072,China Today Is Like Japan In 1989 https://t.co/xsAIxibRYL,1,neutral,1,neutral,neutral,1,0,Finistral-7B-LoRA,tfns,-7.763406276702881,0.00042547829798422754,-0.3884061276912689,0.6788897514343262,-1.1384061574935913,0.3206848204135895
1073,China Scrutinizes U.S. Bid to Control Chinese Chipmaker,1,neutral,0,negative,negative,0,0,Finistral-7B-LoRA,tfns,-0.002608351642265916,0.9997168183326721,-8.190108299255371,0.0002780295326374471,-12.190108299255371,5.092288574815029e-06
1074,China’s Drug Patent Grab Makes Coronavirus Scary for Pharma,1,neutral,0,negative,negative,0,0,Finistral-7B-LoRA,tfns,-0.00016497205069754273,0.9999974966049194,-15.312664985656738,2.2380237396646407e-07,-13.000164985656738,2.260323753944249e-06
1075,"China’s IP crackdown, pro-democracy forces win big in Hong Kong, and big M&A news. Here’s what’s moving markets https://t.co/w0sI8qpNU0",1,neutral,1,neutral,neutral,1,0,Finistral-7B-LoRA,tfns,-12.8750581741333,2.5612764602556126e-06,-5.8053239627042785e-05,0.999995231628418,-13.0000581741333,2.260318751723389e-06
1076,Chinese Ambassador to EU Says Economic Impact of Virus Is Limited,1,neutral,1,neutral,neutral,1,0,Finistral-7B-LoRA,tfns,-11.750435829162598,7.88626402936643e-06,-0.00043561504571698606,0.9996121525764465,-7.875435829162598,0.0003799815312959254
1077,Choking Haze Is Turning Sydney Into the World’s Laboratory,1,neutral,1,neutral,neutral,1,0,Finistral-7B-LoRA,tfns,-15.187507629394531,2.536015415444126e-07,-7.510157047363464e-06,0.9999984502792358,-13.562507629394531,1.287894860979577e-06
1078,Consummate New York City insider Kriegel dies at 79 https://t.co/iCYz8QnhNV,1,neutral,1,neutral,neutral,1,0,Finistral-7B-LoRA,tfns,-10.312653541564941,3.321367330499925e-05,-0.00015341058315243572,0.9999511241912842,-11.062653541564941,1.568902916915249e-05
1079,CoreCivic : Inmate Students Earn College Degrees from Ashland University #CoreCivic #Stock #MarketScreener… https://t.co/ZjvZFvLif6,1,neutral,1,neutral,neutral,1,0,Finistral-7B-LoRA,tfns,-12.404871940612793,4.099053512618411e-06,-0.029872257262468338,0.9706838130950928,-3.529872179031372,0.02931211329996586
1080,"Coronavirus case tally: 565 deaths, 28,256 cases",1,neutral,1,neutral,neutral,1,0,Finistral-7B-LoRA,tfns,-7.126051902770996,0.0008040037355385721,-0.0010517071932554245,0.999093770980835,-9.188551902770996,0.00010221760021522641
1081,"Coronavirus continues to spread, retailers are feeling the impact",1,neutral,0,negative,negative,0,0,Finistral-7B-LoRA,tfns,-5.376194530981593e-05,0.9999911785125732,-11.937553405761719,6.540421964018606e-06,-13.000053405761719,2.260309429402696e-06
1082,Coronavirus Threat Looms Over Fragile African Health Systems,1,neutral,0,negative,negative,0,0,Finistral-7B-LoRA,tfns,-0.0002675890573300421,0.9999748468399048,-12.50026798248291,3.726559498318238e-06,-10.75026798248291,2.1444868252729066e-05
1083,Create a Song in the Palm of Your Hand With Orba by Artiphon,1,neutral,1,neutral,neutral,1,0,Finistral-7B-LoRA,tfns,-15.500024795532227,1.8553637914919818e-07,-2.47952248173533e-05,0.9999850988388062,-11.125024795532227,1.4738979189132806e-05
1084,CVC/European football: round numbers https://t.co/SBZqSrERpS,1,neutral,1,neutral,neutral,1,0,Finistral-7B-LoRA,tfns,-11.750080108642578,7.889216249168385e-06,-8.05822346592322e-05,0.9999862909317017,-12.062580108642578,5.7718739299161825e-06
1085,Daily Insider Ratings Round Up 12/2/19. Subscribe to Seeking Alpha for more: https://t.co/5yEVpyN3jt #trading #investing #economy,1,neutral,1,neutral,neutral,1,0,Finistral-7B-LoRA,tfns,-11.56258487701416,9.515892998024356e-06,-8.535020606359467e-05,0.9999527931213379,-10.18758487701416,3.7636087654391304e-05
1086,"David Vélez founded Nubank to offer financial services to Brazilians who had never had a bank account before. Now,… https://t.co/S665GCSUwu",1,neutral,1,neutral,neutral,1,0,Finistral-7B-LoRA,tfns,-12.688246726989746,3.0873020477883983e-06,-0.0007463291985914111,0.9992873072624207,-7.250746250152588,0.000709668209310621
1087,Death of a Hero Doctor Sparks Crisis of Confidence in Xi’s China,1,neutral,0,negative,negative,0,0,Finistral-7B-LoRA,tfns,-0.00024637524620629847,0.999980092048645,-11.250246047973633,1.3007038432988338e-05,-11.875246047973633,6.962166025914485e-06
1088,"Dennis Gartman, who’s closing down his daily newsletter, had some parting advice for investors: sell https://t.co/GwcaDQjWJJ",1,neutral,0,negative,negative,0,0,Finistral-7B-LoRA,tfns,-0.0005912224878557026,0.9997455477714539,-9.250591278076172,9.608719847165048e-05,-8.750591278076172,0.0001584209967404604
1089,"Desalination can provide safe drinking water, but it also creates other environmental concerns like brine. Watch th… https://t.co/yLIMmQdmp5",1,neutral,1,neutral,neutral,1,0,Finistral-7B-LoRA,tfns,-14.250011444091797,6.475946747741546e-07,-1.1324817933200393e-05,0.9999991655349731,-15.625011444091797,1.637375675045405e-07
1090,"Despite the Talk of Coal’s Demise, It Still Powers the World",1,neutral,2,positive,positive,0,0,Finistral-7B-LoRA,tfns,-14.687667846679688,4.1811810547187633e-07,-13.500167846679688,1.3709565109820687e-06,-0.00016819016309455037,0.9999980926513672
1091,Do money woes leave you sleepless? You’re not alone. Here are the money fears that keep people awake at night.… https://t.co/56kJBsl625,1,neutral,1,neutral,neutral,1,0,Finistral-7B-LoRA,tfns,-9.312641143798828,9.028037311509252e-05,-0.00014137222024146467,0.999909520149231,-15.562641143798828,1.7428210696834867e-07
1092,Do U.S. consumers still have enough disposable income to drive growth? Bloomberg's Vincent Cignarella discusses… https://t.co/yWZOqTa1Tj,1,neutral,1,neutral,neutral,1,0,Finistral-7B-LoRA,tfns,-7.376143932342529,0.0006260962691158056,-0.0011438739020377398,0.9989941716194153,-7.876143932342529,0.0003797466342803091
1093,Do you believe in a Santa rally? https://t.co/1NMmDSiQ6A,1,neutral,1,neutral,neutral,1,0,Finistral-7B-LoRA,tfns,-9.068010330200195,0.00011531430209288374,-0.0055106161162257195,0.9946651458740234,-5.2555108070373535,0.005219523794949055
1094,Do you qualify as a business owner? Here's what you need to know before applying for a business credit card. https://t.co/DDDXvyqMSp,1,neutral,1,neutral,neutral,1,0,Finistral-7B-LoRA,tfns,-17.250009536743164,3.224186784223093e-08,-8.821448318485636e-06,1.0,-17.750009536743164,1.9555681518568235e-08
1095,Does the stock market even need a U.S.-China trade deal with the jobs report this hot? https://t.co/WZnyfq6jp8,1,neutral,2,positive,positive,0,0,Finistral-7B-LoRA,tfns,-12.250069618225098,4.784998509421712e-06,-10.812569618225098,2.014559504459612e-05,-6.997340824455023e-05,0.9999750852584839
1096,"Don't be a Turkey
Only Price Pays! https://t.co/Z44GkSaAgM",1,neutral,1,neutral,neutral,1,0,Finistral-7B-LoRA,tfns,-3.9011995792388916,0.02028309926390648,-0.02619953826069832,0.9772944450378418,-6.0261993408203125,0.0024224708322435617
1097,Duke University was built on a tobacco fortune. Now a tense showdown over college vaping and its health risks is ro… https://t.co/W38Vt442IL,1,neutral,1,neutral,neutral,1,0,Finistral-7B-LoRA,tfns,-10.625077247619629,2.4300190489157103e-05,-7.712543447269127e-05,0.9999736547470093,-13.125077247619629,1.9946812699345173e-06
1098,Eaton Vance was one of my favorite fundamental finds to start 2019..gets little recognition but simple thematic pla… https://t.co/3EW07tiRJj,1,neutral,1,neutral,neutral,1,0,Finistral-7B-LoRA,tfns,-14.187616348266602,6.893255886097904e-07,-0.00011622230522334576,0.9999479055404663,-9.875116348266602,5.1442180847516283e-05
1099,Elevated Valuations Are New Normal In PE: Karen Davies (Radio),1,neutral,1,neutral,neutral,1,0,Finistral-7B-LoRA,tfns,-12.812690734863281,2.7261914965492906e-06,-0.0001908358681248501,0.9998949766159058,-9.187690734863281,0.0001022995711537078
1100,Enfindus sceglie gli inverter SolarEdge per 1 GW di progetti fotovoltaici in Europa,1,neutral,1,neutral,neutral,1,0,Finistral-7B-LoRA,tfns,-12.00235366821289,6.133725037216209e-06,-0.0023539948742836714,0.9982931017875671,-6.377354145050049,0.0017007120186462998
1101,Equity rotations and the value of industrials https://t.co/OCR2NRSE87,1,neutral,1,neutral,neutral,1,0,Finistral-7B-LoRA,tfns,-10.438870429992676,2.9304344934644178e-05,-0.0013704441953450441,0.9997252821922302,-8.313870429992676,0.00024536228738725185
1102,Europe is set to stake its economic future on an environmental clean-up that will overhaul the way the world’s bigg… https://t.co/slU8gPy5AE,1,neutral,1,neutral,neutral,1,0,Finistral-7B-LoRA,tfns,-12.750985145568848,2.899668061218108e-06,-0.000985017861239612,0.9990860223770142,-7.000985145568848,0.0009110485552810133
1103,Evacuation of Canadians from Virus Zone Is ‘Underway’ in China,1,neutral,1,neutral,neutral,1,0,Finistral-7B-LoRA,tfns,-15.000015258789062,3.0590157962251396e-07,-1.5258672647178173e-05,0.999997615814209,-13.062515258789062,2.123377953466843e-06
1104,"Everybody likes a deal, and now some investors have decided that means they like junk bonds. https://t.co/jTwZwrqL9c",1,neutral,1,neutral,neutral,1,0,Finistral-7B-LoRA,tfns,-8.806880950927734,0.00014999709674157202,-0.18188102543354034,0.835358202457428,-1.806881070137024,0.16449177265167236
1105,Ex-JPMorgan Banker’s Career Gamble Pays Off in Muni-Bond Blitz,1,neutral,2,positive,positive,0,0,Finistral-7B-LoRA,tfns,-13.250447273254395,1.760046302479168e-06,-8.687947273254395,0.00016865244833752513,-0.00044764988706447184,0.9998295307159424
1106,Expense report fraud opening the door to bigger financial losses,1,neutral,0,negative,negative,0,0,Finistral-7B-LoRA,tfns,-0.00010489867418073118,0.9999898672103882,-14.250104904174805,6.475887062151742e-07,-11.562604904174805,9.516245881968644e-06
1107,Explains the recent put buying or part of the reason?,1,neutral,0,negative,negative,0,0,Finistral-7B-LoRA,tfns,-0.0011535187950357795,0.9990726709365845,-9.001153945922852,0.00012329536548350006,-7.126153469085693,0.0008039867971092463
1108,"EY has put 100 jobs in its financial consulting unit at risk of redundancy
https://t.co/d63wR7xMfR",1,neutral,0,negative,negative,0,0,Finistral-7B-LoRA,tfns,-4.911301948595792e-05,0.9999865293502808,-11.687548637390137,8.398029422096442e-06,-12.187548637390137,5.093662366562057e-06
1109,"Fed Inequality, China IP Crackdown, Canada Rail Strike: Eco Day",1,neutral,1,neutral,neutral,1,0,Finistral-7B-LoRA,tfns,-0.6331470608711243,0.5312052369117737,-0.7581470608711243,0.46878695487976074,-11.758147239685059,7.829538844816852e-06
1110,Federal Prohibition Of Cannabis (Not Vitamin E Acetate) Is The Real Cause Of The Vaping Crisis,1,neutral,1,neutral,neutral,1,0,Finistral-7B-LoRA,tfns,-13.37501049041748,1.5534973272224306e-06,-1.0132738680113107e-05,0.9999980926513672,-14.81251049041748,3.689879122248385e-07
1111,FedEx CEO calls out NYT over tax bill report,1,neutral,1,neutral,neutral,1,0,Finistral-7B-LoRA,tfns,-2.4471237659454346,0.08998436480760574,-0.13462378084659576,0.9088099002838135,-6.759624004364014,0.0012057911371812224
1112,FedEx CEO hits back at New York Times tax-bill exposé,1,neutral,1,neutral,neutral,1,0,Finistral-7B-LoRA,tfns,-3.372612476348877,0.03919271007180214,-0.24761246144771576,0.892021894454956,-2.810112476348877,0.06878534704446793
1113,Financial Planning Just Got A Whole Lot Harder. Subscribe to Seeking Alpha for more: https://t.co/Q9ZQPgCQjK… https://t.co/UGPLharNlL,1,neutral,1,neutral,neutral,1,0,Finistral-7B-LoRA,tfns,-8.562789916992188,0.00019110296852886677,-0.00028975578607060015,0.9998019337654114,-11.875289916992188,6.960925475141266e-06
1114,Flu Season Is Starting Off Early: 10 Things You Need to Know,1,neutral,1,neutral,neutral,1,0,Finistral-7B-LoRA,tfns,-8.001351356506348,0.0003353292995598167,-0.0013512775767594576,0.9996026158332825,-9.688851356506348,6.202968506840989e-05
1115,For every winner....  https://t.co/1pm4UFoCE2,1,neutral,1,neutral,neutral,1,0,Finistral-7B-LoRA,tfns,-10.375188827514648,3.119909524684772e-05,-0.00018892886873800308,0.9998785257339478,-9.312688827514648,9.027757914736867e-05
1116,Foroohar: 2020 Election Poses Risk To Silicon Valley Tech Giants. Get more updates here: https://t.co/9UzZfKJoGd #business #finance #economy,1,neutral,0,negative,negative,0,0,Finistral-7B-LoRA,tfns,-0.03006557561457157,0.9706662893295288,-3.5300655364990234,0.029311582446098328,-10.717565536499023,2.2158874344313517e-05
1117,France's Richest Man Gets a Free Lunch From the ECB,1,neutral,1,neutral,neutral,1,0,Finistral-7B-LoRA,tfns,-6.7521748542785645,0.0011688228696584702,-0.002174633787944913,0.9982434511184692,-7.4396748542785645,0.0005877210642211139
1118,"Frank Barlow, former Pearson chief executive, 1930-2019 https://t.co/JZE8bGgJct",1,neutral,1,neutral,neutral,1,0,Finistral-7B-LoRA,tfns,-10.438213348388672,2.9309934689081274e-05,-0.0007136897183954716,0.9999159574508667,-9.813213348388672,5.4758165788371116e-05
1119,Free agent Antonio Brown says it&apos;s time to ghost white women,1,neutral,1,neutral,neutral,1,0,Finistral-7B-LoRA,tfns,-10.375079154968262,3.120179462712258e-05,-7.950943836476654e-05,0.9999650716781616,-12.500079154968262,3.7265231185301673e-06
1120,"French Private Equity Has a Problem With Equality, Firms Warned",1,neutral,0,negative,negative,0,0,Finistral-7B-LoRA,tfns,-0.0004520586517173797,0.9996939897537231,-8.125452041625977,0.00029595414525829256,-11.500452041625977,1.0126992492587306e-05
1121,Fresh tensions over USMCA enforcement?,1,neutral,0,negative,negative,0,0,Finistral-7B-LoRA,tfns,-0.5773584842681885,0.5619904398918152,-0.8273584842681885,0.43767860531806946,-8.01485824584961,0.0003308748418930918
1122,"Friendship doesn't only make you happier — a good friend is worth more than $150,000. Here's why.… https://t.co/SrVlBcVoI3",1,neutral,1,neutral,neutral,1,0,Finistral-7B-LoRA,tfns,-15.312854766845703,2.2372782382262812e-07,-0.00035446559195406735,0.9996644258499146,-8.000354766845703,0.00033535005059093237
1123,"From the turkey and casseroles to the mashed potatoes, here's a helpful guide detailing the TSA-approved items you… https://t.co/nHdZIH6Zoj",1,neutral,1,neutral,neutral,1,0,Finistral-7B-LoRA,tfns,-16.750009536743164,5.3157830137706696e-08,-9.417489309271332e-06,0.9999995231628418,-14.562509536743164,4.737905499041517e-07
1124,"From Trump to Bolsonaro, Climate Skeptics Stir Green Activism",1,neutral,1,neutral,neutral,1,0,Finistral-7B-LoRA,tfns,-5.628913879394531,0.0035934592597186565,-0.003913958556950092,0.9963666200637817,-10.128913879394531,3.991972334915772e-05
1125,Germany: Consumption Is The New Export. Get more info on Seeking Alpha: https://t.co/uNytzzpWSE #trading #stocks #stockmarket,1,neutral,1,neutral,neutral,1,0,Finistral-7B-LoRA,tfns,-9.079568862915039,0.00011407569400034845,-0.017069216817617416,0.9839813113212585,-4.142069339752197,0.01590457744896412
1126,Get LIVE #analysis of the #equitymarkets featuring sophisticated #investing and #swingtrading ideas. Totally… https://t.co/gbWGLEa611,1,neutral,1,neutral,neutral,1,0,Finistral-7B-LoRA,tfns,-12.062883377075195,5.770315055997344e-06,-0.0003829461056739092,0.9997162222862244,-8.187883377075195,0.0002780293580144644
1127,Goldperson Sachs,1,neutral,1,neutral,neutral,1,0,Finistral-7B-LoRA,tfns,-5.825686454772949,0.002952176844701171,-0.01318639237433672,0.9873679280281067,-4.638186454772949,0.009679815731942654
1128,Got a tip? Click for a secure and anonymous link to Bloomberg reporters https://t.co/dPwBoTbrNr https://t.co/BY9EdJI9rE,1,neutral,1,neutral,neutral,1,0,Finistral-7B-LoRA,tfns,-9.438543319702148,7.966376870172098e-05,-0.0010436094598844647,0.9998044371604919,-9.063543319702148,0.00011591011570999399
1129,"Gundlach: ""those cynics out there who call it quantitative easing, they do have a point""",1,neutral,1,neutral,neutral,1,0,Finistral-7B-LoRA,tfns,-10.375139236450195,3.120188557659276e-05,-0.00013910756388213485,0.9999679327011108,-14.000139236450195,8.315020636473491e-07
1130,"Guyana defends Exxon deal, attacks critics",1,neutral,2,positive,positive,0,0,Finistral-7B-LoRA,tfns,-11.254209518432617,1.296586196986027e-05,-5.754209518432617,0.0031726418528705835,-0.004209586419165134,0.9968144297599792
1131,Hannah Elliott on the Future of Luxury Cars (Podcast),1,neutral,1,neutral,neutral,1,0,Finistral-7B-LoRA,tfns,-15.875076293945312,1.2751506517361122e-07,-7.593343616463244e-05,0.9999686479568481,-10.375076293945312,3.12019074044656e-05
1132,Has bitcoin become 'digital gold?' @KitcoNewsNOW sat down with @mikemcglone11:  https://t.co/Sg3a5Xwpfj,1,neutral,1,neutral,neutral,1,0,Finistral-7B-LoRA,tfns,-14.000157356262207,8.31523777833354e-07,-0.0001578206429257989,0.9999940395355225,-12.187657356262207,5.093700565339532e-06
1133,"Has Disney's ""Star Wars"" Acquisition Been a Failure?",1,neutral,1,neutral,neutral,1,0,Finistral-7B-LoRA,tfns,-4.758667469024658,0.008577374741435051,-0.008667349815368652,0.9914097189903259,-11.2586669921875,1.2895560757897329e-05
1134,"Have a great weekened everyone !!! Dont forget : It’s good to have money and the things that money can buy, but it’… https://t.co/echs3JqWSX",1,neutral,1,neutral,neutral,1,0,Finistral-7B-LoRA,tfns,-13.687620162963867,1.136493210651679e-06,-0.00012039413559250534,0.9999368190765381,-9.687620162963867,6.205042154761031e-05
1135,Health insurance industry eyes federal aid amid coronavirus pandemic https://t.co/xyXJtq7gwE by @AnjKhem and… https://t.co/kaopnmSfQW,1,neutral,1,neutral,neutral,1,0,Finistral-7B-LoRA,tfns,-7.5635199546813965,0.0005192056414671242,-0.0010200303513556719,0.9992897510528564,-8.563520431518555,0.00019100507779512554
1136,"Heavy coffee drinkers live longer, study says. ☕: https://t.co/90JAiq6Dpo https://t.co/dZAiT3pjsb",1,neutral,2,positive,positive,0,0,Finistral-7B-LoRA,tfns,-11.0643892288208,1.566286664456129e-05,-6.376889228820801,0.001700695836916566,-0.0018893502419814467,0.9982836246490479
1137,"Hedge Fund CIO: ""We Are Playing The Game Called Institutional Investor"" https://t.co/oiQjnbJBj7",1,neutral,1,neutral,neutral,1,0,Finistral-7B-LoRA,tfns,-14.312511444091797,6.083583912186441e-07,-1.1086402082582936e-05,0.9999983310699463,-13.812511444091797,1.0030133807958919e-06
1138,"Helping to build new airports was a natural next step in creating a better flying experience for customers, says De… https://t.co/n67VG7MVhr",1,neutral,2,positive,positive,0,0,Finistral-7B-LoRA,tfns,-15.625141143798828,1.6372291611332912e-07,-9.312641143798828,9.028038766700774e-05,-0.00014101465058047324,0.9999096393585205
1139,Here is the 30th Most Popular Stocks Among 752 Hedge Funds,1,neutral,1,neutral,neutral,1,0,Finistral-7B-LoRA,tfns,-9.267101287841797,9.457392297917977e-05,-0.01710144430398941,0.984000563621521,-4.142101287841797,0.01590488851070404
1140,Here’s how to get married in style https://t.co/BLvOGQSyrR,1,neutral,1,neutral,neutral,1,0,Finistral-7B-LoRA,tfns,-13.562612533569336,1.2878549568995368e-06,-0.00011216964776394889,0.9999674558639526,-10.375112533569336,3.120187102467753e-05
1141,"Here's why British comedian Sacha Baron Cohen calls social media ""the greatest propaganda machine in history"" https://t.co/fJ2EAQEAmF",1,neutral,1,neutral,neutral,1,0,Finistral-7B-LoRA,tfns,-6.251945972442627,0.0019267325988039374,-0.0019459851318970323,0.9980721473693848,-13.689446449279785,1.1343739743097103e-06
1142,Here's Why You Need To Hedge Your Stock Investments - Seeking Alpha,1,neutral,1,neutral,neutral,1,0,Finistral-7B-LoRA,tfns,-12.062708854675293,5.771891665062867e-06,-0.0002087136817863211,0.99998939037323,-12.250208854675293,4.785066721524345e-06
1143,"Highlight: ""An authentic digital presence is what makes you different and what you have to offer that other people… https://t.co/Ba7fCa7R5v",1,neutral,1,neutral,neutral,1,0,Finistral-7B-LoRA,tfns,-15.625031471252441,1.637372832874462e-07,-3.182837463100441e-05,0.9999973773956299,-12.937531471252441,2.406101657470572e-06
1144,"Highlight: ""This year, you've had three things in your favor,"" @amundipioneer says about the high-yield bond market… https://t.co/ywPLWmNHWb",1,neutral,1,neutral,neutral,1,0,Finistral-7B-LoRA,tfns,-10.281970024108887,3.4271914046257734e-05,-0.28197014331817627,0.7548891305923462,-1.4069701433181763,0.24507661163806915
1145,Highlight: @bankrategreg on why Americans are behind on their retirement savings: https://t.co/bKazTWGZvB,1,neutral,1,neutral,neutral,1,0,Finistral-7B-LoRA,tfns,-2.127127170562744,0.11920252442359924,-0.12712721526622772,0.8807941675186157,-12.627127647399902,3.2824143545440165e-06
1146,Highlight: @jessicaasmith8 on new legislation related to insider trading: “Right now there is no specific insider t… https://t.co/DKxVVEWgIK,1,neutral,1,neutral,neutral,1,0,Finistral-7B-LoRA,tfns,-15.562507629394531,1.7429769627597125e-07,-7.986990567587782e-06,0.999998927116394,-13.937507629394531,8.851567372403224e-07
1147,Highlight: @julialaroche breaks down Jamie Dimon's letter to $JPM shareholders: https://t.co/x527rcLWml,1,neutral,1,neutral,neutral,1,0,Finistral-7B-LoRA,tfns,-13.312668800354004,1.6536312159587396e-06,-0.00016878610767889768,0.9999630451202393,-10.250168800354004,3.5356195439817384e-05
1148,"Highlight: “I think it does give him more leverage in the trade war,” @rickjnewman says about the jobs report being… https://t.co/N46Fd7Y4Eq",1,neutral,1,neutral,neutral,1,0,Finistral-7B-LoRA,tfns,-8.766469955444336,0.00015591646661050618,-0.016470422968268394,0.9839402437210083,-4.141470432281494,0.015903912484645844
1149,Highlight: “Kin is actually designed to deliver a feeling at the bar. It’s the first non-alcoholic beverage that’s… https://t.co/h5zMXyU2sg,1,neutral,1,neutral,neutral,1,0,Finistral-7B-LoRA,tfns,-14.437516212463379,5.368736424316012e-07,-1.585470999998506e-05,0.9999969005584717,-12.875016212463379,2.561280780355446e-06
1150,"Highlight: “The average investor is already trading probably for free right now,” @spyjared says about the Schwab-T… https://t.co/cVauFbGE1W",1,neutral,1,neutral,neutral,1,0,Finistral-7B-LoRA,tfns,-10.25881290435791,3.505299537209794e-05,-0.008813291788101196,0.9913877844810486,-4.758813381195068,0.00857718475162983
1151,Highlight: “We have very lean standard operating procedures that can be replicated— and that's the core of any fran… https://t.co/Q2QNWaGV9y,1,neutral,1,neutral,neutral,1,0,Finistral-7B-LoRA,tfns,-12.43848705291748,3.963590643252246e-06,-0.0009870424401015043,0.9991401433944702,-7.0634870529174805,0.0008558972622267902
1152,"Highlight: “When growth is scarce, investors seem very willing to pay up for growth stock"" @PNCBank's… https://t.co/rO4fBOkBG9",1,neutral,2,positive,positive,0,0,Finistral-7B-LoRA,tfns,-10.382341384887695,3.0993087420938537e-05,-5.0073418617248535,0.006692643277347088,-0.007341667544096708,0.9932763576507568
1153,Highlight: “When you don’t have organic growth because of overall economic activity on a global basis kind of being… https://t.co/E9BPwBKx5E,1,neutral,0,negative,negative,0,0,Finistral-7B-LoRA,tfns,-0.10101626068353653,0.9046057462692261,-2.3510162830352783,0.09534473717212677,-9.9135160446167,4.953871393809095e-05
1154,"Highlight: '10 years ago... it was the big reveal at the Super Bowl to see the ads for the first time,â€... https://t.co/MPiTNca3kw",1,neutral,1,neutral,neutral,1,0,Finistral-7B-LoRA,tfns,-16.687538146972656,5.658622725945861e-08,-3.814624506048858e-05,0.9999997615814209,-15.500038146972656,1.855391076333035e-07
1155,Highlight: Fed Chair Jerome Powell shares a few words about Paul Volcker: “He accomplished many things during his l… https://t.co/9GRYrEObjt,1,neutral,1,neutral,neutral,1,0,Finistral-7B-LoRA,tfns,-13.81263542175293,1.0029518762166845e-06,-0.00013541258522309363,0.9999369382858276,-9.68763542175293,6.205042882356793e-05
1156,"Highlight: Miller Tabak + Co. Chief Market Strategist Matt Maley: ""You can never pick the exact low in the market.… https://t.co/hnQkPa1P6u",1,neutral,1,neutral,neutral,1,0,Finistral-7B-LoRA,tfns,-11.437577247619629,1.0783292054838967e-05,-7.760223525110632e-05,0.9999873638153076,-13.187577247619629,1.873855239864497e-06
1157,Highlight: Pictet Asset Management Chief Strategist @luca_paolini on the UK elections: “If the Labour Party does we… https://t.co/BsIJZU3JEb,1,neutral,1,neutral,neutral,1,0,Finistral-7B-LoRA,tfns,-16.000011444091797,1.125350834740857e-07,-1.0967194612021558e-05,0.9999991655349731,-14.12501049041748,7.338209115914651e-07
1158,Highlight: 'What we see as the number one problem right now in implementing some of these AI solutions” in detecti... https://t.co/bn1qMWihcp,1,neutral,1,neutral,neutral,1,0,Finistral-7B-LoRA,tfns,-9.875103950500488,5.1442180847516283e-05,-0.00010394509445177391,0.9999479055404663,-14.312603950500488,6.083276957724593e-07
1159,Hong Kong Protesters Clash With Police as Lam Visits Beijing,1,neutral,0,negative,negative,0,0,Finistral-7B-LoRA,tfns,-0.00019941726350225508,0.9999690055847168,-10.500199317932129,2.753559783741366e-05,-12.562699317932129,3.5007583392143715e-06
1160,"Hong Kong Protesters Get A Win, Setting Stage For Foggy China Relations",1,neutral,2,positive,positive,0,0,Finistral-7B-LoRA,tfns,-4.477672100067139,0.011385775171220303,-2.4776721000671387,0.08413012325763702,-0.10267216712236404,0.9044840931892395
1161,Hong Kong’s anti-government demonstrations have exposed deep schisms within the territory’s Catholic church. ‘We ar… https://t.co/YOiFws0mPz,1,neutral,1,neutral,neutral,1,0,Finistral-7B-LoRA,tfns,-1.9147826433181763,0.148030623793602,-0.16478261351585388,0.8518574833869934,-9.102282524108887,0.0001119077205657959
1162,"How a 29-year-old YouTube millionaire making up to $220,000 a month spends his money. (via @CNBCMakeIt)… https://t.co/G2bYoMnim9",1,neutral,1,neutral,neutral,1,0,Finistral-7B-LoRA,tfns,-15.687520027160645,1.5381667139990896e-07,-2.0503786799963564e-05,0.9999955892562866,-12.375020027160645,4.222832558298251e-06
1163,"How likely is it that the U.S. will enter a recession? Our updating tracker will tell you. 

Sign up to get the lat… https://t.co/5w0lwFHRCF",1,neutral,1,neutral,neutral,1,0,Finistral-7B-LoRA,tfns,-6.5015740394592285,0.0015011614887043834,-0.00157423026394099,0.9984850287437439,-11.189074516296387,1.3825219866703264e-05
1164,"How much you can expect to get from Social Security if you make $45,000 a year #investinyou (In partnership with… https://t.co/TKqvDtWH0t",1,neutral,1,neutral,neutral,1,0,Finistral-7B-LoRA,tfns,-16.5625057220459,6.41206057139243e-08,-4.887569048150908e-06,0.9999998807907104,-16.5000057220459,6.825602838489431e-08
1165,How the world’s biggest companies got millions of people to let temps analyze some very sensitive recordings https://t.co/PlHP1ub2i9,1,neutral,1,neutral,neutral,1,0,Finistral-7B-LoRA,tfns,-9.000261306762695,0.00012338533997535706,-0.0002613918040879071,0.9998018145561218,-9.500261306762695,7.48370002838783e-05
1166,"HP Doesn’t Need Xerox, Which May Have Been the Point",1,neutral,1,neutral,neutral,1,0,Finistral-7B-LoRA,tfns,-6.627084255218506,0.0013245195150375366,-0.0020843464881181717,0.9982959628105164,-7.877084255218506,0.00037948120734654367
1167,'I can't afford that': Woman in student loan limbo since 1997 decries a muddy system,1,neutral,0,negative,negative,0,0,Finistral-7B-LoRA,tfns,-0.2533602714538574,0.7772340774536133,-1.5033602714538574,0.22268129885196686,-9.378360748291016,8.464761049253866e-05
1168,"I got $10,000 more when I negotiated my salary—here's the exact script I used. (via @CNBCMakeIt) https://t.co/M2jCPARYdx",1,neutral,1,neutral,neutral,1,0,Finistral-7B-LoRA,tfns,-8.945734977722168,0.000130357570014894,-0.6332352757453918,0.5311400890350342,-0.7582352757453918,0.46872949600219727
1169,I have some advice for anyone who dares to write about the latest Social Security cost-of-living adjustment: Don’t. https://t.co/MFOCzn0Whx,1,neutral,1,neutral,neutral,1,0,Finistral-7B-LoRA,tfns,-7.5005950927734375,0.0005527775501832366,-0.0005951540661044419,0.9994452595710754,-13.125595092773438,1.9936271655751625e-06
1170,I quit caring when a fancy chocolatier near us tried to convince me to try chocolate with horseradish. Seriously. T… https://t.co/csZFMNlhSD,1,neutral,1,neutral,neutral,1,0,Finistral-7B-LoRA,tfns,-12.75002670288086,2.9023101433267584e-06,-2.6940935640595853e-05,0.9999964237213135,-14.18752670288086,6.893590693834994e-07
1171,I Sabotaged My Boss With Ransomware From the Dark Web,1,neutral,1,neutral,neutral,1,0,Finistral-7B-LoRA,tfns,-5.007993221282959,0.006688418798148632,-0.007993139326572418,0.9926493763923645,-7.320493221282959,0.000662243168335408
1172,I think Billions jumped the shark a season ago.,1,neutral,0,negative,negative,0,0,Finistral-7B-LoRA,tfns,-9.548207890475169e-05,0.9999814033508301,-11.75009536743164,7.88917805039091e-06,-11.43759536743164,1.0783228390209842e-05
1173,ICYMI: The famous Rockefeller Center Christmas tree in New York lights up to welcome the holiday season 🎄 https://t.co/Wo7kQwFbns,1,neutral,1,neutral,neutral,1,0,Finistral-7B-LoRA,tfns,-12.827713966369629,2.6887989861279493e-06,-0.20271438360214233,0.817572295665741,-1.702714443206787,0.18242503702640533
1174,"If we ever get back to the moon, we could be living in inflatable habitats. https://t.co/7fMoB4YuYt https://t.co/qPC69ZcD7a",1,neutral,1,neutral,neutral,1,0,Finistral-7B-LoRA,tfns,-15.937530517578125,1.1979248881743843e-07,-3.0397906812140718e-05,0.9999951124191284,-12.250030517578125,4.785094461112749e-06
1175,If you are throwing deep you definitely want to be targeting Blake Jarwin lol,1,neutral,2,positive,positive,0,0,Finistral-7B-LoRA,tfns,-8.280309677124023,0.0002548128250055015,-3.7178092002868652,0.024416865780949593,-0.03030928038060665,0.975328266620636
1176,If you make your dream a priority long enough... it comes true. https://t.co/mk5TSWxly6,1,neutral,2,positive,positive,0,0,Finistral-7B-LoRA,tfns,-11.317001342773438,1.219553996634204e-05,-2.1295013427734375,0.11920146644115448,-0.1295013129711151,0.8807862997055054
1177,"In 1994, #Rwanda faced the Tutsi genocide claiming the lives  of 1m+ people. In the aftermath, several @WBG_IDA pro… https://t.co/PkgnSSSe7D",1,neutral,1,neutral,neutral,1,0,Finistral-7B-LoRA,tfns,-3.6527702808380127,0.025956276804208755,-0.02777019329369068,0.9740021228790283,-10.090270042419434,4.154049383942038e-05
1178,In case you need another reason to delete your Facebook: https://t.co/SGVxYSwjo0,1,neutral,0,negative,negative,0,0,Finistral-7B-LoRA,tfns,-0.00015793983766343445,0.9999860525131226,-15.562658309936523,1.7429545096092625e-07,-11.187658309936523,1.384600363962818e-05
1179,Industry Experts at Infiniti Research Weigh the Pros and Cons of Medical Device Outsourcing in Their Latest Article,1,neutral,1,neutral,neutral,1,0,Finistral-7B-LoRA,tfns,-16.125015258789062,9.931191158329966e-08,-1.4662635294371285e-05,0.9999996423721313,-15.062514305114746,2.8736849344568327e-07
1180,Infrastructure Funds: Definition and Examples,1,neutral,1,neutral,neutral,1,0,Finistral-7B-LoRA,tfns,-16.31251335144043,8.233246262534522e-08,-1.3112935448589269e-05,0.9999996423721313,-15.18751335144043,2.5360185418321635e-07
1181,Inovalon’s stock renaissance returns CEO to the billionaire club https://t.co/0ebuLqVjDs,1,neutral,2,positive,positive,0,0,Finistral-7B-LoRA,tfns,-16.312545776367188,8.233241288735371e-08,-14.000045776367188,8.315279274029308e-07,-4.5536911784438416e-05,0.9999990463256836
1182,Internet Initiative Japan reports 9M results,1,neutral,1,neutral,neutral,1,0,Finistral-7B-LoRA,tfns,-8.313980102539062,0.00024508259957656264,-0.0014804366510361433,0.9985857009887695,-6.751480579376221,0.0011692235711961985
1183,Investors shrugged off a WSJ report that said the US and China are working on a deal to delay the next round of Ame… https://t.co/D4CJFfE98t,1,neutral,2,positive,positive,0,0,Finistral-7B-LoRA,tfns,-7.2567949295043945,0.0007054785382933915,-5.1317949295043945,0.005906898993998766,-0.00679480005055666,0.9933876991271973
1184,"Iran to Seek Advanced Arms as UN Embargo Expires, Pentagon Says",1,neutral,0,negative,negative,0,0,Finistral-7B-LoRA,tfns,-0.022507568821310997,0.9844719767570496,-4.210007667541504,0.01494841743260622,-7.460007667541504,0.0005796130280941725
1185,Is Inflation Really Under Control? https://t.co/B86ntFUj2h,1,neutral,1,neutral,neutral,1,0,Finistral-7B-LoRA,tfns,-4.387619972229004,0.012431267648935318,-0.012619993649423122,0.9875378608703613,-10.387619972229004,3.0814033380011097e-05
1186,Is it really possible that only 14% of families own stocks outright? @JimCramer has a few reasons:  https://t.co/pxA4SfyBtM,1,neutral,1,neutral,neutral,1,0,Finistral-7B-LoRA,tfns,-16.31252098083496,8.233248394162729e-08,-2.074220174108632e-05,0.9999998807907104,-18.50002098083496,9.23744902792123e-09
1187,Is Pelosi Rushing Impeachment Because Dems Know They Have Failed?  https://t.co/49HRcpAw7T,1,neutral,1,neutral,neutral,1,0,Finistral-7B-LoRA,tfns,-8.875669479370117,0.00013982171367388219,-0.0006690170848742127,0.9998575448989868,-12.875669479370117,2.5609240310586756e-06
1188,Is Tesla Shoving It In Trump's Face By Producing Cars In China To Skirt Tariffs? https://t.co/9KXPAYNuhr,1,neutral,1,neutral,neutral,1,0,Finistral-7B-LoRA,tfns,-12.375032424926758,4.222828010824742e-06,-3.290122185717337e-05,0.9999945163726807,-13.562532424926758,1.2878898587587173e-06
1189,Is this the end of the road for Uber in London? https://t.co/D8QDe2OkRd,1,neutral,0,negative,negative,0,0,Finistral-7B-LoRA,tfns,-2.5033637939486653e-05,0.999998927116394,-14.187524795532227,6.893607746860653e-07,-14.750024795532227,3.9278592112168553e-07
1190,It doesn't pay to be a stock picker anymore. https://t.co/amkOz3dTxj https://t.co/6e50u9TPuU,1,neutral,0,negative,negative,0,0,Finistral-7B-LoRA,tfns,-0.005505992565304041,0.9947403073310852,-5.2555060386657715,0.005219917744398117,-10.130505561828613,3.9854559872765094e-05
1191,"It's cold outside, but White Claw summer lives on https://t.co/4JdNqODTOj",1,neutral,1,neutral,neutral,1,0,Finistral-7B-LoRA,tfns,-13.93760871887207,8.85144629592105e-07,-0.00010847456724150106,0.9999852180480957,-11.18760871887207,1.3845991816197056e-05
1192,"Japan Post Probe Finds 9,000 Cases of Missold Insurance: Yomiuri",1,neutral,0,negative,negative,0,0,Finistral-7B-LoRA,tfns,-0.00010108436981681734,0.9999916553497314,-17.93760108947754,1.6212093001399808e-08,-11.687601089477539,8.398072168347426e-06
1193,Jason Garrett’s job security in picture form https://t.co/CBpCNx3Frg,1,neutral,1,neutral,neutral,1,0,Finistral-7B-LoRA,tfns,-5.317690372467041,0.0049053337424993515,-0.0051905871368944645,0.9950799942016602,-11.1301908493042,1.4666681636299472e-05
1194,"John B. Sanfilippo & Son, Inc. Mourns the Passing of Former Chairman and CEO, Jasper B. Sanfilippo, Sr.",1,neutral,0,negative,negative,0,0,Finistral-7B-LoRA,tfns,-2.8481757640838623,0.3287787139415741,-2.2856757640838623,0.5770246386528015,-4.098176002502441,0.09419666230678558
1195,"Joseph Stiglitz, a Nobel-Prize winning economist, says cryptocurrencies should be shut down. Here's why.… https://t.co/qpEnoXPS96",1,neutral,0,negative,negative,0,0,Finistral-7B-LoRA,tfns,-0.004471066873520613,0.9959025979042053,-5.504471302032471,0.004070026334375143,-10.504470825195312,2.7423622668720782e-05
1196,"Just received a full briefing on the tragic shooting at NAS Pensacola in Florida, and spoke to @GovRonDeSantis. My… https://t.co/Em3f4rgehW",1,neutral,1,neutral,neutral,1,0,Finistral-7B-LoRA,tfns,-7.190361976623535,0.0007553895120508969,-0.0028620492666959763,0.9992232322692871,-10.752861976623535,2.1428750187624246e-05
1197,Justin Bieber wants to sell his $8.5 million Beverly Hills home on Instagram. Here's a look inside. (via… https://t.co/kwqjstwso6,1,neutral,1,neutral,neutral,1,0,Finistral-7B-LoRA,tfns,-15.187549591064453,2.5360176891808806e-07,-4.9232225137529895e-05,0.9999992847442627,-14.562549591064453,4.73790436217314e-07
1198,Justin Fox on Christmas's New York Roots (Podcast),1,neutral,1,neutral,neutral,1,0,Finistral-7B-LoRA,tfns,-18.125019073486328,1.3440399904141032e-08,-1.847726889536716e-05,0.9999992847442627,-14.187518119812012,6.893610020597407e-07
1199,Key Events In The Holiday Shortened Week https://t.co/n7Q9OeE5yu,1,neutral,1,neutral,neutral,1,0,Finistral-7B-LoRA,tfns,-8.25073528289795,0.0002611404052004218,-0.0007350126979872584,0.9995477795600891,-8.56323528289795,0.00019105439423583448
1200,"Known as the ""most beautiful café in the world,"" the New York Café is nothing short of spectacular. (PS -- it's not… https://t.co/laxpn15BP7",1,neutral,1,neutral,neutral,1,0,Finistral-7B-LoRA,tfns,-11.76865291595459,7.751045814075042e-06,-0.14365321397781372,0.8670290112495422,-2.018653154373169,0.13296321034431458
1201,Last day to sign up for a discount to our community. Will be limiting alerts and charts here. Price already settled… https://t.co/qFjitpKlKo,1,neutral,1,neutral,neutral,1,0,Finistral-7B-LoRA,tfns,-9.43777084350586,7.966624980326742e-05,-0.00027104519540444016,0.9998354911804199,-9.37527084350586,8.480428368784487e-05
1202,Launch of new generic drugs in U.S. still lags - WSJ,1,neutral,0,negative,negative,0,0,Finistral-7B-LoRA,tfns,-0.00011705666838679463,0.9999926090240479,-12.437617301940918,3.966972599300789e-06,-12.562617301940918,3.5008408758585574e-06
1203,Leaks offer glimpse inside China’s detention camps https://t.co/hqKYf75c5V,1,neutral,1,neutral,neutral,1,0,Finistral-7B-LoRA,tfns,-4.3289947509765625,0.013221309520304203,-0.01649457775056362,0.9866642951965332,-9.078994750976562,0.00011438674118835479
1204,Let’s Talk Donald Trump and Coronavirus,1,neutral,1,neutral,neutral,1,0,Finistral-7B-LoRA,tfns,-11.750028610229492,7.889258995419368e-06,-2.8967437174287625e-05,0.9999916553497314,-14.500028610229492,5.043434612161946e-07
1205,"LISTEN NOW: Trade news is in focus today, as progress is made on the USMCA and China tariffs reportedly could be de… https://t.co/FWS9MkuY65",1,neutral,2,positive,positive,0,0,Finistral-7B-LoRA,tfns,-8.330944061279297,0.00024138164008036256,-2.580944061279297,0.07583986222743988,-0.08094411343336105,0.9239187240600586
1206,Looking for a play on $CVX?  https://t.co/yGYLAiHwO3,1,neutral,1,neutral,neutral,1,0,Finistral-7B-LoRA,tfns,-5.313787460327148,0.0049434080719947815,-0.1887875199317932,0.8313534259796143,-1.8137874603271484,0.16370318830013275
1207,Major League Baseball Is Ushering in a New Era of Sports Streaming,1,neutral,2,positive,positive,0,0,Finistral-7B-LoRA,tfns,-15.000825881958008,3.05685119883492e-07,-7.250826358795166,0.0007096701883710921,-0.0008262557676061988,0.9992899894714355
1208,"Make the Most of Your Retirement with These Top-Ranked Mutual Funds - February 06, 2020",1,neutral,1,neutral,neutral,1,0,Finistral-7B-LoRA,tfns,-11.080565452575684,1.5414678273373283e-05,-0.14306581020355225,0.8670223951339722,-2.018065929412842,0.132962167263031
1209,Man vs. Microbe: We’re Not Ready for the Next Global Virus Outbreak,1,neutral,1,neutral,neutral,1,0,Finistral-7B-LoRA,tfns,-0.9049369692802429,0.40711337327957153,-0.5299369692802429,0.5923464894294739,-7.529936790466309,0.0005401500384323299
1210,Mandiri Warns of Risk to Loan Growth From Virus Outbreak,1,neutral,0,negative,negative,0,0,Finistral-7B-LoRA,tfns,-9.775113539944869e-06,0.9999984502792358,-17.437509536743164,2.6729406243930498e-08,-13.375009536743164,1.5534978956566192e-06
1211,Market Movers: What changed for D-Street while you were sleeping - Economic Times,1,neutral,1,neutral,neutral,1,0,Finistral-7B-LoRA,tfns,-10.187629699707031,3.763484346563928e-05,-0.00012957210128661245,0.9999197721481323,-10.062629699707031,4.264586459612474e-05
1212,Marvel Comics 1 torches record with $1.26M sale at auction https://t.co/ZCIXTnGfPG via @FoxBusiness https://t.co/09Sj0PfU9H,1,neutral,2,positive,positive,0,0,Finistral-7B-LoRA,tfns,-9.567193031311035,7.030070992186666e-05,-8.754693031311035,0.00015842507127672434,-0.004692613612860441,0.9997712969779968
1213,"Meet Bread and Butter, two turkeys slated to receive a presidential pardon this week https://t.co/gVMwhszyuH",1,neutral,1,neutral,neutral,1,0,Finistral-7B-LoRA,tfns,-15.312931060791016,2.237444363117902e-07,-0.00043084874050691724,0.9997386336326599,-8.250431060791016,0.0002611902600619942
1214,Mexico’s former top police official has been arrested in the U.S. for allegedly taking millions in bribes to help t… https://t.co/gumELPl8zp,1,neutral,1,neutral,neutral,1,0,Finistral-7B-LoRA,tfns,-2.075087070465088,0.1323620080947876,-0.20008696615695953,0.8631088137626648,-5.450087070465088,0.004529179539531469
1215,"MILLION DOLLAR MARVEL: The 1939 comic book that laid the groundwork for the Avengers, Spider-Man, and the X-Men has… https://t.co/DfpVefYXH0",1,neutral,1,neutral,neutral,1,0,Finistral-7B-LoRA,tfns,-11.188362121582031,1.3835545360052492e-05,-0.0008617501589469612,0.9992307424545288,-7.188361644744873,0.0007553951581940055
1216,Ministers risk NHS pension tax breach in bid to avert pre-poll crisis https://t.co/hw8VhL3IgU,1,neutral,0,negative,negative,0,0,Finistral-7B-LoRA,tfns,-0.2557274103164673,0.7758954763412476,-1.5057274103164673,0.2222977876663208,-6.318227291107178,0.0018067285418510437
1217,Monday's big rally is premature: financial advisor #economy #MarketScreener https://t.co/Ld6fdzqgQd https://t.co/nqWvTA19gR,1,neutral,1,neutral,neutral,1,0,Finistral-7B-LoRA,tfns,-1.6037793159484863,0.20133273303508759,-0.22877930104732513,0.796286404132843,-6.041279315948486,0.002380853286013007
1218,"More than 140,000 people died from measles last year, according to new estimates from the World Health Organization… https://t.co/hdvfswYuFA",1,neutral,0,negative,negative,0,0,Finistral-7B-LoRA,tfns,-0.07297198474407196,0.9518444538116455,-3.072972059249878,0.047389544546604156,-7.197971820831299,0.0007659806869924068
1219,Mother of Jailed Israeli Appeals to Putin as Netanyahu Stumbles,1,neutral,1,neutral,neutral,1,0,Finistral-7B-LoRA,tfns,-13.375031471252441,1.5534945987383253e-06,-3.194758028257638e-05,0.9999963045120239,-13.062531471252441,2.123374997609062e-06
1220,Mountain America’s Free Adoption Event Saves Over 160 Pets at the Humane Society of Utah  https://t.co/SAkC0zncke,1,neutral,2,positive,positive,0,0,Finistral-7B-LoRA,tfns,-12.9429349899292,2.398468495812267e-06,-5.755434989929199,0.0031726753804832697,-0.005434857215732336,0.9968249797821045
1221,"MURKOWSKI WILL VOTE ``NO'' ON WITNESSES, WASH. POST SAYS",1,neutral,1,neutral,neutral,1,0,Finistral-7B-LoRA,tfns,-5.629593372344971,0.003593298839405179,-0.00459341611713171,0.9963221549987793,-9.379593849182129,8.450628229184076e-05
1222,"My wife is 61 and earns $50,000. I’m 65 and earn $400,000 and will work until 71. Should my wife take her Social Se… https://t.co/XBkIQCDPzD",1,neutral,1,neutral,neutral,1,0,Finistral-7B-LoRA,tfns,-14.500005722045898,5.04347383412096e-07,-5.722029527532868e-06,0.9999994039535522,-15.750005722045898,1.444979460529794e-07
1223,Myanmar Asks Tour Firms to Suspend Services for Chinese Visitors,1,neutral,0,negative,negative,0,0,Finistral-7B-LoRA,tfns,-8.225102646974847e-05,0.9999961853027344,-12.750082015991211,2.902309461205732e-06,-13.812582015991211,1.0030112207459752e-06
1224,National Cattlemen Beef Association of United St : Kansas Corn Encouraged by Bipartisan Ef... #economy… https://t.co/YFY2qzqpWw,1,neutral,1,neutral,neutral,1,0,Finistral-7B-LoRA,tfns,-10.445435523986816,2.90943899017293e-05,-0.07043586671352386,0.9324262142181396,-2.6954357624053955,0.06754472851753235
1225,"NBA should trim schedule to 68 games, says Washington University sports business director https://t.co/GGXMbWQjbV",1,neutral,1,neutral,neutral,1,0,Finistral-7B-LoRA,tfns,-12.187554359436035,5.093675554235233e-06,-5.4238757002167404e-05,0.9999891519546509,-12.062554359436035,5.7718903008208144e-06
1226,NBC’s Today Co-anchors Savannah Guthrie and Hoda Kotb to Be Honored at 2020 Outstanding Mother Awards,1,neutral,2,positive,positive,0,0,Finistral-7B-LoRA,tfns,-14.909340858459473,3.35137173124167e-07,-6.0030903816223145,0.0024726225528866053,-0.0030906074680387974,0.9975270628929138
1227,Nevada casinos record big Super Bowl win,1,neutral,2,positive,positive,0,0,Finistral-7B-LoRA,tfns,-11.937647819519043,6.540396498166956e-06,-12.000147819519043,6.144134204078e-06,-0.00014804698002990335,0.9999872446060181
1228,Never lose sight of the big picture. @JimCramer breaks down how he's approaching a market obsessed with the headlin… https://t.co/L49D4iPLH2,1,neutral,1,neutral,neutral,1,0,Finistral-7B-LoRA,tfns,-11.625199317932129,8.939588042267133e-06,-0.00019941726350225508,0.9999788999557495,-11.312699317932129,1.2218967640365008e-05
1229,New Cortec PE fund biggest winner from latest Texas CDRS pension commitments,1,neutral,2,positive,positive,0,0,Finistral-7B-LoRA,tfns,-13.125174522399902,1.9947281089116586e-06,-14.000174522399902,8.315263357872027e-07,-0.00017414960893802345,0.9999971389770508
1230,New Dungeons & Dragons game announced,1,neutral,2,positive,positive,0,0,Finistral-7B-LoRA,tfns,-12.692301750183105,3.0752530619793106e-06,-5.379802227020264,0.004609558265656233,-0.0048020039685070515,0.9953873753547668
1231,New England Patriots acknowledge team video crew filmed opposing team’s sideline during game https://t.co/Hrrt5qmCsT,1,neutral,0,negative,negative,0,0,Finistral-7B-LoRA,tfns,-0.14595136046409607,0.866783618927002,-2.020951271057129,0.1329255998134613,-8.145951271057129,0.0002907735179178417
1232,New for subscribers:  This mutual fund returned over 400% last decade. Here are the stocks it's betting on now... https://t.co/8H17ZdXvNJ,1,neutral,2,positive,positive,0,0,Finistral-7B-LoRA,tfns,-12.690427780151367,3.0877863537170924e-06,-7.502928256988525,0.0005527769098989666,-0.002928138244897127,0.9994440674781799
1233,New markets for the C-390 Millennium,1,neutral,1,neutral,neutral,1,0,Finistral-7B-LoRA,tfns,-13.250624656677246,1.7594290966371773e-06,-0.0006244616815820336,0.9994789958000183,-7.563124656677246,0.0005193039542064071
1234,New Special Effects Lighting at Aviva Stadium Takes Entertainment Experience to the Next Level,1,neutral,2,positive,positive,0,0,Finistral-7B-LoRA,tfns,-14.125997543334961,7.333318308155867e-07,-7.313498020172119,0.0006667018751613796,-0.0009979988681152463,0.99933260679245
1235,New York Governor Cuomo notes hospitalizations down sharply @Street_Insider $SPY,1,neutral,2,positive,positive,0,0,Finistral-7B-LoRA,tfns,-15.000009536743164,3.0590220490012143e-07,-20.812509536743164,9.146309820629028e-10,-9.65590606938349e-06,0.9999996423721313
1236,"New York Knicks fire head coach David Fizdale, report says https://t.co/SjxbaVIfmR",1,neutral,0,negative,negative,0,0,Finistral-7B-LoRA,tfns,-0.0011931689223274589,0.9995556473731995,-7.751193046569824,0.00043055115384049714,-11.188693046569824,1.3840043720847461e-05
1237,Nintendo Download: Wage War in the World of The Witcher,1,neutral,1,neutral,neutral,1,0,Finistral-7B-LoRA,tfns,-13.687516212463379,1.1365580121491803e-06,-1.6569954823353328e-05,0.9999938011169434,-12.187516212463379,5.09369965584483e-06
1238,"No Insurance Policy? Lisa Page Sues FBI, DOJ For ""Unlawful"" Disclosure Of Strozk Texts https://t.co/0nqyroM0jD",1,neutral,0,negative,negative,0,0,Finistral-7B-LoRA,tfns,-0.026672177016735077,0.9775681495666504,-4.02667236328125,0.01790478639304638,-5.40167236328125,0.004527038894593716
1239,Not every advance in electric-vehicle technology takes place inside the sterile calm of a research laboratory https://t.co/FgNwoVF270,1,neutral,1,neutral,neutral,1,0,Finistral-7B-LoRA,tfns,-13.000045776367188,2.260302835566108e-06,-4.577531944960356e-05,0.9999881982803345,-11.562545776367188,9.516230420558713e-06
1240,Oliver has had this figured out for months.,1,neutral,1,neutral,neutral,1,0,Finistral-7B-LoRA,tfns,-7.471912860870361,0.0005827982677146792,-0.1594129055738449,0.8735678195953369,-2.0969128608703613,0.1258493810892105
1241,"On this day in 1994 Orange County, California filed for bankruptcy protection after interest rate swaps imploded in… https://t.co/NatWmeuiIg",1,neutral,0,negative,negative,0,0,Finistral-7B-LoRA,tfns,-0.00010549465514486656,0.9999865293502808,-12.812605857849121,2.726440925471252e-06,-11.437605857849121,1.0783282959891949e-05
1242,One California teacher says he has learned the hard way how the deck can be stacked against teachers’ retirement sa… https://t.co/DTpFqNo2FO,1,neutral,1,neutral,neutral,1,0,Finistral-7B-LoRA,tfns,-10.937529563903809,1.7778551409719512e-05,-2.992108420585282e-05,0.9999821186065674,-15.687529563903809,1.5381459661512054e-07
1243,One Conscious Objector. Follow this and any other stock on Seeking Alpha! https://t.co/HUiIlURifS #business #finance #investing,1,neutral,1,neutral,neutral,1,0,Finistral-7B-LoRA,tfns,-12.000077247619629,6.144128747109789e-06,-7.688703772146255e-05,0.9999864101409912,-11.812577247619629,7.411234491883079e-06
1244,"One in four mammals are traded internationally – alive and dead, whole and in pieces – by legal operations, crimina… https://t.co/g2yzN2gsD9",1,neutral,1,neutral,neutral,1,0,Finistral-7B-LoRA,tfns,-12.000128746032715,6.144171493360773e-06,-0.00012861855793744326,0.9999933242797852,-14.437628746032715,5.368717097553599e-07
1245,One of the largest coal-fired power plants in the Western US has just closed for good,1,neutral,2,positive,positive,0,0,Finistral-7B-LoRA,tfns,-8.882537841796875,0.00013888640387449414,-5.007537841796875,0.006691921502351761,-0.0075378515757620335,0.9931691884994507
1246,One of the world's rarest butterflies is thriving in an unlikely place: a military artillery range https://t.co/D262xE8iFP,1,neutral,2,positive,positive,0,0,Finistral-7B-LoRA,tfns,-12.131183624267578,5.393914761953056e-06,-5.256183624267578,0.005220097955316305,-0.006183539982885122,0.9947746396064758
1247,Only 35 Shopping Days Until Christmas,1,neutral,1,neutral,neutral,1,0,Finistral-7B-LoRA,tfns,-13.187519073486328,1.8738708149612648e-06,-1.9073304429184645e-05,0.9999957084655762,-12.937519073486328,2.4060977921180893e-06
1248,OPEC Considers Oil Output Cut; Tesla Shuts Stores: Virus Update,1,neutral,2,positive,positive,0,0,Finistral-7B-LoRA,tfns,-9.875417709350586,5.1439565140753984e-05,-9.875417709350586,5.1439565140753984e-05,-0.0004180987598374486,0.9998970031738281
1249,"Pantone's 2020 Color of the Year is Classic Blue, chosen for its calming, reassuring vibes https://t.co/Z0KQG6EDZu",1,neutral,1,neutral,neutral,1,0,Finistral-7B-LoRA,tfns,-13.127971649169922,1.989797510759672e-06,-0.0029717590659856796,0.9975253939628601,-6.002971649169922,0.0024726183619350195
1250,Partnering with Costco is the latest major expansion for Beyond Meat https://t.co/TEcFCWg7Ej,1,neutral,2,positive,positive,0,0,Finistral-7B-LoRA,tfns,-17.375019073486328,2.8453341016643208e-08,-15.187519073486328,2.536018826049258e-07,-1.9430925021879375e-05,0.9999997615814209
1251,Parts with passports: how free trade drives GM's engines,1,neutral,1,neutral,neutral,1,0,Finistral-7B-LoRA,tfns,-14.127864837646484,7.317656240957149e-07,-0.002865258837118745,0.9971983432769775,-5.877865314483643,0.0028009251691401005
1252,Passing The Torch … Or Should I Say The Flashlight App?,1,neutral,1,neutral,neutral,1,0,Finistral-7B-LoRA,tfns,-16.12501335144043,9.93118547398808e-08,-1.2636104656849056e-05,0.9999990463256836,-13.937512397766113,8.851568509271601e-07
1253,Paul Krugman Is More Than One Toke Over The Line https://t.co/SPM4T5j22Y,1,neutral,1,neutral,neutral,1,0,Finistral-7B-LoRA,tfns,-6.005033016204834,0.002472479594871402,-0.005032847169786692,0.997469425201416,-9.755032539367676,5.8147143136011437e-05
1254,"Pearl Harbor vet’s interment to be last on sunken Arizona
https://t.co/kpn5NiTrWC",1,neutral,1,neutral,neutral,1,0,Finistral-7B-LoRA,tfns,-15.781390190124512,1.4005208015532844e-07,-0.00014006110723130405,0.9999984502792358,-13.500140190124512,1.3709569657294196e-06
1255,"Philip Moulin, an expert on counterfeit wine, is charged with keeping bogus Bordeaux and Burgundies out of Berry Br… https://t.co/tstX3Y0f66",1,neutral,1,neutral,neutral,1,0,Finistral-7B-LoRA,tfns,-14.125009536743164,7.338207410612085e-07,-9.298280929215252e-06,0.999998927116394,-14.750009536743164,3.9278592112168553e-07
1256,Pilita Clark: Any employer who can offer sabbatical leave will always be a step ahead of the rest https://t.co/wtvLnRCKOX,1,neutral,1,neutral,neutral,1,0,Finistral-7B-LoRA,tfns,-11.770898818969727,7.728855962341186e-06,-0.020898500457406044,0.9796600937843323,-3.8958985805511475,0.020332196727395058
1257,"Power Rankings: Chicken clash, Crocs comeback & end zone exec — top moments from the week https://t.co/2pd0UX0DBq",1,neutral,1,neutral,neutral,1,0,Finistral-7B-LoRA,tfns,-14.937515258789062,3.2563093554927036e-07,-1.5616295058862306e-05,0.9999988079071045,-13.937515258789062,8.851566235534847e-07
1258,Private equity firms are increasingly turning to an obscure type of loan to fund larger and larger buyouts. That'… https://t.co/DZBVZnwj0C,1,neutral,1,neutral,neutral,1,0,Finistral-7B-LoRA,tfns,-5.379950523376465,0.0046091582626104355,-0.004950528033077717,0.9953010082244873,-9.317450523376465,8.986428292701021e-05
1259,Put Your Smaller Bonus to Better Use on Things That Will Appreciate,1,neutral,1,neutral,neutral,1,0,Finistral-7B-LoRA,tfns,-14.937538146972656,3.256307650190138e-07,-3.790783375734463e-05,0.9999982118606567,-13.437538146972656,1.4593757668990293e-06
1260,Q4 2019 Investment Style Ratings For ETFs And Mutual Funds. Keep reading: https://t.co/ULtBNLURe7 #economy #investing #markets,1,neutral,1,neutral,neutral,1,0,Finistral-7B-LoRA,tfns,-12.500082015991211,3.7266038361849496e-06,-8.165503095369786e-05,0.9999867677688599,-11.562582015991211,9.516216778138187e-06
1261,Qatar Not in Talks Yet With U.A.E. Over Healing Rift,1,neutral,0,negative,negative,0,0,Finistral-7B-LoRA,tfns,-0.008817427791655064,0.9913778305053711,-4.758817195892334,0.008577099069952965,-10.008817672729492,4.5008484448771924e-05
1262,Read like Bill Gates: His 5 picks of 2019 https://t.co/Gyp8FvcuDD,1,neutral,1,neutral,neutral,1,0,Finistral-7B-LoRA,tfns,-15.437520980834961,1.9750439150811872e-07,-2.1219027985353023e-05,0.9999949932098389,-12.250020980834961,4.785093551618047e-06
1263,Real estate secondaries: Deals where ‘both parties walk away happy’,1,neutral,2,positive,positive,0,0,Finistral-7B-LoRA,tfns,-13.513520240783691,1.3547788739742828e-06,-1.1385202407836914,0.3208208680152893,-0.3885202705860138,0.6791777610778809
1264,RECAP 1/31 TRUMPSAYS: THE BEST IS YET TO COME! Live Breaking trading news https://t.co/yChRCoaR8v,1,neutral,2,positive,positive,0,0,Finistral-7B-LoRA,tfns,-12.313313484191895,4.493473170441575e-06,-7.875813961029053,0.000379982782760635,-0.0008138681878335774,0.9996154308319092
1265,Record Demand For Fixed Income ETFs,1,neutral,2,positive,positive,0,0,Finistral-7B-LoRA,tfns,-10.87536334991455,1.8922952222055756e-05,-9.06286334991455,0.00011591714428504929,-0.0003634030872490257,0.9998650550842285
1266,Remastering Volatility: Reducing Noise In Equity Allocations. Read more: https://t.co/EpjNmsSKIM #trading #economy #markets,1,neutral,1,neutral,neutral,1,0,Finistral-7B-LoRA,tfns,-11.750429153442383,7.886927051004022e-06,-0.00042882305569946766,0.9996961355209351,-8.125429153442383,0.0002959547855425626
1267,"Residents play #SocialDistancing Bingo in Dublin, Ireland #COVID19ireland #coronavirus https://t.co/k7MEKlKttQ",1,neutral,1,neutral,neutral,1,0,Finistral-7B-LoRA,tfns,-15.56251335144043,1.7429738363716751e-07,-1.3232143828645349e-05,0.9999971389770508,-12.81251335144043,2.7264700293017086e-06
1268,Resumen: ProAmpac y nkd LIFE son reconocidos en los premios mundiales de la innovación en bebidas,1,neutral,2,positive,positive,0,0,Finistral-7B-LoRA,tfns,-15.187541961669922,2.5359858568663185e-07,-11.250041961669922,1.3007125744479708e-05,-4.160317621426657e-05,0.9999867677688599
1269,"Retail earnings, Fed minutes, impeachment hearings: 3 things to watch for Wednesday",1,neutral,1,neutral,neutral,1,0,Finistral-7B-LoRA,tfns,-11.437542915344238,1.0783276593429036e-05,-4.339123915997334e-05,0.999985933303833,-12.625042915344238,3.2887137422221713e-06
1270,Retirement expert: The 'easiest' crack to fix in the system is workplace access https://t.co/MHHzY6X8Dh by… https://t.co/9sLWOOQsHP,1,neutral,1,neutral,neutral,1,0,Finistral-7B-LoRA,tfns,-14.31252384185791,6.083559469516331e-07,-2.396077979938127e-05,0.9999942779541016,-12.18752384185791,5.093701929581584e-06
1271,"Roger Federer, preparing for life after tennis, buys stake in Swiss sneaker company after Nike contract expires https://t.co/oNmlohXmfL",1,neutral,1,neutral,neutral,1,0,Finistral-7B-LoRA,tfns,-12.937782287597656,2.405612804068369e-06,-0.00028224775451235473,0.9997941851615906,-8.500282287597656,0.0002034264907706529
1272,"Romania's health-care system is one of the worst in Europe, so much so that a team of people took matters into thei... https://t.co/dkQoUmUia4",1,neutral,0,negative,negative,0,0,Finistral-7B-LoRA,tfns,-0.0007607426377944648,0.999432384967804,-7.500760555267334,0.0005527704488486052,-11.125761032104492,1.4730832845089026e-05
1273,Russia Is Readying For Robot Wars https://t.co/YpKCkpSrTG,1,neutral,1,neutral,neutral,1,0,Finistral-7B-LoRA,tfns,-12.500083923339844,3.7265488117554924e-06,-8.391981828026474e-05,0.9999719858169556,-10.625083923339844,2.4300150471390225e-05
1274,Russia Says Lives Lost in Joint Operation With Turkey in Syria,1,neutral,1,neutral,neutral,1,0,Finistral-7B-LoRA,tfns,-11.75003433227539,7.88925990491407e-06,-3.45700973412022e-05,0.999991774559021,-15.00003433227539,3.0589978905481985e-07
1275,Russia Seeks to Lift Ban on ‘Blood Diamonds’ From African Ally,1,neutral,1,neutral,neutral,1,0,Finistral-7B-LoRA,tfns,-10.2501859664917,3.5351604310562834e-05,-0.0001864259538706392,0.9998332262039185,-8.9376859664917,0.00013134715845808387
1276,Saudi Arabia arrested at least 8 intellectuals last week as it extended a crackdown on political dissent https://t.co/Da4AfKxDMn,1,neutral,0,negative,negative,0,0,Finistral-7B-LoRA,tfns,-0.007956004701554775,0.9924015998840332,-4.882956027984619,0.007577079348266125,-10.757955551147461,2.128245796484407e-05
1277,Scientists are using realistic-looking fake penguins to convince real ones to move to safer habitats https://t.co/duMa8nLPzD,1,neutral,1,neutral,neutral,1,0,Finistral-7B-LoRA,tfns,-15.37504768371582,2.1023855367729993e-07,-4.7801782784517854e-05,0.9999769926071167,-10.68754768371582,2.2827993234386668e-05
1278,Secret Chinese documents reveal inner workings of Muslim detention camps. https://t.co/mpAg6qq6BX https://t.co/avWP2G04uC,1,neutral,1,neutral,neutral,1,0,Finistral-7B-LoRA,tfns,-7.313336372375488,0.0006666889530606568,-0.0008362610242329538,0.999313235282898,-10.813336372375488,2.013226185226813e-05
1279,"Snap CEO Evan Spiegel Talks TikTok, Politics And Earnings",1,neutral,1,neutral,neutral,1,0,Finistral-7B-LoRA,tfns,-12.875775337219238,2.559775111876661e-06,-0.000774917658418417,0.9994090795516968,-7.43827486038208,0.0005884073325432837
1280,So Halsey needs a shower,1,neutral,1,neutral,neutral,1,0,Finistral-7B-LoRA,tfns,-10.125059127807617,4.0063645428745076e-05,-5.876845170860179e-05,0.999958872795105,-13.750059127807617,1.0676601505110739e-06
1281,Soccer-Mancini spoilt for choice as record-breaking Italy head to Euros - Nasdaq,1,neutral,1,neutral,neutral,1,0,Finistral-7B-LoRA,tfns,-13.500993728637695,1.3697082295038854e-06,-0.000993830617517233,0.9990875720977783,-7.000993728637695,0.0009110499522648752
1282,SolarEdge dostarczy Enfindus falowniki dla Europejskiego projektu solarnego o mocy 1GW.,1,neutral,1,neutral,neutral,1,0,Finistral-7B-LoRA,tfns,-10.654004096984863,2.3889213480288163e-05,-0.02900412306189537,0.9830615520477295,-4.091504096984863,0.016914507374167442
1283,Some universities have pledged not to set exam questions on topics that have been hit by strike disruption https://t.co/HBD2kg7nMI,1,neutral,1,neutral,neutral,1,0,Finistral-7B-LoRA,tfns,-9.244623184204102,9.69516986515373e-05,-0.4321233928203583,0.6512917280197144,-1.0571234226226807,0.34861135482788086
1284,"-Spaghetti with a sweet banana ketchup sauce and hotdog chunks
-Sweet burger steaks
-Buckets of fried chicken 
The… https://t.co/Pvy1ytdlSY",1,neutral,1,neutral,neutral,1,0,Finistral-7B-LoRA,tfns,-11.812882423400879,7.411244951072149e-06,-0.00038258862332440913,0.9999878406524658,-12.250382423400879,4.7850594455667306e-06
1285,"Special Reports: Weekly Options Volatility Analysis Ahead of Earnings -- $CDMO, $ORCL seeing high relative volatili… https://t.co/A1YCdejDbS",1,neutral,1,neutral,neutral,1,0,Finistral-7B-LoRA,tfns,-11.250231742858887,1.3005620530748274e-05,-0.00023147765023168176,0.999871015548706,-9.062731742858887,0.00011591783550102264
1286,Stock market crashes happen more than you think. The key to surviving them is being prepared.  https://t.co/1DutJov1m0,1,neutral,1,neutral,neutral,1,0,Finistral-7B-LoRA,tfns,-10.625189781188965,2.430019412713591e-05,-0.0001902399235405028,0.9999737739562988,-13.187689781188965,1.8738297740128473e-06
1287,Stocks Are Writing Checks the Economic Data Can’t Cash,1,neutral,0,negative,negative,0,0,Finistral-7B-LoRA,tfns,-0.034845881164073944,0.9665321707725525,-4.53484582901001,0.010737203061580658,-3.7848458290100098,0.02273065783083439
1288,Supreme Court Takes Cognisance Of Infant’s Death During Shaheen Bagh Protest,1,neutral,1,neutral,neutral,1,0,Finistral-7B-LoRA,tfns,-10.250083923339844,3.5355729778530076e-05,-8.391981828026474e-05,0.9999499320983887,-11.125083923339844,1.4738460777152795e-05
1289,Supreme Court won't give Adnan Syed new trial in 'Serial' podcast murder case https://t.co/gUbF5AO9EI,1,neutral,1,neutral,neutral,1,0,Finistral-7B-LoRA,tfns,-6.626420021057129,0.0013249957701191306,-0.00142020417843014,0.998654842376709,-10.813920021057129,2.0118997781537473e-05
1290,Sydney's smoke-filled air from the bushfires is so bad it's setting off fire alarms. @SybillaGross explains just h… https://t.co/Ss3reLWhlW,1,neutral,1,neutral,neutral,1,0,Finistral-7B-LoRA,tfns,-8.062929153442383,0.0003150383708998561,-0.00042906138696707785,0.9996838569641113,-13.687929153442383,1.136205696639081e-06
1291,"Taylor Swift sings 'Love Story', 'Blank Space' and more during American Music Awards performance https://t.co/qgEfuSM5xp",1,neutral,1,neutral,neutral,1,0,Finistral-7B-LoRA,tfns,-13.625663757324219,1.2095075589968474e-06,-0.000663894519675523,0.9997027516365051,-8.125663757324219,0.00029595676460303366
1292,Tension in Hong Kong simmers on,1,neutral,0,negative,negative,0,0,Finistral-7B-LoRA,tfns,-0.0002857038634829223,0.9999465942382812,-10.562786102294922,2.5866720534395427e-05,-10.500286102294922,2.753498120000586e-05
1293,The 16 most innovative new companies of the 2010s https://t.co/oFcdKQkRMu by @ewolffmann https://t.co/wzisb9VNvh,1,neutral,1,neutral,neutral,1,0,Finistral-7B-LoRA,tfns,-14.562565803527832,4.737646293051512e-07,-6.592056161025539e-05,0.999944806098938,-9.812565803527832,5.4759744671173394e-05
1294,"The Afghanistan Papers Reveal a Tragedy, Not a Crime",1,neutral,1,neutral,neutral,1,0,Finistral-7B-LoRA,tfns,-10.875070571899414,1.8925082258647308e-05,-7.068861305015162e-05,0.9999775886535645,-12.562570571899414,3.50078835253953e-06
1295,"The African grey parrot is an intelligent animal capable of mimicking human speech, which can live in captivity up… https://t.co/1UX49C10l7",1,neutral,1,neutral,neutral,1,0,Finistral-7B-LoRA,tfns,-17.62500762939453,2.2159488466400035e-08,-7.510157047363464e-06,0.9999998807907104,-15.750007629394531,1.4449801710725296e-07
1296,The backlash over Peloton's much-maligned holiday ad could be a good thing for the company in the long run https://t.co/VTjv9gaE5Y,1,neutral,1,neutral,neutral,1,0,Finistral-7B-LoRA,tfns,-4.303525924682617,0.013547506183385849,-0.2410261183977127,0.7873733639717102,-1.6160261631011963,0.19907915592193604
1297,"The Best Apple Watch Black Friday Deals (2019): List of Apple Watch Series 3, 4 & 5 GPS & Cellular Savings Shared by Save Bubble",1,neutral,1,neutral,neutral,1,0,Finistral-7B-LoRA,tfns,-6.26832914352417,0.001901062554679811,-0.5808290243148804,0.5611077547073364,-0.8308290243148804,0.4369911551475525
1298,The Big Dirty Secret Behind Wind Power,1,neutral,1,neutral,neutral,1,0,Finistral-7B-LoRA,tfns,-2.35115647315979,0.09534692764282227,-0.10115644335746765,0.9046264886856079,-10.538656234741211,2.651677277754061e-05
1299,The Big Picture: More to the good employment report than job growth $SPY $TNX-- https://t.co/w4dAzYCmAz… https://t.co/6a6tdtLR2k,1,neutral,2,positive,positive,0,0,Finistral-7B-LoRA,tfns,-5.60444450378418,0.00368995382450521,-1.2294442653656006,0.2931293249130249,-0.354444295167923,0.703180730342865
1300,The biggest holdup in the U.S.-China negotiations is Washington’s demand that China guarantee its pledge to buy mor… https://t.co/FIbhm2SNtj,1,neutral,1,neutral,neutral,1,0,Finistral-7B-LoRA,tfns,-6.751226425170898,0.0011695042485371232,-0.0012266262201592326,0.9988253712654114,-12.188726425170898,5.087747922516428e-06
1301,The Billionaire's Big Job of Restoring Aston Martin,1,neutral,1,neutral,neutral,1,0,Finistral-7B-LoRA,tfns,-13.251096725463867,1.7586360172572313e-06,-0.0010971962474286556,0.9990284442901611,-6.938597202301025,0.0009697501664049923
1302,The CDC says Americans don't have to wear facemasks because of coronavirus https://t.co/uOZUXtZJxt,1,neutral,1,neutral,neutral,1,0,Finistral-7B-LoRA,tfns,-14.562509536743164,4.737902656870574e-07,-9.775113539944869e-06,0.999998927116394,-14.312509536743164,6.083587891225761e-07
1303,The companies all deserve credit for conscientiously reconsidering the consequences of their design choices https://t.co/U8xZNmVfZQ,1,neutral,2,positive,positive,0,0,Finistral-7B-LoRA,tfns,-11.853898048400879,7.134641691664001e-06,-3.2913975715637207,0.037326619029045105,-0.04139765724539757,0.9626662135124207
1304,The consequences of ultra-low US unemployment https://t.co/sfRBlPKbuY,1,neutral,2,positive,positive,0,0,Finistral-7B-LoRA,tfns,-3.994114398956299,0.018503008410334587,-3.431614398956299,0.032473787665367126,-0.05661430209875107,0.9490232467651367
1305,The End of Econ Blogging’s Golden Age,1,neutral,1,neutral,neutral,1,0,Finistral-7B-LoRA,tfns,-1.5041310787200928,0.2226743847131729,-0.25413110852241516,0.7772099375724792,-9.066631317138672,0.00011569596972549334
1306,The family behind Krispy Kreme Doughnuts and Panera Bread is adding a member of the Kardashian clan to its portfolio https://t.co/0h1f7I0IyY,1,neutral,1,neutral,neutral,1,0,Finistral-7B-LoRA,tfns,-13.562604904174805,1.2878795132564846e-06,-0.00010466027742950246,0.9999865293502808,-11.312604904174805,1.2219060408824589e-05
1307,"The FT View: Jair Bolsonaro should keep his nerve and seize Brazil’s chance to change
https://t.co/4QkSKpohll",1,neutral,1,neutral,neutral,1,0,Finistral-7B-LoRA,tfns,-14.437545776367188,5.3686022738475e-07,-4.541770613286644e-05,0.9999719858169556,-10.500045776367188,2.753567969193682e-05
1308,The Infinite Energy Resource We’re Overlooking,1,neutral,1,neutral,neutral,1,0,Finistral-7B-LoRA,tfns,-13.250082015991211,1.7602269508643076e-06,-8.248942322097719e-05,0.9999321699142456,-9.625082015991211,6.605202361242846e-05
1309,The IRS has a new tax form out and wants to know all about your cryptocurrency https://t.co/dgAgh1v040,1,neutral,1,neutral,neutral,1,0,Finistral-7B-LoRA,tfns,-15.25002670288086,2.3823690753488336e-07,-2.6940935640595853e-05,0.9999997615814209,-17.18752670288086,3.43212818165739e-08
1310,"The JEDI suit isn't about Star Wars.

Amazon is suing the Pentagon because it gave Microsoft a cloud computing cont… https://t.co/VAQytv4kJ3",1,neutral,0,negative,negative,0,0,Finistral-7B-LoRA,tfns,-9.798523387871683e-05,0.9999741315841675,-10.81259822845459,2.0145576854702085e-05,-12.06259822845459,5.771803898824146e-06
1311,The Least Expensive Car Of 2019,1,neutral,1,neutral,neutral,1,0,Finistral-7B-LoRA,tfns,-16.7500057220459,5.315778395242887e-08,-5.722029527532868e-06,0.9999986886978149,-13.625005722045898,1.2098655588488327e-06
1312,The man once dubbed 'Britain's Bill Gates' could be one step closer to a US jail,1,neutral,0,negative,negative,0,0,Finistral-7B-LoRA,tfns,-0.0004587313160300255,0.9999167919158936,-11.687958717346191,8.3974437075085e-06,-9.500458717346191,7.484560774173588e-05
1313,The Markets Speak: The Lesson Has Been Harsh. https://t.co/89QRsOfn53 #business #stocks #stockmarket,1,neutral,0,negative,negative,0,0,Finistral-7B-LoRA,tfns,-0.0034097647294402122,0.9968096613883972,-5.7534098625183105,0.0031726269517093897,-10.940909385681152,1.7722150005283765e-05
1314,"The most patient investors may want some commodities in their portfolio, says @jasonzweigwsj https://t.co/iPzo9hUxaj",1,neutral,1,neutral,neutral,1,0,Finistral-7B-LoRA,tfns,-13.375112533569336,1.5534666317762458e-06,-0.00011276562872808427,0.9999783039093018,-10.812612533569336,2.014566052821465e-05
1315,The most successful money maker in modern finance has one simple rule of thumb for investing: remove all emotion. https://t.co/MBtciNVHrn,1,neutral,1,neutral,neutral,1,0,Finistral-7B-LoRA,tfns,-12.375077247619629,4.2228130041621625e-06,-7.760223525110632e-05,0.9999909400939941,-12.250077247619629,4.78507445222931e-06
1316,The MTA's 2020 resolution: bring contactless payments to all subway stations and buses by the end of the year. https://t.co/5OJSrin71m,1,neutral,2,positive,positive,0,0,Finistral-7B-LoRA,tfns,-13.253340721130371,1.754758159222547e-06,-5.753340244293213,0.003172677243128419,-0.003340262221172452,0.9968255758285522
1317,"The New England Patriots admitted that a crew last Sunday ""unknowingly violated a league policy by filming the fiel… https://t.co/3VK3izjuim",1,neutral,0,negative,negative,0,0,Finistral-7B-LoRA,tfns,-0.009242014959454536,0.9912933707237244,-4.759242057800293,0.008576367981731892,-8.946742057800293,0.00013022527855355293
1318,The number of new coronavirus cases in Indonesia surges by more than 200 for second consecutive day https://t.co/bdhN2NroqM,1,neutral,1,neutral,neutral,1,0,Finistral-7B-LoRA,tfns,-12.875025749206543,2.5612528133933665e-06,-2.5748875486897305e-05,0.999985933303833,-11.375025749206543,1.1478738088044338e-05
1319,"The Oxford Word of the Year 2019 is what the UN secretary-general called ""the defining issue of our time"" https://t.co/CG7TmQCOW5",1,neutral,1,neutral,neutral,1,0,Finistral-7B-LoRA,tfns,-14.937532424926758,3.256297702591837e-07,-3.218599158572033e-05,0.999995231628418,-12.312532424926758,4.495180291996803e-06
1320,The Protected Principal Retirement Portfolio: Preliminary Rebalancing - Part II. Read more: https://t.co/FqgNC2brWZ… https://t.co/4os0EzLBOA,1,neutral,1,neutral,neutral,1,0,Finistral-7B-LoRA,tfns,-11.875149726867676,6.962218321859837e-06,-0.00014959646796341985,0.9999876022338867,-12.125149726867676,5.422180947789457e-06
1321,The retail winners and losers for when we can spend again: https://t.co/qLtOPsBmME,1,neutral,1,neutral,neutral,1,0,Finistral-7B-LoRA,tfns,-12.687540054321289,3.0894777864887146e-06,-3.9934315282152966e-05,0.9999915361404419,-12.125040054321289,5.422202320914948e-06
1322,The search for the Alzheimer's drug is costly and frustratingly unpredictable. But it's actually a calculated gambl… https://t.co/wh7v9OAq23,1,neutral,1,neutral,neutral,1,0,Finistral-7B-LoRA,tfns,-5.628716945648193,0.0035935884807258844,-0.0037170620635151863,0.9964025020599365,-12.441217422485352,3.9527303670183755e-06
1323,"The U.S. may not be able to stop China and Russia from selling arms to Iran next year, says @GhoshWorld… https://t.co/llJ1jsbDiz",1,neutral,1,neutral,neutral,1,0,Finistral-7B-LoRA,tfns,-2.237901210784912,0.10668975114822388,-0.11290125548839569,0.893302321434021,-11.73790168762207,7.9859228208079e-06
1324,"The U.S. Navy says a second victim is dead in addition to the shooter at Naval Air Station Pensacola in Florida, th… https://t.co/cns2vm5dvN",1,neutral,1,neutral,neutral,1,0,Finistral-7B-LoRA,tfns,-4.150430202484131,0.015903400257229805,-0.02543036825954914,0.983908474445343,-8.587930679321289,0.00018806508160196245
1325,"The U.S. reopening its market to Brazilian fresh beef is a matter of when, not if https://t.co/Jr2lcHzJOr",1,neutral,2,positive,positive,0,0,Finistral-7B-LoRA,tfns,-12.814675331115723,2.7212170152779436e-06,-6.252175807952881,0.0019267293391749263,-0.0021755853667855263,0.9980705380439758
1326,The US has added waiters and bartenders in 112 of the past 11 7 months https://t.co/b1LS0U7EUi,1,neutral,2,positive,positive,0,0,Finistral-7B-LoRA,tfns,-8.002401351928711,0.0003347434103488922,-6.314901828765869,0.0018096049316227436,-0.0024016841780394316,0.9978556036949158
1327,The US has crazy-low taxes and this is why https://t.co/rOJq3Bp5r6 via @bopinion,1,neutral,1,neutral,neutral,1,0,Finistral-7B-LoRA,tfns,-7.195116996765137,0.0007539508515037596,-0.25761678814888,0.7767138481140137,-1.5076167583465576,0.2225322425365448
1328,The Web Might Be a Monopolist’s Best Friend,1,neutral,1,neutral,neutral,1,0,Finistral-7B-LoRA,tfns,-13.312524795532227,1.6536827160962275e-06,-2.4437606043647975e-05,0.999994158744812,-12.375024795532227,4.222826646582689e-06
1329,"The Week Ahead: Monetary Policy, Stats and an Impeachment in Focus",1,neutral,1,neutral,neutral,1,0,Finistral-7B-LoRA,tfns,-15.812511444091797,1.3574332058396976e-07,-1.1086402082582936e-05,0.9999998807907104,-17.062511444091797,3.8891112552619234e-08
1330,There are 'a lot of predators' in the fashion industry: Kathy Ireland,1,neutral,0,negative,negative,0,0,Finistral-7B-LoRA,tfns,-0.018394246697425842,0.9859078526496887,-4.268394470214844,0.014063220471143723,-10.455894470214844,2.8899323297082447e-05
1331,"There has been a lot conversation about why companies are staying private longer, but not enough conversation on th… https://t.co/wpIl7U9TJ9",1,neutral,1,neutral,neutral,1,0,Finistral-7B-LoRA,tfns,-13.625089645385742,1.2098525985493325e-06,-8.999896090244874e-05,0.9999879598617554,-11.437589645385742,1.0783298421301879e-05
1332,These three retail innovators challenge the conventional wisdom of brick and mortar https://t.co/45B2Hlbm32,1,neutral,1,neutral,neutral,1,0,Finistral-7B-LoRA,tfns,-13.500289916992188,1.370833501823654e-06,-0.00028951745480298996,0.9999083280563354,-9.312789916992188,9.028027125168592e-05
1333,This app recommends stocks based on your Zodiac sign. But it's not what you think,1,neutral,1,neutral,neutral,1,0,Finistral-7B-LoRA,tfns,-11.18759822845459,1.384577353746863e-05,-9.846202738117427e-05,0.999969482421875,-11.00009822845459,1.6701191270840354e-05
1334,This is a great and well reseached book on Justice K. The Ruth Marcus book is a badly written & reseached disaster.… https://t.co/vS6EEFdMEj,1,neutral,1,neutral,neutral,1,0,Finistral-7B-LoRA,tfns,-9.062915802001953,0.00011588907364057377,-0.0004161922261118889,0.9996229410171509,-8.250415802001953,0.00026116002118214965
1335,This Is When Your Favorite Stores Open on Black Friday,1,neutral,1,neutral,neutral,1,0,Finistral-7B-LoRA,tfns,-17.5625057220459,2.3588654585182667e-08,-5.245195097813848e-06,1.0,-17.1875057220459,3.432128892200126e-08
1336,This man is making millions selling testicular implants for everything from a dog to an elephant.… https://t.co/yDYQvADflP,1,neutral,1,neutral,neutral,1,0,Finistral-7B-LoRA,tfns,-14.9375581741333,3.2562866181251593e-07,-5.817244164063595e-05,0.999991774559021,-11.7500581741333,7.88925990491407e-06
1337,This map shows the U.S. cities where robots are impacting jobs the most. (via @CNBCMakeIt) https://t.co/75r14auc32 https://t.co/dolkFZtPxx,1,neutral,1,neutral,neutral,1,0,Finistral-7B-LoRA,tfns,-13.625011444091797,1.2098649904146441e-06,-1.1324817933200393e-05,0.9999982118606567,-14.312511444091797,6.083583343752252e-07
1338,Three breakfast reads https://t.co/VHJwACKpI8,1,neutral,1,neutral,neutral,1,0,Finistral-7B-LoRA,tfns,-11.375039100646973,1.147863622463774e-05,-3.9219088648678735e-05,0.9999769926071167,-11.375039100646973,1.147863622463774e-05
1339,Three Things You Should Check Before Buying Avery Dennison Corporation (NYSE:AVY) For Its Dividend,1,neutral,1,neutral,neutral,1,0,Finistral-7B-LoRA,tfns,-13.50002670288086,1.370954350932152e-06,-2.7179348762729205e-05,0.999996542930603,-13.06252670288086,2.1233756797300885e-06
1340,"Thyssenkrupp, Kone discuss multi-billion euro break-up fee - sources",1,neutral,1,neutral,neutral,1,0,Finistral-7B-LoRA,tfns,-3.8908233642578125,0.020950639620423317,-0.1408233642578125,0.8908438682556152,-2.4533233642578125,0.088205486536026
1341,TicToc Good news...the minority male turtles can handle it]... they are  required to pay child support.,1,neutral,1,neutral,neutral,1,0,Finistral-7B-LoRA,tfns,-11.125602722167969,1.473083466407843e-05,-0.0006023023161105812,0.9994325041770935,-7.5006022453308105,0.0005527705070562661
1342,"TicToc https://t.co/EOsKuYWXOv tarafından ⚡️ “Iman, the last Sumatran rhinoceros in Malaysia, has died at 25”",1,neutral,1,neutral,neutral,1,0,Finistral-7B-LoRA,tfns,-4.636722564697266,0.009705252945423126,-0.011722607538104057,0.989962637424469,-8.011722564697266,0.00033209548564627767
1343,Tiger Woods and U.S. Team Score Another Presidents Cup Win,1,neutral,2,positive,positive,0,0,Finistral-7B-LoRA,tfns,-15.188321113586426,2.5360148470099375e-07,-13.375821113586426,1.553497554596106e-06,-0.0008211340173147619,0.9999982118606567
1344,Time to drive pensions sharks out of the water for good https://t.co/0B8FXfEjvI,1,neutral,2,positive,positive,0,0,Finistral-7B-LoRA,tfns,-6.619965553283691,0.0013351411325857043,-2.9324655532836914,0.05333203077316284,-0.05746544152498245,0.9453327655792236
1345,Today millions of people around the world continue to suffer in poverty. #Data and #technology can enable governmen… https://t.co/6uirAecyyP,1,neutral,1,neutral,neutral,1,0,Finistral-7B-LoRA,tfns,-5.3797736167907715,0.004609534051269293,-0.004773411434143782,0.9953821301460266,-11.692273139953613,8.359360435861163e-06
1346,Top trending: Assange rape investigation dropped; Chick-Fil-A bans donating to anti-LGBTQ groups,1,neutral,1,neutral,neutral,1,0,Finistral-7B-LoRA,tfns,-11.018302917480469,1.640882146602962e-05,-0.14330331981182098,0.8670215606689453,-2.018303394317627,0.13296204805374146
1347,"Trade war. Possible recession. Presidential election.

Here are the 3 stocks you need heading into 2020. 

https://t.co/fdcXiqwKpw",1,neutral,0,negative,negative,0,0,Finistral-7B-LoRA,tfns,-0.14345018565654755,0.8669430017471313,-2.0184502601623535,0.13294999301433563,-9.143449783325195,0.00010698926053009927
1348,"Travel Restrictions Won't Help Contain Virus, Johns Hopkins' Nuzzo Says",1,neutral,1,neutral,neutral,1,0,Finistral-7B-LoRA,tfns,-14.750007629394531,3.9278612007365155e-07,-7.510157047363464e-06,0.9999994039535522,-15.750007629394531,1.444979460529794e-07
1349,"Troops are reinforcing the police in Bogota, after outbreaks of looting and vandalism https://t.co/tGzHJL5v84",1,neutral,1,neutral,neutral,1,0,Finistral-7B-LoRA,tfns,-3.6520371437072754,0.025950325652956963,-0.027037041261792183,0.9737788438796997,-8.214536666870117,0.00027081597363576293
1350,Two More Bankers Arrested in Germany Over Tax Scandal Investigation,1,neutral,0,negative,negative,0,0,Finistral-7B-LoRA,tfns,-0.0006071869283914566,0.999992847442627,-13.81310749053955,1.0030079238276812e-06,-12.00060749053955,6.1441683101293165e-06
1351,"Two people in custody after vehicle breaches checkpoints at Trump's Mar-a-Lago resort, police say https://t.co/rz7EV9ncJw",1,neutral,1,neutral,neutral,1,0,Finistral-7B-LoRA,tfns,-11.625041961669922,8.939674444263801e-06,-4.1960789531003684e-05,0.9999885559082031,-12.875041961669922,2.5612594072299544e-06
1352,Ukraine still hasn't received $35 million of approved military aid: report https://t.co/N0yrGxtdQl via @HuffPost https://t.co/58RXm3xu0f,1,neutral,1,neutral,neutral,1,0,Finistral-7B-LoRA,tfns,-1.9106993675231934,0.1480414718389511,-0.16069939732551575,0.8519198894500732,-10.160699844360352,3.867710256599821e-05
1353,"Unlock our award-winning LIVE #investmentresearch, fundamental and #technicalanalysis, #market flow, #earnings cove… https://t.co/1G5gqkLBzM",1,neutral,1,neutral,neutral,1,0,Finistral-7B-LoRA,tfns,-10.00192642211914,4.535101106739603e-05,-0.0019268295727670193,0.9989224672317505,-6.876926898956299,0.0010321842273697257
1354,Venture capital doesn't work for everyone. There's another way https://t.co/kp76Buetao,1,neutral,1,neutral,neutral,1,0,Finistral-7B-LoRA,tfns,-10.875040054321289,1.8925136828329414e-05,-4.029192859889008e-05,0.9999804496765137,-14.250040054321289,6.475825671259372e-07
1355,Venture capitalists are embracing direct listings and curbing fees for bankers https://t.co/Xm3d9qsGhl,1,neutral,2,positive,positive,0,0,Finistral-7B-LoRA,tfns,-8.890532493591309,0.00013795577979180962,-0.8280325531959534,0.4377630650997162,-0.5780325531959534,0.5620989203453064
1356,Virus Hits Hong Kong Insurers Already Reeling From Protests,1,neutral,0,negative,negative,0,0,Finistral-7B-LoRA,tfns,-3.790783375734463e-05,0.9999979734420776,-18.250038146972656,1.186109610529229e-08,-13.125038146972656,1.9947297005273867e-06
1357,Voters left in the dark over money behind online election ads https://t.co/84RDNVsRKP,1,neutral,1,neutral,neutral,1,0,Finistral-7B-LoRA,tfns,-7.500582218170166,0.0005527766770683229,-0.0005820487276650965,0.9994437098503113,-12.563081741333008,3.4989193409273867e-06
1358,Waiting for your Equifax settlement cash? Don’t hold your breath https://t.co/60naM4i2NO,1,neutral,0,negative,negative,0,0,Finistral-7B-LoRA,tfns,-0.35028278827667236,0.7055957317352295,-1.2252827882766724,0.29413604736328125,-8.225282669067383,0.00026821737992577255
1359,Wall Street Breakfast: Merger Monday. Get more updates here: https://t.co/jl4re63yZs #investing #markets #business,1,neutral,1,neutral,neutral,1,0,Finistral-7B-LoRA,tfns,-11.438844680786133,1.077070010069292e-05,-0.0013444918440654874,0.9988196492195129,-6.751344680786133,0.001169497612863779
1360,"Wall Street Has Plans for Newspapers, and They Aren't Pretty",1,neutral,0,negative,negative,0,0,Finistral-7B-LoRA,tfns,-0.004140614531934261,0.9971777200698853,-5.879140377044678,0.0028008671943098307,-10.754140853881836,2.1384883439168334e-05
1361,Wall Street's Finest Walk Into a $2 Trillion Mess on Saudi Aramco,1,neutral,0,negative,negative,0,0,Finistral-7B-LoRA,tfns,-6.258291978156194e-05,0.9999892711639404,-14.250062942504883,6.475883083112421e-07,-11.500062942504883,1.0129984730156139e-05
1362,Warren Buffett: Growth vs. Cash Generation,1,neutral,1,neutral,neutral,1,0,Finistral-7B-LoRA,tfns,-14.750016212463379,3.927860632302327e-07,-1.6689160474925302e-05,0.9999992847442627,-15.125016212463379,2.699576384657121e-07
1363,Watch Live: Shots Fired At Mar-a-Lago https://t.co/kxZiY2weRW,1,neutral,1,neutral,neutral,1,0,Finistral-7B-LoRA,tfns,-3.896608829498291,0.020329197868704796,-0.021608751267194748,0.9795156121253967,-8.771608352661133,0.00015521534078288823
1364,WATCH: A sea of fans filled the streets of Rio de Janeiro to celebrate Flamengo's win over River Plate in the Copa… https://t.co/U0spDtnEzr,1,neutral,1,neutral,neutral,1,0,Finistral-7B-LoRA,tfns,-11.090311050415039,1.5280169463949278e-05,-0.09031087905168533,0.914887011051178,-2.46531081199646,0.08509774506092072
1365,"Watchdog faults FBI in Trump campaign probe, but sees no bias https://t.co/ntqbKnWfWJ",1,neutral,1,neutral,neutral,1,0,Finistral-7B-LoRA,tfns,-2.3516886234283447,0.09524207562208176,-0.10168864578008652,0.9036316871643066,-6.789188861846924,0.0011262819170951843
1366,"What are Kimberly Esterkin's top priorities as an #IRO? 

✅ ""Staying ahead of the best practices in my industry"" 
✅… https://t.co/JDyJevXsED",1,neutral,1,neutral,neutral,1,0,Finistral-7B-LoRA,tfns,-14.937565803527832,3.256250806771277e-07,-6.603976362384856e-05,0.9999808073043823,-10.875065803527832,1.8925142285297625e-05
1367,What Can the 1991 Recession and S&L Crisis Tell Us About Today?,1,neutral,1,neutral,neutral,1,0,Finistral-7B-LoRA,tfns,-8.187942504882812,0.00027802863041870296,-0.00044288364006206393,0.9997135996818542,-11.687942504882812,8.395737495447975e-06
1368,What is the age of the ‘Instagram face’?,1,neutral,1,neutral,neutral,1,0,Finistral-7B-LoRA,tfns,-15.125005722045898,2.699577521525498e-07,-5.483612312673358e-06,0.9999996423721313,-15.937505722045898,1.197930288299176e-07
1369,"What to watch in the markets: Thursday, Feb 6",1,neutral,1,neutral,neutral,1,0,Finistral-7B-LoRA,tfns,-15.625001907348633,1.6373765276966878e-07,-2.264974000354414e-06,0.9999996423721313,-15.312501907348633,2.2380284292466968e-07
1370,What was the top cryptocurrency of 2019?,1,neutral,1,neutral,neutral,1,0,Finistral-7B-LoRA,tfns,-13.62502384185791,1.2098562365281396e-06,-2.372236667724792e-05,0.9999909400939941,-11.75002384185791,7.889252628956456e-06
1371,When Can You Afford to Retire? Ask Yourself These 4 Questions,1,neutral,1,neutral,neutral,1,0,Finistral-7B-LoRA,tfns,-17.687503814697266,2.0816910861753968e-08,-3.576272320060525e-06,0.9999998807907104,-16.187503814697266,9.329492201004541e-08
1372,"When companies buy their own shares, executives are quick to cash out https://t.co/19bF83Xoi7 via @BW",1,neutral,0,negative,negative,0,0,Finistral-7B-LoRA,tfns,-0.002146561164408922,0.9987221360206604,-6.8146467208862305,0.001098533975891769,-8.62714672088623,0.00017933074559550732
1373,"When in doubt, follow the Oracle of Omaha?  https://t.co/eG7b0eXXit",1,neutral,1,neutral,neutral,1,0,Finistral-7B-LoRA,tfns,-11.81302261352539,7.410873877233826e-06,-0.0005224770284257829,0.9999377727508545,-9.81302261352539,5.475935904541984e-05
1374,"Which way will the markets be headed next week before traders head home for Thanksgiving? On @MadMoneyOnCNBC,… https://t.co/q4NtFLbrmV",1,neutral,1,neutral,neutral,1,0,Finistral-7B-LoRA,tfns,-8.25085735321045,0.00026106290169991553,-0.0008574623498134315,0.9992511868476868,-7.625857353210449,0.0004877297906205058
1375,Whn you've lost Tom Lee...,1,neutral,1,neutral,neutral,1,0,Finistral-7B-LoRA,tfns,-1.0582016706466675,0.3483623266220093,-0.4332016706466675,0.6508265137672424,-7.120701789855957,0.0008111868519335985
1376,Why Accelerated Approval Could Be Huge for This Ovarian Cancer Study,1,neutral,2,positive,positive,0,0,Finistral-7B-LoRA,tfns,-16.31256103515625,8.233248394162729e-08,-16.87506103515625,4.691163724146463e-08,-6.0794889577664435e-05,0.9999998807907104
1377,why macro funds are shutting down left and right https://t.co/gVYowOBmqe,1,neutral,0,negative,negative,0,0,Finistral-7B-LoRA,tfns,-0.00010609064338495955,0.9999954700469971,-13.437605857849121,1.459371787859709e-06,-12.687605857849121,3.089489837293513e-06
1378,Why paying down your mortgage faster could be a good investment strategy https://t.co/mUrPzoRwaf,1,neutral,2,positive,positive,0,0,Finistral-7B-LoRA,tfns,-10.663782119750977,2.3396221877192147e-05,-1.6012823581695557,0.20180849730968475,-0.22628231346607208,0.7981681227684021
1379,Why some critics are questioning KKR’s ‘responsible investing’ posture https://t.co/XcwjDUvvDQ,1,neutral,0,negative,negative,0,0,Finistral-7B-LoRA,tfns,-6.663577369181439e-05,0.9999704360961914,-10.500066757202148,2.7535636036191136e-05,-13.125066757202148,1.994674903471605e-06
1380,Why the Coronavirus Is Making It Cheaper to Fuel Planes,1,neutral,2,positive,positive,0,0,Finistral-7B-LoRA,tfns,-3.731199026107788,0.024035606533288956,-2.606199026107788,0.07403487712144852,-0.10619910061359406,0.901929497718811
1381,"Why the Equal Rights Amendment, a 1972 Ideal, Is Back",1,neutral,1,neutral,neutral,1,0,Finistral-7B-LoRA,tfns,-13.381832122802734,1.543100552225951e-06,-0.006832569371908903,0.9933056235313416,-5.006832599639893,0.006692840717732906
1382,Why This Is a Huge Win Against Prostate Cancer,1,neutral,2,positive,positive,0,0,Finistral-7B-LoRA,tfns,-14.000072479248047,8.315278137160931e-07,-15.125072479248047,2.699575532005838e-07,-7.235741941258311e-05,0.999998927116394
1383,Why You're Probably Underestimating How Much You'll Need in Retirement,1,neutral,1,neutral,neutral,1,0,Finistral-7B-LoRA,tfns,-5.131311416625977,0.005910784471780062,-0.006311602890491486,0.9940411448478699,-9.943811416625977,4.803999763680622e-05
1384,"Wildfires are still raging across New South Wales, Australia.

Australian firefighters are battling 6 emergency-lev… https://t.co/8KQ9JZVd3L",1,neutral,1,neutral,neutral,1,0,Finistral-7B-LoRA,tfns,-1.3297162055969238,0.2687114179134369,-0.3297162353992462,0.7304332852363586,-7.079716205596924,0.0008552494691684842
1385,Will the yen see a decline in popularity as more countries enter zero-rate territory? Insights via @CMEGroup https://t.co/zPR2qSO8Pq,1,neutral,0,negative,negative,0,0,Finistral-7B-LoRA,tfns,-0.0017729768296703696,0.9982845187187195,-6.376772880554199,0.0017006974667310715,-11.1267728805542,1.4713913515151944e-05
1386,Wish you could only work 4 days a week? Here's why this company made the switch to a shorter workweek.… https://t.co/SHNefqcV1o,1,neutral,1,neutral,neutral,1,0,Finistral-7B-LoRA,tfns,-11.451706886291504,1.063432137016207e-05,-0.20170675218105316,0.8175657391548157,-1.7017067670822144,0.18242357671260834
1387,Witch Hunt!,1,neutral,1,neutral,neutral,1,0,Finistral-7B-LoRA,tfns,-6.501744747161865,0.0015009447233751416,-0.0017445358680561185,0.9983408451080322,-8.751744270324707,0.0001581984106451273
1388,With #YFPremium you can get a heatmap view of your portfolio. Examine sector- and company-level contribution to ret… https://t.co/lq5EJGZ3tg,1,neutral,1,neutral,neutral,1,0,Finistral-7B-LoRA,tfns,-16.25000762939453,8.764239822767195e-08,-7.033323527139146e-06,0.9999990463256836,-14.000006675720215,8.315279274029308e-07
1389,Woodford’s Bet on U.K. Plc Comes Good Too Late for Investors,1,neutral,1,neutral,neutral,1,0,Finistral-7B-LoRA,tfns,-1.7194809913635254,0.17938172817230225,-0.2194809466600418,0.8039331436157227,-4.094480991363525,0.01668509840965271
1390,World’s Biggest Reservoir May Stop Power Output Amid Drought,1,neutral,0,negative,negative,0,0,Finistral-7B-LoRA,tfns,-2.4199192921514623e-05,0.9999994039535522,-17.500024795532227,2.5109976320436544e-08,-14.31252384185791,6.083590733396704e-07
1391,Worried about a recession? Here’s how to prepare your retirement nest egg,1,neutral,1,neutral,neutral,1,0,Finistral-7B-LoRA,tfns,-8.500493049621582,0.0002034253702731803,-0.0004928089329041541,0.9997887015342712,-11.750493049621582,7.887657375249546e-06
1392,Wuhan Doctor’s Death A Massive Headwind For China Coronavirus Sentiment,1,neutral,0,negative,negative,0,0,Finistral-7B-LoRA,tfns,-0.00010287232726113871,0.9999885559082031,-12.687602996826172,3.089468691541697e-06,-11.687602996826172,8.398045793001074e-06
1393,You Can Own a Fraction of a Warhol. But Should You?,1,neutral,1,neutral,neutral,1,0,Finistral-7B-LoRA,tfns,-14.750027656555176,3.927859779651044e-07,-2.729855441430118e-05,0.9999990463256836,-14.437527656555176,5.368747792999784e-07
1394,You should always buy these 4 things in bulk. (via @CNBCMakeIt) https://t.co/Dujz63MaP5,1,neutral,1,neutral,neutral,1,0,Finistral-7B-LoRA,tfns,-15.437557220458984,1.9750495994230732e-07,-5.721882189391181e-05,0.9999978542327881,-13.125057220458984,1.9947294731537113e-06
1395,Your 70s can be tricky — how do you increase your resources while using them wisely? Here's how to invest for a lif… https://t.co/iVyGisOsaA,1,neutral,1,neutral,neutral,1,0,Finistral-7B-LoRA,tfns,-15.312527656555176,2.2380265818355838e-07,-2.7417760065873154e-05,0.9999988079071045,-13.812527656555176,1.0030138355432427e-06
1396,"Your future portfolio might be stocks, bonds, and a bit of basketball https://t.co/6Dmyj8s9aJ via @BW",1,neutral,1,neutral,neutral,1,0,Finistral-7B-LoRA,tfns,-13.250089645385742,1.7603118749320856e-06,-8.928377064876258e-05,0.9999804496765137,-10.937589645385742,1.7778522305889055e-05
1397,"🖥️ Google new quantum computer that can perform computations in 200 seconds that otherwise would take 10,000 years https://t.co/wxZxiFnotV",1,neutral,2,positive,positive,0,0,Finistral-7B-LoRA,tfns,-13.375090599060059,1.5534840258624172e-06,-11.625090599060059,8.939682629716117e-06,-9.059495641849935e-05,0.9999895095825195
1398,Gold Price Forecast – Gold Markets Decline Into The Weekend,0,negative,0,negative,negative,1,0,Finistral-7B-LoRA,tfns,-3.099393507000059e-05,0.9999971389770508,-17.062530517578125,3.889100597120887e-08,-12.750030517578125,2.9023121896898374e-06
1399,Brazil's Vale loses spot as world's top iron ore producer to Rio Tinto https://t.co/YFpdog1bsu https://t.co/QYFVJa50go,0,negative,0,negative,negative,1,0,Finistral-7B-LoRA,tfns,-3.6000557884108275e-05,0.9999880790710449,-12.125036239624023,5.422183676273562e-06,-11.937536239624023,6.540401955135167e-06
1400,India's gold imports declined for the fifth month as the slowest economic growth in six years curbed demand during… https://t.co/y6BgL5cSPj,0,negative,0,negative,negative,1,0,Finistral-7B-LoRA,tfns,-0.0011130335042253137,0.9992165565490723,-7.626112937927246,0.00048771288129501045,-8.126112937927246,0.00029581281705759466
1401,Gold Falls After Strong Jobless Report #Silver #Stock #MarketScreener https://t.co/3ztxIAtUKP https://t.co/v92anbNxu3,0,negative,0,negative,negative,1,0,Finistral-7B-LoRA,tfns,-4.160317621426657e-05,0.9999833106994629,-18.375041961669922,1.0467227085086961e-08,-11.000041961669922,1.6701422282494605e-05
1402,Gold Edges Lower With Investors Eyeing Economic Data #Silver #Stock #MarketScreener https://t.co/7goZcHKZGW https://t.co/9oGCWjeq0J,0,negative,0,negative,negative,1,0,Finistral-7B-LoRA,tfns,-2.634490556374658e-05,0.9999897480010986,-16.62502670288086,6.023512355568528e-08,-11.50002670288086,1.0129989277629647e-05
1403,Gold Edges Lower With Investors Eyeing Economic Data #Silver #Stock #MarketScreener https://t.co/i53u7vaynH https://t.co/XI4WdZLCZf,0,negative,0,negative,negative,1,0,Finistral-7B-LoRA,tfns,-2.8490614567999728e-05,0.9999897480010986,-16.562528610229492,6.41199520146074e-08,-11.500028610229492,1.0129989277629647e-05
1404,$FCX $BHP $SCCO - Copper drops again; LME closes Ring for first time since WW II https://t.co/79bmc5AC7W,0,negative,0,negative,negative,1,0,Finistral-7B-LoRA,tfns,-3.1709168979432434e-05,0.999997615814209,-18.437532424926758,9.83319115022141e-09,-12.937531471252441,2.406102339591598e-06
1405,CME : Volatility in New York gold prices impacting liquidity in London - LBMA #CME #Stock #MarketScreener… https://t.co/8ILGYoJHzS,0,negative,1,neutral,neutral,0,0,Finistral-7B-LoRA,tfns,-6.376895427703857,0.0017006974667310715,-0.00189565634354949,0.9982845187187195,-11.126895904541016,1.4713913515151944e-05
1406,"$XAUUSD:CUR $GLD $IAU - Gold closing in on $1,700 https://t.co/dlF56Hes3D",2,positive,2,positive,positive,1,0,Finistral-7B-LoRA,tfns,-14.875025749206543,3.466325892986788e-07,-16.187524795532227,9.329489358833598e-08,-2.5510462364763953e-05,0.9999995231628418
1407,"Dec. gold climbs $2.40, or 0.2%, to settle at $1,474.30/oz",2,positive,2,positive,positive,1,0,Finistral-7B-LoRA,tfns,-13.062538146972656,2.1233784082141938e-06,-16.812538146972656,4.9937074919625957e-08,-3.8265450712060556e-05,0.9999978542327881
1408,"Feb. gold climbs $8.90, or 0.6%, to settle at $1,481.20/oz",2,positive,2,positive,positive,1,0,Finistral-7B-LoRA,tfns,-13.562518119812012,1.2878952020400902e-06,-17.062519073486328,3.889106636734141e-08,-1.823885577323381e-05,0.9999986886978149
1409,"Gold futures climb nearly 3%, settling at the highest level since December 2012 https://t.co/um1vukp9mc",2,positive,2,positive,positive,1,0,Finistral-7B-LoRA,tfns,-13.500020027160645,1.370957193103095e-06,-18.437519073486328,9.833200032005607e-09,-1.9907753085135482e-05,0.9999985694885254
1410,Gold Soars To 8-Year Highs As Stocks Melt-Up On Massive Short-Squeeze  https://t.co/80904NqvN0,2,positive,2,positive,positive,1,0,Finistral-7B-LoRA,tfns,-11.562610626220703,9.516251338936854e-06,-17.562610626220703,2.3588428987864063e-08,-0.00011097769311163574,0.9999904632568359
1411,Silver Weekly Price Forecast – Silver Markets Rally Significantly,2,positive,2,positive,positive,1,0,Finistral-7B-LoRA,tfns,-12.812527656555176,2.726470256675384e-06,-17.06252670288086,3.889100952392255e-08,-2.7656173188006505e-05,0.9999972581863403
1412,Gold rises https://t.co/pCFxistRTq https://t.co/EccKbrGpHF,2,positive,2,positive,positive,1,0,Finistral-7B-LoRA,tfns,-13.625015258789062,1.2098656725356705e-06,-17.062515258789062,3.889106992005509e-08,-1.549708758830093e-05,0.9999988079071045
1413,Gold: Prepare For Bull Market To Begin Any Day. https://t.co/H54NIPOiww #business #finance #economy,2,positive,2,positive,positive,1,0,Finistral-7B-LoRA,tfns,-14.93751335144043,3.2563121976636467e-07,-18.37501335144043,1.0467398503521963e-08,-1.3351351299206726e-05,0.9999996423721313
1414,Best And Worst Q1 2020: Basic Materials ETFs And Mutual Funds. https://t.co/IPnvVdskQZ #business #finance #markets,1,neutral,1,neutral,neutral,1,0,Finistral-7B-LoRA,tfns,-11.250070571899414,1.3007094821659848e-05,-7.056941103655845e-05,0.9999843835830688,-12.875070571899414,2.5612487206672085e-06
1415,Catalyst Metals : Joint Venture with St Barbara on Drummartin project #CatalystMetals #Stock #MarketScreener… https://t.co/hs4iuvtDbN,1,neutral,1,neutral,neutral,1,0,Finistral-7B-LoRA,tfns,-10.826950073242188,1.986734423553571e-05,-0.2019503116607666,0.817558228969574,-1.7019503116607666,0.18242190778255463
1416,The diamond industry is working to build a carbon-neutral mine within the next decade. Insights via @DPAssociation https://t.co/bkqWR2d1aX,1,neutral,1,neutral,neutral,1,0,Finistral-7B-LoRA,tfns,-14.125179290771484,7.337410465879657e-07,-0.00017915551143232733,0.9998903274536133,-9.125179290771484,0.00010889683471759781
1417,$COMDX: Metals Settlement Prices https://t.co/hcbCEY76s8,1,neutral,1,neutral,neutral,1,0,Finistral-7B-LoRA,tfns,-9.875134468078613,5.144002352608368e-05,-0.00013422065239865333,0.9999059438705444,-10.062634468078613,4.264527160557918e-05
1418,$COMDX: Metals Settlement Prices https://t.co/klzxoYZMDh,1,neutral,1,neutral,neutral,1,0,Finistral-7B-LoRA,tfns,-9.81261920928955,5.47579511476215e-05,-0.00011920218821614981,0.9999120235443115,-10.31261920928955,3.3212374546565115e-05
1419,Nickel Monthly News For The Month Of January 2020. https://t.co/dqgOlMmJMl #markets #economy #stocks,1,neutral,1,neutral,neutral,1,0,Finistral-7B-LoRA,tfns,-9.500371932983398,7.483100489480421e-05,-0.00037174468161538243,0.9997217059135437,-8.500371932983398,0.00020341174968052655
1420,$COMDX: Metals Settlement Prices https://t.co/UultNDoj0j,1,neutral,1,neutral,neutral,1,0,Finistral-7B-LoRA,tfns,-10.187610626220703,3.763493805308826e-05,-0.00011073929636040702,0.9999222755432129,-10.125110626220703,4.006217932328582e-05
1421,$COMDX: Metals Settlement Prices https://t.co/FdbGhOjvKi,1,neutral,1,neutral,neutral,1,0,Finistral-7B-LoRA,tfns,-10.437577247619629,2.931082599388901e-05,-7.772143726469949e-05,0.9999463558197021,-10.625077247619629,2.429952655802481e-05
1422,$COMDX: Metals Settlement Prices https://t.co/zZXI6yitLs,1,neutral,1,neutral,neutral,1,0,Finistral-7B-LoRA,tfns,-10.25008487701416,3.535527503117919e-05,-8.463501580990851e-05,0.9999370574951172,-10.50008487701416,2.7534717446542345e-05
1423,#IPOs expected/Priced this week https://t.co/CUVLFGPBiP #IPOCalendar $CAN $PINE $SITM,1,neutral,1,neutral,neutral,1,0,Finistral-7B-LoRA,tfns,-10.750445365905762,2.144313111784868e-05,-0.0004456242313608527,0.9998937845230103,-9.375445365905762,8.48092240630649e-05
1424,A year in which the IPO market sobered up https://t.co/bgpuGK5XpJ,1,neutral,0,negative,negative,0,0,Finistral-7B-LoRA,tfns,-0.8266550898551941,0.437793105840683,-0.5766550898551941,0.5621374845504761,-9.576655387878418,6.937327270861715e-05
1425,"Casper prices its IPO at $12 a share, the low end of range",1,neutral,1,neutral,neutral,1,0,Finistral-7B-LoRA,tfns,-3.1757009029388428,0.04202720522880554,-0.05070097744464874,0.956534743309021,-6.550701141357422,0.0014380918582901359
1426,"For International Funds Considering The Aramco IPO, A Short-Term Strategy That Might Play Out",1,neutral,1,neutral,neutral,1,0,Finistral-7B-LoRA,tfns,-13.500203132629395,1.3708254300581757e-06,-0.00020323118951637298,0.9999024868011475,-9.250203132629395,9.610228153178468e-05
1427,Fortinet Makes an Acquisition for One of the Fastest-Growing Segments of Cybersecurity,1,neutral,2,positive,positive,0,0,Finistral-7B-LoRA,tfns,-15.750076293945312,1.4449472018895904e-07,-10.687576293945312,2.2827996872365475e-05,-7.664863369427621e-05,0.9999771118164062
1428,"Inszone Insurance Acquires James Swiniuch Agency, Inc",1,neutral,2,positive,positive,0,0,Finistral-7B-LoRA,tfns,-12.188197135925293,5.091886578156846e-06,-7.938197135925293,0.00035696878330782056,-0.0006971312686800957,0.9996378421783447
1429,Meritex Enters Dallas Market With Acquisition of Jetstar 114 Business Center,1,neutral,2,positive,positive,0,0,Finistral-7B-LoRA,tfns,-13.500509262084961,1.3704361663258169e-06,-7.875509262084961,0.00037998397601768374,-0.0005091324565000832,0.9996185302734375
1430,OneWater Marine raised $55.4 mln in the IPO,1,neutral,2,positive,positive,0,0,Finistral-7B-LoRA,tfns,-13.625144004821777,1.2098622619305388e-06,-12.750144004821777,2.9023087790847057e-06,-0.00014399446081370115,0.9999959468841553
1431,"PPD's stock indicated in early going to open at $30, or 11% above $27 IPO price",1,neutral,2,positive,positive,0,0,Finistral-7B-LoRA,tfns,-11.375161170959473,1.1477352927613538e-05,-9.000161170959473,0.00012339316890574992,-0.00016139635408762842,0.9998651742935181
1432,$ALGN - Align loses patent case against 3Shape https://t.co/2HgNiksWgy,0,negative,0,negative,negative,1,0,Finistral-7B-LoRA,tfns,-2.0146166207268834e-05,0.9999974966049194,-18.25002098083496,1.1861090776221772e-08,-12.875020027160645,2.561282371971174e-06
1433,Alstom's U.K. unit fined 15 million pounds in connection with bribes paid in Tunisia https://t.co/wAS04f4bOb,0,negative,0,negative,negative,1,0,Finistral-7B-LoRA,tfns,-8.225102646974847e-05,0.9999885559082031,-18.75008201599121,7.19405113258631e-09,-11.375082015991211,1.1478769010864198e-05
1434,"Amazon files suit, challenging Pentagon’s $10 billion cloud contract to Microsoft https://t.co/bhI1vQg91J",0,negative,0,negative,negative,1,0,Finistral-7B-LoRA,tfns,-0.0001072826053132303,0.9999938011169434,-14.687606811523438,4.181163149041822e-07,-12.062606811523438,5.771917130914517e-06
1435,Amazon's Third-Party Marketplace Faces Fresh Regulatory Headwinds,0,negative,0,negative,negative,1,0,Finistral-7B-LoRA,tfns,-1.4185804502631072e-05,0.9999992847442627,-16.18751335144043,9.329487227205391e-08,-14.250014305114746,6.475947884609923e-07
1436,Auto parts supplier Prevent sues Volkswagen for suppressing competition,0,negative,0,negative,negative,1,0,Finistral-7B-LoRA,tfns,-0.00010966652916977182,0.9999972581863403,-17.68760871887207,2.0816855794691946e-08,-12.812609672546387,2.726470256675384e-06
1437,EU probes Qualcomm over radio-frequency chips,0,negative,0,negative,negative,1,0,Finistral-7B-LoRA,tfns,-1.7881233361549675e-05,0.9999995231628418,-20.187517166137695,1.7087555814754296e-09,-14.500018119812012,5.043474402555148e-07
1438,India's state-run banks report fraud of more than $13 billion in 6 months,0,negative,0,negative,negative,1,0,Finistral-7B-LoRA,tfns,-0.00019095504831057042,0.9999852180480957,-17.21894073486328,3.3264843324332105e-08,-11.125190734863281,1.4738980098627508e-05
1439,"Madhya Pradesh Vyapam Scam: Man Gets 10 Years, 30 Others Get 7 Years In Jail",0,negative,0,negative,negative,1,0,Finistral-7B-LoRA,tfns,-0.014059544540941715,0.9924626350402832,-5.014059543609619,0.0066871605813503265,-7.076559543609619,0.0008501770789735019
1440,New York hits Juul with a lawsuit,0,negative,0,negative,negative,1,0,Finistral-7B-LoRA,tfns,-2.539125671319198e-05,0.999997615814209,-20.718774795532227,1.0045235754319037e-09,-12.937525749206543,2.406102339591598e-06
1441,Rio Tinto faces Mongolia lawsuit over Oyu Tolgoi mine,0,negative,0,negative,negative,1,0,Finistral-7B-LoRA,tfns,-4.649054244509898e-05,0.9999948740005493,-18.937545776367188,5.964114979661872e-09,-12.187546730041504,5.093705112813041e-06
1442,Sanctions-hit refiner Nynas handed administrator by Swedish court,0,negative,0,negative,negative,1,0,Finistral-7B-LoRA,tfns,-3.0040289857424796e-05,0.9999934434890747,-14.875029563903809,3.4663048609218094e-07,-12.000029563903809,6.144171948108124e-06
1443,U.S. agency probes 12th Tesla crash tied to possible Autopilot use,0,negative,0,negative,negative,1,0,Finistral-7B-LoRA,tfns,-2.407998726994265e-05,0.999998927116394,-18.250024795532227,1.1861107651611746e-08,-13.75002384185791,1.0677028967620572e-06
1444,UK regulator orders recall of fire-risk Whirlpool washing machines,0,negative,0,negative,negative,1,0,Finistral-7B-LoRA,tfns,-3.8742269680369645e-05,0.9999963045120239,-18.625038146972656,8.151990193994152e-09,-12.500039100646973,3.7266393064783188e-06
1445,"United was sued by a passenger for refusing to issue refunds, just days after U.S. regulators ordered airlines to r… https://t.co/JvGcITvqPf",0,negative,0,negative,negative,1,0,Finistral-7B-LoRA,tfns,-1.5735502529423684e-05,0.9999973773956299,-15.875015258789062,1.2751871736327303e-07,-12.875015258789062,2.5612819172238233e-06
1446,UPDATE 1-Italian police search ArcelorMittal offices over Ilva probe,0,negative,0,negative,negative,1,0,Finistral-7B-LoRA,tfns,-0.00010978573118336499,0.9999831914901733,-11.625109672546387,8.939626241044607e-06,-11.750109672546387,7.889191692811437e-06
1447,Walmart employee's family files wrongful death lawsuit after man dies of coronavirus complications https://t.co/cXYG6iXeL0,0,negative,0,negative,negative,1,0,Finistral-7B-LoRA,tfns,-0.0017786887474358082,0.9986739158630371,-13.751778602600098,1.0662881777534494e-06,-6.626778602600098,0.0013250209158286452
1448,WeWork Faces Another Investigation Over Neumann,0,negative,0,negative,negative,1,0,Finistral-7B-LoRA,tfns,-0.00010275312524754554,0.9999977350234985,-18.062602996826172,1.4307209639241592e-08,-13.000102996826172,2.2603242086915998e-06
1449,$TEVA - Teva in talks with DoJ to end generics probes - Bloomberg https://t.co/a47OmArrQY,2,positive,2,positive,positive,1,0,Finistral-7B-LoRA,tfns,-11.06256103515625,1.5688994608353823e-05,-10.25006103515625,3.5355693398742005e-05,-6.067568756407127e-05,0.9999488592147827
1450,BPH Energy : Settlement of Litigation #BPHEnergy #Stock #MarketScreener https://t.co/DD5IfT4zgo https://t.co/sZfkzFWMcP,2,positive,2,positive,positive,1,0,Finistral-7B-LoRA,tfns,-7.94400691986084,0.0003548612876329571,-5.13150691986084,0.005908971186727285,-0.006506804842501879,0.9937361478805542
1451,Enterprise Wins Favorable Ruling From Texas Supreme Court,2,positive,2,positive,positive,1,0,Finistral-7B-LoRA,tfns,-13.81252670288086,1.003012926048541e-06,-13.62502670288086,1.2098645356672932e-06,-2.634490556374658e-05,0.9999978542327881
1452,Fiat reaches settlement with Italy tax agency over Chrysler value claim,2,positive,2,positive,positive,1,0,Finistral-7B-LoRA,tfns,-12.125972747802734,5.417279680841602e-06,-7.000972747802734,0.0009110463433898985,-0.0009727513534016907,0.9990836381912231
1453,GM not liable for punitive damages in ignition switch cases: U.S. appeals court,2,positive,2,positive,positive,1,0,Finistral-7B-LoRA,tfns,-7.670773506164551,0.0004673339717555791,-3.170773506164551,0.042068060487508774,-0.04577355086803436,0.9574646353721619
1454,Gm wins key legal victory over pre-bankruptcy liability,2,positive,2,positive,positive,1,0,Finistral-7B-LoRA,tfns,-15.312508583068848,2.238028713463791e-07,-16.75000762939453,5.315784079584773e-08,-8.34461570775602e-06,0.9999997615814209
1455,HSBC makes last-minute settlement with ex-currencies head https://t.co/uqYy01pnBL,2,positive,2,positive,positive,1,0,Finistral-7B-LoRA,tfns,-7.501343727111816,0.0005523865693248808,-7.251343727111816,0.0007092783926054835,-0.0013436584267765284,0.9987383484840393
1456,Alphabet Seeks Quiet End to Investor Suits Over Sex Harassment,1,neutral,2,positive,positive,0,0,Finistral-7B-LoRA,tfns,-7.691773891448975,0.0004566666902974248,-5.629273891448975,0.003591961693018675,-0.004274043254554272,0.9959514141082764
1457,"Amazon seeks to depose Trump, Esper in lawsuit over cloud computing contract",1,neutral,0,negative,negative,0,0,Finistral-7B-LoRA,tfns,-0.2674882709980011,0.8369705677032471,-1.9549882411956787,0.15482398867607117,-4.892488479614258,0.008205370977520943
1458,Bayer seeks reversal of $86M Roundup cancer verdict,1,neutral,0,negative,negative,0,0,Finistral-7B-LoRA,tfns,-0.0031255462672561407,0.9993512034416199,-9.253125190734863,9.60492980084382e-05,-7.5031256675720215,0.00055272551253438
1459,"California to stop buying GM, Toyota and Fiat Chrysler vehicles over emissions fight",1,neutral,0,negative,negative,0,0,Finistral-7B-LoRA,tfns,-4.911301948595792e-05,0.9999985694885254,-18.750049591064453,7.194123075038306e-09,-13.437548637390137,1.4593763353332179e-06
1460,CN meets U.S. federal requirement to operate Positive Train Control on all required tracks ahead of schedule  https://t.co/79kRLNp5Ip,1,neutral,2,positive,positive,0,0,Finistral-7B-LoRA,tfns,-12.002793312072754,6.128982477093814e-06,-6.002793788909912,0.0024726081173866987,-0.00279357866384089,0.9975212216377258
1461,Department of Justice Blames China for Equifax Data Breach: What You Need to Know,1,neutral,0,negative,negative,0,0,Finistral-7B-LoRA,tfns,-0.013024966232478619,0.9963790774345398,-6.263024806976318,0.0019234641222283244,-6.388024806976318,0.0016974512254819274
1462,DOJ moves to scrap decades-old movie distribution rules,1,neutral,2,positive,positive,0,0,Finistral-7B-LoRA,tfns,-15.43753433227539,1.975053152136752e-07,-16.00003433227539,1.125351332120772e-07,-3.4450891689630225e-05,0.9999996423721313
1463,DOJ seeks to reverse the ruling against Qualcomm,1,neutral,2,positive,positive,0,0,Finistral-7B-LoRA,tfns,-16.125,9.931193289958173e-08,-18.375,1.0467401168057222e-08,-8.344646857949556e-07,0.9999998807907104
1464,FAA chief weighs changes to plane approval process: WSJ,1,neutral,1,neutral,neutral,1,0,Finistral-7B-LoRA,tfns,-12.875083923339844,2.561123210398364e-06,-8.356221951544285e-05,0.9999353885650635,-9.687583923339844,6.205033423611894e-05
1465,"JetBlue founder was a ""death knell"" for this Canada carrier, a lawsuit says https://t.co/14JYSa5ahV",1,neutral,0,negative,negative,0,0,Finistral-7B-LoRA,tfns,-0.00011276562872808427,0.999985933303833,-13.750112533569336,1.0676890269678552e-06,-11.250112533569336,1.3007114830543287e-05
1466,"NEW: A federal appeals court in Washington upheld regulations by the FDA saying ""e-cigarettes are indisputably high… https://t.co/fM0DaAKGK6",1,neutral,1,neutral,neutral,1,0,Finistral-7B-LoRA,tfns,-2.1274194717407227,0.11916770786046982,-0.12741953134536743,0.8805368542671204,-8.127419471740723,0.0002953872026409954
1467,NEW: Teva and other generic drugmakers have held talks with the U.S. about resolving a long-running probe of allege… https://t.co/CmycwwREYa,1,neutral,2,positive,positive,0,0,Finistral-7B-LoRA,tfns,-4.299569606781006,0.013583483174443245,-1.9245696067810059,0.14603619277477264,-0.17456965148448944,0.8403803706169128
1468,Roche's Small Spark Deal Holds a Big Regulatory Warning,1,neutral,0,negative,negative,0,0,Finistral-7B-LoRA,tfns,-0.009163112379610538,0.9917238354682922,-4.884162902832031,0.007571904454380274,-7.259162902832031,0.0007042968645691872
1469,SEC investigator https://t.co/xn4CBYig52,1,neutral,1,neutral,neutral,1,0,Finistral-7B-LoRA,tfns,-3.5368287563323975,0.02921614609658718,-0.036828819662332535,0.9675058722496033,-5.724328994750977,0.0032779609318822622
1470,U.S. arrests three in alleged $722 million cryptocurrency fraud https://t.co/r7JbcAUepE https://t.co/I6DBZ4xKzB,1,neutral,0,negative,negative,0,0,Finistral-7B-LoRA,tfns,-0.0031515713781118393,0.9972314238548279,-7.4406514167785645,0.0005871252506040037,-6.1281514167785645,0.002181435003876686
1471,UPDATE 1-Swedbank pledges prompt release of money laundering probe,1,neutral,1,neutral,neutral,1,0,Finistral-7B-LoRA,tfns,-4.635076522827148,0.009706751443445683,-0.010076722130179405,0.9901155233383179,-8.635076522827148,0.00017778533219825476
1472,$AMTD - Ameritrade: Charles Schwab's Offer In Line With Our Valuation. Keep reading: https://t.co/soth7CVICV #business #finance #stocks,1,neutral,1,neutral,neutral,1,0,Finistral-7B-LoRA,tfns,-10.501035690307617,2.7514726752997376e-05,-0.31353524327278137,0.7310384511947632,-1.313535213470459,0.268934041261673
1473,$AMTD $SCHW - Schwab to buy TD Ameritrade in $26B all-stock deal https://t.co/eycEc0Nye9,1,neutral,2,positive,positive,0,0,Finistral-7B-LoRA,tfns,-13.375061988830566,1.5534776593995048e-06,-11.250061988830566,1.3007108464080375e-05,-6.23445157543756e-05,0.9999854564666748
1474,$BYND - Susquehanna holds stake in Beyond Meat https://t.co/RIuPccbwsX,1,neutral,2,positive,positive,0,0,Finistral-7B-LoRA,tfns,-15.812539100646973,1.3574144475114736e-07,-11.187539100646973,1.384600363962818e-05,-3.93382906622719e-05,0.9999860525131226
1475,"$CBS: CBS/Viacom (VIAB) expect to close merger on Wednesday, December 4th https://t.co/UuC8Oj9MAP",1,neutral,2,positive,positive,0,0,Finistral-7B-LoRA,tfns,-14.812530517578125,3.689865195610764e-07,-12.125030517578125,5.422217327577528e-06,-3.0636318115284666e-05,0.9999942779541016
1476,$GATX: GATX enters into stock purchase agreement for the sale of its American Steamship Company business to Rand... https://t.co/FgdxBcYBd9,1,neutral,2,positive,positive,0,0,Finistral-7B-LoRA,tfns,-9.450323104858398,7.971542800078169e-05,-2.8253228664398193,0.060081854462623596,-0.07532282173633575,0.9398383498191833
1477,$INFY: Infosys to acquire cloud solutions company Simplus; terms not disclosed https://t.co/yYMwyRYblI,1,neutral,2,positive,positive,0,0,Finistral-7B-LoRA,tfns,-13.940765380859375,8.823486723485985e-07,-5.753265380859375,0.0031726802699267864,-0.0032654081005603075,0.9968265295028687
1478,$LCII - LCI Industries lands Polyplastic https://t.co/t6omAq06sK,1,neutral,2,positive,positive,0,0,Finistral-7B-LoRA,tfns,-10.563116073608398,2.5854813429759815e-05,-7.625616550445557,0.00048784457612782717,-0.0006163604557514191,0.9994863271713257
1479,$NVS - Novartis: Swiss Pharmaceutical Titan On Sale. https://t.co/FI5wU6MyeC #investing #markets #stocks,1,neutral,2,positive,positive,0,0,Finistral-7B-LoRA,tfns,-1.0621265172958374,0.34782806038856506,-6.062126636505127,0.002343646949157119,-0.4371265470981598,0.649828314781189
1480,$RMLRF $TRYUF - Ramelius Resources to scoop up Spectrum Metals https://t.co/5gqMvy0sSS,1,neutral,2,positive,positive,0,0,Finistral-7B-LoRA,tfns,-8.563297271728516,0.00019106027320958674,-8.375797271728516,0.00023046268324833363,-0.0007970731821842492,0.9995785355567932
1481,$SRNE: Sorrento Therapeutics says rejects cash acquisition proposal for between $3.00-5.00/share https://t.co/ib0vORvPPF,1,neutral,0,negative,negative,0,0,Finistral-7B-LoRA,tfns,-0.9561518430709839,0.39099133014678955,-1.2061518430709839,0.3045043647289276,-1.2061518430709839,0.3045043647289276
1482,$TCO: Taubman Centers: Simon Property Group to acquire TCO for $52.50 per share in cash https://t.co/WbnGpQwuiR,1,neutral,2,positive,positive,0,0,Finistral-7B-LoRA,tfns,-13.062714576721191,2.12336362892529e-06,-11.875214576721191,6.962241513974732e-06,-0.00021419614495243877,0.9999909400939941
1483,$TD $SCHW $AMTD - TD Bank to own 13% Schwab stake after Ameritrade deal https://t.co/oqmaKzAJTW,1,neutral,2,positive,positive,0,0,Finistral-7B-LoRA,tfns,-12.313333511352539,4.491991603572387e-06,-7.250833988189697,0.0007096672197803855,-0.0008338788175024092,0.999285876750946
1484,"$TIF: Tiffany & Co confirms agreement to be acquired by LVMH (LVMUY) for $135/share in cash, or approximately $16.2… https://t.co/xhNzqZ8PVx",1,neutral,2,positive,positive,0,0,Finistral-7B-LoRA,tfns,-14.31252670288086,6.083589028094138e-07,-15.12502670288086,2.6995761004400265e-07,-2.634490556374658e-05,0.9999991655349731
1485,AE Industrial Partners buys American Pacific from Jon M Huntsman family office,1,neutral,2,positive,positive,0,0,Finistral-7B-LoRA,tfns,-7.269042015075684,0.0008103431900963187,-1.331541895866394,0.30710896849632263,-0.519041895866394,0.6920807361602783
1486,Alkermes acquires Rodin Therapeutics for up to $950M,1,neutral,2,positive,positive,0,0,Finistral-7B-LoRA,tfns,-14.18868350982666,6.893608315294841e-07,-15.50118350982666,1.8553897973561106e-07,-0.0011838816571980715,0.9999990463256836
1487,Ayala Yields Control of Manila Water to Billionaire Razon,1,neutral,1,neutral,neutral,1,0,Finistral-7B-LoRA,tfns,-13.812562942504883,1.0030103112512734e-06,-6.317892984952778e-05,0.999995231628418,-12.500062942504883,3.7266354411258362e-06
1488,Barrick Gold denies Freeport-McMoran tie-up in the works,1,neutral,1,neutral,neutral,1,0,Finistral-7B-LoRA,tfns,-9.562616348266602,7.031174754956737e-05,-0.0001161031104857102,0.9999282360076904,-13.437616348266602,1.4592736761187552e-06
1489,BlackRock slashes stake in Peabody Energy,1,neutral,0,negative,negative,0,0,Finistral-7B-LoRA,tfns,-5.507317473529838e-05,0.9999986886978149,-20.81255531311035,9.146300938844831e-10,-13.562555313110352,1.2878952020400902e-06
1490,CBS and Viacom to close merger on Dec. 4,1,neutral,2,positive,positive,0,0,Finistral-7B-LoRA,tfns,-12.62934398651123,3.275363496868522e-06,-5.5043439865112305,0.004070124588906765,-0.004343955311924219,0.9959266185760498
1491,CBS and Viacom to close merger on Dec. 4 https://t.co/V6yhhhQkOu https://t.co/mG8Ri2LR71,1,neutral,1,neutral,neutral,1,0,Finistral-7B-LoRA,tfns,-10.527284622192383,2.6820956918527372e-05,-0.02728438563644886,0.9740164875984192,-3.6522843837738037,0.025956660509109497
1492,CBS Corporation and Viacom Inc. Announce Expected Closing Date of Merger,1,neutral,1,neutral,neutral,1,0,Finistral-7B-LoRA,tfns,-9.795048713684082,5.58380525035318e-05,-0.04504881054162979,0.9578587412834167,-3.170048713684082,0.042085375636816025
1493,Charles Schwab to buy TD Ameritrade in $26 billion all-stock deal https://t.co/1wEXNU4RV0,1,neutral,2,positive,positive,0,0,Finistral-7B-LoRA,tfns,-12.438458442687988,3.964170900871977e-06,-7.250958442687988,0.0007096676272340119,-0.0009584600338712335,0.9992864727973938
1494,Charles Schwab to buy TD Ameritrade in $26-billion blockbuster brokerage deal,1,neutral,2,positive,positive,0,0,Finistral-7B-LoRA,tfns,-15.812568664550781,1.3574330637311505e-07,-15.812568664550781,1.3574330637311505e-07,-6.878139538457617e-05,0.9999997615814209
1495,Chinese dairy giant Mengniu agrees to buy Kirin's Australian beverage unit Lion for $419 million https://t.co/O3gL3uOfY8,1,neutral,2,positive,positive,0,0,Finistral-7B-LoRA,tfns,-11.199112892150879,1.369388155580964e-05,-4.511612892150879,0.010986792854964733,-0.011612911708652973,0.9889995455741882
1496,Chubb to buy stake in China's Huatai Insurance for $1.53 billion #economy #MarketScreener https://t.co/sUAx6evkmj https://t.co/DVUL8EMQ0t,1,neutral,2,positive,positive,0,0,Finistral-7B-LoRA,tfns,-14.250082969665527,6.475635814240377e-07,-9.937582969665527,4.832561535295099e-05,-8.296622399939224e-05,0.9999511241912842
1497,Coty Acquires $600M Majority Stake In Kylie Jenner's Cosmetics Company,1,neutral,2,positive,positive,0,0,Finistral-7B-LoRA,tfns,-12.626178741455078,3.2887394354474964e-06,-12.751178741455078,2.9023026399954688e-06,-0.001179118873551488,0.9999938011169434
1498,"CVC Capital said to consider strategic options for Elsan, sale could reach €3bn",1,neutral,2,positive,positive,0,0,Finistral-7B-LoRA,tfns,-13.812641143798828,1.0030125849880278e-06,-13.375141143798828,1.5534964177277288e-06,-0.00014101465058047324,0.9999974966049194
1499,Duravant To Acquire WECO,1,neutral,2,positive,positive,0,0,Finistral-7B-LoRA,tfns,-14.437846183776855,5.368044639908476e-07,-8.937846183776855,0.00013135172775946558,-0.00034648136352188885,0.9998680353164673
1500,Edgewell Personal Care is ditching its bid to acquire shaving-supply maker Harry's -- reminding big consumer compan… https://t.co/WIlJz1fbNc,1,neutral,0,negative,negative,0,0,Finistral-7B-LoRA,tfns,-0.18246017396450043,0.8370793461799622,-2.057460069656372,0.1283702850341797,-3.369960069656372,0.034550391137599945
1501,"Edgewell Personal Care, which owns Schick, said it is no longer pursuing the $1.4 billion deal to buy Harry's Razor… https://t.co/P3wTZL4p3t",1,neutral,0,negative,negative,0,0,Finistral-7B-LoRA,tfns,-0.0008372138836421072,0.999442994594574,-8.125837326049805,0.0002958798431791365,-8.250837326049805,0.000261113018495962
1502,Elliott Capital sells its stake in XPO Logistics Europe,1,neutral,1,neutral,neutral,1,0,Finistral-7B-LoRA,tfns,-11.250253677368164,1.3006638255319558e-05,-0.0002535260282456875,0.9999493360519409,-10.187753677368164,3.763595668715425e-05
1503,EVI Industries to acquire Commercial Laundry Equipment Company,1,neutral,2,positive,positive,0,0,Finistral-7B-LoRA,tfns,-13.062810897827148,2.122997329934151e-06,-8.625310897827148,0.00017952758935280144,-0.000310730334604159,0.9998183846473694
1504,Exclusive: Daimler seeks majority control of its main China joint venture - sources,1,neutral,2,positive,positive,0,0,Finistral-7B-LoRA,tfns,-6.284007549285889,0.002318695653229952,-1.7215077877044678,0.22218376398086548,-0.4715077579021454,0.775497555732727
1505,Factbox: M&As in vogue for luxury retailers seeking growth,1,neutral,2,positive,positive,0,0,Finistral-7B-LoRA,tfns,-15.187557220458984,2.536010867970617e-07,-12.687557220458984,3.0894937026459957e-06,-5.709961988031864e-05,0.9999966621398926
1506,Forescout expects deal to close in Q2,1,neutral,2,positive,positive,0,0,Finistral-7B-LoRA,tfns,-11.62708854675293,8.922472261474468e-06,-6.25208854675293,0.0019267174648121,-0.0020886289421468973,0.9980643391609192
1507,Formula Systems acquires Unique Software Industries,1,neutral,2,positive,positive,0,0,Finistral-7B-LoRA,tfns,-13.812949180603027,1.0027173402704648e-06,-8.125449180603027,0.00029595685191452503,-0.0004493180604185909,0.9997031092643738
1508,France's LVMH close to buying Tiffany after sweetening offer: sources https://t.co/5HyHxPhyqL https://t.co/eofnMyZ54Q,1,neutral,2,positive,positive,0,0,Finistral-7B-LoRA,tfns,-11.188024520874023,1.384318784403149e-05,-8.500524520874023,0.00020342416246421635,-0.0005247407825663686,0.9997827410697937
1509,Harsco (HSC) to Buy Stericycle's Environmental Solutions,1,neutral,2,positive,positive,0,0,Finistral-7B-LoRA,tfns,-15.562516212463379,1.7429786680622783e-07,-19.937515258789062,2.194086468065848e-09,-1.6212332411669195e-05,0.9999998807907104
1510,"Hg to buy electronic trading software business smartTrade from Keensight Capital, Pléiade Venture",1,neutral,1,neutral,neutral,1,0,Finistral-7B-LoRA,tfns,-8.88770866394043,0.00013854629651177675,-0.012708745896816254,0.9907371401786804,-4.70020866394043,0.009124373085796833
1511,Hologic to sell Cynosure aesthetics unit for net $138M,1,neutral,2,positive,positive,0,0,Finistral-7B-LoRA,tfns,-10.630377769470215,2.4298729840666056e-05,-9.692877769470215,6.20489809080027e-05,-0.005377826746553183,0.9999135732650757
1512,HP is open to exploring bid from Xerox: RTR,1,neutral,1,neutral,neutral,1,0,Finistral-7B-LoRA,tfns,-10.317757606506348,3.309483508928679e-05,-0.005257352255284786,0.9963733553886414,-5.6302571296691895,0.0035934834741055965
1513,HP reiterates its rejection of Xerox's offer to buy the company https://t.co/9qYk413PZE https://t.co/WLdlx9gnjf,1,neutral,0,negative,negative,0,0,Finistral-7B-LoRA,tfns,-0.4570479989051819,0.638822078704834,-1.207047939300537,0.30175819993019104,-2.832047939300537,0.05941971018910408
1514,IBP scoops up Premier Building Supply,1,neutral,2,positive,positive,0,0,Finistral-7B-LoRA,tfns,-13.937603950500488,8.851567372403224e-07,-15.250103950500488,2.3823670858291734e-07,-0.0001037067049765028,0.999998927116394
1515,IFF Said to Near $26 Billion Deal for DuPont Nutrition Unit,1,neutral,2,positive,positive,0,0,Finistral-7B-LoRA,tfns,-14.937542915344238,3.2563121976636467e-07,-16.875041961669922,4.6911626583323596e-08,-4.2914423829643056e-05,0.9999996423721313
1516,Japan Exchange : Announcement of completed acquisition of the balancer business from Schmi... #JapanExchange #Stock… https://t.co/3mODefuFt0,1,neutral,1,neutral,neutral,1,0,Finistral-7B-LoRA,tfns,-10.363964080810547,3.1584189855493605e-05,-0.11396455019712448,0.8932811617851257,-2.238964557647705,0.10668722540140152
1517,"Kirkland Lake is buying Detour for $3.7 billion, the latest deal in a wave of consolidation among gold miners https://t.co/peEFjKDxeV",1,neutral,1,neutral,neutral,1,0,Finistral-7B-LoRA,tfns,-8.46309757232666,0.00021159532479941845,-0.5255976915359497,0.5925412178039551,-0.9005976915359497,0.4072472155094147
1518,LVMH nears deal to buy Tiffany for $16.3 billion https://t.co/SlI2ZpyYhH,1,neutral,2,positive,positive,0,0,Finistral-7B-LoRA,tfns,-8.236685752868652,0.0002716774761211127,-0.9241856932640076,0.40722277760505676,-0.5491856932640076,0.5925056338310242
1519,M&A Monday: Charles Schwab to buy TD Ameritrade https://t.co/MF0tOYzLjI https://t.co/bwWCGuIzCY,1,neutral,2,positive,positive,0,0,Finistral-7B-LoRA,tfns,-12.687596321105957,3.089385018029134e-06,-10.250096321105957,3.535614087013528e-05,-9.667406266089529e-05,0.9999614953994751
1520,"Mairs and Power Sells UPS, Abbott Labs",1,neutral,0,negative,negative,0,0,Finistral-7B-LoRA,tfns,-0.0008403107640333474,0.9992591738700867,-10.375840187072754,3.117977030342445e-05,-7.250840187072754,0.0007096483022905886
1521,Mall Operator Simon Property Buying a Major Competitor,1,neutral,2,positive,positive,0,0,Finistral-7B-LoRA,tfns,-12.437606811523438,3.966985786973964e-06,-16.187606811523438,9.329455963325017e-08,-0.0001072826053132303,0.9999959468841553
1522,Mediawan Acquires the Black Dynamite Label to Expand Its Premium Documentary Offer,1,neutral,2,positive,positive,0,0,Finistral-7B-LoRA,tfns,-12.322746276855469,4.451540007721633e-06,-4.635246276855469,0.009708433412015438,-0.010246057994663715,0.9902870655059814
1523,Medicines : Novartis to buy U.S. biotech The Medicines Co. for $9.7 billion #Medicines #Stock #MarketScreener… https://t.co/TA05wVBHcd,1,neutral,2,positive,positive,0,0,Finistral-7B-LoRA,tfns,-11.001435279846191,1.6679292457411066e-05,-6.626434803009033,0.0013250003103166819,-0.0014348459662869573,0.998658299446106
1524,"Merger Monday roars back — LVMH buys Tiffany, Charles Schwab buys TD Ameritrade",1,neutral,2,positive,positive,0,0,Finistral-7B-LoRA,tfns,-13.937602996826172,8.851461075209954e-07,-11.312602996826172,1.2219064956298098e-05,-0.00010346830822527409,0.9999868869781494
1525,MGM officially in pursuit of Osaka casino,1,neutral,2,positive,positive,0,0,Finistral-7B-LoRA,tfns,-14.437596321105957,5.36873301371088e-07,-12.687596321105957,3.0894925657776184e-06,-9.667406266089529e-05,0.9999963045120239
1526,"NOVARTIS : CHF0.50(REGD) Novartis To Acquire The Medicines Company For Usd 9.7 Bn, Adding ... #Novartis #Stock… https://t.co/TEgmm5XKnN",1,neutral,2,positive,positive,0,0,Finistral-7B-LoRA,tfns,-10.423903465270996,2.9722177714575082e-05,-3.0489039421081543,0.04742446169257164,-0.048903871327638626,0.9525458216667175
1527,"PayPal has struck a deal to acquire Honey, a shopping platform that offers online shoppers discounts and rewards, f… https://t.co/D9FqQbl3Tb",1,neutral,2,positive,positive,0,0,Finistral-7B-LoRA,tfns,-11.70062255859375,8.293671271530911e-06,-4.38812255859375,0.012431548908352852,-0.013122390024363995,0.9875602126121521
1528,Razor maker Edgewell calls off $1.7bn plans to buy rival Harry's https://t.co/m57n68T5WK,1,neutral,0,negative,negative,0,0,Finistral-7B-LoRA,tfns,-0.00044586253352463245,0.9998437166213989,-11.812946319580078,7.410176749544917e-06,-8.812946319580078,0.00014883738185744733
1529,Rexford Industrial acquires two industrial properties for $99.7M,1,neutral,2,positive,positive,0,0,Finistral-7B-LoRA,tfns,-11.381797790527344,1.1418848771427292e-05,-5.256797790527344,0.005220066290348768,-0.0067976415157318115,0.9947686195373535
1530,Shell to buy operating stakes in three oil blocks offshore Colombia,1,neutral,2,positive,positive,0,0,Finistral-7B-LoRA,tfns,-16.93750762939453,4.406940945500537e-08,-18.87500762939453,6.348800152267131e-09,-7.748573807475623e-06,1.0
1531,"Simon's Taubman Deal Shows Mall REITs Undervalued, Analyst Says",1,neutral,2,positive,positive,0,0,Finistral-7B-LoRA,tfns,-9.62702751159668,6.608731928281486e-05,-2.814527988433838,0.06008267402648926,-0.0645279586315155,0.9398511648178101
1532,SIX Group Offers to Buy Spanish Exchange BME for $3.1 Billion,1,neutral,2,positive,positive,0,0,Finistral-7B-LoRA,tfns,-12.250164985656738,4.7850435294094495e-06,-11.437664985656738,1.0783261132019106e-05,-0.00016473367577418685,0.9999845027923584
1533,Swiss pharma company Novartis has reached a deal to purchase cholesterol drugmaker The Medicines Company for $9.7 b… https://t.co/AmTfZh6WEG,1,neutral,2,positive,positive,0,0,Finistral-7B-LoRA,tfns,-12.250995635986328,4.782098130817758e-06,-7.375996112823486,0.0006263311370275915,-0.000996093382127583,0.9993689656257629
1534,"U.S. Fed approves merger between BB&T, SunTrust Banks",1,neutral,2,positive,positive,0,0,Finistral-7B-LoRA,tfns,-17.68750762939453,2.0816912638110807e-08,-19.81250762939453,2.486225669784403e-09,-8.34461570775602e-06,1.0
1535,UPDATE 1-PSA trade unions give the nod to merger with Fiat,1,neutral,2,positive,positive,0,0,Finistral-7B-LoRA,tfns,-13.500181198120117,1.3707880270885653e-06,-9.000181198120117,0.00012339440581854433,-0.00018082413589581847,0.9998751878738403
1536,Warner Music Group is teaming up with private equity giant Providence Equity Partners on a new fund to acquire musi… https://t.co/ADPCaF4x9i,1,neutral,1,neutral,neutral,1,0,Finistral-7B-LoRA,tfns,-13.687751770019531,1.1365598311385838e-06,-0.00025185750564560294,0.9999953508377075,-12.562751770019531,3.500850425552926e-06
1537,"WhiteWater Express Acquires Quick N Clean Location, Launching Dedicated Expansion Into Austin",1,neutral,2,positive,positive,0,0,Finistral-7B-LoRA,tfns,-13.812565803527832,1.0030109933722997e-06,-12.687565803527832,3.0894914289092412e-06,-6.615896563744172e-05,0.9999959468841553
1538,Yum! Tries to Reboot Slumping Pizza Hut,1,neutral,2,positive,positive,0,0,Finistral-7B-LoRA,tfns,-14.875024795532227,3.4663256087696936e-07,-15.437524795532227,1.9750527258111106e-07,-2.4676019165781327e-05,0.9999994039535522
1539,America's manufacturing sector is in a recession. But that is only part of the story. The industry has expanded by... https://t.co/YUtP2dQsAj,0,negative,0,negative,negative,1,0,Finistral-7B-LoRA,tfns,-0.005470425356179476,0.9950809478759766,-5.505470275878906,0.004066668450832367,-7.067970275878906,0.0008524199947714806
1540,"Argentina's story: 
⏩ Leaders spend 
⏩ Investors sour 
⏩ Inflation spikes 
⏩ Recession hits
🔃 Repeat 
(via… https://t.co/2AnRzFq7MM",0,negative,0,negative,negative,1,0,Finistral-7B-LoRA,tfns,-6.115249561844394e-05,0.9999953508377075,-13.00006103515625,2.2603189790970646e-06,-12.93756103515625,2.4060968826233875e-06
1541,Brazil coffee production falls 20%,0,negative,0,negative,negative,1,0,Finistral-7B-LoRA,tfns,-3.862306402879767e-05,0.9999974966049194,-17.000038146972656,4.1399275119147205e-08,-12.875038146972656,2.561282371971174e-06
1542,Brazil is losing one of its most reliable growth drivers as consumer demand plummets https://t.co/pvvdLfR07D,0,negative,0,negative,negative,1,0,Finistral-7B-LoRA,tfns,-9.393251093570143e-05,0.9999945163726807,-16.187593460083008,9.329442463013038e-08,-12.125093460083008,5.42221869181958e-06
1543,Builder confidence slips in November,0,negative,0,negative,negative,1,0,Finistral-7B-LoRA,tfns,-1.3947389561508317e-05,0.9999971389770508,-17.68751335144043,2.0816852241978268e-08,-12.750014305114746,2.9023121896898374e-06
1544,"Canada’s job market unexpectedly weakened for a second-straight month, registering the biggest drop in employment s… https://t.co/YEeyGW71ek",0,negative,0,negative,negative,1,0,Finistral-7B-LoRA,tfns,-4.434487345861271e-05,0.9999862909317017,-14.187543869018555,6.893520776429796e-07,-11.250043869018555,1.3007119378016796e-05
1545,China braces for a wave of soured loans with a new bad-debt manager https://t.co/9iDZNKljqu,0,negative,0,negative,negative,1,0,Finistral-7B-LoRA,tfns,-0.0004003438516519964,0.9999649524688721,-10.62540054321289,2.429997948638629e-05,-11.43790054321289,1.0783050129248295e-05
1546,China delays trade data; S&P cuts growth forecast,0,negative,0,negative,negative,1,0,Finistral-7B-LoRA,tfns,-0.00016199229867197573,0.9999650716781616,-10.312662124633789,3.321413532830775e-05,-13.312662124633789,1.6536346265638713e-06
1547,China's first-quarter smartphone sales may halve due to coronavirus: analysts,0,negative,0,negative,negative,1,0,Finistral-7B-LoRA,tfns,-4.327203714638017e-05,0.9999985694885254,-17.375043869018555,2.845330726586326e-08,-13.500042915344238,1.370957193103095e-06
1548,Eurozone PMI Shows Economy Close To Stagnation. Sign up for updates on Seeking Alpha! https://t.co/h0OGX7AT9k #economy #finance #business,0,negative,0,negative,negative,1,0,Finistral-7B-LoRA,tfns,-4.8636207793606445e-05,0.999995231628418,-12.875048637390137,2.5612764602556126e-06,-13.000048637390137,2.260318751723389e-06
1549,Fitch Ratings adds to the drumbeat of credit assessors warning Oman about its precarious public finances https://t.co/4qw624Ecw2,0,negative,0,negative,negative,1,0,Finistral-7B-LoRA,tfns,-6.222531374078244e-05,0.999991774559021,-11.812561988830566,7.411274054902606e-06,-14.062561988830566,7.81142546202318e-07
1550,German Economic Weakness Exposed Again as Industry Slumps,0,negative,0,negative,negative,1,0,Finistral-7B-LoRA,tfns,-2.13382354559144e-05,0.9999982118606567,-20.75002098083496,9.736182970954133e-10,-13.250020980834961,1.760343138812459e-06
1551,Germany’s machine makers warned that concerns over investments from China into Europe’s largest economy are at risk… https://t.co/Uwi0ksH0pd,0,negative,0,negative,negative,1,0,Finistral-7B-LoRA,tfns,-0.00013839241000823677,0.9999234676361084,-9.500138282775879,7.484610978281125e-05,-13.312638282775879,1.6535658460270497e-06
1552,Gig workers could increase unemployment claims by another 10%: economist  by @KristinReports https://t.co/NA63QEl64P https://t.co/brqpXRi6De,0,negative,0,negative,negative,1,0,Finistral-7B-LoRA,tfns,-5.9602869441732764e-05,0.9999685287475586,-15.250059127807617,2.382294610470126e-07,-10.375059127807617,3.1201903766486794e-05
1553,Goldman Sachs sees China lowering its economic growth target for 2020 to 'around 6%' https://t.co/L4v0LbULsq,0,negative,0,negative,negative,1,0,Finistral-7B-LoRA,tfns,-6.90197994117625e-05,0.9999783039093018,-10.937568664550781,1.777848410711158e-05,-12.437568664550781,3.966915755881928e-06
1554,"Half of small businesses fall behind on April rent, poll finds - WSJ https://t.co/mcpS5eh1ao",0,negative,0,negative,negative,1,0,Finistral-7B-LoRA,tfns,-3.3854863431770355e-05,0.9999971389770508,-14.000033378601074,8.315263357872027e-07,-13.125033378601074,1.9947281089116586e-06
1555,Jobless claims hits 2.5 months high,0,negative,0,negative,negative,1,0,Finistral-7B-LoRA,tfns,-3.707340147229843e-05,0.9999905824661255,-14.62503719329834,4.450810422440554e-07,-11.62503719329834,8.939691724663135e-06
1556,Lackluster U.S. retail sales dim fourth quarter economic growth outlook,0,negative,0,negative,negative,1,0,Finistral-7B-LoRA,tfns,-8.34461570775602e-06,0.9999982118606567,-19.81250762939453,2.4862212288923047e-09,-13.250008583068848,1.760343138812459e-06
1557,Larry Kudlow says Dec. 15 tariffs are 'still on the table' https://t.co/ft8Avs632w,0,negative,0,negative,negative,1,0,Finistral-7B-LoRA,tfns,-0.00010227633902104571,0.9999932050704956,-14.250102043151855,6.475908662650909e-07,-12.000102043151855,6.144170583866071e-06
1558,Lebanon Turns to IMF as Fitch Sounds Alarm on Default,0,negative,0,negative,negative,1,0,Finistral-7B-LoRA,tfns,-0.00011264643399044871,0.9999892711639404,-12.750112533569336,2.902289452322293e-06,-11.750112533569336,7.889239896030631e-06
1559,"March 2020 SCE records a substantial deterioration in financial and economic expectations, including sharp declines… https://t.co/fIdRZPXfcI",0,negative,0,negative,negative,1,0,Finistral-7B-LoRA,tfns,-4.672895011026412e-05,0.9999970197677612,-15.750046730041504,1.4449760499246622e-07,-12.750046730041504,2.902311962316162e-06
1560,March SCE results show a sharp deterioration in consumer expectations. Check out the findings at the Center for Mic… https://t.co/FX6qV9aJA7,0,negative,0,negative,negative,1,0,Finistral-7B-LoRA,tfns,-2.038458114839159e-05,0.9999973773956299,-14.125020027160645,7.338196041928313e-07,-13.187520027160645,1.873873998192721e-06
1561,Mass layoffs push Canada consumer confidence to all-time low https://t.co/GVK9N8RK22,0,negative,0,negative,negative,1,0,Finistral-7B-LoRA,tfns,-0.00013410145766101778,0.9999840259552002,-15.375134468078613,2.1024003160619031e-07,-11.062634468078613,1.5689545762143098e-05
1562,"Mortgage forbearance requests jump nearly 2,000% as borrowers seek relief during coronavirus outbreak https://t.co/MJ1exQ1C7K",0,negative,0,negative,negative,1,0,Finistral-7B-LoRA,tfns,-0.00047398300375789404,0.9996637105941772,-13.812973976135254,1.0026777772509377e-06,-8.000473976135254,0.0003353498177602887
1563,Our microeconomists take a look at the substantial deterioration in consumer expectations in March as a result of t… https://t.co/CPp5g9xcpr,0,negative,0,negative,negative,1,0,Finistral-7B-LoRA,tfns,-6.210611172718927e-05,0.9999748468399048,-11.812561988830566,7.411148544633761e-06,-10.937561988830566,1.777842226147186e-05
1564,Retail sales falls short of expectation,0,negative,0,negative,negative,1,0,Finistral-7B-LoRA,tfns,-2.2053474822314456e-05,0.9999959468841553,-16.062522888183594,1.0571658748403934e-07,-12.437521934509277,3.966985786973964e-06
1565,Revised Mexican data paints an even bleaker picture of a stagnant economy https://t.co/It97z86YO1,0,negative,0,negative,negative,1,0,Finistral-7B-LoRA,tfns,-7.021180499577895e-05,0.9999911785125732,-13.187570571899414,1.8738624021352734e-06,-11.875070571899414,6.962243332964135e-06
1566,San Francisco Faces Budget Gap as $6 Billion Can’t Meet Costs,0,negative,0,negative,negative,1,0,Finistral-7B-LoRA,tfns,-5.030505417380482e-05,0.9999988079071045,-16.062549591064453,1.0571688591198836e-07,-13.75005054473877,1.0677027830752195e-06
1567,Sentiment among U.S. small businesses collapsed in March by the most on record https://t.co/KnB8Bq8MtF https://t.co/stAz2xPazT,0,negative,0,negative,negative,1,0,Finistral-7B-LoRA,tfns,-5.6980417866725475e-05,0.999991774559021,-14.062557220458984,7.81142546202318e-07,-11.812557220458984,7.411274054902606e-06
1568,Spanish Farmers Rise Up Against Unfair Prices Amidst The Worst Agri-Food Crisis In Decades,0,negative,0,negative,negative,1,0,Finistral-7B-LoRA,tfns,-0.00881459191441536,0.9990513920783997,-10.196314811706543,3.7602159864036366e-05,-7.008814811706543,0.0009110169485211372
1569,Stock Market Update: November retail sales increase less than expected,0,negative,0,negative,negative,1,0,Finistral-7B-LoRA,tfns,-0.0021688053384423256,0.9980695843696594,-8.377168655395508,0.00023011477605905384,-6.377168655395508,0.001700331224128604
1570,Substantial deterioration' in consumer expectations: NY Fed survey https://t.co/VxqxsYW0yb by @bcheungz https://t.co/cGQuyU85as,0,negative,0,negative,negative,1,0,Finistral-7B-LoRA,tfns,-2.7179348762729205e-05,0.9999866485595703,-15.00002670288086,3.058982258608012e-07,-11.25002670288086,1.3007123925490305e-05
1571,Texas manufacturing activity weakens slightly https://t.co/MMbMlGel5P,0,negative,0,negative,negative,1,0,Finistral-7B-LoRA,tfns,-5.280832192511298e-05,0.9999871253967285,-12.312552452087402,4.495143912208732e-06,-11.687552452087402,8.398033969569951e-06
1572,The real estate market in downtown Los Angeles is taking a hit as Chinese cash dries up https://t.co/Wg3Roxe9pk,0,negative,0,negative,negative,1,0,Finistral-7B-LoRA,tfns,-0.0001734344696160406,0.9999971389770508,-13.437673568725586,1.4593741752833012e-06,-13.437673568725586,1.4593741752833012e-06
1573,The U.S. budget deficit widened in November to $208.8 billion https://t.co/PsXjeUbXvP,0,negative,0,negative,negative,1,0,Finistral-7B-LoRA,tfns,-0.00010764019680209458,0.9999783039093018,-12.437607765197754,3.966915755881928e-06,-10.937607765197754,1.777848410711158e-05
1574,"U.S. coal production will fall even more sharply than expected this year, dragging down demand for electricity https://t.co/EyVWpQmpUr",0,negative,0,negative,negative,1,0,Finistral-7B-LoRA,tfns,-0.00012361239350866526,0.9999957084655762,-14.937623977661133,3.256299407894403e-07,-12.437623977661133,3.966984877479263e-06
1575,"U.S. economy is in a contraction, says Larry Kudlow, adding that it could reopen in four to eight weeks https://t.co/tgwRWgau7k",0,negative,0,negative,negative,1,0,Finistral-7B-LoRA,tfns,-0.00012003655137959868,0.9999327659606934,-13.625120162963867,1.2097858643755899e-06,-9.625120162963867,6.605206726817414e-05
1576,"U.S. retail sales rise slightly, cast shadow on Q4 economic growth",0,negative,0,negative,negative,1,0,Finistral-7B-LoRA,tfns,-0.586462676525116,0.5564469695091248,-4.586462497711182,0.01019168458878994,-0.836462676525116,0.43336135149002075
1577,U.S. Stocks Drop on Economic Growth Concerns #SP500 #index #MarketScreener https://t.co/f2nxgBZJfU https://t.co/0IcsN3843x,0,negative,0,negative,negative,1,0,Finistral-7B-LoRA,tfns,-2.3603161025675945e-05,0.9999936819076538,-16.187522888183594,9.329434647042945e-08,-12.00002384185791,6.144173767097527e-06
1578,US Proved Oil & Gas Reserves Hit New Record High,0,negative,2,positive,positive,0,0,Finistral-7B-LoRA,tfns,-14.93751049041748,3.256311345012364e-07,-15.18751049041748,2.536017973397975e-07,-1.0371154530730564e-05,0.9999994039535522
1579,Diesel Demand Slump Signals Manufacturing Recession Is Still Raging https://t.co/yKe9QbFfKO,0,negative,0,negative,negative,1,0,Finistral-7B-LoRA,tfns,-2.95634672511369e-05,0.9999909400939941,-16.500028610229492,6.825541731814155e-08,-11.625029563903809,8.939695362641942e-06
1580,$ECONX: December University of Michigan Consumer Sentiment- Prelim 99.2 vs 96.5 https://t.co/M9gpUZQoF7 consensus;… https://t.co/fmehvuGCH2,2,positive,2,positive,positive,1,0,Finistral-7B-LoRA,tfns,-15.625000953674316,1.6373769540223293e-07,-16.875001907348633,4.691163724146463e-08,-1.1920922133867862e-06,0.9999998807907104
1581,$ECONX: November Nonfarm Payrolls 266K vs 182K https://t.co/M9gpUZQoF7 consensus https://t.co/uPsOqomWWO,2,positive,2,positive,positive,1,0,Finistral-7B-LoRA,tfns,-14.875001907348633,3.4663264614209766e-07,-17.437501907348633,2.6729438218353607e-08,-1.9073468138230965e-06,0.9999996423721313
1582,$ECONX: October Wholesale Inventories M/M -0.7% vs +0.2% https://t.co/M9gpUZQoF7 consensus https://t.co/FnLMSxNhlq,2,positive,0,negative,negative,0,0,Finistral-7B-LoRA,tfns,-1.5020257706055418e-05,0.9999911785125732,-13.187515258789062,1.8738624021352734e-06,-11.875015258789062,6.962243332964135e-06
1583,12.23 Lakh New Jobs Created In September: ESIC Payroll Data,2,positive,2,positive,positive,1,0,Finistral-7B-LoRA,tfns,-15.062521934509277,2.8736849344568327e-07,-15.750021934509277,1.4449797447468882e-07,-2.2053474822314456e-05,0.9999996423721313
1584,"At 11.2%, Air Passenger Growth Returns To Double-Digits In November",2,positive,2,positive,positive,1,0,Finistral-7B-LoRA,tfns,-16.375032424926758,7.734421103577915e-08,-17.500032424926758,2.510998697857758e-08,-3.325883881188929e-05,0.9999998807907104
1585,"Austria is planning the first steps to restart its economy as soon as next week, the first European country to do so https://t.co/wpN1WMrcW5",2,positive,1,neutral,neutral,0,0,Finistral-7B-LoRA,tfns,-12.250232696533203,4.784382326761261e-06,-0.0002325502864550799,0.999846339225769,-8.812732696533203,0.00014883776020724326
1586,Booming London Defies Weak Second Quarter for Britain’s Economy,2,positive,2,positive,positive,1,0,Finistral-7B-LoRA,tfns,-13.000040054321289,2.2602948774874676e-06,-11.250040054321289,1.3007099369133357e-05,-3.9934315282152966e-05,0.9999847412109375
1587,Building permits rise 5% in October to 1.461 million rate,2,positive,2,positive,positive,1,0,Finistral-7B-LoRA,tfns,-13.062541961669922,2.123377498719492e-06,-14.562541961669922,4.737895267226122e-07,-4.184158387943171e-05,0.9999973773956299
1588,Canadian builders began 2020 with a strong rebound in housing starts that is good news for the nation's increasingl… https://t.co/r6YX9IpI51,2,positive,2,positive,positive,1,0,Finistral-7B-LoRA,tfns,-13.875029563903809,9.422432185601792e-07,-13.500029563903809,1.3709558288610424e-06,-3.0040289857424796e-05,0.999997615814209
1589,China is buying more U.S. soybeans as both countries try to reach an initial agreement on trade. https://t.co/AXVjY70Yoc,2,positive,2,positive,positive,1,0,Finistral-7B-LoRA,tfns,-15.062551498413086,2.8736849344568327e-07,-16.187551498413086,9.329490069376334e-08,-5.173549288883805e-05,0.9999996423721313
1590,"China is in the process of waiving retaliatory tariffs on imports of U.S. pork and soy by domestic companies, a pro… https://t.co/08mZU9TrBX",2,positive,2,positive,positive,1,0,Finistral-7B-LoRA,tfns,-12.750065803527832,2.902263759096968e-06,-11.000065803527832,1.670137316978071e-05,-6.544376083184034e-05,0.9999804496765137
1591,"Consumer credit $18.9BN, Exp. $16BN, Last $9.6BN",2,positive,1,neutral,neutral,0,0,Finistral-7B-LoRA,tfns,-3.816147565841675,0.02203161083161831,-0.06614761054515839,0.9368079304695129,-3.191147565841675,0.0411604680120945
1592,Corporate venture capital deals hit new record as banks invest in fintech competitors https://t.co/yNdMmEYskR,2,positive,2,positive,positive,1,0,Finistral-7B-LoRA,tfns,-8.538688659667969,0.0001959007204277441,-2.3511886596679688,0.09533078223466873,-0.1011885479092598,0.9044733047485352
1593,"Dubai Economy Grew 2.1% in First Half of 2019, Says Media Office",2,positive,2,positive,positive,1,0,Finistral-7B-LoRA,tfns,-15.37536907196045,2.1024303009653522e-07,-13.50036907196045,1.3709568520425819e-06,-0.0003692421887535602,0.9999983310699463
1594,Fannie boosts 2020 real GDP outlook on housing strength,2,positive,2,positive,positive,1,0,Finistral-7B-LoRA,tfns,-15.875029563903809,1.2751901579122205e-07,-15.187529563903809,2.5360185418321635e-07,-2.9801878554280847e-05,0.9999996423721313
1595,Global air passenger traffic has grown at 4% YoY in 2019 ytd while air freight volumes contracted 4% over the same period: BofA,2,positive,1,neutral,neutral,0,0,Finistral-7B-LoRA,tfns,-10.751791954040527,2.1418254618765786e-05,-0.0017915404168888927,0.9987338185310364,-6.689291477203369,0.0012448168126866221
1596,"Global Economy Won't See Recession in 2020, Says Quilvest",2,positive,2,positive,positive,1,0,Finistral-7B-LoRA,tfns,-14.87503719329834,3.466325892986788e-07,-16.375038146972656,7.734418261406972e-08,-3.766942609217949e-05,0.9999995231628418
1597,GlobalData : Global sales of psychiatric drugs could reach more than $40bn by 2025 due to ... #GlobalData #Stock… https://t.co/rKWo7oKcgD,2,positive,2,positive,positive,1,0,Finistral-7B-LoRA,tfns,-13.562549591064453,1.2878886082035024e-06,-12.187549591064453,5.093698291602777e-06,-4.935142715112306e-05,0.9999935626983643
1598,Goldman: Go Long On Fracking,2,positive,2,positive,positive,1,0,Finistral-7B-LoRA,tfns,-15.250042915344238,2.382368506914645e-07,-15.312542915344238,2.2380281450296025e-07,-4.2914423829643056e-05,0.9999995231628418
1599,Here Is The Main Reason For Today's Blockbuster Jobs Report https://t.co/KEB3cegJ7E,2,positive,2,positive,positive,1,0,Finistral-7B-LoRA,tfns,-12.562529563903809,3.5008538361580577e-06,-15.250029563903809,2.3823608330530988e-07,-2.9682672902708873e-05,0.9999963045120239
1600,Housing starts climb 3.8% in October to 1.314 million rate,2,positive,2,positive,positive,1,0,Finistral-7B-LoRA,tfns,-14.375019073486328,5.715004363082699e-07,-18.687519073486328,7.65811059011412e-09,-1.8954096958623268e-05,0.9999994039535522
1601,"IHS Markit sees global GDP growth stabilizing at 2.5% in 2020, rising to 2.7% in 2021",2,positive,2,positive,positive,1,0,Finistral-7B-LoRA,tfns,-12.564130783081055,3.4955992305185646e-06,-6.501631259918213,0.0015011769719421864,-0.0016312400111928582,0.99849534034729
1602,"Job Growth Surges In January, Beating Wall Street Expectations",2,positive,2,positive,positive,1,0,Finistral-7B-LoRA,tfns,-16.000003814697266,1.1253516163378663e-07,-20.312503814697266,1.507971969516575e-09,-3.099436753473128e-06,0.9999998807907104
1603,Job growth swells in January,2,positive,2,positive,positive,1,0,Finistral-7B-LoRA,tfns,-16.375003814697266,7.734421103577915e-08,-20.000003814697266,2.06115324807854e-09,-3.4570634852570947e-06,0.9999998807907104
1604,Jobs Report Should Bolster Fed Confidence: Riccadonna (Radio),2,positive,2,positive,positive,1,0,Finistral-7B-LoRA,tfns,-14.37501049041748,5.715004363082699e-07,-17.437509536743164,2.672943111292625e-08,-1.0132738680113107e-05,0.9999994039535522
1605,Mild weather boosts U.S. job growth; but benchmark revisions show ebbing momentum,2,positive,2,positive,positive,1,0,Finistral-7B-LoRA,tfns,-5.409928321838379,0.004534977953881025,-2.597428560256958,0.07551416754722595,-0.09742847084999084,0.9199509024620056
1606,Mnuchin says trade deal with China to boost global economy,2,positive,2,positive,positive,1,0,Finistral-7B-LoRA,tfns,-17.562503814697266,2.3588654585182667e-08,-19.125003814697266,4.94445018262013e-09,-3.933898824470816e-06,1.0
1607,"RECAP 11/22 TRUMPSAYS:
China deal is coming along very well

Live Breaking trading news
https://t.co/yChRCoaR8v",2,positive,2,positive,positive,1,0,Finistral-7B-LoRA,tfns,-15.000082015991211,3.0590203436986485e-07,-14.437582015991211,5.368747792999784e-07,-8.225102646974847e-05,0.9999990463256836
1608,Saudi Arabia's Unemployment Falls to Lowest in Over Three Years,2,positive,2,positive,positive,1,0,Finistral-7B-LoRA,tfns,-14.375018119812012,5.715004363082699e-07,-16.812519073486328,4.993715307932689e-08,-1.8358061424805783e-05,0.9999994039535522
1609,"Small Business Roundtable with President Trump: Regulatory Relief is Boosting Revenues, Job Growth and Entrepreneur… https://t.co/5DucI1Vn14",2,positive,2,positive,positive,1,0,Finistral-7B-LoRA,tfns,-13.250408172607422,1.7600068531464785e-06,-8.562908172607422,0.00019110397261101753,-0.0004078510100953281,0.9998071789741516
1610,"Stock Market Update: Housing starts, building permits pick up in October",2,positive,2,positive,positive,1,0,Finistral-7B-LoRA,tfns,-14.812512397766113,3.689884806590271e-07,-19.50001335144043,3.3982667790866117e-09,-1.2874520507466514e-05,0.9999996423721313
1611,U.K. House Prices Rise 0.4% With Signs of Strengthening Economy,2,positive,2,positive,positive,1,0,Finistral-7B-LoRA,tfns,-15.125006675720215,2.6995778057425923e-07,-17.75000762939453,1.9555676189497717e-08,-6.9141146923357155e-06,0.9999997615814209
1612,U.S. factory and services activity quicken in November: Markit https://t.co/Uvnds2WdjP https://t.co/NlVK9IhoJ1,2,positive,2,positive,positive,1,0,Finistral-7B-LoRA,tfns,-14.437506675720215,5.368748929868161e-07,-15.875006675720215,1.275189731586579e-07,-7.033323527139146e-06,0.9999992847442627
1613,UMich Consumer Confidence Surges In Early December Read https://t.co/u0HvOhY3Ri,2,positive,2,positive,positive,1,0,Finistral-7B-LoRA,tfns,-15.250001907348633,2.3823690753488336e-07,-18.812501907348633,6.758260617800715e-09,-2.3841830625315197e-06,0.9999997615814209
1614,United States: JOLTS Job Openings better than estimates at 6.88M #economy #MarketScreener https://t.co/DFfgeUsoXi https://t.co/t52IA8Ih3K,2,positive,2,positive,positive,1,0,Finistral-7B-LoRA,tfns,-14.500009536743164,5.043470423515828e-07,-14.125009536743164,7.338206842177897e-07,-9.417489309271332e-06,0.9999988079071045
1615,"US industrial production snaps back, rises 1.1% in November",2,positive,2,positive,positive,1,0,Finistral-7B-LoRA,tfns,-14.812503814697266,3.689884806590271e-07,-20.375003814697266,1.416608164106492e-09,-4.172316494077677e-06,0.9999996423721313
1616,WRAPUP 1-U.S. housing starts rise; permits highest in over 12 years,2,positive,2,positive,positive,1,0,Finistral-7B-LoRA,tfns,-15.875001907348633,1.2751904421293148e-07,-19.937501907348633,2.194086468065848e-09,-2.3841830625315197e-06,0.9999998807907104
1617,Zimbabwe to the IMF: “Our fundamentals are now sound” https://t.co/HSSo4iqk7M,2,positive,2,positive,positive,1,0,Finistral-7B-LoRA,tfns,-12.688385963439941,3.0870100999891292e-06,-7.125885963439941,0.0008040834218263626,-0.0008859285153448582,0.9991927742958069
1618,Argentina Hikes Export Taxes to Fund New Leader’s Spending,1,neutral,1,neutral,neutral,1,0,Finistral-7B-LoRA,tfns,-0.9785752892494202,0.3761484622955322,-0.47857528924942017,0.6201639771461487,-5.603575229644775,0.0036876294761896133
1619,Banque national de Belgique : Press release - Business confidence indicator (2019-11) PDF ...… https://t.co/GpWUf01E3a,1,neutral,1,neutral,neutral,1,0,Finistral-7B-LoRA,tfns,-9.187654495239258,0.0001022973665385507,-0.00015424491721205413,0.9998733997344971,-10.625154495239258,2.4297754862345755e-05
1620,"Before the coronavirus struck, U.S. job openings stood at nearly 7 million https://t.co/gEijFZ3crn",1,neutral,2,positive,positive,0,0,Finistral-7B-LoRA,tfns,-1.6121199131011963,0.19990776479244232,-1.3621199131011963,0.25668662786483765,-0.6121199131011963,0.5434055924415588
1621,Britain seeking far-reaching tariff cuts in post Brexit U.S. trade deal,1,neutral,2,positive,positive,0,0,Finistral-7B-LoRA,tfns,-7.264825820922852,0.0007031988352537155,-4.702325820922852,0.00911922100931406,-0.014825996942818165,0.9901776909828186
1622,Canada readies Alberta aid package as Frontier deadline nears - Reuters,1,neutral,1,neutral,neutral,1,0,Finistral-7B-LoRA,tfns,-8.947784423828125,0.0001301532902289182,-0.010284406132996082,0.9907454252243042,-4.697784423828125,0.009124449454247952
1623,China and U.S. 'very close' to phase one trade deal - Global Times https://t.co/t4idLxj9Bz https://t.co/oLkqruR3gU,1,neutral,2,positive,positive,0,0,Finistral-7B-LoRA,tfns,-15.437527656555176,1.9750528679196577e-07,-15.187527656555176,2.536018257615069e-07,-2.8132995794294402e-05,0.9999995231628418
1624,"China Delays Trade Statistics, Merges January and February Data",1,neutral,1,neutral,neutral,1,0,Finistral-7B-LoRA,tfns,-11.06253719329834,1.5689538486185484e-05,-3.707340147229843e-05,0.999983549118042,-14.12503719329834,7.338094860642741e-07
1625,China likely considering disaster clause in Phase 1 deal with U.S.: Global Times,1,neutral,1,neutral,neutral,1,0,Finistral-7B-LoRA,tfns,-13.375043869018555,1.553482093186176e-06,-4.351044481154531e-05,0.999988317489624,-11.500043869018555,1.0129974725714419e-05
1626,"China to raise penalties on IP theft in trade war compromise - SCMP

https://t.co/hVY3zAtMg0",1,neutral,1,neutral,neutral,1,0,Finistral-7B-LoRA,tfns,-7.2402496337890625,0.0007273227092809975,-0.24024951457977295,0.7976062297821045,-1.615249514579773,0.2016664296388626
1627,China's mutant pigs could help save the nation from a pork apocalypse. That's if the U.S. doesn't create super swin… https://t.co/wcwdQAmpK4,1,neutral,2,positive,positive,0,0,Finistral-7B-LoRA,tfns,-10.071161270141602,4.232463106745854e-05,-0.7586609721183777,0.4687708020210266,-0.6336609721183777,0.5311869382858276
1628,Economy Week Ahead : U.S. Inflation and Chinese Manufacturing Data #EconomyWeekAhead #economy #MarketScreener… https://t.co/v3NCaFfyNy,1,neutral,1,neutral,neutral,1,0,Finistral-7B-LoRA,tfns,-13.312516212463379,1.65368908255914e-06,-1.6212332411669195e-05,0.9999979734420776,-14.875016212463379,3.466320492861996e-07
1629,EU trade chief Hogan returns to Washington as auto tariffs loom,1,neutral,1,neutral,neutral,1,0,Finistral-7B-LoRA,tfns,-0.7595118284225464,0.4687598943710327,-0.6345118284225464,0.5311745405197144,-9.634511947631836,6.555214349646121e-05
1630,France’s Le Maire Says Retirement Age Could Be Negotiable,1,neutral,1,neutral,neutral,1,0,Finistral-7B-LoRA,tfns,-10.375211715698242,3.1199575460050255e-05,-0.00021145492792129517,0.9998939037322998,-9.500211715698242,7.484389789169654e-05
1631,"Grain Prices To Hold Steady, Trade Within A Range After A Neutral Inspections Report. Keep reading:… https://t.co/561iJ6W4Kg",1,neutral,1,neutral,neutral,1,0,Finistral-7B-LoRA,tfns,-7.597245216369629,0.0005033857887610793,-0.28474533557891846,0.7545349597930908,-1.4097453355789185,0.24496163427829742
1632,Greenhouse gas emissions in the U.S. are forecast to decline by a whopping 7.5% this year https://t.co/MjBXKkouHy,1,neutral,2,positive,positive,0,0,Finistral-7B-LoRA,tfns,-7.4746527671813965,0.0005676461150869727,-1.224652886390686,0.2940479516983032,-0.34965288639068604,0.705384373664856
1633,IFA Irish Farmers Association : EU COMMISSION INDICATE THAT CAP TRANSITIONAL RULES FACILITATE THE REOPENING OF GLAS… https://t.co/mcHUiy15CH,1,neutral,2,positive,positive,0,0,Finistral-7B-LoRA,tfns,-11.940268516540527,6.5242652453889605e-06,-6.0027689933776855,0.002472607186064124,-0.002768971025943756,0.9975208640098572
1634,Immigration in Emerging Countries: A Macroeconomic Perspective #Stock #MarketScreener https://t.co/4kg5Pcsr1Q https://t.co/4NJamVTUeX,1,neutral,1,neutral,neutral,1,0,Finistral-7B-LoRA,tfns,-11.562581062316895,9.516047612123657e-06,-8.153582894010469e-05,0.9999690055847168,-10.750081062316895,2.1444744561449625e-05
1635,"In Apparent Trade War Compromise, China Issues Guidelines For IP Theft https://t.co/bAIXnkHG0u",1,neutral,1,neutral,neutral,1,0,Finistral-7B-LoRA,tfns,-8.012940406799316,0.0003318877425044775,-0.012940242886543274,0.9893434047698975,-4.575440406799316,0.010324724949896336
1636,India is reviewing trade and goods agreements with its Southeast Asian neighbors after opting out of a China-backed… https://t.co/JUB0UJL4SP,1,neutral,1,neutral,neutral,1,0,Finistral-7B-LoRA,tfns,-10.500054359436035,2.7535659683053382e-05,-5.411955135059543e-05,0.9999712705612183,-13.625054359436035,1.209832362292218e-06
1637,India Plans Incentives to Bring In Foreign Manufacturers From Tesla to Glaxo,1,neutral,2,positive,positive,0,0,Finistral-7B-LoRA,tfns,-15.250042915344238,2.3823687911317393e-07,-15.875042915344238,1.2751901579122205e-07,-4.31528314948082e-05,0.9999996423721313
1638,Kenya trade deal seen helping apparel industry,1,neutral,2,positive,positive,0,0,Finistral-7B-LoRA,tfns,-16.75000762939453,5.315785500670245e-08,-18.31250762939453,1.1142490485838152e-08,-6.9141146923357155e-06,1.0
1639,Mexico's economy minister tries to dispel concerns over labor reform #economy #MarketScreener… https://t.co/dZ3UhEBzkv,1,neutral,2,positive,positive,0,0,Finistral-7B-LoRA,tfns,-10.200133323669434,3.716857827384956e-05,-4.387633323669434,0.012431188486516476,-0.012633530423045158,0.9875316023826599
1640,Mnuchin: 'The deficit right now as a percentage of GDP is manageable',1,neutral,1,neutral,neutral,1,0,Finistral-7B-LoRA,tfns,-11.87867259979248,6.9372372308862396e-06,-0.0036722859367728233,0.9963995218276978,-5.628672122955322,0.00359357800334692
1641,"Morgan Stanley Sees Lower Truck Capacity, Higher Rates In 2020",1,neutral,0,negative,negative,0,0,Finistral-7B-LoRA,tfns,-0.44061362743377686,0.6473303437232971,-1.1906136274337769,0.3057771921157837,-3.0656137466430664,0.046892452985048294
1642,Nearly 148 Million Americans Plan to Shop Super Saturday,1,neutral,2,positive,positive,0,0,Finistral-7B-LoRA,tfns,-13.500133514404297,1.3709517361348844e-06,-12.437633514404297,3.966980330005754e-06,-0.00013398226292338222,0.9999946355819702
1643,Personal Consumption Driving U.S. Market: BBH's Clemons (Radio),1,neutral,2,positive,positive,0,0,Finistral-7B-LoRA,tfns,-13.187599182128906,1.8738645621851902e-06,-12.062599182128906,5.771908945462201e-06,-9.941560711013153e-05,0.9999923706054688
1644,Q4 GDP: Trudging Along. https://t.co/IQebEf5ooz #business #stockmarket #stocks,1,neutral,1,neutral,neutral,1,0,Finistral-7B-LoRA,tfns,-5.6327972412109375,0.003580734832212329,-0.007797044236212969,0.9928385615348816,-5.6327972412109375,0.003580734832212329
1645,"Retail Loans To Double To Rs 96 Lakh-Crore In Five Years, Says Crisil",1,neutral,2,positive,positive,0,0,Finistral-7B-LoRA,tfns,-11.814142227172852,7.40015457267873e-06,-6.50164270401001,0.001501171151176095,-0.001642546383664012,0.9984914064407349
1646,"Robert Tombs: 'There may be some short-term disturbance. But Brexit is economically rational' 
https://t.co/GznnjuD55S",1,neutral,2,positive,positive,0,0,Finistral-7B-LoRA,tfns,-10.008420944213867,4.506155164563097e-05,-2.695920467376709,0.0675436481833458,-0.07092048972845078,0.9324113130569458
1647,The U.S. and China are reportedly taking steps to delay the next round of American tariffs set for Sunday as they s… https://t.co/HWzU8RAkIt,1,neutral,2,positive,positive,0,0,Finistral-7B-LoRA,tfns,-9.758098602294922,5.794672324554995e-05,-5.133098602294922,0.005910726264119148,-0.008098621852695942,0.9940313696861267
1648,Top economist lowers recession risk for 2020 but says hurdles remain via @TradingNation) https://t.co/0uYhHyIugr,1,neutral,1,neutral,neutral,1,0,Finistral-7B-LoRA,tfns,-7.821981430053711,0.00040101344347931445,-0.009481518529355526,0.9910249710083008,-4.759481430053711,0.008574046194553375
1649,U.S. consumer credit increased at faster pace in February https://t.co/VvjV1lEi7x,1,neutral,2,positive,positive,0,0,Finistral-7B-LoRA,tfns,-3.3483755588531494,0.03516290336847305,-2.8483755588531494,0.05797382444143295,-0.09837557375431061,0.9068632125854492
1650,US GDP over time https://t.co/HQRrC4a1Pt,1,neutral,1,neutral,neutral,1,0,Finistral-7B-LoRA,tfns,-10.812637329101562,2.014497840718832e-05,-0.00013755806139670312,0.9999444484710693,-10.250137329101562,3.53555369656533e-05
1651,Worker and environment safeguards among changes in new USMCA trade deal #economy #MarketScreener… https://t.co/GbXqn0s4Pa,1,neutral,1,neutral,neutral,1,0,Finistral-7B-LoRA,tfns,-12.687763214111328,3.0887822504155338e-06,-0.0002631794777698815,0.9997664093971252,-8.375263214111328,0.00023050600429996848
1652,Poland's reserve assets in March 2020 #Stock #MarketScreener https://t.co/sTZKhR4svG https://t.co/HFyO8rcjDZ,1,neutral,1,neutral,neutral,1,0,Finistral-7B-LoRA,tfns,-12.500030517578125,3.7266336221364327e-06,-3.0874729418428615e-05,0.9999947547912598,-13.375030517578125,1.5534920976278954e-06
1653,New Zealand's resurgent housing market could get a rate-cut boost https://t.co/OMD3CqZ03T,1,neutral,2,positive,positive,0,0,Finistral-7B-LoRA,tfns,-12.187552452087402,5.093664640298812e-06,-11.750052452087402,7.889221706136595e-06,-5.221230458118953e-05,0.999987006187439
1654,Richmond Fed Business Survey Shockingly Rises... Here's Why  https://t.co/c4DsjNAHPS,1,neutral,2,positive,positive,0,0,Finistral-7B-LoRA,tfns,-11.56270980834961,9.516214049654081e-06,-12.43770980834961,3.966948042943841e-06,-0.0002097863471135497,0.9999865293502808
1655,Asia markets mostly fall as China's trade data gets delayed - CNBC,0,negative,0,negative,negative,1,0,Finistral-7B-LoRA,tfns,-0.00010573305189609528,0.999980092048645,-11.250105857849121,1.3007038432988338e-05,-11.875105857849121,6.962166025914485e-06
1656,China Risks Exporting Market Volatility Like Never Before,0,negative,0,negative,negative,1,0,Finistral-7B-LoRA,tfns,-5.519237674889155e-05,0.9999991655349731,-17.93755531311035,1.6212213793664887e-08,-13.937555313110352,8.851569646139978e-07
1657,"Dow closes about 102 points, 0.4%, lower",0,negative,0,negative,negative,1,0,Finistral-7B-LoRA,tfns,-1.7165990357170813e-05,0.9999964237213135,-14.125017166137695,7.33818922071805e-07,-12.750017166137695,2.9023101433267584e-06
1658,Dow falls 0.5%;S&P 500 falls 0.3% at Friday's open,0,negative,0,negative,negative,1,0,Finistral-7B-LoRA,tfns,-1.5735502529423684e-05,0.9999985694885254,-17.937515258789062,1.621220491188069e-08,-13.437515258789062,1.4593763353332179e-06
1659,Dow is down over 500 points. Here's what you need to know now:  https://t.co/hvgRljuQji,0,negative,0,negative,negative,1,0,Finistral-7B-LoRA,tfns,-0.0002598424907773733,0.9999954700469971,-15.000259399414062,3.0590092592319706e-07,-12.375259399414062,4.2228321035509e-06
1660,Dow Jones Industrial Average 8 points lower,0,negative,0,negative,negative,1,0,Finistral-7B-LoRA,tfns,-1.5139465176616795e-05,0.9999964237213135,-15.250015258789062,2.382361117270193e-07,-12.625015258789062,3.288748075647163e-06
1661,Final-hour selloff costs stocks all their gains Tuesday as the Dow ends down 26 https://t.co/Sc6WQUz66L https://t.co/OGoPceRsWB,0,negative,0,negative,negative,1,0,Finistral-7B-LoRA,tfns,-3.8265450712060556e-05,0.9999959468841553,-14.375038146972656,5.714984467886097e-07,-12.562538146972656,3.5008526992896805e-06
1662,Futures extend declines after January jobs data,0,negative,0,negative,negative,1,0,Finistral-7B-LoRA,tfns,-5.2927523938706145e-05,0.9999784231185913,-16.12505340576172,9.930980127137445e-08,-10.750052452087402,2.1444946469273418e-05
1663,Higher tariffs threat weigh on global markets,0,negative,0,negative,negative,1,0,Finistral-7B-LoRA,tfns,-1.645074735279195e-05,0.9999995231628418,-19.000017166137695,5.6027937844760345e-09,-14.687516212463379,4.1811870232777437e-07
1664,"Japanese shares fall led by IT sector, as Trump warns of more tariffs",0,negative,0,negative,negative,1,0,Finistral-7B-LoRA,tfns,-1.4781842764932662e-05,0.9999996423721313,-19.687515258789062,2.817261757215306e-09,-15.000014305114746,3.0590220490012143e-07
1665,"Nasdaq-100 futures fall 20 points, or 0.2%",0,negative,0,negative,negative,1,0,Finistral-7B-LoRA,tfns,-1.07287787614041e-05,0.9999977350234985,-15.43751049041748,1.975049457314526e-07,-13.12501049041748,1.994729245780036e-06
1666,S&P Futures Crater 40 Points In One Tick On Huge For Sell Closing Imbalance  https://t.co/CFb8vKL8Hu,0,negative,0,negative,negative,1,0,Finistral-7B-LoRA,tfns,-0.00021181246847845614,0.9999724626541138,-16.812711715698242,4.9935806600842625e-08,-10.500211715698242,2.7535692424862646e-05
1667,Stock Market Live Updates: Markets lower as US-China trade optimism dissipates,0,negative,0,negative,negative,1,0,Finistral-7B-LoRA,tfns,-0.0004967409186065197,0.9996365308761597,-9.187996864318848,0.00010227313032373786,-8.250496864318848,0.00026116357184946537
1668,"Stock Market Update: Asia closes mixed, Asia trades lower",0,negative,1,neutral,neutral,0,0,Finistral-7B-LoRA,tfns,-6.066234588623047,0.002323090098798275,-0.0037344018928706646,0.9976457953453064,-10.378734588623047,3.112942795269191e-05
1669,Stock Market Update: Futures slip lower following trade tweet from CNBC reporter,0,negative,0,negative,negative,1,0,Finistral-7B-LoRA,tfns,-3.635817120084539e-05,0.9999916553497314,-17.687536239624023,2.0816738555140546e-08,-11.687536239624023,8.398072168347426e-06
1670,Stock Market Update: Semiconductor stocks pull back after Qualcomm earnings,0,negative,0,negative,negative,1,0,Finistral-7B-LoRA,tfns,-4.0649541915627196e-05,0.9999979734420776,-16.56254005432129,6.412048492165923e-08,-13.187541007995605,1.8738751350610983e-06
1671,Stock-index futures turn negative,0,negative,0,negative,negative,1,0,Finistral-7B-LoRA,tfns,-1.5616295058862306e-05,0.9999951124191284,-16.187515258789062,9.329448147354924e-08,-12.250015258789062,4.785094461112749e-06
1672,Stocks hit lows of the day as oil briefly plunges more than 9% https://t.co/JhUWpIRPRb https://t.co/hqK9nGcKy1,0,negative,0,negative,negative,1,0,Finistral-7B-LoRA,tfns,-3.433168603805825e-05,0.999995231628418,-17.87503433227539,1.7257747231269605e-08,-12.25003433227539,4.7850949158601e-06
1673,Stocks hit lows of the day as oil plunges briefly plunges more than 9% https://t.co/JhUWpIRPRb https://t.co/WS7bbpWEQh,0,negative,0,negative,negative,1,0,Finistral-7B-LoRA,tfns,-3.802703940891661e-05,0.9999946355819702,-17.687538146972656,2.0816800727629925e-08,-12.125038146972656,5.422219146566931e-06
1674,Stocks open lower on trade deal skepticism,0,negative,0,negative,negative,1,0,Finistral-7B-LoRA,tfns,-2.3603161025675945e-05,0.9999964237213135,-16.500022888183594,6.82557939057915e-08,-12.56252384185791,3.5008542909054086e-06
1675,The Dow is down more than 500 points as Friday's selloff intensifies https://t.co/tK5DeT4k4V,0,negative,0,negative,negative,1,0,Finistral-7B-LoRA,tfns,-4.792098479811102e-05,0.9999964237213135,-16.37504768371582,7.734394102953956e-08,-12.56254768371582,3.5008542909054086e-06
1676,"The S&P 500's chart is signaling a near-term pullback, technical analyst warns (via @TradingNation) https://t.co/VxNKIV5SRR",0,negative,0,negative,negative,1,0,Finistral-7B-LoRA,tfns,-5.352353764465079e-05,0.9999973773956299,-15.562553405761719,1.7429742626973166e-07,-12.875053405761719,2.5612819172238233e-06
1677,"Trade, U.S. Elections Are Top Market Risks, Says Goldman Sachs's Moe",0,negative,1,neutral,neutral,0,0,Finistral-7B-LoRA,tfns,-6.626357078552246,0.0013250126503407955,-0.0013569919392466545,0.9986675977706909,-11.813857078552246,7.401460152323125e-06
1678,$XLF $BAC $C - Fed fires a dud as financial sector plunges https://t.co/OwDNvwPYyd,0,negative,0,negative,negative,1,0,Finistral-7B-LoRA,tfns,-4.8874615458771586e-05,0.9999984502792358,-17.875049591064453,1.7257802298331626e-08,-13.375048637390137,1.5534978956566192e-06
1679,$SUMRX: Overnight Summary -- World markets extending gains overnight https://t.co/pjuCZNd5jf,2,positive,2,positive,positive,1,0,Finistral-7B-LoRA,tfns,-8.87589168548584,0.00013973453314974904,-7.375892162322998,0.0006262466195039451,-0.000892121868673712,0.9992340803146362
1680,$TALKX: Market Briefing: Market still riding hope of COVID-19 plateauing https://t.co/P3bUqinQVx,2,positive,2,positive,positive,1,0,Finistral-7B-LoRA,tfns,-11.063374519348145,1.5678417184972204e-05,-7.250874996185303,0.0007096592453308403,-0.000874851830303669,0.9992746710777283
1681,All three benchmarks trade in record territory,2,positive,2,positive,positive,1,0,Finistral-7B-LoRA,tfns,-12.000789642333984,6.140777713881107e-06,-7.500789165496826,0.0005527751636691391,-0.0007893307483755052,0.9994409680366516
1682,Asian markets gain amid fresh hopes for U.S.-China trade deal https://t.co/NPIyhoJPU1,2,positive,2,positive,positive,1,0,Finistral-7B-LoRA,tfns,-15.750016212463379,1.4449800289639825e-07,-16.125017166137695,9.931192579415438e-08,-1.6689160474925302e-05,0.9999997615814209
1683,Asian shares advance after Fed keeps interest rates steady,2,positive,2,positive,positive,1,0,Finistral-7B-LoRA,tfns,-11.437539100646973,1.0783310244733002e-05,-15.500039100646973,1.8553711811364337e-07,-3.8980677345534787e-05,0.9999890327453613
1684,Bulletproof stock market shakes off negative trade headlines and keeps marching to records,2,positive,2,positive,positive,1,0,Finistral-7B-LoRA,tfns,-13.562521934509277,1.2878952020400902e-06,-17.87502098083496,1.7257805851045305e-08,-2.1934269170742482e-05,0.9999986886978149
1685,"Dow ends nearly 1,600 points higher on hopes coronavirus peak is near https://t.co/XgNjVJHoqW",2,positive,2,positive,positive,1,0,Finistral-7B-LoRA,tfns,-14.875012397766113,3.4663264614209766e-07,-18.75001335144043,7.194130624554873e-09,-1.2636104656849056e-05,0.9999996423721313
1686,"Dow Industrials Surge 1,200 Points at Start of Challenging Week #MarriottInternational #Stock #MarketScreener… https://t.co/jOKR9otBgR",2,positive,2,positive,positive,1,0,Finistral-7B-LoRA,tfns,-14.812506675720215,3.689884806590271e-07,-18.8125057220459,6.7582601737115056e-09,-6.318072337307967e-06,0.9999996423721313
1687,"Dow jumps 170 points, Amazon leads S&P 500 and Nasdaq to record highs - CNBC",2,positive,2,positive,positive,1,0,Finistral-7B-LoRA,tfns,-16.437509536743164,7.265816037715922e-08,-20.437509536743164,1.330780596831005e-09,-8.821448318485636e-06,0.9999998807907104
1688,Dow scores triple-digit gain on rosier investor view of U.S.-China trade talks https://t.co/Dh7QlYLIjn,2,positive,2,positive,positive,1,0,Finistral-7B-LoRA,tfns,-13.812512397766113,1.003014176603756e-06,-17.500011444091797,2.5109967438652347e-08,-1.2040065485052764e-05,0.9999990463256836
1689,"Dow up 26 points, or 0.1%; S&P 500 adds 1 point",2,positive,2,positive,positive,1,0,Finistral-7B-LoRA,tfns,-13.000069618225098,2.260258042952046e-06,-10.437569618225098,2.931147173512727e-05,-6.925819616299123e-05,0.999968409538269
1690,Emerging Markets Get Fresh Boost of Hope Over Trade Deal,2,positive,2,positive,positive,1,0,Finistral-7B-LoRA,tfns,-15.875144004821777,1.2751903000207676e-07,-15.750144004821777,1.4449800289639825e-07,-0.00014447122521232814,0.9999997615814209
1691,European shares extend winning streak; Qiagen jumps as company explores sale,2,positive,2,positive,positive,1,0,Finistral-7B-LoRA,tfns,-14.06253433227539,7.811482305442041e-07,-15.62503433227539,1.6373755329368578e-07,-3.45700973412022e-05,0.9999990463256836
1692,Futures climb on China plan to cut tariffs on U.S. products,2,positive,2,positive,positive,1,0,Finistral-7B-LoRA,tfns,-15.250012397766113,2.3823690753488336e-07,-20.06251335144043,1.9362742520456777e-09,-1.2516897186287679e-05,0.9999997615814209
1693,Futures Fly On Trade Optimism Amid Barrage Of Megamergers https://t.co/zcIHhcFH6d,2,positive,2,positive,positive,1,0,Finistral-7B-LoRA,tfns,-13.062554359436035,2.123377953466843e-06,-15.062554359436035,2.8736792501149466e-07,-5.4834770708112046e-05,0.999997615814209
1694,"Global stocks gain after China cuts U.S. import tariffs, virus fears wane",2,positive,2,positive,positive,1,0,Finistral-7B-LoRA,tfns,-14.500003814697266,5.043474402555148e-07,-18.875003814697266,6.348797043642662e-09,-4.0531076592742465e-06,0.9999995231628418
1695,Here's what has futures higher to kick off the holiday week https://t.co/uSCSLhgCrA,2,positive,2,positive,positive,1,0,Finistral-7B-LoRA,tfns,-11.187752723693848,1.3843811757396907e-05,-8.750252723693848,0.000158434035256505,-0.00025281094713136554,0.9998277425765991
1696,Hong Kong Stocks Nearly Recover Post-Holiday Losses With Rally,2,positive,2,positive,positive,1,0,Finistral-7B-LoRA,tfns,-15.062530517578125,2.8736855028910213e-07,-16.750030517578125,5.315784079584773e-08,-3.0636318115284666e-05,0.9999997615814209
1697,Industrials Up As Global Growth Fears Subside -- Industrials Roundup #economy #MarketScreener… https://t.co/xfOVrpXf6N,2,positive,2,positive,positive,1,0,Finistral-7B-LoRA,tfns,-13.68751335144043,1.1365635828042286e-06,-15.62501335144043,1.6373749645026692e-07,-1.3470558769768104e-05,0.9999986886978149
1698,Muni-Bond Bankers Brace For Record Year In 2020: Mysak (Radio),2,positive,2,positive,positive,1,0,Finistral-7B-LoRA,tfns,-5.586880683898926,0.0037577312905341387,-2.024380683898926,0.13246460258960724,-0.14938069880008698,0.8637776970863342
1699,Nasdaq hits record at closing bell as investors digest  phase onetrade deal,2,positive,2,positive,positive,1,0,Finistral-7B-LoRA,tfns,-14.375027656555176,5.71500379464851e-07,-16.56252670288086,6.412057018678752e-08,-2.753696753643453e-05,0.9999992847442627
1700,"Nasdaq-100 futures rise 18 points, or 0.2%",2,positive,2,positive,positive,1,0,Finistral-7B-LoRA,tfns,-14.187508583068848,6.893609452163219e-07,-15.875008583068848,1.2751895894780318e-07,-8.22540732769994e-06,0.9999991655349731
1701,NYSI buy signal that triggered last week remains modestly above the 8 EMA level https://t.co/Lbo5oN8Mjn,2,positive,2,positive,positive,1,0,Finistral-7B-LoRA,tfns,-8.314308166503906,0.0002451316104270518,-6.939307689666748,0.0009695141343399882,-0.0018077236600220203,0.9987853169441223
1702,S&P 500 Price Forecast – Stock Markets Break To A Fresh New High - Yahoo Finance,2,positive,2,positive,positive,1,0,Finistral-7B-LoRA,tfns,-14.687549591064453,4.181186454843555e-07,-16.312549591064453,8.233244130906314e-08,-4.994744449504651e-05,0.9999994039535522
1703,"S&P 500, Nasdaq Composite post record close as stocks rise",2,positive,2,positive,positive,1,0,Finistral-7B-LoRA,tfns,-15.062504768371582,2.8736855028910213e-07,-19.4375057220459,3.6174363504670737e-09,-5.245195097813848e-06,0.9999997615814209
1704,"S&P 500, Nasdaq hit record closing highs; Chinese workers return",2,positive,2,positive,positive,1,0,Finistral-7B-LoRA,tfns,-14.62501335144043,4.450849644399568e-07,-15.81251335144043,1.3574324952969619e-07,-1.3828182090946939e-05,0.9999994039535522
1705,"S&P 500, Nasdaq reach record closing highs; Chinese workers return",2,positive,2,positive,positive,1,0,Finistral-7B-LoRA,tfns,-15.062512397766113,2.8736849344568327e-07,-15.937512397766113,1.197930288299176e-07,-1.2397689715726301e-05,0.9999996423721313
1706,"S&P 500, Nasdaq see closing highs; Slack halted for coming news https://t.co/cMizm4ImP6 https://t.co/vlKQ67OJDo",2,positive,2,positive,positive,1,0,Finistral-7B-LoRA,tfns,-13.875009536743164,9.422437869943678e-07,-14.062509536743164,7.811475484231778e-07,-9.894321920000948e-06,0.9999982118606567
1707,S&P rises 5% https://t.co/YKsHWgtNcP https://t.co/CqiMPLAknF,2,positive,2,positive,positive,1,0,Finistral-7B-LoRA,tfns,-15.500006675720215,1.8553907921159407e-07,-16.56250762939453,6.412059150306959e-08,-7.033323527139146e-06,0.9999996423721313
1708,"So far, the train is coming in right on schedule; Dow up 25% off the lows. $BA consolidating its run up.",2,positive,2,positive,positive,1,0,Finistral-7B-LoRA,tfns,-15.437516212463379,1.975053152136752e-07,-15.937516212463379,1.197930288299176e-07,-1.6689160474925302e-05,0.9999996423721313
1709,Stock Market Heads Off A Correction – For Now.,2,positive,2,positive,positive,1,0,Finistral-7B-LoRA,tfns,-13.437564849853516,1.4593763353332179e-06,-17.187564849853516,3.4321239184009755e-08,-6.532455881824717e-05,0.9999985694885254
1710,"Stock market live updates: Dow futures up 800 points, set to add to 1,600-point Monday rally https://t.co/kOL2DaUNTc",2,positive,2,positive,positive,1,0,Finistral-7B-LoRA,tfns,-12.812531471252441,2.7264647997071734e-06,-13.125031471252441,1.994724243559176e-06,-3.1709168979432434e-05,0.999995231628418
1711,Stock Market Update: Global stocks begin the week on higher note,2,positive,2,positive,positive,1,0,Finistral-7B-LoRA,tfns,-14.437539100646973,5.368748929868161e-07,-16.25004005432129,8.764241954395402e-08,-3.957670196541585e-05,0.9999992847442627
1712,"Stock Market Update: Global stocks gain, with indices in Hong Kong and the UK outperforming",2,positive,2,positive,positive,1,0,Finistral-7B-LoRA,tfns,-14.81251335144043,3.689884806590271e-07,-17.81251335144043,1.8370855059401947e-08,-1.3708974620385561e-05,0.9999996423721313
1713,Stock Market Update: S&P 500 financials sector up more than 4% this month,2,positive,2,positive,positive,1,0,Finistral-7B-LoRA,tfns,-16.75001335144043,5.315785500670245e-08,-17.00001335144043,4.139937814784389e-08,-1.2874520507466514e-05,1.0
1714,Stock Market Update: Stock market drifts in record territory,2,positive,1,neutral,neutral,0,0,Finistral-7B-LoRA,tfns,-8.10660457611084,0.0003017834678757936,-0.04410490766167641,0.9576232433319092,-3.169104814529419,0.0420750267803669
1715,"Stock Market Update: Stock market posts incremental gains, closes at new highs",2,positive,2,positive,positive,1,0,Finistral-7B-LoRA,tfns,-15.312516212463379,2.238028713463791e-07,-18.062515258789062,1.4307238060951022e-08,-1.585470999998506e-05,0.9999997615814209
1716,StockBeat - Chip Stocks Rise as Huawei Granted Another Reprieve on Trade Ban,2,positive,2,positive,positive,1,0,Finistral-7B-LoRA,tfns,-14.500007629394531,5.043474402555148e-07,-17.37500762939453,2.845333391121585e-08,-7.390948667307384e-06,0.9999995231628418
1717,"Stock-index futures extend gains after jobless claims, productivity data",2,positive,1,neutral,neutral,0,0,Finistral-7B-LoRA,tfns,-4.644882678985596,0.009615128859877586,-0.01988266222178936,0.9807697534561157,-4.644882678985596,0.009615128859877586
1718,Stocks aim for back-to-back gains as investors focus on coronavirus case tally https://t.co/QBhdB4ipyD,2,positive,2,positive,positive,1,0,Finistral-7B-LoRA,tfns,-10.875041007995605,1.892510954348836e-05,-13.125041007995605,1.994691956497263e-06,-4.1483970562694594e-05,0.9999790191650391
1719,"STOCKS AT THE OPEN:
- Dow up 3.90% 
- Nasdaq up 2.68% 
- S&P up 2.76% https://t.co/xVranG4Mbz",2,positive,2,positive,positive,1,0,Finistral-7B-LoRA,tfns,-13.875014305114746,9.422442417417187e-07,-14.750014305114746,3.9278583585655724e-07,-1.3947389561508317e-05,0.9999986886978149
1720,Stocks open higher as major indexes extend push into record territory,2,positive,2,positive,positive,1,0,Finistral-7B-LoRA,tfns,-14.312508583068848,6.083590733396704e-07,-19.125009536743164,4.944447073995661e-09,-9.059865078597795e-06,0.9999994039535522
1721,"Stocks open higher on rosy data, waning virus fears",2,positive,2,positive,positive,1,0,Finistral-7B-LoRA,tfns,-14.562509536743164,4.737905499041517e-07,-19.125009536743164,4.944447962174081e-09,-9.179073458653875e-06,0.9999995231628418
1722,Stocks perk up after Fed decision https://t.co/ZB8lFGcKVJ,2,positive,2,positive,positive,1,0,Finistral-7B-LoRA,tfns,-11.187539100646973,1.3845996363670565e-05,-14.375039100646973,5.714925350730482e-07,-3.909988299710676e-05,0.9999855756759644
1723,"Stocks rose after China moves to step up intellectual property protection, a step that investors hope may address k… https://t.co/8zp2mKCwub",2,positive,2,positive,positive,1,0,Finistral-7B-LoRA,tfns,-13.687505722045898,1.1365635828042286e-06,-15.812505722045898,1.3574315005371318e-07,-5.722029527532868e-06,0.9999986886978149
1724,"STOCKS SURGE INTO THE CLOSE:
- Dow up 7.59% 
- Nasdaq up 7.35% 
- S&P up 6.95% https://t.co/jPsgrFNxpg",2,positive,2,positive,positive,1,0,Finistral-7B-LoRA,tfns,-14.562504768371582,4.737905499041517e-07,-18.250003814697266,1.1861114757039104e-08,-4.6491513785440475e-06,0.9999995231628418
1725,Tech stocks led all three major U.S. stock averages marginally into the black following upbeat statements on the U.… https://t.co/S2BkUCDmcx,2,positive,2,positive,positive,1,0,Finistral-7B-LoRA,tfns,-11.500024795532227,1.0129961083293892e-05,-12.750024795532227,2.9022828584857052e-06,-2.52720492426306e-05,0.999987006187439
1726,The market bounced back after President Trump said the US and China are “potentially very close” on a trade deal. T… https://t.co/VC5V93JFh4,2,positive,2,positive,positive,1,0,Finistral-7B-LoRA,tfns,-13.500006675720215,1.3709569657294196e-06,-16.0000057220459,1.1253511189579513e-07,-6.556489552167477e-06,0.9999984502792358
1727,TSX opens higher on signs of coronavirus slowdown #TSX #economy #MarketScreener https://t.co/VfqXgfaNR8 https://t.co/myrDnZCInx,2,positive,2,positive,positive,1,0,Finistral-7B-LoRA,tfns,-13.562506675720215,1.2878950883532525e-06,-16.06250762939453,1.0571686459570628e-07,-6.794906312279636e-06,0.9999985694885254
1728,U.S. Stock Futures Extend Gain on China’s Tariff Olive Branch,2,positive,2,positive,positive,1,0,Finistral-7B-LoRA,tfns,-11.75003719329834,7.889261723903473e-06,-15.93753719329834,1.1979211933521583e-07,-3.6954195820726454e-05,0.9999920129776001
1729,U.S. Stocks Rise as China Calls for Better Communication on Trade #SP500 #index #MarketScreener… https://t.co/CjoXFIEvMP,2,positive,2,positive,positive,1,0,Finistral-7B-LoRA,tfns,-14.25000286102295,6.475948453044111e-07,-17.625003814697266,2.2159477808258998e-08,-3.2186455882765586e-06,0.9999994039535522
1730,U.S. stocks surged the most in more than a week on Monday after death tolls in some of the hardest-hit areas showed… https://t.co/DV1WcXSaWi,2,positive,2,positive,positive,1,0,Finistral-7B-LoRA,tfns,-9.25015926361084,9.610036067897454e-05,-10.75015926361084,2.1442887373268604e-05,-0.00015901254664640874,0.9998824596405029
1731,Wall Street closes up more than 7% on hopes of slowing coronavirus deaths https://t.co/6LFK79ATeS https://t.co/P5K3BNR7Uf,2,positive,2,positive,positive,1,0,Finistral-7B-LoRA,tfns,-13.625027656555176,1.2098656725356705e-06,-17.437528610229492,2.6729415125714695e-08,-2.7894584491150454e-05,0.9999988079071045
1732,Wall Street scraps its recession assumptions after robust jobs data https://t.co/oOuPFD2gWp https://t.co/4yICZnGl4z,2,positive,2,positive,positive,1,0,Finistral-7B-LoRA,tfns,-12.000022888183594,6.144173767097527e-06,-16.000022888183594,1.1253446530190558e-07,-2.2649508537142538e-05,0.9999936819076538
1733,While market strain triggered by the coronavirus pandemic has eased since the Federal Reserve's historic interventi… https://t.co/ZFb0jzOH7h,2,positive,2,positive,positive,1,0,Finistral-7B-LoRA,tfns,-12.000043869018555,6.144111921457807e-06,-11.500043869018555,1.0129927431989927e-05,-4.4225667807040736e-05,0.9999836683273315
1734,Why the markets 'look clean' into 2019 year-end,2,positive,2,positive,positive,1,0,Finistral-7B-LoRA,tfns,-8.25995922088623,0.00025925575755536556,-2.6974589824676514,0.06752917915582657,-0.07245908677577972,0.9322115182876587
1735,"As Stocks Soar, Credit Markets Are Starting To CCCrack https://t.co/hitGrlXQTA",1,neutral,0,negative,negative,0,0,Finistral-7B-LoRA,tfns,-0.2635940909385681,0.7710452079772949,-1.513594150543213,0.22090816497802734,-4.826094150543213,0.008046579547226429
1736,At the open (11/25/2019) https://t.co/ttg1gN94y0,1,neutral,1,neutral,neutral,1,0,Finistral-7B-LoRA,tfns,-10.375125885009766,3.120040491921827e-05,-0.00012635385792236775,0.9999204874038696,-9.937625885009766,4.8324134695576504e-05
1737,"Banks, Energy, Metals lag just about every day...mega-strong day for growth w/ Software, Biotech, Payments leading",1,neutral,1,neutral,neutral,1,0,Finistral-7B-LoRA,tfns,-6.792353630065918,0.001133682089857757,-0.29235368967056274,0.7540591359138489,-1.417353630065918,0.244807168841362
1738,Bloomberg Markets: China Open Full Show (02/07/2020),1,neutral,1,neutral,neutral,1,0,Finistral-7B-LoRA,tfns,-10.000307083129883,4.53911125077866e-05,-0.0003073934931308031,0.999805748462677,-8.812807083129883,0.0001488317211624235
1739,Dow- Chemically Speaking,1,neutral,1,neutral,neutral,1,0,Finistral-7B-LoRA,tfns,-8.815342903137207,0.00014849276340100914,-0.002842911286279559,0.9975287318229675,-6.065342903137207,0.0023228174541145563
1740,Dow Jones News: Apple Production Problems; Boeing Upgraded,1,neutral,1,neutral,neutral,1,0,Finistral-7B-LoRA,tfns,-2.131948471069336,0.11911304295063019,-0.1319483518600464,0.8801329731941223,-7.194448471069336,0.0007539516664110124
1741,General Announcement::Notice of Special General Meeting #SingaporeExchange #Stock #MarketScreener… https://t.co/l8vypusOGz,1,neutral,1,neutral,neutral,1,0,Finistral-7B-LoRA,tfns,-13.500130653381348,1.3709554878005292e-06,-0.00013100242358632386,0.9999973773956299,-13.562630653381348,1.2878934967375244e-06
1742,London Stock Exchange : Directorate Changes #LondonStockExchange #Stock #MarketScreener https://t.co/iHF2CmkWmV https://t.co/DXnGasOWPn,1,neutral,1,neutral,neutral,1,0,Finistral-7B-LoRA,tfns,-12.687612533569336,3.0894777864887146e-06,-0.00011216964776394889,0.9999915361404419,-12.125112533569336,5.422202320914948e-06
1743,London Stock Exchange : Euronext Dublin Market Notice Replacement #LondonStockExchange #Stock #MarketScreener… https://t.co/D6vaZQOvk5,1,neutral,1,neutral,neutral,1,0,Finistral-7B-LoRA,tfns,-12.250072479248047,4.785072178492555e-06,-7.259582343976945e-05,0.9999904632568359,-12.250072479248047,4.785072178492555e-06
1744,London Stock Exchange : Notice of Satisfaction and Discharge #LondonStockExchange #Stock #MarketScreener… https://t.co/Y5wqz33i9o,1,neutral,1,neutral,neutral,1,0,Finistral-7B-LoRA,tfns,-9.378100395202637,8.46259281388484e-05,-0.003100709058344364,0.9977327585220337,-6.128100872039795,0.002182531636208296
1745,"Market Recap: Friday, Dec. 13",1,neutral,1,neutral,neutral,1,0,Finistral-7B-LoRA,tfns,-7.001389503479004,0.0009107262594625354,-0.0013893722789362073,0.9987326264381409,-7.938889503479004,0.0003566455270629376
1746,News Highlights : Top Global Markets News of the Day #NewsHighlights #economy #MarketScreener… https://t.co/70WlBhNOkd,1,neutral,1,neutral,neutral,1,0,Finistral-7B-LoRA,tfns,-13.625014305114746,1.2098628303647274e-06,-1.4066597032069694e-05,0.9999964237213135,-12.937514305114746,2.4060993837338174e-06
1747,NYSE Closing Bell 🔔:     Telecom Argentina (NYSE: TEO) celebrates their 25th Anniversary Listing https://t.co/EemF9wG8iW,1,neutral,2,positive,positive,0,0,Finistral-7B-LoRA,tfns,-11.12793254852295,1.4727759662491735e-05,-1.3154325485229492,0.26893746852874756,-0.31543251872062683,0.7310477495193481
1748,On the hour,1,neutral,1,neutral,neutral,1,0,Finistral-7B-LoRA,tfns,-10.06277847290039,4.264070958015509e-05,-0.000278195773717016,0.9997989535331726,-8.75027847290039,0.0001584294659551233
1749,On the hour https://t.co/A3Li2E7VIs,1,neutral,1,neutral,neutral,1,0,Finistral-7B-LoRA,tfns,-10.750142097473145,2.1443343939608894e-05,-0.00014256415306590497,0.999903678894043,-9.500142097473145,7.484462548745796e-05
1750,On the hour https://t.co/G9BZLeFZTD,1,neutral,1,neutral,neutral,1,0,Finistral-7B-LoRA,tfns,-10.937615394592285,1.777737998054363e-05,-0.00011538793478393927,0.9999161958694458,-9.625115394592285,6.60509685985744e-05
1751,Stock Market Update: Defensive-minded investors,1,neutral,1,neutral,neutral,1,0,Finistral-7B-LoRA,tfns,-7.131280899047852,0.0008040733519010246,-0.006280684377998114,0.999180257320404,-11.068780899047852,1.5676934708608314e-05
1752,Stock Market Update: Stocks hold steady; UK rallies on Conservative Party victory,1,neutral,1,neutral,neutral,1,0,Finistral-7B-LoRA,tfns,-8.6937255859375,0.00016777252312749624,-0.006225597579032183,0.9946130514144897,-5.2562255859375,0.005219249986112118
1753,"Stocks Rally, Oil Drops at Start of Challenging Week #SP500 #index #MarketScreener https://t.co/zvaSvRqcdt https://t.co/Pw0UVqFuo3",1,neutral,2,positive,positive,0,0,Finistral-7B-LoRA,tfns,-2.9078502655029297,0.05465999245643616,-1.6578502655029297,0.1907821148633957,-0.28285032510757446,0.7545579075813293
1754,UPDATE 2-European stocks end flat as defensive gains offset auto slide,1,neutral,1,neutral,neutral,1,0,Finistral-7B-LoRA,tfns,-10.750238418579102,2.14448864426231e-05,-0.00023850933939684182,0.9999756813049316,-12.750238418579102,2.9022501166764414e-06
1755,Utilities Flat On Mixed Trade Signals -- Utilities Roundup #economy #MarketScreener https://t.co/5L2LBQYBZd https://t.co/I2k8OZxnCh,1,neutral,1,neutral,neutral,1,0,Finistral-7B-LoRA,tfns,-3.897199869155884,0.02032776176929474,-0.022199930623173714,0.9794464111328125,-8.397199630737305,0.000225821029744111
1756,Wall Street flat with all eyes on China news briefing,1,neutral,1,neutral,neutral,1,0,Finistral-7B-LoRA,tfns,-7.6257452964782715,0.00048784672981128097,-0.0007452571298927069,0.9994907379150391,-10.750744819641113,2.143448728020303e-05
1757,Week ahead on Wall Street #economy #MarketScreener https://t.co/gSr3hoOMQT https://t.co/sNnufj18DG,1,neutral,1,neutral,neutral,1,0,Finistral-7B-LoRA,tfns,-8.626309394836426,0.0001794155250536278,-0.0013098479248583317,0.999194324016571,-7.376309871673584,0.0006262217066250741
1758,"YTD Performance:
Dow Jones: Red
30Y: +9%

https://t.co/scCDfO2eUv https://t.co/sO1bMzirbY",1,neutral,1,neutral,neutral,1,0,Finistral-7B-LoRA,tfns,-5.217184066772461,0.005427979864180088,-0.029684225097298622,0.9717193245887756,-3.77968430519104,0.022852648049592972
1759,$EWW $MXF $MXE - White House is pushing to get USMCA through Congress this year https://t.co/YoGu0kKCCp,1,neutral,2,positive,positive,0,0,Finistral-7B-LoRA,tfns,-9.975778579711914,4.652187999454327e-05,-3.288278102874756,0.03732515126466751,-0.038278136402368546,0.9626283049583435
1760,"95% Approval Rate in the Republican Party, a record! Thank you!",1,neutral,2,positive,positive,0,0,Finistral-7B-LoRA,tfns,-15.812512397766113,1.3574282320405473e-07,-12.500012397766113,3.726638851730968e-06,-1.2278481335670222e-05,0.9999961853027344
1761,"Ahead of the election, Johnson and Corbyn will go head-to-head one final time https://t.co/JBpUPSYX28",1,neutral,1,neutral,neutral,1,0,Finistral-7B-LoRA,tfns,-16.93750762939453,4.406940590229169e-08,-6.794906312279636e-06,0.9999998807907104,-17.87500762939453,1.7257827167327378e-08
1762,"AOC to Trump: ""Try to keep up."" https://t.co/e8eaVUSivO",1,neutral,1,neutral,neutral,1,0,Finistral-7B-LoRA,tfns,-12.12509536743164,5.422211870609317e-06,-9.572047565598041e-05,0.9999933242797852,-13.56259536743164,1.2878882671429892e-06
1763,At Least One Republican Still Knows Right From Wrong,1,neutral,2,positive,positive,0,0,Finistral-7B-LoRA,tfns,-10.786614418029785,2.0954768842784688e-05,-0.9116146564483643,0.4073248505592346,-0.5366146564483643,0.5926541090011597
1764,"Attorney General William Barr said Jeffrey Epstein's death was a ""perfect storm of screw-ups"" in an interview with… https://t.co/uhYQ9CcGIR",1,neutral,1,neutral,neutral,1,0,Finistral-7B-LoRA,tfns,-8.937767028808594,0.00013135161134414375,-0.00026723151677288115,0.9998672008514404,-13.500267028808594,1.370777113152144e-06
1765,Barr acknowledges for the first time that Rudy Giuliani has been giving the Justice Department information he colle… https://t.co/IfJxvcsYnF,1,neutral,1,neutral,neutral,1,0,Finistral-7B-LoRA,tfns,-10.812710762023926,2.0145629605394788e-05,-0.00021038226259406656,0.9999767541885376,-12.687710762023926,3.0894320843799505e-06
1766,Barr says DOJ will review information from Trump lawyer Giuliani's probe of Bidens in Ukraine https://t.co/T6DEg719nu,1,neutral,1,neutral,neutral,1,0,Finistral-7B-LoRA,tfns,-14.375015258789062,5.71500379464851e-07,-1.5020257706055418e-05,0.9999992847442627,-15.875015258789062,1.275189731586579e-07
1767,Bernie Sanders Campaign Calls for Recalculation of Iowa Caucus Results,1,neutral,1,neutral,neutral,1,0,Finistral-7B-LoRA,tfns,-4.635107040405273,0.009708136320114136,-0.010106933303177357,0.9902567863464355,-10.260107040405273,3.501300670905039e-05
1768,"Bloomberg takes untested path to 2020, skipping key contests https://t.co/q6Kk8BhQul",1,neutral,1,neutral,neutral,1,0,Finistral-7B-LoRA,tfns,-11.500061988830566,1.0129920156032313e-05,-6.186770770000294e-05,0.9999829530715942,-11.875061988830566,6.962186034797924e-06
1769,Boris Johnson's Brexit Is More “Slow Deal” Than “No Deal”,1,neutral,1,neutral,neutral,1,0,Finistral-7B-LoRA,tfns,-14.250020980834961,6.475941631833848e-07,-2.1457441107486375e-05,0.9999983310699463,-13.812520980834961,1.0030133807958919e-06
1770,Brazil minister says it's 'impossible' to put value on Eletrobras privatization #Stock #MarketScreener… https://t.co/1E69L1a2YD,1,neutral,1,neutral,neutral,1,0,Finistral-7B-LoRA,tfns,-8.626792907714844,0.0001793426927179098,-0.001793087343685329,0.9987886548042297,-6.876792907714844,0.0010320459259673953
1771,Brazil’s President Jair Bolsonaro launched a new prospective political party on Thursday after resigning from the S… https://t.co/tbD5UIfAfX,1,neutral,1,neutral,neutral,1,0,Finistral-7B-LoRA,tfns,-15.125005722045898,2.6995769530913094e-07,-6.079655122448457e-06,0.9999995231628418,-15.375005722045898,2.102432858919201e-07
1772,Brexit or Corbyn? U.K. Business Agonizes Over Election Choice,1,neutral,1,neutral,neutral,1,0,Finistral-7B-LoRA,tfns,-15.187504768371582,2.536018826049258e-07,-4.887569048150908e-06,0.9999997615814209,-17.2500057220459,3.2241860736803574e-08
1773,"Buchanan: Democrats' Diversity - But, Only In The Back Of The Bus https://t.co/qV0eC7uXHd",1,neutral,1,neutral,neutral,1,0,Finistral-7B-LoRA,tfns,-10.62504768371582,2.4300215955008753e-05,-4.815939246327616e-05,0.9999747276306152,-13.81254768371582,1.0029897339336458e-06
1774,Buttigieg officially wins largest delegate count at Iowa,1,neutral,2,positive,positive,0,0,Finistral-7B-LoRA,tfns,-10.454715728759766,2.884531204472296e-05,-4.142215251922607,0.01590593345463276,-0.017215462401509285,0.9840652346611023
1775,Canada rail workers’ strike tests weakened Trudeau https://t.co/158wnVBdda,1,neutral,0,negative,negative,0,0,Finistral-7B-LoRA,tfns,-0.03839997202157974,0.9626190662384033,-3.2883999347686768,0.03732478991150856,-9.788399696350098,5.611555388895795e-05
1776,"Chinese President Xi Jinping makes his first public appearance in almost two weeks, as public anger over the corona… https://t.co/NlHHyxVrKj",1,neutral,1,neutral,neutral,1,0,Finistral-7B-LoRA,tfns,-11.812535285949707,7.411259957734728e-06,-3.540453326422721e-05,0.9999898672103882,-12.812535285949707,2.7264500204182696e-06
1777,Congress may finally have a definition for insider trading https://t.co/CFdwMhlgp0 by @bcheungz https://t.co/UfdeFYiKXA,1,neutral,1,neutral,neutral,1,0,Finistral-7B-LoRA,tfns,-12.750028610229492,2.902286269090837e-06,-2.8729025871143676e-05,0.9999881982803345,-11.625028610229492,8.939670806284994e-06
1778,Conservative party manifesto plays down rightwing populism https://t.co/5zVnaDLs3R,1,neutral,1,neutral,neutral,1,0,Finistral-7B-LoRA,tfns,-14.625009536743164,4.450848507531191e-07,-1.0013530300057027e-05,0.9999991655349731,-14.812509536743164,3.6898831012877054e-07
1779,Conservatives make very modest spending pledges https://t.co/AN39zlwf9x,1,neutral,1,neutral,neutral,1,0,Finistral-7B-LoRA,tfns,-13.562528610229492,1.2878942925453885e-06,-2.825220326485578e-05,0.9999979734420776,-14.062528610229492,7.811473778929212e-07
1780,Corbyn effect? British utility debt boosted by nationalisation bet,1,neutral,2,positive,positive,0,0,Finistral-7B-LoRA,tfns,-8.438579559326172,0.00021636993915308267,-7.126079559326172,0.0008039119420573115,-0.0010796914575621486,0.9989796280860901
1781,Defiant Netanyahu on the attack over bribery charges as opponents circle https://t.co/fusfekaylD,1,neutral,1,neutral,neutral,1,0,Finistral-7B-LoRA,tfns,-4.512874603271484,0.010985110886394978,-0.012874694541096687,0.988848090171814,-8.700374603271484,0.00016680009139236063
1782,"Democrats are desperate to catch up with the Trump campaign, and are investing heavily in an array of campaigning t… https://t.co/coWOf2D8s5",1,neutral,1,neutral,neutral,1,0,Finistral-7B-LoRA,tfns,-15.250007629394531,2.3823682226975507e-07,-7.271740287251305e-06,0.9999994039535522,-15.000007629394531,3.0590214805670257e-07
1783,Democrats going back to their Districts for Thanksgiving are getting absolutely hammered by their constituents over… https://t.co/IXzP5VLroK,1,neutral,1,neutral,neutral,1,0,Finistral-7B-LoRA,tfns,-1.917981505393982,0.14799925684928894,-0.16798150539398193,0.8516770005226135,-8.042981147766113,0.00032374722650274634
1784,Divided Hong Kong to hold its first elections since the protests began https://t.co/EvKKblxVNy,1,neutral,1,neutral,neutral,1,0,Finistral-7B-LoRA,tfns,-12.437508583068848,3.966985786973964e-06,-8.4638240878121e-06,0.9999959468841553,-16.62500762939453,6.023550014333523e-08
1785,Former impeachment witness Monica Lewinsky has thoughts about today's vote. https://t.co/HXpdNVJOVU,1,neutral,1,neutral,neutral,1,0,Finistral-7B-LoRA,tfns,-13.687516212463379,1.1365635828042286e-06,-1.6689160474925302e-05,0.9999986886978149,-15.375016212463379,2.102431153616635e-07
1786,Former PM Blair: Don't hold your breath for UK-U.S. trade deal https://t.co/z1Dgv1wuu8 https://t.co/gGZHw8JLbf,1,neutral,1,neutral,neutral,1,0,Finistral-7B-LoRA,tfns,-6.626398086547852,0.0013249882031232119,-0.0013979434734210372,0.9986491799354553,-10.563898086547852,2.5833158360910602e-05
1787,"Former U.S. Treasury Secretary Hank Paulson says calls to oust Chinese companies from U.S. stock indexes was a ""ter… https://t.co/DnZPvA3iem",1,neutral,1,neutral,neutral,1,0,Finistral-7B-LoRA,tfns,-9.446508407592773,7.898966578068212e-05,-0.00900871492922306,0.9913442134857178,-4.759008884429932,0.00857680756598711
1788,Giuliani associate wants to testify that Nunes aides hid Ukraine meetings from Schiff https://t.co/C6piHsuV86,1,neutral,1,neutral,neutral,1,0,Finistral-7B-LoRA,tfns,-10.375075340270996,3.120187102467753e-05,-7.56950321374461e-05,0.9999674558639526,-13.500075340270996,1.3709145605389494e-06
1789,Gloves Off In the Dem Primary,1,neutral,0,negative,negative,0,0,Finistral-7B-LoRA,tfns,-0.38939619064331055,0.6789236068725586,-1.1393961906433105,0.32070082426071167,-7.8893961906433105,0.00037550204433500767
1790,Governments are now using the fine print of financial regulations to fight climate change https://t.co/RHswy7NjwW,1,neutral,1,neutral,neutral,1,0,Finistral-7B-LoRA,tfns,-13.25011920928955,1.7601631725483458e-06,-0.00011932138295378536,0.9998959302902222,-9.18761920928955,0.0001022996730171144
1791,Here’s the status of impeachment—and all the other Trump investigations—right now https://t.co/OVfzlrjhoD,1,neutral,1,neutral,neutral,1,0,Finistral-7B-LoRA,tfns,-15.187504768371582,2.5360185418321635e-07,-4.6491513785440475e-06,0.9999996423721313,-16.062503814697266,1.05716978282544e-07
1792,"He's in to ""defeat Donald Trump and rebuild America."" https://t.co/yjMVTaO1Zy",1,neutral,1,neutral,neutral,1,0,Finistral-7B-LoRA,tfns,-11.937570571899414,6.540256890730234e-06,-7.080780778778717e-05,0.9999659061431885,-10.500070571899414,2.7535512344911695e-05
1793,"Highlight: @jessicaasmith8 on impeachment: 'At 1pm today, they are set to start debating on the call for witnesses.... https://t.co/bmlxbClUk2",1,neutral,1,neutral,neutral,1,0,Finistral-7B-LoRA,tfns,-15.50001049041748,1.8553906500073936e-07,-1.0847986231965479e-05,0.9999995231628418,-14.87501049041748,3.466325892986788e-07
1794,"Hillary should give it another try, but this time don’t forget Wisconsin, Pennsylvania, Michigan, North Carolina &… https://t.co/NqyY73nZwh",1,neutral,1,neutral,neutral,1,0,Finistral-7B-LoRA,tfns,-11.50007438659668,1.0129743714060169e-05,-7.462222856702283e-05,0.9999655485153198,-10.62507438659668,2.429999403830152e-05
1795,"Hong Kong, China, And U.K. Election Hopes Fan Modest Risk-Taking. Read more and sign up for updates:… https://t.co/NezVnEBTQu",1,neutral,2,positive,positive,0,0,Finistral-7B-LoRA,tfns,-9.66407299041748,6.358677637763321e-05,-3.2890729904174805,0.037324510514736176,-0.03907302767038345,0.9626118540763855
1796,"House Democrats are starting to compress weeks of depositions, documents and testimony into a report almost certain… https://t.co/YVq2saxmBU",1,neutral,1,neutral,neutral,1,0,Finistral-7B-LoRA,tfns,-11.50002670288086,1.0129971087735612e-05,-2.6702524337451905e-05,0.9999879598617554,-13.18752670288086,1.8738563767328742e-06
1797,House Democrats roll out articles of impeachment against Trump https://t.co/HRjKKXqIUZ,1,neutral,0,negative,negative,0,0,Finistral-7B-LoRA,tfns,-0.6030824184417725,0.5608049631118774,-0.8530824184417725,0.43675532937049866,-6.040582656860352,0.0024396954104304314
1798,How Bernie Sanders is helping Mike Bloomberg,1,neutral,1,neutral,neutral,1,0,Finistral-7B-LoRA,tfns,-12.500462532043457,3.7253896607580828e-06,-0.00046230596490204334,0.9996609687805176,-8.000462532043457,0.0003353488864377141
1799,"India, Maldives To Hold Joint Commission Meeting On Friday After Gap Of Over Four Years",1,neutral,1,neutral,neutral,1,0,Finistral-7B-LoRA,tfns,-13.634594917297363,1.2006981933154748e-06,-0.009595227427780628,0.992421567440033,-4.8845953941345215,0.007577231619507074
1800,"Irish PM Varadkar Set to Lose Power, Betting Odds Signal",1,neutral,0,negative,negative,0,0,Finistral-7B-LoRA,tfns,-0.05256600305438042,0.9513717293739319,-3.0525660514831543,0.047366008162498474,-6.677566051483154,0.0012622614158317447
1801,Is @BernieSanders the nightmare China never saw coming? Read @JimCramer's full take on @RealMoney:… https://t.co/B6Stje9N0Q,1,neutral,1,neutral,neutral,1,0,Finistral-7B-LoRA,tfns,-14.937503814697266,3.2563119134465524e-07,-3.4570634852570947e-06,0.9999995231628418,-15.625003814697266,1.6373763855881407e-07
1802,Japan’s Abe Says Olympics Won’t Be Postponed Amid Virus Fears,1,neutral,1,neutral,neutral,1,0,Finistral-7B-LoRA,tfns,-12.000303268432617,6.144153303466737e-06,-0.0003036991402041167,0.9999903440475464,-12.562803268432617,3.500832917779917e-06
1803,"Joe Biden really called a young woman a 'lying, dog-faced pony soldier' https://t.co/Op3dEnYE7J",1,neutral,1,neutral,neutral,1,0,Finistral-7B-LoRA,tfns,-2.6975224018096924,0.06753892451524734,-0.07252229005098343,0.9323460459709167,-9.072522163391113,0.00011506064038258046
1804,"Joe Biden says Lindsey Graham, his longtime friend and Senate colleague, will regret pursuing an investigation of t… https://t.co/ssRfufKbNq",1,neutral,1,neutral,neutral,1,0,Finistral-7B-LoRA,tfns,-8.062987327575684,0.00031503234640695155,-0.000486970558995381,0.9996647834777832,-10.812987327575684,2.0139343178016134e-05
1805,"Joe Leahy: The elections in Hong Kong are unlikely to put a stop to the months of often violent demonstrations
https://t.co/qkkbaHCyhm",1,neutral,0,negative,negative,0,0,Finistral-7B-LoRA,tfns,-0.1006355956196785,0.9045718908309937,-2.350635528564453,0.09534117579460144,-9.350635528564453,8.693990093888715e-05
1806,Joe Walsh to Back ‘Any Democrat’ Over Trump After Ending GOP Bid,1,neutral,1,neutral,neutral,1,0,Finistral-7B-LoRA,tfns,-12.562705993652344,3.5007583392143715e-06,-0.00020585325546562672,0.9999690055847168,-10.500205993652344,2.753559783741366e-05
1807,Johnson Offers Business an Olive Branch as U.K. Election Revs Up,1,neutral,1,neutral,neutral,1,0,Finistral-7B-LoRA,tfns,-10.517287254333496,2.7088077331427485e-05,-0.07978741824626923,0.9241167902946472,-2.579787492752075,0.07585611939430237
1808,"Kerry said Biden can put back together ""the world Donald Trump has smashed apart.” https://t.co/oWEJtFQtfH",1,neutral,1,neutral,neutral,1,0,Finistral-7B-LoRA,tfns,-9.44304370880127,7.942024240037426e-05,-0.005543810781091452,0.9967480897903442,-5.7555437088012695,0.003172430908307433
1809,LIVE: Trump speaks at the White House Summit on Human Trafficking https://t.co/hOfqfruYnn,1,neutral,1,neutral,neutral,1,0,Finistral-7B-LoRA,tfns,-17.3750057220459,2.8453341016643208e-08,-6.318072337307967e-06,0.9999997615814209,-15.625006675720215,1.637376669805235e-07
1810,Merkel Demands an End to CDU’s ‘Unforgivable’ Far-Right Deal,1,neutral,0,negative,negative,0,0,Finistral-7B-LoRA,tfns,-0.024101950228214264,0.9783958792686462,-3.899101972579956,0.02030595950782299,-6.649101734161377,0.0012981165200471878
1811,Mike Bloomberg's $300 million campaign ad blitz has been a boon for local TV broadcasters. https://t.co/XBxs3SzFrZ https://t.co/JKkMJzQKw0,1,neutral,1,neutral,neutral,1,0,Finistral-7B-LoRA,tfns,-10.25819206237793,3.5094319173367694e-05,-0.07069180905818939,0.9324206113815308,-2.6956918239593506,0.06754432618618011
1812,Ocasio-Cortez smacks Trump with her political resume after the president calls out the ‘Do Nothing Democrats’ https://t.co/1DDdgmocj6,1,neutral,1,neutral,neutral,1,0,Finistral-7B-LoRA,tfns,-5.4431257247924805,0.00433100201189518,-0.005625488236546516,0.9955535531044006,-9.06812572479248,0.00011541730054887012
1813,Pelosi’s attempt to chew gum and walk with Trump https://t.co/yCkgA84SXQ,1,neutral,1,neutral,neutral,1,0,Finistral-7B-LoRA,tfns,-18.2500057220459,1.1861120086109622e-08,-5.006777428206988e-06,1.0,-18.4375057220459,9.833214242860322e-09
1814,Pete Buttigieg has a big new plan to shake up the retirement system https://t.co/O57CHHZ7vr by @benwerschkul https://t.co/WyoQrR7scs,1,neutral,1,neutral,neutral,1,0,Finistral-7B-LoRA,tfns,-14.062549591064453,7.811224236320413e-07,-4.935142715112306e-05,0.999966025352478,-10.312549591064453,3.321416807011701e-05
1815,Pete Buttigieg sees surge in support from business execs after his strong showing in Iowa https://t.co/ZFfMXbQuBV,1,neutral,2,positive,positive,0,0,Finistral-7B-LoRA,tfns,-14.062684059143066,7.810456850165792e-07,-8.937684059143066,0.00013135169865563512,-0.00018416139937471598,0.9998677968978882
1816,President of Russia : Meeting with First Vice-President of Azerbaijan Mehriban Aliyeva #PresidentofRussia #economy… https://t.co/zeu0FK5NhH,1,neutral,1,neutral,neutral,1,0,Finistral-7B-LoRA,tfns,-15.562771797180176,1.7425766429823852e-07,-0.00027164106722921133,0.9997692704200745,-8.375271797180176,0.00023050665913615376
1817,Presidential campaigns are paying millions to Big Tech companies (while also bashing them),1,neutral,1,neutral,neutral,1,0,Finistral-7B-LoRA,tfns,-15.500016212463379,1.855391076333035e-07,-1.597391747054644e-05,0.9999997615814209,-16.437515258789062,7.265815327173186e-08
1818,Prime Minister Defends Citizenship Amendment Act; Says His Government Kept Prices Under Check,1,neutral,1,neutral,neutral,1,0,Finistral-7B-LoRA,tfns,-8.955694198608398,0.00012953714758623391,-0.20569397509098053,0.817468523979187,-1.7056939601898193,0.1824018955230713
1819,Prince Andrew Opens the Door to a Slimmed-Down Monarchy,1,neutral,1,neutral,neutral,1,0,Finistral-7B-LoRA,tfns,-12.00079345703125,6.141840003692778e-06,-0.0007936188485473394,0.9996139407157898,-7.87579345703125,0.0003799822006840259
1820,"Ruth Bader Ginsburg was hospitalized Friday night with chills and a fever, but her condition has improved and she e… https://t.co/Uzz8z59JRO",1,neutral,1,neutral,neutral,1,0,Finistral-7B-LoRA,tfns,-11.437837600708008,1.0781119271996431e-05,-0.000337305391440168,0.999785840511322,-8.500337600708008,0.00020342478819657117
1821,Schumer warns of reckoning for Republican senators who vote against witnesses in impeachment trial https://t.co/pNoCeqhkiu,1,neutral,1,neutral,neutral,1,0,Finistral-7B-LoRA,tfns,-5.942931175231934,0.002631592098623514,-0.005430944263935089,0.997337281703949,-10.380431175231934,3.111980186076835e-05
1822,Scotland's first minister has sought to reassure restive members of her Scottish National party that Brexit will pa... https://t.co/4KDYlhWfdJ,1,neutral,1,neutral,neutral,1,0,Finistral-7B-LoRA,tfns,-13.937509536743164,8.851566235534847e-07,-9.179073458653875e-06,0.9999988079071045,-14.937509536743164,3.2563093554927036e-07
1823,Singapore’s Democratic Party Forced To Correct “Fake News” By Its Government,1,neutral,1,neutral,neutral,1,0,Finistral-7B-LoRA,tfns,-9.25013542175293,9.610237611923367e-05,-0.00013541258522309363,0.9999034404754639,-14.62513542175293,4.450422466106829e-07
1824,"Sinn Fein surged to take 25% of the popular vote in Ireland's election on Saturday.

But the popular vote is not re… https://t.co/Q9lBBk9AsS",1,neutral,1,neutral,neutral,1,0,Finistral-7B-LoRA,tfns,-8.617294311523438,0.00018111437384504825,-0.4297938942909241,0.6512368321418762,-1.0547938346862793,0.348581999540329
1825,Tory manifesto leaves door open to no-deal Brexit https://t.co/Qca426gTj9,1,neutral,1,neutral,neutral,1,0,Finistral-7B-LoRA,tfns,-7.565281867980957,0.000519276421982795,-0.002782047726213932,0.999426007270813,-9.815281867980957,5.473133205669001e-05
1826,"Trump Attends Army-Navy Game, Tells Players to ‘Make a Fortune’",1,neutral,1,neutral,neutral,1,0,Finistral-7B-LoRA,tfns,-16.62504005432129,6.023466170290703e-08,-4.0649541915627196e-05,0.9999821186065674,-10.937541007995605,1.7778551409719512e-05
1827,Trump Budget Would Ax Loan Program Sought to Revive Lordstown Plant,1,neutral,0,negative,negative,0,0,Finistral-7B-LoRA,tfns,-0.0030950047075748444,0.9988681077957153,-6.8155951499938965,0.0010986945126205683,-10.315594673156738,3.317769733257592e-05
1828,"Trump budget would cut loan program used by Tesla, Ford https://t.co/7MnkFWUnrp",1,neutral,0,negative,negative,0,0,Finistral-7B-LoRA,tfns,-0.0047800554893910885,0.9959233999252319,-5.504780292510986,0.00407011155039072,-11.942279815673828,6.513816970254993e-06
1829,Trump Impeachment Win Clears Path for Emboldened President,1,neutral,1,neutral,neutral,1,0,Finistral-7B-LoRA,tfns,-7.065904140472412,0.0008541468996554613,-0.003404062008485198,0.9970968961715698,-6.190904140472412,0.0020489918533712626
1830,Trump is pitting public-health advocates against vaping proponents and tobacco executives in an unusual White House… https://t.co/WQXxSDufKW,1,neutral,1,neutral,neutral,1,0,Finistral-7B-LoRA,tfns,-10.37507152557373,3.120188193861395e-05,-7.164221460698172e-05,0.9999678134918213,-13.87507152557373,9.42215137911262e-07
1831,Trump is rolling back regulations enacted after industry disasters—setting off alarm bells with public safety advoc… https://t.co/kwqWfHZC2Z,1,neutral,1,neutral,neutral,1,0,Finistral-7B-LoRA,tfns,-1.144063115119934,0.31960877776145935,-0.3940630853176117,0.6766117215156555,-5.5815629959106445,0.0037795223761349916
1832,Trump Plays the Game of Gaming the Presidential Debates,1,neutral,1,neutral,neutral,1,0,Finistral-7B-LoRA,tfns,-16.687522888183594,5.658623436488597e-08,-2.3603161025675945e-05,0.9999998807907104,-18.062522888183594,1.4307239837307861e-08
1833,Trump questions the downsides of banning flavored e-cigarettes in heated meeting https://t.co/O6IdEw5BWm,1,neutral,1,neutral,neutral,1,0,Finistral-7B-LoRA,tfns,-9.125221252441406,0.00010889458644669503,-0.00022098960471339524,0.999869704246521,-10.750221252441406,2.1442614524858072e-05
1834,Trump said Secretary of State Michael Pompeo would “win in a landslide” if he runs for the U.S. Senate in Kansas https://t.co/wglRqHIeT8,1,neutral,1,neutral,neutral,1,0,Finistral-7B-LoRA,tfns,-12.82160758972168,2.703083964661346e-06,-0.009107238613069057,0.991419792175293,-4.7591071128845215,0.00857746135443449
1835,"Trump says his administration will determine an age for e-cigarette buys
https://t.co/8j5ZZJwZj9 https://t.co/dEsgbZJUKM",1,neutral,1,neutral,neutral,1,0,Finistral-7B-LoRA,tfns,-5.131717205047607,0.005910950712859631,-0.006717361975461245,0.9940690994262695,-10.819217681884766,2.002661130973138e-05
1836,Trump Says Mulvaney Will Remain as White House Chief of Staff,1,neutral,1,neutral,neutral,1,0,Finistral-7B-LoRA,tfns,-14.187551498413086,6.893479280734027e-07,-5.1616290875244886e-05,0.9999803304672241,-10.875051498413086,1.8925133190350607e-05
1837,Trump Tax Fight Faces New Urgency After Impeachment Acquittal,1,neutral,1,neutral,neutral,1,0,Finistral-7B-LoRA,tfns,-14.500008583068848,5.043468149779073e-07,-8.702239938429557e-06,0.9999983310699463,-13.687508583068848,1.1365631280568778e-06
1838,Trump told the Treasury and Justice Departments to look into the impact of U.S. sanctions on Halkbank after being l… https://t.co/NZVl8GvLBE,1,neutral,1,neutral,neutral,1,0,Finistral-7B-LoRA,tfns,-10.001226425170898,4.539695510175079e-05,-0.0012267453130334616,0.9999344348907471,-10.813726425170898,2.0144776499364525e-05
1839,Trump will look to upstage Democrats by holding a campaign rally in New Hampshire a day before the state's primary https://t.co/TYePDRWOpx,1,neutral,1,neutral,neutral,1,0,Finistral-7B-LoRA,tfns,-12.812585830688477,2.7264602522336645e-06,-8.606540359323844e-05,0.9999935626983643,-12.500085830688477,3.726629074662924e-06
1840,"Trump, Powell meet and talk about 'everything'",1,neutral,1,neutral,neutral,1,0,Finistral-7B-LoRA,tfns,-16.625137329101562,6.023552856504466e-08,-0.00013660451804753393,0.9999964237213135,-12.562636375427246,3.5008542909054086e-06
1841,Trump's Republican supporters may be less committed than they seem https://t.co/Ah8YjgksnW via @bopinion,1,neutral,1,neutral,neutral,1,0,Finistral-7B-LoRA,tfns,-3.049325942993164,0.04742204025387764,-0.049325961619615555,0.952497124671936,-9.424325942993164,8.07891265139915e-05
1842,UK Conservatives turn fake news into a policy platform https://t.co/6pdqqTGplc,1,neutral,1,neutral,neutral,1,0,Finistral-7B-LoRA,tfns,-10.187814712524414,3.7636298657162115e-05,-0.0003146630187984556,0.9999583959579468,-12.437814712524414,3.966836629842874e-06
1843,UPDATE 1-Erdogan says he told Trump Turkey will not give up Russian S-400s,1,neutral,1,neutral,neutral,1,0,Finistral-7B-LoRA,tfns,-19.718753814697266,2.7305848693259804e-09,-4.0531076592742465e-06,1.0,-18.812503814697266,6.758262394157555e-09
1844,"UPDATE 1-Former Goldman Sachs CEO pushes back on Warren's criticism, wealth tax",1,neutral,1,neutral,neutral,1,0,Finistral-7B-LoRA,tfns,-13.625802040100098,1.209006995850359e-06,-0.0008024332928471267,0.9992890357971191,-7.250802516937256,0.0007096694898791611
1845,"UPDATE 2-Twitter says Conservatives misled public, minister says voters ""don't give a toss""",1,neutral,1,neutral,neutral,1,0,Finistral-7B-LoRA,tfns,-4.264736652374268,0.014062912203371525,-0.014736844226717949,0.9858863353729248,-9.889737129211426,5.071878695162013e-05
1846,"Warren Plans to Crack Down on U.S. Shell Companies, Tax Evasion",1,neutral,1,neutral,neutral,1,0,Finistral-7B-LoRA,tfns,-8.338889122009277,0.0002397329080849886,-0.026388922706246376,0.9767884016036987,-3.7763888835906982,0.02297186106443405
1847,"Watch now: Sondland, U.S. ambassador to EU, testifies in impeachment hearing",1,neutral,1,neutral,neutral,1,0,Finistral-7B-LoRA,tfns,-14.937543869018555,3.256311345012364e-07,-4.362964682513848e-05,0.9999994039535522,-15.250043869018555,2.3823682226975507e-07
1848,"Watch: Trump speaks on human trafficking amid coronavirus outbreak, impeachment trial https://t.co/E7C92PFxPz",1,neutral,1,neutral,neutral,1,0,Finistral-7B-LoRA,tfns,-15.37501335144043,2.1024325747021066e-07,-1.2993727978027891e-05,0.9999994039535522,-14.75001335144043,3.9278612007365155e-07
1849,"What The ""Expert"" Panel Should Have Told You About Impeachment... But Didn't https://t.co/uEOSRZZlm6",1,neutral,1,neutral,neutral,1,0,Finistral-7B-LoRA,tfns,-14.31251049041748,6.083589596528327e-07,-1.0371154530730564e-05,0.9999992847442627,-15.93751049041748,1.1979298619735346e-07
1850,What's the relationship between @realDonaldTrump and @JustinTrudeau really like? @kevinolearytv has some thoughts:  https://t.co/TAU20ZbnmY,1,neutral,1,neutral,neutral,1,0,Finistral-7B-LoRA,tfns,-17.187511444091797,3.43212818165739e-08,-1.2159273865108844e-05,0.9999997615814209,-15.625012397766113,1.637376669805235e-07
1851,Trump calls meeting with Powell 'very good' and 'cordial',1,neutral,2,positive,positive,0,0,Finistral-7B-LoRA,tfns,-12.816673278808594,2.7212186068936717e-06,-2.129173517227173,0.11920259147882462,-0.12917356193065643,0.8807946443557739
1852,Trump Fed nominee Shelton hits bipartisan skepticism in Senate hearing #economy #MarketScreener… https://t.co/4n59nUtFe3,1,neutral,0,negative,negative,0,0,Finistral-7B-LoRA,tfns,-0.0897815153002739,0.9148038625717163,-2.4647815227508545,0.08509001135826111,-9.152281761169434,0.00010605576244415715
1853,White House adviser Larry Kudlow says he wants Fed to be bolder with rate cuts,1,neutral,1,neutral,neutral,1,0,Finistral-7B-LoRA,tfns,-4.880603313446045,0.007774687372148037,-0.5056031942367554,0.6176198720932007,-1.0056031942367554,0.3746054172515869
1854,U.S. treasury secretary to seek additional $250 billion for small business #economy #MarketScreener… https://t.co/ph3JNP4W9h,1,neutral,2,positive,positive,0,0,Finistral-7B-LoRA,tfns,-7.575636863708496,0.0005131797515787184,-1.138136625289917,0.3206566572189331,-0.3881366550922394,0.6788301467895508
1855,$DSKE - Daseke names Chris Easter as permanent CEO https://t.co/QMi50IDUJZ,1,neutral,1,neutral,neutral,1,0,Finistral-7B-LoRA,tfns,-11.687898635864258,8.397841156693175e-06,-0.00039867559098638594,0.9999641180038452,-10.500398635864258,2.75354632321978e-05
1856,"$DZSI: DASAN Zhone Technologies names Tom Cancro CFO and Treasurer, effective December 2, 2019 https://t.co/RpranDXrQz",1,neutral,1,neutral,neutral,1,0,Finistral-7B-LoRA,tfns,-12.875061988830566,2.5612118861317867e-06,-6.174850568640977e-05,0.9999699592590332,-10.500061988830566,2.753562330326531e-05
1857,$FTS - Fortis appoints David Hutchens as COO https://t.co/EXGlH8Xte1,1,neutral,1,neutral,neutral,1,0,Finistral-7B-LoRA,tfns,-14.562535285949707,4.7378958356603107e-07,-3.5523738915799186e-05,0.9999974966049194,-13.125035285949707,1.994728791032685e-06
1858,$GE: General Electric names Carolina Dybeck Happe CFO https://t.co/fTt0iYz8W4,1,neutral,1,neutral,neutral,1,0,Finistral-7B-LoRA,tfns,-14.687569618225098,4.1811392748059006e-07,-6.97350042173639e-05,0.9999880790710449,-11.375069618225098,1.1478763553895988e-05
1859,"$TGE: Tallgrass Energy appoints William Moler as CEO, effective immediately https://t.co/lewYjgEhSA",1,neutral,1,neutral,neutral,1,0,Finistral-7B-LoRA,tfns,-13.812536239624023,1.003010083877598e-06,-3.671578815556131e-05,0.9999949932098389,-12.437536239624023,3.9669816942478064e-06
1860,Alliance Data taps new CEO from Citi,1,neutral,1,neutral,neutral,1,0,Finistral-7B-LoRA,tfns,-14.000205039978027,8.315240620504483e-07,-0.0002047805901383981,0.9999943971633911,-12.250205039978027,4.785090823133942e-06
1861,Asia Pacific Foundation of Canada Welcomes Former New Brunswick Premier Brian Gallant to Board of Directors  https://t.co/OMcgWrDq05,1,neutral,2,positive,positive,0,0,Finistral-7B-LoRA,tfns,-12.650178909301758,3.2135751553141745e-06,-0.9001787900924683,0.40733209252357483,-0.5251787900924683,0.5926646590232849
1862,"Capital Environment : (1) RESIGNATION OF EXECUTIVE DIRECTOR, CHANGE OF THE CHAIRMAN, AUTHO... #CapitalEnvironment… https://t.co/govFU110Ti",1,neutral,1,neutral,neutral,1,0,Finistral-7B-LoRA,tfns,-5.879114627838135,0.0028004846535623074,-0.004114496521651745,0.9970415234565735,-8.754114151000977,0.00015799251559656113
1863,Carl Icahn plans to nominate a slate of 10 directors in an attempt to seize control of the board of U.S. oil and ga… https://t.co/JepE5qxI6U,1,neutral,1,neutral,neutral,1,0,Finistral-7B-LoRA,tfns,-7.128737449645996,0.0008037806837819517,-0.0037373711820691824,0.9988166093826294,-7.878737449645996,0.00037967911339364946
1864,CNOOC appoints CEO,1,neutral,1,neutral,neutral,1,0,Finistral-7B-LoRA,tfns,-15.062527656555176,2.873681523851701e-07,-2.8013790142722428e-05,0.9999984502792358,-13.625027656555176,1.2098653314751573e-06
1865,Credit Suisse CEO Thiam Exits in Shock Reversal After Scandal,1,neutral,0,negative,negative,0,0,Finistral-7B-LoRA,tfns,-0.003545666579157114,0.9974462985992432,-7.066045761108398,0.0008544462034478784,-6.378545761108398,0.0016992693999782205
1866,David Dehaemers is stepping down as CEO of Tallgrass Energy https://t.co/wbGUhtwcIp,1,neutral,1,neutral,neutral,1,0,Finistral-7B-LoRA,tfns,-9.437884330749512,7.967167039168999e-05,-0.00038389943074434996,0.9999035596847534,-11.000384330749512,1.670009078225121e-05
1867,"David McCormick, the ex-Army Ranger set to take full command at Bridgewater https://t.co/N4S13ZAJwK",1,neutral,1,neutral,neutral,1,0,Finistral-7B-LoRA,tfns,-15.500020027160645,1.855387239402262e-07,-2.0265373677830212e-05,0.9999977350234985,-13.062520027160645,2.1233781808405183e-06
1868,Erik Prince’s FSG Quits Mozambique Oil and Gas Logistics Venture,1,neutral,0,negative,negative,0,0,Finistral-7B-LoRA,tfns,-0.006837897468358278,0.9940237402915955,-5.131837844848633,0.005910681094974279,-9.631837844848633,6.566173397004604e-05
1869,February 13 will mark new Boeing CEO David Calhoun's first month at the helm of $BA. @JimCramer gives a progress re… https://t.co/ET9XW0FsuJ,1,neutral,1,neutral,neutral,1,0,Finistral-7B-LoRA,tfns,-12.501193046569824,3.72279259863717e-06,-0.0011928117601200938,0.9989640712738037,-6.876193046569824,0.0010322271846234798
1870,Fiesta Restaurant Group adds hedge fund exec to board,1,neutral,2,positive,positive,0,0,Finistral-7B-LoRA,tfns,-12.68896484375,3.0858811896905536e-06,-6.75146484375,0.0011695065768435597,-0.0014648432843387127,0.9988273978233337
1871,First Reserve names two new managing directors in latest promotions,1,neutral,2,positive,positive,0,0,Finistral-7B-LoRA,tfns,-12.455559730529785,3.912174634024268e-06,-1.705559492111206,0.18242481350898743,-0.20555944740772247,0.817571222782135
1872,"Ford names Jim Farley COO, Hinrichs to retire",1,neutral,1,neutral,neutral,1,0,Finistral-7B-LoRA,tfns,-8.758152961730957,0.00018275390902999789,-0.6019030213356018,0.6369143724441528,-1.164402961730957,0.3629028797149658
1873,"Ford to name Jim  Farley COO, Hinrichs to retire: source",1,neutral,1,neutral,neutral,1,0,Finistral-7B-LoRA,tfns,-12.487672805786133,3.843866579700261e-06,-0.018923228606581688,0.9997181296348572,-8.206422805786133,0.00027802991098724306
1874,GE brings in shipper Maersk's CFO as finance chief,1,neutral,1,neutral,neutral,1,0,Finistral-7B-LoRA,tfns,-15.06252670288086,2.873681523851701e-07,-2.6702524337451905e-05,0.9999984502792358,-13.56252670288086,1.287894860979577e-06
1875,General Electric names Maersk CFO Carolina Dybeck Happe as its new CFO https://t.co/gfPLu09xuW,1,neutral,1,neutral,neutral,1,0,Finistral-7B-LoRA,tfns,-13.9376220703125,8.851503139339911e-07,-0.0001225396408699453,0.9999916553497314,-11.8126220703125,7.411273145407904e-06
1876,GoDaddy announces board changes,1,neutral,1,neutral,neutral,1,0,Finistral-7B-LoRA,tfns,-7.441932201385498,0.0005865430575795472,-0.004432377405464649,0.9962426424026489,-5.754432201385498,0.003170822048559785
1877,Hans Sauter Takes Over Global Sustainability Duties at Fresh Del Monte Produce,1,neutral,1,neutral,neutral,1,0,Finistral-7B-LoRA,tfns,-17.750015258789062,1.9555679742211396e-08,-1.6212332411669195e-05,0.9999998807907104,-15.937516212463379,1.1979305725162703e-07
1878,International Business Machines : Correction to IBM's New Leadership Team #InternationalBusinessMachines #Stock... https://t.co/cd6Jmiss90,1,neutral,1,neutral,neutral,1,0,Finistral-7B-LoRA,tfns,-11.3125581741333,1.2219029486004729e-05,-5.829164365422912e-05,0.9999840259552002,-12.5000581741333,3.7265936043695547e-06
1879,Jefferies poaches more staff from CLSA to boost Asia expansion https://t.co/x2dQ6I9HM2,1,neutral,2,positive,positive,0,0,Finistral-7B-LoRA,tfns,-9.50792121887207,7.427914533764124e-05,-4.882920742034912,0.0075766779482364655,-0.007920760661363602,0.9923490285873413
1880,Legere stepping down as T-Mobile CEO,1,neutral,1,neutral,neutral,1,0,Finistral-7B-LoRA,tfns,-3.8977718353271484,0.020316334441304207,-0.022771766409277916,0.9788958430290222,-7.147771835327148,0.0007877498283050954
1881,Libbey announces CFO transition,1,neutral,1,neutral,neutral,1,0,Finistral-7B-LoRA,tfns,-14.250177383422852,6.475919462900492e-07,-0.00017724849749356508,0.9999948740005493,-12.312677383422852,4.4951784730074e-06
1882,"MedMen's CEO Resigned, and These Pot Stock CEOs Could Be Next",1,neutral,0,negative,negative,0,0,Finistral-7B-LoRA,tfns,-5.9960475482512265e-05,0.9999909400939941,-12.062560081481934,5.771900760009885e-06,-12.625060081481934,3.288730113126803e-06
1883,MGP Adds James Hewlette to International Beverage Alcohol Sales Team   https://t.co/1wZFyOaWH4,1,neutral,1,neutral,neutral,1,0,Finistral-7B-LoRA,tfns,-13.937678337097168,8.850906851876061e-07,-0.00017808281700126827,0.9999243021011353,-9.500178337097168,7.484616799047217e-05
1884,"Mike Sievert to become T-Mobile CEO on May 1, 2020",1,neutral,1,neutral,neutral,1,0,Finistral-7B-LoRA,tfns,-8.584146499633789,0.00021823016868438572,-0.5216463208198547,0.692490816116333,-1.33414626121521,0.3072909712791443
1885,"MOVES-Morgan Stanley hires former AIG executive to lead global support centers
https://t.co/ypYjW6jfYZ https://t.co/a6PKCsMonu",1,neutral,1,neutral,neutral,1,0,Finistral-7B-LoRA,tfns,-12.438005447387695,3.965569703723304e-06,-0.000505677133332938,0.9996390342712402,-7.938005447387695,0.00035696919076144695
1886,Nombrado nuevo vicepresidente de la división de cadena de suministro del grupo Viking Malt,1,neutral,1,neutral,neutral,1,0,Finistral-7B-LoRA,tfns,-16.00001335144043,1.1253505505237626e-07,-1.2516897186287679e-05,0.999998927116394,-13.812512397766113,1.0030140629169182e-06
1887,"ReneSola names new CEO, CFO after departures",1,neutral,1,neutral,neutral,1,0,Finistral-7B-LoRA,tfns,-7.875971794128418,0.0003799752739723772,-0.0009715604246594012,0.9995957016944885,-10.625971794128418,2.42910064116586e-05
1888,Shilpa Bhatia Rejoins SpiceJet As Chief Commercial Officer After Five-Month Stint At IndiGo,1,neutral,1,neutral,neutral,1,0,Finistral-7B-LoRA,tfns,-13.376346588134766,1.5517910014750669e-06,-0.0013467537937685847,0.9988996982574463,-6.813846588134766,0.0010987293208017945
1889,Six Sigma Metals : Experienced Board Addition & Appendix 3X #SixSigmaMetals #Stock #MarketScreener… https://t.co/GzmaLJyhFQ,1,neutral,1,neutral,neutral,1,0,Finistral-7B-LoRA,tfns,-12.439781188964844,3.958327397413086e-06,-0.0022808508947491646,0.99781334400177,-6.1272807121276855,0.002182707889005542
1890,Sony : Amazon names Sony executive to lead entertainment unit - WSJ #Sony #Stock #MarketScreener… https://t.co/pYRE6UyCgV,1,neutral,1,neutral,neutral,1,0,Finistral-7B-LoRA,tfns,-11.54902172088623,9.649571438785642e-06,-0.04902169853448868,0.9525649547576904,-3.0490217208862305,0.047425415366888046
1891,Spark Networks names new CEO,1,neutral,1,neutral,neutral,1,0,Finistral-7B-LoRA,tfns,-12.437838554382324,3.966931217291858e-06,-0.0003381395654287189,0.9999822378158569,-11.187838554382324,1.3845950888935477e-05
1892,"Sunniva President, Board Director Resign Weeks After CFO Departure",1,neutral,0,negative,negative,0,0,Finistral-7B-LoRA,tfns,-4.994744449504651e-05,0.999996542930603,-14.250049591064453,6.475930263150076e-07,-12.750049591064453,2.9023105980741093e-06
1893,Tesla Loses Its Third General Counsel in the Course of a Year,1,neutral,0,negative,negative,0,0,Finistral-7B-LoRA,tfns,-0.013297680765390396,0.9875530004501343,-4.3882975578308105,0.01243145763874054,-11.075798034667969,1.5494506442337297e-05
1894,UMH Properties names Taft operating chief,1,neutral,1,neutral,neutral,1,0,Finistral-7B-LoRA,tfns,-13.500094413757324,1.3709537824979634e-06,-9.440929716220126e-05,0.9999960660934448,-12.875094413757324,2.561278733992367e-06
1895,WP Engine Designa a Lisa Box Vicepresidenta SÃƒÂ©nior de Desarrollo Corporativo,1,neutral,1,neutral,neutral,1,0,Finistral-7B-LoRA,tfns,-14.875027656555176,3.466321061296185e-07,-2.777537883957848e-05,0.9999980926513672,-13.375027656555176,1.5534973272224306e-06
1896,Xinjiang Xinxin Mining Industry : ANNOUNCEMENT - RESIGNATION OF GENERAL MANAGER  #Stock #MarketScreener… https://t.co/t6FBv4Yu7G,1,neutral,1,neutral,neutral,1,0,Finistral-7B-LoRA,tfns,-7.3144378662109375,0.0006666554836556315,-0.0019377756398171186,0.9992631077766418,-9.564437866210938,7.02649776940234e-05
1897,$BEN - Franklin Resources drops after November AUM signals 'red alert' https://t.co/9iC6zMxMXy,0,negative,0,negative,negative,1,0,Finistral-7B-LoRA,tfns,-1.2159273865108844e-05,0.999995231628418,-17.062511444091797,3.8890931364221615e-08,-12.250012397766113,4.7850949158601e-06
1898,$F - Ford's Value Has Tanked: Recovery Looks Poor. https://t.co/cLVJUCwNbt #economy #stocks #markets,0,negative,0,negative,negative,1,0,Finistral-7B-LoRA,tfns,-2.288792165927589e-05,0.9999977350234985,-18.062522888183594,1.4307209639241592e-08,-13.000022888183594,2.2603242086915998e-06
1899,$HYG - A Segment Of Junk Bonds Signals Stress. Continue reading: https://t.co/gQjqOhANgD #stockmarket #investing #trading,0,negative,0,negative,negative,1,0,Finistral-7B-LoRA,tfns,-5.173549288883805e-05,0.9999818801879883,-11.125051498413086,1.4738930985913612e-05,-12.625051498413086,3.28870032717532e-06
1900,$TALKX: Market Briefing: Downshift https://t.co/CBPbBbxMjS,0,negative,0,negative,negative,1,0,Finistral-7B-LoRA,tfns,-0.0008860476082190871,0.9991771578788757,-8.000885963439941,0.00033518660347908735,-7.625885963439941,0.000487693672766909
1901,$TIF $LVMHF - Luxury sector shakeup sends investors scrambling https://t.co/IWVWNxN0hy,0,negative,1,neutral,neutral,0,0,Finistral-7B-LoRA,tfns,-3.2995080947875977,0.036977898329496384,-0.04950806871056557,0.9536725878715515,-4.674508094787598,0.009349477477371693
1902,$TSLA short 🤣,0,negative,0,negative,negative,1,0,Finistral-7B-LoRA,tfns,-2.932505594799295e-05,0.999987006187439,-17.875028610229492,1.7257605122722453e-08,-11.250029563903809,1.3007128472963814e-05
1903,"$TWLO - Yes, This Is An Unpopular Opinion: Twilio Is Overvalued. https://t.co/PCCPSLJaCP #markets #finance #stocks",0,negative,0,negative,negative,1,0,Finistral-7B-LoRA,tfns,-3.838465272565372e-05,0.999982476234436,-11.250038146972656,1.3007069355808198e-05,-12.312538146972656,4.4951229938305914e-06
1904,$XLU - XLU Weekly: The Relief Rally From 43.44s Stalls At 58.09s. https://t.co/0QF67WMAAr #investing #markets #economy,0,negative,0,negative,negative,1,0,Finistral-7B-LoRA,tfns,-0.0017390617867931724,0.9983404874801636,-6.626739025115967,0.0013245786540210247,-8.001739501953125,0.0003349059261381626
1905,Companies Like Juggernaut Exploration (CVE:JUGR) Can Be Considered Quite Risky,0,negative,1,neutral,neutral,0,0,Finistral-7B-LoRA,tfns,-0.7652658224105835,0.4686024487018585,-0.6402658224105835,0.5309961438179016,-7.827765941619873,0.000401420722482726
1906,Credit Woes Come Calling For The South Africa ETF,0,negative,0,negative,negative,1,0,Finistral-7B-LoRA,tfns,-1.2636104656849056e-05,0.9999997615814209,-18.12501335144043,1.344040612138997e-08,-15.125012397766113,2.6995778057425923e-07
1907,Dow heavyweight Boeing ending strong decade with whimper,0,negative,0,negative,negative,1,0,Finistral-7B-LoRA,tfns,-0.00028153270250186324,0.9998339414596558,-9.00028133392334,0.0001233893126482144,-10.06278133392334,4.2642204789444804e-05
1908,Elon Musk Loses $5.9 Billion as Tesla Succumbs to the Laws of Gravity,0,negative,0,negative,negative,1,0,Finistral-7B-LoRA,tfns,-4.3987260141875595e-05,0.9999938011169434,-17.250043869018555,3.224166889026492e-08,-12.000043869018555,6.144174221844878e-06
1909,"GlobalData : H&M's recovery derailed by COVID-19, says GlobalData #GlobalData #Stock #MarketScreener… https://t.co/oAkK0CkWFZ",0,negative,0,negative,negative,1,0,Finistral-7B-LoRA,tfns,-1.3828182090946939e-05,0.999997615814209,-15.37501335144043,2.1024288798798807e-07,-13.06251335144043,2.123377953466843e-06
1910,Hedge Funds Are Dumping Capital Senior Living Corporation (CSU),0,negative,0,negative,negative,1,0,Finistral-7B-LoRA,tfns,-3.540453326422721e-05,0.9999972581863403,-19.250036239624023,4.363450489819343e-09,-12.812535285949707,2.726470256675384e-06
1911,Hedge Funds Are Dumping UMB Financial Corporation (UMBF),0,negative,0,negative,negative,1,0,Finistral-7B-LoRA,tfns,-1.2993727978027891e-05,0.9999984502792358,-19.81251335144043,2.4862218950261195e-09,-13.37501335144043,1.5534978956566192e-06
1912,Hedge Funds Are Selling Genco Shipping & Trading Limited (GNK),0,negative,0,negative,negative,1,0,Finistral-7B-LoRA,tfns,-2.1457441107486375e-05,0.999996542930603,-17.81252098083496,1.8370798215983086e-08,-12.562520980834961,3.5008547456527594e-06
1913,Hedge Funds Are Selling InVitae Corporation (NVTA),0,negative,0,negative,negative,1,0,Finistral-7B-LoRA,tfns,-2.3364747903542593e-05,0.9999966621398926,-18.250022888183594,1.1861080118080736e-08,-12.625022888183594,3.288748985141865e-06
1914,Hedge Funds Are Selling PennyMac Financial Services Inc (PFSI),0,negative,0,negative,negative,1,0,Finistral-7B-LoRA,tfns,-3.111314072157256e-05,0.999995231628418,-16.750030517578125,5.315760276403125e-08,-12.250031471252441,4.7850949158601e-06
1915,Hedge Funds Aren’t Crazy About eGain Communications Corporation (EGAN) Anymore,0,negative,0,negative,negative,1,0,Finistral-7B-LoRA,tfns,-1.2516897186287679e-05,0.9999960660934448,-15.500012397766113,1.8553842551227717e-07,-12.500012397766113,3.7266386243572924e-06
1916,Hedge Funds Aren’t Crazy About Titan Machinery Inc. (TITN) Anymore,0,negative,0,negative,negative,1,0,Finistral-7B-LoRA,tfns,-1.4543427823809907e-05,0.9999957084655762,-14.812514305114746,3.6898703115184617e-07,-12.437514305114746,3.966984877479263e-06
1917,Here's Why Zogenix Took a Tumble Today,0,negative,0,negative,negative,1,0,Finistral-7B-LoRA,tfns,-2.038458114839159e-05,0.9999991655349731,-18.68752098083496,7.65810881375728e-09,-14.062520027160645,7.811483442310418e-07
1918,"Introducing Hitech & Development Wireless Sweden Holding (STO:HDW B), The Stock That Slid 60% In The Last Year",0,negative,0,negative,negative,1,0,Finistral-7B-LoRA,tfns,-3.4689302992774174e-05,0.9999959468841553,-13.37503433227539,1.5534940303041367e-06,-12.87503433227539,2.561278279245016e-06
1919,Investors Who Bought Elanco Animal Health (NYSE:ELAN) Shares A Year Ago Are Now Down 23%,0,negative,0,negative,negative,1,0,Finistral-7B-LoRA,tfns,-2.2291887944447808e-05,0.9999985694885254,-14.562521934509277,4.737900951568008e-07,-13.875021934509277,9.42244128054881e-07
1920,Look to go short $ES if it goes offered below 3107.50 or if the a.m. open is below 3107.50 and goes offered below t… https://t.co/YM6WBkERZ3,0,negative,0,negative,negative,1,0,Finistral-7B-LoRA,tfns,-0.00016223068814724684,0.999924898147583,-15.125162124633789,2.699375727388542e-07,-9.500162124633789,7.484621164621785e-05
1921,"RECAP 12/10 Unusual Puts:
$ITCI Jan 6 P
$AAPL Jan 240 P
$FXB Dec 123 P
$JD Jan 31 P
$NLOK Dec 26 P
$PDD Apr 35 P… https://t.co/pUqu2jUDbi",0,negative,0,negative,negative,1,0,Finistral-7B-LoRA,tfns,-1.7404405298293568e-05,0.9999957084655762,-16.312517166137695,8.233213577568677e-08,-12.375017166137695,4.2228330130456015e-06
1922,"Sensex, Nifty Halt Four-Day Gaining Streak As RIL, HDFC Drag",0,negative,0,negative,negative,1,0,Finistral-7B-LoRA,tfns,-2.002696055569686e-05,0.9999959468841553,-13.875020027160645,9.4224168378787e-07,-12.687520027160645,3.0894914289092412e-06
1923,Why Carnival Stock Lost 14% in January,0,negative,0,negative,negative,1,0,Finistral-7B-LoRA,tfns,-3.766942609217949e-05,0.9999984502792358,-17.125038146972656,3.6534764547013765e-08,-13.37503719329834,1.5534978956566192e-06
1924,$ACST adding. Big catalyst coming up very soon. Stock has been under accumulation. CaPre (TRILOGY 1 and 2) Hypertri... https://t.co/0ZJuIuHVN9,2,positive,2,positive,positive,1,0,Finistral-7B-LoRA,tfns,-15.312520980834961,2.2380284292466968e-07,-16.12502098083496,9.931191158329966e-08,-2.0861407392658293e-05,0.9999996423721313
1925,$AIKI my position remains intact. Buying dips.,2,positive,2,positive,positive,1,0,Finistral-7B-LoRA,tfns,-10.636946678161621,2.4033261070144363e-05,-4.511946678161621,0.01098667923361063,-0.01194679457694292,0.9889892935752869
1926,$AMZN - Amazon: One Of The Best Long-Term Investment In The Tech Sector. https://t.co/zC79wifAYj #finance #investing #stocks,2,positive,2,positive,positive,1,0,Finistral-7B-LoRA,tfns,-15.437516212463379,1.975051304725639e-07,-13.750016212463379,1.0677026693883818e-06,-1.597391747054644e-05,0.9999986886978149
1927,"$BOXL buyers into the close, nice !!!",2,positive,2,positive,positive,1,0,Finistral-7B-LoRA,tfns,-14.750009536743164,3.9278620533877984e-07,-22.125009536743164,2.461696124722579e-10,-9.417489309271332e-06,0.9999996423721313
1928,$BOXL loading up again !!! Last month K Laser Technology reported 30.2% Stake. https://t.co/Gd2jtkHBJE,2,positive,1,neutral,neutral,0,0,Finistral-7B-LoRA,tfns,-7.38763952255249,0.0006194569286890328,-0.012639416381716728,0.9884004592895508,-4.51263952255249,0.010980137623846531
1929,$BOXL nice start !!!! $PDSB still accumulating.,2,positive,2,positive,positive,1,0,Finistral-7B-LoRA,tfns,-15.937505722045898,1.1979305725162703e-07,-19.2500057220459,4.363462036138799e-09,-6.079655122448457e-06,0.9999998807907104
1930,$BPTH buy the dip.,2,positive,2,positive,positive,1,0,Finistral-7B-LoRA,tfns,-13.250020980834961,1.7603429114387836e-06,-16.12502098083496,9.93117552638978e-08,-2.0861407392658293e-05,0.9999980926513672
1931,$BURL certainly isn't looking shabby https://t.co/3AqvmOgZuG,2,positive,2,positive,positive,1,0,Finistral-7B-LoRA,tfns,-16.1250057220459,9.931193289958173e-08,-18.8750057220459,6.3487992640887114e-09,-5.006777428206988e-06,0.9999998807907104
1932,$CAT - Caterpillar's Expected Dividend Hike And Buybacks Will Push The Stock Higher. https://t.co/zMJ0Ol3g2w #markets #business #economy,2,positive,2,positive,positive,1,0,Finistral-7B-LoRA,tfns,-14.437545776367188,5.36874949830235e-07,-16.750045776367188,5.315782303227934e-08,-4.60137271147687e-05,0.9999994039535522
1933,"$CERN - Cerner: Undervalued, Wide Moat, Dominant. Read more: https://t.co/4KImEZVaU1 #finance #markets #economy",2,positive,2,positive,positive,1,0,Finistral-7B-LoRA,tfns,-12.437753677368164,3.966580607084325e-06,-9.187753677368164,0.00010229945473838598,-0.00025340684805996716,0.9998937845230103
1934,"$CIFS could squeeze over 1 , im long and will add + on the break of the pivot level.",2,positive,2,positive,positive,1,0,Finistral-7B-LoRA,tfns,-14.062503814697266,7.811483442310418e-07,-20.312503814697266,1.5079709703158528e-09,-3.576272320060525e-06,0.9999991655349731
1935,$CPHI here is the technical chart. With some buying volume this China play could soar just like $YGYI https://t.co/tEbpZIklHz,2,positive,2,positive,positive,1,0,Finistral-7B-LoRA,tfns,-12.437671661376953,3.966431449953234e-06,-8.875171661376953,0.00013982153905089945,-0.00017188502533826977,0.9998562335968018
1936,$DG 52-week high,2,positive,2,positive,positive,1,0,Finistral-7B-LoRA,tfns,-14.875012397766113,3.466324187684222e-07,-14.375012397766113,5.715002089345944e-07,-1.2755313036905136e-05,0.9999990463256836
1937,$EDNT great news this morning. Taking some before it explodes higher. NEWS: Edison Nation is Pleased to Announce th… https://t.co/ADTMS9D2ID,2,positive,2,positive,positive,1,0,Finistral-7B-LoRA,tfns,-16.312501907348633,8.233248394162729e-08,-17.687501907348633,2.0816910861753968e-08,-2.7418097943154862e-06,0.9999998807907104
1938,$FSUMF - FMG Offers Compelling Valuation And Dividend Yield (8%-10%). https://t.co/n8z87Sz8E5 #stockmarket #stocks #business,2,positive,2,positive,positive,1,0,Finistral-7B-LoRA,tfns,-12.687704086303711,3.089113306486979e-06,-9.000204086303711,0.0001233941875398159,-0.0002040654799202457,0.9998735189437866
1939,$GDEN $ERI $MGM - Casino sector attracts some bets https://t.co/XjKy1M0CLb,2,positive,2,positive,positive,1,0,Finistral-7B-LoRA,tfns,-7.801242351531982,0.0004094352771062404,-2.2387425899505615,0.10664692521095276,-0.11374253779649734,0.8929437398910522
1940,$GLD $SLV - Gold & Silver Update: December May Be A Bottom. Read more: https://t.co/c0d06nlqQJ #trading #finance #stocks,2,positive,2,positive,positive,1,0,Finistral-7B-LoRA,tfns,-12.437553405761719,3.966923486586893e-06,-11.062553405761719,1.5689487554482184e-05,-5.376194530981593e-05,0.9999803304672241
1941,$MAR - Marriott seen running up 20% gain https://t.co/fTmRowMRLP,2,positive,2,positive,positive,1,0,Finistral-7B-LoRA,tfns,-14.937507629394531,3.2563121976636467e-07,-17.25000762939453,3.2241857184089895e-08,-7.271740287251305e-06,0.9999996423721313
1942,"$MYOV is breaking out in pre-market, but we neeed more volume to confirm.",2,positive,2,positive,positive,1,0,Finistral-7B-LoRA,tfns,-15.187504768371582,2.536018826049258e-07,-20.0625057220459,1.9362742520456777e-09,-5.245195097813848e-06,0.9999997615814209
1943,$NIO nice breakout this morning. Next stop 2.46 https://t.co/rLdY9c1rw2,2,positive,2,positive,positive,1,0,Finistral-7B-LoRA,tfns,-15.187504768371582,2.536018826049258e-07,-21.0625057220459,7.123154843746704e-10,-4.887569048150908e-06,0.9999997615814209
1944,$NYMT out 1.82 from $1.60 @here,2,positive,2,positive,positive,1,0,Finistral-7B-LoRA,tfns,-1.600939154624939,0.20175200700759888,-8.10093879699707,0.00030332201276905835,-0.22593915462493896,0.7979446649551392
1945,$PACD taking some. Risky but chart looks perfect for a bounce. I like this as a sympathy play off today's BORR move… https://t.co/yL5AlslU3R,2,positive,2,positive,positive,1,0,Finistral-7B-LoRA,tfns,-12.875004768371582,2.5612819172238233e-06,-15.937504768371582,1.1979275882367801e-07,-5.245195097813848e-06,0.9999973773956299
1946,$RH clears prior high of 192 after gapping up over its 50-day on volume. On watch how it acts around 200. https://t.co/sF9WRJc7Bo,2,positive,2,positive,positive,1,0,Finistral-7B-LoRA,tfns,-15.187501907348633,2.536018826049258e-07,-19.812501907348633,2.4862250036505884e-09,-1.5497195136049413e-06,0.9999997615814209
1947,$SINT volume Alert !! Big buy blocks. Momentum is coming back to this name. First pivot 50c https://t.co/MU2uyO5JFT,2,positive,2,positive,positive,1,0,Finistral-7B-LoRA,tfns,-15.125004768371582,2.6995778057425923e-07,-16.8750057220459,4.691163368875095e-08,-4.887569048150908e-06,0.9999997615814209
1948,$SINT woke up !!!! New HOD,2,positive,2,positive,positive,1,0,Finistral-7B-LoRA,tfns,-13.562605857849121,1.2878829238616163e-06,-11.562605857849121,9.51623860601103e-06,-0.00010597144137136638,0.9999891519546509
1949,$SKYY - First Trust Cloud Computing ETF Should Benefit From Near-Term Surge In Demand Due To COVID-19.… https://t.co/8KCBxqqonH,2,positive,2,positive,positive,1,0,Finistral-7B-LoRA,tfns,-13.500007629394531,1.370957193103095e-06,-17.12500762939453,3.6534768099727444e-08,-7.867782187531702e-06,0.9999985694885254
1950,$SOLO could fuel shares of $WKHS,2,positive,2,positive,positive,1,0,Finistral-7B-LoRA,tfns,-16.43750762939453,7.265816037715922e-08,-21.15625762939453,6.485706971481875e-10,-8.34461570775602e-06,0.9999998807907104
1951,$SRNE Took some. Love the news.,2,positive,2,positive,positive,1,0,Finistral-7B-LoRA,tfns,-13.437573432922363,1.459375425838516e-06,-14.312573432922363,6.083581638449687e-07,-7.366862701019272e-05,0.9999979734420776
1952,$STZ - Time To Reach For Constellation Brands During The Coronavirus. https://t.co/6M1lRZZRyC #trading #business #economy,2,positive,2,positive,positive,1,0,Finistral-7B-LoRA,tfns,-11.125129699707031,1.4738389836566057e-05,-10.125129699707031,4.0063096093945205e-05,-0.00013004888023715466,0.9999451637268066
1953,$T - AT&T: An Attractive Options Strategy For The Coming Months. https://t.co/9LcAGrHWSL #economy #markets #stocks,2,positive,2,positive,positive,1,0,Finistral-7B-LoRA,tfns,-13.750024795532227,1.0676955071176053e-06,-11.875024795532227,6.962249244679697e-06,-2.52720492426306e-05,0.9999920129776001
1954,$TOPS Wow..... Morgan Stanley 13G 6.7%,2,positive,2,positive,positive,1,0,Finistral-7B-LoRA,tfns,-15.625008583068848,1.6373769540223293e-07,-19.125009536743164,4.9444497385309205e-09,-9.059865078597795e-06,0.9999998807907104
1955,"$TOT - Total: Solid Quarter, Continuing To Execute On Growth Story. Continue reading: https://t.co/FyeVpp7mbO #investing #economy #finance",2,positive,2,positive,positive,1,0,Finistral-7B-LoRA,tfns,-14.500008583068848,5.043466444476508e-07,-13.375008583068848,1.5534970998487552e-06,-8.34461570775602e-06,0.9999979734420776
1956,"$TSM - Taiwan Semiconductor: Visibility May Be Limited In The Near-Term, But Long-Term Growth Outlook Is Favorable.… https://t.co/8CxDEK114Z",2,positive,1,neutral,neutral,0,0,Finistral-7B-LoRA,tfns,-4.1513261795043945,0.01578017696738243,-0.02632599137723446,0.9762850403785706,-4.8388261795043945,0.007934772409498692
1957,$TXN highs out of a long base and above 8 and 21 MAs,2,positive,2,positive,positive,1,0,Finistral-7B-LoRA,tfns,-15.875003814697266,1.2751904421293148e-07,-21.062503814697266,7.123155398858216e-10,-3.933898824470816e-06,0.9999998807907104
1958,$WRK - WestRock: Strong Tailwinds Supporting The Bull Thesis Despite COVID-19. https://t.co/3IHSi3Thle #trading #stockmarket #economy,2,positive,2,positive,positive,1,0,Finistral-7B-LoRA,tfns,-10.125544548034668,4.004846414318308e-05,-7.875544548034668,0.00037996930768713355,-0.0005446380819194019,0.9995799660682678
1959,$YEXT - Yext: A Coronavirus Bull Case. https://t.co/7wlZOFGRu6 #trading #business #stocks,2,positive,2,positive,positive,1,0,Finistral-7B-LoRA,tfns,-11.875141143798828,6.961824055906618e-06,-9.687641143798828,6.20500577497296e-05,-0.00014161060971673578,0.9999309778213501
1960,"$Z strong close, nice candle as nears breakout",2,positive,2,positive,positive,1,0,Finistral-7B-LoRA,tfns,-16.062503814697266,1.0571699959882608e-07,-21.187503814697266,6.286162701485409e-10,-4.6491513785440475e-06,0.9999998807907104
1961,“It’s my biggest holding.” Mark Cuban says he has nearly $1 billion in Amazon stock. https://t.co/5OLyDMTAdb,2,positive,1,neutral,neutral,0,0,Finistral-7B-LoRA,tfns,-9.510046005249023,7.442478090524673e-05,-0.6975463032722473,0.49996280670166016,-0.6975463032722473,0.49996280670166016
1962,"9:45 am (it's early) $SPY 272.99 1,520 STOCKS are up from the open vs 1,700  that are down from the open. $IWM 116.87",2,positive,2,positive,positive,1,0,Finistral-7B-LoRA,tfns,-10.438182830810547,2.93010725727072e-05,-7.938182353973389,0.0003569601394701749,-0.0006823595031164587,0.9996137022972107
1963,"A Rising Share Price Has Us Looking Closely At Fortinet, Inc.'s (NASDAQ:FTNT) P/E Ratio",2,positive,2,positive,positive,1,0,Finistral-7B-LoRA,tfns,-11.937973022460938,6.537791705341078e-06,-7.812973499298096,0.0004044788656756282,-0.00047338721924461424,0.9995890259742737
1964,A Rising Share Price Has Us Looking Closely At Vipshop Holdings Limited's (NYSE:VIPS) P/E Ratio,2,positive,2,positive,positive,1,0,Finistral-7B-LoRA,tfns,-11.937797546386719,6.538929483212996e-06,-8.375297546386719,0.00023050520394463092,-0.0002975021197926253,0.9997629523277283
1965,added $MRK Feb 90/Dec 90.50 Call Diagonals,2,positive,2,positive,positive,1,0,Finistral-7B-LoRA,tfns,-14.625014305114746,4.450849644399568e-07,-16.375015258789062,7.734417550864237e-08,-1.4781842764932662e-05,0.9999994039535522
1966,Amazon is becoming a go-to for bulls - here's the chart now https://t.co/S86h9k7xuI,2,positive,2,positive,positive,1,0,Finistral-7B-LoRA,tfns,-13.437511444091797,1.459375425838516e-06,-14.437511444091797,5.368742108657898e-07,-1.1444026313256472e-05,0.9999979734420776
1967,"Beyond Meat among the stocks set to benefit from ongoing pork shortage, Bernstein says",2,positive,2,positive,positive,1,0,Finistral-7B-LoRA,tfns,-13.562508583068848,1.2878952020400902e-06,-17.75000762939453,1.9555656649572484e-08,-8.583032467868179e-06,0.9999986886978149
1968,ChartTrader's recent $YMm0 short took off for a +700 pt gain in less than 30 minutes. Learn more and #tradesmarter… https://t.co/1JiBaAV8ji,2,positive,2,positive,positive,1,0,Finistral-7B-LoRA,tfns,-5.006730556488037,0.0066928500309586525,-16.319231033325195,8.178144383919062e-08,-0.006730742286890745,0.9933070540428162
1969,Ethereum (ETH) Price May Soon Surge 50%: Here’s Why - Ethereum World News,2,positive,2,positive,positive,1,0,Finistral-7B-LoRA,tfns,-16.687511444091797,5.6586241470313325e-08,-18.250011444091797,1.1861120086109622e-08,-1.2278481335670222e-05,1.0
1970,Firan Technology Group Corporation (TSE:FTG) Is Employing Capital Very Effectively,2,positive,2,positive,positive,1,0,Finistral-7B-LoRA,tfns,-15.312578201293945,2.2380280029210553e-07,-15.000078201293945,3.0590214805670257e-07,-7.784063927829266e-05,0.9999994039535522
1971,GE’s ‘Beat-and-Raise Story’ Leads Longtime Skeptic to Upgrade,2,positive,2,positive,positive,1,0,Finistral-7B-LoRA,tfns,-14.812506675720215,3.689884522373177e-07,-16.0625057220459,1.0571696407168929e-07,-6.437280717364047e-06,0.9999995231628418
1972,Hedge Funds Are Betting On Catchmark Timber Trust Inc (CTT),2,positive,2,positive,positive,1,0,Finistral-7B-LoRA,tfns,-15.250030517578125,2.3823687911317393e-07,-16.562530517578125,6.412059150306959e-08,-3.075552376685664e-05,0.9999996423721313
1973,Hedge Funds Are Buying Costamare Inc (CMRE),2,positive,2,positive,positive,1,0,Finistral-7B-LoRA,tfns,-14.812527656555176,3.689884806590271e-07,-18.56252670288086,8.67777849578033e-09,-2.7656173188006505e-05,0.9999996423721313
1974,"Hedge Funds Are Optimistic About Merck & Co., Inc. (MRK)",2,positive,2,positive,positive,1,0,Finistral-7B-LoRA,tfns,-15.187508583068848,2.536018826049258e-07,-18.06250762939453,1.4307238060951022e-08,-8.583032467868179e-06,0.9999997615814209
1975,Hedge Funds Have Never Been More Bullish On ADMA Biologics Inc (ADMA),2,positive,2,positive,positive,1,0,Finistral-7B-LoRA,tfns,-15.750007629394531,1.4449801710725296e-07,-18.87500762939453,6.3487992640887114e-09,-7.748573807475623e-06,0.9999998807907104
1976,Hedge Funds Have Never Been More Bullish On BioSpecifics Technologies Corp. (BSTC),2,positive,2,positive,positive,1,0,Finistral-7B-LoRA,tfns,-15.875009536743164,1.2751904421293148e-07,-19.125009536743164,4.9444497385309205e-09,-9.775113539944869e-06,0.9999998807907104
1977,"Hedge Funds Have Never Been More Bullish On New York Mortgage Trust, Inc. (NYMT)",2,positive,2,positive,positive,1,0,Finistral-7B-LoRA,tfns,-15.687508583068848,1.5381733931008057e-07,-19.37500762939453,3.850741503441668e-09,-8.4638240878121e-06,0.9999998807907104
1978,"Hedge Funds Have Never Been This Bullish On Hallmark Financial Services, Inc. (HALL)",2,positive,2,positive,positive,1,0,Finistral-7B-LoRA,tfns,-15.68751049041748,1.5381733931008057e-07,-20.812511444091797,9.146312041075078e-10,-1.07287787614041e-05,0.9999998807907104
1979,Hedge Funds Have Never Been This Bullish On North American Construction Group Ltd. (NOA),2,positive,2,positive,positive,1,0,Finistral-7B-LoRA,tfns,-16.6250057220459,6.023573462243803e-08,-20.3750057220459,1.4166084971733994e-09,-5.960446742392378e-06,0.9999998807907104
1980,Here comes the bounce $LK,2,positive,2,positive,positive,1,0,Finistral-7B-LoRA,tfns,-16.250003814697266,8.764247638737288e-08,-21.562503814697266,4.320412083647085e-10,-3.2186455882765586e-06,0.9999998807907104
1981,Here's what has stocks surging midday: https://t.co/9Jg08tQs6j,2,positive,2,positive,positive,1,0,Finistral-7B-LoRA,tfns,-10.125177383422852,4.0060869650915265e-05,-9.562677383422852,7.030902634141967e-05,-0.0001774868869688362,0.999889612197876
1982,Home Depot stock is still a good investment despite rare misstep: analysts,2,positive,2,positive,positive,1,0,Finistral-7B-LoRA,tfns,-14.56251049041748,4.737902656870574e-07,-14.37501049041748,5.715001520911756e-07,-1.0609570381348021e-05,0.999998927116394
1983,https://t.co/LKXMOP3zNK Inc. was on course to exceed $1 trillion in market value again after results beat expectati... https://t.co/4tiFA4prdg,2,positive,2,positive,positive,1,0,Finistral-7B-LoRA,tfns,-13.750012397766113,1.0677016462068423e-06,-13.625012397766113,1.2098644219804555e-06,-1.2516897186287679e-05,0.9999977350234985
1984,"If You Had Bought AXA (EPA:CS) Stock Five Years Ago, You Could Pocket A 33% Gain Today",2,positive,2,positive,positive,1,0,Finistral-7B-LoRA,tfns,-12.500120162963867,3.726515387825202e-06,-10.312620162963867,3.321406984468922e-05,-0.00011991735664196312,0.9999630451202393
1985,"If You Had Bought Century Communities (NYSE:CCS) Stock Five Years Ago, You Could Pocket A 61% Gain Today",2,positive,2,positive,positive,1,0,Finistral-7B-LoRA,tfns,-9.879611015319824,5.123284790897742e-05,-5.504611015319824,0.004069929011166096,-0.004611096810549498,0.9958788156509399
1986,Industrials with nice bull flags breaking out today $EMR $ZBRA $PH $SWK,2,positive,2,positive,positive,1,0,Finistral-7B-LoRA,tfns,-16.625001907348633,6.023573462243803e-08,-23.406251907348633,6.835884636124945e-11,-1.311301275563892e-06,0.9999998807907104
1987,Investors Who Bought Profile Systems & Software A.E (ATH:PROF) Shares Three Years Ago Are Now Up 739%,2,positive,2,positive,positive,1,0,Finistral-7B-LoRA,tfns,-14.312612533569336,6.083589596528327e-07,-15.750112533569336,1.4449793184212467e-07,-0.00011276562872808427,0.9999992847442627
1988,Investors Who Bought Zogenix (NASDAQ:ZGNX) Shares Five Years Ago Are Now Up 411%,2,positive,2,positive,positive,1,0,Finistral-7B-LoRA,tfns,-15.31257152557373,2.238028713463791e-07,-17.625072479248047,2.2159484913686356e-08,-7.176141662057489e-05,0.9999997615814209
1989,Knoll (NYSE:KNL) Has A Pretty Healthy Balance Sheet,2,positive,2,positive,positive,1,0,Finistral-7B-LoRA,tfns,-13.937685012817383,8.851367852003023e-07,-10.687685012817383,2.2827980501460843e-05,-0.0001854724541772157,0.999976396560669
1990,"Prudential Financial, Inc. Just Beat EPS By 11%: Here's What Analysts Think Will Happen Next",2,positive,2,positive,positive,1,0,Finistral-7B-LoRA,tfns,-13.68752384185791,1.1365631280568778e-06,-14.56252384185791,4.737899814699631e-07,-2.4318398573086597e-05,0.9999983310699463
1991,Publicis Groupe (EPA:PUB) Has A Pretty Healthy Balance Sheet,2,positive,2,positive,positive,1,0,Finistral-7B-LoRA,tfns,-14.250061988830566,6.47584670332435e-07,-11.062561988830566,1.5689540305174887e-05,-6.210611172718927e-05,0.9999836683273315
1992,"RECAP 12/10 +Pos Comments:
$HUYA + Hedgeye
$TSLA + Rosenblatt
$TXMD + CJS
$INFY + BofAML",2,positive,2,positive,positive,1,0,Finistral-7B-LoRA,tfns,-14.625015258789062,4.450847370662814e-07,-14.250015258789062,6.475945610873168e-07,-1.537788011773955e-05,0.999998927116394
1993,Scalp Trader's recent $CVNA swing long ripped higher for a +90% gain in just one week. Learn more and #tradesmarter… https://t.co/w5NlaycODq,2,positive,2,positive,positive,1,0,Finistral-7B-LoRA,tfns,-14.875003814697266,3.4663264614209766e-07,-18.187503814697266,1.2626093059964205e-08,-3.4570634852570947e-06,0.9999996423721313
1994,"Shareholders Are Loving LeMaitre Vascular, Inc.'s (NASDAQ:LMAT) 1.0% Yield",2,positive,2,positive,positive,1,0,Finistral-7B-LoRA,tfns,-14.875018119812012,3.4663264614209766e-07,-17.437517166137695,2.6729438218353607e-08,-1.811964830267243e-05,0.9999996423721313
1995,Stock Market Update: Apple continues to outperform,2,positive,2,positive,positive,1,0,Finistral-7B-LoRA,tfns,-16.687503814697266,5.6586241470313325e-08,-16.875003814697266,4.691164434689199e-08,-4.768360213347478e-06,1.0
1996,Stock Market Update: Apple supplier Synaptics impresses investors,2,positive,2,positive,positive,1,0,Finistral-7B-LoRA,tfns,-15.312533378601074,2.238028713463791e-07,-18.37503433227539,1.0467399391700383e-08,-3.373566141817719e-05,0.9999997615814209
1997,Stock Traders Are Dumping Virus Hedges After ‘Peak Fear’ Passes,2,positive,2,positive,positive,1,0,Finistral-7B-LoRA,tfns,-7.125871658325195,0.0008040827233344316,-12.438371658325195,3.963796189054847e-06,-0.0008717550663277507,0.99919193983078
1998,"Tesla $TSLA with 1400 January 2022 $1280 calls bought to open $33.50 to $36 for around $5M

And with that, I am off... https://t.co/uiJ0iHFoUw",2,positive,2,positive,positive,1,0,Finistral-7B-LoRA,tfns,-11.12504768371582,1.4738977370143402e-05,-15.18754768371582,2.5359813093928096e-07,-4.732496745418757e-05,0.9999849796295166
1999,The Bull Case for Shopify Stock Is More Relevant Than Ever,2,positive,2,positive,positive,1,0,Finistral-7B-LoRA,tfns,-15.562506675720215,1.742978383845184e-07,-16.3750057220459,7.734419682492444e-08,-6.437280717364047e-06,0.9999997615814209
2000,The Knight-Swift Transportation Holdings (NYSE:KNX) Share Price Is Up 16% And Shareholders Are Holding On,2,positive,2,positive,positive,1,0,Finistral-7B-LoRA,tfns,-15.812518119812012,1.3574332058396976e-07,-16.812517166137695,4.993717439560896e-08,-1.7762025890988298e-05,0.9999998807907104
2001,The Maxim Integrated Products (NASDAQ:MXIM) Share Price Has Gained 100% And Shareholders Are Hoping For More,2,positive,2,positive,positive,1,0,Finistral-7B-LoRA,tfns,-17.12503433227539,3.6534821390432626e-08,-19.68753433227539,2.8172628674383304e-09,-3.421248038648628e-05,1.0
2002,We have been following $PGNY closely all week; added it to our Buy Alert list on Tuesday. Today it's ripping to new… https://t.co/BFM1RLzOjG,2,positive,2,positive,positive,1,0,Finistral-7B-LoRA,tfns,-15.687507629394531,1.5381729667751642e-07,-15.062507629394531,2.8736849344568327e-07,-8.106198947643861e-06,0.9999996423721313
2003,Why Capri Holdings Is a Buy This Season,2,positive,2,positive,positive,1,0,Finistral-7B-LoRA,tfns,-13.750131607055664,1.0676955071176053e-06,-11.875131607055664,6.962249244679697e-06,-0.00013207517622504383,0.9999920129776001
2004,"Why Ebix, Inc. (NASDAQ:EBIX) Should Be In Your Dividend Portfolio",2,positive,2,positive,positive,1,0,Finistral-7B-LoRA,tfns,-14.562576293945312,4.737783001473872e-07,-10.562576293945312,2.5867419026326388e-05,-7.676783570786938e-05,0.9999736547470093
2005,Why Has Cree’s Revenue Jumped 40% In The Past 2 Years?,2,positive,2,positive,positive,1,0,Finistral-7B-LoRA,tfns,-16.500017166137695,6.825602838489431e-08,-18.125017166137695,1.3440407897746809e-08,-1.645074735279195e-05,0.9999998807907104
2006,Why Shares of TransDigm Group Soared in January,2,positive,2,positive,positive,1,0,Finistral-7B-LoRA,tfns,-16.25000762939453,8.764247638737288e-08,-20.50000762939453,1.2501527590913497e-09,-7.867782187531702e-06,0.9999998807907104
2007,Why Snap Stock Jumped Today,2,positive,2,positive,positive,1,0,Finistral-7B-LoRA,tfns,-14.687522888183594,4.1811870232777437e-07,-17.687522888183594,2.081690197996977e-08,-2.288792165927589e-05,0.9999995231628418
2008,Why Visa's Stock Price Could Keep Rising,2,positive,2,positive,positive,1,0,Finistral-7B-LoRA,tfns,-16.62500762939453,6.023573462243803e-08,-18.43750762939453,9.833213354681902e-09,-7.867782187531702e-06,0.9999998807907104
2009,"Why You Should Like Aena S.M.E., S.A.’s (BME:AENA) ROCE",2,positive,2,positive,positive,1,0,Finistral-7B-LoRA,tfns,-14.375021934509277,5.714956614610855e-07,-11.687521934509277,8.398066711379215e-06,-2.2172682292875834e-05,0.9999910593032837
2010,"With EPS Growth And More, Robertet (EPA:RBT) Is Interesting",2,positive,2,positive,positive,1,0,Finistral-7B-LoRA,tfns,-11.387624740600586,1.1336070201650728e-05,-4.387624740600586,0.012431510724127293,-0.012624584138393402,0.9875571727752686
2011,$ACRGF - Acreage Holdings: The Best Investment In The Cannabis Space. Subscribe to Seeking Alpha for more:… https://t.co/qmq8yM9GFa,1,neutral,2,positive,positive,0,0,Finistral-7B-LoRA,tfns,-12.312657356262207,4.494660061027389e-06,-9.062657356262207,0.00011591881775530055,-0.00015770144818816334,0.9998794794082642
2012,$CEI Long-term chart. Everything is possible here. Full of shorts. Can run 400% like in July or doing nothing. But… https://t.co/JJMEup4XH3,1,neutral,1,neutral,neutral,1,0,Finistral-7B-LoRA,tfns,-8.000407218933105,0.0003353446663822979,-0.0004076126788277179,0.9996479749679565,-11.000407218933105,1.6695821614121087e-05
2013,$CEI non stop ion after-hours. $GBR deserves some attention,1,neutral,2,positive,positive,0,0,Finistral-7B-LoRA,tfns,-10.375247955322266,3.1198913347907364e-05,-9.250247955322266,9.60994148044847e-05,-0.00024828212917782366,0.9998726844787598
2014,"$CLLS took profits here .. 

Maybe they'll get bought out soon .. that's what happens lol https://t.co/CnPQQKSZpk",1,neutral,1,neutral,neutral,1,0,Finistral-7B-LoRA,tfns,-8.959817886352539,0.00012898958812002093,-0.022317448630928993,0.9818871021270752,-4.022317409515381,0.01798388920724392
2015,"$DAN - Dana Slogging Through Some End-Market Challenges, But The Longer-Term Outlook Is Better. Continue reading:… https://t.co/Yhw34F3a2O",1,neutral,1,neutral,neutral,1,0,Finistral-7B-LoRA,tfns,-8.500782012939453,0.00020333376596681774,-0.0007819455349817872,0.9993384480476379,-7.688282012939453,0.000458219728898257
2016,$DNKN - Dunkin' Brands: A Long-Term Analysis. Follow this and any other stock on Seeking Alpha!… https://t.co/5C75MjETME,1,neutral,1,neutral,neutral,1,0,Finistral-7B-LoRA,tfns,-12.437767028808594,3.966357326135039e-06,-0.0002671123365871608,0.9998375177383423,-8.750267028808594,0.00015843557775951922
2017,$EB - Eventbrite Needs To Find Acquisitions. Get more info on Seeking Alpha: https://t.co/O3GeF4Q2TE #trading #stockmarket #economy,1,neutral,1,neutral,neutral,1,0,Finistral-7B-LoRA,tfns,-13.562609672546387,1.2878805364380241e-06,-0.00011014331539627165,0.9999872446060181,-11.375109672546387,1.1478753549454268e-05
2018,$ES equilibrium is 3107.50-3108  Long if either open is above 3108 and goes bid above the open. Look for some resis… https://t.co/ifVCk5Vh6r,1,neutral,2,positive,positive,0,0,Finistral-7B-LoRA,tfns,-6.403890132904053,0.0016566494014114141,-3.653890371322632,0.025914354249835014,-0.028890283778309822,0.9724289774894714
2019,$ES_F $SPY https://t.co/BJ5eisxxwe,1,neutral,1,neutral,neutral,1,0,Finistral-7B-LoRA,tfns,-3.1573500633239746,0.04258143901824951,-0.1573500782251358,0.85527104139328,-2.2823500633239746,0.10214756429195404
2020,$GDP - Goodrich Petroleum Corp.: A Solid Play. https://t.co/spGL5EIBuG #stockmarket #economy #stocks,1,neutral,2,positive,positive,0,0,Finistral-7B-LoRA,tfns,-14.375043869018555,5.714938993151009e-07,-11.375043869018555,1.1478761734906584e-05,-4.410646579344757e-05,0.9999879598617554
2021,"$GOOG $GOOGL - Alphabet: Flying Right To $1,700. Read more and get updates on any stock! https://t.co/cdftwzEnYJ #economy #finance #markets",1,neutral,2,positive,positive,0,0,Finistral-7B-LoRA,tfns,-14.125008583068848,7.338201157836011e-07,-13.687508583068848,1.1365629006832023e-06,-8.4638240878121e-06,0.9999980926513672
2022,$GPRO strong action.,1,neutral,2,positive,positive,0,0,Finistral-7B-LoRA,tfns,-2.651841402053833,0.07289822399616241,-3.276841402053833,0.03901960700750351,-0.15184138715267181,0.8880821466445923
2023,"$HSIC 
Brought to my attention by fellow AOT member @Radim7204 !
Really liking how this one is setting up going int… https://t.co/jcQsKjL6Ok",1,neutral,2,positive,positive,0,0,Finistral-7B-LoRA,tfns,-8.502176284790039,0.00020312165725044906,-6.502176284790039,0.001500877202488482,-0.002176180249080062,0.9982959628105164
2024,$IRM - Iron Mountain Building A Fortress With Data Centers. Sign up for updates on Seeking Alpha!… https://t.co/M4VPqzEtJq,1,neutral,1,neutral,neutral,1,0,Finistral-7B-LoRA,tfns,-12.812691688537598,2.7262083222012734e-06,-0.00019131260341964662,0.9999011754989624,-9.250191688537598,9.610215784050524e-05
2025,"$JCP - J.C. Penney: Q3 Impresses, But Headwinds Remain. Get more updates here: https://t.co/nRuoADTjLN #business #trading #markets",1,neutral,1,neutral,neutral,1,0,Finistral-7B-LoRA,tfns,-9.07050609588623,0.00011514360085129738,-0.008005792275071144,0.993192732334137,-5.008005619049072,0.0066920798271894455
2026,$KERN guess what? Great alert this week....... https://t.co/6aNynTGnoP,1,neutral,1,neutral,neutral,1,0,Finistral-7B-LoRA,tfns,-10.812838554382324,2.0141047571087256e-05,-0.00033825874561443925,0.9997493624687195,-8.375338554382324,0.00023050207528285682
2027,$KRUS fresh breakout and at resistance. https://t.co/alBaL6qf4i,1,neutral,2,positive,positive,0,0,Finistral-7B-LoRA,tfns,-15.437509536743164,1.9750534363538463e-07,-18.250009536743164,1.1861117421574363e-08,-9.179073458653875e-06,0.9999997615814209
2028,$LB: L Brands feeling mall-based pressure https://t.co/qdD9K6QOy9,1,neutral,0,negative,negative,0,0,Finistral-7B-LoRA,tfns,-9.023735765367746e-05,0.999990701675415,-12.125090599060059,5.4221977734414395e-06,-12.437590599060059,3.966964868595824e-06
2029,$LK $NTES $PDD - NetEase's Bright 2020; Pinduoduo Is No Luckin Coffee. Continue reading: https://t.co/CTznXqFM0n… https://t.co/TCLXHfhCjf,1,neutral,1,neutral,neutral,1,0,Finistral-7B-LoRA,tfns,-7.129627227783203,0.000801372982095927,-0.004627115558832884,0.9958246946334839,-5.692127227783203,0.003373906249180436
2030,$MAXR - How To Play Both Sides Of The Maxar Technologies Recovery Story. Subscribe to Seeking Alpha for more:… https://t.co/OYzd6jPzfC,1,neutral,1,neutral,neutral,1,0,Finistral-7B-LoRA,tfns,-9.189118385314941,0.00010220065450994298,-0.0016181482933461666,0.9989281296730042,-6.939118385314941,0.0009696527849882841
2031,$MTB - M&T Bank: Too Soon To Call The Turn. Read more and get updates on any stock! https://t.co/Ys82ZwdFPl #business #economy #stocks,1,neutral,1,neutral,neutral,1,0,Finistral-7B-LoRA,tfns,-11.937520980834961,6.540432877955027e-06,-2.062299427052494e-05,0.999992847442627,-14.375020980834961,5.71496684642625e-07
2032,$MTN - Vail Resorts missing snow in early part of season https://t.co/K76oI960UO,1,neutral,1,neutral,neutral,1,0,Finistral-7B-LoRA,tfns,-5.2556843757629395,0.005219930317252874,-0.0056845201179385185,0.9947426319122314,-10.193184852600098,3.743998604477383e-05
2033,"$NVDA $UBER - Beware The Ides Of December, Current Events Should Boost Markets Now; Sell Uber And Tesla. Get more u… https://t.co/BcYnGhPTG3",1,neutral,2,positive,positive,0,0,Finistral-7B-LoRA,tfns,-3.7734217643737793,0.022976525127887726,-10.210922241210938,3.677169297588989e-05,-0.023421766236424446,0.9769867062568665
2034,"$OPGN took a big position for next week. Early this month. CVI Investments, Inc. purchased 200k shares. https://t.co/7y83Nbob1Z",1,neutral,2,positive,positive,0,0,Finistral-7B-LoRA,tfns,-12.000173568725586,6.144034614408156e-06,-10.687673568725586,2.28278568101814e-05,-0.0001734344696160406,0.9999710321426392
2035,$PFG - Principal Financial Group: The Beaten Down Giant. Follow this and any other stock on Seeking Alpha!… https://t.co/BtTxNYCCmJ,1,neutral,1,neutral,neutral,1,0,Finistral-7B-LoRA,tfns,-5.695059299468994,0.0033652493730187416,-0.007559384685009718,0.9932695031166077,-5.695059299468994,0.0033652493730187416
2036,"$PIXY with just 1.1M shares float, if volume comes in again , the bounce could be explosive. U know how this stock works. Great entry point.",1,neutral,2,positive,positive,0,0,Finistral-7B-LoRA,tfns,-15.37500286102295,2.1024332852448424e-07,-21.750001907348633,3.5817471211174734e-10,-2.7418097943154862e-06,0.9999997615814209
2037,$PLNT $PTON - Gym-off trade unwinds a bit https://t.co/6KQrxKSjLE,1,neutral,1,neutral,neutral,1,0,Finistral-7B-LoRA,tfns,-9.875118255615234,5.144096940057352e-05,-0.00011812942830147222,0.9999243021011353,-10.625118255615234,2.4298991775140166e-05
2038,$PLUG - Plug Power Raises Some Much-Needed Cash - The Right Move At The Right Time. Read more:… https://t.co/8u9YMYHnLp,1,neutral,2,positive,positive,0,0,Finistral-7B-LoRA,tfns,-12.750126838684082,2.9021721275057644e-06,-9.937626838684082,4.832550621358678e-05,-0.00012718822108581662,0.9999488592147827
2039,$RF - Regions Financial On Target With Its Conservative Approach. Subscribe to Seeking Alpha for more:… https://t.co/0XIItIX3aB,1,neutral,2,positive,positive,0,0,Finistral-7B-LoRA,tfns,-10.287936210632324,3.4047952794935554e-05,-2.350435733795166,0.09534621238708496,-0.10043583065271378,0.9046196937561035
2040,$RTTR waking up !!!!!!!!!!,1,neutral,1,neutral,neutral,1,0,Finistral-7B-LoRA,tfns,-10.81519603729248,2.009889249166008e-05,-0.002696214010939002,0.9976568222045898,-6.0651960372924805,0.0023231159429997206
2041,$SCANX: Stocks/ETFs that traded to new 52 week highs/lows this session - New highs (37) outpacing new lows (30) https://t.co/mozUwgcLn9,1,neutral,2,positive,positive,0,0,Finistral-7B-LoRA,tfns,-13.250029563903809,1.760328473210393e-06,-11.687529563903809,8.398056706937496e-06,-2.992108420585282e-05,0.9999898672103882
2042,$SCANX: Today's most active stocks https://t.co/fEt4nYC2bE,1,neutral,1,neutral,neutral,1,0,Finistral-7B-LoRA,tfns,-13.375007629394531,1.5534958492935402e-06,-8.106198947643861e-06,0.9999971389770508,-13.562507629394531,1.287893269363849e-06
2043,$SCHV - SCHV: Volatility Reminds Me To Stay Focused On Value. https://t.co/rTJ55Qtu22 #stockmarket #stocks #business,1,neutral,1,neutral,neutral,1,0,Finistral-7B-LoRA,tfns,-13.125020027160645,1.994719013964641e-06,-2.0146166207268834e-05,0.9999926090240479,-12.125020027160645,5.42220823263051e-06
2044,$SE tried to break above its 38 cup pivot but was unable to clear it. It continues to consolidate around its earnin… https://t.co/3EDbxL0qB4,1,neutral,1,neutral,neutral,1,0,Finistral-7B-LoRA,tfns,-6.62640905380249,0.0013249500188976526,-0.0014092524070292711,0.9986203908920288,-9.813909530639648,5.468721792567521e-05
2045,$SIVR - SIVR Weekly: Spec Short-Covering More Than Offsets ETF Profit-Taking. Keep reading: https://t.co/loj6ZeIs4G… https://t.co/aVPpngWYd1,1,neutral,1,neutral,neutral,1,0,Finistral-7B-LoRA,tfns,-1.3182106018066406,0.26856252551078796,-0.443210631608963,0.6442480087280273,-2.4432106018066406,0.08718948811292648
2046,$SPY $AAPL $ZM,1,neutral,1,neutral,neutral,1,0,Finistral-7B-LoRA,tfns,-3.270296335220337,0.038228098303079605,-0.14529633522033691,0.8700675368309021,-2.395296335220337,0.09170443564653397
2047,$SPY $AMTD $SCHW $EBAY,1,neutral,1,neutral,neutral,1,0,Finistral-7B-LoRA,tfns,-4.2862653732299805,0.013781621120870113,-0.0362655408680439,0.9661662578582764,-3.9112656116485596,0.020052140578627586
2048,$SPY $IWM $TNA - Small caps aim to retake some ground https://t.co/lRTT9N8kdA,1,neutral,2,positive,positive,0,0,Finistral-7B-LoRA,tfns,-9.813016891479492,5.4743570217397064e-05,-8.125516891479492,0.00029594096122309566,-0.0005165196489542723,0.9996494054794312
2049,$SPY $XLF $XLI $XLV $XLK $XLRE $XLU $XLY $TSLA,1,neutral,1,neutral,neutral,1,0,Finistral-7B-LoRA,tfns,-4.900712490081787,0.007508613169193268,-0.025712616741657257,0.9834343194961548,-4.713212490081787,0.009057116694748402
2050,$SPY been my road map for the overall market.  Oscillators looking for a full unwind/reset?  Would be healthy and s... https://t.co/u1L0z7i71A,1,neutral,1,neutral,neutral,1,0,Finistral-7B-LoRA,tfns,-11.125636100769043,1.4738548088644166e-05,-0.0006364941946230829,0.9999558925628662,-10.438136100769043,2.9311104299267754e-05
2051,$SRAX what a call !!! https://t.co/MVNBcRTTjP,1,neutral,2,positive,positive,0,0,Finistral-7B-LoRA,tfns,-14.437512397766113,5.36874949830235e-07,-17.187511444091797,3.4321267605719186e-08,-1.2278481335670222e-05,0.9999994039535522
2052,$TQQQ - TQQQ: No Risk No Reward. https://t.co/K6xMoV7bMM #economy #business #stocks,1,neutral,1,neutral,neutral,1,0,Finistral-7B-LoRA,tfns,-7.938270568847656,0.00035685094189830124,-0.0007706294418312609,0.9993078708648682,-8.000770568847656,0.0003352304338477552
2053,$UDIRF $UDIRY - An Acquisition Of Tele Columbus Makes Sense For United Internet AG. Follow this and any other stock… https://t.co/Ue7x1kVSlW,1,neutral,2,positive,positive,0,0,Finistral-7B-LoRA,tfns,-13.750118255615234,1.0676003512344323e-06,-9.250118255615234,9.610231791157275e-05,-0.00011801023356383666,0.9999028444290161
2054,$VZ - Verizon Communications: Featured Stock In November's Safest Dividend Yields Model Portfolio. Sign up for upda… https://t.co/Y7lMkLQQ7a,1,neutral,2,positive,positive,0,0,Finistral-7B-LoRA,tfns,-13.750062942504883,1.067665039045096e-06,-10.250062942504883,3.535620999173261e-05,-6.305972783593461e-05,0.9999635219573975
2055,"$WEBK $KLXE $SNDE - TRNX, YEXT, BIG and CGIX among midday movers https://t.co/ZHa4KS7iks",1,neutral,1,neutral,neutral,1,0,Finistral-7B-LoRA,tfns,-6.1615214347839355,0.002110651694238186,-0.03652164712548256,0.9648732542991638,-3.4115216732025146,0.0330161452293396
2056,$XSLV - The Low Vol Mix In The New 60/40. https://t.co/iceGLtsIvz #trading #stocks #stockmarket,1,neutral,1,neutral,neutral,1,0,Finistral-7B-LoRA,tfns,-8.695283889770508,0.00016752418014220893,-0.007784033194184303,0.9931407570838928,-5.007783889770508,0.00669172964990139
2057,$XYL - Xylem: Headwinds To Continue Over Several Quarters. Read more and sign up for updates:… https://t.co/uD2LB5E7NG,1,neutral,0,negative,negative,0,0,Finistral-7B-LoRA,tfns,-0.00015269544383045286,0.9999011754989624,-9.250152587890625,9.610215784050524e-05,-12.812652587890625,2.7262083222012734e-06
2058,"“It is all about liquidity for Uber and Lyft,” @p_ferragu tells @TheStreet’s @nelwang $UBER $LYFT https://t.co/dDsaSSzb82",1,neutral,1,neutral,neutral,1,0,Finistral-7B-LoRA,tfns,-13.500144958496094,1.3709487802771037e-06,-0.00014506718434859067,0.9999924898147583,-12.000144958496094,6.144166491139913e-06
2059,10 Most Heavily Traded ETFs of 2019,1,neutral,1,neutral,neutral,1,0,Finistral-7B-LoRA,tfns,-14.500030517578125,5.043460191700433e-07,-3.015949550899677e-05,0.9999967813491821,-12.812530517578125,2.7264688924333313e-06
2060,11 Foreign Stocks With The Lowest Earnings Multiples,1,neutral,1,neutral,neutral,1,0,Finistral-7B-LoRA,tfns,-11.625144004821777,8.939579856814817e-06,-0.0001436368766007945,0.9999780654907227,-11.250144004821777,1.3007012057641987e-05
2061,2 Days To Buy 3M Company (NYSE:MMM) Before The Ex-Dividend Date,1,neutral,1,neutral,neutral,1,0,Finistral-7B-LoRA,tfns,-8.62550163269043,0.00017949769971892238,-0.0005015069036744535,0.9996519088745117,-8.68800163269043,0.00016862248594406992
2062,2 Top Small-Cap Stocks to Buy In February,1,neutral,1,neutral,neutral,1,0,Finistral-7B-LoRA,tfns,-10.12790298461914,3.995147562818602e-05,-0.0029032959137111902,0.9971592426300049,-5.877903461456299,0.002800815273076296
2063,3 Great Semiconductor Stocks to Invest In for 2020,1,neutral,1,neutral,neutral,1,0,Finistral-7B-LoRA,tfns,-10.597967147827148,2.4972156097646803e-05,-0.16046752035617828,0.8519315719604492,-1.910467505455017,0.14804349839687347
2064,3 Lord Abbett Funds to Snap Up Now,1,neutral,2,positive,positive,0,0,Finistral-7B-LoRA,tfns,-8.820996284484863,0.00014773594739381224,-2.6959965229034424,0.06753671169281006,-0.07099644094705582,0.9323155283927917
2065,3 Stocks to Enhance the Quality of Your Portfolio,1,neutral,1,neutral,neutral,1,0,Finistral-7B-LoRA,tfns,-10.05550479888916,4.297948908060789e-05,-0.1805051863193512,0.8354476690292358,-1.8055051565170288,0.1645093858242035
2066,3 Surprising Stocks Hitting New Lows Last Week,1,neutral,0,negative,negative,0,0,Finistral-7B-LoRA,tfns,-0.0005451146862469614,0.999658465385437,-8.000545501708984,0.00033534804242663085,-12.000545501708984,6.1421137615980115e-06
2067,3 Top Small-Cap Stocks to Buy in February,1,neutral,1,neutral,neutral,1,0,Finistral-7B-LoRA,tfns,-11.376083374023438,1.14669201138895e-05,-0.0010836211731657386,0.9989563226699829,-6.876083850860596,0.0010322192683815956
2068,"3M : Science, Technology & Sustainability Committee #3M #Stock #MarketScreener https://t.co/v00aEuNutb https://t.co/wMEmDMgf3i",1,neutral,1,neutral,neutral,1,0,Finistral-7B-LoRA,tfns,-13.187597274780273,1.8738509197646636e-06,-9.77468371274881e-05,0.9999850988388062,-11.250097274780273,1.3007103916606866e-05
2069,40% YTD Return On 18 Stocks: Andersen Capital Mgmt. (Radio),1,neutral,2,positive,positive,0,0,Finistral-7B-LoRA,tfns,-15.062665939331055,2.873682376502984e-07,-13.750165939331055,1.0677026693883818e-06,-0.0001656871900195256,0.9999986886978149
2070,42 Stocks Moving In Tuesday's Mid-Day Session,1,neutral,1,neutral,neutral,1,0,Finistral-7B-LoRA,tfns,-9.563722610473633,7.023927173577249e-05,-0.0012223399244248867,0.9988975524902344,-6.876222133636475,0.001032158499583602
2071,5 Cheap Dividend Stocks With High Yields And Annual Increases,1,neutral,1,neutral,neutral,1,0,Finistral-7B-LoRA,tfns,-11.512662887573242,1.0004058822232764e-05,-0.012662605382502079,0.9875584840774536,-4.387662410736084,0.012431526556611061
2072,5 Stocks With January Bounce-Back Potential,1,neutral,2,positive,positive,0,0,Finistral-7B-LoRA,tfns,-11.314759254455566,1.2192404938105028e-05,-6.127259254455566,0.002182689728215337,-0.0022593229077756405,0.9978050589561462
2073,6 Guru Stocks Beating the Market,1,neutral,1,neutral,neutral,1,0,Finistral-7B-LoRA,tfns,-10.586286544799805,2.527616743464023e-05,-0.5237860679626465,0.5926516056060791,-0.8987860679626465,0.40732312202453613
2074,"8 Stocks To Watch For December 12, 2019",1,neutral,1,neutral,neutral,1,0,Finistral-7B-LoRA,tfns,-10.812649726867676,2.0143981600995176e-05,-0.00014959646796341985,0.9998949766159058,-9.375149726867676,8.48093259264715e-05
2075,A Note On Metro Inc.'s (TSE:MRU) ROE and Debt To Equity,1,neutral,1,neutral,neutral,1,0,Finistral-7B-LoRA,tfns,-13.750022888183594,1.0676986903490615e-06,-2.3245540432981215e-05,0.9999949932098389,-12.437522888183594,3.9669816942478064e-06
2076,Add Up The Parts: The First Trust Large Cap Value AlphaDEX Fund ETF Could Be Worth $62,1,neutral,1,neutral,neutral,1,0,Finistral-7B-LoRA,tfns,-9.023785591125488,0.00012057436106260866,-0.5237858891487122,0.592595100402832,-0.8987858891487122,0.4072842597961426
2077,ADTRAN (NASDAQ:ADTN) Has Debt But No Earnings; Should You Worry?,1,neutral,1,neutral,neutral,1,0,Finistral-7B-LoRA,tfns,-8.625200271606445,0.00017952760390471667,-0.0002002515539061278,0.9998185038566589,-13.125200271606445,1.994371814362239e-06
2078,AEMD,1,neutral,1,neutral,neutral,1,0,Finistral-7B-LoRA,tfns,-5.942185401916504,0.0026272102259099483,-0.004685494117438793,0.995676577091217,-6.379685401916504,0.0016962544759735465
2079,Amazon investors ignore these facts in the $1 trillion market cap frenzy https://t.co/7ifHd44bj3 by @BrianSozzi https://t.co/490crLdUXa,1,neutral,1,neutral,neutral,1,0,Finistral-7B-LoRA,tfns,-6.565341949462891,0.0014090754557400942,-0.00284207914955914,0.9976811408996582,-7.002841949462891,0.0009097674628719687
2080,Anyone catching any of this Gap and Run? And I’m not talking about an Inside Gap which means absolutely nothing. On… https://t.co/ROI0JBYpBf,1,neutral,1,neutral,neutral,1,0,Finistral-7B-LoRA,tfns,-3.653402328491211,0.025921698659658432,-0.028402239084243774,0.9727045297622681,-6.590902328491211,0.0013737997505813837
2081,Are Investors Undervaluing Public Joint Stock Company Magnit (MCX:MGNT) By 28%?,1,neutral,1,neutral,neutral,1,0,Finistral-7B-LoRA,tfns,-8.500227928161621,0.00020342503557913005,-0.0002277830062666908,0.9997870326042175,-11.562727928161621,9.514315934211481e-06
2082,Are Investors Undervaluing Scientific Games Corporation (NASDAQ:SGMS) By 45%?,1,neutral,1,neutral,neutral,1,0,Finistral-7B-LoRA,tfns,-7.625566482543945,0.00048783206148073077,-0.0005666795768775046,0.999460756778717,-9.875566482543945,5.141711881151423e-05
2083,Are Kinross Gold Corporation’s (TSE:K) High Returns Really That Great?,1,neutral,1,neutral,neutral,1,0,Finistral-7B-LoRA,tfns,-3.5298526287078857,0.029311882331967354,-0.02985270321369171,0.9706761837005615,-11.342352867126465,1.1860910490213428e-05
2084,Best Stocks for 2020: Energy Transfer Is Poised for an Epic Rally,1,neutral,2,positive,positive,0,0,Finistral-7B-LoRA,tfns,-15.125014305114746,2.6995778057425923e-07,-17.25001335144043,3.2241860736803574e-08,-1.4305012882687151e-05,0.9999997615814209
2085,Best Stocks for 2020: Housing Trend Will Boost PennyMac Financial,1,neutral,2,positive,positive,0,0,Finistral-7B-LoRA,tfns,-15.812512397766113,1.3574332058396976e-07,-16.937511444091797,4.406940590229169e-08,-1.2040065485052764e-05,0.9999998807907104
2086,Better Buy: AbbVie vs. Merck,1,neutral,1,neutral,neutral,1,0,Finistral-7B-LoRA,tfns,-10.750228881835938,2.14417559618596e-05,-0.00022885564249008894,0.9998296499252319,-8.812728881835938,0.00014883528638165444
2087,Big day for Cronos Group after Altria filing,1,neutral,2,positive,positive,0,0,Finistral-7B-LoRA,tfns,-15.37502670288086,2.1024331431362953e-07,-15.62502670288086,1.6373765276966878e-07,-2.658331868587993e-05,0.9999996423721313
2088,BNTC,1,neutral,1,neutral,neutral,1,0,Finistral-7B-LoRA,tfns,-6.628098487854004,0.0013229079777374864,-0.0030986887868493795,0.9970813393592834,-6.440598487854004,0.0015957317082211375
2089,Can $MSFT head higher?  https://t.co/V5l6NINYrr,1,neutral,2,positive,positive,0,0,Finistral-7B-LoRA,tfns,-13.250446319580078,1.7603337028049282e-06,-12.125446319580078,5.4222095968725625e-06,-0.0004459816846065223,0.999992847442627
2090,Can Cronos Stock Break Out of Its Downtrend?,1,neutral,1,neutral,neutral,1,0,Finistral-7B-LoRA,tfns,-11.500381469726562,1.0129017027793452e-05,-0.0003810394846368581,0.9998937845230103,-9.250381469726562,9.610144479665905e-05
2091,Can The North West Company Inc. (TSE:NWC) Maintain Its Strong Returns?,1,neutral,1,neutral,neutral,1,0,Finistral-7B-LoRA,tfns,-12.062638282775879,5.77168793824967e-06,-0.00013839241000823677,0.999954104423523,-10.125138282775879,4.006345625384711e-05
2092,Congratulations to @ServiceNow on being added to the S&P 500 https://t.co/MzojJ6sPLS,1,neutral,2,positive,positive,0,0,Finistral-7B-LoRA,tfns,-15.750043869018555,1.444940380679327e-07,-10.500043869018555,2.753568878688384e-05,-4.4225667807040736e-05,0.9999723434448242
2093,Consider Aphria Stock as the Cannabisphere Burns,1,neutral,1,neutral,neutral,1,0,Finistral-7B-LoRA,tfns,-8.7506103515625,0.0001584154088050127,-0.0006104036583565176,0.9997102618217468,-8.9381103515625,0.00013133100583218038
2094,"Could Envision Solar International, Inc.'s (NASDAQ:EVSI) Investor Composition Influence The Stock Price?",1,neutral,1,neutral,neutral,1,0,Finistral-7B-LoRA,tfns,-14.375011444091797,5.715002089345944e-07,-1.1920858014491387e-05,0.9999990463256836,-14.687511444091797,4.1811850337580836e-07
2095,Could The Colonial Coal International Corp. (CVE:CAD) Ownership Structure Tell Us Something Useful?,1,neutral,1,neutral,neutral,1,0,Finistral-7B-LoRA,tfns,-14.375019073486328,5.715000952477567e-07,-1.9430925021879375e-05,0.9999988079071045,-14.375019073486328,5.715000952477567e-07
2096,Could The KONE Oyj (HEL:KNEBV) Ownership Structure Tell Us Something Useful?,1,neutral,1,neutral,neutral,1,0,Finistral-7B-LoRA,tfns,-14.062530517578125,7.811472073626646e-07,-3.0874729418428615e-05,0.9999977350234985,-13.437530517578125,1.459375084778003e-06
2097,Could The Occidental Petroleum Corporation (NYSE:OXY) Ownership Structure Tell Us Something Useful?,1,neutral,1,neutral,neutral,1,0,Finistral-7B-LoRA,tfns,-15.000025749206543,3.059020627915743e-07,-2.610649426060263e-05,0.9999991655349731,-14.562525749206543,4.737903793738951e-07
2098,Did Business Growth Power CGI's (TSE:GIB.A) Share Price Gain of 163%?,1,neutral,1,neutral,neutral,1,0,Finistral-7B-LoRA,tfns,-10.125200271606445,4.006325252703391e-05,-0.0002004899288294837,0.9999490976333618,-11.437700271606445,1.0782880053739063e-05
2099,Did Business Growth Power Maya Gold and Silver's (TSE:MYA) Share Price Gain of 296%?,1,neutral,1,neutral,neutral,1,0,Finistral-7B-LoRA,tfns,-10.8126220703125,2.0145498638157733e-05,-0.00012206286191940308,0.9999703168869019,-11.5626220703125,9.51605943555478e-06
2100,"Did You Own The Decade's Best Stock? It's Up 3,743%",1,neutral,2,positive,positive,0,0,Finistral-7B-LoRA,tfns,-9.663241386413574,6.37202465441078e-05,-1.2257415056228638,0.294196218252182,-0.35074153542518616,0.7057400941848755
2101,"Do Hedge Funds Love Kirkland’s, Inc. (KIRK)?",1,neutral,1,neutral,neutral,1,0,Finistral-7B-LoRA,tfns,-6.694385528564453,0.001238353201188147,-0.006885610055178404,0.9935479760169983,-5.256885528564453,0.00521366111934185
2102,"Do Insiders Own Lots Of Shares In The Meet Group, Inc. (NASDAQ:MEET)?",1,neutral,1,neutral,neutral,1,0,Finistral-7B-LoRA,tfns,-13.2500581741333,1.7603381365915993e-06,-5.793403761344962e-05,0.9999953508377075,-12.7500581741333,2.9023071874689776e-06
2103,Does China XD Plastics Company Limited (NASDAQ:CXDC) Have A High Beta?,1,neutral,1,neutral,neutral,1,0,Finistral-7B-LoRA,tfns,-12.500012397766113,3.726636805367889e-06,-1.2755313036905136e-05,0.9999955892562866,-14.250012397766113,6.475924010374001e-07
2104,Does K3 Capital Group PLC (LON:K3C) Have A Particularly Volatile Share Price?,1,neutral,1,neutral,neutral,1,0,Finistral-7B-LoRA,tfns,-13.687508583068848,1.1365636964910664e-06,-8.821448318485636e-06,0.9999988079071045,-16.250009536743164,8.764237691138987e-08
2105,Does Page Industries (NSE:PAGEIND) Have A Healthy Balance Sheet?,1,neutral,1,neutral,neutral,1,0,Finistral-7B-LoRA,tfns,-11.250569343566895,1.3000782018934842e-05,-0.0005695389700122178,0.9994990825653076,-7.6255693435668945,0.00048785077524371445
2106,"Does Pieris Pharmaceuticals, Inc.'s (NASDAQ:PIRS) CEO Pay Matter?",1,neutral,1,neutral,neutral,1,0,Finistral-7B-LoRA,tfns,-13.75001335144043,1.067702555701544e-06,-1.3470558769768104e-05,0.9999985694885254,-14.93751335144043,3.256308787058515e-07
2107,Does The Teradata Corporation (NYSE:TDC) Share Price Fall With The Market?,1,neutral,1,neutral,neutral,1,0,Finistral-7B-LoRA,tfns,-8.375275611877441,0.00023050610616337508,-0.0002760506176855415,0.9997668862342834,-12.875275611877441,2.5606916551623726e-06
2108,Don't Sell AMA Group Limited (ASX:AMA) Before You Read This,1,neutral,1,neutral,neutral,1,0,Finistral-7B-LoRA,tfns,-10.1887845993042,3.75924319087062e-05,-0.0012848464539274573,0.9987928867340088,-6.751285076141357,0.0011694661807268858
2109,"EOS, Ethereum and Ripple’s XRP – Daily Tech Analysis – 07/02/20",1,neutral,1,neutral,neutral,1,0,Finistral-7B-LoRA,tfns,-7.002301216125488,0.000910051167011261,-0.002301426837220788,0.9979922771453857,-6.814801216125488,0.0010977311758324504
2110,Estimating The Fair Value Of Oshkosh Corporation (NYSE:OSK),1,neutral,1,neutral,neutral,1,0,Finistral-7B-LoRA,tfns,-9.875737190246582,5.141711881151423e-05,-0.000736918649636209,0.999460756778717,-7.625736713409424,0.00048783206148073077
2111,Estimating The Intrinsic Value Of Ceres Global Ag Corp. (TSE:CRP),1,neutral,1,neutral,neutral,1,0,Finistral-7B-LoRA,tfns,-11.625065803527832,8.939547115005553e-06,-6.580135959666222e-05,0.9999743700027466,-11.000065803527832,1.6701273125363514e-05
2112,Ethereum and Stellar’s Lumen Daily Tech Analysis – 18/11/19,1,neutral,1,neutral,neutral,1,0,Finistral-7B-LoRA,tfns,-9.250470161437988,9.607883839635178e-05,-0.0004702892620116472,0.9996585845947266,-8.312970161437988,0.00024534593103453517
2113,Ethereum and Stellar’s Lumen Daily Tech Analysis – 19/11/19,1,neutral,1,neutral,neutral,1,0,Finistral-7B-LoRA,tfns,-9.312960624694824,9.025959298014641e-05,-0.0004602803383022547,0.9996793270111084,-8.375460624694824,0.00023048592265695333
2114,Flotek Industries Inc (FTK): Hedge Fund Sentiment Unchanged,1,neutral,1,neutral,neutral,1,0,Finistral-7B-LoRA,tfns,-10.06259822845459,4.264679955667816e-05,-9.810443589231e-05,0.9999417066574097,-11.06259822845459,1.5688881831010804e-05
2115,FOMO time we project SP 500 target 4000 before end of Bull Market,1,neutral,2,positive,positive,0,0,Finistral-7B-LoRA,tfns,-15.375009536743164,2.1024332852448424e-07,-18.625009536743164,8.152018615703582e-09,-9.775113539944869e-06,0.9999997615814209
2116,FSCT,1,neutral,1,neutral,neutral,1,0,Finistral-7B-LoRA,tfns,-6.691065311431885,0.0012421294813975692,-0.0035652664955705404,0.996577799320221,-6.128565311431885,0.0021800051908940077
2117,Go $WKHS,1,neutral,2,positive,positive,0,0,Finistral-7B-LoRA,tfns,-2.1995675563812256,0.1114574745297432,-0.9495674967765808,0.3890247941017151,-0.6995674967765808,0.4995177388191223
2118,Golden Rim Resources : Tabuteau to advance New Zealand's trade and political interests wit... #GoldenRimResources… https://t.co/9RRPcgdgAZ,1,neutral,1,neutral,neutral,1,0,Finistral-7B-LoRA,tfns,-13.250100135803223,1.7602405932848342e-06,-0.00010013079008786008,0.9999399185180664,-9.750100135803223,5.8291159803047776e-05
2119,"Hedge Fund Darlings vs. Republic Services, Inc. (RSG) In 2019",1,neutral,1,neutral,neutral,1,0,Finistral-7B-LoRA,tfns,-7.097604274749756,0.0008276057778857648,-0.0351044237613678,0.9661138653755188,-3.410104513168335,0.03305859863758087
2120,"Hedge Funds Cashed Out Of Simpson Manufacturing Co, Inc. (SSD) Too Early",1,neutral,1,neutral,neutral,1,0,Finistral-7B-LoRA,tfns,-1.0653252601623535,0.3450127840042114,-0.44032523036003113,0.644568681716919,-4.5653252601623535,0.010418483056128025
2121,Hedge Funds Dropped The Ball On 2U Inc (TWOU),1,neutral,1,neutral,neutral,1,0,Finistral-7B-LoRA,tfns,-6.443404197692871,0.0015913525130599737,-0.005904019810259342,0.9943450689315796,-5.505904197692871,0.0040636612102389336
2122,Hedge Funds Dropped The Ball On Continental Building Products Inc (CBPX),1,neutral,1,neutral,neutral,1,0,Finistral-7B-LoRA,tfns,-6.535736083984375,0.0014515862567350268,-0.03573610633611679,0.9655104875564575,-3.410736083984375,0.0330379493534565
2123,Hedge Funds Had Impeccable Timing Buying Myovant Sciences Ltd. (MYOV),1,neutral,2,positive,positive,0,0,Finistral-7B-LoRA,tfns,-12.687610626220703,3.0894909741618903e-06,-13.750110626220703,1.0676995998437633e-06,-0.00011073929636040702,0.9999958276748657
2124,Hedge Funds Love These 3 Peers Way More Than China Petroleum & Chemical Corp (SNP),1,neutral,2,positive,positive,0,0,Finistral-7B-LoRA,tfns,-5.708077430725098,0.0033219039905816317,-2.5830774307250977,0.07560618221759796,-0.08307742327451706,0.9210718870162964
2125,Here is What Hedge Funds Think About First Busey Corporation (BUSE),1,neutral,1,neutral,neutral,1,0,Finistral-7B-LoRA,tfns,-7.380471706390381,0.0006234488100744784,-0.005471847951412201,0.9947698712348938,-5.380471706390381,0.004606698639690876
2126,Here is What Hedge Funds Think About Focus Financial Partners Inc. (FOCS),1,neutral,1,neutral,neutral,1,0,Finistral-7B-LoRA,tfns,-6.8829121589660645,0.0010264242300763726,-0.6954120993614197,0.4994868040084839,-0.6954120993614197,0.4994868040084839
2127,Here is What Hedge Funds Think About Wipro Limited (WIT),1,neutral,1,neutral,neutral,1,0,Finistral-7B-LoRA,tfns,-8.127471923828125,0.00029538708622567356,-0.002471965504810214,0.9977784752845764,-6.252471923828125,0.0019261656561866403
2128,Here’s What Hedge Funds Think Evolution Petroleum Corporation (EPM),1,neutral,1,neutral,neutral,1,0,Finistral-7B-LoRA,tfns,-6.416137218475342,0.0016373437829315662,-0.04113730415701866,0.9610968232154846,-3.291137218475342,0.03726576641201973
2129,Here's What Analysts Are Forecasting For Cummins Inc. After Its Annual Results,1,neutral,1,neutral,neutral,1,0,Finistral-7B-LoRA,tfns,-6.57451057434082,0.0013966851402074099,-0.012010754086077213,0.9889083504676819,-4.63701057434082,0.009694917127490044
2130,Here's What We Like About DCC plc (LON:DCC)'s Upcoming Dividend,1,neutral,2,positive,positive,0,0,Finistral-7B-LoRA,tfns,-10.752769470214844,2.139192474714946e-05,-6.002769947052002,0.002472570398822427,-0.0027699219062924385,0.9975060820579529
2131,Highlight: 'Amgen's been a rocket ship of a stock ... we just think that latest move is just assuming too much ... we'r... https://t.co/xIHky138yC,1,neutral,1,neutral,neutral,1,0,Finistral-7B-LoRA,tfns,-1.4068354368209839,0.24501895904541016,-0.2818354368209839,0.7547115087509155,-8.219335556030273,0.0002695060393307358
2132,Hong Kong ETF May Not Turn Around Anytime Soon,1,neutral,0,negative,negative,0,0,Finistral-7B-LoRA,tfns,-2.2649508537142538e-05,0.9999985694885254,-13.875022888183594,9.42244128054881e-07,-14.562522888183594,4.737900951568008e-07
2133,"How Does Investing In Seres Therapeutics, Inc. (NASDAQ:MCRB) Impact The Volatility Of Your Portfolio?",1,neutral,1,neutral,neutral,1,0,Finistral-7B-LoRA,tfns,-14.187511444091797,6.893609452163219e-07,-1.1444026313256472e-05,0.9999991655349731,-15.437511444091797,1.975052157376922e-07
2134,How Good Is Kambi Group plc (STO:KAMBI) At Creating Shareholder Value?,1,neutral,1,neutral,neutral,1,0,Finistral-7B-LoRA,tfns,-12.187528610229492,5.0936737352458294e-06,-2.884823152271565e-05,0.9999887943267822,-12.000028610229492,6.144143753772369e-06
2135,How Many Wheaton Precious Metals Corp. (TSE:WPM) Shares Do Institutions Own?,1,neutral,1,neutral,neutral,1,0,Finistral-7B-LoRA,tfns,-13.812533378601074,1.0030113344328129e-06,-3.373566141817719e-05,0.9999963045120239,-12.812533378601074,2.726467755564954e-06
2136,"How Much Did Prologis, Inc.'s (NYSE:PLD) CEO Pocket Last Year?",1,neutral,1,neutral,neutral,1,0,Finistral-7B-LoRA,tfns,-14.125035285949707,7.338208547480463e-07,-3.5523738915799186e-05,0.9999990463256836,-15.500035285949707,1.8553897973561106e-07
2137,How Much Have Harley-Davidson’s Shipments Fallen Since 2014?,1,neutral,0,negative,negative,0,0,Finistral-7B-LoRA,tfns,-0.07068103551864624,0.9324085116386414,-2.695681095123291,0.06754344701766968,-9.945680618286133,4.7967627324396744e-05
2138,"How Much Of Daseke, Inc. (NASDAQ:DSKE) Do Institutions Own?",1,neutral,1,neutral,neutral,1,0,Finistral-7B-LoRA,tfns,-13.500029563903809,1.3709546919926652e-06,-2.95634672511369e-05,0.9999967813491821,-13.187529563903809,1.8738728613243438e-06
2139,How Should Investors React To Poxel SA's (EPA:POXEL) CEO Pay?,1,neutral,1,neutral,neutral,1,0,Finistral-7B-LoRA,tfns,-10.562567710876465,2.5867346266750246e-05,-6.818538531661034e-05,0.9999707937240601,-12.625067710876465,3.288663947387249e-06
2140,How Should Investors React To Select Medical Holdings Corporation's (NYSE:SEM) CEO Pay?,1,neutral,1,neutral,neutral,1,0,Finistral-7B-LoRA,tfns,-8.187935829162598,0.0002780233044177294,-0.0004353767435532063,0.9996944665908813,-10.500435829162598,2.752803629846312e-05
2141,Howard Bancorp (NASDAQ:HBMD) Shareholders Have Enjoyed A 54% Share Price Gain,1,neutral,2,positive,positive,0,0,Finistral-7B-LoRA,tfns,-16.3126277923584,8.233248394162729e-08,-17.8751277923584,1.7257827167327378e-08,-0.0001282609737245366,0.9999998807907104
2142,Imagine Owning Apex Global Brands (NASDAQ:APEX) And Taking A 98% Loss Square On The Chin,1,neutral,0,negative,negative,0,0,Finistral-7B-LoRA,tfns,-0.039960991591215134,0.9622483849525452,-3.289961099624634,0.037310417741537094,-7.727460861206055,0.00044121305109001696
2143,Immersion Corporation (IMMR): Hedge Funds In Wait-and-See Mode,1,neutral,1,neutral,neutral,1,0,Finistral-7B-LoRA,tfns,-5.6289215087890625,0.0035931323654949665,-0.003921320661902428,0.9962760210037231,-8.941421508789062,0.0001308798382524401
2144,Is Amicus Therapeutics (NASDAQ:FOLD) A Risky Investment?,1,neutral,1,neutral,neutral,1,0,Finistral-7B-LoRA,tfns,-10.500088691711426,2.753539774857927e-05,-8.856858039507642e-05,0.9999617338180542,-11.437588691711426,1.0783015568449628e-05
2145,Is Autolus Therapeutics plc (AUTL) A Good Stock To Buy?,1,neutral,1,neutral,neutral,1,0,Finistral-7B-LoRA,tfns,-9.688179969787598,6.20161954429932e-05,-0.0006800960982218385,0.9993852376937866,-7.500679969787598,0.0005527443718165159
2146,Is CBIZ's (NYSE:CBZ) Share Price Gain Of 200% Well Earned?,1,neutral,1,neutral,neutral,1,0,Finistral-7B-LoRA,tfns,-11.937787055969238,6.539333753607934e-06,-0.0002873722987715155,0.9998248219490051,-8.687787055969238,0.00016865164798218757
2147,Is Gilat Satellite Networks Ltd.'s (NASDAQ:GILT) 6.1% Dividend Worth Your Time?,1,neutral,1,neutral,neutral,1,0,Finistral-7B-LoRA,tfns,-12.00003719329834,6.144147391751176e-06,-3.6954195820726454e-05,0.99998939037323,-12.31253719329834,4.495153916650452e-06
2148,Is Grifols (BME:GRF) A Risky Investment?,1,neutral,1,neutral,neutral,1,0,Finistral-7B-LoRA,tfns,-8.37531852722168,0.0002305042144143954,-0.00031871485407464206,0.9997586607933044,-11.43781852722168,1.078082641470246e-05
2149,"Is Hawaiian Holdings, Inc. (HA) A Good Stock To Buy?",1,neutral,1,neutral,neutral,1,0,Finistral-7B-LoRA,tfns,-9.627129554748535,6.592488352907822e-05,-0.0021291938610374928,0.9980074763298035,-6.252129077911377,0.0019266076851636171
2150,Is HighPoint Resources Corporation (HPR) Going to Burn These Hedge Funds?,1,neutral,1,neutral,neutral,1,0,Finistral-7B-LoRA,tfns,-10.375075340270996,3.1201390811474994e-05,-7.509902934543788e-05,0.9999520778656006,-11.000075340270996,1.6700900232535787e-05
2151,Is Houghton Mifflin Harcourt Co (HMHC) Going to Burn These Hedge Funds?,1,neutral,1,neutral,neutral,1,0,Finistral-7B-LoRA,tfns,-8.500360488891602,0.00020341077470220625,-0.00036090059438720345,0.9997169375419617,-9.437860488891602,7.96567983343266e-05
2152,Is iQiyi Stock a Breakout Buy Right Now?,1,neutral,1,neutral,neutral,1,0,Finistral-7B-LoRA,tfns,-9.125356674194336,0.00010888768156291917,-0.00035661060246638954,0.9998063445091248,-9.375356674194336,8.480180258629844e-05
2153,"Is It Smart To Buy Strategic Education, Inc. (NASDAQ:STRA) Before It Goes Ex-Dividend?",1,neutral,1,neutral,neutral,1,0,Finistral-7B-LoRA,tfns,-10.062573432922363,4.2647221562219784e-05,-7.319182623177767e-05,0.9999516010284424,-12.062573432922363,5.7716738410817925e-06
2154,Is It Too Late To Consider Buying Canadian Imperial Bank of Commerce (TSE:CM)?,1,neutral,1,neutral,neutral,1,0,Finistral-7B-LoRA,tfns,-8.065415382385254,0.00031425998895429075,-0.002915301127359271,0.9972139000892639,-6.002915382385254,0.0024718460626900196
2155,Is It Worth Buying Cognizant Technology Solutions Corporation (NASDAQ:CTSH) For Its 1.3% Dividend Yield?,1,neutral,1,neutral,neutral,1,0,Finistral-7B-LoRA,tfns,-12.750081062316895,2.9023067327216268e-06,-8.105902816168964e-05,0.999995231628418,-13.187581062316895,1.873869905466563e-06
2156,Is James River Group Holdings Ltd (JRVR) Going To Burn These Hedge Funds ?,1,neutral,1,neutral,neutral,1,0,Finistral-7B-LoRA,tfns,-7.1885199546813965,0.0007553000468760729,-0.001019792165607214,0.999104917049408,-8.876019477844238,0.00013971647422295064
2157,Is Luckin Coffee (NASDAQ:LK) A Risky Investment?,1,neutral,1,neutral,neutral,1,0,Finistral-7B-LoRA,tfns,-8.750256538391113,0.0001584338751854375,-0.00025662468397058547,0.9998268485069275,-11.125256538391113,1.4736645425728057e-05
2158,Is Magnolia Bostad AB (publ)'s (STO:MAG) ROE Of 6.1% Concerning?,1,neutral,1,neutral,neutral,1,0,Finistral-7B-LoRA,tfns,-11.000056266784668,1.6701063941582106e-05,-5.6503606174374e-05,0.9999618530273438,-10.750056266784668,2.1444589947350323e-05
2159,Is Mullen Group (TSE:MTL) Using Too Much Debt?,1,neutral,1,neutral,neutral,1,0,Finistral-7B-LoRA,tfns,-12.000016212463379,6.14417012911872e-06,-1.6569954823353328e-05,0.999993085861206,-14.125016212463379,7.33816477804794e-07
2160,Is Now An Opportune Moment To Examine AAC Technologies Holdings Inc. (HKG:2018)?,1,neutral,1,neutral,neutral,1,0,Finistral-7B-LoRA,tfns,-12.875070571899414,2.5611793716961984e-06,-7.033100700937212e-05,0.9999573230743408,-10.125070571899414,4.0063583583105356e-05
2161,"Is Now The Time To Look At Buying Houlihan Lokey, Inc. (NYSE:HLI)?",1,neutral,1,neutral,neutral,1,0,Finistral-7B-LoRA,tfns,-8.753612518310547,0.00015793363854754716,-0.003612541826441884,0.9966699481010437,-5.753612518310547,0.003172182012349367
2162,Is Ritchie Bros. Auctioneers (RBA) Going to Burn These Hedge Funds?,1,neutral,1,neutral,neutral,1,0,Finistral-7B-LoRA,tfns,-8.687767028808594,0.00016864640929270536,-0.0002669931564014405,0.9997937083244324,-10.187767028808594,3.763009954127483e-05
2163,Is Seritage Growth Properties (SRG) A Good Stock To Buy?,1,neutral,1,neutral,neutral,1,0,Finistral-7B-LoRA,tfns,-8.690030097961426,0.00016828469233587384,-0.002529875375330448,0.9976493716239929,-6.127530097961426,0.002182349096983671
2164,"Is SiteOne Landscape Supply, Inc. (SITE) A Good Stock To Buy?",1,neutral,1,neutral,neutral,1,0,Finistral-7B-LoRA,tfns,-8.130666732788086,0.0002944126317743212,-0.005666976794600487,0.9944869875907898,-5.255667209625244,0.005218588747084141
2165,"Is There Now An Opportunity In Solaria Energía y Medio Ambiente, S.A. (BME:SLR)?",1,neutral,1,neutral,neutral,1,0,Finistral-7B-LoRA,tfns,-7.132686138153076,0.0007987085846252739,-0.007686206605285406,0.9925137162208557,-5.007686138153076,0.006687505170702934
2166,Is Vanguard Growth & Income Admiral (VGIAX) a Strong Mutual Fund Pick Right Now?,1,neutral,1,neutral,neutral,1,0,Finistral-7B-LoRA,tfns,-7.875580310821533,0.0003799523110501468,-0.0005802616360597312,0.999535322189331,-9.375579833984375,8.477881783619523e-05
2167,"Is Viking Therapeutics, Inc. (VKTX) A Good Stock To Buy?",1,neutral,1,neutral,neutral,1,0,Finistral-7B-LoRA,tfns,-7.343214511871338,0.0006471724482253194,-0.030714668333530426,0.9700596332550049,-3.530714750289917,0.02929326333105564
2168,Is WH Group Limited (HKG:288) Better Than Average At Deploying Capital?,1,neutral,1,neutral,neutral,1,0,Finistral-7B-LoRA,tfns,-13.31251335144043,1.6536858993276837e-06,-1.2993727978027891e-05,0.9999960660934448,-13.00001335144043,2.2603205707127927e-06
2169,Is Zafgen Inc (ZFGN) A Good Stock To Buy?,1,neutral,1,neutral,neutral,1,0,Finistral-7B-LoRA,tfns,-7.876433849334717,0.00037963848444633186,-0.0014340127818286419,0.9987096786499023,-7.001433849334717,0.0009107053629122674
2170,Is Zhou Hei Ya International Holdings Company Limited (HKG:1458) Trading At A 32% Discount?,1,neutral,1,neutral,neutral,1,0,Finistral-7B-LoRA,tfns,-11.687514305114746,8.398068530368619e-06,-1.4424220353248529e-05,0.9999911785125732,-14.625014305114746,4.450812980394403e-07
2171,J&J Brand Most Valuable Among Pharmaceutical Companies,1,neutral,2,positive,positive,0,0,Finistral-7B-LoRA,tfns,-16.812543869018555,4.99371175521901e-08,-13.562542915344238,1.2878952020400902e-06,-4.31528314948082e-05,0.9999986886978149
2172,"Macy's has shrunk to the size of Beyond Meat. It's going to get worse, technician says $M $BYND (via @TradingNation) https://t.co/h86IfyLmqy",1,neutral,0,negative,negative,0,0,Finistral-7B-LoRA,tfns,-3.111314072157256e-05,0.9999910593032837,-13.375031471252441,1.5534864132860093e-06,-11.812531471252441,7.411268597934395e-06
2173,"More Is Needed To Break Through: EZCORP, Inc. (EZPW), Gannett Co., Inc. (GCI) - TechnoRecorder",1,neutral,1,neutral,neutral,1,0,Finistral-7B-LoRA,tfns,-3.049473524093628,0.047408703714609146,-0.04947357997298241,0.9522293210029602,-7.924473762512207,0.0003619699564296752
2174,"More Is Needed To Break Through: Las Vegas Sands Corp. (LVS), Enterprise Products Partners L.P. (EPD) - TechnoRecorder",1,neutral,1,neutral,neutral,1,0,Finistral-7B-LoRA,tfns,-7.3135175704956055,0.0006665967521257699,-0.0010175295174121857,0.9991750121116638,-8.751017570495605,0.00015833060024306178
2175,"More Is Needed To Break Through: McDonald’s Corporation (MCD), ADT Inc. (ADT) - TechnoRecorder",1,neutral,1,neutral,neutral,1,0,Finistral-7B-LoRA,tfns,-8.250341415405273,0.0002611876407172531,-0.0003415954706724733,0.9997286200523376,-11.500341415405273,1.012734355754219e-05
2176,NAOV,1,neutral,1,neutral,neutral,1,0,Finistral-7B-LoRA,tfns,-5.884693145751953,0.0027822330594062805,-0.009692984633147717,0.99054354429245,-5.009693145751953,0.006674229633063078
2177,Nexstar Media : Andy Alford #NexstarMedia #Stock #MarketScreener https://t.co/7676Cby6JX https://t.co/mCQbFmgJrt,1,neutral,1,neutral,neutral,1,0,Finistral-7B-LoRA,tfns,-9.500506401062012,7.483438093913719e-05,-0.0005066303419880569,0.9997667670249939,-8.750506401062012,0.00015842435823287815
2178,"One Thing To Remember About The Allscripts Healthcare Solutions, Inc. (NASDAQ:MDRX) Share Price",1,neutral,1,neutral,neutral,1,0,Finistral-7B-LoRA,tfns,-8.375923156738281,0.00023041351232677698,-0.0009227308910340071,0.9993652701377869,-7.813422679901123,0.0004043883236590773
2179,Options Trader Bets on Monster Micron Move,1,neutral,2,positive,positive,0,0,Finistral-7B-LoRA,tfns,-8.564647674560547,0.00019083483493886888,-6.564647674560547,0.0014100894331932068,-0.00214775069616735,0.9983990788459778
2180,PLUG Stock Remains Tantalizing and Vexing,1,neutral,1,neutral,neutral,1,0,Finistral-7B-LoRA,tfns,-11.312870979309082,1.2218718438816722e-05,-0.0003711488388944417,0.9999585151672363,-10.437870979309082,2.9311182515812106e-05
2181,PTVCA,1,neutral,1,neutral,neutral,1,0,Finistral-7B-LoRA,tfns,-7.626008987426758,0.0004876471939496696,-0.0010089550632983446,0.9990819692611694,-7.751008987426758,0.000430347106885165
2182,Saudi Aramco shares to start trading Dec. 11 - Tadawul exchange https://t.co/RW1cipUUmB https://t.co/HwDW4fo0AN,1,neutral,1,neutral,neutral,1,0,Finistral-7B-LoRA,tfns,-8.753745079040527,0.00015813093341421336,-0.2537449300289154,0.7771769762039185,-1.5037449598312378,0.222664937376976
2183,"Setups and Watch List, 11/24: $STNE $SE $PAYC $NOW $SPLK $DOCU $RH $ROKU $AAXN $NVCR 

Following charts courtesy of… https://t.co/tCFycIVckn",1,neutral,1,neutral,neutral,1,0,Finistral-7B-LoRA,tfns,-7.8855695724487305,0.00037692225305363536,-0.010569428093731403,0.991564154624939,-4.8230695724487305,0.008058954030275345
2184,"Shareholders Rejoice? HBC, Canfor Proxy Wins Do Little for Stock",1,neutral,1,neutral,neutral,1,0,Finistral-7B-LoRA,tfns,-9.375275611877441,8.480992983095348e-05,-0.00027533553657121956,0.9999021291732788,-11.250275611877441,1.3006024346395861e-05
2185,Should Community Bankers Trust (NASDAQ:ESXB) Be Disappointed With Their 99% Profit?,1,neutral,1,neutral,neutral,1,0,Finistral-7B-LoRA,tfns,-10.93755054473877,1.7778469555196352e-05,-5.090107151772827e-05,0.9999774694442749,-12.25005054473877,4.785009878105484e-06
2186,Should CorEnergy Infrastructure Trust (NYSE:CORR) Be Disappointed With Their 39% Profit?,1,neutral,1,neutral,neutral,1,0,Finistral-7B-LoRA,tfns,-10.750144004821777,2.1443775040097535e-05,-0.00014447122521232814,0.999923825263977,-9.812644004821777,5.475859506987035e-05
2187,Should We Be Cautious About Franklin Street Properties Corp.'s (NYSEMKT:FSP) ROE Of 0.5%?,1,neutral,1,neutral,neutral,1,0,Finistral-7B-LoRA,tfns,-9.062695503234863,0.0001159190505859442,-0.00019596086349338293,0.9998815059661865,-12.875195503234863,2.56098519457737e-06
2188,"Should You Add These 3 Top-Performing Mutual Funds to Your Portfolio? - February 06, 2020",1,neutral,1,neutral,neutral,1,0,Finistral-7B-LoRA,tfns,-10.563783645629883,2.5837180146481842e-05,-0.0012835367815569043,0.9988046884536743,-6.751283645629883,0.0011694800341501832
2189,"Should You Avoid Sykes Enterprises, Incorporated (SYKE)?",1,neutral,0,negative,negative,0,0,Finistral-7B-LoRA,tfns,-0.010058783926069736,0.9901846647262573,-4.635058879852295,0.009707429446280003,-9.135058403015137,0.00010783979814732447
2190,Should You Be Excited About Allianz SE's (ETR:ALV) 10% Return On Equity?,1,neutral,1,neutral,neutral,1,0,Finistral-7B-LoRA,tfns,-12.875134468078613,2.5612528133933665e-06,-0.00013445904187392443,0.999985933303833,-11.375134468078613,1.1478738088044338e-05
2191,"Should You Be Excited About PulteGroup, Inc.'s (NYSE:PHM) 18% Return On Equity?",1,neutral,1,neutral,neutral,1,0,Finistral-7B-LoRA,tfns,-13.062607765197754,2.123345211657579e-06,-0.00010823617776622996,0.9999822378158569,-11.062607765197754,1.5689518477302045e-05
2192,"Should You Be Tempted To Sell Galp Energia, SGPS, S.A. (ELI:GALP) Because Of Its P/E Ratio?",1,neutral,1,neutral,neutral,1,0,Finistral-7B-LoRA,tfns,-11.812521934509277,7.411278602376115e-06,-2.2291887944447808e-05,0.9999923706054688,-15.187521934509277,2.5360000677210337e-07
2193,Should You Be Tempted To Sell Michelmersh Brick Holdings plc (LON:MBH) Because Of Its P/E Ratio?,1,neutral,1,neutral,neutral,1,0,Finistral-7B-LoRA,tfns,-10.875042915344238,1.8925105905509554e-05,-4.31528314948082e-05,0.9999788999557495,-13.062542915344238,2.1233381630736403e-06
2194,"Should You Be Worried About Mistras Group, Inc.'s (NYSE:MG) 1.5% Return On Equity?",1,neutral,1,neutral,neutral,1,0,Finistral-7B-LoRA,tfns,-11.812549591064453,7.411273145407904e-06,-4.9828242481453344e-05,0.9999916553497314,-13.875049591064453,9.422376479051309e-07
2195,Should You Buy Harmony Gold Mining Co.  (HMY)?,1,neutral,1,neutral,neutral,1,0,Finistral-7B-LoRA,tfns,-2.5268173217773438,0.08101014792919159,-0.5268173217773438,0.5985885262489319,-1.1518173217773438,0.3204013407230377
2196,Should You Buy Netgear on This Short-Term Guidance Miss?,1,neutral,0,negative,negative,0,0,Finistral-7B-LoRA,tfns,-0.47662055492401123,0.6214386820793152,-0.9766205549240112,0.3769216239452362,-6.414120674133301,0.001639739261008799
2197,"Should You Buy Weis Markets, Inc. (WMK)?",1,neutral,1,neutral,neutral,1,0,Finistral-7B-LoRA,tfns,-4.021109580993652,0.01795218698680401,-0.146109476685524,0.8649848103523254,-2.1461095809936523,0.11706296354532242
2198,Should You Worry About NVE Corporation's (NASDAQ:NVEC) CEO Salary Level?,1,neutral,1,neutral,neutral,1,0,Finistral-7B-LoRA,tfns,-11.43753433227539,1.0783302059280686e-05,-3.4450891689630225e-05,0.999988317489624,-13.87503433227539,9.422344646736747e-07
2199,"Stks often pause at key res/sup levels. 1st touch of key level often fails, esp w/steep run into it. Let it consoli… https://t.co/cN0G1UYeKI",1,neutral,1,neutral,neutral,1,0,Finistral-7B-LoRA,tfns,-8.500244140625,0.00020342503557913005,-0.0002441108226776123,0.9997870326042175,-11.562744140625,9.514315934211481e-06
2200,Stock Market News: Netflix Climbs on Subscriber Data; Johnson & Johnson Looks Healthy,1,neutral,2,positive,positive,0,0,Finistral-7B-LoRA,tfns,-13.43752384185791,1.4593741752833012e-06,-13.50002384185791,1.370955146740016e-06,-2.3483953555114567e-05,0.9999971389770508
2201,"Stock Performance Summary :: Intercontinental Exchange, Inc., (NYSE: ICE) - Times Of New York",1,neutral,1,neutral,neutral,1,0,Finistral-7B-LoRA,tfns,-6.3705902099609375,0.0017137052491307259,-0.058090247213840485,0.944974422454834,-2.9330902099609375,0.05331181362271309
2202,"Stocks To Watch: Bharti Airtel, HUL, L&T Finance, NMDC, Tata Motors, Vodafone Idea",1,neutral,1,neutral,neutral,1,0,Finistral-7B-LoRA,tfns,-8.501152992248535,0.00020333376596681774,-0.0011529234470799565,0.9993384480476379,-7.688652992248535,0.000458219728898257
2203,Taking A Look At Eastman Chemical Company's (NYSE:EMN) ROE,1,neutral,1,neutral,neutral,1,0,Finistral-7B-LoRA,tfns,-12.375234603881836,4.222205006954027e-06,-0.00023445718397852033,0.9998469352722168,-8.812734603881836,0.00014883784751873463
2204,The 3 Biggest Risks to Momo’s Stock,1,neutral,1,neutral,neutral,1,0,Finistral-7B-LoRA,tfns,-1.3136588335037231,0.26893794536590576,-0.31365880370140076,0.7310490608215332,-11.251158714294434,1.299722589465091e-05
2205,There goes $ACST,1,neutral,1,neutral,neutral,1,0,Finistral-7B-LoRA,tfns,-4.360373497009277,0.012790927663445473,-0.04787326231598854,0.9545462727546692,-3.4228732585906982,0.0326627753674984
2206,These Stocks Could Bounce High in January and Beyond,1,neutral,2,positive,positive,0,0,Finistral-7B-LoRA,tfns,-12.3750581741333,4.222788447805215e-06,-11.4375581741333,1.0783267498482019e-05,-5.829164365422912e-05,0.9999850988388062
2207,This Dividend Hero’s Too Cheap To Miss Right Now,1,neutral,2,positive,positive,0,0,Finistral-7B-LoRA,tfns,-9.438060760498047,7.96686508692801e-05,-9.813060760498047,5.475541183841415e-05,-0.0005608416395261884,0.9998656511306763
2208,Three stocks to buy during the coronavirus crash - besides the usual suspects https://t.co/00GgjoZr9U,1,neutral,1,neutral,neutral,1,0,Finistral-7B-LoRA,tfns,-7.815392971038818,0.00040370249189436436,-0.0028928357642143965,0.9976703524589539,-6.252892971038818,0.0019259569235146046
2209,Top 5 Buys of John Rogers' Ariel Investment,1,neutral,1,neutral,neutral,1,0,Finistral-7B-LoRA,tfns,-11.190109252929688,1.3817611034028232e-05,-0.002608946058899164,0.9979355335235596,-6.190108776092529,0.0020507152657955885
2210,Top Technology Holdings of Warren Buffett's Berkshire Hathaway,1,neutral,1,neutral,neutral,1,0,Finistral-7B-LoRA,tfns,-15.562521934509277,1.742977531193901e-07,-2.169585604860913e-05,0.9999992847442627,-14.437521934509277,5.368748929868161e-07
2211,"Toyota, AB InBev, Funko: Companies to Watch",1,neutral,1,neutral,neutral,1,0,Finistral-7B-LoRA,tfns,-12.750632286071777,2.900896106439177e-06,-0.0006325627909973264,0.9995092153549194,-7.6256327629089355,0.0004878557228948921
2212,"Trade Alert: The Independent Director Of Cerus Corporation (NASDAQ:CERS), Franklin Witney, Has Just Spent US$100k Buying Shares",1,neutral,2,positive,positive,0,0,Finistral-7B-LoRA,tfns,-11.001218795776367,1.6693275028956123e-05,-7.626219272613525,0.00048784902901388705,-0.0012191252317279577,0.9994955062866211
2213,"Translate Bio, Inc. (TBIO): Are Hedge Funds Right About This Stock?",1,neutral,1,neutral,neutral,1,0,Finistral-7B-LoRA,tfns,-11.062577247619629,1.5689287465647794e-05,-7.772143726469949e-05,0.9999675750732422,-11.000077247619629,1.670115852903109e-05
2214,Two Firms Are Clashing About the Fate of U.S. Small-Cap Stocks,1,neutral,1,neutral,neutral,1,0,Finistral-7B-LoRA,tfns,-3.288325786590576,0.037320826202631,-0.03832586109638214,0.9625167846679688,-8.725826263427734,0.00016235848306678236
2215,VIS Containers Manufacturing (ATH:VIS) Has Debt But No Earnings; Should You Worry?,1,neutral,1,neutral,neutral,1,0,Finistral-7B-LoRA,tfns,-7.875402927398682,0.00037998371408320963,-0.00040284625720232725,0.9996178150177002,-13.062902450561523,2.1225714590400457e-06
2216,What Does KPS AG's (ETR:KSC) Share Price Indicate?,1,neutral,1,neutral,neutral,1,0,Finistral-7B-LoRA,tfns,-7.688849449157715,0.0004580433596856892,-0.0013496108585968614,0.9989538192749023,-7.438849449157715,0.0005881392862647772
2217,"What Does Reading International, Inc.'s (NASDAQ:RDI) Share Price Indicate?",1,neutral,1,neutral,neutral,1,0,Finistral-7B-LoRA,tfns,-8.937881469726562,0.00013133100583218038,-0.0003817544784396887,0.9997102618217468,-8.750381469726562,0.0001584154088050127
2218,What To Know Before Buying Flushing Financial Corporation (NASDAQ:FFIC) For Its Dividend,1,neutral,1,neutral,neutral,1,0,Finistral-7B-LoRA,tfns,-11.937536239624023,6.540403319377219e-06,-3.58813522325363e-05,0.999988317489624,-12.187536239624023,5.093671461509075e-06
2219,What You Must Know About Hingham Institution for Savings's (NASDAQ:HIFS) Beta Value,1,neutral,1,neutral,neutral,1,0,Finistral-7B-LoRA,tfns,-13.31252670288086,1.653687832003925e-06,-2.634490556374658e-05,0.9999972581863403,-13.75002670288086,1.0677010777726537e-06
2220,Why value stocks surged more than growth stocks in 2019,1,neutral,2,positive,positive,0,0,Finistral-7B-LoRA,tfns,-12.937851905822754,2.406087332929019e-06,-12.000351905822754,6.14415966992965e-06,-0.0003522014303598553,0.9999914169311523
2221,"Would Xiamen International Port Co., Ltd (HKG:3378) Be Valuable To Income Investors?",1,neutral,1,neutral,neutral,1,0,Finistral-7B-LoRA,tfns,-12.875036239624023,2.56123917097284e-06,-3.671578815556131e-05,0.9999806880950928,-11.000036239624023,1.670137862674892e-05
2222,$AQST - Aquestive readies equity offering; shares down 7% after hours https://t.co/mTUhau6lCg,0,negative,0,negative,negative,1,0,Finistral-7B-LoRA,tfns,-2.777537883957848e-05,0.9999957084655762,-16.437528610229492,7.265785484378284e-08,-12.375027656555176,4.2228330130456015e-06
2223,$CBAY - CymaBat halts trial of seladelpar; shares dip 4% https://t.co/0XHQXzW5ai,0,negative,0,negative,negative,1,0,Finistral-7B-LoRA,tfns,-1.0013530300057027e-05,0.9999991655349731,-19.500009536743164,3.3982650027297723e-09,-14.062509536743164,7.811483442310418e-07
2224,$CIM (-1.8% pre) Chimera Investment (CIM) Announces Public Offering of Convertible Senior Notes - SI https://t.co/icZf07FFnY,0,negative,0,negative,negative,1,0,Finistral-7B-LoRA,tfns,-6.01988795096986e-05,0.9999772310256958,-13.562560081481934,1.2878675761385239e-06,-10.750060081481934,2.144492100342177e-05
2225,$LNN - Lindsay -2% as COVID-19 impact 'remains uncertain' https://t.co/X5HppJ6i0k,0,negative,0,negative,negative,1,0,Finistral-7B-LoRA,tfns,-7.986990567587782e-06,0.9999985694885254,-19.43750762939453,3.61743213161958e-09,-13.500007629394531,1.370957193103095e-06
2226,$MRNA - Moderna files for mixed shelf; shares down 8% after hours https://t.co/O9O0jyiytg,0,negative,0,negative,negative,1,0,Finistral-7B-LoRA,tfns,-1.4781842764932662e-05,0.9999983310699463,-17.937515258789062,1.621220135916701e-08,-13.312514305114746,1.6536896509933285e-06
2227,$TBPH - Theravance readies $150M stock offering; shares down 5% after hours https://t.co/YgYqnXrOnQ,0,negative,0,negative,negative,1,0,Finistral-7B-LoRA,tfns,-2.9205850296420977e-05,0.9999958276748657,-17.187528610229492,3.4321146813454106e-08,-12.375029563903809,4.2228334677929524e-06
2228,$UBER shares down 3.7% after company loses London licence over safety failures https://t.co/mwRK6XOrbS https://t.co/l7lFNGWDRh,0,negative,0,negative,negative,1,0,Finistral-7B-LoRA,tfns,-1.0609570381348021e-05,0.9999994039535522,-19.875011444091797,2.3355917200262866e-09,-14.25001049041748,6.475948453044111e-07
2229,$WORK - Slack -5% after statement on IBM https://t.co/L71kecX7LL,0,negative,0,negative,negative,1,0,Finistral-7B-LoRA,tfns,-1.2755313036905136e-05,0.9999961853027344,-16.37501335144043,7.734391971325749e-08,-12.500012397766113,3.726638851730968e-06
2230,Abiomed down 8% on guidance cut,0,negative,0,negative,negative,1,0,Finistral-7B-LoRA,tfns,-1.07287787614041e-05,0.9999996423721313,-20.687511444091797,1.0364128444351195e-09,-14.75001049041748,3.9278620533877984e-07
2231,Adamis Pharma -61% on FDA's Zimhi rejection,0,negative,0,negative,negative,1,0,Finistral-7B-LoRA,tfns,-1.0609570381348021e-05,0.9999991655349731,-20.875011444091797,8.592159761455775e-10,-14.06251049041748,7.811483442310418e-07
2232,Afya -3.4% on offering of class A common shares,0,negative,0,negative,negative,1,0,Finistral-7B-LoRA,tfns,-0.0002520958660170436,0.9998743534088135,-13.000251770019531,2.2600454485655064e-06,-9.000251770019531,0.00012339430395513773
2233,Akoustis down 13% on pricing equity offering,0,negative,0,negative,negative,1,0,Finistral-7B-LoRA,tfns,-3.766942609217949e-05,0.9999984502792358,-18.375038146972656,1.0467386069024087e-08,-13.37503719329834,1.5534978956566192e-06
2234,Applied Genetic Tech down 7% premarket after pricing equity offering,0,negative,0,negative,negative,1,0,Finistral-7B-LoRA,tfns,-1.3470558769768104e-05,0.9999985694885254,-20.75001335144043,9.736186301623206e-10,-13.50001335144043,1.370957193103095e-06
2235,"As Kohl's shares plunge, Cramer calls out CEO for glossing over why earnings missed estimates",0,negative,0,negative,negative,1,0,Finistral-7B-LoRA,tfns,-6.8662193370983e-05,0.9999966621398926,-19.62506866455078,2.9989508654182373e-09,-12.625068664550781,3.288748985141865e-06
2236,Athenex down 17% on oral paclitaxel data,0,negative,0,negative,negative,1,0,Finistral-7B-LoRA,tfns,-1.3470558769768104e-05,0.9999986886978149,-21.00001335144043,7.582550143325761e-10,-13.56251335144043,1.2878952020400902e-06
2237,Becton Dickinson's stock tumbles 11% premarket after Q1 results,0,negative,0,negative,negative,1,0,Finistral-7B-LoRA,tfns,-1.0609570381348021e-05,0.9999991655349731,-20.687511444091797,1.0364122893236072e-09,-14.00001049041748,8.315280410897685e-07
2238,"Becton Dickinson's stock tumbles, as lowered earnings guidance offsets profit beat",0,negative,0,negative,negative,1,0,Finistral-7B-LoRA,tfns,-1.0967194612021558e-05,0.9999988079071045,-20.062511444091797,1.9362724756888383e-09,-13.62501049041748,1.2098656725356705e-06
2239,"Becton, Dickinson slips 9% on lowered guidance",0,negative,0,negative,negative,1,0,Finistral-7B-LoRA,tfns,-1.2278481335670222e-05,0.9999994039535522,-20.687511444091797,1.0364125113682121e-09,-14.375012397766113,5.715004363082699e-07
2240,Cabot Microelectronics tanks on soft guidance,0,negative,2,positive,positive,0,0,Finistral-7B-LoRA,tfns,-10.125048637390137,4.006368908449076e-05,-17.875049591064453,1.725713794087369e-08,-4.911301948595792e-05,0.9999599456787109
2241,Checkpoint Therapeutics down 14% after hours on equity offering,0,negative,0,negative,negative,1,0,Finistral-7B-LoRA,tfns,-2.3007127310847864e-05,0.9999984502792358,-18.250022888183594,1.1861101434362809e-08,-13.375022888183594,1.5534978956566192e-06
2242,Ciena Corp. shares slide after earnings miss,0,negative,0,negative,negative,1,0,Finistral-7B-LoRA,tfns,-6.198863957251888e-06,0.9999992847442627,-20.1875057220459,1.7087551373862198e-09,-14.125005722045898,7.338210252783028e-07
2243,Ether Turns Negative For the Year as Crypto Sell-Off Accelerates,0,negative,0,negative,negative,1,0,Finistral-7B-LoRA,tfns,-1.8954096958623268e-05,0.9999982118606567,-19.375019073486328,3.85073484210352e-09,-13.250019073486328,1.760343138812459e-06
2244,GoPro's stock tumbles 13% premarket after Q4 results late Wednesday,0,negative,0,negative,negative,1,0,Finistral-7B-LoRA,tfns,-1.2516897186287679e-05,0.9999990463256836,-21.25001335144043,5.9052984724417e-10,-13.812512397766113,1.003014176603756e-06
2245,"Irish bank and real-estate stocks fall after a strong electoral showing for Sinn in, a left-wing nationalist part... https://t.co/dfReOhhlBX",0,negative,0,negative,negative,1,0,Finistral-7B-LoRA,tfns,-3.099393507000059e-05,0.9999909400939941,-16.062530517578125,1.0571605457698752e-07,-11.625030517578125,8.939695362641942e-06
2246,"JUST IN: Slack shares halted for pending news.

https://t.co/jn8limUSe7",0,negative,1,neutral,neutral,0,0,Finistral-7B-LoRA,tfns,-7.377917766571045,0.0006573321879841387,-0.06541784107685089,0.9852882027626038,-4.315417766571045,0.014054381288588047
2247,"KL, CBAY among premarket losers",0,negative,0,negative,negative,1,0,Finistral-7B-LoRA,tfns,-1.585470999998506e-05,0.999997615814209,-17.000015258789062,4.1399278671860884e-08,-12.937516212463379,2.406102339591598e-06
2248,Kohl's -11% after profit view slashed,0,negative,0,negative,negative,1,0,Finistral-7B-LoRA,tfns,-9.65590606938349e-06,0.9999997615814209,-21.562509536743164,4.3204115285355726e-10,-15.062509536743164,2.8736855028910213e-07
2249,Kohl's stock drops 10% after it cuts guidance,0,negative,0,negative,negative,1,0,Finistral-7B-LoRA,tfns,-1.0251946150674485e-05,0.9999994039535522,-20.937509536743164,8.071588952773823e-10,-14.31251049041748,6.083590733396704e-07
2250,Macy’s shares sink after date-breach reports,0,negative,0,negative,negative,1,0,Finistral-7B-LoRA,tfns,-1.8358061424805783e-05,0.9999983310699463,-19.562519073486328,3.1923719223669877e-09,-13.312518119812012,1.6536896509933285e-06
2251,Mahindra & Mahindra shares head for their steepest decline in more than a decade after surprise drop in earnings https://t.co/RyNmr09Ei7,0,negative,0,negative,negative,1,0,Finistral-7B-LoRA,tfns,-1.811964830267243e-05,0.9999994039535522,-19.437517166137695,3.617435018199444e-09,-14.312518119812012,6.083590733396704e-07
2252,Myriad Genetics slips 27% premarket after weak FQ2 and guidance cut,0,negative,0,negative,negative,1,0,Finistral-7B-LoRA,tfns,-2.0146166207268834e-05,0.9999994039535522,-21.78127098083496,3.471547216360449e-10,-14.312520027160645,6.083590733396704e-07
2253,New York Mortgage Trust sinks 2.7% after announcing capital raise,0,negative,0,negative,negative,1,0,Finistral-7B-LoRA,tfns,-1.4781842764932662e-05,0.9999958276748657,-19.375015258789062,3.850725960319323e-09,-12.375014305114746,4.2228334677929524e-06
2254,"Nio's stock falls after January deliveries decline on coronavirus, New Years holiday timing effects",0,negative,0,negative,negative,1,0,Finistral-7B-LoRA,tfns,-1.0609570381348021e-05,0.9999985694885254,-20.500011444091797,1.2501510937568128e-09,-13.50001049041748,1.370957193103095e-06
2255,Organogenesis -8.9% amid 9M-share offering,0,negative,0,negative,negative,1,0,Finistral-7B-LoRA,tfns,-1.597391747054644e-05,0.9999958276748657,-19.187515258789062,4.64486182849555e-09,-12.375016212463379,4.2228334677929524e-06
2256,PagSeguro slides 4.5% after Q3 disappoints,0,negative,0,negative,negative,1,0,Finistral-7B-LoRA,tfns,-9.059865078597795e-06,0.9999994039535522,-19.437509536743164,3.617435018199444e-09,-14.375008583068848,5.715004363082699e-07
2257,Post Holdings -4% after earnings miss,0,negative,0,negative,negative,1,0,Finistral-7B-LoRA,tfns,-1.2755313036905136e-05,0.9999995231628418,-19.12501335144043,4.944447962174081e-09,-14.687512397766113,4.1811870232777437e-07
2258,PTC Therapeutics down 6% premarket on risidplam data,0,negative,0,negative,negative,1,0,Finistral-7B-LoRA,tfns,-1.0132738680113107e-05,0.9999992847442627,-20.062509536743164,1.936273363867258e-09,-14.12501049041748,7.338210252783028e-07
2259,"QD, HEXO among premarket losers",0,negative,0,negative,negative,1,0,Finistral-7B-LoRA,tfns,-3.504691630951129e-05,0.9999966621398926,-16.93753433227539,4.406926379374454e-08,-12.625035285949707,3.288748985141865e-06
2260,Roku -5.1% after filing to offer up to 1M shares,0,negative,0,negative,negative,1,0,Finistral-7B-LoRA,tfns,-2.753696753643453e-05,0.9999938011169434,-16.75002670288086,5.315752460433032e-08,-12.000027656555176,6.144174221844878e-06
2261,Roku shares dropped after it notified users that FOX channels will be not accessible for the Super Bowl https://t.co/W8JTisSnaC,0,negative,0,negative,negative,1,0,Finistral-7B-LoRA,tfns,-2.47952248173533e-05,0.9999992847442627,-17.812524795532227,1.837084973033143e-08,-14.187524795532227,6.893610020597407e-07
2262,Roku stock falls after disclosure of shareholder resales,0,negative,0,negative,negative,1,0,Finistral-7B-LoRA,tfns,-1.1324817933200393e-05,0.9999985694885254,-21.125011444091797,6.691576737161142e-10,-13.437511444091797,1.4593763353332179e-06
2263,SES shares tumble 20% after FCC chairman voices support for public airwaves sale,0,negative,0,negative,negative,1,0,Finistral-7B-LoRA,tfns,-1.4781842764932662e-05,0.9999979734420776,-20.562515258789062,1.1744075711916935e-09,-13.125014305114746,1.9947297005273867e-06
2264,Slack shares slump as Microsoft continues to make corporate inroads,0,negative,0,negative,negative,1,0,Finistral-7B-LoRA,tfns,-2.1934269170742482e-05,0.9999988079071045,-20.56252098083496,1.1744084593701132e-09,-13.625021934509277,1.2098656725356705e-06
2265,SunPower's stock sinks after plans to sell 22 million shares to the public,0,negative,0,negative,negative,1,0,Finistral-7B-LoRA,tfns,-2.8609820219571702e-05,0.9999978542327881,-18.812528610229492,6.75824773921363e-09,-13.062528610229492,2.1233784082141938e-06
2266,"Synthetic Biologics, Inc. (SYN) Sinks -4.79% Today: Breaking Down The Root Causes - Find News",0,negative,0,negative,negative,1,0,Finistral-7B-LoRA,tfns,-5.8053239627042785e-05,0.9999918937683105,-13.6250581741333,1.2098573733965168e-06,-11.8750581741333,6.962248335184995e-06
2267,"Taco Bell, KFC parent Yum Brands' stock drops after profit misses but revenue beat",0,negative,0,negative,negative,1,0,Finistral-7B-LoRA,tfns,-0.0033489353954792023,0.996757447719574,-5.7533488273620605,0.003172460477799177,-9.565849304199219,7.008878310443833e-05
2268,Tesla -3% as China slowdown factors in,0,negative,0,negative,negative,1,0,Finistral-7B-LoRA,tfns,-8.106198947643861e-06,0.9999988079071045,-22.09375762939453,2.539836674309015e-10,-13.625007629394531,1.2098656725356705e-06
2269,Tesla falls more than 6% after Cybertruck flub—Cramer and other pros talk prospects $TSLA (via @TradingNation) https://t.co/6KwIqJa65g,0,negative,0,negative,negative,1,0,Finistral-7B-LoRA,tfns,-1.823885577323381e-05,0.9999982118606567,-20.250019073486328,1.6052250639830845e-09,-13.250018119812012,1.760343138812459e-06
2270,"Tesla's stock falls again, extends pullback to 22%",0,negative,0,negative,negative,1,0,Finistral-7B-LoRA,tfns,-4.2914423829643056e-05,0.9999986886978149,-18.937541961669922,5.964137628211574e-09,-13.562542915344238,1.2878952020400902e-06
2271,"Twilio Crushes Q4 Expectations, Shares Fall 7% on Modest Bottom-Line Guidance",0,negative,0,negative,negative,1,0,Finistral-7B-LoRA,tfns,-0.03649877384305,0.9651172161102295,-3.536498785018921,0.029144015163183212,-5.161498546600342,0.005738796666264534
2272,"Tyson Foods -4% after chicken, beef sales disappoint",0,negative,0,negative,negative,1,0,Finistral-7B-LoRA,tfns,-1.0132738680113107e-05,0.9999991655349731,-19.750009536743164,2.6465716285173357e-09,-14.06251049041748,7.811483442310418e-07
2273,"Uber's $UBER share price is down approximately 29% since its IPO in May 2019, while the S&P 500 is up nearly 8% dur… https://t.co/V7eqP2opTW",0,negative,0,negative,negative,1,0,Finistral-7B-LoRA,tfns,-4.0649541915627196e-05,0.9999809265136719,-11.000041007995605,1.6701382264727727e-05,-12.937541007995605,2.4060620944510447e-06
2274,Varonis -6% on wider-than-expected loss forecast,0,negative,0,negative,negative,1,0,Finistral-7B-LoRA,tfns,-1.2755313036905136e-05,0.9999990463256836,-19.62501335144043,2.998957970845595e-09,-13.875012397766113,9.422445828022319e-07
2275,Woodward ~6% post Q4 earnings miss,0,negative,0,negative,negative,1,0,Finistral-7B-LoRA,tfns,-1.8000440832111053e-05,0.999998927116394,-17.187517166137695,3.432125339486447e-08,-13.750018119812012,1.0677028967620572e-06
2276,WWE -3.1% amid two-notch cut at Wells Fargo,0,negative,0,negative,negative,1,0,Finistral-7B-LoRA,tfns,-1.1205610462639015e-05,0.9999974966049194,-18.812511444091797,6.7582455187675805e-09,-12.875011444091797,2.561282371971174e-06
2277,WWE Plunges After Sales Forecast Uncovers Dismal Fan Engagement,0,negative,0,negative,negative,1,0,Finistral-7B-LoRA,tfns,-2.5510462364763953e-05,0.9999974966049194,-20.187524795532227,1.7087520287617508e-09,-12.875025749206543,2.561282371971174e-06
2278,"Zoom shares slip over security concerns, rising competition https://t.co/9LgzbL552F https://t.co/VSENzzofYP",0,negative,0,negative,negative,1,0,Finistral-7B-LoRA,tfns,-3.731181277544238e-05,0.9999983310699463,-17.500038146972656,2.5109947898727114e-08,-13.31253719329834,1.6536896509933285e-06
2279,"Zoom shares slip over security concerns, rising competition https://t.co/u0l97LVQDa https://t.co/dcVT5Zzh2L",0,negative,0,negative,negative,1,0,Finistral-7B-LoRA,tfns,-4.756337511935271e-05,0.9999982118606567,-17.18754768371582,3.432122852586872e-08,-13.25004768371582,1.760343138812459e-06
2280,$AAPL (+0.2% pre) Apple to expand operations in India: IT minister https://t.co/1DmAytdTR0,2,positive,2,positive,positive,1,0,Finistral-7B-LoRA,tfns,-15.625001907348633,1.6373769540223293e-07,-19.000001907348633,5.602795560832874e-09,-2.3841830625315197e-06,0.9999998807907104
2281,"$AAXN gapped up on earnings, up 24.57% on 6x average volume. It cleared the top of its earnings gap up at 71. On wa… https://t.co/1e7NB4TsUa",2,positive,2,positive,positive,1,0,Finistral-7B-LoRA,tfns,-15.000000953674316,3.0590220490012143e-07,-19.375001907348633,3.850740615263248e-09,-1.1920922133867862e-06,0.9999996423721313
2282,$AVDL (+2.7% pre) Avadel Pharmaceuticals Achieves Enrollment Target in REST-ON Phase 3 Pivotal Trial of FT218 for E… https://t.co/sz4WqZbAac,2,positive,2,positive,positive,1,0,Finistral-7B-LoRA,tfns,-13.625008583068848,1.2098656725356705e-06,-16.937509536743164,4.406935616430019e-08,-8.940656698541716e-06,0.9999988079071045
2283,$BXRX - Baudax Bio +7% premarket on Anjeso launch in U.S. https://t.co/2hI5uKFCHw,2,positive,2,positive,positive,1,0,Finistral-7B-LoRA,tfns,-15.312503814697266,2.238028713463791e-07,-20.125003814697266,1.818961203881031e-09,-3.814689989667386e-06,0.9999997615814209
2284,$CANF (+20.3% pre) Can-Fite BioPharma (CANF) Announces Positive Top Line Results from its Phase II NASH Study with… https://t.co/HLKZq00QPy,2,positive,2,positive,positive,1,0,Finistral-7B-LoRA,tfns,-15.000001907348633,3.0590220490012143e-07,-19.812501907348633,2.4862247816059835e-09,-1.6689286894688848e-06,0.9999996423721313
2285,$CC $MMM $DD - PFAS chemical makers climb as Congress makes no decision https://t.co/cthudaPdFL,2,positive,2,positive,positive,1,0,Finistral-7B-LoRA,tfns,-8.375314712524414,0.00023050548043102026,-12.125314712524414,5.420969500846695e-06,-0.0003147821989841759,0.9997641444206238
2286,$CGC - Canopy Growth +4% premarket on new cannabis license for Smiths Falls facility https://t.co/FYvMKq9dAf,2,positive,2,positive,positive,1,0,Finistral-7B-LoRA,tfns,-15.687505722045898,1.5381733931008057e-07,-20.0000057220459,2.06115324807854e-09,-6.079655122448457e-06,0.9999998807907104
2287,$DPW (+90.0% pre) DPW Holdings Announces That Its Coolisys Power Electronics Business Sees Increased Offshore Manuf… https://t.co/DwW8Lz0dDd,2,positive,2,positive,positive,1,0,Finistral-7B-LoRA,tfns,-14.250003814697266,6.475948453044111e-07,-16.875003814697266,4.691161592518256e-08,-4.291525328881107e-06,0.9999994039535522
2288,$ENOB (+17.5% pre) Enochian Biosciences (ENOB) Expands Infectious Disease Pipeline by Entering Pact to Acquire Excl… https://t.co/NP7PYIkHtt,2,positive,2,positive,positive,1,0,Finistral-7B-LoRA,tfns,-13.875003814697266,9.422445828022319e-07,-18.812503814697266,6.758255732819407e-09,-3.814689989667386e-06,0.9999990463256836
2289,"$HCHC (+5.7% pre) HC2 Holdings (HCHC) in Advanced Discussions to Sell Continental Insurance, Retains Advisor to Exp… https://t.co/a36tqbUnUy",2,positive,2,positive,positive,1,0,Finistral-7B-LoRA,tfns,-14.000003814697266,8.315280410897685e-07,-19.312503814697266,4.0990899563553285e-09,-3.6954811548639555e-06,0.9999991655349731
2290,$ICPT - FDA OKs Intercept’s NDA for obeticholic acid; shares up 5% premarket https://t.co/VgfLhFDoWm,2,positive,2,positive,positive,1,0,Finistral-7B-LoRA,tfns,-15.81250286102295,1.3574332058396976e-07,-20.312501907348633,1.507971969516575e-09,-2.7418097943154862e-06,0.9999998807907104
2291,"$JAN (+92.2% pre) JanOne entered into a Patent and Know How License Agreement with UAB Research Foundation, TheraVa… https://t.co/lNeVmJnG1c",2,positive,2,positive,positive,1,0,Finistral-7B-LoRA,tfns,-14.187507629394531,6.893610020597407e-07,-18.56250762939453,8.677774943066652e-09,-7.748573807475623e-06,0.9999992847442627
2292,"$JKHY day highs and clearing resistance, name not far from its record highs",2,positive,2,positive,positive,1,0,Finistral-7B-LoRA,tfns,-16.437501907348633,7.265816037715922e-08,-21.687501907348633,3.812750393183961e-10,-1.7881377516459906e-06,0.9999998807907104
2293,$KOD $REGN - Kodiak Sciences up 9% on positive early-stage KSI-301 data https://t.co/Dixe4svpxG,2,positive,2,positive,positive,1,0,Finistral-7B-LoRA,tfns,-15.12501049041748,2.6995778057425923e-07,-18.687511444091797,7.658113254649379e-09,-1.07287787614041e-05,0.9999997615814209
2294,"$LIVX (+16.8% pre) LiveXLive Media (LIVX), Samsung Announce Production And Distribution Partnership - SI - SI https://t.co/us7jsZ5apN",2,positive,2,positive,positive,1,0,Finistral-7B-LoRA,tfns,-15.312518119812012,2.238028713463791e-07,-18.250019073486328,1.1861117421574363e-08,-1.847726889536716e-05,0.9999997615814209
2295,$LMNX - Luminex Q1 revenue tops guidance; shares up 7% after hours https://t.co/plWYnRO6A1,2,positive,2,positive,positive,1,0,Finistral-7B-LoRA,tfns,-14.625006675720215,4.450850212833757e-07,-18.25000762939453,1.1861114757039104e-08,-7.033323527139146e-06,0.9999995231628418
2296,"$M (+11.7% pre) Macy's finance chief Paula Price to step down in May - SI

https://t.co/qKgwR2a9Ft",2,positive,2,positive,positive,1,0,Finistral-7B-LoRA,tfns,-10.50007438659668,2.7535692424862646e-05,-18.50007438659668,9.237195897071615e-09,-7.402622577501461e-05,0.9999724626541138
2297,"$MGI (+4.2% pre) Ripple Makes Investment in MoneyGram Equity to Complete Original Investment Commitment, Expansion… https://t.co/CbJ8u15z83",2,positive,2,positive,positive,1,0,Finistral-7B-LoRA,tfns,-14.437512397766113,5.368748929868161e-07,-16.312511444091797,8.233243420363578e-08,-1.2159273865108844e-05,0.9999992847442627
2298,$MTH - Meritage Homes 1Q20 orders rise 23% Y/Y; shares up ~20% https://t.co/wByVa9hi30,2,positive,2,positive,positive,1,0,Finistral-7B-LoRA,tfns,-14.500012397766113,5.043474402555148e-07,-18.062511444091797,1.4307234508237343e-08,-1.2397689715726301e-05,0.9999995231628418
2299,$NSPR - InspireMD chief to step down; shares up 3% https://t.co/nw4ii9SQFu,2,positive,2,positive,positive,1,0,Finistral-7B-LoRA,tfns,-12.687557220458984,3.089493930019671e-06,-16.062557220458984,1.0571667274916763e-07,-5.686121585313231e-05,0.9999967813491821
2300,$NTLA $EDIT $CRSP - Intellia up 5% on new data from CRSPR/Cas9 programs https://t.co/We4Yiy0bs8,2,positive,2,positive,positive,1,0,Finistral-7B-LoRA,tfns,-15.375012397766113,2.1024332852448424e-07,-17.12501335144043,3.653481428500527e-08,-1.2874520507466514e-05,0.9999997615814209
2301,$NVCR shows institutional accumulation with blue skyscraper last week and closing near highs. Forms a cup base with… https://t.co/s6fdABDVVW,2,positive,2,positive,positive,1,0,Finistral-7B-LoRA,tfns,-14.437505722045898,5.368748361433973e-07,-15.437505722045898,1.975052157376922e-07,-5.364403477869928e-06,0.9999991655349731
2302,$ONVO - Organovo stockholders nix Tarveda merger; shares up 2% after hours https://t.co/3tGA8kVpl2,2,positive,2,positive,positive,1,0,Finistral-7B-LoRA,tfns,-12.062519073486328,5.771919404651271e-06,-16.000019073486328,1.1253451503989709e-07,-1.9550132492440753e-05,0.999994158744812
2303,$PACD Added + shares on pullback. BORR +130% they will find this sympathy play very soon. Money will flow into this… https://t.co/0PTZlnV1ps,2,positive,2,positive,positive,1,0,Finistral-7B-LoRA,tfns,-12.750008583068848,2.902311962316162e-06,-15.750008583068848,1.4449760499246622e-07,-8.702239938429557e-06,0.9999970197677612
2304,"$PSTI (+56.3% pre) Pluristem Reports Preliminary Data from its COVID-19 Compassionate Use Program, Treating Seven P… https://t.co/hke1zV8mkt",2,positive,2,positive,positive,1,0,Finistral-7B-LoRA,tfns,-14.812503814697266,3.689884806590271e-07,-18.437503814697266,9.833210690146643e-09,-4.291525328881107e-06,0.9999996423721313
2305,$SRNE (+36.3% pre) Sorrento Therapeutics shares soar 25% after it rejects offer from two companies - MW https://t.co/5WB1nxwKVn,2,positive,2,positive,positive,1,0,Finistral-7B-LoRA,tfns,-11.875012397766113,6.962256520637311e-06,-17.437511444091797,2.6729262359026507e-08,-1.2278481335670222e-05,0.999993085861206
2306,"$SSL $CHMI $CANF - RTX, SKT among premarket gainers https://t.co/YC36Ef6fZt",2,positive,2,positive,positive,1,0,Finistral-7B-LoRA,tfns,-13.625006675720215,1.2098656725356705e-06,-16.75000762939453,5.315779105785623e-08,-6.9141146923357155e-06,0.9999988079071045
2307,"$STZ (+4.9% pre) UBS Upgrades Constellation Brands (STZ) to Buy, $180 PT

https://t.co/y3Tfnn7kfo",2,positive,2,positive,positive,1,0,Finistral-7B-LoRA,tfns,-14.312504768371582,6.083590733396704e-07,-18.6875057220459,7.65811059011412e-09,-5.245195097813848e-06,0.9999994039535522
2308,"$TIF (+5.6% pre) LVMH aims to restore Tiffany's sparkle with $16.2 billion takeover - Reuters

https://t.co/6rlL3xPZWj",2,positive,2,positive,positive,1,0,Finistral-7B-LoRA,tfns,-14.812525749206543,3.689884806590271e-07,-19.562524795532227,3.1923761412144813e-09,-2.5748875486897305e-05,0.9999996423721313
2309,$TSLA +7% in pm (BLOG IDEA). Breaking out of the bullish flag that i mentioned several times last week.,2,positive,2,positive,positive,1,0,Finistral-7B-LoRA,tfns,-15.250004768371582,2.3823690753488336e-07,-21.2812557220459,5.723616025576916e-10,-5.245195097813848e-06,0.9999997615814209
2310,"$VRNS (+0.0% pre) Varonis Systems reports preliminary Q1 - SA

https://t.co/ORtdEEogHg",2,positive,2,positive,positive,1,0,Finistral-7B-LoRA,tfns,-13.500009536743164,1.370957193103095e-06,-17.812509536743164,1.8370835519476714e-08,-9.65590606938349e-06,0.9999985694885254
2311,"$XOM (+5.8% pre) Exxon cuts full-year capex forecast by 30%, maintains long-term outlook - SA

https://t.co/zXwoE1Emyq",2,positive,2,positive,positive,1,0,Finistral-7B-LoRA,tfns,-2.8120803833007812,0.06008650362491608,-12.937080383300781,2.407383817626396e-06,-0.06208032742142677,0.9399111270904541
2312,$ZIOP (+6.4% pre) Ziopharm Oncology Presents Encouraging Clinical Data for Controlled IL-12 for the Treatment of Re… https://t.co/F5WFn7CrP6,2,positive,2,positive,positive,1,0,Finistral-7B-LoRA,tfns,-14.06250286102295,7.811483442310418e-07,-18.187503814697266,1.2626086842715267e-08,-2.9802276912960224e-06,0.9999991655349731
2313,"$ZS (+3.6% pre) BofA/Merrill Lynch Upgrades Zscaler (ZS) to Buy; Cyber Security Opportunity Too Big to Ignore, $68… https://t.co/CJBmEfW5tG",2,positive,2,positive,positive,1,0,Finistral-7B-LoRA,tfns,-14.250003814697266,6.475948453044111e-07,-17.750003814697266,1.955566908407036e-08,-4.291525328881107e-06,0.9999994039535522
2314,AbbVie stock jumps 2.6% premarket,2,positive,2,positive,positive,1,0,Finistral-7B-LoRA,tfns,-16.437503814697266,7.265816037715922e-08,-23.000003814697266,1.0261878152784121e-10,-3.576272320060525e-06,0.9999998807907104
2315,AIA's announcement of a new CEO sends shares higher in Hong Kong https://t.co/vVmrVJVl90 https://t.co/6sb0BnZHx6,2,positive,2,positive,positive,1,0,Finistral-7B-LoRA,tfns,-14.625012397766113,4.450849644399568e-07,-15.812512397766113,1.3574324952969619e-07,-1.2040065485052764e-05,0.9999994039535522
2316,AMC Entertainment rallies after big Frozen 2 weekend,2,positive,2,positive,positive,1,0,Finistral-7B-LoRA,tfns,-15.37501049041748,2.1024332852448424e-07,-21.000011444091797,7.582558469998446e-10,-1.0967194612021558e-05,0.9999997615814209
2317,"ArcelorMittal shares surge on higher operating profit, dividend than expected",2,positive,2,positive,positive,1,0,Finistral-7B-LoRA,tfns,-16.06250762939453,1.0571699959882608e-07,-20.81250762939453,9.146312041075078e-10,-7.510157047363464e-06,0.9999998807907104
2318,Argo Group gains 2.2% after moving to refresh board,2,positive,2,positive,positive,1,0,Finistral-7B-LoRA,tfns,-15.125077247619629,2.6995778057425923e-07,-18.812578201293945,6.758260617800715e-09,-7.73638384998776e-05,0.9999997615814209
2319,Athenex up 28% on expected positive data on oral paclitaxel,2,positive,2,positive,positive,1,0,Finistral-7B-LoRA,tfns,-17.3750057220459,2.8453348122070565e-08,-22.2812557220459,2.105601110136135e-10,-5.006777428206988e-06,1.0
2320,Aurora beefs up leadership team; shares up 3% premarket,2,positive,2,positive,positive,1,0,Finistral-7B-LoRA,tfns,-16.312524795532227,8.233248394162729e-08,-20.375024795532227,1.4166084971733994e-09,-2.5629668016335927e-05,0.9999998807907104
2321,Bill.com +72% in trading debut,2,positive,2,positive,positive,1,0,Finistral-7B-LoRA,tfns,-15.375054359436035,2.1024332852448424e-07,-18.43755340576172,9.833211578325063e-09,-5.400034933700226e-05,0.9999997615814209
2322,BioLineRx reports data on triple combination arm of COMBAT/KEYNOTE-202 study; shares up 21% premarket,2,positive,2,positive,positive,1,0,Finistral-7B-LoRA,tfns,-15.750015258789062,1.4449801710725296e-07,-20.812515258789062,9.146312041075078e-10,-1.5616295058862306e-05,0.9999998807907104
2323,Brazil broker XP surges in debut after $1.96 billion U.S. IPO https://t.co/JCpfrpsjX4 via @business https://t.co/WTr4j8LUbO,2,positive,2,positive,positive,1,0,Finistral-7B-LoRA,tfns,-14.375009536743164,5.715004363082699e-07,-17.875009536743164,1.725781828554318e-08,-9.179073458653875e-06,0.9999994039535522
2324,Bristol-Myers +3% premarket on Q4 beat,2,positive,2,positive,positive,1,0,Finistral-7B-LoRA,tfns,-15.687504768371582,1.5381733931008057e-07,-22.375003814697266,1.9171712828391918e-10,-4.410734163684538e-06,0.9999998807907104
2325,Canopy Growth +4% premarket on new cannabis license for Smiths Falls facility,2,positive,2,positive,positive,1,0,Finistral-7B-LoRA,tfns,-16.37500762939453,7.734421103577915e-08,-22.65625762939453,1.447156838807473e-10,-8.22540732769994e-06,0.9999998807907104
2326,Carnival's stock soars after Saudi sovereign wealth fund takes stake in the crippled cruise company https://t.co/IFYPXCDpja,2,positive,2,positive,positive,1,0,Finistral-7B-LoRA,tfns,-16.0625057220459,1.0571699959882608e-07,-19.6250057220459,2.998960413336249e-09,-5.483612312673358e-06,0.9999998807907104
2327,Co-Diagnostics up 36% on coronavirus test sales,2,positive,2,positive,positive,1,0,Finistral-7B-LoRA,tfns,-17.06250762939453,3.889111610533291e-08,-20.68750762939453,1.0364131775020269e-09,-7.629365427419543e-06,1.0
2328,Eidos up 13% on sustained benefit of AG10 in ATTR-CM,2,positive,2,positive,positive,1,0,Finistral-7B-LoRA,tfns,-16.312509536743164,8.233248394162729e-08,-21.750009536743164,3.5817473986732296e-10,-9.298280929215252e-06,0.9999998807907104
2329,Endonovo up 35% on SofPulse collaboration,2,positive,2,positive,positive,1,0,Finistral-7B-LoRA,tfns,-16.81250762939453,4.993718150103632e-08,-20.00000762939453,2.061153470123145e-09,-7.510157047363464e-06,1.0
2330,Extreme Networks stock up 2.6% premarket,2,positive,2,positive,positive,1,0,Finistral-7B-LoRA,tfns,-16.375001907348633,7.734421103577915e-08,-21.312501907348633,5.547519110749022e-10,-2.50339189733495e-06,0.9999998807907104
2331,"Gap ticks higher despite lowered full-year comps, which point to a bah humbug holiday quarter https://t.co/M4f8u4Zza2 $GPS",2,positive,0,negative,negative,0,0,Finistral-7B-LoRA,tfns,-0.048677943646907806,0.9525735974311829,-14.298678398132324,6.168821187202411e-07,-3.048677921295166,0.04742584750056267
2332,Intelsat +10%; Height expects C-band payout to rise,2,positive,2,positive,positive,1,0,Finistral-7B-LoRA,tfns,-15.875011444091797,1.2751904421293148e-07,-20.625011444091797,1.1032559310564238e-09,-1.1801649634435307e-05,0.9999998807907104
2333,"Intelsat's stock bounces 6.6% premarket, after plummeting 55% over the past 2 days to 19-mo. low",2,positive,2,positive,positive,1,0,Finistral-7B-LoRA,tfns,-13.125005722045898,1.9947297005273867e-06,-19.7500057220459,2.6465685198928668e-09,-6.198863957251888e-06,0.9999979734420776
2334,Kodiak Sciences up 9% on positive early-stage KSI-301 data,2,positive,2,positive,positive,1,0,Finistral-7B-LoRA,tfns,-16.812515258789062,4.993718150103632e-08,-20.312515258789062,1.50797219156118e-09,-1.5020257706055418e-05,1.0
2335,LiveXLive +23% on Samsung tie-up,2,positive,2,positive,positive,1,0,Finistral-7B-LoRA,tfns,-15.937508583068848,1.1979305725162703e-07,-20.00000762939453,2.06115324807854e-09,-8.22540732769994e-06,0.9999998807907104
2336,"Marriott Up Over 14%, on Pace for Largest Percent Increase Since December 2008 -- Data Tal...… https://t.co/WMIRbwXDRt",2,positive,2,positive,positive,1,0,Finistral-7B-LoRA,tfns,-14.75002384185791,3.9278620533877984e-07,-17.125022888183594,3.653480717957791e-08,-2.3483953555114567e-05,0.9999996423721313
2337,"Medtronic's stock surges after earnings rise above expectations, and outlook raised",2,positive,2,positive,positive,1,0,Finistral-7B-LoRA,tfns,-16.125003814697266,9.931193289958173e-08,-19.750003814697266,2.64657362691878e-09,-3.099436753473128e-06,0.9999998807907104
2338,National Oilwell Varco +10% after Q4 results,2,positive,2,positive,positive,1,0,Finistral-7B-LoRA,tfns,-13.875016212463379,9.422442417417187e-07,-14.812516212463379,3.6898813959851395e-07,-1.6569954823353328e-05,0.9999986886978149
2339,Nio Shares Continue Higher Despite Predictions Of Record Plunge In Chinese Auto Sales,2,positive,2,positive,positive,1,0,Finistral-7B-LoRA,tfns,-7.68812370300293,0.0004582893452607095,-9.87562370300293,5.141863948665559e-05,-0.0006237468332983553,0.9994902610778809
2340,One Medical parent 1Life Healthcare stock soars 38% in early debut trading https://t.co/dRNcVEH6ob,2,positive,2,positive,positive,1,0,Finistral-7B-LoRA,tfns,-15.125022888183594,2.699577521525498e-07,-16.437522888183594,7.265813906087715e-08,-2.312633478140924e-05,0.9999996423721313
2341,Qiagen shares surge as diagnostics group says open to takeover talks,2,positive,2,positive,positive,1,0,Finistral-7B-LoRA,tfns,-16.875017166137695,4.691164434689199e-08,-21.250017166137695,5.905304023556823e-10,-1.645074735279195e-05,1.0
2342,RealNetworks CEO Rob Glaser to invest into the Company; shares +12%,2,positive,2,positive,positive,1,0,Finistral-7B-LoRA,tfns,-15.750005722045898,1.4449801710725296e-07,-19.8750057220459,2.335592830249311e-09,-5.960446742392378e-06,0.9999998807907104
2343,Sanofi Q4 top-line up 7%; shares up 3% premarket,2,positive,2,positive,positive,1,0,Finistral-7B-LoRA,tfns,-15.312524795532227,2.238028713463791e-07,-20.875024795532227,8.592164757459386e-10,-2.52720492426306e-05,0.9999997615814209
2344,ServiceNow stock up 4% on news it is joining the S&P 500,2,positive,2,positive,positive,1,0,Finistral-7B-LoRA,tfns,-16.375019073486328,7.734421103577915e-08,-20.875019073486328,8.592165867682411e-10,-1.9550132492440753e-05,0.9999998807907104
2345,Shares of SoftBank-backed OneConnect rise 5% in U.S. market debut,2,positive,2,positive,positive,1,0,Finistral-7B-LoRA,tfns,-16.06254768371582,1.0571699959882608e-07,-17.31254768371582,3.028842598951087e-08,-4.756337511935271e-05,0.9999998807907104
2346,Splunk boosted on FCF potential; shares +3.4%,2,positive,2,positive,positive,1,0,Finistral-7B-LoRA,tfns,-15.625009536743164,1.6373769540223293e-07,-20.437509536743164,1.330780596831005e-09,-9.298280929215252e-06,0.9999998807907104
2347,Splunk sees its biggest surge in a year after reporting strong third-quarter sales. Bloomberg's Taylor Riggs… https://t.co/oAFf2pMKTX,2,positive,2,positive,positive,1,0,Finistral-7B-LoRA,tfns,-15.312505722045898,2.2380284292466968e-07,-16.3750057220459,7.734418971949708e-08,-5.483612312673358e-06,0.9999996423721313
2348,Starbucks climbs as Pershing reinvests with $720 million stake https://t.co/AZQ6aJrAQM,2,positive,2,positive,positive,1,0,Finistral-7B-LoRA,tfns,-14.937514305114746,3.2563119134465524e-07,-16.000015258789062,1.1253511900122248e-07,-1.4781842764932662e-05,0.9999995231628418
2349,Stock Market Update: Amazon and Microsoft hit new highs,2,positive,2,positive,positive,1,0,Finistral-7B-LoRA,tfns,-17.062511444091797,3.889111610533291e-08,-18.312511444091797,1.1142490485838152e-08,-1.0609570381348021e-05,1.0
2350,"Tesla Tops $900 in Parabolic Surge, Spurring Analyst Downgrade",2,positive,0,negative,negative,0,0,Finistral-7B-LoRA,tfns,-0.21177884936332703,0.8172483444213867,-7.83677864074707,0.00039889506297186017,-1.7117788791656494,0.18235275149345398
2351,"Tesla's stock ticks up after Deutsche Bank lifts price target, which implies an 18% decline",2,positive,2,positive,positive,1,0,Finistral-7B-LoRA,tfns,-9.875066757202148,5.144210808794014e-05,-13.125066757202148,1.9946269276260864e-06,-6.639736966462806e-05,0.9999464750289917
2352,Transocean up 4% on new $91M contract,2,positive,2,positive,positive,1,0,Finistral-7B-LoRA,tfns,-16.375024795532227,7.734421103577915e-08,-21.250024795532227,5.905303468445311e-10,-2.5152843591058627e-05,0.9999998807907104
2353,Trevena refiles U.S. application for IV oliceridine; shares up 6%,2,positive,2,positive,positive,1,0,Finistral-7B-LoRA,tfns,-16.43750762939453,7.265816037715922e-08,-20.18750762939453,1.708756136586942e-09,-8.22540732769994e-06,0.9999998807907104
2354,Unisys's stock soars 16% premarket after sale of U.S. Federal business for $1.2 bln,2,positive,2,positive,positive,1,0,Finistral-7B-LoRA,tfns,-16.437503814697266,7.265816037715922e-08,-21.718753814697266,3.6954445059578234e-10,-3.814689989667386e-06,0.9999998807907104
2355,Wayfair soared as much as 51% after the online home-goods retailer said first-quarter net revenue growth would at l… https://t.co/aGZUiKSDvu,2,positive,2,positive,positive,1,0,Finistral-7B-LoRA,tfns,-14.937501907348633,3.2563121976636467e-07,-18.187501907348633,1.2626093059964205e-08,-2.264974000354414e-06,0.9999996423721313
2356,$SCANX: Today's biggest % gainers/losers https://t.co/DmtfA3iwPi,1,neutral,1,neutral,neutral,1,0,Finistral-7B-LoRA,tfns,-11.750025749206543,7.889159860496875e-06,-2.5987286790041253e-05,0.9999791383743286,-11.250025749206543,1.3007026609557215e-05
2357,"$SUMRX: Gapping up/down: ABB +4%, MCHP +3%, NVO +3%, HUM +2% and CMG +1.6% after earnings, RDS.A +2% and TOL +2%... https://t.co/P30bZdswdX",1,neutral,2,positive,positive,0,0,Finistral-7B-LoRA,tfns,-9.136092185974121,0.00010783979814732447,-4.636092662811279,0.009707429446280003,-0.01109242532402277,0.9901846647262573
2358,"$SUMRX: Gapping up/down: DOCU +10.5%, ULTA +9%, AOBC +7%, BIG +7%, CLDR +6.5% and CRWD +5% after earnings, TTD +5%.… https://t.co/a5vlQXPdji",1,neutral,2,positive,positive,0,0,Finistral-7B-LoRA,tfns,-8.952221870422363,0.00012950475502293557,-4.264721393585205,0.014061805792152882,-0.014721456915140152,0.9858086705207825
2359,Darling Ingredients and Vertex Energy among industrial gainers; DMC Global tops losers,1,neutral,1,neutral,neutral,1,0,Finistral-7B-LoRA,tfns,-10.312625885009766,3.321373151266016e-05,-0.00012611546844709665,0.9999529123306274,-11.187625885009766,1.3845544344803784e-05
2360,Dixie Group leads industrial gainers; Ballard Power Systems among the losers,1,neutral,1,neutral,neutral,1,0,Finistral-7B-LoRA,tfns,-9.875240325927734,5.144096940057352e-05,-0.00023993951617740095,0.9999243021011353,-10.625240325927734,2.4298991775140166e-05
2361,Forescout shares halted for the news,1,neutral,1,neutral,neutral,1,0,Finistral-7B-LoRA,tfns,-4.960403919219971,0.0070816101506352425,-0.7104039788246155,0.4964592158794403,-0.7104039788246155,0.4964592158794403
2362,Iconix Brand leads consumer gainers; Pitney Bowes leads the losers,1,neutral,1,neutral,neutral,1,0,Finistral-7B-LoRA,tfns,-10.06316089630127,4.264595918357372e-05,-0.0006605588714592159,0.9999220371246338,-10.25066089630127,3.5354743886273354e-05
2363,Lithium Americas and Gulf Resources among Energy/Materials gainers; ION Geophysical and Contura Energy among losers,1,neutral,1,neutral,neutral,1,0,Finistral-7B-LoRA,tfns,-9.250147819519043,9.610130655346438e-05,-0.00014768941036891192,0.9998923540115356,-11.375147819519043,1.1477664884296246e-05
2364,Marvell Technology (MRVL) Gains As Market Dips: What You Should Know - Nasdaq,1,neutral,2,positive,positive,0,0,Finistral-7B-LoRA,tfns,-10.250078201293945,3.535624637152068e-05,-15.812578201293945,1.3573851731507602e-07,-7.83174327807501e-05,0.9999644756317139
2365,Peloton Interactive among consumer gainers; Pyxus International among losers,1,neutral,1,neutral,neutral,1,0,Finistral-7B-LoRA,tfns,-9.5004301071167,7.484472735086456e-05,-0.0004300146538298577,0.999904990196228,-10.8129301071167,2.014418350881897e-05
2366,Sarepta Therapeutics leads healthcare gainers; OncoSec Medical among losers,1,neutral,1,neutral,neutral,1,0,Finistral-7B-LoRA,tfns,-10.312670707702637,3.3212687412742525e-05,-0.00017093151109293103,0.999921441078186,-10.000170707702637,4.539636574918404e-05
2367,Stabilis Energy and Yuma Energy among Energy/Materials gainers; Trilogy Metals  and Range Resources among losers,1,neutral,1,neutral,neutral,1,0,Finistral-7B-LoRA,tfns,-9.312638282775879,9.027888881973922e-05,-0.00013863079948350787,0.999893069267273,-11.000138282775879,1.6699914340279065e-05
2368,"Stocks making the biggest moves midday: TD Ameritrade, Tiffany, Uber, Hasbro & more https://t.co/gJM9nLZlzL",1,neutral,1,neutral,neutral,1,0,Finistral-7B-LoRA,tfns,-10.562715530395508,2.5866802388918586e-05,-0.00021562635083682835,0.9999498128890991,-10.625215530395508,2.4299612050526775e-05
2369,"Stocks making the biggest moves premarket: Fitbit, Xerox, Ford, Five Below, TripAdvisor & more",1,neutral,1,neutral,neutral,1,0,Finistral-7B-LoRA,tfns,-11.187545776367188,1.3845929061062634e-05,-4.5536911784438416e-05,0.9999806880950928,-12.125045776367188,5.422143658506684e-06
2370,"Stocks making the biggest moves premarket: Home Depot, Kohl's, Disney, Broadcom & more",1,neutral,1,neutral,neutral,1,0,Finistral-7B-LoRA,tfns,-11.37505054473877,1.147863622463774e-05,-5.066266385256313e-05,0.9999769926071167,-11.37505054473877,1.147863622463774e-05
2371,"Stocks making the biggest moves premarket: TD Ameritrade, Charles Schwab, Tesla & more https://t.co/gvK766Jmmm",1,neutral,1,neutral,neutral,1,0,Finistral-7B-LoRA,tfns,-9.813562393188477,5.475380748976022e-05,-0.0010620674584060907,0.9998363256454468,-9.126062393188477,0.00010889094846788794
2372,"TCO, NNVC, GPOR and JE among midday movers",1,neutral,1,neutral,neutral,1,0,Finistral-7B-LoRA,tfns,-7.6265950202941895,0.0004874129081144929,-0.0015949398512020707,0.9986019730567932,-7.0015950202941895,0.0009106071083806455
