index,sentence,gold_id,gold_label,pred_id,pred_label,raw_output,correct,unparseable,model,dataset,logprob_negative,score_negative,logprob_neutral,score_neutral,logprob_positive,score_positive
0,"The e-commerce site and flagship will be managed by Marimekko North America Retail LLC , a subsidiary established in the U.S. last year .",1,neutral,1,neutral,neutral,1,0,Finistral-7B-LoRA,fpb_decontam,-16.125009536743164,9.931192579415438e-08,-9.417489309271332e-06,0.9999997615814209,-15.812509536743164,1.3574330637311505e-07
1,"The Costanza light , with an aluminum base and washable shade , comes in white , pistachio , orange , blue and red .",1,neutral,1,neutral,neutral,1,0,Finistral-7B-LoRA,fpb_decontam,-15.937515258789062,1.197930288299176e-07,-1.549708758830093e-05,0.9999996423721313,-15.062515258789062,2.8736849344568327e-07
2,The fair value of the company 's investment properties went down to EUR2 .769 bn at the end of September 2009 from EUR2 .878 bn a year earlier .,0,negative,0,negative,negative,1,0,Finistral-7B-LoRA,fpb_decontam,-6.651657167822123e-05,0.999995231628418,-12.750066757202148,2.9023067327216268e-06,-13.187566757202148,1.873869905466563e-06
3,"HELSINKI ( AFX ) - Shares closed higher , led by Nokia after it announced plans to team up with Sanyo to manufacture 3G handsets , and by Nokian Tyres after its fourth-quarter earnings report beat analysts ' expectations , dealers said .",2,positive,2,positive,positive,1,0,Finistral-7B-LoRA,fpb_decontam,-12.125113487243652,5.4219572120928206e-06,-9.937613487243652,4.8325382522307336e-05,-0.00011312322021694854,0.9999463558197021
4,Electronic versions require 24-48 hours as each copy is customized to the client with digital controls and custom watermarks .,1,neutral,1,neutral,neutral,1,0,Finistral-7B-LoRA,fpb_decontam,-15.312517166137695,2.2380284292466968e-07,-1.7165990357170813e-05,0.9999996423721313,-15.750017166137695,1.4449797447468882e-07
5,Amanda Capital has investments in 22 private equity funds and in over 200 unquoted companies mainly in Europe .,1,neutral,1,neutral,neutral,1,0,Finistral-7B-LoRA,fpb_decontam,-17.62500762939453,2.2159490242756874e-08,-7.986990567587782e-06,1.0,-17.81250762939453,1.8370862164829305e-08
6,"Rohwedder Group is an automotive supplies , telecommunications and electronics industry provider for customers in Europe , North America and Asia .",1,neutral,1,neutral,neutral,1,0,Finistral-7B-LoRA,fpb_decontam,-14.500039100646973,5.043453938924358e-07,-3.9457496313843876e-05,0.9999954700469971,-12.437539100646973,3.96698351323721e-06
7,"It generated an operating loss of EUR 96.3 mn , down from a profit of EUR 43.9 mn .",0,negative,0,negative,negative,1,0,Finistral-7B-LoRA,fpb_decontam,-2.3483953555114567e-05,0.9999980926513672,-13.93752384185791,8.851559982758772e-07,-13.75002384185791,1.0677019872673554e-06
8,Okmetic expects its net sales for the first half of 2009 to be less than in 2008 .,0,negative,0,negative,negative,1,0,Finistral-7B-LoRA,fpb_decontam,-8.83301836438477e-05,0.9999936819076538,-12.250088691711426,4.7850876399024855e-06,-13.375088691711426,1.5534905060121673e-06
9,"The Inventors are Ridge Justin , Bao Yiliang and Karczewicz Marta .",1,neutral,1,neutral,neutral,1,0,Finistral-7B-LoRA,fpb_decontam,-12.062542915344238,5.7718903008208144e-06,-4.2676016164477915e-05,0.9999891519546509,-12.187542915344238,5.093675554235233e-06
10,"The decision reflects the underutilisation of the line , which produces nonwovens used in medical and wipes applications as well as for the automotive industry .",1,neutral,1,neutral,neutral,1,0,Finistral-7B-LoRA,fpb_decontam,-1.9109070301055908,0.1480371356010437,-0.16090697050094604,0.8518949747085571,-9.598406791687012,6.78784417686984e-05
11,Net sales in 2007 are expected to be 10 % up on 2006 .,2,positive,2,positive,positive,1,0,Finistral-7B-LoRA,fpb_decontam,-16.375009536743164,7.734419682492444e-08,-16.062509536743164,1.0571698538797136e-07,-9.536697689327411e-06,0.9999997615814209
12,"Both operating profit and turnover for the three-month period increased , respectively from EUR0 .9 m and EUR8 .3 m , as compared to the corresponding period in 2005 .",2,positive,2,positive,positive,1,0,Finistral-7B-LoRA,fpb_decontam,-13.312556266784668,1.6536838529646047e-06,-12.562556266784668,3.500848833937198e-06,-5.674201020156033e-05,0.9999948740005493
13,"Currently the Terminator lures are produced in a subcontract facility in Mexico but the manufacturing will be transferred to Rapala 's factory in Shenzhen , China .",1,neutral,1,neutral,neutral,1,0,Finistral-7B-LoRA,fpb_decontam,-15.187522888183594,2.536018257615069e-07,-2.3007127310847864e-05,0.9999995231628418,-15.187522888183594,2.536018257615069e-07
14,The net sales of the Power Plants business were EUR 710.3 million in 2005 .,1,neutral,1,neutral,neutral,1,0,Finistral-7B-LoRA,fpb_decontam,-18.18750762939453,1.2626097500856304e-08,-7.867782187531702e-06,1.0,-18.25000762939453,1.1861120086109622e-08
15,The Group also has a strong global position in other fishing categories .,2,positive,2,positive,positive,1,0,Finistral-7B-LoRA,fpb_decontam,-13.562801361083984,1.287633153879142e-06,-8.500301361083984,0.00020342670904938132,-0.00030119650182314217,0.9997952580451965
16,The project is expected to be completed in 2009 .,1,neutral,1,neutral,neutral,1,0,Finistral-7B-LoRA,fpb_decontam,-17.000009536743164,4.139937459513021e-08,-8.702239938429557e-06,0.9999998807907104,-17.250009536743164,3.224186428951725e-08
17,The share of the share capital of both above mentioned shareholders remains below 5 % .,1,neutral,1,neutral,neutral,1,0,Finistral-7B-LoRA,fpb_decontam,-13.375016212463379,1.5534976682829438e-06,-1.6569954823353328e-05,0.9999983310699463,-15.875016212463379,1.2751884526096546e-07
18,"Following the issue , the new shares will constitute 10 percent of the firm 's capital .",1,neutral,1,neutral,neutral,1,0,Finistral-7B-LoRA,fpb_decontam,-17.687503814697266,2.0816912638110807e-08,-4.291525328881107e-06,1.0,-19.000003814697266,5.602796449011294e-09
19,The first stage of the contract covers 133 stores and 600 cash registers .,1,neutral,1,neutral,neutral,1,0,Finistral-7B-LoRA,fpb_decontam,-13.937511444091797,8.851566235534847e-07,-1.1205610462639015e-05,0.9999988079071045,-14.875011444091797,3.466323335032939e-07
20,Currency conversions are based on exchange rates at the time of the deal .,1,neutral,1,neutral,neutral,1,0,Finistral-7B-LoRA,fpb_decontam,-18.437503814697266,9.833214242860322e-09,-4.0531076592742465e-06,1.0,-18.312503814697266,1.1142490485838152e-08
21,Mobile communication and wireless broadband provider Nokia Inc NYSE : NOK today set new financial targets and forecasts for Nokia and the mobile device industry and also for Nokia Siemens Networks and the mobile and fixed infrastructure and related services market .,1,neutral,1,neutral,neutral,1,0,Finistral-7B-LoRA,fpb_decontam,-12.12550163269043,5.421663900051499e-06,-0.0005018643569201231,0.9998922348022461,-9.18800163269043,0.00010229929466731846
22,"According to preliminary data from Slovakia 's Statistics Office , goods worth E36 .4 million were imported from Finland between January and October 2010 , making up 0.1 percent of Slovakia 's total imports .",1,neutral,1,neutral,neutral,1,0,Finistral-7B-LoRA,fpb_decontam,-15.437511444091797,1.9750534363538463e-07,-1.1920858014491387e-05,0.9999997615814209,-17.312511444091797,3.028842243679719e-08
23,Oriola-KD is a spin-off of Finnish pharmaceutical group Orion Oyj 's wholesale division .,1,neutral,1,neutral,neutral,1,0,Finistral-7B-LoRA,fpb_decontam,-11.500142097473145,1.012982102110982e-05,-0.00014220656885299832,0.9999731779098511,-11.000142097473145,1.6701253116480075e-05
24,"( ADP News ) - Dec 11 , 2008 - Finnish construction and engineering company Outotec Oyj ( OMX : OTE1V ) said today it won a EUR 28 million ( USD 36.8 m ) order to expand the phosphate concentrator in Siilinjarvi of Norwegian minera",2,positive,2,positive,positive,1,0,Finistral-7B-LoRA,fpb_decontam,-14.250048637390137,6.475939358097094e-07,-13.500048637390137,1.370956397295231e-06,-4.8636207793606445e-05,0.9999979734420776
25,"It comes complete with an LCD touch screen system for selection of your chosen function and prices start at around the pounds 4,805 mark .",1,neutral,1,neutral,neutral,1,0,Finistral-7B-LoRA,fpb_decontam,-17.812517166137695,1.8370862164829305e-08,-1.7404405298293568e-05,1.0,-17.875017166137695,1.7257828943684217e-08
26,The non-recurring costs caused to Talentum 's Premedia business area by the restructuring will amount to 2.0 mln euro $ 2.7 mln and will be included in the company 's financial results for the second quarter of 2007 .,1,neutral,0,negative,negative,0,0,Finistral-7B-LoRA,fpb_decontam,-0.00018261195509694517,0.9999451637268066,-9.875182151794434,5.1442042604321614e-05,-12.625182151794434,3.2885795917536598e-06
27,"German Commerzbank AG 's Hamburg Branch and US JP Morgan ( NYSE : JPM ) participated as arrangers , and Dutch ING ( AMS : INGA ) as co-arranger .",1,neutral,1,neutral,neutral,1,0,Finistral-7B-LoRA,fpb_decontam,-14.000055313110352,8.315275294989988e-07,-5.543078441405669e-05,0.9999985694885254,-14.250055313110352,6.475943337136414e-07
28,"Finnish shipping company Finnlines ' pretax loss totalled EUR 6.5 mn in the third quarter of 2009 , compared to a profit of EUR 0.3 mn in the third quarter of 2008 .",0,negative,0,negative,negative,1,0,Finistral-7B-LoRA,fpb_decontam,-2.6940935640595853e-05,0.999996542930603,-13.31252670288086,1.6536866951355478e-06,-13.25002670288086,1.7603401829546783e-06
29,The investments and operational changes enable additional optimisation of the working hours and thereby further cost savings of some 7 % -9 % .,2,positive,2,positive,positive,1,0,Finistral-7B-LoRA,fpb_decontam,-16.31254005432129,8.233246973077257e-08,-15.687541007995605,1.5381731088837114e-07,-4.076874756719917e-05,0.9999997615814209
30,"Revenue in July to September grew 14 percent to ( EURO ) 467 million from a year earlier , the company said Thursday .",2,positive,2,positive,positive,1,0,Finistral-7B-LoRA,fpb_decontam,-15.75001049041748,1.4449797447468882e-07,-15.50001049041748,1.8553907921159407e-07,-1.0251946150674485e-05,0.9999996423721313
31,EUR 152.4 mn of this was net interest income .,1,neutral,1,neutral,neutral,1,0,Finistral-7B-LoRA,fpb_decontam,-16.37500762939453,7.734418261406972e-08,-8.22540732769994e-06,0.9999995231628418,-14.812508583068848,3.689884522373177e-07
32,The business section also includes Ahlstrom 's sustainability report .,1,neutral,1,neutral,neutral,1,0,Finistral-7B-LoRA,fpb_decontam,-17.5000057220459,2.510998697857758e-08,-5.245195097813848e-06,0.9999998807907104,-16.3125057220459,8.233248394162729e-08
33,The contract value amounts to EUR 2.4 million .,1,neutral,1,neutral,neutral,1,0,Finistral-7B-LoRA,fpb_decontam,-16.937501907348633,4.406940590229169e-08,-2.3841830625315197e-06,0.9999998807907104,-16.562501907348633,6.41206057139243e-08
34,"A. Le Coq Special was developed for the bicentenary of the company and the trade mark , the brewer said .",1,neutral,1,neutral,neutral,1,0,Finistral-7B-LoRA,fpb_decontam,-15.875102996826172,1.275175804948958e-07,-0.00010311071673640981,0.9999884366989136,-11.375102996826172,1.1478767191874795e-05
35,The expanded plant is scheduled to be operational by the middle of October 2009 .,1,neutral,1,neutral,neutral,1,0,Finistral-7B-LoRA,fpb_decontam,-14.000208854675293,8.315003583447833e-07,-0.0002090712368953973,0.9999659061431885,-10.312708854675293,3.3214164432138205e-05
36,In 2007 Etteplan reported a turnover of EUR125 .2 m.,1,neutral,1,neutral,neutral,1,0,Finistral-7B-LoRA,fpb_decontam,-16.875009536743164,4.691163724146463e-08,-9.179073458653875e-06,0.9999998807907104,-17.250009536743164,3.224186428951725e-08
37,Both Mr Walden and Mr Ignatius will be responsible also for the newspapers ' business result .,1,neutral,1,neutral,neutral,1,0,Finistral-7B-LoRA,fpb_decontam,-13.187511444091797,1.8738753624347737e-06,-1.156323378381785e-05,0.9999980926513672,-16.375011444091797,7.7344068927232e-08
38,AffectoGenimap builds highly customised IT solutions for its customers in Finland and the Baltic countries .,1,neutral,1,neutral,neutral,1,0,Finistral-7B-LoRA,fpb_decontam,-15.87501049041748,1.2751901579122205e-07,-1.07287787614041e-05,0.9999996423721313,-15.31251049041748,2.2380284292466968e-07
39,No decision on such sale of the now issued or existing treasury shares to YA Global has been made yet .,1,neutral,1,neutral,neutral,1,0,Finistral-7B-LoRA,fpb_decontam,-14.687572479248047,4.1811870232777437e-07,-7.223821739898995e-05,0.9999995231628418,-17.000072479248047,4.139935683156182e-08
40,"Lassila & Tikanoja 's operating profit excluding non-recurring and imputed items for the second quarter was EUR11 .3 m , down from EUR13 .8 m a year ago .",0,negative,0,negative,negative,1,0,Finistral-7B-LoRA,fpb_decontam,-4.935142715112306e-05,0.9999946355819702,-12.562549591064453,3.500847924442496e-06,-13.187549591064453,1.8738688822850236e-06
41,The fixed acquisition price amounts to NOK 70 ( approximately EUR 8.7 ) million and additional price NOK 15 ( EUR 1.8 ) million at maximum .,1,neutral,1,neutral,neutral,1,0,Finistral-7B-LoRA,fpb_decontam,-15.375007629394531,2.1024331431362953e-07,-7.510157047363464e-06,0.9999996423721313,-16.12500762939453,9.931191158329966e-08
42,The exercise originated in Finland in the early 1930s as a training method for cross-country skiers .,1,neutral,1,neutral,neutral,1,0,Finistral-7B-LoRA,fpb_decontam,-17.5000057220459,2.510998520222074e-08,-5.125986263010418e-06,0.9999997615814209,-15.437504768371582,1.9750534363538463e-07
43,"The huge bridge girders will be delivered to the site from our plant in Ylivieska , Finland .",1,neutral,1,neutral,neutral,1,0,Finistral-7B-LoRA,fpb_decontam,-18.25002670288086,1.1861118309752783e-08,-2.586808113846928e-05,0.9999998807907104,-16.62502670288086,6.023573462243803e-08
44,"no compensation for its news , opinions or distributions .",1,neutral,1,neutral,neutral,1,0,Finistral-7B-LoRA,fpb_decontam,-12.500021934509277,3.7266381696099415e-06,-2.1815061700181104e-05,0.9999959468841553,-15.125021934509277,2.6995675739271974e-07
45,The writing and publication of Lemmink+ñinen -¦ s history is a continuation of earlier collaboration between Antti Tuuri and the company .,1,neutral,1,neutral,neutral,1,0,Finistral-7B-LoRA,fpb_decontam,-16.75008201599121,5.3157773294287836e-08,-8.272782724816352e-05,0.9999984502792358,-13.437582969665527,1.4593761079595424e-06
46,"HUHTAMAKI OYJ STOCK EXCHANGE RELEASE , 16.9.2008 AT 13.32 Huhtamaki 's Capital Markets Day for institutional investors and analysts is held in Espoo , September 16 , 2008 starting at 13.30 pm Finnish time .",1,neutral,1,neutral,neutral,1,0,Finistral-7B-LoRA,fpb_decontam,-16.062530517578125,1.05716978282544e-07,-3.099393507000059e-05,0.9999996423721313,-15.437530517578125,1.975053152136752e-07
47,The deliveries are scheduled for the summer and autumn of 2008 .,1,neutral,1,neutral,neutral,1,0,Finistral-7B-LoRA,fpb_decontam,-16.68750762939453,5.658623436488597e-08,-7.629365427419543e-06,0.9999998807907104,-17.62500762939453,2.2159488466400035e-08
48,"The contract covers the manufacturing , surface-treatment and installation of the steel structures .",1,neutral,1,neutral,neutral,1,0,Finistral-7B-LoRA,fpb_decontam,-15.812543869018555,1.3574330637311505e-07,-4.362964682513848e-05,0.9999997615814209,-16.562543869018555,6.412059860849695e-08
49,"`` The number of collection errors fell considerably , and operations speeded up .",2,positive,2,positive,positive,1,0,Finistral-7B-LoRA,fpb_decontam,-15.437774658203125,1.9750534363538463e-07,-16.812774658203125,4.9937170842895284e-08,-0.00027509720530360937,0.9999997615814209
50,Operating profit improved by 27 % to EUR 579.8 mn from EUR 457.2 mn in 2006 .,2,positive,2,positive,positive,1,0,Finistral-7B-LoRA,fpb_decontam,-16.000032424926758,1.1253516163378663e-07,-17.562532424926758,2.3588651032468988e-08,-3.182837463100441e-05,0.9999998807907104
51,"The business had gross written premiums of EUR152 .4 m (  91.5 m ) in 2000 , a net combined ratio of 133 % and 175 staff in total with offices in the UK , Germany and Benelux .",1,neutral,1,neutral,neutral,1,0,Finistral-7B-LoRA,fpb_decontam,-15.31252384185791,2.2380284292466968e-07,-2.4318398573086597e-05,0.9999996423721313,-16.375024795532227,7.734418971949708e-08
52,Cameco typically prices sales contracts using a 40:60 ratio of fixed prices and spot prices .,1,neutral,1,neutral,neutral,1,0,Finistral-7B-LoRA,fpb_decontam,-19.312501907348633,4.099093509069007e-09,-2.145764938177308e-06,1.0,-20.593751907348633,1.1382771392121072e-09
53,"The value of the contract is about EUR1 .0 m. Poyry , headquartered in Vantaa , Finland provides consulting and engineering services to the energy , forestry and infrastructure & environment sectors .",1,neutral,1,neutral,neutral,1,0,Finistral-7B-LoRA,fpb_decontam,-14.687506675720215,4.181186454843555e-07,-6.437280717364047e-06,0.9999994039535522,-15.750006675720215,1.444979460529794e-07
54,"The inaugural speech will be given by Hannu Kyrolainen , Finland 's Ambassador to the Czech Republic .",1,neutral,1,neutral,neutral,1,0,Finistral-7B-LoRA,fpb_decontam,-17.625011444091797,2.2159484913686356e-08,-1.1324817933200393e-05,0.9999997615814209,-15.625011444091797,1.637376669805235e-07
55,"The financial impact is estimated to be some 1.5 MEUR annual improvement in the division 's result , starting from fiscal year 2007 .",2,positive,2,positive,positive,1,0,Finistral-7B-LoRA,fpb_decontam,-15.625033378601074,1.637376669805235e-07,-16.437532424926758,7.265815327173186e-08,-3.313963316031732e-05,0.9999997615814209
56,"Samsung currently occupies third place and lost ground during the quarter , dropping by 1.8 % to an 11.1 % share overall .",0,negative,0,negative,negative,1,0,Finistral-7B-LoRA,fpb_decontam,-3.3378044463461265e-05,0.9999955892562866,-12.687533378601074,3.089490292040864e-06,-13.562533378601074,1.28789122300077e-06
57,Tiimari operates 194 stores in six countries -- including its core Finnish market -- and generated a turnover of 76.5 mln eur in 2005 .,1,neutral,1,neutral,neutral,1,0,Finistral-7B-LoRA,fpb_decontam,-14.687528610229492,4.181181623152952e-07,-2.8967437174287625e-05,0.9999982118606567,-13.500028610229492,1.3709566246689064e-06
58,"The Whitehall Street Real Estate Funds invest in real estate and real estate related assets , principally through the acquisition of real estate companies , real property and mortgage loans .",1,neutral,1,neutral,neutral,1,0,Finistral-7B-LoRA,fpb_decontam,-14.750022888183594,3.9278612007365155e-07,-2.3245540432981215e-05,0.9999994039535522,-15.437522888183594,1.9750527258111106e-07
59,"Consisting of seven interconnected units , Mega Image 's logistics center will be 347 metres in length and 12 metres in height .",1,neutral,1,neutral,neutral,1,0,Finistral-7B-LoRA,fpb_decontam,-17.875003814697266,1.7257828943684217e-08,-4.0531076592742465e-06,1.0,-17.250003814697266,3.224186784223093e-08
60,"In December alone , the members of the Lithuanian Brewers ' Association sold a total of 20.3 million liters of beer , an increase of 1.9 percent from the sales of 19.92 million liters in December 2004 .",2,positive,2,positive,positive,1,0,Finistral-7B-LoRA,fpb_decontam,-15.43752670288086,1.9750507362914504e-07,-13.56252670288086,1.287894860979577e-06,-2.706014311115723e-05,0.9999984502792358
61,Diluted earnings per share ( EPS ) rose to EUR 0.52 versus EUR 0.09 .,2,positive,2,positive,positive,1,0,Finistral-7B-LoRA,fpb_decontam,-16.937503814697266,4.406940590229169e-08,-15.875003814697266,1.2751904421293148e-07,-4.0531076592742465e-06,0.9999998807907104
62,"Previously , Grimaldi held a 46.43 pct stake in the Finnish company following the takeover bid launched in November 2006 .",1,neutral,1,neutral,neutral,1,0,Finistral-7B-LoRA,fpb_decontam,-16.437509536743164,7.265815327173186e-08,-8.821448318485636e-06,0.9999997615814209,-16.000009536743164,1.1253514742293191e-07
63,Operating profit was EUR 1.6 mn in 2005 compared to EUR 5.9 mn in 2004 .,0,negative,0,negative,negative,1,0,Finistral-7B-LoRA,fpb_decontam,-8.368142152903602e-05,0.9999673366546631,-10.375083923339844,3.120186738669872e-05,-13.437583923339844,1.4593307469112915e-06
64,"Foundries division reports its sales increased by 9.7 % to EUR 63.1 mn from EUR 57.5 mn in the corresponding period in 2006 , and sales of the Machine Shop division increased by 16.4 % to EUR 41.2 mn from EUR 35.4 mn in the corresponding period in 2006 .",2,positive,2,positive,positive,1,0,Finistral-7B-LoRA,fpb_decontam,-15.812519073486328,1.3574324952969619e-07,-14.500019073486328,5.04347383412096e-07,-1.9430925021879375e-05,0.9999994039535522
65,The studies are expected to start in 2008 .,1,neutral,1,neutral,neutral,1,0,Finistral-7B-LoRA,fpb_decontam,-17.687509536743164,2.0816912638110807e-08,-9.65590606938349e-06,1.0,-18.500009536743164,9.23744991609965e-09
66,Stichting Pensioenfonds ABP : 4 118 122 shares representing 5.19 % of the share capital and voting rights .,1,neutral,1,neutral,neutral,1,0,Finistral-7B-LoRA,fpb_decontam,-13.062514305114746,2.123377498719492e-06,-1.4662635294371285e-05,0.9999973773956299,-14.437514305114746,5.368738698052766e-07
67,"The Web-Marela application handles invitations to quote , quote comparisons , agreements , purchases , invoice inspections , inventory management , and deliveries .",1,neutral,1,neutral,neutral,1,0,Finistral-7B-LoRA,fpb_decontam,-18.0625057220459,1.43072416136647e-08,-5.245195097813848e-06,1.0,-18.3750057220459,1.0467402056235642e-08
68,"mn , and pretax profit to EUR 46.4 mn from EUR 35.8 mn in the third quarter of 2006 .",2,positive,2,positive,positive,1,0,Finistral-7B-LoRA,fpb_decontam,-15.375009536743164,2.1024325747021066e-07,-14.875009536743164,3.4663256087696936e-07,-9.775113539944869e-06,0.9999994039535522
69,"Finnish Suominen Corporation that makes wipes , nonwovens , and flexible packaging , expects changes in the market situation to reduce sales of Suominen 's nonwovens and wet wipes from the previously estimated volumes .",0,negative,0,negative,negative,1,0,Finistral-7B-LoRA,fpb_decontam,-2.4676019165781327e-05,0.9999982118606567,-16.250024795532227,8.764232717339837e-08,-13.312524795532227,1.653689423619653e-06
70,Rapala aims to move the distribution unit Ragot from Loudeac in Bretagne and the distribution unit Waterqueen and the fishing line supplier Tortue from Saint Marcel in Central France to Morvillars .,1,neutral,1,neutral,neutral,1,0,Finistral-7B-LoRA,fpb_decontam,-14.812520027160645,3.689881964419328e-07,-2.0503786799963564e-05,0.9999988079071045,-14.062520027160645,7.811480600139475e-07
71,Almost the entire office building will be occupied by Metso .,1,neutral,1,neutral,neutral,1,0,Finistral-7B-LoRA,fpb_decontam,-15.62501049041748,1.637376669805235e-07,-1.0490362910786644e-05,0.9999997615814209,-16.375009536743164,7.734419682492444e-08
72,"The price of the 10,000 kroon par value bonds was 9663,51 kroons in the primary issue .",1,neutral,1,neutral,neutral,1,0,Finistral-7B-LoRA,fpb_decontam,-14.500011444091797,5.04347383412096e-07,-1.1205610462639015e-05,0.9999994039535522,-16.500011444091797,6.825599285775752e-08
73,"Ahlstrom 's 5,700 employees serve customers via sales offices and production facilities in more than 20 countries on six continents .",1,neutral,1,neutral,neutral,1,0,Finistral-7B-LoRA,fpb_decontam,-16.375019073486328,7.734419682492444e-08,-1.9788545614574105e-05,0.9999997615814209,-15.687520027160645,1.5381731088837114e-07
74,- Counter your competitor 's strengths and target their weaknesses .,1,neutral,1,neutral,neutral,1,0,Finistral-7B-LoRA,fpb_decontam,-3.532221794128418,0.029282860457897186,-0.03222169354557991,0.9697151184082031,-6.907221794128418,0.0010020043700933456
75,"Satama 's net profit for the third quarter of 2007 rose to 275,000 euro ( $ 395,000 ) from 270,000 euro ( $ 388,000 ) for the same period of 2006 .",2,positive,2,positive,positive,1,0,Finistral-7B-LoRA,fpb_decontam,-13.875008583068848,9.422436733075301e-07,-13.812508583068848,1.0030131534222164e-06,-8.583032467868179e-06,0.9999980926513672
76,Shares will be acquired in accordance with section 5 of the rules of NASDAQ OMX Helsinki and other rules applicable to the acquisition of own shares .,1,neutral,1,neutral,neutral,1,0,Finistral-7B-LoRA,fpb_decontam,-15.562514305114746,1.742978383845184e-07,-1.4185804502631072e-05,0.9999997615814209,-16.56251335144043,6.412059860849695e-08
77,"Some 3.8 mln euro ( $ 5.2 mln ) of the base acquisition price will be paid in cash and the rest through a subscription offering of a total of 850,000 new Ixonos shares .",1,neutral,1,neutral,neutral,1,0,Finistral-7B-LoRA,fpb_decontam,-15.875089645385742,1.2751904421293148e-07,-8.928377064876258e-05,0.9999998807907104,-17.031339645385742,4.01256485815793e-08
78,"`` The industry is coming to an interesting fork in the road as both handset manufacturers and wireless carriers attempt to serve as the portal for Web-based service to your wireless handset , '' he wrote .",1,neutral,1,neutral,neutral,1,0,Finistral-7B-LoRA,fpb_decontam,-15.500094413757324,1.8553897973561106e-07,-9.476689592702314e-05,0.9999990463256836,-14.125094413757324,7.338208547480463e-07
79,"CS Cabot exports 55 % of its production mainly to Goodyear , Bridgestone and Michelin plants in Poland , as well as to Germany 's Michelin or Italy 's Pirelli through the company 's logistics center in Paris , Stefan said .",1,neutral,1,neutral,neutral,1,0,Finistral-7B-LoRA,fpb_decontam,-15.00003719329834,3.059008690797782e-07,-3.755022044060752e-05,0.999995231628418,-12.31253719329834,4.495180291996803e-06
80,"TietoEnator was down 1.13 pct to 18.38 , extending recent lows after last week 's second-quarter report , dealers said .",0,negative,0,negative,negative,1,0,Finistral-7B-LoRA,fpb_decontam,-4.60137271147687e-05,0.9999923706054688,-12.687545776367188,3.0894802875991445e-06,-12.312545776367188,4.495167559070978e-06
81,Microsoft last week also issued the first patch for the Windows 7 operating system beta it had released days earlier .,1,neutral,1,neutral,neutral,1,0,Finistral-7B-LoRA,fpb_decontam,-17.812509536743164,1.8370862164829305e-08,-9.059865078597795e-06,1.0,-17.062509536743164,3.889111610533291e-08
82,The EUR 0.7 million non-recurring expenses have been recorded for the third quarter .,1,neutral,1,neutral,neutral,1,0,Finistral-7B-LoRA,fpb_decontam,-14.250009536743164,6.475947884609923e-07,-9.179073458653875e-06,0.9999992847442627,-16.937509536743164,4.406937748058226e-08
83,Salonen added that data shows producers ' pulp inventories in North America are declining . ',0,negative,2,positive,positive,0,0,Finistral-7B-LoRA,fpb_decontam,-5.9447126388549805,0.0026222418528050184,-5.6322126388549805,0.003584179561585188,-0.007212434895336628,0.9937936067581177
84,From Merisatama to the far corners of the world Asfaltti Osakeyhti+Â Lemmink+ñinen was established in 1910 by a group of master builders in Helsinki as a specialist business and subcontractor .,1,neutral,1,neutral,neutral,1,0,Finistral-7B-LoRA,fpb_decontam,-15.687509536743164,1.53817168779824e-07,-9.179073458653875e-06,0.9999988079071045,-13.750009536743164,1.0677027830752195e-06
85,"CapMan has four investment areas ( CapMan Buyout , CapMan Technology , CapMan Life Science and CapMan Real Estate ) , and each of them has a dedicated team .",1,neutral,1,neutral,neutral,1,0,Finistral-7B-LoRA,fpb_decontam,-19.3437557220459,3.972977502542108e-09,-5.006777428206988e-06,1.0,-20.6562557220459,1.0693124163907441e-09
86,"The business has sales of about ( Euro ) 35 million ( $ 44million ) , and has been responsible for sales and marketing of Lanxess 's paper chemicals business , which Kemira bought for ( Euro ) 88 million early this year ( CW , Jan. 11 , p. 22 ) .",1,neutral,1,neutral,neutral,1,0,Finistral-7B-LoRA,fpb_decontam,-14.250060081481934,6.47592855784751e-07,-5.9960475482512265e-05,0.9999963045120239,-12.687560081481934,3.0894925657776184e-06
87,Basware finances the acquisition with a bank loan .,1,neutral,1,neutral,neutral,1,0,Finistral-7B-LoRA,fpb_decontam,-15.125029563903809,2.699577521525498e-07,-2.9444261599564925e-05,0.9999996423721313,-16.312528610229492,8.233246262534522e-08
88,"Net sales of Kyro 's main business area , Glaston Technologies , a manufacturer of glass processing machines , decreased to EUR 161.5 mn from EUR 164.1 mn in January-September 2005 .",0,negative,0,negative,negative,1,0,Finistral-7B-LoRA,fpb_decontam,-4.684815212385729e-05,0.9999948740005493,-12.562546730041504,3.500848833937198e-06,-13.312546730041504,1.6536838529646047e-06
89,Operating profit totaled EUR 17.7 mn compared to EUR 17.6 mn in the corresponding period in 2007 .,2,positive,2,positive,positive,1,0,Finistral-7B-LoRA,fpb_decontam,-14.000016212463379,8.315275294989988e-07,-14.312516212463379,6.083585617489007e-07,-1.585470999998506e-05,0.9999985694885254
90,The company 's model is based on developer contracting construction projects and customer focused project management .,1,neutral,1,neutral,neutral,1,0,Finistral-7B-LoRA,fpb_decontam,-17.375019073486328,2.8453344569356886e-08,-1.8954096958623268e-05,0.9999998807907104,-16.062519073486328,1.0571699959882608e-07
91,Technical indicators for the stock are bullish and S&P gives NOK a positive 4 STARS out of 5 buy ranking .,2,positive,2,positive,positive,1,0,Finistral-7B-LoRA,fpb_decontam,-14.375085830688477,5.714985036320286e-07,-12.625085830688477,3.288746938778786e-06,-8.618460560683161e-05,0.9999960660934448
92,Operating profit increased by 145.1 % to EUR 8.3 mn from EUR 3.4 mn .,2,positive,2,positive,positive,1,0,Finistral-7B-LoRA,fpb_decontam,-17.062509536743164,3.889111610533291e-08,-18.125009536743164,1.3440409674103648e-08,-9.179073458653875e-06,1.0
93,Cash Flow from Operations for the most recent quarter also reached a eight year low .,0,negative,0,negative,negative,1,0,Finistral-7B-LoRA,fpb_decontam,-1.7404405298293568e-05,0.9999979734420776,-14.000017166137695,8.31527017908229e-07,-13.687517166137695,1.1365627869963646e-06
94,"Payment for acquired shares will be made in cash , and the price per share will be EUR 1 plus an administration fee .",1,neutral,1,neutral,neutral,1,0,Finistral-7B-LoRA,fpb_decontam,-17.187511444091797,3.432128892200126e-08,-1.0847986231965479e-05,1.0,-18.062511444091797,1.43072416136647e-08
95,"Cargotec 's sales totalled EUR 3.4 billion in 2008 and it employs approximately 11,000 people .",1,neutral,1,neutral,neutral,1,0,Finistral-7B-LoRA,fpb_decontam,-19.6250057220459,2.998960857425459e-09,-5.245195097813848e-06,1.0,-19.9687557220459,2.1265815774995644e-09
96,The mill is concentrating on getting the supercalendered line running satisfactorily before restarting its older newsprint line .,1,neutral,1,neutral,neutral,1,0,Finistral-7B-LoRA,fpb_decontam,-14.937535285949707,3.256304808019195e-07,-3.564294092939235e-05,0.9999973773956299,-13.000035285949707,2.2603235265705734e-06
97,"As of July 2 , 2007 , the market cap segments will be updated according to the average price in May 2007 .",1,neutral,1,neutral,neutral,1,0,Finistral-7B-LoRA,fpb_decontam,-17.8750057220459,1.7257828943684217e-08,-6.556489552167477e-06,1.0,-18.8750057220459,6.348800152267131e-09
98,"About 36 % of this came from Aspo Chemicals , 39 % from Aspo Shipping and 25 % from Aspo Systems .",1,neutral,1,neutral,neutral,1,0,Finistral-7B-LoRA,fpb_decontam,-19.1250057220459,4.94445018262013e-09,-5.483612312673358e-06,1.0,-19.7500057220459,2.646573848963385e-09
99,`` Our Vaalipalvelu-service was especially developed for use by communities and organizations .,1,neutral,1,neutral,neutral,1,0,Finistral-7B-LoRA,fpb_decontam,-15.500133514404297,1.855389228921922e-07,-0.0001333863037871197,0.9999988079071045,-13.812633514404297,1.0030138355432427e-06
100,Pertti Ervi is independent from the Company and its major shareholders .,1,neutral,1,neutral,neutral,1,0,Finistral-7B-LoRA,fpb_decontam,-15.000011444091797,3.0590214805670257e-07,-1.156323378381785e-05,0.9999994039535522,-15.250011444091797,2.3823682226975507e-07
101,"The sale of Savcor FACE to Cencorp will result in a profit or loss which can not yet be determined , owing to factors including the valuation of the consideration shares to be received and prevailing exchange rates .",1,neutral,1,neutral,neutral,1,0,Finistral-7B-LoRA,fpb_decontam,-9.12547779083252,0.00010889665281865746,-0.0004776767164003104,0.9998886585235596,-12.93797779083252,2.405840177743812e-06
102,A 2001 agreement expired earlier this month .,1,neutral,1,neutral,neutral,1,0,Finistral-7B-LoRA,fpb_decontam,-4.141200542449951,0.015906251966953278,-0.016200566664338112,0.984084963798523,-11.64120101928711,8.797499503998552e-06
103,"The company operates a U.S. division in Lisle , Ill. .",1,neutral,1,neutral,neutral,1,0,Finistral-7B-LoRA,fpb_decontam,-16.062511444091797,1.0571698538797136e-07,-1.1324817933200393e-05,0.9999997615814209,-16.062511444091797,1.0571698538797136e-07
104,"In October , UPM reported a third-quarter net loss of euro86 million $ 110 million compared with a net profit of euro120 million in 2007 .",0,negative,0,negative,negative,1,0,Finistral-7B-LoRA,fpb_decontam,-3.9934315282152966e-05,0.9999969005584717,-13.187540054321289,1.8738730886980193e-06,-13.687540054321289,1.1365615364411497e-06
105,"ADP News - Feb 25 , 2009 - Finnish printed circuit board PCB maker Aspocomp Group Oyj HEL : ACG1V said today it swung to a net profit of EUR 300,000 USD 385,000 for 2008 versus a net loss of EUR 65.3 million",2,positive,2,positive,positive,1,0,Finistral-7B-LoRA,fpb_decontam,-12.937533378601074,2.406090061413124e-06,-12.187533378601074,5.093692834634567e-06,-3.373566141817719e-05,0.9999924898147583
106,An EU law on the issue may be introduced around 2010 .,1,neutral,1,neutral,neutral,1,0,Finistral-7B-LoRA,fpb_decontam,-17.8125057220459,1.8370862164829305e-08,-5.483612312673358e-06,1.0,-18.6875057220459,7.658115031006218e-09
107,The value of the multi-year agreement is over EUR 2mn a year .,1,neutral,1,neutral,neutral,1,0,Finistral-7B-LoRA,fpb_decontam,-13.875006675720215,9.422444691153942e-07,-7.033323527139146e-06,0.999998927116394,-15.750006675720215,1.444978749987058e-07
108,"Profit before taxes was EUR 4.0 mn , down from EUR 4.9 mn .",0,negative,0,negative,negative,1,0,Finistral-7B-LoRA,fpb_decontam,-5.3165931603871286e-05,0.9999920129776001,-11.937553405761719,6.540427420986816e-06,-13.500053405761719,1.370948211842915e-06
109,"In the fourth quarter of 2008 , net sales increased by 2 % to EUR 1,050.7 mn from EUR 1,027.0 mn in the fourth quarter of 2007 .",2,positive,2,positive,positive,1,0,Finistral-7B-LoRA,fpb_decontam,-14.750022888183594,3.927860632302327e-07,-15.000022888183594,3.059020912132837e-07,-2.276871418871451e-05,0.9999992847442627
110,Finnish waste management and cleaning group Lassila & Tikanoja Oyj ( L&T ) net profit went down to 32.2 mln euro ( $ 47.7 mln ) for 2007 from 35.3 mln euro ( $ 52.3 mln ) for 2006 .,0,negative,0,negative,negative,1,0,Finistral-7B-LoRA,fpb_decontam,-5.900685573578812e-05,0.9999957084655762,-12.937559127807617,2.4060977921180893e-06,-13.187559127807617,1.8738708149612648e-06
111,The MET is located in the Central Business District ( CBD ) of Bangkok .,1,neutral,1,neutral,neutral,1,0,Finistral-7B-LoRA,fpb_decontam,-16.187509536743164,9.329491490461805e-08,-8.821448318485636e-06,0.9999997615814209,-16.062509536743164,1.0571698538797136e-07
112,"Nordic banks have already had to write off sizable loans in Latvia , with Swedbank , Nordea , DnB NOR and SEB reporting combined losses in excess of $ 1.35 billion in the period 2007 to 2010 against a backdrop of near economic meltdown in Latvia .",0,negative,0,negative,negative,1,0,Finistral-7B-LoRA,fpb_decontam,-3.838465272565372e-05,0.999998927116394,-14.625038146972656,4.450847370662814e-07,-14.375038146972656,5.715001520911756e-07
113,"At the moment , there are approximately 20 Vianor sales offices in Russia .",1,neutral,1,neutral,neutral,1,0,Finistral-7B-LoRA,fpb_decontam,-19.250003814697266,4.363462480228009e-09,-4.410734163684538e-06,1.0,-18.437503814697266,9.833214242860322e-09
114,"The company said that 80 % of the shares of the holding company will be sold to Meadville Holdings Limited , a Hong Kong listed parent company of the Meadville Group .",1,neutral,1,neutral,neutral,1,0,Finistral-7B-LoRA,fpb_decontam,-15.187544822692871,2.536017973397975e-07,-4.51792984677013e-05,0.9999994039535522,-14.812544822692871,3.6898839539389883e-07
115,Net sales dropped by 6 % year-on-year to EUR 11.9 million .,0,negative,0,negative,negative,1,0,Finistral-7B-LoRA,fpb_decontam,-3.40932747349143e-05,0.9999985694885254,-14.93753433227539,3.256308787058515e-07,-13.75003433227539,1.067702555701544e-06
116,"The second variant offers complete final finishing of any selected apartment with foreign high quality materials ( Finland , Denmark , Germany , France ) .",1,neutral,1,neutral,neutral,1,0,Finistral-7B-LoRA,fpb_decontam,-15.31260871887207,2.2379708752851002e-07,-0.00010883215873036534,0.9999738931655884,-10.56260871887207,2.5867426302284002e-05
117,EBIT excluding non-recurring items was estimated to increase from 2009 .,2,positive,2,positive,positive,1,0,Finistral-7B-LoRA,fpb_decontam,-14.437515258789062,5.368748361433973e-07,-15.125015258789062,2.6995761004400265e-07,-1.5139465176616795e-05,0.9999991655349731
118,Runway Visual Range is a calculated assessment of the distance that a pilot can see down a runway .,1,neutral,1,neutral,neutral,1,0,Finistral-7B-LoRA,fpb_decontam,-17.125003814697266,3.653481783771895e-08,-4.0531076592742465e-06,0.9999998807907104,-17.125003814697266,3.653481783771895e-08
119,The company will propose a dividend of EUR0 .12 per share for 2008 .,1,neutral,1,neutral,neutral,1,0,Finistral-7B-LoRA,fpb_decontam,-14.250012397766113,6.475942200268037e-07,-1.2636104656849056e-05,0.9999984502792358,-13.937512397766113,8.851563393363904e-07
120,"Finland-based Elcoteq SE , a privately held provider of electronics manufacturing services to communications companies , said Thursday it signed a long-term manufacturing supply deal with communications equipment company Andrew Corp. .",2,positive,2,positive,positive,1,0,Finistral-7B-LoRA,fpb_decontam,-13.687583923339844,1.1365480077074608e-06,-11.187583923339844,1.384598817821825e-05,-8.439661905867979e-05,0.9999849796295166
121,The company slipped to an operating loss of EUR 2.6 million from a profit of EUR 1.3 million .,0,negative,0,negative,negative,1,0,Finistral-7B-LoRA,fpb_decontam,-2.7417760065873154e-05,0.9999977350234985,-15.250027656555176,2.3823642436582304e-07,-13.125027656555176,1.994729245780036e-06
122,"Konecranes Oyj KCR1V FH fell 5.5 percent to 20.51 euros , the biggest fall since June .",0,negative,0,negative,negative,1,0,Finistral-7B-LoRA,fpb_decontam,-1.8000440832111053e-05,0.999997615814209,-14.812518119812012,3.6898774169458193e-07,-13.125018119812012,1.9947290184063604e-06
123,"When the product is manufactured in Finland , it is also packed in the country .",1,neutral,1,neutral,neutral,1,0,Finistral-7B-LoRA,fpb_decontam,-19.43751335144043,3.6174372386454934e-09,-1.2516897186287679e-05,1.0,-19.18751335144043,4.6448813684207835e-09
124,The parties have agreed not to disclose the transaction value .,1,neutral,1,neutral,neutral,1,0,Finistral-7B-LoRA,fpb_decontam,-14.625031471252441,4.450850212833757e-07,-3.1470757676288486e-05,0.9999995231628418,-16.625030517578125,6.023571330615596e-08
125,Lieksaare Oy has earlier been regarded under the control of Saarelainen Oy and the individual shareholders under the shareholder agreement .,1,neutral,1,neutral,neutral,1,0,Finistral-7B-LoRA,fpb_decontam,-15.750014305114746,1.4449800289639825e-07,-1.4662635294371285e-05,0.9999997615814209,-16.312515258789062,8.233246973077257e-08
126,Sanoma announced the Stock Option Scheme 2008 on 19 December 2008 .,1,neutral,1,neutral,neutral,1,0,Finistral-7B-LoRA,fpb_decontam,-16.31250762939453,8.233246973077257e-08,-7.867782187531702e-06,0.9999997615814209,-15.625007629394531,1.637376669805235e-07
127,Cargotec 's business areas also include the container handling solutions business area Kalmar and the marine cargo handling and offshore load handling solutions business area MacGREGOR .,1,neutral,1,neutral,neutral,1,0,Finistral-7B-LoRA,fpb_decontam,-17.2500057220459,3.224186784223093e-08,-5.125986263010418e-06,1.0,-17.5000057220459,2.510999053129126e-08
128,"The company 's net profit amounted to EE 55.5 mn , which was 36 % more than in 2004 .",2,positive,2,positive,positive,1,0,Finistral-7B-LoRA,fpb_decontam,-16.375085830688477,7.734416129778765e-08,-14.31258487701416,6.083589596528327e-07,-8.523101132595912e-05,0.9999992847442627
129,"The reason for this is St. Petersburg status as a capital , one of the participants in the meeting quoted Chikunov as saying .",1,neutral,1,neutral,neutral,1,0,Finistral-7B-LoRA,fpb_decontam,-18.000003814697266,1.5229980832032197e-08,-4.6491513785440475e-06,1.0,-18.125003814697266,1.3440409674103648e-08
130,"The company said that paper demand increased in all of its main markets , including of publication papers , and that it increased average paper prices by 4 percent compared with last year .",2,positive,2,positive,positive,1,0,Finistral-7B-LoRA,fpb_decontam,-14.125137329101562,7.338194336625747e-07,-13.062637329101562,2.1233768165984657e-06,-0.00013696208770852536,0.9999971389770508
131,"Tieto 's service is also used to send , process and receive materials related to absentee voting .",1,neutral,1,neutral,neutral,1,0,Finistral-7B-LoRA,fpb_decontam,-19.312501907348633,4.099093509069007e-09,-1.7881377516459906e-06,1.0,-19.500001907348633,3.3982678893096363e-09
132,"An  of the invention , released by the Patent Office , said : `` The chambers are pressurized .",1,neutral,1,neutral,neutral,1,0,Finistral-7B-LoRA,fpb_decontam,-16.187503814697266,9.329492201004541e-08,-4.172316494077677e-06,0.9999998807907104,-16.750003814697266,5.315784790127509e-08
133,The value of the order is EUR 4mn .,1,neutral,1,neutral,neutral,1,0,Finistral-7B-LoRA,fpb_decontam,-16.500001907348633,6.825602838489431e-08,-2.264974000354414e-06,0.9999998807907104,-17.500001907348633,2.510998697857758e-08
134,"The business area has operations in Finland , Sweden , Denmark , Estonia , Latvia and Lithuania .",1,neutral,1,neutral,neutral,1,0,Finistral-7B-LoRA,fpb_decontam,-15.12501049041748,2.699577521525498e-07,-1.0847986231965479e-05,0.9999996423721313,-16.062511444091797,1.05716978282544e-07
135,Her last position in Nokia Siemens Networks was head of Business Human Resources NSN global IT .,1,neutral,1,neutral,neutral,1,0,Finistral-7B-LoRA,fpb_decontam,-15.187518119812012,2.536017973397975e-07,-1.811964830267243e-05,0.9999994039535522,-14.937518119812012,3.256311345012364e-07
136,"Typically , the transmission power level can be decreased when the interference noise is above a predefined value .",1,neutral,1,neutral,neutral,1,0,Finistral-7B-LoRA,fpb_decontam,-7.750666618347168,0.00043054597335867584,-0.0006667536217719316,0.9995436072349548,-10.563166618347168,2.5856295906123705e-05
137,"The contractor of the shopping center , China State Construction Engineering Corporation , has previously built e.g. airports , hotels and factories for large international customers in different parts of the world .",1,neutral,1,neutral,neutral,1,0,Finistral-7B-LoRA,fpb_decontam,-16.125024795532227,9.931142841423934e-08,-2.5748875486897305e-05,0.9999947547912598,-12.187525749206543,5.093704203318339e-06
138,"The order includes a log handling line , peeling line and drying line for the production of parquet base layer veneer for Plyfa 's Hassela mill , central Sweden .",1,neutral,1,neutral,neutral,1,0,Finistral-7B-LoRA,fpb_decontam,-16.625024795532227,6.023572751701067e-08,-2.4676019165781327e-05,0.9999997615814209,-15.937524795532227,1.1979304304077232e-07
139,The products have a low salt and fat content .,1,neutral,1,neutral,neutral,1,0,Finistral-7B-LoRA,fpb_decontam,-12.375146865844727,4.222554252919508e-06,-0.0001472126314183697,0.999929666519165,-9.625146865844727,6.605186354136094e-05
140,"ADP News - Nov 13 , 2008 - Finnish printed circuit board PCB maker Aspocomp Group Oyj OMX : ACG1V said today that its net loss narrowed to EUR 2 million USD 2.5 m in the first nine months of 2008 from EUR 57",2,positive,2,positive,positive,1,0,Finistral-7B-LoRA,fpb_decontam,-11.93755054473877,6.540405593113974e-06,-12.25005054473877,4.7850635382928886e-06,-5.066266385256313e-05,0.9999886751174927
141,Finnish cutlery and hand tools maker Fiskars Oyj Abp ( HEL : FISAS ) said today its net profit rose to EUR 24.1 million ( USD 33.6 m ) in the third quarter of 2010 from EUR 17.9 million a year earlier .,2,positive,2,positive,positive,1,0,Finistral-7B-LoRA,fpb_decontam,-15.562528610229492,1.7429786680622783e-07,-17.062528610229492,3.8891112552619234e-08,-2.825220326485578e-05,0.9999998807907104
142,SCANIA Morgan Stanley lifted the share target on Swedish heavy-duty truck and bus maker Scania AB to 330 crowns ( $ 42.4 - 35.2 euro ) from 310 crowns ( $ 39.8 - 33.1 euro ) .,2,positive,2,positive,positive,1,0,Finistral-7B-LoRA,fpb_decontam,-13.875012397766113,9.422432185601792e-07,-13.437512397766113,1.4593748574043275e-06,-1.2516897186287679e-05,0.999997615814209
143,"The reorganisation will be carried out by transferring HKScan Corporation 's production-related property , plant and equipment in Finland as well as its holdings in subsidiaries and associates to HKScan Finland Oy , a holding company wholly owned by HKScan Corporation .",1,neutral,1,neutral,neutral,1,0,Finistral-7B-LoRA,fpb_decontam,-17.250030517578125,3.224186428951725e-08,-3.123234637314454e-05,0.9999998807907104,-17.187530517578125,3.432128536928758e-08
144,"In Middle East & North Africa , Tecnotree has grown considerably in the recent years .",2,positive,2,positive,positive,1,0,Finistral-7B-LoRA,fpb_decontam,-17.062519073486328,3.889109834176452e-08,-14.625019073486328,4.450850212833757e-07,-1.8715683836489916e-05,0.9999995231628418
145,Finnish automation solutions developer Cencorp Corporation ( OMX Helsinki : CNC1V ) issued on Thursday ( 18 September ) a profit warning for the third quarter of 2008 .,0,negative,0,negative,negative,1,0,Finistral-7B-LoRA,fpb_decontam,-3.8742269680369645e-05,0.9999985694885254,-14.000039100646973,8.315275294989988e-07,-14.312539100646973,6.083585617489007e-07
146,Ruukki 's order book at the end of 2010 was 30 % up year-on-year and 10 % up quarter-on-quarter .,2,positive,2,positive,positive,1,0,Finistral-7B-LoRA,fpb_decontam,-15.062539100646973,2.8736781132465694e-07,-12.875039100646973,2.561281689850148e-06,-3.9457496313843876e-05,0.9999972581863403
147,The transactions would increase earnings per share in the first quarter by some EUR0 .28 .,2,positive,2,positive,positive,1,0,Finistral-7B-LoRA,fpb_decontam,-13.50003433227539,1.3709509403270204e-06,-12.31253433227539,4.4951748350285925e-06,-3.40932747349143e-05,0.9999940395355225
148,"Finnish plumbing and heating systems supplier Uponor 's net sales in continuing business operations decreased to EUR 249.1 mn in July-September 2008 , compared to EUR 262.1 mn in the third quarter of 2007 .",0,negative,0,negative,negative,1,0,Finistral-7B-LoRA,fpb_decontam,-2.276871418871451e-05,0.9999979734420776,-14.062522888183594,7.811473778929212e-07,-13.625022888183594,1.209864649354131e-06
149,"The business units of the InvestLesProm Group cover the full forest industry chain , and the Group owns forests , sawmills , paper and pulp mills , and other processing plants .",1,neutral,1,neutral,neutral,1,0,Finistral-7B-LoRA,fpb_decontam,-16.500019073486328,6.825602838489431e-08,-1.9311717551317997e-05,0.9999998807907104,-16.875019073486328,4.691163724146463e-08
150,"The acquisition was financed with $ 2.56 billion of debt arranged by Goldman , Sachs & Co. .",1,neutral,1,neutral,neutral,1,0,Finistral-7B-LoRA,fpb_decontam,-11.000384330749512,1.670120400376618e-05,-0.00038425691309385,0.9999703168869019,-11.250384330749512,1.300691110373009e-05
151,"The contract covers turnkey deliveries to all five airports operated by the authority -- John F Kennedy , LaGuardia , Newark , Teterboro and Stewart International .",1,neutral,1,neutral,neutral,1,0,Finistral-7B-LoRA,fpb_decontam,-16.812509536743164,4.993717439560896e-08,-9.775113539944869e-06,0.9999998807907104,-17.062509536743164,3.8891112552619234e-08
152,at 9:00 EET Alma Media 's Annual Report for 2009 is scheduled to be published in calendar week 9 .,1,neutral,1,neutral,neutral,1,0,Finistral-7B-LoRA,fpb_decontam,-16.125022888183594,9.931193289958173e-08,-2.3245540432981215e-05,0.9999998807907104,-16.562522888183594,6.41206057139243e-08
153,"Profit for the period was EUR 9.8 mn , up from EUR 6.0 mn in 2004 .",2,positive,2,positive,positive,1,0,Finistral-7B-LoRA,fpb_decontam,-16.187519073486328,9.329492201004541e-08,-16.875019073486328,4.691163724146463e-08,-1.9550132492440753e-05,0.9999998807907104
154,"HK Ruokatalo produces many turkey products , such as cold cuts .",1,neutral,1,neutral,neutral,1,0,Finistral-7B-LoRA,fpb_decontam,-18.7500057220459,7.194133289090132e-09,-5.245195097813848e-06,1.0,-19.3750057220459,3.850741947530878e-09
155,Le Lay succeeds Walter G++nter and will be based in Finland .,1,neutral,1,neutral,neutral,1,0,Finistral-7B-LoRA,fpb_decontam,-14.875011444091797,3.4663187875594303e-07,-1.168244216387393e-05,0.9999974966049194,-13.062511444091797,2.1233777260931674e-06
156,"In Q1 of 2009 , the company 's operating loss totalled EUR 0.3 mn , compared to a profit of EUR 3.6 mn in Q1 of 2008 .",0,negative,0,negative,negative,1,0,Finistral-7B-LoRA,fpb_decontam,-3.433168603805825e-05,0.9999949932098389,-12.62503433227539,3.2887435281736543e-06,-13.31253433227539,1.6536840803382802e-06
157,"EXEL COMPOSITES IN BRIEF Exel Composites is a technology company which designs , manufactures and markets composite profiles and tubes for industrial applications .",1,neutral,1,neutral,neutral,1,0,Finistral-7B-LoRA,fpb_decontam,-14.375053405761719,5.714986173188663e-07,-5.352353764465079e-05,0.9999961853027344,-12.625053405761719,3.288747393526137e-06
158,The terms of the transactions remained undisclosed .,1,neutral,1,neutral,neutral,1,0,Finistral-7B-LoRA,fpb_decontam,-13.187522888183594,1.8738753624347737e-06,-2.3245540432981215e-05,0.9999980926513672,-16.937522888183594,4.406932418987708e-08
159,"26 January 2011 - Finnish metal products company Componenta Oyj ( HEL : CTH1V ) said yesterday its net loss narrowed to EUR500 ,000 in the last quarter of 2010 from EUR5 .3 m for the same period a year earlier .",2,positive,2,positive,positive,1,0,Finistral-7B-LoRA,fpb_decontam,-12.750117301940918,2.9023105980741093e-06,-14.250117301940918,6.475930263150076e-07,-0.00011729506513802335,0.999996542930603
160,Feed companies Suomen Rehu and Raisio do no import GMO feed .,1,neutral,1,neutral,neutral,1,0,Finistral-7B-LoRA,fpb_decontam,-13.000028610229492,2.2603223897021962e-06,-2.8967437174287625e-05,0.9999969005584717,-14.062528610229492,7.811465252416383e-07
161,Symphony Services provides development services for Aldata GOLD .,1,neutral,1,neutral,neutral,1,0,Finistral-7B-LoRA,fpb_decontam,-15.500008583068848,1.8553906500073936e-07,-8.34461570775602e-06,0.9999995231628418,-15.000008583068848,3.05902176478412e-07
162,All depends on financing .,1,neutral,1,neutral,neutral,1,0,Finistral-7B-LoRA,fpb_decontam,-14.875008583068848,3.4663264614209766e-07,-8.4638240878121e-06,0.9999996423721313,-16.75000762939453,5.3157837243134054e-08
163,"The first phase of the logistics complex envisages the completion of some 70,000 sq m of logistics premises and the gatehouse building in November 2008 .",1,neutral,1,neutral,neutral,1,0,Finistral-7B-LoRA,fpb_decontam,-16.06253433227539,1.0571699959882608e-07,-3.528532761265524e-05,0.9999998807907104,-16.56253433227539,6.41206057139243e-08
164,Finnish communication electronics components supplier Scanfil Oyj Tuesday said sales in the first half of 2006 will be 15 % lower than during the same period a year ago .,0,negative,0,negative,negative,1,0,Finistral-7B-LoRA,fpb_decontam,-0.0001070442158379592,0.9999926090240479,-12.312606811523438,4.49516846856568e-06,-12.750106811523438,2.902299229390337e-06
165,"Before Kemira 's installation NordAlu was producing 3,500 tons of liquid and solid aluminum waste per year .",1,neutral,1,neutral,neutral,1,0,Finistral-7B-LoRA,fpb_decontam,-9.250120162963867,9.610240522306412e-05,-0.00012051333033014089,0.9999037981033325,-16.312620162963867,8.232456849555092e-08
166,"cents The profile contains business operations , the company history , major products and services , prospects , key competitors , structure and key employees , locations and subsidiaries .",1,neutral,1,neutral,neutral,1,0,Finistral-7B-LoRA,fpb_decontam,-16.81251335144043,4.9937170842895284e-08,-1.2993727978027891e-05,0.9999997615814209,-15.31251335144043,2.238028713463791e-07
167,Net sales decreased to EUR 91.6 mn from EUR 109mn in the corresponding period in 2005 .,0,negative,0,negative,negative,1,0,Finistral-7B-LoRA,fpb_decontam,-7.366862701019272e-05,0.999996542930603,-13.500073432922363,1.370954350932152e-06,-13.125073432922363,1.9947269720432814e-06
168,The Insolvency Act regulates the amount of debt that borrowers are permitted to write off .,1,neutral,1,neutral,neutral,1,0,Finistral-7B-LoRA,fpb_decontam,-14.875006675720215,3.466325892986788e-07,-7.033323527139146e-06,0.9999995231628418,-15.937506675720215,1.197930146190629e-07
169,Operating income rose to EUR 696.4 mn from EUR 600.3 mn in 2009 .,2,positive,2,positive,positive,1,0,Finistral-7B-LoRA,fpb_decontam,-15.687517166137695,1.5381733931008057e-07,-17.750017166137695,1.9555679742211396e-08,-1.7165990357170813e-05,0.9999998807907104
170,"Profit before taxes amounted to EUR 56.5 mn , down from EUR 232.9 mn a year ago .",0,negative,0,negative,negative,1,0,Finistral-7B-LoRA,fpb_decontam,-9.667406266089529e-05,0.9999896287918091,-11.750096321105957,7.889242624514736e-06,-12.875096321105957,2.5612621357140597e-06
171,The value of the three-year contract is estimated at EUR40m .,1,neutral,1,neutral,neutral,1,0,Finistral-7B-LoRA,fpb_decontam,-17.875003814697266,1.7257828943684217e-08,-3.4570634852570947e-06,1.0,-19.375003814697266,3.850741947530878e-09
172,The per-share subscription price of the shares subscribed with the option rights was EUR 1.35 .,1,neutral,1,neutral,neutral,1,0,Finistral-7B-LoRA,fpb_decontam,-17.500001907348633,2.510999053129126e-08,-2.264974000354414e-06,1.0,-18.375001907348633,1.0467402056235642e-08
173,"`` The biggest challenge was to make the piece look raw , '' Hansen said .",1,neutral,1,neutral,neutral,1,0,Finistral-7B-LoRA,fpb_decontam,-12.68765640258789,3.0894889277988113e-06,-0.00015639036428183317,0.9999951124191284,-13.25015640258789,1.7603376818442484e-06
174,"- The Group -¦ s cumulative sales during the review period were EUR 48.2 million EUR 53.1 million , 1-9/2007 and profit before taxes was EUR 1.2 1.4 million .",1,neutral,1,neutral,neutral,1,0,Finistral-7B-LoRA,fpb_decontam,-12.375073432922363,4.222807547193952e-06,-7.30726242181845e-05,0.9999896287918091,-12.000073432922363,6.144148755993228e-06
175,"RAPALA TOURNAMENT FISHING : With all the major titles already out for the holidays , bargain-priced games such as Rapala aim for a smaller audience .",1,neutral,1,neutral,neutral,1,0,Finistral-7B-LoRA,fpb_decontam,-13.062511444091797,2.123377953466843e-06,-1.168244216387393e-05,0.999997615814209,-15.375011444091797,2.1024288798798807e-07
176,"ADP News - Nov 6 , 2008 - Finnish retail software developer Aldata Solution Oyj OMX : ALD1V said today that it swung to a net profit of EUR 2.1 million USD 2.7 m for the first nine months of 2008 versus a net loss of EU",2,positive,2,positive,positive,1,0,Finistral-7B-LoRA,fpb_decontam,-11.68754768371582,8.397975761909038e-06,-11.37504768371582,1.147867260442581e-05,-4.7801782784517854e-05,0.9999802112579346
177,"A total of 1,800,000 stock options were issued in the 2003 stock option scheme .",1,neutral,1,neutral,neutral,1,0,Finistral-7B-LoRA,fpb_decontam,-18.187503814697266,1.2626097500856304e-08,-3.4570634852570947e-06,1.0,-18.875003814697266,6.348800152267131e-09
178,Operating profit rose to EUR 1.6 mn from EUR 1.1 mn in the corresponding period in 2006 .,2,positive,2,positive,positive,1,0,Finistral-7B-LoRA,fpb_decontam,-15.875015258789062,1.2751904421293148e-07,-17.687515258789062,2.0816910861753968e-08,-1.5139465176616795e-05,0.9999998807907104
179,Risk exposure by Non-life Insurance  Moving 12-month  Expenses by function in Non-life Insurance excluding expenses for investment management and expenses for other services rendered Non-life Insurance investment portfolio by allocation,1,neutral,1,neutral,neutral,1,0,Finistral-7B-LoRA,fpb_decontam,-11.375079154968262,1.1478697160782758e-05,-7.879423355916515e-05,0.9999823570251465,-12.000079154968262,6.1441041907528415e-06
180,`` The combined activities will create value for shareholders and be good for our employees and customers .,2,positive,2,positive,positive,1,0,Finistral-7B-LoRA,fpb_decontam,-15.062810897827148,2.8736846502397384e-07,-15.062810897827148,2.8736846502397384e-07,-0.00031096869497559965,0.9999995231628418
181,"Tikkurila Powder Coatings has some 50 employees at its four paint plants , which generated revenues of EUR2 .4 m USD3 .3 m in 2010 .",1,neutral,1,neutral,neutral,1,0,Finistral-7B-LoRA,fpb_decontam,-16.625022888183594,6.023573462243803e-08,-2.2172682292875834e-05,0.9999998807907104,-17.437522888183594,2.6729443547424125e-08
182,"The company is also seeking possibilities to relocate the Luumaki personnel , some 50 people , to other UPM mills .",1,neutral,1,neutral,neutral,1,0,Finistral-7B-LoRA,fpb_decontam,-16.437530517578125,7.265812485002243e-08,-3.0278701160568744e-05,0.9999994039535522,-14.562530517578125,4.7379049306073284e-07
183,"Target company : Tieto Corporation , Business Identity Code : 0101138-5 Date of change in holding : 22 January 2010 Portion of the shares and votes : The current group holding of OP-Pohjola Group Central Cooperative ( OPK ) is 2982 587 shares , which represents 4.14 % of the shares and voting rights .",1,neutral,1,neutral,neutral,1,0,Finistral-7B-LoRA,fpb_decontam,-15.937511444091797,1.1979304304077232e-07,-1.1801649634435307e-05,0.9999997615814209,-15.875011444091797,1.2751903000207676e-07
184,"Danske Bank A-S DANSKE DC jumped 3.7 percent to 133.4 kroner , rebounding from yesterday s 3.5 percent slide .",2,positive,2,positive,positive,1,0,Finistral-7B-LoRA,fpb_decontam,-12.187515258789062,5.093692379887216e-06,-12.875015258789062,2.5612691842979984e-06,-1.549708758830093e-05,0.9999923706054688
185,The new factory working model and reorganisations would decrease Nokian Tyres ' costs in the factory by EUR 30 million ( USD 38.7 m ) .,2,positive,2,positive,positive,1,0,Finistral-7B-LoRA,fpb_decontam,-14.875041007995605,3.4663256087696936e-07,-15.500041007995605,1.8553903657902993e-07,-4.088794958079234e-05,0.9999994039535522
186,Sales in Finland rose by 3.9 % and international growth was 0.7 % .,2,positive,2,positive,positive,1,0,Finistral-7B-LoRA,fpb_decontam,-16.187509536743164,9.329479411235297e-08,-13.50001049041748,1.3709569657294196e-06,-1.0132738680113107e-05,0.9999984502792358
187,Tielinja generated net sales of 7.5 mln euro $ 9.6 mln in 2005 .,1,neutral,1,neutral,neutral,1,0,Finistral-7B-LoRA,fpb_decontam,-15.937524795532227,1.197930146190629e-07,-2.52720492426306e-05,0.9999995231628418,-14.937524795532227,3.2563119134465524e-07
188,"comparable operating profit totaled EUR 854mn , up from EUR 730mn in 2004 .",2,positive,2,positive,positive,1,0,Finistral-7B-LoRA,fpb_decontam,-15.812522888183594,1.3574330637311505e-07,-16.062522888183594,1.0571698538797136e-07,-2.312633478140924e-05,0.9999997615814209
189,"The group 's operating loss was EUR 0.8 mn , down from a profit of EUR 2.5 mn in 2004 .",0,negative,0,negative,negative,1,0,Finistral-7B-LoRA,fpb_decontam,-5.4596363042946905e-05,0.9999959468841553,-12.750054359436035,2.9023087790847057e-06,-13.625054359436035,1.2098622619305388e-06
190,The sellers were EOSS Innovationsmanagement and a group of private individuals .,1,neutral,1,neutral,neutral,1,0,Finistral-7B-LoRA,fpb_decontam,-12.500126838684082,3.7266377148625907e-06,-0.00012730741582345217,0.9999958276748657,-14.750126838684082,3.9278469898818e-07
191,Finnish investment company Neomarkka is the main owner of Kuitu Finland 's successor .,1,neutral,1,neutral,neutral,1,0,Finistral-7B-LoRA,fpb_decontam,-13.812562942504883,1.0030133807958919e-06,-6.282132380874828e-05,0.9999983310699463,-14.187562942504883,6.893603767821332e-07
192,"In January-September 2007 , the group 's net sales from continuing operations rose to EUR 213.1 mn from EUR 172.6 mn in the corresponding period in 2006 .",2,positive,2,positive,positive,1,0,Finistral-7B-LoRA,fpb_decontam,-15.625022888183594,1.637376669805235e-07,-15.562522888183594,1.742978383845184e-07,-2.3364747903542593e-05,0.9999997615814209
193,"The five-storey , eco-efficient building will have a gross floor area of about 15,000 sq m. It will also include apartments .",1,neutral,1,neutral,neutral,1,0,Finistral-7B-LoRA,fpb_decontam,-17.500009536743164,2.510998697857758e-08,-9.536697689327411e-06,0.9999998807907104,-16.375009536743164,7.734421103577915e-08
194,"Panostaja owns a 68.77 pct of share capital and the voting rights of Suomen Helasto shares following an exchange of shares which was carried out on May 30 , 2007 .",1,neutral,1,neutral,neutral,1,0,Finistral-7B-LoRA,fpb_decontam,-12.375401496887207,4.2215833673253655e-06,-0.0004012971476186067,0.9996998310089111,-8.125401496887207,0.0002959558623842895
195,The bank sees a potential for Getinge share to rise .,2,positive,2,positive,positive,1,0,Finistral-7B-LoRA,fpb_decontam,-16.000011444091797,1.1253516163378663e-07,-18.187511444091797,1.2626095724499464e-08,-1.07287787614041e-05,0.9999998807907104
196,The share subscription period will expire on 30 September 2007 .,1,neutral,1,neutral,neutral,1,0,Finistral-7B-LoRA,fpb_decontam,-11.250060081481934,1.3007117559027392e-05,-6.031808152329177e-05,0.9999861717224121,-14.062560081481934,7.811381692590658e-07
197,The value of the order is EUR 2.5 mn .,1,neutral,1,neutral,neutral,1,0,Finistral-7B-LoRA,fpb_decontam,-16.875001907348633,4.691163724146463e-08,-2.622600959512056e-06,0.9999998807907104,-17.750001907348633,1.9555679742211396e-08
198,"The aim of the CEO 's Q&A sessions is to give further clarity on information , which has been made public already earlier .",1,neutral,1,neutral,neutral,1,0,Finistral-7B-LoRA,fpb_decontam,-16.500051498413086,6.825595733062073e-08,-5.1616290875244886e-05,0.9999988079071045,-13.687551498413086,1.1365636964910664e-06
199,Finnish silicon wafers manufacturer Okmetic Oyj said it swung to a net profit of 4.9 mln euro $ 6.3 mln in the first nine months of 2006 from a net loss of 1.8 mln euro $ 2.3 mln a year earlier .,2,positive,2,positive,positive,1,0,Finistral-7B-LoRA,fpb_decontam,-14.250069618225098,6.475943905570603e-07,-14.125069618225098,7.33820570530952e-07,-6.925819616299123e-05,0.9999986886978149
200,"Water Treatment Products In Australia Today , Global Research & Data Services is going to publish a market analysis about the market for chemical water treatment products in Australia .",1,neutral,1,neutral,neutral,1,0,Finistral-7B-LoRA,fpb_decontam,-15.750014305114746,1.4449793184212467e-07,-1.4185804502631072e-05,0.9999992847442627,-14.312514305114746,6.083589596528327e-07
201,"Altona stated that the private company of Altona chairman Kevin Maloney , Tulla Resources , would take up its entitlement in full .",1,neutral,1,neutral,neutral,1,0,Finistral-7B-LoRA,fpb_decontam,-11.402926445007324,1.117925512517104e-05,-0.09042686223983765,0.914890706539154,-2.4654269218444824,0.08509808778762817
202,"SRV will also build an aqua park with wellness area , a restaurant and a multifunctional ice arena .",1,neutral,1,neutral,neutral,1,0,Finistral-7B-LoRA,fpb_decontam,-15.500091552734375,1.855353701785134e-07,-9.154854342341423e-05,0.9999796152114868,-10.812591552734375,2.0145685994066298e-05
203,Almost two thirds of Olvi 's net sales come from outside Finland .,1,neutral,1,neutral,neutral,1,0,Finistral-7B-LoRA,fpb_decontam,-16.312519073486328,8.233244130906314e-08,-1.9311717551317997e-05,0.9999994039535522,-14.562519073486328,4.7379049306073284e-07
204,"Berling Capital , Umo Capital and Veikko Laine are the biggest shareholders in Amanda Capital .",1,neutral,1,neutral,neutral,1,0,Finistral-7B-LoRA,fpb_decontam,-16.9375057220459,4.406940590229169e-08,-6.556489552167477e-06,0.9999998807907104,-17.6250057220459,2.2159488466400035e-08
205,"Operating loss totalled EUR 0.9 mn , down from a profit of EUR 2.7 mn .",0,negative,0,negative,negative,1,0,Finistral-7B-LoRA,fpb_decontam,-2.13382354559144e-05,0.9999974966049194,-13.375020980834961,1.5534964177277288e-06,-13.812520980834961,1.0030125849880278e-06
206,"The transaction will have a positive impact of around EUR2m on earnings , which Ruukki will recognize during the fourth quarter of this year .",2,positive,2,positive,positive,1,0,Finistral-7B-LoRA,fpb_decontam,-14.250049591064453,6.475922873505624e-07,-12.437549591064453,3.96698351323721e-06,-4.970903682988137e-05,0.9999954700469971
207,"YIT CORPORATION SEPT. 24 , 2007 at 13:30 CORPORATE RELEASE STOCK EXCHANGE RELEASE YIT 'S CAPITAL MARKETS DAY IN LONDON , SEPT. 26 , 2007 On Wednesday , September 26 , 2007 , YIT will hold a Capital Markets Day for investors and analysts in London .",1,neutral,1,neutral,neutral,1,0,Finistral-7B-LoRA,fpb_decontam,-14.062554359436035,7.811387945366732e-07,-5.400034933700226e-05,0.999987006187439,-11.312554359436035,1.22190658657928e-05
208,"Operating profits in the half were  0.8 m , down from  0.9 m as Glisten invested in the brand and the management team .",0,negative,0,negative,negative,1,0,Finistral-7B-LoRA,fpb_decontam,-0.39946603775024414,0.6734212040901184,-1.1494660377502441,0.3181016743183136,-4.774466037750244,0.008477122522890568
209,"Revenue grew by 2 percent to  x20ac 580 million $ 743 million , from  x20ac 569 million .",2,positive,2,positive,positive,1,0,Finistral-7B-LoRA,fpb_decontam,-16.062578201293945,1.0571696407168929e-07,-14.937578201293945,3.2563119134465524e-07,-7.855583680793643e-05,0.9999995231628418
210,A merger between UPM and Finnish-Swedish Stora Enso is not likely either .,1,neutral,1,neutral,neutral,1,0,Finistral-7B-LoRA,fpb_decontam,-12.125014305114746,5.42221869181958e-06,-1.4662635294371285e-05,0.9999945163726807,-15.937514305114746,1.1979241776316485e-07
211,EBIT margin was up from 1.4 % to 5.1 % .,2,positive,2,positive,positive,1,0,Finistral-7B-LoRA,fpb_decontam,-16.81252098083496,4.993718150103632e-08,-17.43752098083496,2.6729447100137804e-08,-2.0503786799963564e-05,1.0
212,"Metsa-Botnia will finance the payment of dividends , the repayment of capital and the repurchase of its own shares with the funds deriving from its divestment of the Uruguay operations , and shares in Pohjolan Voima , and by utilising its existing financing facilities .",1,neutral,1,neutral,neutral,1,0,Finistral-7B-LoRA,fpb_decontam,-14.625015258789062,4.450849644399568e-07,-1.5616295058862306e-05,0.9999994039535522,-16.125015258789062,9.931189026701759e-08
213,"`` We have a license agreement with Nokia Corp. which in part expires on April 9 , 2007 .",1,neutral,1,neutral,neutral,1,0,Finistral-7B-LoRA,fpb_decontam,-13.187819480895996,1.8738733160716947e-06,-0.00031931069679558277,0.9999970197677612,-13.750319480895996,1.0677008503989782e-06
214,"Raisio 's bid to buy Glisten is a `` win-win '' deal for both companies , the chairman of the UK snacks firm told just-food today 10 February .",2,positive,2,positive,positive,1,0,Finistral-7B-LoRA,fpb_decontam,-14.62502670288086,4.4508442442747764e-07,-13.56252670288086,1.2878946336059016e-06,-2.7179348762729205e-05,0.9999982118606567
215,The adjustments concern staff in both the Specialty Papers and the Fiber Composites segments .,1,neutral,1,neutral,neutral,1,0,Finistral-7B-LoRA,fpb_decontam,-16.375017166137695,7.734421103577915e-08,-1.7762025890988298e-05,0.9999998807907104,-18.062517166137695,1.4307239837307861e-08
216,"With this , the company will exit the contract manufacturing service segment .",1,neutral,1,neutral,neutral,1,0,Finistral-7B-LoRA,fpb_decontam,-9.750300407409668,5.829080691910349e-05,-0.00030071981018409133,0.9999338388442993,-11.750300407409668,7.888802429079078e-06
217,"In Q1 of 2010 , Bank of +àland 's net interest income increased from EUR 9.1 mn to EUR 9.7 mn .",2,positive,2,positive,positive,1,0,Finistral-7B-LoRA,fpb_decontam,-15.812515258789062,1.357432637405509e-07,-14.875015258789062,3.466325892986788e-07,-1.5020257706055418e-05,0.9999995231628418
218,"Professional and consumer applications include personal navigation , personal safety , field and workflow management , and asset tracking .",1,neutral,1,neutral,neutral,1,0,Finistral-7B-LoRA,fpb_decontam,-17.50001335144043,2.510998697857758e-08,-1.2636104656849056e-05,0.9999998807907104,-16.43751335144043,7.265816037715922e-08
219,"Profit after taxes was EUR 0.1 mn , compared to EUR -0.4 mn the previous year .",2,positive,2,positive,positive,1,0,Finistral-7B-LoRA,fpb_decontam,-15.562525749206543,1.742977389085354e-07,-14.187525749206543,6.893609452163219e-07,-2.5748875486897305e-05,0.9999991655349731
220,Cision says the sale will return its U.K. operation to profitability .,2,positive,2,positive,positive,1,0,Finistral-7B-LoRA,fpb_decontam,-13.37504768371582,1.5534576505160658e-06,-10.56254768371582,2.5867391741485335e-05,-4.756337511935271e-05,0.9999725818634033
221,GyPSii service supports ten different languages including Korean and Russian .,1,neutral,1,neutral,neutral,1,0,Finistral-7B-LoRA,fpb_decontam,-19.062509536743164,5.263340430161634e-09,-8.940656698541716e-06,1.0,-16.937509536743164,4.406940945500537e-08
222,"After non-recurring items of EUR 177mn , profit amounted to EUR 20mn .",1,neutral,1,neutral,neutral,1,0,Finistral-7B-LoRA,fpb_decontam,-11.87503719329834,6.962153747736011e-06,-3.766942609217949e-05,0.9999783039093018,-11.12503719329834,1.4738878235220909e-05
223,The sellers were the founders of the company .,1,neutral,1,neutral,neutral,1,0,Finistral-7B-LoRA,fpb_decontam,-10.750044822692871,2.1444941012305208e-05,-4.470248313737102e-05,0.9999781847000122,-14.687544822692871,4.181097779110132e-07
224,"The company serves customers in various industries , including process and resources , industrial machinery , architecture , building , construction , electrical , transportation , electronics , chemical , petrochemical , energy , and information technology , as well as catering and households .",1,neutral,1,neutral,neutral,1,0,Finistral-7B-LoRA,fpb_decontam,-15.875021934509277,1.2751904421293148e-07,-2.1815061700181104e-05,0.9999998807907104,-16.81252098083496,4.993717439560896e-08
225,"The new Kroksberg railway tunnel will be built on a new section of track between Harnosand and Veda , forming part of the line that follows the coast of the Gulf of Bothnia .",1,neutral,1,neutral,neutral,1,0,Finistral-7B-LoRA,fpb_decontam,-14.750041961669922,3.9278518215724034e-07,-4.160317621426657e-05,0.9999970197677612,-12.875041961669922,2.5612810077291215e-06
226,L&T 's net profit for the whole 2010 dropped to EUR 36 million from EUR 45 million for 2009 .,0,negative,0,negative,negative,1,0,Finistral-7B-LoRA,fpb_decontam,-5.6980417866725475e-05,0.9999957084655762,-12.812557220458984,2.726466163949226e-06,-13.375057220458984,1.5534935755567858e-06
227,"The guidance has been set at 90 basis points over mid-swaps , the report said .",1,neutral,1,neutral,neutral,1,0,Finistral-7B-LoRA,fpb_decontam,-12.937519073486328,2.4061021122179227e-06,-1.9073304429184645e-05,0.9999974966049194,-15.812519073486328,1.357429937343113e-07
228,"For Q2 2010 , consolidated earnings before tax totaled EUR4 .5 m , compared to EUR3 .9 m , and net profit was EUR3 .2 m , compared to EUR2 .9 m in the previous year .",2,positive,2,positive,positive,1,0,Finistral-7B-LoRA,fpb_decontam,-13.125085830688477,1.9946592146879993e-06,-10.250085830688477,3.535617724992335e-05,-8.582700684200972e-05,0.999962568283081
229,SRV lowered its net sales estimate for the whole of 2008 due to uncertainties in housing sales .,0,negative,0,negative,negative,1,0,Finistral-7B-LoRA,fpb_decontam,-1.680836794548668e-05,0.9999994039535522,-17.375017166137695,2.845333035850217e-08,-14.250017166137695,6.475948453044111e-07
230,After 1 April 2007 Cencorp will not have any own employees in the territory .,1,neutral,1,neutral,neutral,1,0,Finistral-7B-LoRA,fpb_decontam,-12.625022888183594,3.2887442102946807e-06,-2.276871418871451e-05,0.999995231628418,-13.437522888183594,1.4593714467991958e-06
231,Olli-Pekka Laine has been appointed as the Chairman and Erkki Pehu-Lehtonen as the Vice Chairman of the Board .,1,neutral,1,neutral,neutral,1,0,Finistral-7B-LoRA,fpb_decontam,-16.625015258789062,6.023567777901917e-08,-1.490105023549404e-05,0.999998927116394,-13.750015258789062,1.0677028967620572e-06
232,"Operating loss of the Pulp & Paper Machinery unit was over EUR 3mn in September 2007 - August 2008 , compared to a profit of EUR 3.7 mn a year earlier .",0,negative,0,negative,negative,1,0,Finistral-7B-LoRA,fpb_decontam,-4.51792984677013e-05,0.999997615814209,-13.625044822692871,1.2098643082936178e-06,-13.625044822692871,1.2098643082936178e-06
233,The financial details of the transaction were not disclosed .,1,neutral,1,neutral,neutral,1,0,Finistral-7B-LoRA,fpb_decontam,-13.312520027160645,1.6536896509933285e-06,-1.966933996300213e-05,0.9999983310699463,-17.437519073486328,2.672940269121682e-08
234,Each share is entitled to one vote .,1,neutral,1,neutral,neutral,1,0,Finistral-7B-LoRA,fpb_decontam,-18.312503814697266,1.1142490485838152e-08,-3.099436753473128e-06,1.0,-18.937503814697266,5.964145621817352e-09
235,He confirmed his view on July 6 .,1,neutral,1,neutral,neutral,1,0,Finistral-7B-LoRA,fpb_decontam,-14.437505722045898,5.368748929868161e-07,-5.722029527532868e-06,0.9999992847442627,-15.687505722045898,1.5381723983409756e-07
236,The company will be part of Teleste 's Video and Broadband Solutions business area .,1,neutral,1,neutral,neutral,1,0,Finistral-7B-LoRA,fpb_decontam,-16.250003814697266,8.764247638737288e-08,-3.576272320060525e-06,0.9999998807907104,-17.250003814697266,3.224186428951725e-08
237,The original contract was signed last summer .,1,neutral,1,neutral,neutral,1,0,Finistral-7B-LoRA,fpb_decontam,-12.938014030456543,2.4053899778664345e-06,-0.0005136600811965764,0.9997015595436096,-8.125514030456543,0.0002959564153570682
238,Decisions are to be made as quickly as possible .,1,neutral,1,neutral,neutral,1,0,Finistral-7B-LoRA,fpb_decontam,-11.250041007995605,1.300711119256448e-05,-4.088794958079234e-05,0.9999856948852539,-13.562541007995605,1.2878784900749451e-06
239,The credit covers approximately 70 % of the ship 's price .,1,neutral,1,neutral,neutral,1,0,Finistral-7B-LoRA,fpb_decontam,-17.7500057220459,1.9555681518568235e-08,-5.364403477869928e-06,1.0,-18.4375057220459,9.833214242860322e-09
240,"As much biomass will be used as can be sourced locally , with the rest of the plant 's fuel needs met by peat .",1,neutral,1,neutral,neutral,1,0,Finistral-7B-LoRA,fpb_decontam,-13.875014305114746,9.422445828022319e-07,-1.4543427823809907e-05,0.9999990463256836,-17.750015258789062,1.955566375499984e-08
241,"The platform is based built on Intel s second-generation MID platform , called Moorestown .",1,neutral,1,neutral,neutral,1,0,Finistral-7B-LoRA,fpb_decontam,-16.68752098083496,5.658623436488597e-08,-2.098061486321967e-05,0.9999998807907104,-16.68752098083496,5.658623436488597e-08
242,Finnair 's total traffic decreased by 8.7 % in terms of revenue passenger kilometres .,0,negative,0,negative,negative,1,0,Finistral-7B-LoRA,fpb_decontam,-0.00010692501382436603,0.9999963045120239,-12.937606811523438,2.406099156360142e-06,-13.562606811523438,1.2878921324954717e-06
243,Affecto expects its net sales for the whole 2010 to increase from the 2009 level when they reached EUR 103 million .,2,positive,2,positive,positive,1,0,Finistral-7B-LoRA,fpb_decontam,-15.937508583068848,1.197930288299176e-07,-15.125008583068848,2.699577521525498e-07,-8.22540732769994e-06,0.9999996423721313
244,Kone shares dropped 4.1 percent to  x20ac 43 US$ 55.77 in Helsinki .,0,negative,0,negative,negative,1,0,Finistral-7B-LoRA,fpb_decontam,-6.389413465512916e-05,0.9999957084655762,-15.5625638961792,1.7429712784178264e-07,-12.3750638961792,4.2228330130456015e-06
245,"However , sales volumes in the food industry are expected to remain at relatively good levels in Finland and in Scandinavia , Atria said .",2,positive,2,positive,positive,1,0,Finistral-7B-LoRA,fpb_decontam,-14.812518119812012,3.689881964419328e-07,-14.000018119812012,8.315277568726742e-07,-1.7762025890988298e-05,0.9999988079071045
246,The value of the contract is in total USD12m .,1,neutral,1,neutral,neutral,1,0,Finistral-7B-LoRA,fpb_decontam,-15.562505722045898,1.742978383845184e-07,-5.602820692729438e-06,0.9999997615814209,-17.1250057220459,3.653481428500527e-08
247,Production capacity will increase from 36 000 to 85 000 tonnes per year and the raw material will continue to be recycled paper and board .,2,positive,2,positive,positive,1,0,Finistral-7B-LoRA,fpb_decontam,-16.500022888183594,6.825592180348394e-08,-13.375021934509277,1.5534976682829438e-06,-2.2411095415009186e-05,0.9999983310699463
248,"The record date for dividend distribution is March 14 , 2008 .",1,neutral,1,neutral,neutral,1,0,Finistral-7B-LoRA,fpb_decontam,-17.1250057220459,3.6534821390432626e-08,-6.079655122448457e-06,1.0,-18.1250057220459,1.3440409674103648e-08
249,"The fair value of the investment properties totaled EUR 2,534.9 mn , up from EUR 2,455.1 mn in 2006 .",2,positive,2,positive,positive,1,0,Finistral-7B-LoRA,fpb_decontam,-14.625076293945312,4.4508416863209277e-07,-13.187576293945312,1.873874452940072e-06,-7.664863369427621e-05,0.999997615814209
250,No financial information was provided .,1,neutral,1,neutral,neutral,1,0,Finistral-7B-LoRA,fpb_decontam,-13.500033378601074,1.3709569657294196e-06,-3.349725011503324e-05,0.9999984502792358,-15.875033378601074,1.2751885947182018e-07
251,"In the third quarter of 2007 , net sales totaled EUR 25.95 mn , and operating profit EUR 3.88 mn .",1,neutral,1,neutral,neutral,1,0,Finistral-7B-LoRA,fpb_decontam,-16.06251335144043,1.0571699959882608e-07,-1.2516897186287679e-05,0.9999998807907104,-16.56251335144043,6.41206057139243e-08
252,Operating profit rose to EUR 13.1 mn from EUR 8.7 mn in the corresponding period in 2007 representing 7.7 % of net sales .,2,positive,2,positive,positive,1,0,Finistral-7B-LoRA,fpb_decontam,-15.500025749206543,1.8553907921159407e-07,-16.37502670288086,7.734418971949708e-08,-2.610649426060263e-05,0.9999996423721313
253,The group 's net sales in 2007 were EUR683 .6 m.,1,neutral,1,neutral,neutral,1,0,Finistral-7B-LoRA,fpb_decontam,-15.812512397766113,1.3574330637311505e-07,-1.2397689715726301e-05,0.9999997615814209,-15.875012397766113,1.2751903000207676e-07
254,"In Finland , the city of Forssa has said it will not pay compensation to food industry companies HK Ruokatalo and Atria for the lye leak into tap water that occurred in March 2008 .",0,negative,0,negative,negative,1,0,Finistral-7B-LoRA,fpb_decontam,-9.63164638960734e-05,0.9999974966049194,-13.937596321105957,8.851554866851075e-07,-13.312596321105957,1.6536882867512759e-06
255,"The inventors are Mukkavilli Krishna Kiran , Sabharwal Ashutosh and Aazhang Behnaam .",1,neutral,1,neutral,neutral,1,0,Finistral-7B-LoRA,fpb_decontam,-17.937501907348633,1.6212228004519602e-08,-2.861018856492592e-06,1.0,-19.187501907348633,4.6448813684207835e-09
256,Consolidated operating profit from continuing operations decreased by 62.3 % to EUR 51.2 mn from EUR 135.7 mn in 2007 .,0,negative,0,negative,negative,1,0,Finistral-7B-LoRA,fpb_decontam,-0.00010764019680209458,0.9999910593032837,-11.875107765197754,6.9622424234694336e-06,-13.125107765197754,1.99471605810686e-06
257,Finnish Bank of +àland reports its operating profit fell to EUR 4.9 mn in the third quarter of 2007 from EUR 5.6 mn in the third quarter of 2006 .,0,negative,0,negative,negative,1,0,Finistral-7B-LoRA,fpb_decontam,-5.245071224635467e-05,0.9999923706054688,-12.437552452087402,3.966971235058736e-06,-12.500052452087402,3.7266247545630904e-06
258,"Cost cutting measures , which have produced around EUR70m of savings over the past nine months , have dampened the airline 's loss , Finnair said .",2,positive,2,positive,positive,1,0,Finistral-7B-LoRA,fpb_decontam,-10.875152587890625,1.8924902178696357e-05,-11.250152587890625,1.3006881999899633e-05,-0.00015293381875380874,0.9999680519104004
259,The new location is n't the only change Wellmont has in store for its air transport service .,1,neutral,1,neutral,neutral,1,0,Finistral-7B-LoRA,fpb_decontam,-15.187518119812012,2.536017973397975e-07,-1.847726889536716e-05,0.9999994039535522,-15.062518119812012,2.873684366022644e-07
260,The agreement includes the entire process of managing Mercator 's supply chain in all regions where the company is currently present .,1,neutral,1,neutral,neutral,1,0,Finistral-7B-LoRA,fpb_decontam,-17.812503814697266,1.8370862164829305e-08,-4.0531076592742465e-06,1.0,-17.750003814697266,1.9555681518568235e-08
261,"Cargotec Corporation , Press Release , August 26 , 2008 at 10 a.m. Finnish time Cargotec 's MacGREGOR business area providing marine cargo handling and offshore load handling solutions has received significant offshore crane retrofit order .",2,positive,2,positive,positive,1,0,Finistral-7B-LoRA,fpb_decontam,-15.62503719329834,1.6373755329368578e-07,-13.93753719329834,8.851568509271601e-07,-3.71926071238704e-05,0.9999990463256836
262,"Both operating profit and net sales for the 12-month period increased , respectively from EUR10 .5 m and EUR28 .8 m , as compared to the financial year 2004 .",2,positive,2,positive,positive,1,0,Finistral-7B-LoRA,fpb_decontam,-13.625046730041504,1.2098595334464335e-06,-12.187546730041504,5.093698746350128e-06,-4.708655978902243e-05,0.9999936819076538
263,Alfa group will have 43.9 % of voting stock in the new company and Telenor 35.4 % with a free float of 20.7 % .,1,neutral,1,neutral,neutral,1,0,Finistral-7B-LoRA,fpb_decontam,-15.750011444091797,1.444979460529794e-07,-1.1920858014491387e-05,0.9999994039535522,-14.562511444091797,4.7379049306073284e-07
264,"`` After a long , unprofitable period the Food Division posted a profitable result , which speaks of a healthier cost structure and a new approach in business operations , '' Rihko said .",2,positive,2,positive,positive,1,0,Finistral-7B-LoRA,fpb_decontam,-14.50027847290039,5.04347383412096e-07,-15.93777847290039,1.1979300040820817e-07,-0.00027855331427417696,0.9999994039535522
265,"Vaahto Pulp & Paper , of Finnish Vaahto Group , has been awarded an order to renovate Finnish-Swedish forest industry company Stora Enso 's paperboard machine at the Ingerois Board Mill in Finland .",2,positive,2,positive,positive,1,0,Finistral-7B-LoRA,fpb_decontam,-15.875025749206543,1.2751885947182018e-07,-13.437525749206543,1.4593761079595424e-06,-2.610649426060263e-05,0.9999984502792358
266,"Profit per share was EUR 1.03 , up from EUR 0.87 .",2,positive,2,positive,positive,1,0,Finistral-7B-LoRA,fpb_decontam,-16.437509536743164,7.265816037715922e-08,-17.250009536743164,3.224186428951725e-08,-8.940656698541716e-06,0.9999998807907104
267,"During the strike , Finnair estimates to incur a net loss of between EUR2m and EUR2 .5 m per day .",0,negative,0,negative,negative,1,0,Finistral-7B-LoRA,fpb_decontam,-0.00017951308109331876,0.9999973773956299,-13.937679290771484,8.851553729982697e-07,-13.250179290771484,1.7603416608835687e-06
268,"The prerequisite for inclusion in the program and for receipt of any gains is that key employees acquire Aspo shares to the amount determined by the Board in advance , in the maximum .",1,neutral,1,neutral,neutral,1,0,Finistral-7B-LoRA,fpb_decontam,-12.375041007995605,4.222818461130373e-06,-4.1126360883936286e-05,0.9999922513961792,-12.562541007995605,3.50083973899018e-06
269,"Profit for the period was EUR 5.9 mn , up from EUR 1.3 mn .",2,positive,2,positive,positive,1,0,Finistral-7B-LoRA,fpb_decontam,-16.625001907348633,6.023573462243803e-08,-16.687501907348633,5.658623436488597e-08,-2.7418097943154862e-06,0.9999998807907104
270,"When dialing in , the participants should quote 877417 as conference ID .",1,neutral,1,neutral,neutral,1,0,Finistral-7B-LoRA,fpb_decontam,-18.1875057220459,1.2626097500856304e-08,-5.364403477869928e-06,1.0,-18.0625057220459,1.43072416136647e-08
271,Competition authorities will have to approve the deal before it can be finalized .,1,neutral,1,neutral,neutral,1,0,Finistral-7B-LoRA,fpb_decontam,-16.62501335144043,6.023573462243803e-08,-1.2636104656849056e-05,0.9999998807907104,-16.75001335144043,5.315784790127509e-08
272,"Mr Ashley , deputy executive chairman of Sports Direct , sold a 43pc stake in the company for more than pounds 900m at the time of the float .",1,neutral,1,neutral,neutral,1,0,Finistral-7B-LoRA,fpb_decontam,-10.31267261505127,3.3212687412742525e-05,-0.00017236177518498152,0.999921441078186,-10.00017261505127,4.539636574918404e-05
273,Kauko-Telko 's centralized administration will be dissolved and appropriate parts of it will be transferred to operating activities and Group administration by the end of the year .,1,neutral,1,neutral,neutral,1,0,Finistral-7B-LoRA,fpb_decontam,-17.50001335144043,2.510999053129126e-08,-1.3112935448589269e-05,1.0,-17.56251335144043,2.3588654585182667e-08
274,"The orders are for 26 machine-room-less KONE MonoSpace elevators , which would be installed during 2006 .",1,neutral,1,neutral,neutral,1,0,Finistral-7B-LoRA,fpb_decontam,-12.125945091247559,5.420158686320065e-06,-0.0009446449112147093,0.9996145963668823,-7.8759446144104,0.00037998249172233045
275,The original patent was filed in Finland under application No. .,1,neutral,1,neutral,neutral,1,0,Finistral-7B-LoRA,fpb_decontam,-13.187525749206543,1.8738742255663965e-06,-2.586808113846928e-05,0.9999974966049194,-14.250025749206543,6.475935947491962e-07
276,"The total size of the complex is around 25,000 m2 and the project will be constructed in stages .",1,neutral,1,neutral,neutral,1,0,Finistral-7B-LoRA,fpb_decontam,-18.312511444091797,1.1142490485838152e-08,-1.0967194612021558e-05,1.0,-18.906261444091797,6.153467957403791e-09
277,Talvivaara is listed on the London Stock Exchange Main Market and NASDAQ OMX Helsinki and is included in the FTSE 250 Index .,1,neutral,1,neutral,neutral,1,0,Finistral-7B-LoRA,fpb_decontam,-16.43750762939453,7.265813906087715e-08,-7.629365427419543e-06,0.9999996423721313,-15.187507629394531,2.5360185418321635e-07
278,"The Baltimore Police and Fire Pension , which has about $ 1.5 billion , lost about $ 3.5 million in Madoff Ponzi scheme .",0,negative,0,negative,negative,1,0,Finistral-7B-LoRA,fpb_decontam,-0.0005094899097457528,0.9998189806938171,-8.625509262084961,0.00017952769121620804,-13.375509262084961,1.553219021843688e-06
279,It is estimated that the consolidated turnover of Kausta Guder will reach Lt 53mn US$ 22.53 mn EUR 15.35 mn in 2007 .,1,neutral,1,neutral,neutral,1,0,Finistral-7B-LoRA,fpb_decontam,-12.651481628417969,3.20338222081773e-06,-0.026481570675969124,0.9740395545959473,-3.6514816284179688,0.025957275182008743
280,BioTie North-American licensing partner Somaxon Pharmaceuticals started a phase II-III clinical study in patients suffering from pathological gambling and a pilot phase II study in nicotine addiction smoking cessation .,1,neutral,2,positive,positive,0,0,Finistral-7B-LoRA,fpb_decontam,-13.313591003417969,1.6519826431249385e-06,-6.876091003417969,0.0010322292800992727,-0.00109112320933491,0.9989660978317261
281,"In the fourth quarter of 2008 , net sales decreased to EUR 121.4 mn from EUR 165.5 mn in the fourth quarter of 2007 .",0,negative,0,negative,negative,1,0,Finistral-7B-LoRA,fpb_decontam,-4.815939246327616e-05,0.9999980926513672,-14.31254768371582,6.083582775318064e-07,-13.56254768371582,1.2878944062322262e-06
282,"Finnish power supply solutions and systems provider Efore Oyj said its net loss widened to 3.2 mln euro $ 4.2 mln for the first quarter of fiscal 2006-2007 ending October 31 , 2007 from 900,000 euro $ 1.2 mln for the same period of fiscal 2005-06 .",0,negative,0,negative,negative,1,0,Finistral-7B-LoRA,fpb_decontam,-7.450303382938728e-05,0.999992847442627,-12.18757438659668,5.09369465362397e-06,-13.12507438659668,1.994719468711992e-06
283,"Equipment will be manufactured in Vaahto 's workshop in Hollola , Finland and is scheduled for shipments during the first quarter of 2009 .",1,neutral,1,neutral,neutral,1,0,Finistral-7B-LoRA,fpb_decontam,-15.750042915344238,1.4449797447468882e-07,-4.327203714638017e-05,0.9999996423721313,-15.187542915344238,2.5360185418321635e-07
284,"Sampo Housing Loan Bank , a unit of Finland 's Sampo Bank , has priced its EUR1bn ( USD1 .3 bn ) bond at 99.889 % , Reuters reported .",1,neutral,1,neutral,neutral,1,0,Finistral-7B-LoRA,fpb_decontam,-9.125207901000977,0.00010889471741393209,-0.0002076410164590925,0.9998708963394165,-10.812707901000977,2.014349593082443e-05
285,The total capital of funds managed by the bank decreased by 28 % to EUR 284mn by the end of September 2008 .,0,negative,0,negative,negative,1,0,Finistral-7B-LoRA,fpb_decontam,-7.652943895664066e-05,0.9999977350234985,-14.187576293945312,6.893599788782012e-07,-13.375076293945312,1.553496758788242e-06
286,"Founded in 1985 , Quatrocon 's clientele consists of public sector builders , central trading companies and major construction firms .",1,neutral,1,neutral,neutral,1,0,Finistral-7B-LoRA,fpb_decontam,-15.812531471252441,1.3574330637311505e-07,-3.135155202471651e-05,0.9999997615814209,-16.375030517578125,7.734419682492444e-08
287,"In its financial report , published on Friday , SEB said its net profit soared to SEK6 .745 bn in 2010 from a year-earlier SEK1 .114 bn and proposed a 50 % dividend increase to SEK1 .50 per share .",2,positive,2,positive,positive,1,0,Finistral-7B-LoRA,fpb_decontam,-14.875056266784668,3.4663227665987506e-07,-13.750056266784668,1.067702555701544e-06,-5.6265202147187665e-05,0.9999985694885254
288,ASSA ABLOY Kaupthing Bank gave a ` neutral ' recommendation and a share price target of 174 crowns $ 24.7 - 19 euro on Swedish lock maker Assa Abloy AB .,1,neutral,1,neutral,neutral,1,0,Finistral-7B-LoRA,fpb_decontam,-8.254108428955078,0.0002606870839372277,-0.25410810112953186,0.7770972847938538,-1.5041080713272095,0.22264209389686584
289,"Previously , EB delivered a custom solution for LG Electronics and now is making it commercially available for other mobile terminal vendors as well as to wireless operators .",2,positive,2,positive,positive,1,0,Finistral-7B-LoRA,fpb_decontam,-11.087610244750977,1.537054959044326e-05,-3.9001107215881348,0.020332040265202522,-0.025110606104135513,0.9796525239944458
290,"Sullivan said some of the boards `` really involve a lot of work , and people should get paid for their time . ''",1,neutral,1,neutral,neutral,1,0,Finistral-7B-LoRA,fpb_decontam,-14.500020027160645,5.043470991950016e-07,-1.9788545614574105e-05,0.999998927116394,-14.375020027160645,5.715001520911756e-07
291,"schwalm ( at ) outotec.com Eila Paatela , Vice President - Corporate Communications tel. +358 20 529 2004 , mobile +358 400 817198 e-mail eila .",1,neutral,1,neutral,neutral,1,0,Finistral-7B-LoRA,fpb_decontam,-14.125086784362793,7.338202294704388e-07,-8.67805938469246e-05,0.9999982118606567,-13.750086784362793,1.0677021009541932e-06
292,The company now estimates its net sales in 2010 to increase considerably from 2009 and its operating result to be clearly positive .,2,positive,2,positive,positive,1,0,Finistral-7B-LoRA,fpb_decontam,-16.062519073486328,1.0571698538797136e-07,-15.937519073486328,1.1979304304077232e-07,-1.9073304429184645e-05,0.9999997615814209
293,"The fair value of the property portfolio doubled as a result of the Kapiteeli acquisition and totalled EUR 2,686.2 1,259.7 million .",2,positive,2,positive,positive,1,0,Finistral-7B-LoRA,fpb_decontam,-15.312660217285156,2.23794444309533e-07,-10.187660217285156,3.7636436900356784e-05,-0.00016068121476564556,0.9999620914459229
294,"Cencorp would focus on the development , manufacture and marketing of standard products for production automation .",1,neutral,1,neutral,neutral,1,0,Finistral-7B-LoRA,fpb_decontam,-14.1875581741333,6.893592967571749e-07,-5.781483559985645e-05,0.9999967813491821,-12.8750581741333,2.5612805529817706e-06
295,The contract is worth some EUR 1 million .,1,neutral,1,neutral,neutral,1,0,Finistral-7B-LoRA,fpb_decontam,-17.312501907348633,3.028842954222455e-08,-1.9073468138230965e-06,1.0,-17.687501907348633,2.0816912638110807e-08
296,"For 2009 , net profit was EUR 3 million and the company paid a dividend of EUR 1.30 apiece .",1,neutral,1,neutral,neutral,1,0,Finistral-7B-LoRA,fpb_decontam,-13.687591552734375,1.1365629006832023e-06,-9.178694017464295e-05,0.9999980926513672,-14.125091552734375,7.338201157836011e-07
297,"The mill will have capacity to produce 500,000 tonnes of pulp per year .",1,neutral,1,neutral,neutral,1,0,Finistral-7B-LoRA,fpb_decontam,-17.750024795532227,1.9555679742211396e-08,-2.407998726994265e-05,0.9999998807907104,-16.250024795532227,8.764247638737288e-08
298,"Nokia shares hit 13.21 euros on Friday , down 50 percent from the start of the year in part because of the slow introduction of touch-screen models .",0,negative,0,negative,negative,1,0,Finistral-7B-LoRA,fpb_decontam,-2.5510462364763953e-05,0.9999986886978149,-14.187525749206543,6.893606041558087e-07,-14.250025749206543,6.475943905570603e-07
299,Cash flow from operations in January-December 2008 was a negative EUR 18.1 mn compared to EUR 39.0 mn in the corresponding period in 2007 .,0,negative,0,negative,negative,1,0,Finistral-7B-LoRA,fpb_decontam,-6.3774932641536e-05,0.9999881982803345,-11.5625638961792,9.516230420558713e-06,-13.0000638961792,2.260302835566108e-06
300,"Once your plants are in the ground they will continue to grow , but the success of any garden lies in how well it 's maintained .",1,neutral,1,neutral,neutral,1,0,Finistral-7B-LoRA,fpb_decontam,-17.5000057220459,2.510999053129126e-08,-5.602820692729438e-06,1.0,-17.6875057220459,2.0816912638110807e-08
301,The increase range will vary up to 10 % .,1,neutral,1,neutral,neutral,1,0,Finistral-7B-LoRA,fpb_decontam,-13.562545776367188,1.2878856523457216e-06,-4.565611743601039e-05,0.9999912977218628,-11.812545776367188,7.411270416923799e-06
302,The company operates power plants in the Tyumen and Chelyabinsk regions and in the Khanty-Mansi Autonomous District .,1,neutral,1,neutral,neutral,1,0,Finistral-7B-LoRA,fpb_decontam,-16.75000762939453,5.315784790127509e-08,-8.583032467868179e-06,0.9999998807907104,-16.81250762939453,4.993717439560896e-08
303,"Net cash from operating activities was a negative EUR 0.3 mn , compared to EUR 30.9 mn in 2009 .",0,negative,0,negative,negative,1,0,Finistral-7B-LoRA,fpb_decontam,-6.639736966462806e-05,0.9999659061431885,-10.375066757202148,3.120182373095304e-05,-12.750066757202148,2.902221694967011e-06
304,"The flagship will open this fall in Manhattan 's Flatiron District in the `` Toy Building , '' at 200 Fifth Avenue .",1,neutral,1,neutral,neutral,1,0,Finistral-7B-LoRA,fpb_decontam,-11.189764976501465,1.3820940694131423e-05,-0.0022650319151580334,0.9981759786605835,-6.314764976501465,0.0018101859604939818
305,All YIT Capital Markets Day materials will be available on the company 's Internet site at www.yitgroup.com/investors at 10:30 on September 26 .,1,neutral,1,neutral,neutral,1,0,Finistral-7B-LoRA,fpb_decontam,-17.31250762939453,3.028842598951087e-08,-6.9141146923357155e-06,0.9999998807907104,-17.18750762939453,3.432128536928758e-08
306,Export declined by 6 percent to 16.4 million liters .,0,negative,0,negative,negative,1,0,Finistral-7B-LoRA,fpb_decontam,-1.8000440832111053e-05,0.9999973773956299,-14.875018119812012,3.466318503342336e-07,-13.000018119812012,2.2603235265705734e-06
307,"The biggest sellers in the chain 's supermarkets in Finland are organic Pirkka tomatoes , carrots , eggs , and meat products .",1,neutral,1,neutral,neutral,1,0,Finistral-7B-LoRA,fpb_decontam,-12.691648483276367,3.076919938393985e-06,-0.004148924257606268,0.9959267973899841,-5.504148960113525,0.00407012552022934
308,The company continued the development of a fully human antibody in its VAP-1 antibody program .,1,neutral,1,neutral,neutral,1,0,Finistral-7B-LoRA,fpb_decontam,-11.793890953063965,7.557223398180213e-06,-0.04389089718461037,0.9579049944877625,-3.168890953063965,0.042087409645318985
309,"Cardona slowed her vehicle , turned around and returned to the intersection , where she called 911 .",1,neutral,1,neutral,neutral,1,0,Finistral-7B-LoRA,fpb_decontam,-15.437503814697266,1.9750534363538463e-07,-4.172316494077677e-06,0.9999997615814209,-16.375003814697266,7.734419682492444e-08
310,"We know that it exists , '' Artemyev said .",1,neutral,1,neutral,neutral,1,0,Finistral-7B-LoRA,fpb_decontam,-14.187525749206543,6.893548629705037e-07,-2.610649426060263e-05,0.9999903440475464,-11.625025749206543,8.939689905673731e-06
311,Finnish metal products company Componenta Oyj net profit went slightly down to 25.1 mln euro ( $ 40.2 mln ) for the first half of 2008 from 25.4 mln euro ( $ 40.7 mln ) for the same period of 2007 .,0,negative,0,negative,negative,1,0,Finistral-7B-LoRA,fpb_decontam,-0.0001280225842492655,0.9999525547027588,-10.125127792358398,4.006339440820739e-05,-11.812627792358398,7.410983471345389e-06
312,"The subsidiary will be responsible for filter sales , local assembly of filters and after market services in China .",1,neutral,1,neutral,neutral,1,0,Finistral-7B-LoRA,fpb_decontam,-14.750030517578125,3.927860063868138e-07,-3.0278701160568744e-05,0.9999991655349731,-14.562530517578125,4.737903793738951e-07
313,Sports equipment sales also progressed well owing to the prolonged winter season .,2,positive,2,positive,positive,1,0,Finistral-7B-LoRA,fpb_decontam,-15.25002384185791,2.3823679384804564e-07,-14.50002384185791,5.043473265686771e-07,-2.372236667724792e-05,0.9999992847442627
314,Finnish food industry company L+ñnnen Tehtaat is planning changes to its fish product business .,1,neutral,1,neutral,neutral,1,0,Finistral-7B-LoRA,fpb_decontam,-13.937689781188965,8.851517918628815e-07,-0.00018940561858471483,0.9999933242797852,-12.062689781188965,5.7719144024304114e-06
315,"The contract also includes installation work in a new multistorey carpark for close on 1,000 vehicles .",1,neutral,1,neutral,neutral,1,0,Finistral-7B-LoRA,fpb_decontam,-17.437519073486328,2.6729443547424125e-08,-1.9073304429184645e-05,0.9999998807907104,-17.062519073486328,3.8891112552619234e-08
316,RL-Nordic is a part of Raiffeisen-Banking-Group Austria and is a subsidiary to Raiffeisen-Leasing GmbH in Austria .,1,neutral,1,neutral,neutral,1,0,Finistral-7B-LoRA,fpb_decontam,-14.750041961669922,3.9278612007365155e-07,-4.1960789531003684e-05,0.9999994039535522,-15.187541961669922,2.536017973397975e-07
317,Filmiteollisuus Fine Ab will be transferred to Talentum Oyj in the form of a subsidiary .,1,neutral,1,neutral,neutral,1,0,Finistral-7B-LoRA,fpb_decontam,-15.625019073486328,1.6373732592001033e-07,-1.8715683836489916e-05,0.999997615814209,-13.000019073486328,2.2603239813179243e-06
318,Return on investment ROI was 4.1 % compared to 43.8 % in the first half of 2008 .,0,negative,0,negative,negative,1,0,Finistral-7B-LoRA,fpb_decontam,-0.003955874126404524,0.9963167905807495,-5.628955841064453,0.0035932795144617558,-9.316455841064453,8.995599637273699e-05
319,The annual net sales of the unit is some EUR 5 million and it currently employs some 55 people .,1,neutral,1,neutral,neutral,1,0,Finistral-7B-LoRA,fpb_decontam,-18.62500762939453,8.152020392060422e-09,-8.583032467868179e-06,1.0,-19.62500762939453,2.998960857425459e-09
320,The company will release its 2010 results on 11 February 2011 .,1,neutral,1,neutral,neutral,1,0,Finistral-7B-LoRA,fpb_decontam,-18.5625057220459,8.67778116031559e-09,-5.960446742392378e-06,1.0,-19.4375057220459,3.6174372386454934e-09
321,"Tiimari , the Finnish retailer , reported to have geenrated quarterly revenues totalling EUR 1.3 mn in the 4th quarter 2009 , up from EUR 0.3 mn loss in 2008 .",2,positive,2,positive,positive,1,0,Finistral-7B-LoRA,fpb_decontam,-15.250043869018555,2.382367654263362e-07,-14.312543869018555,6.083589028094138e-07,-4.4225667807040736e-05,0.9999991655349731
322,The purchase sum is about EUR 10mn US$ 12.97 mn .,1,neutral,1,neutral,neutral,1,0,Finistral-7B-LoRA,fpb_decontam,-17.1875057220459,3.432128892200126e-08,-5.006777428206988e-06,1.0,-17.8125057220459,1.8370862164829305e-08
323,The bank VTB24 provides mortgage loans to buy apartments in the complex at 11-13 % per annum in rubles .,1,neutral,1,neutral,neutral,1,0,Finistral-7B-LoRA,fpb_decontam,-15.25002384185791,2.3823687911317393e-07,-2.372236667724792e-05,0.9999996423721313,-16.000022888183594,1.1253524689891492e-07
324,"The buildings , with about 40 condominiums each , will be built in 4 or 5 stages .",1,neutral,1,neutral,neutral,1,0,Finistral-7B-LoRA,fpb_decontam,-16.875017166137695,4.691163724146463e-08,-1.6331539882230572e-05,0.9999998807907104,-17.250017166137695,3.224186428951725e-08
325,`` Marimekko operates in an industry in which changes in the business climate are reflected in consumer demand .,1,neutral,1,neutral,neutral,1,0,Finistral-7B-LoRA,fpb_decontam,-15.125142097473145,2.6995778057425923e-07,-0.00014220656885299832,0.9999997615814209,-17.50014305114746,2.510998520222074e-08
326,"Tecnomen , headquartered in Espoo , Finland , develops messaging and charging solutions for telecomms operators and service providers worldwide .",1,neutral,1,neutral,neutral,1,0,Finistral-7B-LoRA,fpb_decontam,-14.875012397766113,3.466323903467128e-07,-1.2516897186287679e-05,0.999998927116394,-14.125012397766113,7.338207410612085e-07
327,Ixonos will finance the acquisition through a 3.8 mln euro $ 5.2 mln loan .,1,neutral,1,neutral,neutral,1,0,Finistral-7B-LoRA,fpb_decontam,-12.187623977661133,5.093698291602777e-06,-0.00012385078298393637,0.9999935626983643,-13.562623977661133,1.2878886082035024e-06
328,"Finnish Exel Composites , a technology company that designs , manufactures , and markets composite profiles and tubes for various industrial applications , reports its net sales decreased by 0.6 % in the second quarter of 2010 to EUR 19.2 mn from EUR 19.3 mn in the corresponding period in 2009 .",0,negative,0,negative,negative,1,0,Finistral-7B-LoRA,fpb_decontam,-8.987976616481319e-05,0.9999433755874634,-9.875089645385742,5.144194801687263e-05,-12.187589645385742,5.093442723591579e-06
329,The issue came up in connection with discussion with local municipalities concerning the sale of water to industrial facilities .,1,neutral,1,neutral,neutral,1,0,Finistral-7B-LoRA,fpb_decontam,-15.437514305114746,1.9750534363538463e-07,-1.4662635294371285e-05,0.9999997615814209,-17.437515258789062,2.6729439994710447e-08
330,Pretax profit rose to EUR 0.6 mn from EUR 0.4 mn in the corresponding period in 2005 .,2,positive,2,positive,positive,1,0,Finistral-7B-LoRA,fpb_decontam,-15.312519073486328,2.2380284292466968e-07,-16.437519073486328,7.265813906087715e-08,-1.9430925021879375e-05,0.9999996423721313
331,Terms of the acquisition were not disclosed .,1,neutral,1,neutral,neutral,1,0,Finistral-7B-LoRA,fpb_decontam,-13.000017166137695,2.2603239813179243e-06,-1.6927575416048057e-05,0.999997615814209,-15.937517166137695,1.1979278724538744e-07
332,"Elcoteq Dongguan was established in 1999 in the Nancheng District of Dongguan , China and is one of Elcoteq s four volume manufacturing plants in the Asia-Pacific region .",1,neutral,1,neutral,neutral,1,0,Finistral-7B-LoRA,fpb_decontam,-17.125009536743164,3.653481783771895e-08,-9.059865078597795e-06,0.9999998807907104,-16.750009536743164,5.315784790127509e-08
333,The Bank is also examining the benefits of transferring the Swedish business to operate as a branch office so that the operations would be governed by Finland 's laws .,1,neutral,1,neutral,neutral,1,0,Finistral-7B-LoRA,fpb_decontam,-16.750022888183594,5.315784079584773e-08,-2.2172682292875834e-05,0.9999997615814209,-15.687521934509277,1.5381731088837114e-07
334,"The order comprises all production lines for a plywood mill , company said in a statement received by Lesprom Network .",1,neutral,1,neutral,neutral,1,0,Finistral-7B-LoRA,fpb_decontam,-17.437509536743164,2.6729447100137804e-08,-9.179073458653875e-06,1.0,-17.437509536743164,2.6729447100137804e-08
335,A huge issue for us is the button placement .,1,neutral,0,negative,negative,0,0,Finistral-7B-LoRA,fpb_decontam,-0.0053076306357979774,0.9947781562805176,-5.255307674407959,0.0052201165817677975,-13.2553071975708,1.7511540590930963e-06
336,"Construction work on the Helsinki Music Centre is to start this autumn , with the total cost of the project estimated at 140 million euros .",1,neutral,1,neutral,neutral,1,0,Finistral-7B-LoRA,fpb_decontam,-13.375092506408691,1.5534551494056359e-06,-9.214453893946484e-05,0.9999709129333496,-10.500092506408691,2.7535650588106364e-05
337,"LEED is an internationally recognized green building certification system , developed by the U.S. Green Building Council .",1,neutral,1,neutral,neutral,1,0,Finistral-7B-LoRA,fpb_decontam,-18.0625057220459,1.4307238060951022e-08,-6.556489552167477e-06,0.9999997615814209,-15.437506675720215,1.9750534363538463e-07
338,Finnish developer and manufacturer of mobile phone chargers Salcomp Plc OMX Helsinki : SAL1V on Wednesday 19 November lowered its full-year net sales estimate .,0,negative,0,negative,negative,1,0,Finistral-7B-LoRA,fpb_decontam,-2.3007127310847864e-05,0.9999972581863403,-14.937522888183594,3.2563045238021004e-07,-12.937522888183594,2.4061014300968964e-06
339,"Products include Consumer Electronics devices such as mobile phones and their accessories , set-top boxes , flat panel TVs as well as System Solutions products such as infrastructure systems , modules and other industrial segment products .",1,neutral,1,neutral,neutral,1,0,Finistral-7B-LoRA,fpb_decontam,-16.187519073486328,9.329491490461805e-08,-1.9073304429184645e-05,0.9999997615814209,-16.187519073486328,9.329491490461805e-08
340,Sales increased due to growing market rates and increased operations .,2,positive,2,positive,positive,1,0,Finistral-7B-LoRA,fpb_decontam,-15.68751335144043,1.5381733931008057e-07,-16.81251335144043,4.993717439560896e-08,-1.2993727978027891e-05,0.9999998807907104
341,"Finnish Talentum reports its operating profit increased to EUR 20.5 mn in 2005 from EUR 9.3 mn in 2004 , and net sales totaled EUR 103.3 mn , up from EUR 96.4 mn .",2,positive,2,positive,positive,1,0,Finistral-7B-LoRA,fpb_decontam,-16.375011444091797,7.734418971949708e-08,-15.500012397766113,1.8553907921159407e-07,-1.2278481335670222e-05,0.9999996423721313
342,"In the first quarter of 2008 , Sacanfil 's net sales totalled EUR 50.0 mn and its operating profit EUR 4.7 mn .",1,neutral,1,neutral,neutral,1,0,Finistral-7B-LoRA,fpb_decontam,-15.187519073486328,2.5360185418321635e-07,-1.8715683836489916e-05,0.9999996423721313,-15.750019073486328,1.4449797447468882e-07
343,"Tallink Silja attributes the significant drop to problems with the booking system that was taken into operation in October , the sale of trailer ferry ` Sky Wind ' and the route between Stockholm and Riga , which has won passengers from the Helsinki-Stockholm route .",0,negative,0,negative,negative,1,0,Finistral-7B-LoRA,fpb_decontam,-9.417090768693015e-05,0.9999769926071167,-10.750094413757324,2.1444915546453558e-05,-13.375094413757324,1.5534645854131668e-06
344,No financial details were disclosed .,1,neutral,1,neutral,neutral,1,0,Finistral-7B-LoRA,fpb_decontam,-12.875022888183594,2.561281689850148e-06,-2.312633478140924e-05,0.9999972581863403,-15.750022888183594,1.4449763341417565e-07
345,"Finnish airline Finnair has won a deal with the UK public sector to be the official airline for flights from London Heathrow to Osaka in Japan , as well as flights between Manchester in the UK and Helsinki in Finland .",2,positive,2,positive,positive,1,0,Finistral-7B-LoRA,fpb_decontam,-15.812525749206543,1.3574320689713204e-07,-14.062525749206543,7.811482305442041e-07,-2.5748875486897305e-05,0.9999990463256836
346,"Meanwhile , Alfa owns 25.1 % of MegaFon through Altimo , and 4.99 % of Turkcell via an 18.5 % stake in Cukurova Holding .",1,neutral,1,neutral,neutral,1,0,Finistral-7B-LoRA,fpb_decontam,-16.312511444091797,8.233246973077257e-08,-1.0609570381348021e-05,0.9999997615814209,-15.75001049041748,1.4449800289639825e-07
347,"Kemira , headquartered in Helsinki , Finland , is an international chemicals group comprising the business areas Kemira Pulp & Paper , Kemira Water , Kemira Specialty and Kemira Coatings .",1,neutral,1,neutral,neutral,1,0,Finistral-7B-LoRA,fpb_decontam,-14.875031471252441,3.4663247561184107e-07,-3.135155202471651e-05,0.9999991655349731,-14.625031471252441,4.450848507531191e-07
348,The order is related to renewing the network of the telecommunications operator .,1,neutral,1,neutral,neutral,1,0,Finistral-7B-LoRA,fpb_decontam,-15.00010871887207,3.0589978905481985e-07,-0.00010907054820563644,0.999991774559021,-11.75010871887207,7.88925990491407e-06
349,"In addition , the contract includes modification of the effluent treatment plant at Follum .",1,neutral,1,neutral,neutral,1,0,Finistral-7B-LoRA,fpb_decontam,-15.562552452087402,1.742977389085354e-07,-5.280832192511298e-05,0.9999991655349731,-14.312552452087402,6.083589028094138e-07
350,"Seven-month sales of Ragutis , which is controlled by the Finnish brewery Olvi , declined by 11.2 percent , to 15.41 million liters , and the company held 9.89 percent of the market .",0,negative,0,negative,negative,1,0,Finistral-7B-LoRA,fpb_decontam,-3.099393507000059e-05,0.9999909400939941,-11.750030517578125,7.889252628956456e-06,-13.625030517578125,1.2098562365281396e-06
351,Pharmaceutical market in Belgium Global Research & Data Services published recently a market analysis about the pharmaceutical markets in Belgium .,1,neutral,1,neutral,neutral,1,0,Finistral-7B-LoRA,fpb_decontam,-16.31254768371582,8.233240578192635e-08,-4.708655978902243e-05,0.999998927116394,-13.875046730041504,9.422444691153942e-07
352,"Founded in 1923 , Finnair is one of the world 's oldest airlines and flies to 60 destinations with a fleet of 63 aircraft , employing 9,500 people .",1,neutral,1,neutral,neutral,1,0,Finistral-7B-LoRA,fpb_decontam,-16.812532424926758,4.993710334133539e-08,-3.242440288886428e-05,0.9999984502792358,-13.375032424926758,1.5534978956566192e-06
353,Panostaja Oyj 's Board also decided at its organisational meeting held upon completion of the AGM to implement the AGM decision concerning Board member fees paid as shares in such a way that shares are transferred on a quarterly basis on the date following publication of the quarterly-annual report .,1,neutral,1,neutral,neutral,1,0,Finistral-7B-LoRA,fpb_decontam,-14.937540054321289,3.2563102081439865e-07,-3.981510963058099e-05,0.9999990463256836,-14.312540054321289,6.08358845965995e-07
354,"Operating profit totaled EUR 37,7 mn , up slightly from EUR 37.2 mn in the corresponding period in 2006 .",2,positive,2,positive,positive,1,0,Finistral-7B-LoRA,fpb_decontam,-13.875044822692871,9.422437869943678e-07,-14.062544822692871,7.811475484231778e-07,-4.458328112377785e-05,0.9999982118606567
355,Rapala Fishing Frenzy 2009 .,1,neutral,1,neutral,neutral,1,0,Finistral-7B-LoRA,fpb_decontam,-10.937732696533203,1.777737998054363e-05,-0.0002325502864550799,0.9999161958694458,-9.625232696533203,6.60509685985744e-05
356,"In January-September 2007 , Finnlines ' net sales rose to EUR 505.4 mn from EUR 473.5 mn in the corresponding period in 2006 .",2,positive,2,positive,positive,1,0,Finistral-7B-LoRA,fpb_decontam,-15.125055313110352,2.6995769530913094e-07,-15.062555313110352,2.8736846502397384e-07,-5.495397272170521e-05,0.9999995231628418
357,"L+ñnnen Tehtaat 's Food Division was reorganised into two strategic business units , Apetit Frozen Foods and Jams , and Apetit Fish .",1,neutral,1,neutral,neutral,1,0,Finistral-7B-LoRA,fpb_decontam,-13.937553405761719,8.851549750943377e-07,-5.304672595229931e-05,0.9999969005584717,-13.000053405761719,2.2603223897021962e-06
358,The Department Store Division reported an increase in sales of 4 per cent .,2,positive,2,positive,positive,1,0,Finistral-7B-LoRA,fpb_decontam,-15.687520027160645,1.5381731088837114e-07,-15.687520027160645,1.5381731088837114e-07,-2.038458114839159e-05,0.9999997615814209
359,BM4 middle layer headbox will be equipped with a dilution control system .,1,neutral,1,neutral,neutral,1,0,Finistral-7B-LoRA,fpb_decontam,-18.437503814697266,9.833214242860322e-09,-4.0531076592742465e-06,1.0,-18.375003814697266,1.0467402056235642e-08
360,`` The issues identified by Stonesoft affect a range of content inspection technology .,1,neutral,1,neutral,neutral,1,0,Finistral-7B-LoRA,fpb_decontam,-10.812601089477539,2.0145675080129877e-05,-0.00010108436981681734,0.9999790191650391,-14.000101089477539,8.315112722812046e-07
361,Raute is listed on the Nordic exchange in Helsinki .,1,neutral,1,neutral,neutral,1,0,Finistral-7B-LoRA,fpb_decontam,-14.00001335144043,8.315257673530141e-07,-1.3232143828645349e-05,0.9999964237213135,-12.81251335144043,2.7264679829386296e-06
362,"Finnair 's Tallinn-based subsidiary , Aero AS , carried 23,335 passengers , a decline of 60.8 % , on routes between Helsinki and the Baltic capitals and within Southern Finland .",0,negative,0,negative,negative,1,0,Finistral-7B-LoRA,fpb_decontam,-0.00010108436981681734,0.9999892711639404,-11.625101089477539,8.939680810726713e-06,-13.250101089477539,1.7603274500288535e-06
363,Pretax profit rose to EUR 17.8 mn from EUR 14.9 mn in 2005 .,2,positive,2,positive,positive,1,0,Finistral-7B-LoRA,fpb_decontam,-16.50001335144043,6.825602838489431e-08,-17.87501335144043,1.7257827167327378e-08,-1.3708974620385561e-05,0.9999998807907104
364,"The facility will have a lettable area of some 19,000 sq m. The plot for the plant , located in the Ratasmaki business park , will be purchased from the City of Forssa .",1,neutral,1,neutral,neutral,1,0,Finistral-7B-LoRA,fpb_decontam,-16.31254768371582,8.233246973077257e-08,-4.8636207793606445e-05,0.9999997615814209,-15.937548637390137,1.1979304304077232e-07
365,"Honkarakenne also decided yesterday to sell 88,500 of its B series shares to key staff members for EUR2 .9 per share .",1,neutral,1,neutral,neutral,1,0,Finistral-7B-LoRA,fpb_decontam,-9.62520980834961,6.605053931707516e-05,-0.00021026308240834624,0.9999096393585205,-10.62520980834961,2.429863525321707e-05
366,Number of offers received for this contract is two .,1,neutral,1,neutral,neutral,1,0,Finistral-7B-LoRA,fpb_decontam,-13.37501049041748,1.553496758788242e-06,-1.0847986231965479e-05,0.9999977350234985,-14.12501049041748,7.338198884099256e-07
367,The percentages of shares and voting rights have been calculated in proportion to the total number of shares registered with the Trade Register and the total number of voting rights related to them .,1,neutral,1,neutral,neutral,1,0,Finistral-7B-LoRA,fpb_decontam,-18.187509536743164,1.2626097500856304e-08,-1.0013530300057027e-05,1.0,-18.750009536743164,7.194133289090132e-09
368,Finnish-Swedish TietoEnator is expanding its business quickly in Russia .,2,positive,2,positive,positive,1,0,Finistral-7B-LoRA,fpb_decontam,-16.562503814697266,6.41206057139243e-08,-16.812503814697266,4.993717439560896e-08,-4.529942543740617e-06,0.9999998807907104
369,Major Order in India Comptel Corporation has received a significant long-term order for mediation and provisioning solutions being used by a leading operator in India .,2,positive,2,positive,positive,1,0,Finistral-7B-LoRA,fpb_decontam,-15.375039100646973,2.102432858919201e-07,-15.187539100646973,2.536018257615069e-07,-3.8742269680369645e-05,0.9999995231628418
370,The extracted filtrates are very high in clarity while the dried filter cakes meet required transport moisture limits (TMLs)for their ore grades .,1,neutral,1,neutral,neutral,1,0,Finistral-7B-LoRA,fpb_decontam,-12.442901611328125,3.946277502109297e-06,-0.0054020145907998085,0.9947758913040161,-5.255402088165283,0.005220104940235615
371,"You need to be ready when the window opens up , Rosberg said .",1,neutral,1,neutral,neutral,1,0,Finistral-7B-LoRA,fpb_decontam,-16.625030517578125,6.023572751701067e-08,-3.075552376685664e-05,0.9999997615814209,-15.625030517578125,1.637376669805235e-07
372,"`` Over the years , the color orange has become synonymous with quality .",1,neutral,1,neutral,neutral,1,0,Finistral-7B-LoRA,fpb_decontam,-12.145665168762207,5.311973382049473e-06,-0.02066521905362606,0.9796624779701233,-3.895665168762207,0.020332245156168938
373,"Tyrvaan Sanomat , published twice a week by Tyrvaan Sanomat Oy , appears in Sastamala and Kiikoinen .",1,neutral,1,neutral,neutral,1,0,Finistral-7B-LoRA,fpb_decontam,-14.875027656555176,3.466325892986788e-07,-2.777537883957848e-05,0.9999995231628418,-15.812527656555176,1.357432637405509e-07
374,"The company 's set of services include digital printing , printing preparation , offset-printing , after-treatment services and send out services .",1,neutral,1,neutral,neutral,1,0,Finistral-7B-LoRA,fpb_decontam,-18.250003814697266,1.1861120086109622e-08,-3.2186455882765586e-06,1.0,-19.437503814697266,3.6174372386454934e-09
375,"It is necessary to strengthen the company 's operations , however .",1,neutral,2,positive,positive,0,0,Finistral-7B-LoRA,fpb_decontam,-9.3761625289917,8.475085633108392e-05,-7.251162528991699,0.0007096102344803512,-0.0011626873165369034,0.9992056488990784
376,"According to CapMan Plc 's Corporate Governance , the majority of the committees ' members shall be independent of the Company .",1,neutral,1,neutral,neutral,1,0,Finistral-7B-LoRA,fpb_decontam,-17.312503814697266,3.028842954222455e-08,-3.2186455882765586e-06,1.0,-17.937503814697266,1.6212228004519602e-08
377,"In 2006 , 452 million tonnes CO2 of EUA ( EU Allowance ; emissions credit in EU ) was traded with an underlying market value approx .",1,neutral,1,neutral,neutral,1,0,Finistral-7B-LoRA,fpb_decontam,-13.500029563903809,1.3709566246689064e-06,-2.9682672902708873e-05,0.9999982118606567,-14.562529563903809,4.7378992462654423e-07
378,"At the same time profit of the company increased by 10 % in H1 and reached Ls 79,000 .",2,positive,2,positive,positive,1,0,Finistral-7B-LoRA,fpb_decontam,-14.875057220458984,3.466316513822676e-07,-12.750057220458984,2.9023112801951356e-06,-5.709961988031864e-05,0.9999967813491821
379,Operating profit rose to EUR 27.8 mn from EUR 17.5 mn in 2008 .,2,positive,2,positive,positive,1,0,Finistral-7B-LoRA,fpb_decontam,-16.37501335144043,7.734421103577915e-08,-18.31251335144043,1.1142489597659733e-08,-1.3828182090946939e-05,0.9999998807907104
380,"Finnish financial software solutions developer BasWare Oyj said its net profit fell to 884,000 euro ( $ 1.2 mln ) for the first quarter of 2007 from 2.0 mln euro ( $ 2.7 mln ) a year earlier .",0,negative,0,negative,negative,1,0,Finistral-7B-LoRA,fpb_decontam,-0.00011836781777674332,0.9999935626983643,-12.375118255615234,4.222823918098584e-06,-13.000118255615234,2.2603148863709066e-06
381,The arrangements do not apply to the group 's units outside Finland .,1,neutral,1,neutral,neutral,1,0,Finistral-7B-LoRA,fpb_decontam,-14.625009536743164,4.450850212833757e-07,-1.0013530300057027e-05,0.9999995231628418,-18.125009536743164,1.344040345685471e-08
382,Net investment income,1,neutral,1,neutral,neutral,1,0,Finistral-7B-LoRA,fpb_decontam,-10.500143051147461,2.753304761426989e-05,-0.0001431601122021675,0.9998763799667358,-9.250143051147461,9.609977132640779e-05
383,"The equipment Ixonos acquires with this deal includes mechanical engineering hardware ; an RF and antenna measurement laboratory ; facilities for the measurement of audio , cameras and displays ; as well as devices and robot units for the testing of mobile devices .",1,neutral,1,neutral,neutral,1,0,Finistral-7B-LoRA,fpb_decontam,-17.125028610229492,3.653459401675718e-08,-2.8490614567999728e-05,0.9999938011169434,-12.000028610229492,6.144174221844878e-06
384,"For 24-hour news , try ICIS news www.icis.com Click `` trial '' , then ICIS news",1,neutral,1,neutral,neutral,1,0,Finistral-7B-LoRA,fpb_decontam,-11.625219345092773,8.939465260482393e-06,-0.000219321038457565,0.9999651908874512,-10.562719345092773,2.5867200747597963e-05
385,"Last July , the group said it intended to relocate warehouse and office space in Loudeac and Saint Marcel to Morvillars , in the east of France , where it already operates a hook manufacturing and distribution unit .",1,neutral,1,neutral,neutral,1,0,Finistral-7B-LoRA,fpb_decontam,-16.812559127807617,4.993717439560896e-08,-5.9960475482512265e-05,0.9999998807907104,-15.875060081481934,1.2751904421293148e-07
386,"The total delivery volume of paper businesses in 2010 was 1,155,000 tonnes , up from 1,132,000 tonnes in 2009 .",2,positive,2,positive,positive,1,0,Finistral-7B-LoRA,fpb_decontam,-14.812665939331055,3.6898711641697446e-07,-12.500165939331055,3.7266381696099415e-06,-0.00016616393986623734,0.9999959468841553
387,"CapMan 's first real estate fund , which had a total investment capacity of ( EURO ) 500 million and closed in June 2005 , invested in commercial properties in the Helsinki metropolitan area .",1,neutral,1,neutral,neutral,1,0,Finistral-7B-LoRA,fpb_decontam,-17.000009536743164,4.139937459513021e-08,-9.179073458653875e-06,0.9999998807907104,-17.375009536743164,2.8453344569356886e-08
388,"Theodosopoulos said Tellabs could be of value to Nokia Siemens or Nortel given its `` leading supply status '' with Verizon , along with high-growth products .",2,positive,2,positive,positive,1,0,Finistral-7B-LoRA,fpb_decontam,-14.250055313110352,6.475943337136414e-07,-14.062555313110352,7.811478326402721e-07,-5.495397272170521e-05,0.9999985694885254
389,"The order comprises four ball mills , which will be organized in two different streams for treating ore in the Pilanesberg platinum mine .",1,neutral,1,neutral,neutral,1,0,Finistral-7B-LoRA,fpb_decontam,-18.625024795532227,8.152020392060422e-09,-2.4914430468925275e-05,1.0,-18.187524795532227,1.2626097500856304e-08
390,"In the second quarter of 2010 , the company 's net profit was EUR1 .7 m compared to a net loss of EUR1 .3 m in April-June 2009 .",2,positive,2,positive,positive,1,0,Finistral-7B-LoRA,fpb_decontam,-14.25002670288086,6.475946747741546e-07,-15.31252670288086,2.2380274344868667e-07,-2.6464111215318553e-05,0.9999991655349731
391,Exports grew 16.5 percent to 19.1 million liters .,2,positive,2,positive,positive,1,0,Finistral-7B-LoRA,fpb_decontam,-14.68753433227539,4.1811850337580836e-07,-14.50003433227539,5.043472128818394e-07,-3.480850500636734e-05,0.9999990463256836
392,"The refining margin for the year was $ 13.39 - bbl , compared to $ 10.46 - bbl in the prior year .",2,positive,2,positive,positive,1,0,Finistral-7B-LoRA,fpb_decontam,-16.500049591064453,6.825599996318488e-08,-14.812549591064453,3.689884522373177e-07,-4.9470632802695036e-05,0.9999995231628418
393,Operating result including non-recurring items rose to EUR 146mn from a loss of EUR 267mn in 2009 .,2,positive,2,positive,positive,1,0,Finistral-7B-LoRA,fpb_decontam,-16.56250762939453,6.41206057139243e-08,-17.06250762939453,3.8891112552619234e-08,-8.22540732769994e-06,0.9999998807907104
394,"Ruukki 's delivery includes steel structures , including installation , for Krakeroy bascule bridge and steel piles for the bridge foundations .",1,neutral,1,neutral,neutral,1,0,Finistral-7B-LoRA,fpb_decontam,-10.383310317993164,3.0965493351686746e-05,-0.008310026489198208,0.9923920035362244,-4.883309841156006,0.00757700577378273
395,"Poyry is a global consulting and engineering firm focusing on the energy , forest industry and infrastructure & environment sectors .",1,neutral,1,neutral,neutral,1,0,Finistral-7B-LoRA,fpb_decontam,-15.250067710876465,2.382361117270193e-07,-6.782778655178845e-05,0.9999964237213135,-12.625067710876465,3.288748075647163e-06
396,"However , the company saw its net profit for the third quarter down to EUR 1.4 million from EUR 1.5 million for the corresponding period of 2009 .",0,negative,0,negative,negative,1,0,Finistral-7B-LoRA,fpb_decontam,-6.818538531661034e-05,0.9999929666519165,-12.750067710876465,2.902300138885039e-06,-12.375067710876465,4.222821644361829e-06
397,The value of the order is about EUR 30mn .,1,neutral,1,neutral,neutral,1,0,Finistral-7B-LoRA,fpb_decontam,-17.250003814697266,3.224186784223093e-08,-2.9802276912960224e-06,1.0,-18.375003814697266,1.0467402056235642e-08
398,- Net sales for the period are expected to fall well below that of last year and the result after non-recurring items is expected to be in the red .,0,negative,0,negative,negative,1,0,Finistral-7B-LoRA,fpb_decontam,-0.00013767725613433868,0.9999873638153076,-11.562637329101562,9.516222235106397e-06,-12.687637329101562,3.0894648261892144e-06
399,"The company 's transportation business is conducted through Florida Rock & Tank Lines , which is a Southeastern transportation company concentrating in the hauling by motor carrier of liquid and dry bulk commodities .",1,neutral,1,neutral,neutral,1,0,Finistral-7B-LoRA,fpb_decontam,-14.812553405761719,3.689882817070611e-07,-5.304672595229931e-05,0.9999990463256836,-14.375053405761719,5.715002089345944e-07
400,Ponsse projects the forest machine markets to improve more than expected in 2010 from the previous year .,2,positive,2,positive,positive,1,0,Finistral-7B-LoRA,fpb_decontam,-14.750031471252441,3.9278575059142895e-07,-13.687531471252441,1.1365633554305532e-06,-3.135155202471651e-05,0.9999984502792358
401,"Profitability ( EBIT % ) was 13.9 % , compared to 13.1 % in the previous-year period .",2,positive,2,positive,positive,1,0,Finistral-7B-LoRA,fpb_decontam,-16.1875057220459,9.329492201004541e-08,-17.1875057220459,3.432128536928758e-08,-5.245195097813848e-06,0.9999998807907104
402,The financial details of the acquisition were not disclosed .,1,neutral,1,neutral,neutral,1,0,Finistral-7B-LoRA,fpb_decontam,-13.812516212463379,1.0030140629169182e-06,-1.597391747054644e-05,0.999998927116394,-17.062515258789062,3.889107347276877e-08
403,"Established in 1987 , the SRV Group is a private Finnish construction concern with operations in Finland , the Baltic countries and Russia .",1,neutral,1,neutral,neutral,1,0,Finistral-7B-LoRA,fpb_decontam,-17.12500762939453,3.653481783771895e-08,-7.033323527139146e-06,0.9999998807907104,-16.06250762939453,1.0571699959882608e-07
404,"The cost of the deal could range from 70 million to 90 million euros depending on the financial results of the two companies in 2008 , the statement says .",1,neutral,1,neutral,neutral,1,0,Finistral-7B-LoRA,fpb_decontam,-17.25000762939453,3.224186784223093e-08,-7.510157047363464e-06,1.0,-19.00000762939453,5.602796449011294e-09
405,"These include software development for internet and mobile telephone content , communications , value-added software , financial services , security applications , systems integration and electronics .",1,neutral,1,neutral,neutral,1,0,Finistral-7B-LoRA,fpb_decontam,-13.375164985656738,1.553482093186176e-06,-0.00016485285595990717,0.999988317489624,-11.500164985656738,1.0129974725714419e-05
406,"Since the registration of the shares subscribed in a directed share issue , the new number of Panostaja shares and voting rights is 41,733,110 .",1,neutral,1,neutral,neutral,1,0,Finistral-7B-LoRA,fpb_decontam,-16.3750057220459,7.734421103577915e-08,-5.364403477869928e-06,0.9999998807907104,-17.5625057220459,2.3588651032468988e-08
407,"Erkki Jarvinen , President of Rautakirja and the head of the Sanoma Trade division , will leave his current tasks in spring 2009 for a similar position outside the Sanoma Group .",1,neutral,1,neutral,neutral,1,0,Finistral-7B-LoRA,fpb_decontam,-11.312623023986816,1.2219064956298098e-05,-0.00012289722508285195,0.9999868869781494,-13.875123023986816,9.422331572750409e-07
408,The operating margin came down to 2.4 % from 5.7 % .,0,negative,0,negative,negative,1,0,Finistral-7B-LoRA,fpb_decontam,-5.340433563105762e-05,0.9999973773956299,-13.250053405761719,1.7603416608835687e-06,-14.062553405761719,7.811469231455703e-07
409,"Suominen Corporation estimates that the cost-cutting program that started in autumn 2005 , higher sales prices , and expected growth in volume of Wet Wipes , will make the company 's operations more profitable .",2,positive,2,positive,positive,1,0,Finistral-7B-LoRA,fpb_decontam,-14.187544822692871,6.893607746860653e-07,-14.750044822692871,3.9278592112168553e-07,-4.494089080253616e-05,0.999998927116394
410,"Cohen & Steers , Inc. : 5 534 626 shares representing 4.985 % of the share capital and voting rights .",1,neutral,1,neutral,neutral,1,0,Finistral-7B-LoRA,fpb_decontam,-10.937600135803223,1.777848410711158e-05,-0.00010048838157672435,0.9999783039093018,-12.437600135803223,3.966915755881928e-06
411,"Operating profit margin was 8.3 % , compared to 11.8 % a year earlier .",0,negative,0,negative,negative,1,0,Finistral-7B-LoRA,fpb_decontam,-3.802703940891661e-05,0.9999905824661255,-11.812538146972656,7.411265414702939e-06,-13.125038146972656,1.994714921238483e-06
412,"The major breweries increased their domestic beer sales by 4.5 per cent last year , to 256.88 million litres from 245.92 million litres in 2004 .",2,positive,2,positive,positive,1,0,Finistral-7B-LoRA,fpb_decontam,-15.187553405761719,2.5360176891808806e-07,-14.562553405761719,4.73790436217314e-07,-5.3165931603871286e-05,0.9999992847442627
413,"The total scope of the project is about 38,000 square metres and it is valued at a total of around EUR75m .",1,neutral,1,neutral,neutral,1,0,Finistral-7B-LoRA,fpb_decontam,-19.750003814697266,2.646573848963385e-09,-3.6954811548639555e-06,1.0,-20.937503814697266,8.071593948777434e-10
414,"Both operating profit and net sales for the six-month period increased , respectively from EUR0 .4 m and EUR3 .2 m , as compared to the corresponding period in 2005 .",2,positive,2,positive,positive,1,0,Finistral-7B-LoRA,fpb_decontam,-13.000060081481934,2.2603103388973977e-06,-12.000060081481934,6.1441605794243515e-06,-6.031808152329177e-05,0.9999915361404419
415,Return on equity stood at 18.3 % compared to 15.4 % in the third quarter of 2005 .,2,positive,2,positive,positive,1,0,Finistral-7B-LoRA,fpb_decontam,-16.43751335144043,7.265815327173186e-08,-16.18751335144043,9.329491490461805e-08,-1.3708974620385561e-05,0.9999997615814209
416,"London 's leading shares today jumped almost 100 points , or 1.7 % , as the market opened .",2,positive,2,positive,positive,1,0,Finistral-7B-LoRA,fpb_decontam,-14.375011444091797,5.71500379464851e-07,-15.750011444091797,1.4449793184212467e-07,-1.1920858014491387e-05,0.9999992847442627
417,"The airline estimated that the cancellation of its flights due to the closure of European airspace , and the process of recommencing traffic , have caused a the company a loss of EUR20m , including the costs of stranded passengers ' accommodation .",0,negative,0,negative,negative,1,0,Finistral-7B-LoRA,fpb_decontam,-0.00010501786891836673,0.9999985694885254,-14.687604904174805,4.1811830442384235e-07,-13.812604904174805,1.0030136081695673e-06
418,"Okmetic closed its plant in Espoo in early 2004 , and all production lines from the site were moved to Okmetic 's plants in Vantaa , Finland and Texas , USA .",1,neutral,1,neutral,neutral,1,0,Finistral-7B-LoRA,fpb_decontam,-17.812511444091797,1.8370862164829305e-08,-1.1086402082582936e-05,1.0,-18.375011444091797,1.0467402056235642e-08
419,"Making matters more difficult , the company said it has been grappling with higher oil and gas prices , which have pushed up the cost of energy , raw materials and transportation .",0,negative,0,negative,negative,1,0,Finistral-7B-LoRA,fpb_decontam,-2.825220326485578e-05,0.9999992847442627,-15.812528610229492,1.3574323531884147e-07,-14.312528610229492,6.083589596528327e-07
420,Return on investment was 16.6 % compared to 15.8 % in 2004 .,2,positive,2,positive,positive,1,0,Finistral-7B-LoRA,fpb_decontam,-15.937532424926758,1.197930146190629e-07,-14.875032424926758,3.466325892986788e-07,-3.290122185717337e-05,0.9999995231628418
421,"BAVARIA Industriekapital AG 's 2006 revenues were EUR 333 million , with an EBITDA of EUR 51 million .",1,neutral,1,neutral,neutral,1,0,Finistral-7B-LoRA,fpb_decontam,-17.0000057220459,4.139937459513021e-08,-5.8412379075889476e-06,0.9999998807907104,-17.5625057220459,2.3588651032468988e-08
422,The value of the deal has not been disclosed .,1,neutral,1,neutral,neutral,1,0,Finistral-7B-LoRA,fpb_decontam,-13.187554359436035,1.8738751350610983e-06,-5.4238757002167404e-05,0.9999979734420776,-16.00005340576172,1.1253506215780362e-07
423,"The facility will be used to refinance Citycon 's existing credit facility , the company said .",1,neutral,1,neutral,neutral,1,0,Finistral-7B-LoRA,fpb_decontam,-13.812681198120117,1.0029738177763647e-06,-0.00018153927521780133,0.999958872795105,-10.125181198120117,4.0063645428745076e-05
424,"In addition to the Tulikivi Corporation , he is also currently a member of the Board of the following companies : Altia Corporation , J+ñrvi-Suomen Portti Osuuskunta , Osuuskunta KPY , Profile Vehicles Oy and Voimatel Oy .",1,neutral,1,neutral,neutral,1,0,Finistral-7B-LoRA,fpb_decontam,-18.562501907348633,8.67778116031559e-09,-2.3841830625315197e-06,1.0,-18.250001907348633,1.1861120086109622e-08
425,"The earnings per share for the quarter came in at 0.25 eur , up from the 0.20 eur of the same quarter a year earlier .",2,positive,2,positive,positive,1,0,Finistral-7B-LoRA,fpb_decontam,-15.062607765197754,2.8736837975884555e-07,-14.437607765197754,5.368748361433973e-07,-0.00010799778101500124,0.9999991655349731
426,"Markets had been expecting a poor performance , and the company 's stock was up 6 percent at  x20ac 23.89 US$ 33.84 in early afternoon trading in Helsinki .",2,positive,2,positive,positive,1,0,Finistral-7B-LoRA,fpb_decontam,-10.375157356262207,3.120170731563121e-05,-11.937657356262207,6.540232789120637e-06,-0.00015698630886618048,0.9999622106552124
427,The acquisition will have an immediate positive impact on Aspocomp 's financial result .,2,positive,2,positive,positive,1,0,Finistral-7B-LoRA,fpb_decontam,-13.687503814697266,1.1365624459358514e-06,-13.750003814697266,1.0677016462068423e-06,-4.0531076592742465e-06,0.9999977350234985
428,"The period 's sales dropped to EUR 30.6 million from EUR 38.3 million , according to the interim report , released today .",0,negative,0,negative,negative,1,0,Finistral-7B-LoRA,fpb_decontam,-4.9828242481453344e-05,0.999997615814209,-13.687549591064453,1.1365623322490137e-06,-13.625049591064453,1.2098643082936178e-06
429,Related links : Flexiblebaseloadoperation TheWartsila32generating set Gasconversions This is the shorter of two versions of this press release .,1,neutral,1,neutral,neutral,1,0,Finistral-7B-LoRA,fpb_decontam,-14.562518119812012,4.737903793738951e-07,-1.811964830267243e-05,0.9999991655349731,-14.750018119812012,3.927860063868138e-07
430,The closing of such transaction took place today .,1,neutral,1,neutral,neutral,1,0,Finistral-7B-LoRA,fpb_decontam,-11.875096321105957,6.961977760511218e-06,-9.619726915843785e-05,0.999953031539917,-10.125096321105957,4.006341259810142e-05
431,Last year 's net sales rose to EUR 68.3 million from EUR 62.2 million .,2,positive,2,positive,positive,1,0,Finistral-7B-LoRA,fpb_decontam,-16.562511444091797,6.41206057139243e-08,-16.812511444091797,4.993717439560896e-08,-1.156323378381785e-05,0.9999998807907104
432,Unit costs for flight operations fell by 6.4 percent .,2,positive,2,positive,positive,1,0,Finistral-7B-LoRA,fpb_decontam,-10.93767261505127,1.7778462279238738e-05,-12.18767261505127,5.093614618090214e-06,-0.00017271934484597296,0.9999771118164062
433,"In a release on Oct. 28 , Peab said the two businesses will continue to be conducted under the brands Cliffton and Stockholm Entreprenad , both part of the Peab Group .",1,neutral,1,neutral,neutral,1,0,Finistral-7B-LoRA,fpb_decontam,-17.12501335144043,3.653481783771895e-08,-1.3112935448589269e-05,0.9999998807907104,-17.12501335144043,3.653481783771895e-08
434,HELSINKI AFX - Outokumpu said its technology unit has won a 28 mln eur contract from Bosnia-Herzegovina 's Aluminij dd Mostar to upgrade an anode plant .,2,positive,2,positive,positive,1,0,Finistral-7B-LoRA,fpb_decontam,-15.187522888183594,2.536017973397975e-07,-14.812522888183594,3.6898839539389883e-07,-2.3364747903542593e-05,0.9999994039535522
435,The trade is in accordance with the agreement announced on 26 March 2008 .,1,neutral,1,neutral,neutral,1,0,Finistral-7B-LoRA,fpb_decontam,-17.000009536743164,4.139935683156182e-08,-1.0371154530730564e-05,0.9999995231628418,-14.75001049041748,3.92786148495361e-07
436,"Honkarakenne also decided yesterday to sell 88,500 of its B-series shares to key staff members for EUR 2.90 per share .",1,neutral,1,neutral,neutral,1,0,Finistral-7B-LoRA,fpb_decontam,-9.81265926361084,5.475806028698571e-05,-0.00015901254664640874,0.9999140501022339,-10.37515926361084,3.120020483038388e-05
437,"CapMan Plc Press Release 31 March 2008 Jukka Ruuska , President of the OMX Nordic Exchanges and the Stockholm Stock Exchange , will transfer to CapMan effective no later than September 2008 .",1,neutral,1,neutral,neutral,1,0,Finistral-7B-LoRA,fpb_decontam,-14.437544822692871,5.368729603105749e-07,-4.494089080253616e-05,0.9999957084655762,-12.500044822692871,3.7266372601152398e-06
438,"JP Morgan expects that Scala will lower Nobel Biocare 's growth forecast for 2007 from the current guidance of 23-25 pct , as well as the operating margin target from the current 34-35 pct .",0,negative,0,negative,negative,1,0,Finistral-7B-LoRA,fpb_decontam,-1.5616295058862306e-05,0.9999983310699463,-15.812515258789062,1.3574310742114903e-07,-13.375015258789062,1.5534976682829438e-06
439,A meeting of Glisten shareholders to vote on the bid will be held on 12 March .,1,neutral,1,neutral,neutral,1,0,Finistral-7B-LoRA,fpb_decontam,-17.5000057220459,2.510999053129126e-08,-6.318072337307967e-06,1.0,-19.0000057220459,5.602796449011294e-09
440,"Its product portfolio comprises harvesters , forwarders , harvester heads , as well as cranes and loaders .",1,neutral,1,neutral,neutral,1,0,Finistral-7B-LoRA,fpb_decontam,-18.937503814697266,5.964145621817352e-09,-3.2186455882765586e-06,1.0,-19.375003814697266,3.850741947530878e-09
441,Glaston 's net profit for the third quarter of 2007 dropped to 2.4 mln euro ( $ 3.5 mln ) from 3.5 mln euro ( $ 5.1 mln ) for the corresponding period of 2006 .,0,negative,0,negative,negative,1,0,Finistral-7B-LoRA,fpb_decontam,-5.3165931603871286e-05,0.9999954700469971,-12.937553405761719,2.406097109997063e-06,-13.062553405761719,2.123373405993334e-06
442,"Operating profit totalled EUR 30.2 mn , down from EUR 43.8 mn a year earlier .",0,negative,0,negative,negative,1,0,Finistral-7B-LoRA,fpb_decontam,-5.471556869451888e-05,0.9999951124191284,-12.562554359436035,3.5008497434318997e-06,-13.437554359436035,1.4593712194255204e-06
443,"Cash flow from operations totalled EUR 2.71 mn , compared to a negative EUR 0.83 mn in the corresponding period in 2008 .",2,positive,2,positive,positive,1,0,Finistral-7B-LoRA,fpb_decontam,-15.250014305114746,2.382368506914645e-07,-15.500014305114746,1.8553906500073936e-07,-1.3947389561508317e-05,0.9999995231628418
444,"The segments through which the company operates are Frozen Food business , Seafoods , Vegetable Oil business , Grain Trading and Other business operations .",1,neutral,1,neutral,neutral,1,0,Finistral-7B-LoRA,fpb_decontam,-17.3125057220459,3.028842954222455e-08,-6.318072337307967e-06,1.0,-18.1250057220459,1.3440409674103648e-08
445,"Neste Oil will publish its third quarter 2008 results on Friday , 24 October 2008 at approximately 9 am ( EET ) .",1,neutral,1,neutral,neutral,1,0,Finistral-7B-LoRA,fpb_decontam,-15.500005722045898,1.855391076333035e-07,-5.960446742392378e-06,0.9999997615814209,-16.5625057220459,6.412059860849695e-08
446,"The building will house , for example , Respecta Oy 's Jyvaskyla premises , as well as other companies to be announced later , says Samuel Koivisto , Director of Technopolis operations in Jyvaskyla .",1,neutral,1,neutral,neutral,1,0,Finistral-7B-LoRA,fpb_decontam,-16.781280517578125,5.1522341948384565e-08,-3.099393507000059e-05,0.9999996423721313,-15.187530517578125,2.5360185418321635e-07
447,"The firm 's UK head office is in Rugby Road , Lutterworth .",1,neutral,1,neutral,neutral,1,0,Finistral-7B-LoRA,fpb_decontam,-17.562509536743164,2.3588654585182667e-08,-9.417489309271332e-06,1.0,-17.187509536743164,3.432128892200126e-08
448,"However , the proportion of the paid standing orders grew in 2009 .",2,positive,2,positive,positive,1,0,Finistral-7B-LoRA,fpb_decontam,-8.289121627807617,0.0002514757215976715,-1.6016219854354858,0.20176246762275696,-0.22662203013896942,0.7979860305786133
449,"The company 's net profit rose 11.4 % on the year to 82.2 million euros in 2005 on sales of 686.5 million euros , 13.8 % up on the year , the company said earlier .",2,positive,2,positive,positive,1,0,Finistral-7B-LoRA,fpb_decontam,-14.375057220458984,5.714991289096361e-07,-13.000057220458984,2.2603230718232226e-06,-5.745722592109814e-05,0.9999971389770508
450,Construction is scheduled to start in April-June 2007 and to be completed in early 2008 .,1,neutral,1,neutral,neutral,1,0,Finistral-7B-LoRA,fpb_decontam,-15.812557220458984,1.3574330637311505e-07,-5.769562994828448e-05,0.9999997615814209,-16.375057220458984,7.734419682492444e-08
451,"Finland 's Technopolis is planning to bring the first section of a technopark on stream in St. Petersburg at the end of 2008 , Kari Mikkonen , vice president of Technopolis , told reporters in Helsinki .",1,neutral,1,neutral,neutral,1,0,Finistral-7B-LoRA,fpb_decontam,-14.000053405761719,8.315122954627441e-07,-5.364274329622276e-05,0.9999802112579346,-10.875053405761719,1.8925131371361203e-05
452,"- The Group -¦ s profit before taxes was EUR 0,2 7,8 million .",1,neutral,1,neutral,neutral,1,0,Finistral-7B-LoRA,fpb_decontam,-13.93751049041748,8.851563393363904e-07,-1.0847986231965479e-05,0.9999984502792358,-14.31251049041748,6.08358448062063e-07
453,"Both operating profit and turnover for the six-month period increased , respectively , from EUR17 .6 m and EUR1149 .9 m , as compared to the corresponding period in 2007 .",2,positive,2,positive,positive,1,0,Finistral-7B-LoRA,fpb_decontam,-14.000036239624023,8.315257673530141e-07,-12.812536239624023,2.7264679829386296e-06,-3.659658250398934e-05,0.9999964237213135
454,"Currently it operates a fleet of eight carriers , as well as nine pushers and barges .",1,neutral,1,neutral,neutral,1,0,Finistral-7B-LoRA,fpb_decontam,-18.687509536743164,7.658114142827799e-09,-8.821448318485636e-06,0.9999998807907104,-16.750009536743164,5.315784790127509e-08
455,"Dealers said the share was largely hit by investor disappointment about a refining margin of just 9.48 usd per barrel for the quarter and the performance of its shipping unit , which saw EBIT drop to 5 mln eur from 20 mln eur a year amid a fall in volumes and tanker rates .",0,negative,0,negative,negative,1,0,Finistral-7B-LoRA,fpb_decontam,-3.111314072157256e-05,0.9999990463256836,-16.437530517578125,7.2658096428313e-08,-14.062531471252441,7.811482305442041e-07
456,Stora Enso will receive a 19.9 pct equity interest in the combined company .,1,neutral,1,neutral,neutral,1,0,Finistral-7B-LoRA,fpb_decontam,-15.187528610229492,2.5360159838783147e-07,-2.8490614567999728e-05,0.9999986886978149,-13.750028610229492,1.0677026693883818e-06
457,"Ragutis , which is controlled by the Finnish brewery , reported a 5.4-per-cent rise in beer sales to 10.44 million litres and held an 11.09-per-cent market share .",2,positive,2,positive,positive,1,0,Finistral-7B-LoRA,fpb_decontam,-13.625028610229492,1.2098578281438677e-06,-11.937528610229492,6.54042923997622e-06,-2.8490614567999728e-05,0.9999922513961792
458,The energy shot is packed in a 100-millilitre bag with a screw cap .,1,neutral,1,neutral,neutral,1,0,Finistral-7B-LoRA,fpb_decontam,-17.6250057220459,2.2159490242756874e-08,-6.6756979322235566e-06,1.0,-18.0000057220459,1.5229980832032197e-08
459,"` Nordea 's definitely too big for Sampo to acquire , ' said an analyst ` But Sampo would appear to have an agenda for Nordea ahead of the privatisation .",1,neutral,1,neutral,neutral,1,0,Finistral-7B-LoRA,fpb_decontam,-13.500040054321289,1.3709560562347178e-06,-3.981510963058099e-05,0.9999977350234985,-13.937540054321289,8.851557140587829e-07
460,"Thus the group 's balance sheet will have about EUR25 .8 m in goodwill for 2010 , the company added .",1,neutral,1,neutral,neutral,1,0,Finistral-7B-LoRA,fpb_decontam,-13.000066757202148,2.260227802253212e-06,-6.675497570540756e-05,0.9999550580978394,-10.062566757202148,4.264736708137207e-05
461,The report contains category level company and brand share as well as distribution share information for 2007 and 2008 .,1,neutral,1,neutral,neutral,1,0,Finistral-7B-LoRA,fpb_decontam,-17.87500762939453,1.7257828943684217e-08,-8.22540732769994e-06,1.0,-18.62500762939453,8.152020392060422e-09
462,"The latest result included per-share charges of 5 cents for stock compensation , 1 cent for research and development and 1 cent for strategic investments .",1,neutral,1,neutral,neutral,1,0,Finistral-7B-LoRA,fpb_decontam,-15.187520980834961,2.536018826049258e-07,-2.1457441107486375e-05,0.9999997615814209,-17.81252098083496,1.8370858612115626e-08
463,`` Serving customers locally is one of the cornerstones of customer focus for us .,1,neutral,1,neutral,neutral,1,0,Finistral-7B-LoRA,fpb_decontam,-16.062671661376953,1.0571675090886856e-07,-0.00017105070583056659,0.9999974966049194,-12.937670707702637,2.4061021122179227e-06
464,The value of the order is nearly EUR400m .,1,neutral,1,neutral,neutral,1,0,Finistral-7B-LoRA,fpb_decontam,-15.812503814697266,1.3574332058396976e-07,-3.576272320060525e-06,0.9999998807907104,-17.062503814697266,3.8891112552619234e-08
465,Danske Bank is Denmark 's largest bank with 3.5 million customers .,1,neutral,1,neutral,neutral,1,0,Finistral-7B-LoRA,fpb_decontam,-13.312532424926758,1.6536652083232184e-06,-3.218599158572033e-05,0.999983549118042,-11.125032424926758,1.473895554227056e-05
466,"Operating profit was EUR 11.4 mn , up from EUR 7.5 mn .",2,positive,2,positive,positive,1,0,Finistral-7B-LoRA,fpb_decontam,-16.50000762939453,6.825602127946695e-08,-16.43750762939453,7.265815327173186e-08,-7.271740287251305e-06,0.9999997615814209
467,`` They want my credit card info and my personal details .,1,neutral,0,negative,negative,0,0,Finistral-7B-LoRA,fpb_decontam,-0.02969093807041645,0.9889065027236938,-4.529690742492676,0.010985760018229485,-9.154690742492676,0.00010770059452624992
468,"Jarmo Honkamaa , head of the oil refining business at Neste Oil , says the situation looks promising from their viewpoint .",2,positive,2,positive,positive,1,0,Finistral-7B-LoRA,fpb_decontam,-16.875024795532227,4.691163724146463e-08,-16.250024795532227,8.764247638737288e-08,-2.396077979938127e-05,0.9999998807907104
469,"in Q1 '10 19 April 2010 - Finnish forest machinery and equipment maker Ponsse Oyj HEL : PON1V said today that it expects to swing to a net profit of some EUR6 .3 m in the first quarter of 2010 , from an EUR9 .6 m loss a year earlier .",2,positive,2,positive,positive,1,0,Finistral-7B-LoRA,fpb_decontam,-12.625107765197754,3.288747393526137e-06,-14.625107765197754,4.4508351493277587e-07,-0.00010752100206445903,0.9999961853027344
470,Biohit already services many current Genesis customers and the customer base is expected to expand as a result of this agreement .,2,positive,2,positive,positive,1,0,Finistral-7B-LoRA,fpb_decontam,-15.625020027160645,1.6373765276966878e-07,-15.437520027160645,1.975053152136752e-07,-2.0265373677830212e-05,0.9999996423721313
471,"efficiency improvement measures 20 January 2010 - Finnish stationery and gift retailer Tiimari HEL : TII1V said today that it will continue to improve its operational efficiency , by focusing on its profitable core operations .",2,positive,2,positive,positive,1,0,Finistral-7B-LoRA,fpb_decontam,-16.00002670288086,1.1253514742293191e-07,-16.18752670288086,9.329491490461805e-08,-2.682172998902388e-05,0.9999997615814209
472,Coffee will be served starting at 14:30 EET as well as after the event .,1,neutral,1,neutral,neutral,1,0,Finistral-7B-LoRA,fpb_decontam,-16.125015258789062,9.931192579415438e-08,-1.549708758830093e-05,0.9999997615814209,-15.687515258789062,1.5381731088837114e-07
473,Vacon recently announced plans to build its North American headquarters at 5 Business Park in Chambersburg .,1,neutral,1,neutral,neutral,1,0,Finistral-7B-LoRA,fpb_decontam,-11.38961410522461,1.1325533705530688e-05,-0.5771137475967407,0.5621700882911682,-0.8271137475967407,0.4378185272216797
474,"Veidekke , headquartered in Oslo , Norway , is a Scandinavian construction and property development group with some 6,350 employees in Norway , Sweden and Denmark , with an annual turnover of NOK16 .4 bn .",1,neutral,1,neutral,neutral,1,0,Finistral-7B-LoRA,fpb_decontam,-16.56252098083496,6.412057018678752e-08,-2.038458114839159e-05,0.9999992847442627,-14.250020027160645,6.475947884609923e-07
475,"Copper , lead and nickel also dropped ... HBOS ( HBOS ) plummeted 20 % to 70.3 pence after saying this year+ó ??",0,negative,0,negative,negative,1,0,Finistral-7B-LoRA,fpb_decontam,-1.5616295058862306e-05,0.9999971389770508,-18.250015258789062,1.1861086335329674e-08,-12.750015258789062,2.9023121896898374e-06
476,Welcome !,1,neutral,1,neutral,neutral,1,0,Finistral-7B-LoRA,fpb_decontam,-13.250096321105957,1.760234113135084e-06,-9.679325739853084e-05,0.9999362230300903,-9.687596321105957,6.205038516782224e-05
477,"Due to rapid expansion , the market share of Tallink in terms of passenger carriage through Tallinna Sadam Port of Tallinn totaled 55 percent in November against 45.7 percent in November 2005 .",2,positive,2,positive,positive,1,0,Finistral-7B-LoRA,fpb_decontam,-14.875052452087402,3.466319640210713e-07,-13.187552452087402,1.8738746803137474e-06,-5.209310256759636e-05,0.9999977350234985
478,25 November 2010 - Finnish paints and coatings company Tikkurila Oyj ( HEL : TIK1V ) said today that Finnish state-owned investment company Solidium Oy sold its 14.7 % stake in the company for a total of EUR98m .,1,neutral,1,neutral,neutral,1,0,Finistral-7B-LoRA,fpb_decontam,-9.87540054321289,5.143406451679766e-05,-0.0004001055203843862,0.9997901320457458,-8.75040054321289,0.00015842805441934615
479,"Operating profit totalled EUR 21.1 mn , up from EUR 18.6 mn in 2007 , representing 9.7 % of net sales .",2,positive,2,positive,positive,1,0,Finistral-7B-LoRA,fpb_decontam,-15.437518119812012,1.975053152136752e-07,-15.812518119812012,1.3574329216226033e-07,-1.823885577323381e-05,0.9999996423721313
480,There have not been previous share subscriptions with 2004 stock options .,1,neutral,1,neutral,neutral,1,0,Finistral-7B-LoRA,fpb_decontam,-12.937539100646973,2.40610074797587e-06,-3.909988299710676e-05,0.9999970197677612,-14.375039100646973,5.714990720662172e-07
481,Clothing chain Sepp+ñl+ñ 's net sales increased by 7.0 % to EUR 30.8 mn .,2,positive,2,positive,positive,1,0,Finistral-7B-LoRA,fpb_decontam,-15.437505722045898,1.9750528679196577e-07,-15.062505722045898,2.8736846502397384e-07,-5.483612312673358e-06,0.9999995231628418
482,"YIT 's Baltic sales in the first three quarters of 2008 totaled 106.2 million euros , representing a drop of 29 percent year on year .",0,negative,0,negative,negative,1,0,Finistral-7B-LoRA,fpb_decontam,-5.7338023907504976e-05,0.9999959468841553,-13.187557220458984,1.8738712697086157e-06,-13.062557220458984,2.123374315488036e-06
483,"Glaston 's own glass processing unit , Tamglass Glass Processing , is a manufacturer of high quality safety glass products , and operates in Finland .",1,neutral,1,neutral,neutral,1,0,Finistral-7B-LoRA,fpb_decontam,-16.812511444091797,4.993715307932689e-08,-1.1205610462639015e-05,0.9999994039535522,-14.375011444091797,5.715004363082699e-07
484,"The report goes on to provide detailed profiles of ten leading European specialty chemicals companies , and brief profiles of other major players .",1,neutral,1,neutral,neutral,1,0,Finistral-7B-LoRA,fpb_decontam,-14.875213623046875,3.4662750181269075e-07,-0.0002138386043952778,0.999984860420227,-11.125213623046875,1.4738975551153999e-05
485,"The contract also includes cutting and edging wagon parts at Ruukki 's steel service centres in Seinajoki and Raahe , both in southwestern Finland , from where they will be delivered to VR for welding and assembly .",1,neutral,1,neutral,neutral,1,0,Finistral-7B-LoRA,fpb_decontam,-16.687541961669922,5.658623436488597e-08,-4.1126360883936286e-05,0.9999998807907104,-16.937541961669922,4.406940590229169e-08
486,The company reports a loss for the period of EUR 0.4 mn compared to a loss of EUR 1.9 mn in the corresponding period in 2005 .,2,positive,2,positive,positive,1,0,Finistral-7B-LoRA,fpb_decontam,-11.000138282775879,1.6701336789992638e-05,-12.187638282775879,5.093620075058425e-06,-0.0001382732152706012,0.9999781847000122
487,"In future , the plant will focus on the production of flange profiles for wind farm towers .",1,neutral,1,neutral,neutral,1,0,Finistral-7B-LoRA,fpb_decontam,-16.000038146972656,1.125351332120772e-07,-3.731181277544238e-05,0.9999996423721313,-15.25003719329834,2.3823687911317393e-07
488,"The start of the negotiations , relating to Glaston 's efficiency program , was announced in October .",1,neutral,1,neutral,neutral,1,0,Finistral-7B-LoRA,fpb_decontam,-15.187509536743164,2.5360185418321635e-07,-9.179073458653875e-06,0.9999996423721313,-15.875009536743164,1.2751901579122205e-07
489,"Following the registration , the number of issued and outstanding shares of Basware is 12,890,829 .",1,neutral,1,neutral,neutral,1,0,Finistral-7B-LoRA,fpb_decontam,-16.312511444091797,8.233246973077257e-08,-1.0847986231965479e-05,0.9999997615814209,-15.93751049041748,1.1979304304077232e-07
490,The company is listed on the Nordic Exchange in Helsinki .,1,neutral,1,neutral,neutral,1,0,Finistral-7B-LoRA,fpb_decontam,-15.375012397766113,2.102432858919201e-07,-1.2397689715726301e-05,0.9999995231628418,-15.375012397766113,2.102432858919201e-07
491,"At the beginning of the subscription period on May 2 , 2006 the share subscription price under B option right is EUR 10.22 per share .",1,neutral,1,neutral,neutral,1,0,Finistral-7B-LoRA,fpb_decontam,-17.687501907348633,2.0816912638110807e-08,-2.622600959512056e-06,1.0,-18.625001907348633,8.152020392060422e-09
492,"Savon koulutuskuntayhtyma , Finland based company has awarded contract for specialist agricultural or forestry machinery .",2,positive,2,positive,positive,1,0,Finistral-7B-LoRA,fpb_decontam,-15.375039100646973,2.1024293062055222e-07,-13.187539100646973,1.8738749076874228e-06,-3.886147169396281e-05,0.9999978542327881
493,"Olvi , which controls a 94 percent stake in Ragutis through A. Le Coq , said in its annual report published earlier this year that the Lithuanian brewery 's sales reached 15.04 million euros last year , a rise of 20.4 percent from 12.49 million euros in 2004 .",2,positive,2,positive,positive,1,0,Finistral-7B-LoRA,fpb_decontam,-16.062509536743164,1.05716978282544e-07,-15.187509536743164,2.5360185418321635e-07,-9.298280929215252e-06,0.9999996423721313
494,"Finnish IT consultancy Satama Interactive Oyj said on November 13 , 2006 that Jarmo Lonnfors took up the position of CEO .",1,neutral,1,neutral,neutral,1,0,Finistral-7B-LoRA,fpb_decontam,-13.312614440917969,1.653580397942278e-06,-0.00011467275908216834,0.9999322891235352,-9.625114440917969,6.605203088838607e-05
495,"In 2010 , Sanoma Magazines expects net sales to be at the 2009 level .",1,neutral,1,neutral,neutral,1,0,Finistral-7B-LoRA,fpb_decontam,-13.375027656555176,1.553497554596106e-06,-2.7656173188006505e-05,0.9999982118606567,-15.312527656555176,2.2380253028586594e-07
496,"The business is organised , as of February 1 , 2011 , in a way that production of design services is combined into one entity , Etteplan Operations .",1,neutral,1,neutral,neutral,1,0,Finistral-7B-LoRA,fpb_decontam,-18.312511444091797,1.1142490485838152e-08,-1.156323378381785e-05,1.0,-18.687511444091797,7.658115031006218e-09
497,"The company 's profit totaled Ls 578,100 in H1 2007 , down 30.9 % year-on-year .",0,negative,0,negative,negative,1,0,Finistral-7B-LoRA,fpb_decontam,-0.0001426833332516253,0.9999833106994629,-11.250143051147461,1.300708026974462e-05,-12.500143051147461,3.7265908758854493e-06
498,The terms and conditions of Stock Option Scheme 2004 are available on the Group 's website .,1,neutral,1,neutral,neutral,1,0,Finistral-7B-LoRA,fpb_decontam,-17.8125057220459,1.8370862164829305e-08,-6.6756979322235566e-06,1.0,-17.8125057220459,1.8370862164829305e-08
499,Satama 's net sales would be higher than the year before .,2,positive,2,positive,positive,1,0,Finistral-7B-LoRA,fpb_decontam,-16.18750762939453,9.329491490461805e-08,-16.18750762939453,9.329491490461805e-08,-8.4638240878121e-06,0.9999997615814209
500,The new name of the Sanoma Division will be Sanoma News .,1,neutral,1,neutral,neutral,1,0,Finistral-7B-LoRA,fpb_decontam,-16.375009536743164,7.734419682492444e-08,-9.417489309271332e-06,0.9999997615814209,-15.812509536743164,1.3574330637311505e-07
501,"The floor area of the Yliopistonrinne project will be 7,900 sq m 85,030 sq ft and the building 's gross area will total 12,800 sq m. A total 25.1 % of the facilities have been let .",1,neutral,1,neutral,neutral,1,0,Finistral-7B-LoRA,fpb_decontam,-14.375044822692871,5.715001520911756e-07,-4.446407547220588e-05,0.999998927116394,-14.625044822692871,4.450847370662814e-07
502,The company expects meat purchases to remain at about 8mn kilos in 2011 .,1,neutral,1,neutral,neutral,1,0,Finistral-7B-LoRA,fpb_decontam,-14.625130653381348,4.450849644399568e-07,-0.0001311216183239594,0.9999994039535522,-15.687630653381348,1.53817268255807e-07
503,"This could be any of us at any time , '' she said .",1,neutral,1,neutral,neutral,1,0,Finistral-7B-LoRA,fpb_decontam,-10.812593460083008,2.014568235608749e-05,-9.30981186684221e-05,0.9999793767929077,-14.625093460083008,4.450760400231957e-07
504,UPM stock fell 3 percent to EURO 12.49 $ 17.24 in early afternoon trading in Helsinki .,0,negative,0,negative,negative,1,0,Finistral-7B-LoRA,fpb_decontam,-1.5139465176616795e-05,0.9999964237213135,-14.687515258789062,4.1811739492914057e-07,-12.687515258789062,3.089492793151294e-06
505,"Finnish IT consultancy Satama Interactive Oyj posted a net profit of 1.4 mln euro $ 2.0 mln for the first nine months of 2007 , compared to a net loss of 462,000 euro $ 664,000 for the same period of 2006 .",2,positive,2,positive,positive,1,0,Finistral-7B-LoRA,fpb_decontam,-13.875110626220703,9.4224168378787e-07,-12.687610626220703,3.0894914289092412e-06,-0.00011073929636040702,0.9999959468841553
506,"It also includes the installation of new equipment , training and start-up services , as well as service work of the shoe press delivered by Vaahto in 2001 .",1,neutral,1,neutral,neutral,1,0,Finistral-7B-LoRA,fpb_decontam,-15.500056266784668,1.855390223681752e-07,-5.602679812000133e-05,0.9999992847442627,-14.375056266784668,5.71500379464851e-07
507,The company said that sales in the three months to the end of March slid to EUR86 .4 m US$ 113.4 m from EUR91 .2 m last year .,0,negative,0,negative,negative,1,0,Finistral-7B-LoRA,fpb_decontam,-0.00011097769311163574,0.999992847442627,-13.250110626220703,1.7603337028049282e-06,-12.125110626220703,5.4222095968725625e-06
508,"An  of the invention , released by the Patent Office , said : `` A non-coherent search matrix is formed of said correlation function matrix .",1,neutral,1,neutral,neutral,1,0,Finistral-7B-LoRA,fpb_decontam,-13.500089645385742,1.3709568520425819e-06,-8.987976616481319e-05,0.9999983310699463,-15.187589645385742,2.536015131227032e-07
509,"Operating profit , excluding non-recurring items , totalled EUR 1.0 mn , down from EUR 1.6 mn .",0,negative,0,negative,negative,1,0,Finistral-7B-LoRA,fpb_decontam,-4.303362584323622e-05,0.9999909400939941,-11.750042915344238,7.889252628956456e-06,-13.687542915344238,1.1365547152308864e-06
510,"The company was supposed to deliver machinery to a veneer mill in the Tomsk region , in Russia .",1,neutral,1,neutral,neutral,1,0,Finistral-7B-LoRA,fpb_decontam,-15.250009536743164,2.3823687911317393e-07,-9.65590606938349e-06,0.9999996423721313,-15.625009536743164,1.6373765276966878e-07
511,The company 's board of directors would propose a dividend of EUR1 .00 per share for 2005 .,1,neutral,1,neutral,neutral,1,0,Finistral-7B-LoRA,fpb_decontam,-13.875020980834961,9.422422522220586e-07,-2.0861407392658293e-05,0.999996542930603,-12.875020980834961,2.5612798708607443e-06
512,Sunrise Resources operates in Russian near-shore development markets through its wholly-owned Russian subsidiary and has 80 % of its personnel in Russia .,1,neutral,1,neutral,neutral,1,0,Finistral-7B-LoRA,fpb_decontam,-16.500015258789062,6.825602838489431e-08,-1.5020257706055418e-05,0.9999998807907104,-18.031265258789062,1.4761400990437323e-08
513,"( ADP News ) - Feb 12 , 2009 - Finnish construction company Lemminkainen Oyj ( HEL : LEM1S ) said today its net profit decreased to EUR 63.5 million ( USD 81.1 m ) for 2008 from EUR 80.6 million for 2007 .",0,negative,0,negative,negative,1,0,Finistral-7B-LoRA,fpb_decontam,-3.4927710657939315e-05,0.9999970197677612,-13.687535285949707,1.1365616501279874e-06,-13.250035285949707,1.76034109244938e-06
514,Nokia was up 0.12 pct to 16.70 eur after kicking off the morning in negative territory .,2,positive,2,positive,positive,1,0,Finistral-7B-LoRA,fpb_decontam,-11.437554359436035,1.0783081052068155e-05,-10.750054359436035,2.1444719095597975e-05,-5.400034933700226e-05,0.9999678134918213
515,The group reiterated its forecast that handset manufacturers will sell around 915 mln units this year globally .,1,neutral,1,neutral,neutral,1,0,Finistral-7B-LoRA,fpb_decontam,-15.187591552734375,2.536018257615069e-07,-9.142934868577868e-05,0.9999995231628418,-15.312591552734375,2.2380281450296025e-07
516,The contract will take effect in 2009 for a five or ten year period .,1,neutral,1,neutral,neutral,1,0,Finistral-7B-LoRA,fpb_decontam,-16.937515258789062,4.406940590229169e-08,-1.4543427823809907e-05,0.9999998807907104,-17.937515258789062,1.6212226228162763e-08
517,"Raute reported a loss per share of EUR0 .86 for the first half of 2009 , against EPS of EUR0 .74 in the corresponding period of 2008 .",0,negative,0,negative,negative,1,0,Finistral-7B-LoRA,fpb_decontam,-6.282132380874828e-05,0.9999756813049316,-10.750062942504883,2.14448864426231e-05,-12.750062942504883,2.9022501166764414e-06
518,"industry in Asia +ó Pakistan , Malaysia , Taiwan and Philippines Today , Global Research & Data Services is going to publish several market analyses about the cement markets in Asia .",1,neutral,1,neutral,neutral,1,0,Finistral-7B-LoRA,fpb_decontam,-15.562517166137695,1.7429732679374865e-07,-1.764281842042692e-05,0.9999967813491821,-12.687517166137695,3.089493930019671e-06
519,"This action follows personnel negotiations concerning Elcoteq SE , Finnish Branch , Elcoteq Finland Oy and Elcoteq Design Center Oy .",1,neutral,1,neutral,neutral,1,0,Finistral-7B-LoRA,fpb_decontam,-11.937655448913574,6.540055437653791e-06,-0.00015567521040793508,0.9999351501464844,-9.750155448913574,5.829088331665844e-05
520,"In addition to verification of an identity and digital signatures , new state-approved Mobile ID enables to cast votes in elections as well .",1,neutral,1,neutral,neutral,1,0,Finistral-7B-LoRA,fpb_decontam,-16.937562942504883,4.406764375630701e-08,-6.353653589030728e-05,0.9999599456787109,-10.1250638961792,4.006368908449076e-05
521,"The acquired business main asset is a mobile authentication and signing solution , branded as Tectia MobileID , which provides authentication to web e-mail , SSL-VPN , MS SharePoint , Tectia Secure Solutions and other applications and resources .",1,neutral,1,neutral,neutral,1,0,Finistral-7B-LoRA,fpb_decontam,-15.37502384185791,2.1024298746397108e-07,-2.372236667724792e-05,0.9999980926513672,-13.31252384185791,1.6536891962459777e-06
522,Operating profit fell to EUR 6.2 mn from EUR 8.5 mn in the third quarter of 2007 .,0,negative,0,negative,negative,1,0,Finistral-7B-LoRA,fpb_decontam,-4.684815212385729e-05,0.999997615814209,-13.687546730041504,1.1365623322490137e-06,-13.687546730041504,1.1365623322490137e-06
523,The fair value of the company 's investment properties grew to EUR 2.803 billion at the end of March 2009 from EUR 2.691 million a year ago .,2,positive,2,positive,positive,1,0,Finistral-7B-LoRA,fpb_decontam,-14.500054359436035,5.043464739173942e-07,-13.187554359436035,1.873874452940072e-06,-5.447716102935374e-05,0.999997615814209
524,"In addition , the Kazakh delegation will visit Finland 's SITRA investment fund , Honkarakenne Ltd and Nokia headquarters to study TeliaSonera Ltd JSC 's activities .",1,neutral,1,neutral,neutral,1,0,Finistral-7B-LoRA,fpb_decontam,-17.687511444091797,2.081690730904029e-08,-1.1205610462639015e-05,0.9999997615814209,-15.375011444091797,2.1024332852448424e-07
525,The bond has a value of EUR150m and a maturity of 4 years .,1,neutral,1,neutral,neutral,1,0,Finistral-7B-LoRA,fpb_decontam,-14.875004768371582,3.466325892986788e-07,-5.125986263010418e-06,0.9999995231628418,-16.3125057220459,8.23324484144905e-08
526,"At first , Solteq 's services to companies operating in the St. Petersburg area will include maintenance and material management systems and data collection solutions .",1,neutral,1,neutral,neutral,1,0,Finistral-7B-LoRA,fpb_decontam,-16.312511444091797,8.233246973077257e-08,-1.0609570381348021e-05,0.9999997615814209,-15.43751049041748,1.9750534363538463e-07
527,"The approximately 20,000 dwt vessel has been ordered from India .",1,neutral,1,neutral,neutral,1,0,Finistral-7B-LoRA,fpb_decontam,-11.875777244567871,6.95789549354231e-06,-0.0007775382255204022,0.9993667006492615,-7.375777721405029,0.0006263297400437295
528,Both the net sales and operating profit were record high in the company 's history .,2,positive,2,positive,positive,1,0,Finistral-7B-LoRA,fpb_decontam,-16.375028610229492,7.734421103577915e-08,-16.687528610229492,5.658623436488597e-08,-2.95634672511369e-05,0.9999998807907104
529,"In 2009 , Fiskars ' cash flow from operating activities amounted to EUR121m , up from EUR97m in the previous year .",2,positive,2,positive,positive,1,0,Finistral-7B-LoRA,fpb_decontam,-16.062545776367188,1.0571694986083457e-07,-14.562545776367188,4.7379049306073284e-07,-4.625213477993384e-05,0.9999994039535522
530,"Glaston 's own glass processing unit , Tamglass Glass Processing , is a manufacturer of high quality safety glass products operating in Finland .",1,neutral,1,neutral,neutral,1,0,Finistral-7B-LoRA,fpb_decontam,-16.437515258789062,7.265813906087715e-08,-1.5139465176616795e-05,0.9999996423721313,-15.062515258789062,2.8736849344568327e-07
531,15 December 2010 - Finnish-German telecoms equipment maker Nokia Siemens Networks said today it won a contract to upgrade the radio network of home-based telecommunications company Elisa Oyj HEL : ELI1V .,2,positive,2,positive,positive,1,0,Finistral-7B-LoRA,fpb_decontam,-15.125019073486328,2.699575532005838e-07,-13.937519073486328,8.851567372403224e-07,-1.883488948806189e-05,0.999998927116394
532,"In addition , the company is considering the start of production in Russia .",1,neutral,1,neutral,neutral,1,0,Finistral-7B-LoRA,fpb_decontam,-16.375015258789062,7.734417550864237e-08,-1.6212332411669195e-05,0.9999994039535522,-14.375016212463379,5.715004363082699e-07
533,Our standardised services have met with a positive reception among our customers as well as at Itella .,2,positive,2,positive,positive,1,0,Finistral-7B-LoRA,fpb_decontam,-15.437531471252441,1.9750514468341862e-07,-13.875031471252441,9.422443554285564e-07,-3.182837463100441e-05,0.9999988079071045
534,"The company will disclose further details , including the anticipated transaction timetable and the name of the new investor , within one week .",1,neutral,1,neutral,neutral,1,0,Finistral-7B-LoRA,fpb_decontam,-15.68770980834961,1.5381705509298627e-07,-0.00020966715237591416,0.9999980926513672,-13.25020980834961,1.7603429114387836e-06
535,"Net sales totaled EUR 93.6 mn , up from EUR 93.2 mn in the corresponding period in 2005 .",2,positive,2,positive,positive,1,0,Finistral-7B-LoRA,fpb_decontam,-14.250008583068848,6.475947884609923e-07,-15.687508583068848,1.5381723983409756e-07,-8.4638240878121e-06,0.9999992847442627
536,"Aldata Solution Oyj Bertrand Sciard President and CEO Further information : Aldata Solution Oyj , Bertrand Sciard , President and CEO , tel. +33 1 46 48 28 00 Aldata 100 % Retail-Wholesale At Aldata 100 % of our business is dedicated to retail and wholesale business improvement .",1,neutral,1,neutral,neutral,1,0,Finistral-7B-LoRA,fpb_decontam,-17.000022888183594,4.139937459513021e-08,-2.2291887944447808e-05,0.9999998807907104,-16.375022888183594,7.734421103577915e-08
537,The enterprise value of Maritim Food AS has been determined as approximately EUR15m .,1,neutral,1,neutral,neutral,1,0,Finistral-7B-LoRA,fpb_decontam,-16.187509536743164,9.329491490461805e-08,-9.65590606938349e-06,0.9999997615814209,-16.250009536743164,8.764246217651817e-08
538,Operating profit improved by 39.9 % to EUR 18.0 mn from EUR12 .8 mn .,2,positive,2,positive,positive,1,0,Finistral-7B-LoRA,fpb_decontam,-16.12502670288086,9.931193289958173e-08,-16.93752670288086,4.406940590229169e-08,-2.7417760065873154e-05,0.9999998807907104
539,"Vaisala , headquartered in Helsinki in Finland , develops and manufactures electronic measurement systems for meteorology , environmental sciences , traffic and industry .",1,neutral,1,neutral,neutral,1,0,Finistral-7B-LoRA,fpb_decontam,-15.312509536743164,2.2380265818355838e-07,-9.775113539944869e-06,0.9999988079071045,-13.812509536743164,1.0030138355432427e-06
540,"In the Baltic states the company reports net sales of EUR 11.9 mn , down from EUR 14.2 mn , and an operative EBIT of EUR -2.2 mn , down from EUR -1.7 mn .",0,negative,0,negative,negative,1,0,Finistral-7B-LoRA,fpb_decontam,-1.8596476365928538e-05,0.9999980926513672,-13.562518119812012,1.2878944062322262e-06,-14.312518119812012,6.083582775318064e-07
541,"In 2007 , Etteplan had turnover of EUR125 .2 m.",1,neutral,1,neutral,neutral,1,0,Finistral-7B-LoRA,fpb_decontam,-16.87500762939453,4.691163724146463e-08,-7.867782187531702e-06,0.9999998807907104,-17.25000762939453,3.224186428951725e-08
542,"A meeting for the media and analysts will be held on the same day at 10:30 a.m. at Stonesoft Headquarters in Helsinki , Italahdenkatu 22 A. The Interim report will be presented by Stonesoft 's CEO Ilkka Hiidenheimo .",1,neutral,1,neutral,neutral,1,0,Finistral-7B-LoRA,fpb_decontam,-17.31252098083496,3.028842598951087e-08,-2.1219027985353023e-05,0.9999998807907104,-16.50002098083496,6.825602838489431e-08
543,The fair value of the company 's investment properties went down to EUR 2.768 billion at the end of 2009 from EUR 2.916 billion a year earlier .,0,negative,0,negative,negative,1,0,Finistral-7B-LoRA,fpb_decontam,-6.878139538457617e-05,0.9999955892562866,-12.875068664550781,2.5612773697503144e-06,-13.187568664550781,1.8738705875875894e-06
544,The price will be specified at the completion date .,1,neutral,1,neutral,neutral,1,0,Finistral-7B-LoRA,fpb_decontam,-16.062519073486328,1.0571699959882608e-07,-1.8596476365928538e-05,0.9999998807907104,-17.250019073486328,3.224186428951725e-08
545,"In a recent interview with the Financial Times ( FT ) , Sampo 's board chairman Bjorn Wahlroos said If P&C was certainly for sale and the price had been set at SEK 85 billion , confirming earlier statements .",1,neutral,1,neutral,neutral,1,0,Finistral-7B-LoRA,fpb_decontam,-8.752106666564941,0.00015834864461794496,-0.0021069487556815147,0.9992889165878296,-7.5021071434021,0.0005526911118067801
546,"The development of the technological park , which will specialize in telecommunications and information technologies , is part of the state program for the formation of technoparks for hi-tech sectors in Russia .",1,neutral,1,neutral,neutral,1,0,Finistral-7B-LoRA,fpb_decontam,-13.68774700164795,1.1363325711499783e-06,-0.0002469711471349001,0.9997954964637756,-8.50024700164795,0.000203426752705127
547,"The subject of the project is provide to the company like : Software programming and consultancy services , Computer-related services , Data services , Computer support and consultancy services , Internet services etc. .",1,neutral,1,neutral,neutral,1,0,Finistral-7B-LoRA,fpb_decontam,-14.312529563903809,6.083589028094138e-07,-2.9682672902708873e-05,0.9999991655349731,-15.312529563903809,2.2380274344868667e-07
548,"Earnings per share ( EPS ) amounted to EUR1 .37 , down from EUR2 .30 .",0,negative,0,negative,negative,1,0,Finistral-7B-LoRA,fpb_decontam,-4.327203714638017e-05,0.9999946355819702,-12.312542915344238,4.495177563512698e-06,-13.937542915344238,8.851529287312587e-07
549,"Cramo , headquartered in Vantaa , Finland , rents construction machinery and equipment , as well as rents and sells modular space .",1,neutral,1,neutral,neutral,1,0,Finistral-7B-LoRA,fpb_decontam,-16.437509536743164,7.265815327173186e-08,-8.940656698541716e-06,0.9999997615814209,-15.437508583068848,1.9750534363538463e-07
550,"Through the Nordic Exchange , OMX offers access to approximately 80 percent of the Nordic and Baltic securities market .",1,neutral,1,neutral,neutral,1,0,Finistral-7B-LoRA,fpb_decontam,-17.37501335144043,2.8453344569356886e-08,-1.3708974620385561e-05,0.9999998807907104,-15.87501335144043,1.2751904421293148e-07
551,"Alma Media 's operating profit amounted to EUR 11.9 mn , down from EUR 15.0 mn a year earlier .",0,negative,0,negative,negative,1,0,Finistral-7B-LoRA,fpb_decontam,-3.969590397900902e-05,0.9999970197677612,-12.937540054321289,2.40610074797587e-06,-14.312540054321289,6.0835759541078e-07
552,Earnings per share EPS rose to EUR 0.11 from EUR 0.03 .,2,positive,2,positive,positive,1,0,Finistral-7B-LoRA,fpb_decontam,-17.000003814697266,4.139937459513021e-08,-15.625003814697266,1.6373769540223293e-07,-3.576272320060525e-06,0.9999998807907104
553,"The deal includes all rental equipment and related merchandise , the rental contract of the depot and two employees , the company said .",1,neutral,1,neutral,neutral,1,0,Finistral-7B-LoRA,fpb_decontam,-16.12502670288086,9.931189737244495e-08,-2.6702524337451905e-05,0.9999995231628418,-14.93752670288086,3.2563119134465524e-07
554,Net sales revenue per passenger is expected to increase .,2,positive,2,positive,positive,1,0,Finistral-7B-LoRA,fpb_decontam,-14.625004768371582,4.450849644399568e-07,-15.625004768371582,1.6373761013710464e-07,-4.768360213347478e-06,0.9999994039535522
555,"Sales climbed 19.2 pct to 1.002 bln eur , surpassing the 953 mln eur consensus figure .",2,positive,2,positive,positive,1,0,Finistral-7B-LoRA,fpb_decontam,-15.375007629394531,2.1024332852448424e-07,-16.68750762939453,5.658622725945861e-08,-7.867782187531702e-06,0.9999997615814209
556,"Tecnomen 's solution can be used for prepaid and post-paid billing , for charging and rating of voice and video calls , data traffic and any kind of content services in both mobile and fixed networks .",1,neutral,1,neutral,neutral,1,0,Finistral-7B-LoRA,fpb_decontam,-17.062519073486328,3.88911018944782e-08,-1.9788545614574105e-05,0.9999996423721313,-15.000020027160645,3.0590220490012143e-07
557,"The machine will have an annual production capacity of 200,000 tonnes of super-calendered magazine paper and other paper grades based on recovered fiber , Stora Enso said .",1,neutral,1,neutral,neutral,1,0,Finistral-7B-LoRA,fpb_decontam,-16.187597274780273,9.329489358833598e-08,-9.810443589231e-05,0.9999995231628418,-14.75009822845459,3.92786148495361e-07
558,com and possibly also through photo-msn .,1,neutral,1,neutral,neutral,1,0,Finistral-7B-LoRA,fpb_decontam,-11.750075340270996,7.889195330790244e-06,-7.557583012385294e-05,0.9999836683273315,-11.687575340270996,8.398004865739495e-06
559,"Customers wave cards in front of the reader to make payments , similar to `` touch and go '' cards used in transport systems .",1,neutral,1,neutral,neutral,1,0,Finistral-7B-LoRA,fpb_decontam,-14.250049591064453,6.475945610873168e-07,-4.95898348162882e-05,0.999998927116394,-14.812549591064453,3.6898822486364224e-07
