index,sentence,gold_id,gold_label,pred_id,pred_label,raw_output,correct,unparseable,model,dataset,logprob_negative,score_negative,logprob_neutral,score_neutral,logprob_positive,score_positive
0,"The e-commerce site and flagship will be managed by Marimekko North America Retail LLC , a subsidiary established in the U.S. last year .",1,neutral,-1,UNPARSEABLE,"1

## Explanation",0,1,Mistral-7B-v0.1-Base,fpb_decontam,-4.179919719696045,0.45969343185424805,-4.492419719696045,0.33631888031959534,-4.992419719696045,0.203987717628479
1,"The Costanza light , with an aluminum base and washable shade , comes in white , pistachio , orange , blue and red .",1,neutral,-1,UNPARSEABLE,0.000000,0,1,Mistral-7B-v0.1-Base,fpb_decontam,-4.379239082336426,0.28571540117263794,-4.254239082336426,0.32375797629356384,-4.066739082336426,0.3905266523361206
2,The fair value of the company 's investment properties went down to EUR2 .769 bn at the end of September 2009 from EUR2 .878 bn a year earlier .,0,negative,-1,UNPARSEABLE,"1

Instructions: What is",0,1,Mistral-7B-v0.1-Base,fpb_decontam,-3.597851276397705,0.8541854023933411,-5.816601276397705,0.09288835525512695,-6.379101276397705,0.052926186472177505
3,"HELSINKI ( AFX ) - Shares closed higher , led by Nokia after it announced plans to team up with Sanyo to manufacture 3G handsets , and by Nokian Tyres after its fourth-quarter earnings report beat analysts ' expectations , dealers said .",2,positive,-1,UNPARSEABLE,"1

Instruction: What is the",0,1,Mistral-7B-v0.1-Base,fpb_decontam,-5.7458343505859375,0.14064376056194305,-5.7145843505859375,0.14510828256607056,-4.1208343505859375,0.7142479419708252
4,Electronic versions require 24-48 hours as each copy is customized to the client with digital controls and custom watermarks .,1,neutral,-1,UNPARSEABLE,0.000000,0,1,Mistral-7B-v0.1-Base,fpb_decontam,-4.105093955993652,0.5836108922958374,-5.105093955993652,0.21469847857952118,-5.167593955993652,0.20169053971767426
5,Amanda Capital has investments in 22 private equity funds and in over 200 unquoted companies mainly in Europe .,1,neutral,-1,UNPARSEABLE,"1

## Explanation",0,1,Mistral-7B-v0.1-Base,fpb_decontam,-3.8977608680725098,0.46689873933792114,-4.52276086807251,0.24991288781166077,-4.39776086807251,0.2831884026527405
6,"Rohwedder Group is an automotive supplies , telecommunications and electronics industry provider for customers in Europe , North America and Asia .",1,neutral,-1,UNPARSEABLE,0.000000,0,1,Mistral-7B-v0.1-Base,fpb_decontam,-4.0362324714660645,0.5278612375259399,-4.7237324714660645,0.26542529463768005,-4.9737324714660645,0.20671343803405762
7,"It generated an operating loss of EUR 96.3 mn , down from a profit of EUR 43.9 mn .",0,negative,-1,UNPARSEABLE,"1

## Explanation",0,1,Mistral-7B-v0.1-Base,fpb_decontam,-2.738842010498047,0.9706563353538513,-6.645092010498047,0.019525520503520966,-7.332592010498047,0.00981805007904768
8,Okmetic expects its net sales for the first half of 2009 to be less than in 2008 .,0,negative,-1,UNPARSEABLE,"0.0

## Description",0,1,Mistral-7B-v0.1-Base,fpb_decontam,-2.4322783946990967,0.9495638012886047,-5.807278633117676,0.03249228000640869,-6.401028633117676,0.017943939194083214
9,"The Inventors are Ridge Justin , Bao Yiliang and Karczewicz Marta .",1,neutral,-1,UNPARSEABLE,0.000000,0,1,Mistral-7B-v0.1-Base,fpb_decontam,-3.5793309211730957,0.372122198343277,-3.9543309211730957,0.25575560331344604,-3.5793309211730957,0.372122198343277
10,"The decision reflects the underutilisation of the line , which produces nonwovens used in medical and wipes applications as well as for the automotive industry .",1,neutral,-1,UNPARSEABLE,"1

## Explanation",0,1,Mistral-7B-v0.1-Base,fpb_decontam,-3.767463445663452,0.6339176297187805,-4.892463684082031,0.20580287277698517,-5.142463684082031,0.16027943789958954
11,Net sales in 2007 are expected to be 10 % up on 2006 .,2,positive,-1,UNPARSEABLE,"1

## Explanation",0,1,Mistral-7B-v0.1-Base,fpb_decontam,-5.2722392082214355,0.0732567235827446,-5.0847392082214355,0.08836447447538376,-2.8347392082214355,0.8383787870407104
12,"Both operating profit and turnover for the three-month period increased , respectively from EUR0 .9 m and EUR8 .3 m , as compared to the corresponding period in 2005 .",2,positive,-1,UNPARSEABLE,"1

Instructions: What is",0,1,Mistral-7B-v0.1-Base,fpb_decontam,-4.9377360343933105,0.44113555550575256,-5.5627360343933105,0.23612286150455475,-5.2502360343933105,0.32274165749549866
13,"Currently the Terminator lures are produced in a subcontract facility in Mexico but the manufacturing will be transferred to Rapala 's factory in Shenzhen , China .",1,neutral,-1,UNPARSEABLE,"1

## Explanation",0,1,Mistral-7B-v0.1-Base,fpb_decontam,-4.02479362487793,0.6076923608779907,-5.02479362487793,0.22355756163597107,-5.30604362487793,0.1687500774860382
14,The net sales of the Power Plants business were EUR 710.3 million in 2005 .,1,neutral,-1,UNPARSEABLE,"0.0

## Explan",0,1,Mistral-7B-v0.1-Base,fpb_decontam,-3.7954955101013184,0.565483033657074,-4.607995510101318,0.2509315609931946,-4.920495510101318,0.18358545005321503
15,The Group also has a strong global position in other fishing categories .,2,positive,-1,UNPARSEABLE,"1

Instructions: What is",0,1,Mistral-7B-v0.1-Base,fpb_decontam,-4.306585788726807,0.3545548915863037,-4.181585788726807,0.40176334977149963,-4.681585788726807,0.24368178844451904
16,The project is expected to be completed in 2009 .,1,neutral,-1,UNPARSEABLE,0.000000,0,1,Mistral-7B-v0.1-Base,fpb_decontam,-4.188616752624512,0.4499334990978241,-4.563616752624512,0.30923447012901306,-4.813616752624512,0.24083206057548523
17,The share of the share capital of both above mentioned shareholders remains below 5 % .,1,neutral,-1,UNPARSEABLE,"0

## Explanation",0,1,Mistral-7B-v0.1-Base,fpb_decontam,-3.639801502227783,0.4838982820510864,-3.827301502227783,0.40116578340530396,-5.077301502227783,0.11493591964244843
18,"Following the issue , the new shares will constitute 10 percent of the firm 's capital .",1,neutral,-1,UNPARSEABLE,"1

## Explanation",0,1,Mistral-7B-v0.1-Base,fpb_decontam,-3.888624668121338,0.5913025140762329,-4.951124668121338,0.20434869825839996,-4.951124668121338,0.20434869825839996
19,The first stage of the contract covers 133 stores and 600 cash registers .,1,neutral,-1,UNPARSEABLE,"1

## Explanation",0,1,Mistral-7B-v0.1-Base,fpb_decontam,-3.990787982940674,0.44305187463760376,-4.553287982940674,0.2524433434009552,-4.365787982940674,0.3045048117637634
20,Currency conversions are based on exchange rates at the time of the deal .,1,neutral,-1,UNPARSEABLE,"0.0

## Explan",0,1,Mistral-7B-v0.1-Base,fpb_decontam,-4.196915626525879,0.49207961559295654,-4.384415626525879,0.4079483449459076,-5.790665626525879,0.09997203946113586
21,Mobile communication and wireless broadband provider Nokia Inc NYSE : NOK today set new financial targets and forecasts for Nokia and the mobile device industry and also for Nokia Siemens Networks and the mobile and fixed infrastructure and related services market .,1,neutral,-1,UNPARSEABLE,"1

Instruction: What is the",0,1,Mistral-7B-v0.1-Base,fpb_decontam,-4.209357738494873,0.4345189332962036,-4.959357738494873,0.20525221526622772,-4.396857738494873,0.36022886633872986
22,"According to preliminary data from Slovakia 's Statistics Office , goods worth E36 .4 million were imported from Finland between January and October 2010 , making up 0.1 percent of Slovakia 's total imports .",1,neutral,-1,UNPARSEABLE,0.1 percent of Slovakia,0,1,Mistral-7B-v0.1-Base,fpb_decontam,-4.735054969787598,0.5979636907577515,-5.453804969787598,0.2914242148399353,-6.422554969787598,0.1106121614575386
23,Oriola-KD is a spin-off of Finnish pharmaceutical group Orion Oyj 's wholesale division .,1,neutral,-1,UNPARSEABLE,"1

## Explanation",0,1,Mistral-7B-v0.1-Base,fpb_decontam,-4.303895950317383,0.5316739082336426,-4.928895950317383,0.28458452224731445,-5.366395950317383,0.18374158442020416
24,"( ADP News ) - Dec 11 , 2008 - Finnish construction and engineering company Outotec Oyj ( OMX : OTE1V ) said today it won a EUR 28 million ( USD 36.8 m ) order to expand the phosphate concentrator in Siilinjarvi of Norwegian minera",2,positive,-1,UNPARSEABLE,"1

Instruction: What is the",0,1,Mistral-7B-v0.1-Base,fpb_decontam,-3.4684197902679443,0.6775206923484802,-4.843420028686523,0.17130401730537415,-4.968420028686523,0.15117526054382324
25,"It comes complete with an LCD touch screen system for selection of your chosen function and prices start at around the pounds 4,805 mark .",1,neutral,-1,UNPARSEABLE,"1

Instruction: What is the",0,1,Mistral-7B-v0.1-Base,fpb_decontam,-4.223869800567627,0.3689842224121094,-4.661369800567627,0.23823411762714386,-4.161369800567627,0.39278164505958557
26,The non-recurring costs caused to Talentum 's Premedia business area by the restructuring will amount to 2.0 mln euro $ 2.7 mln and will be included in the company 's financial results for the second quarter of 2007 .,1,neutral,-1,UNPARSEABLE,"1

Instructions: What is",0,1,Mistral-7B-v0.1-Base,fpb_decontam,-4.345034122467041,0.7479322552680969,-6.095034122467041,0.12997113168239594,-6.157534122467041,0.12209659069776535
27,"German Commerzbank AG 's Hamburg Branch and US JP Morgan ( NYSE : JPM ) participated as arrangers , and Dutch ING ( AMS : INGA ) as co-arranger .",1,neutral,-1,UNPARSEABLE,0.000000,0,1,Mistral-7B-v0.1-Base,fpb_decontam,-4.788069248199463,0.44401440024375916,-5.225569248199463,0.2866772711277008,-5.288069248199463,0.2693083584308624
28,"Finnish shipping company Finnlines ' pretax loss totalled EUR 6.5 mn in the third quarter of 2009 , compared to a profit of EUR 0.3 mn in the third quarter of 2008 .",0,negative,-1,UNPARSEABLE,"0

Instructions: What is",0,1,Mistral-7B-v0.1-Base,fpb_decontam,-3.9839439392089844,0.8658745288848877,-6.452693939208984,0.07333147525787354,-6.640193939208984,0.0607939288020134
29,The investments and operational changes enable additional optimisation of the working hours and thereby further cost savings of some 7 % -9 % .,2,positive,-1,UNPARSEABLE,"1

## Explanation",0,1,Mistral-7B-v0.1-Base,fpb_decontam,-4.109411716461182,0.38380128145217896,-4.859411716461182,0.18129488825798035,-3.9844117164611816,0.4349038302898407
30,"Revenue in July to September grew 14 percent to ( EURO ) 467 million from a year earlier , the company said Thursday .",2,positive,-1,UNPARSEABLE,"1

Instruction: What is the",0,1,Mistral-7B-v0.1-Base,fpb_decontam,-4.452055931091309,0.230819433927536,-4.702055931091309,0.1797623485326767,-3.5145556926727295,0.5894181728363037
31,EUR 152.4 mn of this was net interest income .,1,neutral,-1,UNPARSEABLE,"1

## Explanation",0,1,Mistral-7B-v0.1-Base,fpb_decontam,-4.012585639953613,0.48102426528930664,-4.762585639953613,0.22721977531909943,-4.512585639953613,0.2917559742927551
32,The business section also includes Ahlstrom 's sustainability report .,1,neutral,-1,UNPARSEABLE,"1

## Explanation",0,1,Mistral-7B-v0.1-Base,fpb_decontam,-4.448375225067139,0.46303674578666687,-4.823375225067139,0.3182401955127716,-5.198375225067139,0.21872307360172272
33,The contract value amounts to EUR 2.4 million .,1,neutral,-1,UNPARSEABLE,"0.0

## Description",0,1,Mistral-7B-v0.1-Base,fpb_decontam,-4.3346476554870605,0.3543699383735657,-4.4596476554870605,0.3127303719520569,-4.3971476554870605,0.3328997492790222
34,"A. Le Coq Special was developed for the bicentenary of the company and the trade mark , the brewer said .",1,neutral,-1,UNPARSEABLE,"1

Instructions: What is",0,1,Mistral-7B-v0.1-Base,fpb_decontam,-4.011257648468018,0.5742128491401672,-4.886257648468018,0.2393675297498703,-5.136257648468018,0.18641962110996246
35,The expanded plant is scheduled to be operational by the middle of October 2009 .,1,neutral,-1,UNPARSEABLE,"1

## Explanation",0,1,Mistral-7B-v0.1-Base,fpb_decontam,-3.888230562210083,0.4594925343990326,-4.450730323791504,0.2618110179901123,-4.388230323791504,0.2786963880062103
36,In 2007 Etteplan reported a turnover of EUR125 .2 m.,1,neutral,-1,UNPARSEABLE,"0.0

## Description",0,1,Mistral-7B-v0.1-Base,fpb_decontam,-3.7914509773254395,0.565483033657074,-4.9164509773254395,0.18358545005321503,-4.6039509773254395,0.2509315609931946
37,Both Mr Walden and Mr Ignatius will be responsible also for the newspapers ' business result .,1,neutral,-1,UNPARSEABLE,"1

## Explanation",0,1,Mistral-7B-v0.1-Base,fpb_decontam,-4.047760009765625,0.5004663467407227,-4.547760009765625,0.3035481870174408,-4.985260009765625,0.19598543643951416
38,AffectoGenimap builds highly customised IT solutions for its customers in Finland and the Baltic countries .,1,neutral,-1,UNPARSEABLE,0.000000,0,1,Mistral-7B-v0.1-Base,fpb_decontam,-4.570241451263428,0.4364340305328369,-5.007741451263428,0.28178301453590393,-5.007741451263428,0.28178301453590393
39,No decision on such sale of the now issued or existing treasury shares to YA Global has been made yet .,1,neutral,-1,UNPARSEABLE,"0.0

## Explan",0,1,Mistral-7B-v0.1-Base,fpb_decontam,-3.8543295860290527,0.59576016664505,-4.416829586029053,0.33945387601852417,-6.073079586029053,0.0647859126329422
40,"Lassila & Tikanoja 's operating profit excluding non-recurring and imputed items for the second quarter was EUR11 .3 m , down from EUR13 .8 m a year ago .",0,negative,-1,UNPARSEABLE,"1

## Explanation",0,1,Mistral-7B-v0.1-Base,fpb_decontam,-4.470388889312744,0.7101709842681885,-6.157888889312744,0.13136842846870422,-5.970388889312744,0.1584605723619461
41,The fixed acquisition price amounts to NOK 70 ( approximately EUR 8.7 ) million and additional price NOK 15 ( EUR 1.8 ) million at maximum .,1,neutral,-1,UNPARSEABLE,"1

## Explanation",0,1,Mistral-7B-v0.1-Base,fpb_decontam,-4.5403547286987305,0.4537241756916046,-5.2903547286987305,0.21432414650917053,-4.8528547286987305,0.33195170760154724
42,The exercise originated in Finland in the early 1930s as a training method for cross-country skiers .,1,neutral,-1,UNPARSEABLE,"1

## Explanation",0,1,Mistral-7B-v0.1-Base,fpb_decontam,-3.6578431129455566,0.42439866065979004,-3.7203431129455566,0.39868566393852234,-4.532843112945557,0.17691567540168762
43,"The huge bridge girders will be delivered to the site from our plant in Ylivieska , Finland .",1,neutral,-1,UNPARSEABLE,"1.0

## Description",0,1,Mistral-7B-v0.1-Base,fpb_decontam,-4.090200424194336,0.41246482729911804,-4.527700424194336,0.2663072943687439,-4.340200424194336,0.32122793793678284
44,"no compensation for its news , opinions or distributions .",1,neutral,-1,UNPARSEABLE,"0

## Description

Sent",0,1,Mistral-7B-v0.1-Base,fpb_decontam,-2.6208760738372803,0.8146198391914368,-4.308376312255859,0.1506894826889038,-5.777126312255859,0.03469068929553032
45,The writing and publication of Lemmink+ñinen -¦ s history is a continuation of earlier collaboration between Antti Tuuri and the company .,1,neutral,-1,UNPARSEABLE,"1

## Explanation",0,1,Mistral-7B-v0.1-Base,fpb_decontam,-4.204911708831787,0.5254471302032471,-4.829911708831787,0.28125160932540894,-5.204911708831787,0.1933012157678604
46,"HUHTAMAKI OYJ STOCK EXCHANGE RELEASE , 16.9.2008 AT 13.32 Huhtamaki 's Capital Markets Day for institutional investors and analysts is held in Espoo , September 16 , 2008 starting at 13.30 pm Finnish time .",1,neutral,-1,UNPARSEABLE,"0.0

## Abstract",0,1,Mistral-7B-v0.1-Base,fpb_decontam,-4.031788349151611,0.4865780174732208,-4.406788349151611,0.3344198763370514,-5.031788349151611,0.1790020763874054
47,The deliveries are scheduled for the summer and autumn of 2008 .,1,neutral,-1,UNPARSEABLE,0.000000,0,1,Mistral-7B-v0.1-Base,fpb_decontam,-3.993004083633423,0.48968011140823364,-4.555503845214844,0.27901139855384827,-4.743003845214844,0.23130854964256287
48,"The contract covers the manufacturing , surface-treatment and installation of the steel structures .",1,neutral,-1,UNPARSEABLE,"1

## Explanation",0,1,Mistral-7B-v0.1-Base,fpb_decontam,-3.9580492973327637,0.5098429322242737,-4.520549297332764,0.290499746799469,-4.895549297332764,0.1996573507785797
49,"`` The number of collection errors fell considerably , and operations speeded up .",2,positive,-1,UNPARSEABLE,1,0,1,Mistral-7B-v0.1-Base,fpb_decontam,-4.066379070281982,0.15937140583992004,-4.003879070281982,0.16964997351169586,-2.6288790702819824,0.6709786653518677
50,Operating profit improved by 27 % to EUR 579.8 mn from EUR 457.2 mn in 2006 .,2,positive,-1,UNPARSEABLE,"1

## Explanation",0,1,Mistral-7B-v0.1-Base,fpb_decontam,-5.30849552154541,0.10258400440216064,-5.43349552154541,0.09053006023168564,-3.245995283126831,0.806885838508606
51,"The business had gross written premiums of EUR152 .4 m (  91.5 m ) in 2000 , a net combined ratio of 133 % and 175 staff in total with offices in the UK , Germany and Benelux .",1,neutral,-1,UNPARSEABLE,"1

## Explanation",0,1,Mistral-7B-v0.1-Base,fpb_decontam,-3.429309368133545,0.5779504776000977,-4.679309368133545,0.16558559238910675,-4.241809368133545,0.2564639747142792
52,Cameco typically prices sales contracts using a 40:60 ratio of fixed prices and spot prices .,1,neutral,-1,UNPARSEABLE,"0.0

## Explan",0,1,Mistral-7B-v0.1-Base,fpb_decontam,-4.290180683135986,0.490856796503067,-4.727680683135986,0.3169209659099579,-5.227680683135986,0.19222226738929749
53,"The value of the contract is about EUR1 .0 m. Poyry , headquartered in Vantaa , Finland provides consulting and engineering services to the energy , forestry and infrastructure & environment sectors .",1,neutral,-1,UNPARSEABLE,"1

## Explanation",0,1,Mistral-7B-v0.1-Base,fpb_decontam,-4.476246356964111,0.49065473675727844,-5.163746356964111,0.2467166930437088,-5.101246356964111,0.26262855529785156
54,"The inaugural speech will be given by Hannu Kyrolainen , Finland 's Ambassador to the Czech Republic .",1,neutral,-1,UNPARSEABLE,"1

## Explanation",0,1,Mistral-7B-v0.1-Base,fpb_decontam,-3.8800241947174072,0.48968011140823364,-4.442523956298828,0.27901139855384827,-4.630023956298828,0.23130854964256287
55,"The financial impact is estimated to be some 1.5 MEUR annual improvement in the division 's result , starting from fiscal year 2007 .",2,positive,-1,UNPARSEABLE,1.5 MEUR annual improvement in,0,1,Mistral-7B-v0.1-Base,fpb_decontam,-4.640143394470215,0.37438759207725525,-4.952643394470215,0.2739078104496002,-4.702643394470215,0.35170459747314453
56,"Samsung currently occupies third place and lost ground during the quarter , dropping by 1.8 % to an 11.1 % share overall .",0,negative,-1,UNPARSEABLE,"1

## Explanation",0,1,Mistral-7B-v0.1-Base,fpb_decontam,-3.7676053047180176,0.8086881041526794,-5.798855304718018,0.10607679188251495,-6.017605304718018,0.085235096514225
57,Tiimari operates 194 stores in six countries -- including its core Finnish market -- and generated a turnover of 76.5 mln eur in 2005 .,1,neutral,-1,UNPARSEABLE,"1

Instruction: What is the",0,1,Mistral-7B-v0.1-Base,fpb_decontam,-4.906379699707031,0.5024639368057251,-5.593879699707031,0.2526547312736511,-5.625129699707031,0.24488136172294617
58,"The Whitehall Street Real Estate Funds invest in real estate and real estate related assets , principally through the acquisition of real estate companies , real property and mortgage loans .",1,neutral,-1,UNPARSEABLE,0.000000,0,1,Mistral-7B-v0.1-Base,fpb_decontam,-3.7946081161499023,0.518977165222168,-4.419608116149902,0.2777884900569916,-4.732108116149902,0.20323437452316284
59,"Consisting of seven interconnected units , Mega Image 's logistics center will be 347 metres in length and 12 metres in height .",1,neutral,-1,UNPARSEABLE,"1

## Explanation",0,1,Mistral-7B-v0.1-Base,fpb_decontam,-4.52030611038208,0.44401440024375916,-4.95780611038208,0.2866772711277008,-5.02030611038208,0.2693083584308624
60,"In December alone , the members of the Lithuanian Brewers ' Association sold a total of 20.3 million liters of beer , an increase of 1.9 percent from the sales of 19.92 million liters in December 2004 .",2,positive,-1,UNPARSEABLE,"1

## Explanation",0,1,Mistral-7B-v0.1-Base,fpb_decontam,-4.59744930267334,0.42884209752082825,-5.28494930267334,0.21563535928726196,-4.78494930267334,0.35552260279655457
61,Diluted earnings per share ( EPS ) rose to EUR 0.52 versus EUR 0.09 .,2,positive,-1,UNPARSEABLE,"1

## Explanation",0,1,Mistral-7B-v0.1-Base,fpb_decontam,-4.398656845092773,0.2590629756450653,-4.898656845092773,0.15712964534759521,-3.5861568450927734,0.5838074088096619
62,"Previously , Grimaldi held a 46.43 pct stake in the Finnish company following the takeover bid launched in November 2006 .",1,neutral,-1,UNPARSEABLE,"1

Instructions: What is",0,1,Mistral-7B-v0.1-Base,fpb_decontam,-4.273468971252441,0.518977165222168,-4.898468971252441,0.2777884900569916,-5.210968971252441,0.20323437452316284
63,Operating profit was EUR 1.6 mn in 2005 compared to EUR 5.9 mn in 2004 .,0,negative,-1,UNPARSEABLE,"0

## Explanation",0,1,Mistral-7B-v0.1-Base,fpb_decontam,-2.6437673568725586,0.9335322380065918,-5.643767356872559,0.04647783190011978,-6.487517356872559,0.019989866763353348
64,"Foundries division reports its sales increased by 9.7 % to EUR 63.1 mn from EUR 57.5 mn in the corresponding period in 2006 , and sales of the Machine Shop division increased by 16.4 % to EUR 41.2 mn from EUR 35.4 mn in the corresponding period in 2006 .",2,positive,-1,UNPARSEABLE,"1

Instructions: What is",0,1,Mistral-7B-v0.1-Base,fpb_decontam,-4.6729350090026855,0.1447712481021881,-4.8604350090026855,0.1200195923447609,-3.0479350090026855,0.7352091073989868
65,The studies are expected to start in 2008 .,1,neutral,-1,UNPARSEABLE,"1

## Explanation",0,1,Mistral-7B-v0.1-Base,fpb_decontam,-3.9614200592041016,0.465445876121521,-4.273920059204102,0.3405274450778961,-4.836420059204102,0.19402669370174408
66,Stichting Pensioenfonds ABP : 4 118 122 shares representing 5.19 % of the share capital and voting rights .,1,neutral,-1,UNPARSEABLE,"0.0

## Description",0,1,Mistral-7B-v0.1-Base,fpb_decontam,-3.6720662117004395,0.6127092242240906,-4.9220662117004395,0.1755441278219223,-4.7345662117004395,0.21174664795398712
67,"The Web-Marela application handles invitations to quote , quote comparisons , agreements , purchases , invoice inspections , inventory management , and deliveries .",1,neutral,-1,UNPARSEABLE,0.000000,0,1,Mistral-7B-v0.1-Base,fpb_decontam,-3.926741600036621,0.3834606111049652,-4.176741600036621,0.2986394166946411,-4.114241600036621,0.31790003180503845
68,"mn , and pretax profit to EUR 46.4 mn from EUR 35.8 mn in the third quarter of 2006 .",2,positive,-1,UNPARSEABLE,"1

## Explanation",0,1,Mistral-7B-v0.1-Base,fpb_decontam,-4.377165794372559,0.36252328753471375,-5.314665794372559,0.14196616411209106,-4.064665794372559,0.49551060795783997
69,"Finnish Suominen Corporation that makes wipes , nonwovens , and flexible packaging , expects changes in the market situation to reduce sales of Suominen 's nonwovens and wet wipes from the previously estimated volumes .",0,negative,-1,UNPARSEABLE,"1

## Explanation",0,1,Mistral-7B-v0.1-Base,fpb_decontam,-3.952857494354248,0.7945591807365417,-5.952857494354248,0.10753189027309418,-6.046607494354248,0.09790889918804169
70,Rapala aims to move the distribution unit Ragot from Loudeac in Bretagne and the distribution unit Waterqueen and the fishing line supplier Tortue from Saint Marcel in Central France to Morvillars .,1,neutral,-1,UNPARSEABLE,"1

## Explanation",0,1,Mistral-7B-v0.1-Base,fpb_decontam,-3.9641356468200684,0.6401338577270508,-5.401635646820068,0.1520451307296753,-5.089135646820068,0.2078210413455963
71,Almost the entire office building will be occupied by Metso .,1,neutral,-1,UNPARSEABLE,"1

Instructions: What is",0,1,Mistral-7B-v0.1-Base,fpb_decontam,-3.205854892730713,0.5033612847328186,-4.080854892730713,0.20983219146728516,-3.768354892730713,0.286806583404541
72,"The price of the 10,000 kroon par value bonds was 9663,51 kroons in the primary issue .",1,neutral,-1,UNPARSEABLE,"1

## Explanation",0,1,Mistral-7B-v0.1-Base,fpb_decontam,-3.359388828277588,0.5836109519004822,-4.421888828277588,0.20169055461883545,-4.359388828277588,0.21469849348068237
73,"Ahlstrom 's 5,700 employees serve customers via sales offices and production facilities in more than 20 countries on six continents .",1,neutral,-1,UNPARSEABLE,0.000000,0,1,Mistral-7B-v0.1-Base,fpb_decontam,-4.826437950134277,0.32631808519363403,-4.763937950134277,0.34736379981040955,-4.826437950134277,0.32631808519363403
74,- Counter your competitor 's strengths and target their weaknesses .,1,neutral,-1,UNPARSEABLE,0.000000,0,1,Mistral-7B-v0.1-Base,fpb_decontam,-3.3150105476379395,0.5836109519004822,-4.3775105476379395,0.20169055461883545,-4.3150105476379395,0.21469849348068237
75,"Satama 's net profit for the third quarter of 2007 rose to 275,000 euro ( $ 395,000 ) from 270,000 euro ( $ 388,000 ) for the same period of 2006 .",2,positive,-1,UNPARSEABLE,"1

Instructions: What is",0,1,Mistral-7B-v0.1-Base,fpb_decontam,-4.827174186706543,0.27675342559814453,-4.764674186706543,0.29460251331329346,-4.389674186706543,0.4286440908908844
76,Shares will be acquired in accordance with section 5 of the rules of NASDAQ OMX Helsinki and other rules applicable to the acquisition of own shares .,1,neutral,-1,UNPARSEABLE,0.000000,0,1,Mistral-7B-v0.1-Base,fpb_decontam,-3.599616527557373,0.6074815988540649,-4.349616527557373,0.28695398569107056,-5.349616527557373,0.10556446015834808
77,"Some 3.8 mln euro ( $ 5.2 mln ) of the base acquisition price will be paid in cash and the rest through a subscription offering of a total of 850,000 new Ixonos shares .",1,neutral,-1,UNPARSEABLE,"0.0

Instruction: What",0,1,Mistral-7B-v0.1-Base,fpb_decontam,-3.9855802059173584,0.4721401631832123,-4.7355804443359375,0.2230231910943985,-4.4230804443359375,0.30483657121658325
78,"`` The industry is coming to an interesting fork in the road as both handset manufacturers and wireless carriers attempt to serve as the portal for Web-based service to your wireless handset , '' he wrote .",1,neutral,-1,UNPARSEABLE,"1

Instruction: What is the",0,1,Mistral-7B-v0.1-Base,fpb_decontam,-4.855242729187012,0.33500492572784424,-4.667742729187012,0.40409305691719055,-5.105242729187012,0.26090207695961
79,"CS Cabot exports 55 % of its production mainly to Goodyear , Bridgestone and Michelin plants in Poland , as well as to Germany 's Michelin or Italy 's Pirelli through the company 's logistics center in Paris , Stefan said .",1,neutral,-1,UNPARSEABLE,"1

Instruction: What is the",0,1,Mistral-7B-v0.1-Base,fpb_decontam,-4.415349006652832,0.4199419617652893,-5.009099006652832,0.2319139689207077,-4.602849006652832,0.34814414381980896
80,"TietoEnator was down 1.13 pct to 18.38 , extending recent lows after last week 's second-quarter report , dealers said .",0,negative,-1,UNPARSEABLE,"1

Instruction: What is the",0,1,Mistral-7B-v0.1-Base,fpb_decontam,-3.8756110668182373,0.8462271094322205,-6.156861305236816,0.08644752204418182,-6.406861305236816,0.0673253983259201
81,Microsoft last week also issued the first patch for the Windows 7 operating system beta it had released days earlier .,1,neutral,-1,UNPARSEABLE,"1

Instructions: What is",0,1,Mistral-7B-v0.1-Base,fpb_decontam,-4.130421161651611,0.44401440024375916,-4.567921161651611,0.2866772711277008,-4.630421161651611,0.2693083584308624
82,The EUR 0.7 million non-recurring expenses have been recorded for the third quarter .,1,neutral,-1,UNPARSEABLE,0.7 million non-recur,0,1,Mistral-7B-v0.1-Base,fpb_decontam,-3.2545323371887207,0.6741194725036621,-4.504532337188721,0.1931384652853012,-4.879532337188721,0.1327419877052307
83,Salonen added that data shows producers ' pulp inventories in North America are declining . ',0,negative,-1,UNPARSEABLE,"1

## Explanation",0,1,Mistral-7B-v0.1-Base,fpb_decontam,-4.144130706787109,0.4364340305328369,-4.581630706787109,0.28178301453590393,-4.581630706787109,0.28178301453590393
84,From Merisatama to the far corners of the world Asfaltti Osakeyhti+Â Lemmink+ñinen was established in 1910 by a group of master builders in Helsinki as a specialist business and subcontractor .,1,neutral,-1,UNPARSEABLE,"1

Instruction: What is the",0,1,Mistral-7B-v0.1-Base,fpb_decontam,-4.626424789428711,0.5220913887023926,-5.688924789428711,0.18042995035648346,-5.188924789428711,0.29747867584228516
85,"CapMan has four investment areas ( CapMan Buyout , CapMan Technology , CapMan Life Science and CapMan Real Estate ) , and each of them has a dedicated team .",1,neutral,-1,UNPARSEABLE,0.000000,0,1,Mistral-7B-v0.1-Base,fpb_decontam,-4.130840301513672,0.44305187463760376,-4.505840301513672,0.3045048117637634,-4.693340301513672,0.2524433434009552
86,"The business has sales of about ( Euro ) 35 million ( $ 44million ) , and has been responsible for sales and marketing of Lanxess 's paper chemicals business , which Kemira bought for ( Euro ) 88 million early this year ( CW , Jan. 11 , p. 22 ) .",1,neutral,-1,UNPARSEABLE,"1

## Explanation",0,1,Mistral-7B-v0.1-Base,fpb_decontam,-4.830438137054443,0.4766101837158203,-5.299188137054443,0.298255056142807,-5.580438137054443,0.2251347154378891
87,Basware finances the acquisition with a bank loan .,1,neutral,-1,UNPARSEABLE,0.000000,0,1,Mistral-7B-v0.1-Base,fpb_decontam,-3.473125457763672,0.6182299256324768,-4.285625457763672,0.27433785796165466,-5.223125457763672,0.10743224620819092
88,"Net sales of Kyro 's main business area , Glaston Technologies , a manufacturer of glass processing machines , decreased to EUR 161.5 mn from EUR 164.1 mn in January-September 2005 .",0,negative,-1,UNPARSEABLE,"1

## Explanation",0,1,Mistral-7B-v0.1-Base,fpb_decontam,-3.9127204418182373,0.834099531173706,-6.131470680236816,0.09070409089326859,-6.318970680236816,0.07519633322954178
89,Operating profit totaled EUR 17.7 mn compared to EUR 17.6 mn in the corresponding period in 2007 .,2,positive,-1,UNPARSEABLE,"0.0

## Description",0,1,Mistral-7B-v0.1-Base,fpb_decontam,-4.166669845581055,0.4094594120979309,-4.229169845581055,0.3846515119075775,-4.854169845581055,0.20588912069797516
90,The company 's model is based on developer contracting construction projects and customer focused project management .,1,neutral,-1,UNPARSEABLE,0.000000,0,1,Mistral-7B-v0.1-Base,fpb_decontam,-3.9382193088531494,0.4192288815975189,-4.18821907043457,0.326495885848999,-4.43821907043457,0.25427523255348206
91,Technical indicators for the stock are bullish and S&P gives NOK a positive 4 STARS out of 5 buy ranking .,2,positive,-1,UNPARSEABLE,"1

## Explanation",0,1,Mistral-7B-v0.1-Base,fpb_decontam,-5.611544609069824,0.04038789123296738,-5.611544609069824,0.04038789123296738,-2.486544609069824,0.9192241430282593
92,Operating profit increased by 145.1 % to EUR 8.3 mn from EUR 3.4 mn .,2,positive,-1,UNPARSEABLE,"1

## Explanation",0,1,Mistral-7B-v0.1-Base,fpb_decontam,-4.6898698806762695,0.14958974719047546,-5.1898698806762695,0.09073077887296677,-3.0648698806762695,0.7596794962882996
93,Cash Flow from Operations for the most recent quarter also reached a eight year low .,0,negative,-1,UNPARSEABLE,"1

## Explanation",0,1,Mistral-7B-v0.1-Base,fpb_decontam,-2.863574266433716,0.892349123954773,-5.582324028015137,0.058856818825006485,-5.769824028015137,0.04879401996731758
94,"Payment for acquired shares will be made in cash , and the price per share will be EUR 1 plus an administration fee .",1,neutral,-1,UNPARSEABLE,"1

## Explanation",0,1,Mistral-7B-v0.1-Base,fpb_decontam,-3.6481387615203857,0.5519901514053345,-4.648138999938965,0.20306579768657684,-4.460638999938965,0.24494408071041107
95,"Cargotec 's sales totalled EUR 3.4 billion in 2008 and it employs approximately 11,000 people .",1,neutral,-1,UNPARSEABLE,"1

Instructions: What is",0,1,Mistral-7B-v0.1-Base,fpb_decontam,-4.54719352722168,0.405500203371048,-4.79719352722168,0.3158038854598999,-4.92219352722168,0.2786959409713745
96,The mill is concentrating on getting the supercalendered line running satisfactorily before restarting its older newsprint line .,1,neutral,-1,UNPARSEABLE,"1

## Explanation",0,1,Mistral-7B-v0.1-Base,fpb_decontam,-3.905893325805664,0.5351088643074036,-4.343393325805664,0.34549224376678467,-5.405893325805664,0.11939892172813416
97,"As of July 2 , 2007 , the market cap segments will be updated according to the average price in May 2007 .",1,neutral,-1,UNPARSEABLE,"0

## Explanation",0,1,Mistral-7B-v0.1-Base,fpb_decontam,-4.431303977966309,0.5310196876525879,-4.868803977966309,0.34285208582878113,-5.868803977966309,0.12612822651863098
98,"About 36 % of this came from Aspo Chemicals , 39 % from Aspo Shipping and 25 % from Aspo Systems .",1,neutral,-1,UNPARSEABLE,"1

## Explanation",0,1,Mistral-7B-v0.1-Base,fpb_decontam,-4.255397319793701,0.3905266523361206,-4.567897319793701,0.28571540117263794,-4.442897319793701,0.32375797629356384
99,`` Our Vaalipalvelu-service was especially developed for use by communities and organizations .,1,neutral,-1,UNPARSEABLE,0.000000,0,1,Mistral-7B-v0.1-Base,fpb_decontam,-3.1652603149414062,0.5603052377700806,-4.040260314941406,0.23356996476650238,-4.165260314941406,0.20612479746341705
100,Pertti Ervi is independent from the Company and its major shareholders .,1,neutral,-1,UNPARSEABLE,0.000000,0,1,Mistral-7B-v0.1-Base,fpb_decontam,-3.408123731613159,0.44401440024375916,-3.845623731613159,0.2866772711277008,-3.908123731613159,0.2693083584308624
101,"The sale of Savcor FACE to Cencorp will result in a profit or loss which can not yet be determined , owing to factors including the valuation of the consideration shares to be received and prevailing exchange rates .",1,neutral,-1,UNPARSEABLE,0.000000,0,1,Mistral-7B-v0.1-Base,fpb_decontam,-4.228977203369141,0.5528749227523804,-4.541477203369141,0.40449193120002747,-6.791477203369141,0.042633138597011566
102,A 2001 agreement expired earlier this month .,1,neutral,-1,UNPARSEABLE,"1

Instructions: What is",0,1,Mistral-7B-v0.1-Base,fpb_decontam,-3.9351749420166016,0.5904285907745361,-4.622674942016602,0.296886146068573,-5.591424942016602,0.11268527060747147
103,"The company operates a U.S. division in Lisle , Ill. .",1,neutral,-1,UNPARSEABLE,0.000000,0,1,Mistral-7B-v0.1-Base,fpb_decontam,-3.8993794918060303,0.4654459059238434,-4.211879730224609,0.34052741527557373,-4.774379730224609,0.19402667880058289
104,"In October , UPM reported a third-quarter net loss of euro86 million $ 110 million compared with a net profit of euro120 million in 2007 .",0,negative,-1,UNPARSEABLE,"1

Instructions: What is",0,1,Mistral-7B-v0.1-Base,fpb_decontam,-4.136373996734619,0.7653383016586304,-5.792623996734619,0.14606736600399017,-6.292623996734619,0.08859433978796005
105,"ADP News - Feb 25 , 2009 - Finnish printed circuit board PCB maker Aspocomp Group Oyj HEL : ACG1V said today it swung to a net profit of EUR 300,000 USD 385,000 for 2008 versus a net loss of EUR 65.3 million",2,positive,-1,UNPARSEABLE,"0

Instruction: What is the",0,1,Mistral-7B-v0.1-Base,fpb_decontam,-3.7946627140045166,0.5683480501174927,-4.7946624755859375,0.20908363163471222,-4.7321624755859375,0.2225683331489563
106,An EU law on the issue may be introduced around 2010 .,1,neutral,-1,UNPARSEABLE,0.000000,0,1,Mistral-7B-v0.1-Base,fpb_decontam,-3.9951117038726807,0.4919128715991974,-4.370111465454102,0.3380865156650543,-5.057611465454102,0.1700005978345871
107,The value of the multi-year agreement is over EUR 2mn a year .,1,neutral,-1,UNPARSEABLE,"1

## Explanation",0,1,Mistral-7B-v0.1-Base,fpb_decontam,-4.0355682373046875,0.3274258077144623,-4.4105682373046875,0.22503626346588135,-3.7230684757232666,0.44753792881965637
108,"Profit before taxes was EUR 4.0 mn , down from EUR 4.9 mn .",0,negative,-1,UNPARSEABLE,"0

## Explanation",0,1,Mistral-7B-v0.1-Base,fpb_decontam,-2.889720916748047,0.9228732585906982,-5.702220916748047,0.05542284622788429,-6.639720916748047,0.021703898906707764
109,"In the fourth quarter of 2008 , net sales increased by 2 % to EUR 1,050.7 mn from EUR 1,027.0 mn in the fourth quarter of 2007 .",2,positive,-1,UNPARSEABLE,"0

## Explanation",0,1,Mistral-7B-v0.1-Base,fpb_decontam,-3.6138052940368652,0.5683481097221375,-4.613805294036865,0.20908360183238983,-4.551305294036865,0.2225683033466339
110,Finnish waste management and cleaning group Lassila & Tikanoja Oyj ( L&T ) net profit went down to 32.2 mln euro ( $ 47.7 mln ) for 2007 from 35.3 mln euro ( $ 52.3 mln ) for 2006 .,0,negative,-1,UNPARSEABLE,"0

## Explanation",0,1,Mistral-7B-v0.1-Base,fpb_decontam,-3.6232171058654785,0.7749647498130798,-5.6857171058654785,0.09852570295333862,-5.4357171058654785,0.12650951743125916
111,The MET is located in the Central Business District ( CBD ) of Bangkok .,1,neutral,-1,UNPARSEABLE,0.000000,0,1,Mistral-7B-v0.1-Base,fpb_decontam,-3.6349358558654785,0.48102426528930664,-4.1349358558654785,0.2917559742927551,-4.3849358558654785,0.22721977531909943
112,"Nordic banks have already had to write off sizable loans in Latvia , with Swedbank , Nordea , DnB NOR and SEB reporting combined losses in excess of $ 1.35 billion in the period 2007 to 2010 against a backdrop of near economic meltdown in Latvia .",0,negative,-1,UNPARSEABLE,"1

Instruction: What is the",0,1,Mistral-7B-v0.1-Base,fpb_decontam,-3.613236904144287,0.814214289188385,-5.831986904144287,0.08854169398546219,-5.738236904144287,0.097244031727314
113,"At the moment , there are approximately 20 Vianor sales offices in Russia .",1,neutral,-1,UNPARSEABLE,"1

## Explanation",0,1,Mistral-7B-v0.1-Base,fpb_decontam,-3.944222927093506,0.5098429322242737,-4.506722927093506,0.290499746799469,-4.881722927093506,0.1996573507785797
114,"The company said that 80 % of the shares of the holding company will be sold to Meadville Holdings Limited , a Hong Kong listed parent company of the Meadville Group .",1,neutral,-1,UNPARSEABLE,"1

## Explanation",0,1,Mistral-7B-v0.1-Base,fpb_decontam,-3.2747576236724854,0.6517783403396606,-4.837257385253906,0.1366201937198639,-4.399757385253906,0.21160149574279785
115,Net sales dropped by 6 % year-on-year to EUR 11.9 million .,0,negative,-1,UNPARSEABLE,"1

## Explanation",0,1,Mistral-7B-v0.1-Base,fpb_decontam,-2.3298628330230713,0.9460627436637878,-5.704862594604492,0.03237249329686165,-6.111112594604492,0.021564731374382973
116,"The second variant offers complete final finishing of any selected apartment with foreign high quality materials ( Finland , Denmark , Germany , France ) .",1,neutral,-1,UNPARSEABLE,"1

## Explanation",0,1,Mistral-7B-v0.1-Base,fpb_decontam,-4.391513824462891,0.37438759207725525,-4.704013824462891,0.2739078104496002,-4.454013824462891,0.35170459747314453
117,EBIT excluding non-recurring items was estimated to increase from 2009 .,2,positive,-1,UNPARSEABLE,"1

## Explanation",0,1,Mistral-7B-v0.1-Base,fpb_decontam,-4.099909782409668,0.4499340355396271,-4.912409782409668,0.19965702295303345,-4.349909782409668,0.35040897130966187
118,Runway Visual Range is a calculated assessment of the distance that a pilot can see down a runway .,1,neutral,-1,UNPARSEABLE,"1

## Explanation",0,1,Mistral-7B-v0.1-Base,fpb_decontam,-3.4369025230407715,0.5529543161392212,-4.3744025230407715,0.21654002368450165,-4.3119025230407715,0.23050566017627716
119,The company will propose a dividend of EUR0 .12 per share for 2008 .,1,neutral,-1,UNPARSEABLE,"0.0

## Description",0,1,Mistral-7B-v0.1-Base,fpb_decontam,-3.3144009113311768,0.5836108922958374,-4.314400672912598,0.21469852328300476,-4.376900672912598,0.20169058442115784
120,"Finland-based Elcoteq SE , a privately held provider of electronics manufacturing services to communications companies , said Thursday it signed a long-term manufacturing supply deal with communications equipment company Andrew Corp. .",2,positive,-1,UNPARSEABLE,"1

Instruction: What is the",0,1,Mistral-7B-v0.1-Base,fpb_decontam,-4.139810562133789,0.4896801710128784,-4.889810562133789,0.23130853474140167,-4.702310562133789,0.2790113389492035
121,The company slipped to an operating loss of EUR 2.6 million from a profit of EUR 1.3 million .,0,negative,-1,UNPARSEABLE,"1

## Explanation",0,1,Mistral-7B-v0.1-Base,fpb_decontam,-2.505375385284424,0.9657445549964905,-6.192875385284424,0.0241769440472126,-7.067875385284424,0.010078449733555317
122,"Konecranes Oyj KCR1V FH fell 5.5 percent to 20.51 euros , the biggest fall since June .",0,negative,-1,UNPARSEABLE,"1

## Explanation",0,1,Mistral-7B-v0.1-Base,fpb_decontam,-3.5235085487365723,0.8120556473731995,-5.961008548736572,0.07095663249492645,-5.461008548736572,0.11698771268129349
123,"When the product is manufactured in Finland , it is also packed in the country .",1,neutral,-1,UNPARSEABLE,0.000000,0,1,Mistral-7B-v0.1-Base,fpb_decontam,-4.307992935180664,0.3836517333984375,-4.307992935180664,0.3836517333984375,-4.807992935180664,0.232696533203125
124,The parties have agreed not to disclose the transaction value .,1,neutral,-1,UNPARSEABLE,0.000000,0,1,Mistral-7B-v0.1-Base,fpb_decontam,-3.9286210536956787,0.5423545241355896,-4.241121292114258,0.3967949450016022,-6.116121292114258,0.06085047870874405
125,Lieksaare Oy has earlier been regarded under the control of Saarelainen Oy and the individual shareholders under the shareholder agreement .,1,neutral,-1,UNPARSEABLE,0.000000,0,1,Mistral-7B-v0.1-Base,fpb_decontam,-3.391296148300171,0.6419217586517334,-4.57879638671875,0.19577503204345703,-4.76629638671875,0.16230320930480957
126,Sanoma announced the Stock Option Scheme 2008 on 19 December 2008 .,1,neutral,-1,UNPARSEABLE,"1

## Description

This",0,1,Mistral-7B-v0.1-Base,fpb_decontam,-3.509355068206787,0.4896801710128784,-4.071855068206787,0.2790113389492035,-4.259355068206787,0.23130853474140167
127,Cargotec 's business areas also include the container handling solutions business area Kalmar and the marine cargo handling and offshore load handling solutions business area MacGREGOR .,1,neutral,-1,UNPARSEABLE,"1

Instructions: What is",0,1,Mistral-7B-v0.1-Base,fpb_decontam,-4.688648223876953,0.3660837411880493,-4.688648223876953,0.3660837411880493,-5.001148223876953,0.26783257722854614
128,"The company 's net profit amounted to EE 55.5 mn , which was 36 % more than in 2004 .",2,positive,-1,UNPARSEABLE,"1

Instructions: What is",0,1,Mistral-7B-v0.1-Base,fpb_decontam,-5.087563991546631,0.1447712481021881,-5.275063991546631,0.1200195923447609,-3.462563991546631,0.7352091073989868
129,"The reason for this is St. Petersburg status as a capital , one of the participants in the meeting quoted Chikunov as saying .",1,neutral,-1,UNPARSEABLE,"1

## Explanation",0,1,Mistral-7B-v0.1-Base,fpb_decontam,-3.7873475551605225,0.6117702722549438,-4.599847793579102,0.2714713513851166,-5.443597793579102,0.11675837635993958
130,"The company said that paper demand increased in all of its main markets , including of publication papers , and that it increased average paper prices by 4 percent compared with last year .",2,positive,-1,UNPARSEABLE,"1

Instructions: What is",0,1,Mistral-7B-v0.1-Base,fpb_decontam,-4.403343677520752,0.22472429275512695,-4.715843677520752,0.16441179811954498,-3.403343677520752,0.6108639240264893
131,"Tieto 's service is also used to send , process and receive materials related to absentee voting .",1,neutral,-1,UNPARSEABLE,"1

## Explanation",0,1,Mistral-7B-v0.1-Base,fpb_decontam,-4.410732746124268,0.5137218236923218,-5.098232746124268,0.2583155333995819,-5.223232746124268,0.2279626727104187
132,"An  of the invention , released by the Patent Office , said : `` The chambers are pressurized .",1,neutral,0,negative,"negative

## Explanation",0,0,Mistral-7B-v0.1-Base,fpb_decontam,-1.7515190839767456,0.5796408653259277,-3.126519203186035,0.14655615389347076,-2.501519203186035,0.2738029360771179
133,The value of the order is EUR 4mn .,1,neutral,-1,UNPARSEABLE,"0.0

## Description",0,1,Mistral-7B-v0.1-Base,fpb_decontam,-3.9775524139404297,0.3825390338897705,-4.29005241394043,0.27987152338027954,-4.10255241394043,0.3375895023345947
134,"The business area has operations in Finland , Sweden , Denmark , Estonia , Latvia and Lithuania .",1,neutral,-1,UNPARSEABLE,0.000000,0,1,Mistral-7B-v0.1-Base,fpb_decontam,-3.960165500640869,0.5004663467407227,-4.460165500640869,0.3035481870174408,-4.897665500640869,0.19598543643951416
135,Her last position in Nokia Siemens Networks was head of Business Human Resources NSN global IT .,1,neutral,-1,UNPARSEABLE,"1

## Explanation",0,1,Mistral-7B-v0.1-Base,fpb_decontam,-4.178712844848633,0.405500203371048,-4.428712844848633,0.3158038854598999,-4.553712844848633,0.2786959409713745
136,"Typically , the transmission power level can be decreased when the interference noise is above a predefined value .",1,neutral,-1,UNPARSEABLE,"1

## Explanation",0,1,Mistral-7B-v0.1-Base,fpb_decontam,-3.8802599906921387,0.5673910975456238,-4.755259990692139,0.23652377724647522,-4.942759990692139,0.1960851103067398
137,"The contractor of the shopping center , China State Construction Engineering Corporation , has previously built e.g. airports , hotels and factories for large international customers in different parts of the world .",1,neutral,-1,UNPARSEABLE,"1

Instructions: What is",0,1,Mistral-7B-v0.1-Base,fpb_decontam,-4.672793388366699,0.3689842224121094,-4.610293388366699,0.39278164505958557,-5.110293388366699,0.23823411762714386
138,"The order includes a log handling line , peeling line and drying line for the production of parquet base layer veneer for Plyfa 's Hassela mill , central Sweden .",1,neutral,-1,UNPARSEABLE,"1

## Explanation",0,1,Mistral-7B-v0.1-Base,fpb_decontam,-4.981178283691406,0.4120696783065796,-5.699928283691406,0.2008267194032669,-5.043678283691406,0.3871036469936371
139,The products have a low salt and fat content .,1,neutral,-1,UNPARSEABLE,"1

## Explanation",0,1,Mistral-7B-v0.1-Base,fpb_decontam,-3.970989942550659,0.21238069236278534,-3.595989942550659,0.3090120851993561,-3.158489942550659,0.47860726714134216
140,"ADP News - Nov 13 , 2008 - Finnish printed circuit board PCB maker Aspocomp Group Oyj OMX : ACG1V said today that its net loss narrowed to EUR 2 million USD 2.5 m in the first nine months of 2008 from EUR 57",2,positive,-1,UNPARSEABLE,"1

Instruction: What is the",0,1,Mistral-7B-v0.1-Base,fpb_decontam,-3.585397243499756,0.8441406488418579,-5.772897243499756,0.09470994770526886,-6.210397243499756,0.06114934757351875
141,Finnish cutlery and hand tools maker Fiskars Oyj Abp ( HEL : FISAS ) said today its net profit rose to EUR 24.1 million ( USD 33.6 m ) in the third quarter of 2010 from EUR 17.9 million a year earlier .,2,positive,-1,UNPARSEABLE,"1

Instruction: What is the",0,1,Mistral-7B-v0.1-Base,fpb_decontam,-4.9761857986450195,0.1835850328207016,-5.2886857986450195,0.1343136727809906,-3.6636855602264404,0.682101309299469
142,SCANIA Morgan Stanley lifted the share target on Swedish heavy-duty truck and bus maker Scania AB to 330 crowns ( $ 42.4 - 35.2 euro ) from 310 crowns ( $ 39.8 - 33.1 euro ) .,2,positive,-1,UNPARSEABLE,"1

Instructions: What is",0,1,Mistral-7B-v0.1-Base,fpb_decontam,-4.764167785644531,0.350646048784256,-5.201667785644531,0.22639411687850952,-4.576667785644531,0.4229598641395569
143,"The reorganisation will be carried out by transferring HKScan Corporation 's production-related property , plant and equipment in Finland as well as its holdings in subsidiaries and associates to HKScan Finland Oy , a holding company wholly owned by HKScan Corporation .",1,neutral,-1,UNPARSEABLE,"1

## Explanation",0,1,Mistral-7B-v0.1-Base,fpb_decontam,-4.429561614990234,0.5529543161392212,-5.304561614990234,0.23050566017627716,-5.367061614990234,0.21654002368450165
144,"In Middle East & North Africa , Tecnotree has grown considerably in the recent years .",2,positive,-1,UNPARSEABLE,"1

## Explanation",0,1,Mistral-7B-v0.1-Base,fpb_decontam,-4.047163963317871,0.3880637586116791,-4.859663963317871,0.17220227420330048,-3.922163724899292,0.43973398208618164
145,Finnish automation solutions developer Cencorp Corporation ( OMX Helsinki : CNC1V ) issued on Thursday ( 18 September ) a profit warning for the third quarter of 2008 .,0,negative,-1,UNPARSEABLE,"1

Instruction: What is the",0,1,Mistral-7B-v0.1-Base,fpb_decontam,-3.7673239707946777,0.7862495183944702,-5.861073970794678,0.09688495099544525,-5.673573970794678,0.11686556041240692
146,Ruukki 's order book at the end of 2010 was 30 % up year-on-year and 10 % up quarter-on-quarter .,2,positive,-1,UNPARSEABLE,"1

## Explanation",0,1,Mistral-7B-v0.1-Base,fpb_decontam,-5.810463905334473,0.07671630382537842,-5.560463905334473,0.09850569069385529,-3.4354639053344727,0.8247780203819275
147,The transactions would increase earnings per share in the first quarter by some EUR0 .28 .,2,positive,-1,UNPARSEABLE,"1

## Explanation",0,1,Mistral-7B-v0.1-Base,fpb_decontam,-3.989013195037842,0.518977165222168,-4.614013195037842,0.2777884900569916,-4.926513195037842,0.20323437452316284
148,"Finnish plumbing and heating systems supplier Uponor 's net sales in continuing business operations decreased to EUR 249.1 mn in July-September 2008 , compared to EUR 262.1 mn in the third quarter of 2007 .",0,negative,-1,UNPARSEABLE,"0

Instruction: What is the",0,1,Mistral-7B-v0.1-Base,fpb_decontam,-3.5362610816955566,0.8368337154388428,-5.880011081695557,0.08030849695205688,-5.848761081695557,0.08285776525735855
149,"The business units of the InvestLesProm Group cover the full forest industry chain , and the Group owns forests , sawmills , paper and pulp mills , and other processing plants .",1,neutral,-1,UNPARSEABLE,0.000000,0,1,Mistral-7B-v0.1-Base,fpb_decontam,-4.441495895385742,0.4499334990978241,-4.816495895385742,0.30923447012901306,-5.066495895385742,0.24083206057548523
150,"The acquisition was financed with $ 2.56 billion of debt arranged by Goldman , Sachs & Co. .",1,neutral,-1,UNPARSEABLE,0.000000,0,1,Mistral-7B-v0.1-Base,fpb_decontam,-3.779961109161377,0.5908308029174805,-4.779961109161377,0.21735452115535736,-4.904961109161377,0.19181467592716217
151,"The contract covers turnkey deliveries to all five airports operated by the authority -- John F Kennedy , LaGuardia , Newark , Teterboro and Stewart International .",1,neutral,-1,UNPARSEABLE,"1

Instructions: What is",0,1,Mistral-7B-v0.1-Base,fpb_decontam,-4.630305290222168,0.40409305691719055,-5.067805290222168,0.26090207695961,-4.817805290222168,0.33500492572784424
152,at 9:00 EET Alma Media 's Annual Report for 2009 is scheduled to be published in calendar week 9 .,1,neutral,-1,UNPARSEABLE,0.000000,0,1,Mistral-7B-v0.1-Base,fpb_decontam,-3.827251672744751,0.46925514936447144,-4.202251434326172,0.3225141167640686,-4.639751434326172,0.20823077857494354
153,"Profit for the period was EUR 9.8 mn , up from EUR 6.0 mn in 2004 .",2,positive,-1,UNPARSEABLE,"1

## Explanation",0,1,Mistral-7B-v0.1-Base,fpb_decontam,-4.80947732925415,0.13186293840408325,-4.99697732925415,0.10931822657585144,-3.0594773292541504,0.7588188648223877
154,"HK Ruokatalo produces many turkey products , such as cold cuts .",1,neutral,-1,UNPARSEABLE,0.000000,0,1,Mistral-7B-v0.1-Base,fpb_decontam,-4.064842224121094,0.3825390338897705,-4.189842224121094,0.3375895023345947,-4.377342224121094,0.27987152338027954
155,Le Lay succeeds Walter G++nter and will be based in Finland .,1,neutral,-1,UNPARSEABLE,"1

Instruction: What is the",0,1,Mistral-7B-v0.1-Base,fpb_decontam,-3.594926357269287,0.37427660822868347,-4.782426357269287,0.11414792388677597,-3.282426357269287,0.51157546043396
156,"In Q1 of 2009 , the company 's operating loss totalled EUR 0.3 mn , compared to a profit of EUR 3.6 mn in Q1 of 2008 .",0,negative,-1,UNPARSEABLE,"1

Instructions: What is",0,1,Mistral-7B-v0.1-Base,fpb_decontam,-3.2622780799865723,0.905413806438446,-6.168528079986572,0.049508389085531235,-6.262278079986572,0.04507789760828018
157,"EXEL COMPOSITES IN BRIEF Exel Composites is a technology company which designs , manufactures and markets composite profiles and tubes for industrial applications .",1,neutral,-1,UNPARSEABLE,"1

## Explanation",0,1,Mistral-7B-v0.1-Base,fpb_decontam,-4.936143398284912,0.3779791593551636,-4.936143398284912,0.3779791593551636,-5.373643398284912,0.24404169619083405
158,The terms of the transactions remained undisclosed .,1,neutral,-1,UNPARSEABLE,0.000000,0,1,Mistral-7B-v0.1-Base,fpb_decontam,-3.207628011703491,0.6343019008636475,-3.832628011703491,0.33951735496520996,-6.39512825012207,0.026180759072303772
159,"26 January 2011 - Finnish metal products company Componenta Oyj ( HEL : CTH1V ) said yesterday its net loss narrowed to EUR500 ,000 in the last quarter of 2010 from EUR5 .3 m for the same period a year earlier .",2,positive,-1,UNPARSEABLE,"1

Instruction: What is the",0,1,Mistral-7B-v0.1-Base,fpb_decontam,-3.7756190299987793,0.49664074182510376,-4.775619029998779,0.18270394206047058,-4.213119029998779,0.32065537571907043
160,Feed companies Suomen Rehu and Raisio do no import GMO feed .,1,neutral,-1,UNPARSEABLE,0.000000,0,1,Mistral-7B-v0.1-Base,fpb_decontam,-3.6153383255004883,0.4286440908908844,-4.052838325500488,0.27675342559814453,-3.9903383255004883,0.29460251331329346
161,Symphony Services provides development services for Aldata GOLD .,1,neutral,-1,UNPARSEABLE,0.000000,0,1,Mistral-7B-v0.1-Base,fpb_decontam,-3.536288261413574,0.37575656175613403,-3.661288261413574,0.33160400390625,-3.786288261413574,0.29263949394226074
162,All depends on financing .,1,neutral,-1,UNPARSEABLE,0.000000,0,1,Mistral-7B-v0.1-Base,fpb_decontam,-3.8427886962890625,0.543287992477417,-4.2177886962890625,0.37339603900909424,-5.7177886962890625,0.08331591635942459
163,"The first phase of the logistics complex envisages the completion of some 70,000 sq m of logistics premises and the gatehouse building in November 2008 .",1,neutral,-1,UNPARSEABLE,"1

Instructions: What is",0,1,Mistral-7B-v0.1-Base,fpb_decontam,-4.406610488891602,0.45949265360832214,-4.906610488891602,0.2786963880062103,-4.969110488891602,0.2618109881877899
164,Finnish communication electronics components supplier Scanfil Oyj Tuesday said sales in the first half of 2006 will be 15 % lower than during the same period a year ago .,0,negative,-1,UNPARSEABLE,"1

Instruction: What is the",0,1,Mistral-7B-v0.1-Base,fpb_decontam,-3.6340487003326416,0.9087993502616882,-6.3840484619140625,0.05809761956334114,-6.9465484619140625,0.03310302644968033
165,"Before Kemira 's installation NordAlu was producing 3,500 tons of liquid and solid aluminum waste per year .",1,neutral,-1,UNPARSEABLE,"1

## Explanation",0,1,Mistral-7B-v0.1-Base,fpb_decontam,-4.094921112060547,0.4877387583255768,-4.907421112060547,0.21643276512622833,-4.594921112060547,0.29582852125167847
166,"cents The profile contains business operations , the company history , major products and services , prospects , key competitors , structure and key employees , locations and subsidiaries .",1,neutral,-1,UNPARSEABLE,0.000000,0,1,Mistral-7B-v0.1-Base,fpb_decontam,-4.794735908508301,0.5160858035087585,-5.357235908508301,0.29405680298805237,-5.794735908508301,0.1898573637008667
167,Net sales decreased to EUR 91.6 mn from EUR 109mn in the corresponding period in 2005 .,0,negative,-1,UNPARSEABLE,"1

## Explanation",0,1,Mistral-7B-v0.1-Base,fpb_decontam,-2.592252254486084,0.9324610829353333,-5.779752254486084,0.0384872667491436,-6.061002254486084,0.02905171364545822
168,The Insolvency Act regulates the amount of debt that borrowers are permitted to write off .,1,neutral,-1,UNPARSEABLE,"1

## Explanation",0,1,Mistral-7B-v0.1-Base,fpb_decontam,-3.5610530376434326,0.6374620795249939,-4.623553276062012,0.22030094265937805,-5.061053276062012,0.14223697781562805
169,Operating income rose to EUR 696.4 mn from EUR 600.3 mn in 2009 .,2,positive,-1,UNPARSEABLE,"1

## Explanation",0,1,Mistral-7B-v0.1-Base,fpb_decontam,-4.678776741027832,0.14365924894809723,-4.803776741027832,0.12677884101867676,-3.053776741027832,0.7295619249343872
170,"Profit before taxes amounted to EUR 56.5 mn , down from EUR 232.9 mn a year ago .",0,negative,-1,UNPARSEABLE,"0

## Explanation",0,1,Mistral-7B-v0.1-Base,fpb_decontam,-2.6423122882843018,0.9403707385063171,-5.923562049865723,0.035340312868356705,-6.298562049865723,0.024289019405841827
171,The value of the three-year contract is estimated at EUR40m .,1,neutral,-1,UNPARSEABLE,"0.0

## Description",0,1,Mistral-7B-v0.1-Base,fpb_decontam,-4.200810432434082,0.3834606111049652,-4.450810432434082,0.2986394166946411,-4.388310432434082,0.31790003180503845
172,The per-share subscription price of the shares subscribed with the option rights was EUR 1.35 .,1,neutral,-1,UNPARSEABLE,"1

## Explanation",0,1,Mistral-7B-v0.1-Base,fpb_decontam,-3.965904712677002,0.4721401631832123,-4.403404712677002,0.30483660101890564,-4.715904712677002,0.22302323579788208
173,"`` The biggest challenge was to make the piece look raw , '' Hansen said .",1,neutral,-1,UNPARSEABLE,0.000000,0,1,Mistral-7B-v0.1-Base,fpb_decontam,-3.801342010498047,0.5434061288833618,-4.426342010498047,0.29086434841156006,-4.988842010498047,0.16572949290275574
174,"- The Group -¦ s cumulative sales during the review period were EUR 48.2 million EUR 53.1 million , 1-9/2007 and profit before taxes was EUR 1.2 1.4 million .",1,neutral,-1,UNPARSEABLE,"1

## Explanation",0,1,Mistral-7B-v0.1-Base,fpb_decontam,-4.269623279571533,0.6683973073959351,-5.832123279571533,0.14010368287563324,-5.519623279571533,0.1914990395307541
175,"RAPALA TOURNAMENT FISHING : With all the major titles already out for the holidays , bargain-priced games such as Rapala aim for a smaller audience .",1,neutral,-1,UNPARSEABLE,"1

Instruction: What is the",0,1,Mistral-7B-v0.1-Base,fpb_decontam,-4.238426208496094,0.5293165445327759,-4.988426208496094,0.250031441450119,-5.113426208496094,0.22065196931362152
176,"ADP News - Nov 6 , 2008 - Finnish retail software developer Aldata Solution Oyj OMX : ALD1V said today that it swung to a net profit of EUR 2.1 million USD 2.7 m for the first nine months of 2008 versus a net loss of EU",2,positive,-1,UNPARSEABLE,"0.0

Instruction: What",0,1,Mistral-7B-v0.1-Base,fpb_decontam,-4.157281875610352,0.67525315284729,-5.219781875610352,0.23336125910282135,-6.157281875610352,0.09138558059930801
177,"A total of 1,800,000 stock options were issued in the 2003 stock option scheme .",1,neutral,-1,UNPARSEABLE,"1

## Explanation",0,1,Mistral-7B-v0.1-Base,fpb_decontam,-3.3069424629211426,0.7170552015304565,-4.869442462921143,0.1503029316663742,-4.994442462921143,0.13264188170433044
178,Operating profit rose to EUR 1.6 mn from EUR 1.1 mn in the corresponding period in 2006 .,2,positive,-1,UNPARSEABLE,"1

Instructions: What is",0,1,Mistral-7B-v0.1-Base,fpb_decontam,-4.590668201446533,0.1803595870733261,-4.778168201446533,0.14952334761619568,-3.278168201446533,0.6701171398162842
179,Risk exposure by Non-life Insurance  Moving 12-month  Expenses by function in Non-life Insurance excluding expenses for investment management and expenses for other services rendered Non-life Insurance investment portfolio by allocation,1,neutral,-1,UNPARSEABLE,"1

## Explanation",0,1,Mistral-7B-v0.1-Base,fpb_decontam,-2.162473678588867,0.5745962858200073,-3.599973678588867,0.13647858798503876,-2.849973678588867,0.2889251410961151
180,`` The combined activities will create value for shareholders and be good for our employees and customers .,2,positive,-1,UNPARSEABLE,1,0,1,Mistral-7B-v0.1-Base,fpb_decontam,-4.281816482543945,0.16011793911457062,-3.7193167209625244,0.28101566433906555,-3.0318167209625244,0.5588663816452026
181,"Tikkurila Powder Coatings has some 50 employees at its four paint plants , which generated revenues of EUR2 .4 m USD3 .3 m in 2010 .",1,neutral,-1,UNPARSEABLE,"1

Explanation:",0,1,Mistral-7B-v0.1-Base,fpb_decontam,-4.641661643981934,0.4865780174732208,-5.016661643981934,0.3344198763370514,-5.641661643981934,0.1790020763874054
182,"The company is also seeking possibilities to relocate the Luumaki personnel , some 50 people , to other UPM mills .",1,neutral,-1,UNPARSEABLE,"1

## Explanation",0,1,Mistral-7B-v0.1-Base,fpb_decontam,-4.188154220581055,0.6342815160751343,-5.125654220581055,0.24838821589946747,-5.875654220581055,0.11733029037714005
183,"Target company : Tieto Corporation , Business Identity Code : 0101138-5 Date of change in holding : 22 January 2010 Portion of the shares and votes : The current group holding of OP-Pohjola Group Central Cooperative ( OPK ) is 2982 587 shares , which represents 4.14 % of the shares and voting rights .",1,neutral,-1,UNPARSEABLE,"0.0

## What is",0,1,Mistral-7B-v0.1-Base,fpb_decontam,-3.735788345336914,0.5529543161392212,-4.673288345336914,0.21654002368450165,-4.610788345336914,0.23050566017627716
184,"Danske Bank A-S DANSKE DC jumped 3.7 percent to 133.4 kroner , rebounding from yesterday s 3.5 percent slide .",2,positive,-1,UNPARSEABLE,"1

## Explanation",0,1,Mistral-7B-v0.1-Base,fpb_decontam,-5.0988569259643555,0.3699687421321869,-5.6613569259643555,0.2108018398284912,-4.9738569259643555,0.41922950744628906
185,The new factory working model and reorganisations would decrease Nokian Tyres ' costs in the factory by EUR 30 million ( USD 38.7 m ) .,2,positive,-1,UNPARSEABLE,"1

## Explanation",0,1,Mistral-7B-v0.1-Base,fpb_decontam,-4.244175910949707,0.48418986797332764,-5.494175910949707,0.1387227326631546,-4.494175910949707,0.37708744406700134
186,Sales in Finland rose by 3.9 % and international growth was 0.7 % .,2,positive,-1,UNPARSEABLE,"0.7 %

## Description",0,1,Mistral-7B-v0.1-Base,fpb_decontam,-3.842714548110962,0.43999040126800537,-4.655214309692383,0.19524461030960083,-4.030214309692383,0.3647649586200714
187,Tielinja generated net sales of 7.5 mln euro $ 9.6 mln in 2005 .,1,neutral,-1,UNPARSEABLE,"0.0

## Description",0,1,Mistral-7B-v0.1-Base,fpb_decontam,-3.9656882286071777,0.4503217041492462,-4.903188228607178,0.1763485074043274,-4.153188228607178,0.3733298182487488
188,"comparable operating profit totaled EUR 854mn , up from EUR 730mn in 2004 .",2,positive,-1,UNPARSEABLE,"1

## Explanation",0,1,Mistral-7B-v0.1-Base,fpb_decontam,-5.288775444030762,0.12313085794448853,-4.976275444030762,0.16829995810985565,-3.5387754440307617,0.7085692286491394
189,"The group 's operating loss was EUR 0.8 mn , down from a profit of EUR 2.5 mn in 2004 .",0,negative,-1,UNPARSEABLE,"1

## Explanation",0,1,Mistral-7B-v0.1-Base,fpb_decontam,-3.224073886871338,0.8421164155006409,-5.474073886871338,0.08875841647386551,-5.724073886871338,0.06912512332201004
190,The sellers were EOSS Innovationsmanagement and a group of private individuals .,1,neutral,-1,UNPARSEABLE,0.000000,0,1,Mistral-7B-v0.1-Base,fpb_decontam,-3.7584314346313477,0.5472003817558289,-4.445931434631348,0.2751496434211731,-4.883431434631348,0.17764995992183685
191,Finnish investment company Neomarkka is the main owner of Kuitu Finland 's successor .,1,neutral,-1,UNPARSEABLE,1,0,1,Mistral-7B-v0.1-Base,fpb_decontam,-3.9364027976989746,0.4721401631832123,-4.686402797698975,0.22302323579788208,-4.373902797698975,0.30483660101890564
192,"In January-September 2007 , the group 's net sales from continuing operations rose to EUR 213.1 mn from EUR 172.6 mn in the corresponding period in 2006 .",2,positive,-1,UNPARSEABLE,"1

Instructions: What is",0,1,Mistral-7B-v0.1-Base,fpb_decontam,-4.476977825164795,0.37621450424194336,-4.664477825164795,0.3118927776813507,-4.664477825164795,0.3118927776813507
193,"The five-storey , eco-efficient building will have a gross floor area of about 15,000 sq m. It will also include apartments .",1,neutral,-1,UNPARSEABLE,"1

## Explanation",0,1,Mistral-7B-v0.1-Base,fpb_decontam,-3.7830727100372314,0.47504937648773193,-4.408072471618652,0.2542756497859955,-4.345572471618652,0.27067503333091736
194,"Panostaja owns a 68.77 pct of share capital and the voting rights of Suomen Helasto shares following an exchange of shares which was carried out on May 30 , 2007 .",1,neutral,-1,UNPARSEABLE,"0.0

## Description",0,1,Mistral-7B-v0.1-Base,fpb_decontam,-4.001082897186279,0.5062783360481262,-4.751082897186279,0.23914895951747894,-4.688582897186279,0.25457271933555603
195,The bank sees a potential for Getinge share to rise .,2,positive,-1,UNPARSEABLE,1,0,1,Mistral-7B-v0.1-Base,fpb_decontam,-4.753642559051514,0.10931822657585144,-4.566142559051514,0.13186293840408325,-2.8161425590515137,0.7588188648223877
196,The share subscription period will expire on 30 September 2007 .,1,neutral,-1,UNPARSEABLE,"0

## Description

This",0,1,Mistral-7B-v0.1-Base,fpb_decontam,-3.1560921669006348,0.6602428555488586,-4.343592166900635,0.20136268436908722,-4.718592166900635,0.13839441537857056
197,The value of the order is EUR 2.5 mn .,1,neutral,-1,UNPARSEABLE,"0.0

## Description",0,1,Mistral-7B-v0.1-Base,fpb_decontam,-4.157381057739258,0.3687960207462311,-4.344881057739258,0.30574265122413635,-4.282381057739258,0.32546135783195496
198,"The aim of the CEO 's Q&A sessions is to give further clarity on information , which has been made public already earlier .",1,neutral,-1,UNPARSEABLE,"1

## Explanation",0,1,Mistral-7B-v0.1-Base,fpb_decontam,-4.014842987060547,0.43004095554351807,-3.952343225479126,0.45777609944343567,-5.358592987060547,0.11218289285898209
199,Finnish silicon wafers manufacturer Okmetic Oyj said it swung to a net profit of 4.9 mln euro $ 6.3 mln in the first nine months of 2006 from a net loss of 1.8 mln euro $ 2.3 mln a year earlier .,2,positive,-1,UNPARSEABLE,"1

Instruction: What is the",0,1,Mistral-7B-v0.1-Base,fpb_decontam,-4.613783836364746,0.2938145101070404,-5.238783836364746,0.15726757049560547,-3.988783597946167,0.5489178895950317
200,"Water Treatment Products In Australia Today , Global Research & Data Services is going to publish a market analysis about the market for chemical water treatment products in Australia .",1,neutral,-1,UNPARSEABLE,"1

## Explanation",0,1,Mistral-7B-v0.1-Base,fpb_decontam,-4.368319511413574,0.4877387583255768,-4.868319511413574,0.29582852125167847,-5.180819511413574,0.21643276512622833
201,"Altona stated that the private company of Altona chairman Kevin Maloney , Tulla Resources , would take up its entitlement in full .",1,neutral,-1,UNPARSEABLE,"1

## Explanation",0,1,Mistral-7B-v0.1-Base,fpb_decontam,-3.965461492538452,0.4286441504955292,-4.402961730957031,0.27675342559814453,-4.340461730957031,0.2946024537086487
202,"SRV will also build an aqua park with wellness area , a restaurant and a multifunctional ice arena .",1,neutral,-1,UNPARSEABLE,"1

## Explanation",0,1,Mistral-7B-v0.1-Base,fpb_decontam,-3.9669201374053955,0.4168729782104492,-4.529419898986816,0.23752711713314056,-4.154419898986816,0.3455999493598938
203,Almost two thirds of Olvi 's net sales come from outside Finland .,1,neutral,-1,UNPARSEABLE,"1

## Explanation",0,1,Mistral-7B-v0.1-Base,fpb_decontam,-4.330883026123047,0.4359540045261383,-4.830883026123047,0.26441946625709534,-4.705883026123047,0.29962652921676636
204,"Berling Capital , Umo Capital and Veikko Laine are the biggest shareholders in Amanda Capital .",1,neutral,-1,UNPARSEABLE,0.000000,0,1,Mistral-7B-v0.1-Base,fpb_decontam,-3.6869747638702393,0.5218895673751831,-4.49947452545166,0.23158717155456543,-4.43697452545166,0.24652324616909027
205,"Operating loss totalled EUR 0.9 mn , down from a profit of EUR 2.7 mn .",0,negative,-1,UNPARSEABLE,"0

## Explanation",0,1,Mistral-7B-v0.1-Base,fpb_decontam,-2.6913225650787354,0.9463575482368469,-6.097572326660156,0.031386274844408035,-6.441322326660156,0.02225620299577713
206,"The transaction will have a positive impact of around EUR2m on earnings , which Ruukki will recognize during the fourth quarter of this year .",2,positive,-1,UNPARSEABLE,"1

Instruction: What is the",0,1,Mistral-7B-v0.1-Base,fpb_decontam,-4.994690418243408,0.15152058005332947,-5.182190418243408,0.1256149858236313,-3.432190179824829,0.7228644490242004
207,"YIT CORPORATION SEPT. 24 , 2007 at 13:30 CORPORATE RELEASE STOCK EXCHANGE RELEASE YIT 'S CAPITAL MARKETS DAY IN LONDON , SEPT. 26 , 2007 On Wednesday , September 26 , 2007 , YIT will hold a Capital Markets Day for investors and analysts in London .",1,neutral,-1,UNPARSEABLE,"1

Instruction: What is the",0,1,Mistral-7B-v0.1-Base,fpb_decontam,-4.6282548904418945,0.3891374468803406,-5.0032548904418945,0.2674500048160553,-4.7532548904418945,0.3434125781059265
208,"Operating profits in the half were  0.8 m , down from  0.9 m as Glisten invested in the brand and the management team .",0,negative,-1,UNPARSEABLE,"0.8 m , down from",0,1,Mistral-7B-v0.1-Base,fpb_decontam,-1.8974485397338867,0.4959526062011719,-3.3349485397338867,0.1177990734577179,-2.1474485397338867,0.38624829053878784
209,"Revenue grew by 2 percent to  x20ac 580 million $ 743 million , from  x20ac 569 million .",2,positive,2,positive,"positive

## Explanation",1,0,Mistral-7B-v0.1-Base,fpb_decontam,-1.5850940942764282,0.43973323702812195,-3.1475939750671387,0.09217310696840286,-1.5225940942764282,0.468093603849411
210,A merger between UPM and Finnish-Swedish Stora Enso is not likely either .,1,neutral,-1,UNPARSEABLE,0.000000,0,1,Mistral-7B-v0.1-Base,fpb_decontam,-3.388542652130127,0.7659440040588379,-4.951042652130127,0.1605505794286728,-5.732292652130127,0.07350541651248932
211,EBIT margin was up from 1.4 % to 5.1 % .,2,positive,-1,UNPARSEABLE,"1

## Explanation",0,1,Mistral-7B-v0.1-Base,fpb_decontam,-4.735558032989502,0.13918370008468628,-4.985558032989502,0.10839637368917465,-3.048058032989502,0.7524199485778809
212,"Metsa-Botnia will finance the payment of dividends , the repayment of capital and the repurchase of its own shares with the funds deriving from its divestment of the Uruguay operations , and shares in Pohjolan Voima , and by utilising its existing financing facilities .",1,neutral,-1,UNPARSEABLE,"1

## Explanation",0,1,Mistral-7B-v0.1-Base,fpb_decontam,-4.06707763671875,0.5779504776000977,-5.31707763671875,0.16558559238910675,-4.87957763671875,0.2564639747142792
213,"`` We have a license agreement with Nokia Corp. which in part expires on April 9 , 2007 .",1,neutral,-1,UNPARSEABLE,"0.0

## Model Description",0,1,Mistral-7B-v0.1-Base,fpb_decontam,-3.6209897994995117,0.45278382301330566,-3.6834897994995117,0.42535102367401123,-4.933489799499512,0.12186510860919952
214,"Raisio 's bid to buy Glisten is a `` win-win '' deal for both companies , the chairman of the UK snacks firm told just-food today 10 February .",2,positive,-1,UNPARSEABLE,"1

Instruction: What is the",0,1,Mistral-7B-v0.1-Base,fpb_decontam,-5.316627502441406,0.24421747028827667,-5.410377502441406,0.22236253321170807,-4.535377502441406,0.5334199666976929
215,The adjustments concern staff in both the Specialty Papers and the Fiber Composites segments .,1,neutral,-1,UNPARSEABLE,"1

## Explanation",0,1,Mistral-7B-v0.1-Base,fpb_decontam,-3.1304121017456055,0.7213051915168762,-4.6304121017456055,0.16094495356082916,-4.9429121017456055,0.11774984002113342
216,"With this , the company will exit the contract manufacturing service segment .",1,neutral,-1,UNPARSEABLE,"1

Explanation:",0,1,Mistral-7B-v0.1-Base,fpb_decontam,-2.9777584075927734,0.7046110033988953,-4.540258407592773,0.14769448339939117,-4.540258407592773,0.14769448339939117
217,"In Q1 of 2010 , Bank of +àland 's net interest income increased from EUR 9.1 mn to EUR 9.7 mn .",2,positive,-1,UNPARSEABLE,"1

## Explanation",0,1,Mistral-7B-v0.1-Base,fpb_decontam,-4.159985542297363,0.4345189332962036,-4.909985542297363,0.20525221526622772,-4.347485542297363,0.36022886633872986
218,"Professional and consumer applications include personal navigation , personal safety , field and workflow management , and asset tracking .",1,neutral,-1,UNPARSEABLE,"0

## Explanation",0,1,Mistral-7B-v0.1-Base,fpb_decontam,-4.279094219207764,0.4721401631832123,-4.716594219207764,0.30483660101890564,-5.029094219207764,0.22302323579788208
219,"Profit after taxes was EUR 0.1 mn , compared to EUR -0.4 mn the previous year .",2,positive,-1,UNPARSEABLE,"0.0

## Description",0,1,Mistral-7B-v0.1-Base,fpb_decontam,-3.9198696613311768,0.3306032121181488,-4.482369422912598,0.18837206065654755,-3.5448696613311768,0.4810248017311096
220,Cision says the sale will return its U.K. operation to profitability .,2,positive,-1,UNPARSEABLE,"1

## Explanation",0,1,Mistral-7B-v0.1-Base,fpb_decontam,-4.216383457183838,0.20937614142894745,-4.341383457183838,0.184773787856102,-3.153883218765259,0.605850100517273
221,GyPSii service supports ten different languages including Korean and Russian .,1,neutral,-1,UNPARSEABLE,0.000000,0,1,Mistral-7B-v0.1-Base,fpb_decontam,-4.272710800170898,0.23509858548641205,-4.272710800170898,0.23509858548641205,-3.4602108001708984,0.5298028588294983
222,"After non-recurring items of EUR 177mn , profit amounted to EUR 20mn .",1,neutral,-1,UNPARSEABLE,"1

## Explanation",0,1,Mistral-7B-v0.1-Base,fpb_decontam,-3.510798931121826,0.6228975653648376,-4.948298931121826,0.1479511559009552,-4.510798931121826,0.22915124893188477
223,The sellers were the founders of the company .,1,neutral,-1,UNPARSEABLE,0.000000,0,1,Mistral-7B-v0.1-Base,fpb_decontam,-3.036212921142578,0.6352719068527222,-4.223712921142578,0.19374696910381317,-4.348712921142578,0.17098112404346466
224,"The company serves customers in various industries , including process and resources , industrial machinery , architecture , building , construction , electrical , transportation , electronics , chemical , petrochemical , energy , and information technology , as well as catering and households .",1,neutral,-1,UNPARSEABLE,"1

Instructions: What is",0,1,Mistral-7B-v0.1-Base,fpb_decontam,-4.071871280670166,0.4192294776439667,-4.196871280670166,0.3699687123298645,-4.759371280670166,0.21080181002616882
225,"The new Kroksberg railway tunnel will be built on a new section of track between Harnosand and Veda , forming part of the line that follows the coast of the Gulf of Bothnia .",1,neutral,-1,UNPARSEABLE,"1

Instructions: What is",0,1,Mistral-7B-v0.1-Base,fpb_decontam,-4.18275260925293,0.4877387583255768,-4.68275260925293,0.29582852125167847,-4.99525260925293,0.21643276512622833
226,L&T 's net profit for the whole 2010 dropped to EUR 36 million from EUR 45 million for 2009 .,0,negative,-1,UNPARSEABLE,"1

Instructions: What is",0,1,Mistral-7B-v0.1-Base,fpb_decontam,-3.5835177898406982,0.8482080698013306,-5.802268028259277,0.09223832190036774,-6.239768028259277,0.059553541243076324
227,"The guidance has been set at 90 basis points over mid-swaps , the report said .",1,neutral,-1,UNPARSEABLE,"1

## Explanation",0,1,Mistral-7B-v0.1-Base,fpb_decontam,-3.5580570697784424,0.5685463547706604,-4.808056831359863,0.16289129853248596,-4.308056831359863,0.26856234669685364
228,"For Q2 2010 , consolidated earnings before tax totaled EUR4 .5 m , compared to EUR3 .9 m , and net profit was EUR3 .2 m , compared to EUR2 .9 m in the previous year .",2,positive,-1,UNPARSEABLE,"1

## Explanation",0,1,Mistral-7B-v0.1-Base,fpb_decontam,-4.2913970947265625,0.41922950744628906,-4.9788970947265625,0.2108018398284912,-4.4163970947265625,0.3699687421321869
229,SRV lowered its net sales estimate for the whole of 2008 due to uncertainties in housing sales .,0,negative,-1,UNPARSEABLE,"1

## Explanation",0,1,Mistral-7B-v0.1-Base,fpb_decontam,-2.4989500045776367,0.8742824196815491,-4.936450004577637,0.07639394700527191,-5.373950004577637,0.04932364448904991
230,After 1 April 2007 Cencorp will not have any own employees in the territory .,1,neutral,-1,UNPARSEABLE,"1

## Explanation",0,1,Mistral-7B-v0.1-Base,fpb_decontam,-2.9841361045837402,0.6709786653518677,-4.35913610458374,0.16964997351169586,-4.42163610458374,0.15937140583992004
231,Olli-Pekka Laine has been appointed as the Chairman and Erkki Pehu-Lehtonen as the Vice Chairman of the Board .,1,neutral,-1,UNPARSEABLE,"1

## Explanation",0,1,Mistral-7B-v0.1-Base,fpb_decontam,-3.8856306076049805,0.3650062680244446,-4.3856306076049805,0.22138750553131104,-3.7606306076049805,0.41360628604888916
232,"Operating loss of the Pulp & Paper Machinery unit was over EUR 3mn in September 2007 - August 2008 , compared to a profit of EUR 3.7 mn a year earlier .",0,negative,-1,UNPARSEABLE,"1

## Explanation",0,1,Mistral-7B-v0.1-Base,fpb_decontam,-3.00419020652771,0.910632312297821,-6.066690444946289,0.042590830475091934,-5.972940444946289,0.04677687585353851
233,The financial details of the transaction were not disclosed .,1,neutral,-1,UNPARSEABLE,0,0,1,Mistral-7B-v0.1-Base,fpb_decontam,-3.0890002250671387,0.5940960049629211,-3.5265002250671387,0.3835771977901459,-6.370250225067139,0.022326871752738953
234,Each share is entitled to one vote .,1,neutral,-1,UNPARSEABLE,"1

## Explanation",0,1,Mistral-7B-v0.1-Base,fpb_decontam,-3.728309154510498,0.4707230031490326,-3.978309154510498,0.366599440574646,-4.790809154510498,0.16267752647399902
235,He confirmed his view on July 6 .,1,neutral,-1,UNPARSEABLE,"1

## Explanation",0,1,Mistral-7B-v0.1-Base,fpb_decontam,-3.4169342517852783,0.49085673689842224,-3.8544342517852783,0.3169209361076355,-4.354434013366699,0.19222229719161987
236,The company will be part of Teleste 's Video and Broadband Solutions business area .,1,neutral,-1,UNPARSEABLE,1,0,1,Mistral-7B-v0.1-Base,fpb_decontam,-4.051748752593994,0.5137218236923218,-4.864248752593994,0.2279626727104187,-4.739248752593994,0.2583155333995819
237,The original contract was signed last summer .,1,neutral,-1,UNPARSEABLE,"1

Instructions: What is",0,1,Mistral-7B-v0.1-Base,fpb_decontam,-3.8967864513397217,0.5355049967765808,-4.396786689758301,0.32480013370513916,-5.240536689758301,0.13969480991363525
238,Decisions are to be made as quickly as possible .,1,neutral,-1,UNPARSEABLE,"1

## Explanation",0,1,Mistral-7B-v0.1-Base,fpb_decontam,-3.190783977508545,0.6624122858047485,-4.315783977508545,0.21505378186702728,-4.878283977508545,0.12253396213054657
239,The credit covers approximately 70 % of the ship 's price .,1,neutral,-1,UNPARSEABLE,"1

## Explanation",0,1,Mistral-7B-v0.1-Base,fpb_decontam,-3.98781156539917,0.4206516444683075,-4.42531156539917,0.2715931236743927,-4.30031156539917,0.3077552914619446
240,"As much biomass will be used as can be sourced locally , with the rest of the plant 's fuel needs met by peat .",1,neutral,-1,UNPARSEABLE,"1

## Explanation",0,1,Mistral-7B-v0.1-Base,fpb_decontam,-4.2827348709106445,0.5560402274131775,-4.9702348709106445,0.2795945703983307,-5.5014848709106445,0.16436517238616943
241,"The platform is based built on Intel s second-generation MID platform , called Moorestown .",1,neutral,-1,UNPARSEABLE,"1

Instruction: What is the",0,1,Mistral-7B-v0.1-Base,fpb_decontam,-4.291088104248047,0.5218896269798279,-5.103588104248047,0.23158712685108185,-5.041088104248047,0.24652323126792908
242,Finnair 's total traffic decreased by 8.7 % in terms of revenue passenger kilometres .,0,negative,-1,UNPARSEABLE,"0

## Explanation",0,1,Mistral-7B-v0.1-Base,fpb_decontam,-3.046823501586914,0.8964247107505798,-5.703073501586914,0.06293889135122299,-6.140573501586914,0.04063640534877777
243,Affecto expects its net sales for the whole 2010 to increase from the 2009 level when they reached EUR 103 million .,2,positive,-1,UNPARSEABLE,"1

## Explanation",0,1,Mistral-7B-v0.1-Base,fpb_decontam,-4.08107328414917,0.33808648586273193,-4.76857328414917,0.1700005680322647,-3.70607328414917,0.49191293120384216
244,Kone shares dropped 4.1 percent to  x20ac 43 US$ 55.77 in Helsinki .,0,negative,0,negative,"negative

## Explanation",1,0,Mistral-7B-v0.1-Base,fpb_decontam,-1.3664053678512573,0.8126998543739319,-3.928905487060547,0.06266868114471436,-3.241405487060547,0.12463153898715973
245,"However , sales volumes in the food industry are expected to remain at relatively good levels in Finland and in Scandinavia , Atria said .",2,positive,-1,UNPARSEABLE,"1

Instruction: What is the",0,1,Mistral-7B-v0.1-Base,fpb_decontam,-4.598776817321777,0.3834606111049652,-4.848776817321777,0.2986394166946411,-4.786276817321777,0.31790003180503845
246,The value of the contract is in total USD12m .,1,neutral,-1,UNPARSEABLE,"0.0

## Description",0,1,Mistral-7B-v0.1-Base,fpb_decontam,-4.142185211181641,0.3403854966163635,-4.454685211181641,0.24903132021427155,-3.9546854496002197,0.41058316826820374
247,Production capacity will increase from 36 000 to 85 000 tonnes per year and the raw material will continue to be recycled paper and board .,2,positive,-1,UNPARSEABLE,"1

## Explanation",0,1,Mistral-7B-v0.1-Base,fpb_decontam,-4.1577301025390625,0.28458452224731445,-4.5952301025390625,0.18374158442020416,-3.5327301025390625,0.5316739082336426
248,"The record date for dividend distribution is March 14 , 2008 .",1,neutral,-1,UNPARSEABLE,"0.0

## Description",0,1,Mistral-7B-v0.1-Base,fpb_decontam,-3.916750907897949,0.5673910975456238,-4.791750907897949,0.23652377724647522,-4.979250907897949,0.1960851103067398
249,"The fair value of the investment properties totaled EUR 2,534.9 mn , up from EUR 2,455.1 mn in 2006 .",2,positive,-1,UNPARSEABLE,"1

## Explanation",0,1,Mistral-7B-v0.1-Base,fpb_decontam,-5.16268253326416,0.13478079438209534,-4.66268253326416,0.22221596539020538,-3.60018253326416,0.6430031657218933
250,No financial information was provided .,1,neutral,-1,UNPARSEABLE,0,0,1,Mistral-7B-v0.1-Base,fpb_decontam,-2.942861557006836,0.6525620818138123,-3.692861557006836,0.30824851989746094,-5.755361557006836,0.03918939828872681
251,"In the third quarter of 2007 , net sales totaled EUR 25.95 mn , and operating profit EUR 3.88 mn .",1,neutral,-1,UNPARSEABLE,"1

## Explanation",0,1,Mistral-7B-v0.1-Base,fpb_decontam,-3.856207847595215,0.45969343185424805,-4.668707847595215,0.203987717628479,-4.168707847595215,0.33631888031959534
252,Operating profit rose to EUR 13.1 mn from EUR 8.7 mn in the corresponding period in 2007 representing 7.7 % of net sales .,2,positive,-1,UNPARSEABLE,"1

Instructions: What is",0,1,Mistral-7B-v0.1-Base,fpb_decontam,-4.821639060974121,0.18612132966518402,-4.946639060974121,0.16425149142742157,-3.571639060974121,0.6496272683143616
253,The group 's net sales in 2007 were EUR683 .6 m.,1,neutral,-1,UNPARSEABLE,"0.0

## Description",0,1,Mistral-7B-v0.1-Base,fpb_decontam,-3.839020013809204,0.5122626423835754,-4.714019775390625,0.2135428935289383,-4.464019775390625,0.27419447898864746
254,"In Finland , the city of Forssa has said it will not pay compensation to food industry companies HK Ruokatalo and Atria for the lye leak into tap water that occurred in March 2008 .",0,negative,-1,UNPARSEABLE,"1

## Explanation",0,1,Mistral-7B-v0.1-Base,fpb_decontam,-3.8568766117095947,0.6967952847480774,-5.106876373291016,0.19963525235652924,-5.763126373291016,0.1035694107413292
255,"The inventors are Mukkavilli Krishna Kiran , Sabharwal Ashutosh and Aazhang Behnaam .",1,neutral,-1,UNPARSEABLE,0.000000,0,1,Mistral-7B-v0.1-Base,fpb_decontam,-3.944216251373291,0.25457271933555603,-4.006716251373291,0.23914895951747894,-3.256716251373291,0.5062783360481262
256,Consolidated operating profit from continuing operations decreased by 62.3 % to EUR 51.2 mn from EUR 135.7 mn in 2007 .,0,negative,-1,UNPARSEABLE,"1

## Explanation",0,1,Mistral-7B-v0.1-Base,fpb_decontam,-3.0290238857269287,0.926775336265564,-6.185274124145508,0.039466846734285355,-6.341524124145508,0.033757783472537994
257,Finnish Bank of +àland reports its operating profit fell to EUR 4.9 mn in the third quarter of 2007 from EUR 5.6 mn in the third quarter of 2006 .,0,negative,-1,UNPARSEABLE,"0

## Explanation",0,1,Mistral-7B-v0.1-Base,fpb_decontam,-2.9700980186462402,0.8003438711166382,-5.22009801864624,0.08435561507940292,-4.90759801864624,0.11530046910047531
258,"Cost cutting measures , which have produced around EUR70m of savings over the past nine months , have dampened the airline 's loss , Finnair said .",2,positive,-1,UNPARSEABLE,"1

Instruction: What is the",0,1,Mistral-7B-v0.1-Base,fpb_decontam,-3.842374324798584,0.5345560908317566,-4.842374324798584,0.19665221869945526,-4.529874324798584,0.26879167556762695
259,The new location is n't the only change Wellmont has in store for its air transport service .,1,neutral,-1,UNPARSEABLE,"1

## Explanation",0,1,Mistral-7B-v0.1-Base,fpb_decontam,-4.158019065856934,0.5160858035087585,-4.720519065856934,0.29405680298805237,-5.158019065856934,0.1898573637008667
260,The agreement includes the entire process of managing Mercator 's supply chain in all regions where the company is currently present .,1,neutral,-1,UNPARSEABLE,"1

Instructions: What is",0,1,Mistral-7B-v0.1-Base,fpb_decontam,-4.204724311828613,0.5137218236923218,-4.892224311828613,0.2583155333995819,-5.017224311828613,0.2279626727104187
261,"Cargotec Corporation , Press Release , August 26 , 2008 at 10 a.m. Finnish time Cargotec 's MacGREGOR business area providing marine cargo handling and offshore load handling solutions has received significant offshore crane retrofit order .",2,positive,-1,UNPARSEABLE,"1

Instruction: What is the",0,1,Mistral-7B-v0.1-Base,fpb_decontam,-4.614007949829102,0.32769033312797546,-5.301507949829102,0.16477303206920624,-4.176507949829102,0.5075367093086243
262,"Both operating profit and net sales for the 12-month period increased , respectively from EUR10 .5 m and EUR28 .8 m , as compared to the financial year 2004 .",2,positive,-1,UNPARSEABLE,"1

Instructions: What is",0,1,Mistral-7B-v0.1-Base,fpb_decontam,-4.604554176330566,0.3846515119075775,-5.229554176330566,0.20588912069797516,-4.542054176330566,0.4094594120979309
263,Alfa group will have 43.9 % of voting stock in the new company and Telenor 35.4 % with a free float of 20.7 % .,1,neutral,-1,UNPARSEABLE,"1

## Explanation",0,1,Mistral-7B-v0.1-Base,fpb_decontam,-3.9310498237609863,0.4865780770778656,-4.931049823760986,0.1790020912885666,-4.306049823760986,0.3344199061393738
264,"`` After a long , unprofitable period the Food Division posted a profitable result , which speaks of a healthier cost structure and a new approach in business operations , '' Rihko said .",2,positive,-1,UNPARSEABLE,"1

Instruction: What is the",0,1,Mistral-7B-v0.1-Base,fpb_decontam,-5.041277885437012,0.32375797629356384,-5.166277885437012,0.28571540117263794,-4.853777885437012,0.3905266523361206
265,"Vaahto Pulp & Paper , of Finnish Vaahto Group , has been awarded an order to renovate Finnish-Swedish forest industry company Stora Enso 's paperboard machine at the Ingerois Board Mill in Finland .",2,positive,-1,UNPARSEABLE,"1

## Explanation",0,1,Mistral-7B-v0.1-Base,fpb_decontam,-4.566834449768066,0.44401440024375916,-5.066834449768066,0.2693083584308624,-5.004334449768066,0.2866772711277008
266,"Profit per share was EUR 1.03 , up from EUR 0.87 .",2,positive,-1,UNPARSEABLE,"1

## Explanation",0,1,Mistral-7B-v0.1-Base,fpb_decontam,-5.4734272956848145,0.06788256019353867,-5.0359272956848145,0.10513855516910553,-2.9734272956848145,0.826978862285614
267,"During the strike , Finnair estimates to incur a net loss of between EUR2m and EUR2 .5 m per day .",0,negative,-1,UNPARSEABLE,"1

## Explanation",0,1,Mistral-7B-v0.1-Base,fpb_decontam,-3.5283384323120117,0.8234835863113403,-5.715838432312012,0.09239228814840317,-5.809588432312012,0.0841241404414177
268,"The prerequisite for inclusion in the program and for receipt of any gains is that key employees acquire Aspo shares to the amount determined by the Board in advance , in the maximum .",1,neutral,-1,UNPARSEABLE,"0.0

## Explan",0,1,Mistral-7B-v0.1-Base,fpb_decontam,-3.9862985610961914,0.6058500409126282,-5.048798561096191,0.20937617123126984,-5.173798561096191,0.18477380275726318
269,"Profit for the period was EUR 5.9 mn , up from EUR 1.3 mn .",2,positive,-1,UNPARSEABLE,"1

## Explanation",0,1,Mistral-7B-v0.1-Base,fpb_decontam,-4.636271953582764,0.12726923823356628,-4.948771953582764,0.09311216324567795,-2.8237719535827637,0.7796186208724976
270,"When dialing in , the participants should quote 877417 as conference ID .",1,neutral,-1,UNPARSEABLE,0.000000,0,1,Mistral-7B-v0.1-Base,fpb_decontam,-3.2362983226776123,0.5387096405029297,-4.486298561096191,0.1543428748846054,-3.7987983226776123,0.3069474995136261
271,Competition authorities will have to approve the deal before it can be finalized .,1,neutral,-1,UNPARSEABLE,"1

Explanation:",0,1,Mistral-7B-v0.1-Base,fpb_decontam,-3.3427233695983887,0.6596847772598267,-4.217723369598389,0.2749975323677063,-5.655223369598389,0.06531764566898346
272,"Mr Ashley , deputy executive chairman of Sports Direct , sold a 43pc stake in the company for more than pounds 900m at the time of the float .",1,neutral,-1,UNPARSEABLE,"1

## Explanation",0,1,Mistral-7B-v0.1-Base,fpb_decontam,-3.9664366245269775,0.6108638048171997,-5.278936386108398,0.16441181302070618,-4.966436386108398,0.22472432255744934
273,Kauko-Telko 's centralized administration will be dissolved and appropriate parts of it will be transferred to operating activities and Group administration by the end of the year .,1,neutral,-1,UNPARSEABLE,"1

## Explanation",0,1,Mistral-7B-v0.1-Base,fpb_decontam,-4.09189510345459,0.6021369099617004,-5.02939510345459,0.23580019176006317,-5.40439510345459,0.16206294298171997
274,"The orders are for 26 machine-room-less KONE MonoSpace elevators , which would be installed during 2006 .",1,neutral,-1,UNPARSEABLE,"1

## Explanation",0,1,Mistral-7B-v0.1-Base,fpb_decontam,-4.158926010131836,0.34133490920066833,-4.596426010131836,0.22038237750530243,-3.908925771713257,0.4382827877998352
275,The original patent was filed in Finland under application No. .,1,neutral,-1,UNPARSEABLE,"1

## Explanation",0,1,Mistral-7B-v0.1-Base,fpb_decontam,-4.3365912437438965,0.5126545429229736,-4.7740912437438965,0.3309946358203888,-5.5240912437438965,0.15635079145431519
276,"The total size of the complex is around 25,000 m2 and the project will be constructed in stages .",1,neutral,-1,UNPARSEABLE,"1

## Explanation",0,1,Mistral-7B-v0.1-Base,fpb_decontam,-4.025604248046875,0.49421945214271545,-4.525604248046875,0.29975923895835876,-4.900604248046875,0.20602130889892578
277,Talvivaara is listed on the London Stock Exchange Main Market and NASDAQ OMX Helsinki and is included in the FTSE 250 Index .,1,neutral,-1,UNPARSEABLE,"1

Instruction: What is the",0,1,Mistral-7B-v0.1-Base,fpb_decontam,-4.146915435791016,0.4513793885707855,-4.584415435791016,0.2914324402809143,-4.709415435791016,0.25718820095062256
278,"The Baltimore Police and Fire Pension , which has about $ 1.5 billion , lost about $ 3.5 million in Madoff Ponzi scheme .",0,negative,-1,UNPARSEABLE,0.000000,0,1,Mistral-7B-v0.1-Base,fpb_decontam,-3.316596269607544,0.7763206958770752,-5.254096031188965,0.11183962970972061,-5.254096031188965,0.11183962970972061
279,It is estimated that the consolidated turnover of Kausta Guder will reach Lt 53mn US$ 22.53 mn EUR 15.35 mn in 2007 .,1,neutral,-1,UNPARSEABLE,"1

Instructions: What is",0,1,Mistral-7B-v0.1-Base,fpb_decontam,-4.135104179382324,0.39418792724609375,-4.885104179382324,0.18620119988918304,-4.072604179382324,0.4196108877658844
280,BioTie North-American licensing partner Somaxon Pharmaceuticals started a phase II-III clinical study in patients suffering from pathological gambling and a pilot phase II study in nicotine addiction smoking cessation .,1,neutral,-1,UNPARSEABLE,"1

## Explanation",0,1,Mistral-7B-v0.1-Base,fpb_decontam,-4.460366249084473,0.3045048117637634,-4.647866249084473,0.2524433434009552,-4.085366249084473,0.44305187463760376
281,"In the fourth quarter of 2008 , net sales decreased to EUR 121.4 mn from EUR 165.5 mn in the fourth quarter of 2007 .",0,negative,-1,UNPARSEABLE,"1

Instructions: What is",0,1,Mistral-7B-v0.1-Base,fpb_decontam,-2.569826602935791,0.94139564037323,-5.694826602935791,0.04136203974485397,-6.569826602935791,0.01724226213991642
282,"Finnish power supply solutions and systems provider Efore Oyj said its net loss widened to 3.2 mln euro $ 4.2 mln for the first quarter of fiscal 2006-2007 ending October 31 , 2007 from 900,000 euro $ 1.2 mln for the same period of fiscal 2005-06 .",0,negative,-1,UNPARSEABLE,"1

Instruction: What is the",0,1,Mistral-7B-v0.1-Base,fpb_decontam,-4.303388595581055,0.7803677320480347,-6.397138595581055,0.0961601659655571,-6.147138595581055,0.12347210943698883
283,"Equipment will be manufactured in Vaahto 's workshop in Hollola , Finland and is scheduled for shipments during the first quarter of 2009 .",1,neutral,-1,UNPARSEABLE,"1

Instructions: What is",0,1,Mistral-7B-v0.1-Base,fpb_decontam,-4.335165977478027,0.44305187463760376,-4.897665977478027,0.2524433434009552,-4.710165977478027,0.3045048117637634
284,"Sampo Housing Loan Bank , a unit of Finland 's Sampo Bank , has priced its EUR1bn ( USD1 .3 bn ) bond at 99.889 % , Reuters reported .",1,neutral,-1,UNPARSEABLE,"1

Instruction: What is the",0,1,Mistral-7B-v0.1-Base,fpb_decontam,-4.407273292541504,0.5137218236923218,-5.219773292541504,0.2279626727104187,-5.094773292541504,0.2583155333995819
285,The total capital of funds managed by the bank decreased by 28 % to EUR 284mn by the end of September 2008 .,0,negative,-1,UNPARSEABLE,"1

## Explanation",0,1,Mistral-7B-v0.1-Base,fpb_decontam,-2.7321205139160156,0.9513281583786011,-6.294620513916016,0.0269871037453413,-6.513370513916016,0.02168474718928337
286,"Founded in 1985 , Quatrocon 's clientele consists of public sector builders , central trading companies and major construction firms .",1,neutral,-1,UNPARSEABLE,"1

Instructions: What is",0,1,Mistral-7B-v0.1-Base,fpb_decontam,-4.16063117980957,0.4537241756916046,-4.47313117980957,0.33195170760154724,-4.91063117980957,0.21432414650917053
287,"In its financial report , published on Friday , SEB said its net profit soared to SEK6 .745 bn in 2010 from a year-earlier SEK1 .114 bn and proposed a 50 % dividend increase to SEK1 .50 per share .",2,positive,-1,UNPARSEABLE,"1

Instructions: What is",0,1,Mistral-7B-v0.1-Base,fpb_decontam,-5.593408584594727,0.08387813717126846,-5.468408584594727,0.09504638612270355,-3.3121585845947266,0.8210754990577698
288,ASSA ABLOY Kaupthing Bank gave a ` neutral ' recommendation and a share price target of 174 crowns $ 24.7 - 19 euro on Swedish lock maker Assa Abloy AB .,1,neutral,-1,UNPARSEABLE,"1

Instructions: What is",0,1,Mistral-7B-v0.1-Base,fpb_decontam,-4.321913242340088,0.4416833221912384,-4.384413242340088,0.4149231016635895,-5.446913242340088,0.14339357614517212
289,"Previously , EB delivered a custom solution for LG Electronics and now is making it commercially available for other mobile terminal vendors as well as to wireless operators .",2,positive,-1,UNPARSEABLE,"1

Instructions: What is",0,1,Mistral-7B-v0.1-Base,fpb_decontam,-4.175193786621094,0.3834606111049652,-4.362693786621094,0.31790003180503845,-4.425193786621094,0.2986394166946411
290,"Sullivan said some of the boards `` really involve a lot of work , and people should get paid for their time . ''",1,neutral,-1,UNPARSEABLE,0.000000,0,1,Mistral-7B-v0.1-Base,fpb_decontam,-4.387591361999512,0.4452575743198395,-4.575091361999512,0.36913150548934937,-5.262591361999512,0.18561096489429474
291,"schwalm ( at ) outotec.com Eila Paatela , Vice President - Corporate Communications tel. +358 20 529 2004 , mobile +358 400 817198 e-mail eila .",1,neutral,-1,UNPARSEABLE,0.000000,0,1,Mistral-7B-v0.1-Base,fpb_decontam,-4.418460845947266,0.5531541705131531,-5.605960845947266,0.16870246827602386,-5.105960845947266,0.27814337611198425
292,The company now estimates its net sales in 2010 to increase considerably from 2009 and its operating result to be clearly positive .,2,positive,-1,UNPARSEABLE,"1

Instructions: What is",0,1,Mistral-7B-v0.1-Base,fpb_decontam,-5.230772972106934,0.07717690616846085,-5.043272972106934,0.09309311956167221,-2.8557729721069336,0.8297299742698669
293,"The fair value of the property portfolio doubled as a result of the Kapiteeli acquisition and totalled EUR 2,686.2 1,259.7 million .",2,positive,-1,UNPARSEABLE,"1

## Explanation",0,1,Mistral-7B-v0.1-Base,fpb_decontam,-5.080245494842529,0.2790113389492035,-5.267745494842529,0.23130853474140167,-4.517745494842529,0.4896801710128784
294,"Cencorp would focus on the development , manufacture and marketing of standard products for production automation .",1,neutral,-1,UNPARSEABLE,0.000000,0,1,Mistral-7B-v0.1-Base,fpb_decontam,-3.698061466217041,0.5500679016113281,-4.448061466217041,0.2598336935043335,-4.760561466217041,0.19009838998317719
295,The contract is worth some EUR 1 million .,1,neutral,-1,UNPARSEABLE,"1

## Explanation",0,1,Mistral-7B-v0.1-Base,fpb_decontam,-4.314057350158691,0.4286440908908844,-4.751557350158691,0.27675342559814453,-4.689057350158691,0.29460251331329346
296,"For 2009 , net profit was EUR 3 million and the company paid a dividend of EUR 1.30 apiece .",1,neutral,-1,UNPARSEABLE,"1

Explanation:",0,1,Mistral-7B-v0.1-Base,fpb_decontam,-4.051131248474121,0.4848460257053375,-4.926131248474121,0.20211388170719147,-4.488631248474121,0.3130401372909546
297,"The mill will have capacity to produce 500,000 tonnes of pulp per year .",1,neutral,-1,UNPARSEABLE,"1

## Explanation",0,1,Mistral-7B-v0.1-Base,fpb_decontam,-3.8052382469177246,0.3455999195575714,-4.180238246917725,0.23752708733081818,-3.6177382469177246,0.416873037815094
298,"Nokia shares hit 13.21 euros on Friday , down 50 percent from the start of the year in part because of the slow introduction of touch-screen models .",0,negative,-1,UNPARSEABLE,"1

Instruction: What is the",0,1,Mistral-7B-v0.1-Base,fpb_decontam,-2.8242604732513428,0.8083564043045044,-5.199260711669922,0.07518883794546127,-4.761760711669922,0.11645475029945374
299,Cash flow from operations in January-December 2008 was a negative EUR 18.1 mn compared to EUR 39.0 mn in the corresponding period in 2007 .,0,negative,-1,UNPARSEABLE,"1

## Explanation",0,1,Mistral-7B-v0.1-Base,fpb_decontam,-2.724477767944336,0.9509223103523254,-6.224477767944336,0.02871536649763584,-6.568227767944336,0.020362243056297302
300,"Once your plants are in the ground they will continue to grow , but the success of any garden lies in how well it 's maintained .",1,neutral,-1,UNPARSEABLE,"1

## Explanation",0,1,Mistral-7B-v0.1-Base,fpb_decontam,-4.217947959899902,0.3169209659099579,-3.7804479598999023,0.490856796503067,-4.717947959899902,0.19222226738929749
301,The increase range will vary up to 10 % .,1,neutral,-1,UNPARSEABLE,"0.0

## Description",0,1,Mistral-7B-v0.1-Base,fpb_decontam,-3.3758604526519775,0.46303674578666687,-4.125860214233398,0.2187231183052063,-3.7508604526519775,0.3182401955127716
302,The company operates power plants in the Tyumen and Chelyabinsk regions and in the Khanty-Mansi Autonomous District .,1,neutral,-1,UNPARSEABLE,"1

## Explanation",0,1,Mistral-7B-v0.1-Base,fpb_decontam,-3.8475182056427,0.5333999395370483,-4.410017967224121,0.30392220616340637,-5.035017967224121,0.1626778244972229
303,"Net cash from operating activities was a negative EUR 0.3 mn , compared to EUR 30.9 mn in 2009 .",0,negative,-1,UNPARSEABLE,"1

## Explanation",0,1,Mistral-7B-v0.1-Base,fpb_decontam,-3.040323257446289,0.8933210372924805,-5.727823257446289,0.0607912614941597,-6.009073257446289,0.04588765278458595
304,"The flagship will open this fall in Manhattan 's Flatiron District in the `` Toy Building , '' at 200 Fifth Avenue .",1,neutral,-1,UNPARSEABLE,"1

Instructions: What is",0,1,Mistral-7B-v0.1-Base,fpb_decontam,-4.572239875793457,0.4426494836807251,-4.759739875793457,0.3669693171977997,-5.415989875793457,0.19038118422031403
305,All YIT Capital Markets Day materials will be available on the company 's Internet site at www.yitgroup.com/investors at 10:30 on September 26 .,1,neutral,-1,UNPARSEABLE,"0.0

## Description",0,1,Mistral-7B-v0.1-Base,fpb_decontam,-4.136115074157715,0.46689873933792114,-4.636115074157715,0.2831884026527405,-4.761115074157715,0.24991288781166077
306,Export declined by 6 percent to 16.4 million liters .,0,negative,-1,UNPARSEABLE,"1

## Explanation",0,1,Mistral-7B-v0.1-Base,fpb_decontam,-2.624699115753174,0.8207172751426697,-4.937199115753174,0.0812620148062706,-4.749699115753174,0.09802070260047913
307,"The biggest sellers in the chain 's supermarkets in Finland are organic Pirkka tomatoes , carrots , eggs , and meat products .",1,neutral,-1,UNPARSEABLE,"1

## Explanation",0,1,Mistral-7B-v0.1-Base,fpb_decontam,-4.720874786376953,0.28571540117263794,-4.595874786376953,0.32375797629356384,-4.408374786376953,0.3905266523361206
308,The company continued the development of a fully human antibody in its VAP-1 antibody program .,1,neutral,-1,UNPARSEABLE,0.000000,0,1,Mistral-7B-v0.1-Base,fpb_decontam,-3.6288576126098633,0.46689873933792114,-4.253857612609863,0.24991288781166077,-4.128857612609863,0.2831884026527405
309,"Cardona slowed her vehicle , turned around and returned to the intersection , where she called 911 .",1,neutral,-1,UNPARSEABLE,0.000000,0,1,Mistral-7B-v0.1-Base,fpb_decontam,-3.953543186187744,0.5378165245056152,-4.453543186187744,0.3262022137641907,-5.328543186187744,0.13598130643367767
310,"We know that it exists , '' Artemyev said .",1,neutral,-1,UNPARSEABLE,"1

## Explanation",0,1,Mistral-7B-v0.1-Base,fpb_decontam,-3.5740764141082764,0.5489178895950317,-4.1990766525268555,0.2938145101070404,-4.8240766525268555,0.15726757049560547
311,Finnish metal products company Componenta Oyj net profit went slightly down to 25.1 mln euro ( $ 40.2 mln ) for the first half of 2008 from 25.4 mln euro ( $ 40.7 mln ) for the same period of 2007 .,0,negative,-1,UNPARSEABLE,"0

Instructions: What is",0,1,Mistral-7B-v0.1-Base,fpb_decontam,-4.123837947845459,0.6709786653518677,-5.498837947845459,0.16964997351169586,-5.561337947845459,0.15937140583992004
312,"The subsidiary will be responsible for filter sales , local assembly of filters and after market services in China .",1,neutral,-1,UNPARSEABLE,"1

## Explanation",0,1,Mistral-7B-v0.1-Base,fpb_decontam,-4.244075298309326,0.49664023518562317,-4.806575298309326,0.28297704458236694,-5.056575298309326,0.22038276493549347
313,Sports equipment sales also progressed well owing to the prolonged winter season .,2,positive,-1,UNPARSEABLE,"1

## Explanation",0,1,Mistral-7B-v0.1-Base,fpb_decontam,-4.307890892028809,0.20369727909564972,-4.495390892028809,0.1688709706068039,-3.1828908920288086,0.6274318099021912
314,Finnish food industry company L+ñnnen Tehtaat is planning changes to its fish product business .,1,neutral,-1,UNPARSEABLE,0.000000,0,1,Mistral-7B-v0.1-Base,fpb_decontam,-3.1023526191711426,0.6701171398162842,-4.602352619171143,0.14952334761619568,-4.414852619171143,0.1803595870733261
315,"The contract also includes installation work in a new multistorey carpark for close on 1,000 vehicles .",1,neutral,-1,UNPARSEABLE,"1

## Explanation",0,1,Mistral-7B-v0.1-Base,fpb_decontam,-4.642175674438477,0.40176334977149963,-4.767175674438477,0.3545548915863037,-5.142175674438477,0.24368178844451904
316,RL-Nordic is a part of Raiffeisen-Banking-Group Austria and is a subsidiary to Raiffeisen-Leasing GmbH in Austria .,1,neutral,-1,UNPARSEABLE,"1

## Explanation",0,1,Mistral-7B-v0.1-Base,fpb_decontam,-4.053688049316406,0.5137218236923218,-4.741188049316406,0.2583155333995819,-4.866188049316406,0.2279626727104187
317,Filmiteollisuus Fine Ab will be transferred to Talentum Oyj in the form of a subsidiary .,1,neutral,-1,UNPARSEABLE,0.000000,0,1,Mistral-7B-v0.1-Base,fpb_decontam,-3.2601065635681152,0.5607860684394836,-4.197606563568115,0.21960696578025818,-4.197606563568115,0.21960696578025818
318,Return on investment ROI was 4.1 % compared to 43.8 % in the first half of 2008 .,0,negative,-1,UNPARSEABLE,"1

## Explanation",0,1,Mistral-7B-v0.1-Base,fpb_decontam,-2.807870388031006,0.7621271014213562,-4.870370388031006,0.09689357876777649,-4.495370388031006,0.1409793496131897
319,The annual net sales of the unit is some EUR 5 million and it currently employs some 55 people .,1,neutral,-1,UNPARSEABLE,0.000000,0,1,Mistral-7B-v0.1-Base,fpb_decontam,-3.91031813621521,0.3779791593551636,-3.91031813621521,0.3779791593551636,-4.347818374633789,0.24404165148735046
320,The company will release its 2010 results on 11 February 2011 .,1,neutral,-1,UNPARSEABLE,"1

## Explanation",0,1,Mistral-7B-v0.1-Base,fpb_decontam,-3.726839065551758,0.5387096405029297,-4.289339065551758,0.3069474995136261,-4.976839065551758,0.1543429046869278
321,"Tiimari , the Finnish retailer , reported to have geenrated quarterly revenues totalling EUR 1.3 mn in the 4th quarter 2009 , up from EUR 0.3 mn loss in 2008 .",2,positive,-1,UNPARSEABLE,"1

Instructions: What is",0,1,Mistral-7B-v0.1-Base,fpb_decontam,-4.534699440002441,0.25500646233558655,-5.534699440002441,0.09381164610385895,-3.5971994400024414,0.6511818766593933
322,The purchase sum is about EUR 10mn US$ 12.97 mn .,1,neutral,-1,UNPARSEABLE,"1

## Description

Sent",0,1,Mistral-7B-v0.1-Base,fpb_decontam,-3.8261666297912598,0.42768925428390503,-4.32616662979126,0.2594066560268402,-4.13866662979126,0.31290411949157715
323,The bank VTB24 provides mortgage loans to buy apartments in the complex at 11-13 % per annum in rubles .,1,neutral,-1,UNPARSEABLE,"1

## Explanation",0,1,Mistral-7B-v0.1-Base,fpb_decontam,-3.6096394062042236,0.5231456756591797,-4.7971391677856445,0.15955044329166412,-4.1096391677856445,0.31730392575263977
324,"The buildings , with about 40 condominiums each , will be built in 4 or 5 stages .",1,neutral,-1,UNPARSEABLE,0.000000,0,1,Mistral-7B-v0.1-Base,fpb_decontam,-4.2014055252075195,0.4452575743198395,-4.3889055252075195,0.36913150548934937,-5.0764055252075195,0.18561096489429474
325,`` Marimekko operates in an industry in which changes in the business climate are reflected in consumer demand .,1,neutral,-1,UNPARSEABLE,0.000000,0,1,Mistral-7B-v0.1-Base,fpb_decontam,-3.514575481414795,0.5687015056610107,-4.139575481414795,0.30440402030944824,-5.014575481414795,0.12689447402954102
326,"Tecnomen , headquartered in Espoo , Finland , develops messaging and charging solutions for telecomms operators and service providers worldwide .",1,neutral,-1,UNPARSEABLE,0.000000,0,1,Mistral-7B-v0.1-Base,fpb_decontam,-4.360184669494629,0.45186275243759155,-4.860184669494629,0.2740686237812042,-4.860184669494629,0.2740686237812042
327,Ixonos will finance the acquisition through a 3.8 mln euro $ 5.2 mln loan .,1,neutral,-1,UNPARSEABLE,"0.0

## Explan",0,1,Mistral-7B-v0.1-Base,fpb_decontam,-4.048725605010986,0.6192958950996399,-5.111225605010986,0.2140229344367981,-5.361225605010986,0.1666812300682068
328,"Finnish Exel Composites , a technology company that designs , manufactures , and markets composite profiles and tubes for various industrial applications , reports its net sales decreased by 0.6 % in the second quarter of 2010 to EUR 19.2 mn from EUR 19.3 mn in the corresponding period in 2009 .",0,negative,-1,UNPARSEABLE,0.6 % in the second quarter,0,1,Mistral-7B-v0.1-Base,fpb_decontam,-4.1184468269348145,0.6775206327438354,-5.6184468269348145,0.15117529034614563,-5.4934468269348145,0.17130404710769653
329,The issue came up in connection with discussion with local municipalities concerning the sale of water to industrial facilities .,1,neutral,-1,UNPARSEABLE,"1

## Explanation",0,1,Mistral-7B-v0.1-Base,fpb_decontam,-3.5540552139282227,0.5990613102912903,-4.304055213928223,0.28297653794288635,-5.179055213928223,0.11796215921640396
330,Pretax profit rose to EUR 0.6 mn from EUR 0.4 mn in the corresponding period in 2005 .,2,positive,-1,UNPARSEABLE,"0.0

## Explan",0,1,Mistral-7B-v0.1-Base,fpb_decontam,-4.119477272033691,0.39278164505958557,-4.619477272033691,0.23823411762714386,-4.181977272033691,0.3689842224121094
331,Terms of the acquisition were not disclosed .,1,neutral,-1,UNPARSEABLE,0.000000,0,1,Mistral-7B-v0.1-Base,fpb_decontam,-3.1899256706237793,0.6186471581459045,-3.9399256706237793,0.29222825169563293,-5.127425670623779,0.08912457525730133
332,"Elcoteq Dongguan was established in 1999 in the Nancheng District of Dongguan , China and is one of Elcoteq s four volume manufacturing plants in the Asia-Pacific region .",1,neutral,-1,UNPARSEABLE,"1

Instruction: What is the",0,1,Mistral-7B-v0.1-Base,fpb_decontam,-3.8034772872924805,0.7709040641784668,-5.4909772872924805,0.14260292053222656,-5.9909772872924805,0.08649303764104843
333,The Bank is also examining the benefits of transferring the Swedish business to operate as a branch office so that the operations would be governed by Finland 's laws .,1,neutral,-1,UNPARSEABLE,"1

Instructions: What is",0,1,Mistral-7B-v0.1-Base,fpb_decontam,-4.624523162841797,0.47849300503730774,-4.812023162841797,0.3966846466064453,-5.968273162841797,0.12482236325740814
334,"The order comprises all production lines for a plywood mill , company said in a statement received by Lesprom Network .",1,neutral,-1,UNPARSEABLE,"1

Instruction: What is the",0,1,Mistral-7B-v0.1-Base,fpb_decontam,-3.8766748905181885,0.6274316906929016,-5.189174652099609,0.1688709855079651,-5.001674652099609,0.2036972939968109
335,A huge issue for us is the button placement .,1,neutral,-1,UNPARSEABLE,0.000000,0,1,Mistral-7B-v0.1-Base,fpb_decontam,-3.2580482959747314,0.6848006844520569,-4.508048057556152,0.1961987316608429,-5.008048057556152,0.11900053918361664
336,"Construction work on the Helsinki Music Centre is to start this autumn , with the total cost of the project estimated at 140 million euros .",1,neutral,-1,UNPARSEABLE,"1

Instruction: What is the",0,1,Mistral-7B-v0.1-Base,fpb_decontam,-3.7620229721069336,0.49664023518562317,-4.574522972106934,0.22038276493549347,-4.324522972106934,0.28297704458236694
337,"LEED is an internationally recognized green building certification system , developed by the U.S. Green Building Council .",1,neutral,-1,UNPARSEABLE,"1

## Explanation",0,1,Mistral-7B-v0.1-Base,fpb_decontam,-3.8691601753234863,0.3834606111049652,-4.119160175323486,0.2986394166946411,-4.056660175323486,0.31790003180503845
338,Finnish developer and manufacturer of mobile phone chargers Salcomp Plc OMX Helsinki : SAL1V on Wednesday 19 November lowered its full-year net sales estimate .,0,negative,-1,UNPARSEABLE,"1

Instruction: What is the",0,1,Mistral-7B-v0.1-Base,fpb_decontam,-3.7651829719543457,0.7652807235717773,-5.640182971954346,0.11735960841178894,-5.640182971954346,0.11735960841178894
339,"Products include Consumer Electronics devices such as mobile phones and their accessories , set-top boxes , flat panel TVs as well as System Solutions products such as infrastructure systems , modules and other industrial segment products .",1,neutral,-1,UNPARSEABLE,"1

Instructions: What is",0,1,Mistral-7B-v0.1-Base,fpb_decontam,-4.429383277893066,0.49065473675727844,-5.054383277893066,0.26262855529785156,-5.116883277893066,0.2467166930437088
340,Sales increased due to growing market rates and increased operations .,2,positive,-1,UNPARSEABLE,"1

## Explanation",0,1,Mistral-7B-v0.1-Base,fpb_decontam,-5.133306503295898,0.042846594005823135,-4.320806503295898,0.09655629098415375,-2.1333062648773193,0.8605970740318298
341,"Finnish Talentum reports its operating profit increased to EUR 20.5 mn in 2005 from EUR 9.3 mn in 2004 , and net sales totaled EUR 103.3 mn , up from EUR 96.4 mn .",2,positive,-1,UNPARSEABLE,"1

## Description

This",0,1,Mistral-7B-v0.1-Base,fpb_decontam,-4.649073600769043,0.18213814496994019,-5.274073600769043,0.09749151766300201,-3.274073600769043,0.720370352268219
342,"In the first quarter of 2008 , Sacanfil 's net sales totalled EUR 50.0 mn and its operating profit EUR 4.7 mn .",1,neutral,-1,UNPARSEABLE,"1

Instructions: What is",0,1,Mistral-7B-v0.1-Base,fpb_decontam,-4.051076412200928,0.5364887118339539,-4.988576412200928,0.2100919783115387,-4.801076412200928,0.25341930985450745
343,"Tallink Silja attributes the significant drop to problems with the booking system that was taken into operation in October , the sale of trailer ferry ` Sky Wind ' and the route between Stockholm and Riga , which has won passengers from the Helsinki-Stockholm route .",0,negative,-1,UNPARSEABLE,"1

Instruction: What is the",0,1,Mistral-7B-v0.1-Base,fpb_decontam,-4.083536624908447,0.6981329917907715,-5.896036624908447,0.11396707594394684,-5.396036624908447,0.18789994716644287
344,No financial details were disclosed .,1,neutral,-1,UNPARSEABLE,"0

Instructions: What is",0,1,Mistral-7B-v0.1-Base,fpb_decontam,-3.3125195503234863,0.5883927345275879,-3.8125195503234863,0.35687822103500366,-5.687519550323486,0.054729048162698746
345,"Finnish airline Finnair has won a deal with the UK public sector to be the official airline for flights from London Heathrow to Osaka in Japan , as well as flights between Manchester in the UK and Helsinki in Finland .",2,positive,-1,UNPARSEABLE,"1

Instructions: What is",0,1,Mistral-7B-v0.1-Base,fpb_decontam,-4.223294258117676,0.44421398639678955,-4.973294258117676,0.2098318338394165,-4.473294258117676,0.34595420956611633
346,"Meanwhile , Alfa owns 25.1 % of MegaFon through Altimo , and 4.99 % of Turkcell via an 18.5 % stake in Cukurova Holding .",1,neutral,-1,UNPARSEABLE,"1

## Explanation",0,1,Mistral-7B-v0.1-Base,fpb_decontam,-4.431175708770752,0.5529543161392212,-5.368675708770752,0.21654002368450165,-5.306175708770752,0.23050566017627716
347,"Kemira , headquartered in Helsinki , Finland , is an international chemicals group comprising the business areas Kemira Pulp & Paper , Kemira Water , Kemira Specialty and Kemira Coatings .",1,neutral,-1,UNPARSEABLE,0.000000,0,1,Mistral-7B-v0.1-Base,fpb_decontam,-4.373172283172607,0.44401440024375916,-4.810672283172607,0.2866772711277008,-4.873172283172607,0.2693083584308624
348,The order is related to renewing the network of the telecommunications operator .,1,neutral,-1,UNPARSEABLE,1,0,1,Mistral-7B-v0.1-Base,fpb_decontam,-3.6027114391326904,0.44753801822662354,-3.9152114391326904,0.3274258077144623,-4.2902116775512695,0.22503620386123657
349,"In addition , the contract includes modification of the effluent treatment plant at Follum .",1,neutral,-1,UNPARSEABLE,"1

## Explanation",0,1,Mistral-7B-v0.1-Base,fpb_decontam,-3.7639048099517822,0.5626355409622192,-4.513904571533203,0.2657702565193176,-4.951404571533203,0.17159417271614075
350,"Seven-month sales of Ragutis , which is controlled by the Finnish brewery Olvi , declined by 11.2 percent , to 15.41 million liters , and the company held 9.89 percent of the market .",0,negative,-1,UNPARSEABLE,"1

Instructions: What is",0,1,Mistral-7B-v0.1-Base,fpb_decontam,-3.8560094833374023,0.7130529880523682,-5.356009483337402,0.1591036319732666,-5.574759483337402,0.12784336507320404
351,Pharmaceutical market in Belgium Global Research & Data Services published recently a market analysis about the pharmaceutical markets in Belgium .,1,neutral,-1,UNPARSEABLE,"1

## Explanation",0,1,Mistral-7B-v0.1-Base,fpb_decontam,-4.609369277954102,0.4499334990978241,-4.984369277954102,0.30923447012901306,-5.234369277954102,0.24083206057548523
352,"Founded in 1923 , Finnair is one of the world 's oldest airlines and flies to 60 destinations with a fleet of 63 aircraft , employing 9,500 people .",1,neutral,-1,UNPARSEABLE,"1

Instructions: What is",0,1,Mistral-7B-v0.1-Base,fpb_decontam,-4.137906074523926,0.4877387583255768,-4.637906074523926,0.29582852125167847,-4.950406074523926,0.21643276512622833
353,Panostaja Oyj 's Board also decided at its organisational meeting held upon completion of the AGM to implement the AGM decision concerning Board member fees paid as shares in such a way that shares are transferred on a quarterly basis on the date following publication of the quarterly-annual report .,1,neutral,-1,UNPARSEABLE,0.000000,0,1,Mistral-7B-v0.1-Base,fpb_decontam,-4.700409412384033,0.3836517333984375,-5.200409412384033,0.232696533203125,-4.700409412384033,0.3836517333984375
354,"Operating profit totaled EUR 37,7 mn , up slightly from EUR 37.2 mn in the corresponding period in 2006 .",2,positive,-1,UNPARSEABLE,"1

Instruction: What is the",0,1,Mistral-7B-v0.1-Base,fpb_decontam,-4.554534435272217,0.3660837411880493,-4.867034435272217,0.26783257722854614,-4.554534435272217,0.3660837411880493
355,Rapala Fishing Frenzy 2009 .,1,neutral,-1,UNPARSEABLE,"1

## Explanation",0,1,Mistral-7B-v0.1-Base,fpb_decontam,-3.561253786087036,0.38806381821632385,-4.373753547668457,0.17220231890678406,-3.436253786087036,0.43973392248153687
356,"In January-September 2007 , Finnlines ' net sales rose to EUR 505.4 mn from EUR 473.5 mn in the corresponding period in 2006 .",2,positive,-1,UNPARSEABLE,"1

Instructions: What is",0,1,Mistral-7B-v0.1-Base,fpb_decontam,-4.656828880310059,0.3545548915863037,-5.031828880310059,0.24368178844451904,-4.531828880310059,0.40176334977149963
357,"L+ñnnen Tehtaat 's Food Division was reorganised into two strategic business units , Apetit Frozen Foods and Jams , and Apetit Fish .",1,neutral,-1,UNPARSEABLE,0.000000,0,1,Mistral-7B-v0.1-Base,fpb_decontam,-4.215929985046387,0.6021369099617004,-5.528429985046387,0.16206294298171997,-5.153429985046387,0.23580019176006317
358,The Department Store Division reported an increase in sales of 4 per cent .,2,positive,-1,UNPARSEABLE,"1

## Explanation",0,1,Mistral-7B-v0.1-Base,fpb_decontam,-4.305876731872559,0.1327419877052307,-3.9308767318725586,0.1931384652853012,-2.6808767318725586,0.6741194725036621
359,BM4 middle layer headbox will be equipped with a dilution control system .,1,neutral,-1,UNPARSEABLE,0.000000,0,1,Mistral-7B-v0.1-Base,fpb_decontam,-3.9412169456481934,0.41246482729911804,-4.378716945648193,0.2663072943687439,-4.191216945648193,0.32122793793678284
360,`` The issues identified by Stonesoft affect a range of content inspection technology .,1,neutral,-1,UNPARSEABLE,0,0,1,Mistral-7B-v0.1-Base,fpb_decontam,-3.2786900997161865,0.6186472773551941,-4.028690338134766,0.29222822189331055,-5.216190338134766,0.08912456035614014
361,Raute is listed on the Nordic exchange in Helsinki .,1,neutral,-1,UNPARSEABLE,"0.0

## Description",0,1,Mistral-7B-v0.1-Base,fpb_decontam,-3.909930944442749,0.4668987989425659,-4.409931182861328,0.2831883430480957,-4.534931182861328,0.24991287291049957
362,"Finnair 's Tallinn-based subsidiary , Aero AS , carried 23,335 passengers , a decline of 60.8 % , on routes between Helsinki and the Baltic capitals and within Southern Finland .",0,negative,-1,UNPARSEABLE,"1

Instruction: What is the",0,1,Mistral-7B-v0.1-Base,fpb_decontam,-3.8745036125183105,0.8340336084365845,-5.9995036125183105,0.09961111098527908,-6.4057536125183105,0.06635530292987823
363,Pretax profit rose to EUR 17.8 mn from EUR 14.9 mn in 2005 .,2,positive,-1,UNPARSEABLE,"1

## Explanation",0,1,Mistral-7B-v0.1-Base,fpb_decontam,-4.186432361602783,0.24724788963794708,-4.623932361602783,0.1596352458000183,-3.311432361602783,0.5931168794631958
364,"The facility will have a lettable area of some 19,000 sq m. The plot for the plant , located in the Ratasmaki business park , will be purchased from the City of Forssa .",1,neutral,-1,UNPARSEABLE,"1

## Explanation",0,1,Mistral-7B-v0.1-Base,fpb_decontam,-4.135250091552734,0.49810025095939636,-4.760250091552734,0.2666138708591461,-4.885250091552734,0.2352859079837799
365,"Honkarakenne also decided yesterday to sell 88,500 of its B series shares to key staff members for EUR2 .9 per share .",1,neutral,-1,UNPARSEABLE,"1

## Explanation",0,1,Mistral-7B-v0.1-Base,fpb_decontam,-3.737247943878174,0.5298028588294983,-4.549747943878174,0.23509858548641205,-4.549747943878174,0.23509858548641205
366,Number of offers received for this contract is two .,1,neutral,-1,UNPARSEABLE,1,0,1,Mistral-7B-v0.1-Base,fpb_decontam,-3.8216118812561035,0.2790113389492035,-4.0091118812561035,0.23130853474140167,-3.2591118812561035,0.4896801710128784
367,The percentages of shares and voting rights have been calculated in proportion to the total number of shares registered with the Trade Register and the total number of voting rights related to them .,1,neutral,-1,UNPARSEABLE,"1

## Explanation",0,1,Mistral-7B-v0.1-Base,fpb_decontam,-3.6895008087158203,0.5793870687484741,-4.37700080871582,0.2913341224193573,-5.18950080871582,0.1292787343263626
368,Finnish-Swedish TietoEnator is expanding its business quickly in Russia .,2,positive,-1,UNPARSEABLE,0.000000,0,1,Mistral-7B-v0.1-Base,fpb_decontam,-3.774096965789795,0.43763601779937744,-4.836596965789795,0.15124297142028809,-3.836596965789795,0.4111209809780121
369,Major Order in India Comptel Corporation has received a significant long-term order for mediation and provisioning solutions being used by a leading operator in India .,2,positive,-1,UNPARSEABLE,"1

## Explanation",0,1,Mistral-7B-v0.1-Base,fpb_decontam,-4.336218357086182,0.35763972997665405,-4.648718357086182,0.2616548240184784,-4.273718357086182,0.38070550560951233
370,The extracted filtrates are very high in clarity while the dried filter cakes meet required transport moisture limits (TMLs)for their ore grades .,1,neutral,-1,UNPARSEABLE,"1

## Explanation",0,1,Mistral-7B-v0.1-Base,fpb_decontam,-4.480546951293945,0.3402039706707001,-4.480546951293945,0.3402039706707001,-4.543046951293945,0.31959205865859985
371,"You need to be ready when the window opens up , Rosberg said .",1,neutral,-1,UNPARSEABLE,"1

Instructions: What is",0,1,Mistral-7B-v0.1-Base,fpb_decontam,-3.5276997089385986,0.648296594619751,-4.7151994705200195,0.19771933555603027,-4.9651994705200195,0.1539839804172516
372,"`` Over the years , the color orange has become synonymous with quality .",1,neutral,-1,UNPARSEABLE,0,0,1,Mistral-7B-v0.1-Base,fpb_decontam,-3.834233283996582,0.29304370284080505,-3.646733283996582,0.35347816348075867,-3.646733283996582,0.35347816348075867
373,"Tyrvaan Sanomat , published twice a week by Tyrvaan Sanomat Oy , appears in Sastamala and Kiikoinen .",1,neutral,-1,UNPARSEABLE,0.000000,0,1,Mistral-7B-v0.1-Base,fpb_decontam,-4.683317184448242,0.4105832278728485,-4.870817184448242,0.34038546681404114,-5.183317184448242,0.24903132021427155
374,"The company 's set of services include digital printing , printing preparation , offset-printing , after-treatment services and send out services .",1,neutral,-1,UNPARSEABLE,0.000000,0,1,Mistral-7B-v0.1-Base,fpb_decontam,-4.288784980773926,0.47269392013549805,-4.476284980773926,0.39187705516815186,-5.538784980773926,0.13542908430099487
375,"It is necessary to strengthen the company 's operations , however .",1,neutral,-1,UNPARSEABLE,1,0,1,Mistral-7B-v0.1-Base,fpb_decontam,-3.4620347023010254,0.5434061288833618,-4.087034702301025,0.29086434841156006,-4.649534702301025,0.16572949290275574
376,"According to CapMan Plc 's Corporate Governance , the majority of the committees ' members shall be independent of the Company .",1,neutral,-1,UNPARSEABLE,"1

## Explanation",0,1,Mistral-7B-v0.1-Base,fpb_decontam,-3.9498581886291504,0.5838074088096619,-4.76235818862915,0.2590629756450653,-5.26235818862915,0.15712964534759521
377,"In 2006 , 452 million tonnes CO2 of EUA ( EU Allowance ; emissions credit in EU ) was traded with an underlying market value approx .",1,neutral,-1,UNPARSEABLE,"1

## Explanation",0,1,Mistral-7B-v0.1-Base,fpb_decontam,-3.864089250564575,0.5977777242660522,-5.051589012145996,0.18231195211410522,-4.864089012145996,0.21991021931171417
378,"At the same time profit of the company increased by 10 % in H1 and reached Ls 79,000 .",2,positive,-1,UNPARSEABLE,"1

## Explanation",0,1,Mistral-7B-v0.1-Base,fpb_decontam,-4.1136555671691895,0.3405274450778961,-4.6761555671691895,0.19402669370174408,-3.8011555671691895,0.465445876121521
379,Operating profit rose to EUR 27.8 mn from EUR 17.5 mn in 2008 .,2,positive,-1,UNPARSEABLE,"1

## Explanation",0,1,Mistral-7B-v0.1-Base,fpb_decontam,-4.800518035888672,0.1126025915145874,-4.863018035888672,0.10578034818172455,-2.8630177974700928,0.7816171050071716
380,"Finnish financial software solutions developer BasWare Oyj said its net profit fell to 884,000 euro ( $ 1.2 mln ) for the first quarter of 2007 from 2.0 mln euro ( $ 2.7 mln ) a year earlier .",0,negative,-1,UNPARSEABLE,"0

Instruction: What is the",0,1,Mistral-7B-v0.1-Base,fpb_decontam,-3.1625561714172363,0.753868579864502,-4.975056171417236,0.12306566536426544,-4.975056171417236,0.12306566536426544
381,The arrangements do not apply to the group 's units outside Finland .,1,neutral,-1,UNPARSEABLE,0.000000,0,1,Mistral-7B-v0.1-Base,fpb_decontam,-3.8009963035583496,0.674018919467926,-4.80099630355835,0.2479577213525772,-5.95724630355835,0.07802335172891617
382,Net investment income,1,neutral,-1,UNPARSEABLE,"0.0

## Description",0,1,Mistral-7B-v0.1-Base,fpb_decontam,-3.8895695209503174,0.48248234391212463,-4.452069282531738,0.27491024136543274,-4.577069282531738,0.24260741472244263
383,"The equipment Ixonos acquires with this deal includes mechanical engineering hardware ; an RF and antenna measurement laboratory ; facilities for the measurement of audio , cameras and displays ; as well as devices and robot units for the testing of mobile devices .",1,neutral,-1,UNPARSEABLE,"1

Instructions: What is",0,1,Mistral-7B-v0.1-Base,fpb_decontam,-4.127041339874268,0.3995474874973297,-4.814541339874268,0.20090508460998535,-4.127041339874268,0.3995474874973297
384,"For 24-hour news , try ICIS news www.icis.com Click `` trial '' , then ICIS news",1,neutral,-1,UNPARSEABLE,0.000000,0,1,Mistral-7B-v0.1-Base,fpb_decontam,-3.569014549255371,0.44881537556648254,-4.631514549255371,0.15510645508766174,-3.694014549255371,0.3960781693458557
385,"Last July , the group said it intended to relocate warehouse and office space in Loudeac and Saint Marcel to Morvillars , in the east of France , where it already operates a hook manufacturing and distribution unit .",1,neutral,-1,UNPARSEABLE,"1

Instruction: What is the",0,1,Mistral-7B-v0.1-Base,fpb_decontam,-4.159181594848633,0.5686951875686646,-5.315431594848633,0.17894788086414337,-4.971681594848633,0.25235697627067566
386,"The total delivery volume of paper businesses in 2010 was 1,155,000 tonnes , up from 1,132,000 tonnes in 2009 .",2,positive,-1,UNPARSEABLE,"1

## Explanation",0,1,Mistral-7B-v0.1-Base,fpb_decontam,-4.323885917663574,0.2831884026527405,-4.448885917663574,0.24991288781166077,-3.823885917663574,0.46689873933792114
387,"CapMan 's first real estate fund , which had a total investment capacity of ( EURO ) 500 million and closed in June 2005 , invested in commercial properties in the Helsinki metropolitan area .",1,neutral,-1,UNPARSEABLE,"1

## Explanation",0,1,Mistral-7B-v0.1-Base,fpb_decontam,-4.372088432312012,0.49810025095939636,-5.122088432312012,0.2352859079837799,-4.997088432312012,0.2666138708591461
388,"Theodosopoulos said Tellabs could be of value to Nokia Siemens or Nortel given its `` leading supply status '' with Verizon , along with high-growth products .",2,positive,-1,UNPARSEABLE,"1

## Explanation",0,1,Mistral-7B-v0.1-Base,fpb_decontam,-5.085286617279053,0.4171452820301056,-5.866536617279053,0.19098302721977234,-5.147786617279053,0.39187172055244446
389,"The order comprises four ball mills , which will be organized in two different streams for treating ore in the Pilanesberg platinum mine .",1,neutral,-1,UNPARSEABLE,"1

## Explanation",0,1,Mistral-7B-v0.1-Base,fpb_decontam,-3.711725950241089,0.49065476655960083,-4.399226188659668,0.2467166632413864,-4.336726188659668,0.2626285254955292
390,"In the second quarter of 2010 , the company 's net profit was EUR1 .7 m compared to a net loss of EUR1 .3 m in April-June 2009 .",2,positive,-1,UNPARSEABLE,"1

Instructions: What is",0,1,Mistral-7B-v0.1-Base,fpb_decontam,-4.444278717041016,0.3090120851993561,-4.819278717041016,0.21238069236278534,-4.006778717041016,0.47860726714134216
391,Exports grew 16.5 percent to 19.1 million liters .,2,positive,-1,UNPARSEABLE,"1

## Explanation",0,1,Mistral-7B-v0.1-Base,fpb_decontam,-4.088253021240234,0.3309946656227112,-4.838253021240234,0.15635079145431519,-3.6507530212402344,0.5126545429229736
392,"The refining margin for the year was $ 13.39 - bbl , compared to $ 10.46 - bbl in the prior year .",2,positive,-1,UNPARSEABLE,"1

## Explanation",0,1,Mistral-7B-v0.1-Base,fpb_decontam,-4.022589206695557,0.3995474874973297,-4.710089206695557,0.20090508460998535,-4.022589206695557,0.3995474874973297
393,Operating result including non-recurring items rose to EUR 146mn from a loss of EUR 267mn in 2009 .,2,positive,-1,UNPARSEABLE,"1

## Explanation",0,1,Mistral-7B-v0.1-Base,fpb_decontam,-4.865245342254639,0.1850912719964981,-5.240245342254639,0.12721124291419983,-3.5527453422546387,0.6876974701881409
394,"Ruukki 's delivery includes steel structures , including installation , for Krakeroy bascule bridge and steel piles for the bridge foundations .",1,neutral,-1,UNPARSEABLE,"1

## Explanation",0,1,Mistral-7B-v0.1-Base,fpb_decontam,-4.624079704284668,0.372122198343277,-4.999079704284668,0.25575560331344604,-4.624079704284668,0.372122198343277
395,"Poyry is a global consulting and engineering firm focusing on the energy , forest industry and infrastructure & environment sectors .",1,neutral,-1,UNPARSEABLE,0.000000,0,1,Mistral-7B-v0.1-Base,fpb_decontam,-4.509267330169678,0.44753798842430115,-4.821767330169678,0.3274257779121399,-5.196767330169678,0.22503623366355896
396,"However , the company saw its net profit for the third quarter down to EUR 1.4 million from EUR 1.5 million for the corresponding period of 2009 .",0,negative,-1,UNPARSEABLE,"1

Instructions: What is",0,1,Mistral-7B-v0.1-Base,fpb_decontam,-3.7435035705566406,0.7966905236244202,-5.431003570556641,0.14737293124198914,-6.399753570556641,0.05593645200133324
397,The value of the order is about EUR 30mn .,1,neutral,-1,UNPARSEABLE,"0.0

## Description",0,1,Mistral-7B-v0.1-Base,fpb_decontam,-4.117478847503662,0.3834606111049652,-4.304978847503662,0.31790003180503845,-4.367478847503662,0.2986394166946411
398,- Net sales for the period are expected to fall well below that of last year and the result after non-recurring items is expected to be in the red .,0,negative,-1,UNPARSEABLE,"1

Instructions: What is",0,1,Mistral-7B-v0.1-Base,fpb_decontam,-2.498366355895996,0.9528604745864868,-5.967116355895996,0.029687276110053062,-6.498366355895996,0.01745224930346012
399,"The company 's transportation business is conducted through Florida Rock & Tank Lines , which is a Southeastern transportation company concentrating in the hauling by motor carrier of liquid and dry bulk commodities .",1,neutral,-1,UNPARSEABLE,"1

## Explanation",0,1,Mistral-7B-v0.1-Base,fpb_decontam,-4.644384860992432,0.46432119607925415,-4.831884860992432,0.38493582606315613,-5.769384860992432,0.1507430225610733
400,Ponsse projects the forest machine markets to improve more than expected in 2010 from the previous year .,2,positive,-1,UNPARSEABLE,"1

## Explanation",0,1,Mistral-7B-v0.1-Base,fpb_decontam,-4.521054744720459,0.1503029316663742,-4.646054744720459,0.13264188170433044,-2.958554744720459,0.7170552015304565
401,"Profitability ( EBIT % ) was 13.9 % , compared to 13.1 % in the previous-year period .",2,positive,-1,UNPARSEABLE,"1

## Explanation",0,1,Mistral-7B-v0.1-Base,fpb_decontam,-4.562525272369385,0.20975326001644135,-4.937525272369385,0.1441611796617508,-3.4375252723693848,0.6460855603218079
402,The financial details of the acquisition were not disclosed .,1,neutral,-1,UNPARSEABLE,0.000000,0,1,Mistral-7B-v0.1-Base,fpb_decontam,-2.9732954502105713,0.6202038526535034,-3.5982954502105713,0.3319711983203888,-5.535795211791992,0.04782499372959137
403,"Established in 1987 , the SRV Group is a private Finnish construction concern with operations in Finland , the Baltic countries and Russia .",1,neutral,-1,UNPARSEABLE,"1

Instruction: What is the",0,1,Mistral-7B-v0.1-Base,fpb_decontam,-4.1368207931518555,0.4810248017311096,-4.5118207931518555,0.3306032121181488,-5.0743207931518555,0.18837201595306396
404,"The cost of the deal could range from 70 million to 90 million euros depending on the financial results of the two companies in 2008 , the statement says .",1,neutral,-1,UNPARSEABLE,"1

Instructions: What is",0,1,Mistral-7B-v0.1-Base,fpb_decontam,-3.820213794708252,0.5742128491401672,-4.695213794708252,0.2393675297498703,-4.945213794708252,0.18641962110996246
405,"These include software development for internet and mobile telephone content , communications , value-added software , financial services , security applications , systems integration and electronics .",1,neutral,-1,UNPARSEABLE,"1

## Explanation",0,1,Mistral-7B-v0.1-Base,fpb_decontam,-4.378415107727051,0.4598504602909088,-4.565915107727051,0.381229430437088,-5.440915107727051,0.1589200794696808
406,"Since the registration of the shares subscribed in a directed share issue , the new number of Panostaja shares and voting rights is 41,733,110 .",1,neutral,-1,UNPARSEABLE,"0

## Description

This",0,1,Mistral-7B-v0.1-Base,fpb_decontam,-4.361661434173584,0.346921443939209,-4.361661434173584,0.346921443939209,-4.486661434173584,0.30615711212158203
407,"Erkki Jarvinen , President of Rautakirja and the head of the Sanoma Trade division , will leave his current tasks in spring 2009 for a similar position outside the Sanoma Group .",1,neutral,-1,UNPARSEABLE,0.000000,0,1,Mistral-7B-v0.1-Base,fpb_decontam,-4.274237632751465,0.5053035020828247,-4.899237632751465,0.2704694867134094,-5.086737632751465,0.22422707080841064
408,The operating margin came down to 2.4 % from 5.7 % .,0,negative,-1,UNPARSEABLE,"1

## Explanation",0,1,Mistral-7B-v0.1-Base,fpb_decontam,-2.6991701126098633,0.9656467437744141,-6.324170112609863,0.025733614340424538,-7.417920112609863,0.008619681000709534
409,"Suominen Corporation estimates that the cost-cutting program that started in autumn 2005 , higher sales prices , and expected growth in volume of Wet Wipes , will make the company 's operations more profitable .",2,positive,-1,UNPARSEABLE,"1

Instructions: What is",0,1,Mistral-7B-v0.1-Base,fpb_decontam,-4.6907734870910645,0.29747867584228516,-5.1907734870910645,0.18042995035648346,-4.1282734870910645,0.5220913887023926
410,"Cohen & Steers , Inc. : 5 534 626 shares representing 4.985 % of the share capital and voting rights .",1,neutral,-1,UNPARSEABLE,0.000000,0,1,Mistral-7B-v0.1-Base,fpb_decontam,-4.4032487869262695,0.5374583601951599,-5.2782487869262695,0.22404596209526062,-5.2157487869262695,0.23849569261074066
411,"Operating profit margin was 8.3 % , compared to 11.8 % a year earlier .",0,negative,-1,UNPARSEABLE,"1

## Explanation",0,1,Mistral-7B-v0.1-Base,fpb_decontam,-2.4544103145599365,0.9246838688850403,-5.329410552978516,0.05216708406805992,-6.141910552978516,0.023149004206061363
412,"The major breweries increased their domestic beer sales by 4.5 per cent last year , to 256.88 million litres from 245.92 million litres in 2004 .",2,positive,-1,UNPARSEABLE,"1

## Explanation",0,1,Mistral-7B-v0.1-Base,fpb_decontam,-4.201416969299316,0.39868566393852234,-5.013916969299316,0.17691567540168762,-4.138916969299316,0.42439866065979004
413,"The total scope of the project is about 38,000 square metres and it is valued at a total of around EUR75m .",1,neutral,-1,UNPARSEABLE,0.000000,0,1,Mistral-7B-v0.1-Base,fpb_decontam,-3.723928451538086,0.45949265360832214,-4.286428451538086,0.2618109881877899,-4.223928451538086,0.2786963880062103
414,"Both operating profit and net sales for the six-month period increased , respectively from EUR0 .4 m and EUR3 .2 m , as compared to the corresponding period in 2005 .",2,positive,-1,UNPARSEABLE,"1

Instructions: What is",0,1,Mistral-7B-v0.1-Base,fpb_decontam,-4.883988857269287,0.43785369396209717,-5.477738857269287,0.241805762052536,-5.196488857269287,0.3203406035900116
415,Return on equity stood at 18.3 % compared to 15.4 % in the third quarter of 2005 .,2,positive,-1,UNPARSEABLE,"1

## Explanation",0,1,Mistral-7B-v0.1-Base,fpb_decontam,-4.633765697479248,0.2150537222623825,-5.196265697479248,0.12253393232822418,-3.508765459060669,0.6624122858047485
416,"London 's leading shares today jumped almost 100 points , or 1.7 % , as the market opened .",2,positive,-1,UNPARSEABLE,"1

Instructions: What is",0,1,Mistral-7B-v0.1-Base,fpb_decontam,-5.00713586807251,0.20580291748046875,-5.25713586807251,0.16027948260307312,-3.8821358680725098,0.6339176297187805
417,"The airline estimated that the cancellation of its flights due to the closure of European airspace , and the process of recommencing traffic , have caused a the company a loss of EUR20m , including the costs of stranded passengers ' accommodation .",0,negative,-1,UNPARSEABLE,"1

Instructions: What is",0,1,Mistral-7B-v0.1-Base,fpb_decontam,-4.068102836608887,0.6640431880950928,-5.474352836608887,0.16273078322410583,-5.411852836608887,0.1732260286808014
418,"Okmetic closed its plant in Espoo in early 2004 , and all production lines from the site were moved to Okmetic 's plants in Vantaa , Finland and Texas , USA .",1,neutral,-1,UNPARSEABLE,"1

Instruction: What is the",0,1,Mistral-7B-v0.1-Base,fpb_decontam,-4.170051574707031,0.5254471302032471,-4.795051574707031,0.28125160932540894,-5.170051574707031,0.1933012157678604
419,"Making matters more difficult , the company said it has been grappling with higher oil and gas prices , which have pushed up the cost of energy , raw materials and transportation .",0,negative,-1,UNPARSEABLE,"1

Instructions: What is",0,1,Mistral-7B-v0.1-Base,fpb_decontam,-3.5184059143066406,0.784940779209137,-5.362155914306641,0.12419568002223969,-5.674655914306641,0.09086349606513977
420,Return on investment was 16.6 % compared to 15.8 % in 2004 .,2,positive,-1,UNPARSEABLE,"1

## Explanation",0,1,Mistral-7B-v0.1-Base,fpb_decontam,-4.560502529144287,0.1961987316608429,-5.060502529144287,0.11900053173303604,-3.310502529144287,0.6848008036613464
421,"BAVARIA Industriekapital AG 's 2006 revenues were EUR 333 million , with an EBITDA of EUR 51 million .",1,neutral,-1,UNPARSEABLE,0.000000,0,1,Mistral-7B-v0.1-Base,fpb_decontam,-4.59089469909668,0.45949265360832214,-5.15339469909668,0.2618109881877899,-5.09089469909668,0.2786963880062103
422,The value of the deal has not been disclosed .,1,neutral,-1,UNPARSEABLE,0,0,1,Mistral-7B-v0.1-Base,fpb_decontam,-4.064316749572754,0.4460514783859253,-3.939316511154175,0.5054426789283752,-6.283066749572754,0.04850585013628006
423,"The facility will be used to refinance Citycon 's existing credit facility , the company said .",1,neutral,-1,UNPARSEABLE,"1

## Explanation",0,1,Mistral-7B-v0.1-Base,fpb_decontam,-4.105710506439209,0.5254471302032471,-4.730710506439209,0.28125160932540894,-5.105710506439209,0.1933012157678604
424,"In addition to the Tulikivi Corporation , he is also currently a member of the Board of the following companies : Altia Corporation , J+ñrvi-Suomen Portti Osuuskunta , Osuuskunta KPY , Profile Vehicles Oy and Voimatel Oy .",1,neutral,-1,UNPARSEABLE,"1

## Explanation",0,1,Mistral-7B-v0.1-Base,fpb_decontam,-4.394898414611816,0.4673846364021301,-4.957398414611816,0.2663077116012573,-4.957398414611816,0.2663077116012573
425,"The earnings per share for the quarter came in at 0.25 eur , up from the 0.20 eur of the same quarter a year earlier .",2,positive,-1,UNPARSEABLE,"0.25 eur , up",0,1,Mistral-7B-v0.1-Base,fpb_decontam,-3.9056894779205322,0.2904997169971466,-4.280689239501953,0.1996573954820633,-3.3431894779205322,0.5098429322242737
426,"Markets had been expecting a poor performance , and the company 's stock was up 6 percent at  x20ac 23.89 US$ 33.84 in early afternoon trading in Helsinki .",2,positive,-1,UNPARSEABLE,"1

## Explanation",0,1,Mistral-7B-v0.1-Base,fpb_decontam,-2.4114370346069336,0.5617016553878784,-4.161437034606934,0.09760910272598267,-2.9114370346069336,0.3406892716884613
427,The acquisition will have an immediate positive impact on Aspocomp 's financial result .,2,positive,-1,UNPARSEABLE,"1

## Explanation",0,1,Mistral-7B-v0.1-Base,fpb_decontam,-6.130926132202148,0.03192587196826935,-6.037176132202148,0.03506371006369591,-2.7559263706207275,0.9330105185508728
428,"The period 's sales dropped to EUR 30.6 million from EUR 38.3 million , according to the interim report , released today .",0,negative,-1,UNPARSEABLE,"1

Instructions: What is",0,1,Mistral-7B-v0.1-Base,fpb_decontam,-3.2544164657592773,0.9217813014984131,-6.098166465759277,0.05365410074591637,-6.879416465759277,0.02456463873386383
429,Related links : Flexiblebaseloadoperation TheWartsila32generating set Gasconversions This is the shorter of two versions of this press release .,1,neutral,-1,UNPARSEABLE,"1

Instruction: What is the",0,1,Mistral-7B-v0.1-Base,fpb_decontam,-4.530838966369629,0.4499334990978241,-5.155838966369629,0.24083206057548523,-4.905838966369629,0.30923447012901306
430,The closing of such transaction took place today .,1,neutral,-1,UNPARSEABLE,"1

## Explanation",0,1,Mistral-7B-v0.1-Base,fpb_decontam,-3.4879660606384277,0.5333999991416931,-4.050466060638428,0.3039221465587616,-4.675466060638428,0.1626777946949005
431,Last year 's net sales rose to EUR 68.3 million from EUR 62.2 million .,2,positive,-1,UNPARSEABLE,"1

## Explanation",0,1,Mistral-7B-v0.1-Base,fpb_decontam,-4.873553276062012,0.19181467592716217,-4.748553276062012,0.21735452115535736,-3.7485532760620117,0.5908308029174805
432,Unit costs for flight operations fell by 6.4 percent .,2,positive,-1,UNPARSEABLE,"1

## Explanation",0,1,Mistral-7B-v0.1-Base,fpb_decontam,-3.213752269744873,0.3884838819503784,-4.213752269744873,0.14291521906852722,-3.026252269744873,0.4686009883880615
433,"In a release on Oct. 28 , Peab said the two businesses will continue to be conducted under the brands Cliffton and Stockholm Entreprenad , both part of the Peab Group .",1,neutral,-1,UNPARSEABLE,"1

Instruction: What is the",0,1,Mistral-7B-v0.1-Base,fpb_decontam,-4.381648063659668,0.48175516724586487,-4.819148063659668,0.31104451417922974,-5.225398063659668,0.2072003185749054
434,HELSINKI AFX - Outokumpu said its technology unit has won a 28 mln eur contract from Bosnia-Herzegovina 's Aluminij dd Mostar to upgrade an anode plant .,2,positive,-1,UNPARSEABLE,"1

Instructions: What is",0,1,Mistral-7B-v0.1-Base,fpb_decontam,-4.292356967926025,0.5122627019882202,-5.167356967926025,0.2135428637266159,-4.917356967926025,0.27419447898864746
435,The trade is in accordance with the agreement announced on 26 March 2008 .,1,neutral,-1,UNPARSEABLE,"1

## Explanation",0,1,Mistral-7B-v0.1-Base,fpb_decontam,-3.954174041748047,0.4077838361263275,-4.079174041748047,0.35986799001693726,-4.516674041748047,0.2323482185602188
436,"Honkarakenne also decided yesterday to sell 88,500 of its B-series shares to key staff members for EUR 2.90 per share .",1,neutral,-1,UNPARSEABLE,"1

## Explanation",0,1,Mistral-7B-v0.1-Base,fpb_decontam,-3.6605305671691895,0.5254471898078918,-4.6605305671691895,0.1933012306690216,-4.2855305671691895,0.28125160932540894
437,"CapMan Plc Press Release 31 March 2008 Jukka Ruuska , President of the OMX Nordic Exchanges and the Stockholm Stock Exchange , will transfer to CapMan effective no later than September 2008 .",1,neutral,-1,UNPARSEABLE,0.000000,0,1,Mistral-7B-v0.1-Base,fpb_decontam,-4.256950378417969,0.4607432186603546,-5.194450378417969,0.1804296374320984,-4.506950378417969,0.3588271737098694
438,"JP Morgan expects that Scala will lower Nobel Biocare 's growth forecast for 2007 from the current guidance of 23-25 pct , as well as the operating margin target from the current 34-35 pct .",0,negative,-1,UNPARSEABLE,"1

Instructions: What is",0,1,Mistral-7B-v0.1-Base,fpb_decontam,-3.589005470275879,0.8589218854904175,-6.120255470275879,0.0683354064822197,-6.057755470275879,0.07274265587329865
439,A meeting of Glisten shareholders to vote on the bid will be held on 12 March .,1,neutral,-1,UNPARSEABLE,"1

## Explanation",0,1,Mistral-7B-v0.1-Base,fpb_decontam,-3.4600119590759277,0.6138259172439575,-4.397511959075928,0.24037766456604004,-4.897511959075928,0.14579643309116364
440,"Its product portfolio comprises harvesters , forwarders , harvester heads , as well as cranes and loaders .",1,neutral,-1,UNPARSEABLE,"0

## Explanation",0,1,Mistral-7B-v0.1-Base,fpb_decontam,-3.9787540435791016,0.42884206771850586,-4.166254043579102,0.3555225729942322,-4.666254043579102,0.21563532948493958
441,Glaston 's net profit for the third quarter of 2007 dropped to 2.4 mln euro ( $ 3.5 mln ) from 3.5 mln euro ( $ 5.1 mln ) for the corresponding period of 2006 .,0,negative,-1,UNPARSEABLE,"1

Instruction: What is the",0,1,Mistral-7B-v0.1-Base,fpb_decontam,-4.044389247894287,0.7944362163543701,-5.919389247894287,0.12183074653148651,-6.294389247894287,0.0837329626083374
442,"Operating profit totalled EUR 30.2 mn , down from EUR 43.8 mn a year earlier .",0,negative,-1,UNPARSEABLE,"1

## Explanation",0,1,Mistral-7B-v0.1-Base,fpb_decontam,-2.697885513305664,0.9329403638839722,-5.697885513305664,0.04644836485385895,-6.510385513305664,0.020611336454749107
443,"Cash flow from operations totalled EUR 2.71 mn , compared to a negative EUR 0.83 mn in the corresponding period in 2008 .",2,positive,-1,UNPARSEABLE,"1

## Explanation",0,1,Mistral-7B-v0.1-Base,fpb_decontam,-5.076432228088379,0.14780421555042267,-5.451432228088379,0.10158424824476242,-3.451432466506958,0.7506115436553955
444,"The segments through which the company operates are Frozen Food business , Seafoods , Vegetable Oil business , Grain Trading and Other business operations .",1,neutral,-1,UNPARSEABLE,0.000000,0,1,Mistral-7B-v0.1-Base,fpb_decontam,-3.850675582885742,0.5098429322242737,-4.413175582885742,0.290499746799469,-4.788175582885742,0.1996573507785797
445,"Neste Oil will publish its third quarter 2008 results on Friday , 24 October 2008 at approximately 9 am ( EET ) .",1,neutral,-1,UNPARSEABLE,"0.0

## Explan",0,1,Mistral-7B-v0.1-Base,fpb_decontam,-3.256671905517578,0.5836108922958374,-4.256671905517578,0.21469847857952118,-4.319171905517578,0.20169053971767426
446,"The building will house , for example , Respecta Oy 's Jyvaskyla premises , as well as other companies to be announced later , says Samuel Koivisto , Director of Technopolis operations in Jyvaskyla .",1,neutral,-1,UNPARSEABLE,"1

Instruction: What is the",0,1,Mistral-7B-v0.1-Base,fpb_decontam,-4.6646833419799805,0.40176334977149963,-5.1646833419799805,0.24368178844451904,-4.7896833419799805,0.3545548915863037
447,"The firm 's UK head office is in Rugby Road , Lutterworth .",1,neutral,-1,UNPARSEABLE,0.000000,0,1,Mistral-7B-v0.1-Base,fpb_decontam,-4.253641605377197,0.4863179326057434,-4.566141605377197,0.35579779744148254,-5.378641605377197,0.15788431465625763
448,"However , the proportion of the paid standing orders grew in 2009 .",2,positive,-1,UNPARSEABLE,0.000000,0,1,Mistral-7B-v0.1-Base,fpb_decontam,-4.068009853363037,0.5434055924415588,-4.818009853363037,0.25668662786483765,-5.068009853363037,0.19990776479244232
449,"The company 's net profit rose 11.4 % on the year to 82.2 million euros in 2005 on sales of 686.5 million euros , 13.8 % up on the year , the company said earlier .",2,positive,-1,UNPARSEABLE,"1

Instructions: What is",0,1,Mistral-7B-v0.1-Base,fpb_decontam,-4.413556098937988,0.44421398639678955,-5.163556098937988,0.2098318338394165,-4.663556098937988,0.34595420956611633
450,Construction is scheduled to start in April-June 2007 and to be completed in early 2008 .,1,neutral,-1,UNPARSEABLE,0.000000,0,1,Mistral-7B-v0.1-Base,fpb_decontam,-3.658916473388672,0.3834606111049652,-3.846416473388672,0.31790003180503845,-3.908916473388672,0.2986394166946411
451,"Finland 's Technopolis is planning to bring the first section of a technopark on stream in St. Petersburg at the end of 2008 , Kari Mikkonen , vice president of Technopolis , told reporters in Helsinki .",1,neutral,-1,UNPARSEABLE,"1

Instruction: What is the",0,1,Mistral-7B-v0.1-Base,fpb_decontam,-4.511241912841797,0.40176334977149963,-4.636241912841797,0.3545548915863037,-5.011241912841797,0.24368178844451904
452,"- The Group -¦ s profit before taxes was EUR 0,2 7,8 million .",1,neutral,-1,UNPARSEABLE,"0.0

## Explan",0,1,Mistral-7B-v0.1-Base,fpb_decontam,-3.6861138343811035,0.6846262216567993,-5.1236138343811035,0.16261298954486847,-5.1861138343811035,0.15276075899600983
453,"Both operating profit and turnover for the six-month period increased , respectively , from EUR17 .6 m and EUR1149 .9 m , as compared to the corresponding period in 2007 .",2,positive,-1,UNPARSEABLE,"1

Instructions: What is",0,1,Mistral-7B-v0.1-Base,fpb_decontam,-4.931894779205322,0.39443665742874146,-5.556894779205322,0.21112672984600067,-4.931894779205322,0.39443665742874146
454,"Currently it operates a fleet of eight carriers , as well as nine pushers and barges .",1,neutral,-1,UNPARSEABLE,0.000000,0,1,Mistral-7B-v0.1-Base,fpb_decontam,-4.103168487548828,0.5122631788253784,-4.603168487548828,0.3107033371925354,-5.165668487548828,0.1770334392786026
455,"Dealers said the share was largely hit by investor disappointment about a refining margin of just 9.48 usd per barrel for the quarter and the performance of its shipping unit , which saw EBIT drop to 5 mln eur from 20 mln eur a year amid a fall in volumes and tanker rates .",0,negative,-1,UNPARSEABLE,"1

Instructions: What is",0,1,Mistral-7B-v0.1-Base,fpb_decontam,-3.527397632598877,0.7773210406303406,-5.339897632598877,0.12689417600631714,-5.621147632598877,0.0957847461104393
456,Stora Enso will receive a 19.9 pct equity interest in the combined company .,1,neutral,-1,UNPARSEABLE,"1

## Explanation",0,1,Mistral-7B-v0.1-Base,fpb_decontam,-3.699186325073242,0.5137218236923218,-4.511686325073242,0.2279626727104187,-4.386686325073242,0.2583155333995819
457,"Ragutis , which is controlled by the Finnish brewery , reported a 5.4-per-cent rise in beer sales to 10.44 million litres and held an 11.09-per-cent market share .",2,positive,-1,UNPARSEABLE,"1

Instructions: What is",0,1,Mistral-7B-v0.1-Base,fpb_decontam,-4.65378475189209,0.41360628604888916,-5.27878475189209,0.22138750553131104,-4.77878475189209,0.3650062680244446
458,The energy shot is packed in a 100-millilitre bag with a screw cap .,1,neutral,-1,UNPARSEABLE,"1

## Explanation",0,1,Mistral-7B-v0.1-Base,fpb_decontam,-3.435302495956421,0.5033612847328186,-3.997802495956421,0.286806583404541,-4.310302734375,0.20983214676380157
459,"` Nordea 's definitely too big for Sampo to acquire , ' said an analyst ` But Sampo would appear to have an agenda for Nordea ahead of the privatisation .",1,neutral,-1,UNPARSEABLE,"1

Instruction: What is the",0,1,Mistral-7B-v0.1-Base,fpb_decontam,-4.183600902557373,0.5564771294593811,-5.308600902557373,0.18066167831420898,-4.933600902557373,0.2628611922264099
460,"Thus the group 's balance sheet will have about EUR25 .8 m in goodwill for 2010 , the company added .",1,neutral,-1,UNPARSEABLE,"1

Instructions: What is",0,1,Mistral-7B-v0.1-Base,fpb_decontam,-4.449139595031738,0.4896801710128784,-5.011639595031738,0.2790113389492035,-5.199139595031738,0.23130853474140167
461,The report contains category level company and brand share as well as distribution share information for 2007 and 2008 .,1,neutral,-1,UNPARSEABLE,0.000000,0,1,Mistral-7B-v0.1-Base,fpb_decontam,-3.5340871810913086,0.5004663467407227,-4.034087181091309,0.3035481870174408,-4.471587181091309,0.19598543643951416
462,"The latest result included per-share charges of 5 cents for stock compensation , 1 cent for research and development and 1 cent for strategic investments .",1,neutral,-1,UNPARSEABLE,"1

## Explanation",0,1,Mistral-7B-v0.1-Base,fpb_decontam,-3.574230909347534,0.575640082359314,-4.636730670928955,0.19893595576286316,-4.511730670928955,0.22542394697666168
463,`` Serving customers locally is one of the cornerstones of customer focus for us .,1,neutral,-1,UNPARSEABLE,0.000000,0,1,Mistral-7B-v0.1-Base,fpb_decontam,-3.843893051147461,0.458524227142334,-4.281393051147461,0.2960454821586609,-4.468893051147461,0.2454303354024887
464,The value of the order is nearly EUR400m .,1,neutral,-1,UNPARSEABLE,"0.0

## Description",0,1,Mistral-7B-v0.1-Base,fpb_decontam,-4.145116806030273,0.37475502490997314,-4.770116806030273,0.20059192180633545,-4.020116806030273,0.4246530830860138
465,Danske Bank is Denmark 's largest bank with 3.5 million customers .,1,neutral,-1,UNPARSEABLE,0.000000,0,1,Mistral-7B-v0.1-Base,fpb_decontam,-4.05771017074585,0.5293165445327759,-4.93271017074585,0.22065196931362152,-4.80771017074585,0.250031441450119
466,"Operating profit was EUR 11.4 mn , up from EUR 7.5 mn .",2,positive,-1,UNPARSEABLE,"1

## Explanation",0,1,Mistral-7B-v0.1-Base,fpb_decontam,-4.913218021392822,0.10650697350502014,-4.913218021392822,0.10650697350502014,-2.9132180213928223,0.7869859933853149
467,`` They want my credit card info and my personal details .,1,neutral,-1,UNPARSEABLE,0.000000,0,1,Mistral-7B-v0.1-Base,fpb_decontam,-2.5339395999908447,0.7962677478790283,-4.283939361572266,0.1383706033229828,-5.033939361572266,0.06536165624856949
468,"Jarmo Honkamaa , head of the oil refining business at Neste Oil , says the situation looks promising from their viewpoint .",2,positive,-1,UNPARSEABLE,"1

## Explanation",0,1,Mistral-7B-v0.1-Base,fpb_decontam,-4.909004211425781,0.18213799595832825,-4.909004211425781,0.18213799595832825,-3.6590042114257812,0.6357240676879883
469,"in Q1 '10 19 April 2010 - Finnish forest machinery and equipment maker Ponsse Oyj HEL : PON1V said today that it expects to swing to a net profit of some EUR6 .3 m in the first quarter of 2010 , from an EUR9 .6 m loss a year earlier .",2,positive,-1,UNPARSEABLE,"1

Instructions: What is",0,1,Mistral-7B-v0.1-Base,fpb_decontam,-4.529084205627441,0.4044707715511322,-5.279084205627441,0.1910584717988968,-4.529084205627441,0.4044707715511322
470,Biohit already services many current Genesis customers and the customer base is expected to expand as a result of this agreement .,2,positive,-1,UNPARSEABLE,"1

Instructions: What is",0,1,Mistral-7B-v0.1-Base,fpb_decontam,-4.706414699554443,0.2295907884836197,-4.393914699554443,0.31381338834762573,-4.018914699554443,0.456595778465271
471,"efficiency improvement measures 20 January 2010 - Finnish stationery and gift retailer Tiimari HEL : TII1V said today that it will continue to improve its operational efficiency , by focusing on its profitable core operations .",2,positive,-1,UNPARSEABLE,"1

Instruction: What is the",0,1,Mistral-7B-v0.1-Base,fpb_decontam,-4.110828876495361,0.41360628604888916,-4.735828876495361,0.22138750553131104,-4.235828876495361,0.3650062680244446
472,Coffee will be served starting at 14:30 EET as well as after the event .,1,neutral,-1,UNPARSEABLE,"1

## Description

This",0,1,Mistral-7B-v0.1-Base,fpb_decontam,-3.4742112159729004,0.38070550560951233,-3.8492112159729004,0.2616548240184784,-3.5367112159729004,0.35763972997665405
473,Vacon recently announced plans to build its North American headquarters at 5 Business Park in Chambersburg .,1,neutral,-1,UNPARSEABLE,"1

## Explanation",0,1,Mistral-7B-v0.1-Base,fpb_decontam,-3.8257551193237305,0.4321405291557312,-4.4507551193237305,0.23130816221237183,-4.0757551193237305,0.33655136823654175
474,"Veidekke , headquartered in Oslo , Norway , is a Scandinavian construction and property development group with some 6,350 employees in Norway , Sweden and Denmark , with an annual turnover of NOK16 .4 bn .",1,neutral,-1,UNPARSEABLE,"1

Instruction: What is the",0,1,Mistral-7B-v0.1-Base,fpb_decontam,-4.551054954528809,0.4692552089691162,-5.363554954528809,0.20823073387145996,-4.926054954528809,0.3225140869617462
475,"Copper , lead and nickel also dropped ... HBOS ( HBOS ) plummeted 20 % to 70.3 pence after saying this year+ó ??",0,negative,-1,UNPARSEABLE,"1

## Explanation",0,1,Mistral-7B-v0.1-Base,fpb_decontam,-3.633909225463867,0.8340336084365845,-6.165159225463867,0.06635530292987823,-5.758909225463867,0.09961111098527908
476,Welcome !,1,neutral,-1,UNPARSEABLE,"0

Instruction: What is the",0,1,Mistral-7B-v0.1-Base,fpb_decontam,-4.713428497314453,0.09469599276781082,-3.088428497314453,0.4809059500694275,-3.213428497314453,0.4243980050086975
477,"Due to rapid expansion , the market share of Tallink in terms of passenger carriage through Tallinna Sadam Port of Tallinn totaled 55 percent in November against 45.7 percent in November 2005 .",2,positive,-1,UNPARSEABLE,"1

Instructions: What is",0,1,Mistral-7B-v0.1-Base,fpb_decontam,-4.2435455322265625,0.4289969801902771,-5.1810455322265625,0.16799762845039368,-4.3060455322265625,0.4030053913593292
478,25 November 2010 - Finnish paints and coatings company Tikkurila Oyj ( HEL : TIK1V ) said today that Finnish state-owned investment company Solidium Oy sold its 14.7 % stake in the company for a total of EUR98m .,1,neutral,-1,UNPARSEABLE,"1

Instruction: What is the",0,1,Mistral-7B-v0.1-Base,fpb_decontam,-3.6269540786743164,0.562635600566864,-4.814454078674316,0.17159414291381836,-4.376954078674316,0.2657702565193176
479,"Operating profit totalled EUR 21.1 mn , up from EUR 18.6 mn in 2007 , representing 9.7 % of net sales .",2,positive,-1,UNPARSEABLE,"1

Instructions: What is",0,1,Mistral-7B-v0.1-Base,fpb_decontam,-4.539463520050049,0.2877883017063141,-5.039463520050049,0.17455242574214935,-3.914463520050049,0.5376593470573425
480,There have not been previous share subscriptions with 2004 stock options .,1,neutral,-1,UNPARSEABLE,"0

## Description

Sent",0,1,Mistral-7B-v0.1-Base,fpb_decontam,-3.26580810546875,0.6342815160751343,-4.20330810546875,0.24838821589946747,-4.95330810546875,0.11733029037714005
481,Clothing chain Sepp+ñl+ñ 's net sales increased by 7.0 % to EUR 30.8 mn .,2,positive,-1,UNPARSEABLE,"1

## Explanation",0,1,Mistral-7B-v0.1-Base,fpb_decontam,-4.035488128662109,0.4707230031490326,-5.097988128662109,0.16267752647399902,-4.285488128662109,0.366599440574646
482,"YIT 's Baltic sales in the first three quarters of 2008 totaled 106.2 million euros , representing a drop of 29 percent year on year .",0,negative,-1,UNPARSEABLE,"1

Instructions: What is",0,1,Mistral-7B-v0.1-Base,fpb_decontam,-3.6993746757507324,0.9140790104866028,-6.574374675750732,0.051568809896707535,-6.980624675750732,0.03435223549604416
483,"Glaston 's own glass processing unit , Tamglass Glass Processing , is a manufacturer of high quality safety glass products , and operates in Finland .",1,neutral,-1,UNPARSEABLE,0.000000,0,1,Mistral-7B-v0.1-Base,fpb_decontam,-4.542812347412109,0.48102426528930664,-5.042812347412109,0.2917559742927551,-5.292812347412109,0.22721977531909943
484,"The report goes on to provide detailed profiles of ten leading European specialty chemicals companies , and brief profiles of other major players .",1,neutral,-1,UNPARSEABLE,"1

Instruction: What is the",0,1,Mistral-7B-v0.1-Base,fpb_decontam,-4.542172908782959,0.5089112520217896,-4.917172908782959,0.34976926445961,-5.823422908782959,0.14131954312324524
485,"The contract also includes cutting and edging wagon parts at Ruukki 's steel service centres in Seinajoki and Raahe , both in southwestern Finland , from where they will be delivered to VR for welding and assembly .",1,neutral,-1,UNPARSEABLE,"1

Instruction: What is the",0,1,Mistral-7B-v0.1-Base,fpb_decontam,-4.6928019523620605,0.39853405952453613,-5.2553019523620605,0.22707785665988922,-4.7553019523620605,0.37438809871673584
486,The company reports a loss for the period of EUR 0.4 mn compared to a loss of EUR 1.9 mn in the corresponding period in 2005 .,2,positive,-1,UNPARSEABLE,"0

## Explanation",0,1,Mistral-7B-v0.1-Base,fpb_decontam,-3.6306560039520264,0.5673911571502686,-4.6931562423706055,0.1960850954055786,-4.5056562423706055,0.23652376234531403
487,"In future , the plant will focus on the production of flange profiles for wind farm towers .",1,neutral,-1,UNPARSEABLE,"1

## Explanation",0,1,Mistral-7B-v0.1-Base,fpb_decontam,-3.7856273651123047,0.5053035020828247,-4.410627365112305,0.2704694867134094,-4.598127365112305,0.22422707080841064
488,"The start of the negotiations , relating to Glaston 's efficiency program , was announced in October .",1,neutral,-1,UNPARSEABLE,"1

Instructions: What is",0,1,Mistral-7B-v0.1-Base,fpb_decontam,-3.949373722076416,0.5921953916549683,-4.699373722076416,0.2797333300113678,-5.480623722076416,0.12807124853134155
489,"Following the registration , the number of issued and outstanding shares of Basware is 12,890,829 .",1,neutral,-1,UNPARSEABLE,"0

## Explanation",0,1,Mistral-7B-v0.1-Base,fpb_decontam,-4.166567802429199,0.3434125781059265,-4.041567802429199,0.3891374468803406,-4.416567802429199,0.2674500048160553
490,The company is listed on the Nordic Exchange in Helsinki .,1,neutral,-1,UNPARSEABLE,"0.0

## Description",0,1,Mistral-7B-v0.1-Base,fpb_decontam,-3.7894539833068848,0.5316739082336426,-4.414453983306885,0.28458452224731445,-4.851953983306885,0.18374158442020416
491,"At the beginning of the subscription period on May 2 , 2006 the share subscription price under B option right is EUR 10.22 per share .",1,neutral,-1,UNPARSEABLE,"1

## Explanation",0,1,Mistral-7B-v0.1-Base,fpb_decontam,-3.943600654602051,0.4865780174732208,-4.318600654602051,0.3344198763370514,-4.943600654602051,0.1790020763874054
492,"Savon koulutuskuntayhtyma , Finland based company has awarded contract for specialist agricultural or forestry machinery .",2,positive,-1,UNPARSEABLE,"1

## Explanation",0,1,Mistral-7B-v0.1-Base,fpb_decontam,-3.4884305000305176,0.44421398639678955,-4.238430500030518,0.2098318338394165,-3.7384305000305176,0.34595420956611633
493,"Olvi , which controls a 94 percent stake in Ragutis through A. Le Coq , said in its annual report published earlier this year that the Lithuanian brewery 's sales reached 15.04 million euros last year , a rise of 20.4 percent from 12.49 million euros in 2004 .",2,positive,-1,UNPARSEABLE,"1

Instructions: What is",0,1,Mistral-7B-v0.1-Base,fpb_decontam,-5.364083290100098,0.21735452115535736,-5.489083290100098,0.19181467592716217,-4.364083290100098,0.5908308029174805
494,"Finnish IT consultancy Satama Interactive Oyj said on November 13 , 2006 that Jarmo Lonnfors took up the position of CEO .",1,neutral,-1,UNPARSEABLE,"1

Instruction: What is the",0,1,Mistral-7B-v0.1-Base,fpb_decontam,-4.065342903137207,0.44113555550575256,-4.377842903137207,0.32274165749549866,-4.690342903137207,0.23612286150455475
495,"In 2010 , Sanoma Magazines expects net sales to be at the 2009 level .",1,neutral,-1,UNPARSEABLE,"0.0

## Description",0,1,Mistral-7B-v0.1-Base,fpb_decontam,-3.9181888103485107,0.6267271637916565,-4.66818904876709,0.2960449159145355,-6.01193904876709,0.07722792029380798
496,"The business is organised , as of February 1 , 2011 , in a way that production of design services is combined into one entity , Etteplan Operations .",1,neutral,-1,UNPARSEABLE,"1

## Explanation",0,1,Mistral-7B-v0.1-Base,fpb_decontam,-3.9526798725128174,0.4970322549343109,-4.327679634094238,0.341605007648468,-5.077679634094238,0.16136278212070465
497,"The company 's profit totaled Ls 578,100 in H1 2007 , down 30.9 % year-on-year .",0,negative,-1,UNPARSEABLE,"1

## Explanation",0,1,Mistral-7B-v0.1-Base,fpb_decontam,-3.47660231590271,0.8368338346481323,-5.789102554321289,0.08285775035619736,-5.820352554321289,0.08030848205089569
498,The terms and conditions of Stock Option Scheme 2004 are available on the Group 's website .,1,neutral,-1,UNPARSEABLE,"1

## Explanation",0,1,Mistral-7B-v0.1-Base,fpb_decontam,-4.011471271514893,0.46689873933792114,-4.511471271514893,0.2831884026527405,-4.636471271514893,0.24991288781166077
499,Satama 's net sales would be higher than the year before .,2,positive,-1,UNPARSEABLE,"1

## Explanation",0,1,Mistral-7B-v0.1-Base,fpb_decontam,-4.960354804992676,0.11735960841178894,-4.960354804992676,0.11735960841178894,-3.085354804992676,0.7652807235717773
500,The new name of the Sanoma Division will be Sanoma News .,1,neutral,-1,UNPARSEABLE,"1

## Explanation",0,1,Mistral-7B-v0.1-Base,fpb_decontam,-3.69575834274292,0.5122627019882202,-4.32075834274292,0.27419447898864746,-4.57075834274292,0.2135428637266159
501,"The floor area of the Yliopistonrinne project will be 7,900 sq m 85,030 sq ft and the building 's gross area will total 12,800 sq m. A total 25.1 % of the facilities have been let .",1,neutral,-1,UNPARSEABLE,"1

## Explanation",0,1,Mistral-7B-v0.1-Base,fpb_decontam,-4.16623067855835,0.46303674578666687,-4.91623067855835,0.21872307360172272,-4.54123067855835,0.3182401955127716
502,The company expects meat purchases to remain at about 8mn kilos in 2011 .,1,neutral,-1,UNPARSEABLE,0.000000,0,1,Mistral-7B-v0.1-Base,fpb_decontam,-3.4629101753234863,0.657036304473877,-4.775410175323486,0.1768389344215393,-4.837910175323486,0.16612479090690613
503,"This could be any of us at any time , '' she said .",1,neutral,-1,UNPARSEABLE,0.000000,0,1,Mistral-7B-v0.1-Base,fpb_decontam,-4.226232051849365,0.5175046324729919,-4.601232051849365,0.3556753695011139,-5.632482051849365,0.12681996822357178
504,UPM stock fell 3 percent to EURO 12.49 $ 17.24 in early afternoon trading in Helsinki .,0,negative,-1,UNPARSEABLE,"1

## Explanation",0,1,Mistral-7B-v0.1-Base,fpb_decontam,-3.1285526752471924,0.8119321465492249,-5.316052436828613,0.09109628200531006,-5.253552436828613,0.09697149693965912
505,"Finnish IT consultancy Satama Interactive Oyj posted a net profit of 1.4 mln euro $ 2.0 mln for the first nine months of 2007 , compared to a net loss of 462,000 euro $ 664,000 for the same period of 2006 .",2,positive,-1,UNPARSEABLE,"1

Instruction: What is the",0,1,Mistral-7B-v0.1-Base,fpb_decontam,-4.850429058074951,0.1772306263446808,-5.225429058074951,0.12180870026350021,-3.475429058074951,0.7009607553482056
506,"It also includes the installation of new equipment , training and start-up services , as well as service work of the shoe press delivered by Vaahto in 2001 .",1,neutral,-1,UNPARSEABLE,0.000000,0,1,Mistral-7B-v0.1-Base,fpb_decontam,-4.16689920425415,0.41246482729911804,-4.60439920425415,0.2663072943687439,-4.41689920425415,0.32122793793678284
507,The company said that sales in the three months to the end of March slid to EUR86 .4 m US$ 113.4 m from EUR91 .2 m last year .,0,negative,-1,UNPARSEABLE,"1

Instructions: What is",0,1,Mistral-7B-v0.1-Base,fpb_decontam,-4.164786338806152,0.7387296557426453,-5.727286338806152,0.15484614670276642,-6.102286338806152,0.10642410814762115
508,"An  of the invention , released by the Patent Office , said : `` A non-coherent search matrix is formed of said correlation function matrix .",1,neutral,-1,UNPARSEABLE,"1

## Explanation",0,1,Mistral-7B-v0.1-Base,fpb_decontam,-1.7753926515579224,0.6138259172439575,-3.212892532348633,0.14579644799232483,-2.712892532348633,0.24037770926952362
509,"Operating profit , excluding non-recurring items , totalled EUR 1.0 mn , down from EUR 1.6 mn .",0,negative,-1,UNPARSEABLE,"0.0

## Description",0,1,Mistral-7B-v0.1-Base,fpb_decontam,-3.309171199798584,0.8580347895622253,-5.559171199798584,0.09043619781732559,-6.121671199798584,0.051528993993997574
510,"The company was supposed to deliver machinery to a veneer mill in the Tomsk region , in Russia .",1,neutral,-1,UNPARSEABLE,"1

## Explanation",0,1,Mistral-7B-v0.1-Base,fpb_decontam,-3.190143346786499,0.6954969167709351,-4.565143585205078,0.17584910988807678,-4.877643585205078,0.12865395843982697
511,The company 's board of directors would propose a dividend of EUR1 .00 per share for 2005 .,1,neutral,-1,UNPARSEABLE,"1

## Explanation",0,1,Mistral-7B-v0.1-Base,fpb_decontam,-4.11942195892334,0.48296982049942017,-4.74442195892334,0.2585151195526123,-4.74442195892334,0.2585151195526123
512,Sunrise Resources operates in Russian near-shore development markets through its wholly-owned Russian subsidiary and has 80 % of its personnel in Russia .,1,neutral,-1,UNPARSEABLE,0.000000,0,1,Mistral-7B-v0.1-Base,fpb_decontam,-3.9639601707458496,0.5603052377700806,-4.96396017074585,0.20612479746341705,-4.83896017074585,0.23356996476650238
513,"( ADP News ) - Feb 12 , 2009 - Finnish construction company Lemminkainen Oyj ( HEL : LEM1S ) said today its net profit decreased to EUR 63.5 million ( USD 81.1 m ) for 2008 from EUR 80.6 million for 2007 .",0,negative,-1,UNPARSEABLE,"1

Instruction: What is the",0,1,Mistral-7B-v0.1-Base,fpb_decontam,-3.335841655731201,0.8214979767799377,-5.398341655731201,0.10444173961877823,-5.742091655731201,0.07406028360128403
514,Nokia was up 0.12 pct to 16.70 eur after kicking off the morning in negative territory .,2,positive,-1,UNPARSEABLE,"1

## Explanation",0,1,Mistral-7B-v0.1-Base,fpb_decontam,-3.920681953430176,0.4824824035167694,-4.483181953430176,0.27491018176078796,-4.608181953430176,0.24260738492012024
515,The group reiterated its forecast that handset manufacturers will sell around 915 mln units this year globally .,1,neutral,-1,UNPARSEABLE,"1

## Explanation",0,1,Mistral-7B-v0.1-Base,fpb_decontam,-4.066235065460205,0.5387096405029297,-4.628735065460205,0.3069474995136261,-5.316235065460205,0.1543429046869278
516,The contract will take effect in 2009 for a five or ten year period .,1,neutral,-1,UNPARSEABLE,"1

## Explanation",0,1,Mistral-7B-v0.1-Base,fpb_decontam,-3.819444179534912,0.5434055924415588,-4.569444179534912,0.25668662786483765,-4.819444179534912,0.19990776479244232
517,"Raute reported a loss per share of EUR0 .86 for the first half of 2009 , against EPS of EUR0 .74 in the corresponding period of 2008 .",0,negative,-1,UNPARSEABLE,"0.86

## Ex",0,1,Mistral-7B-v0.1-Base,fpb_decontam,-3.641185760498047,0.8425053358078003,-5.828685760498047,0.09452646970748901,-6.234935760498047,0.06296820938587189
518,"industry in Asia +ó Pakistan , Malaysia , Taiwan and Philippines Today , Global Research & Data Services is going to publish several market analyses about the cement markets in Asia .",1,neutral,-1,UNPARSEABLE,"1

## Explanation",0,1,Mistral-7B-v0.1-Base,fpb_decontam,-3.8624958992004395,0.6109981536865234,-5.2687458992004395,0.14973154664039612,-4.7999958992004395,0.23927029967308044
519,"This action follows personnel negotiations concerning Elcoteq SE , Finnish Branch , Elcoteq Finland Oy and Elcoteq Design Center Oy .",1,neutral,-1,UNPARSEABLE,0.000000,0,1,Mistral-7B-v0.1-Base,fpb_decontam,-3.4155261516571045,0.6256137490272522,-4.478026390075684,0.21620629727840424,-4.790526390075684,0.1581798940896988
520,"In addition to verification of an identity and digital signatures , new state-approved Mobile ID enables to cast votes in elections as well .",1,neutral,-1,UNPARSEABLE,"1

## Explanation",0,1,Mistral-7B-v0.1-Base,fpb_decontam,-4.522851943969727,0.40597084164619446,-4.835351943969727,0.29701459407806396,-4.835351943969727,0.29701459407806396
521,"The acquired business main asset is a mobile authentication and signing solution , branded as Tectia MobileID , which provides authentication to web e-mail , SSL-VPN , MS SharePoint , Tectia Secure Solutions and other applications and resources .",1,neutral,-1,UNPARSEABLE,"1

Instructions: What is",0,1,Mistral-7B-v0.1-Base,fpb_decontam,-4.532623767852783,0.5298028588294983,-5.345123767852783,0.23509858548641205,-5.345123767852783,0.23509858548641205
522,Operating profit fell to EUR 6.2 mn from EUR 8.5 mn in the third quarter of 2007 .,0,negative,-1,UNPARSEABLE,"0.0

## Explan",0,1,Mistral-7B-v0.1-Base,fpb_decontam,-2.9765725135803223,0.8732384443283081,-5.539072513580322,0.06733691692352295,-5.664072513580322,0.05942462384700775
523,The fair value of the company 's investment properties grew to EUR 2.803 billion at the end of March 2009 from EUR 2.691 million a year ago .,2,positive,-1,UNPARSEABLE,"1

Instructions: What is",0,1,Mistral-7B-v0.1-Base,fpb_decontam,-4.331247806549072,0.3405274450778961,-4.893747806549072,0.19402669370174408,-4.018747806549072,0.465445876121521
524,"In addition , the Kazakh delegation will visit Finland 's SITRA investment fund , Honkarakenne Ltd and Nokia headquarters to study TeliaSonera Ltd JSC 's activities .",1,neutral,-1,UNPARSEABLE,"1

Instructions: What is",0,1,Mistral-7B-v0.1-Base,fpb_decontam,-4.977495193481445,0.416581928730011,-5.258745193481445,0.31445252895355225,-5.414995193481445,0.2689655125141144
525,The bond has a value of EUR150m and a maturity of 4 years .,1,neutral,-1,UNPARSEABLE,"0.0

## Description",0,1,Mistral-7B-v0.1-Base,fpb_decontam,-4.17033576965332,0.458524227142334,-4.79533576965332,0.2454303354024887,-4.60783576965332,0.2960454821586609
526,"At first , Solteq 's services to companies operating in the St. Petersburg area will include maintenance and material management systems and data collection solutions .",1,neutral,-1,UNPARSEABLE,1,0,1,Mistral-7B-v0.1-Base,fpb_decontam,-4.362569332122803,0.4763049781322479,-4.675069332122803,0.34847214818000793,-5.362569332122803,0.17522282898426056
527,"The approximately 20,000 dwt vessel has been ordered from India .",1,neutral,-1,UNPARSEABLE,"1

Instruction: What is the",0,1,Mistral-7B-v0.1-Base,fpb_decontam,-3.9737648963928223,0.4721401631832123,-4.411264896392822,0.30483660101890564,-4.723764896392822,0.22302323579788208
528,Both the net sales and operating profit were record high in the company 's history .,2,positive,-1,UNPARSEABLE,"1

## Explanation",0,1,Mistral-7B-v0.1-Base,fpb_decontam,-5.720745086669922,0.03534627705812454,-5.314495086669922,0.053061045706272125,-2.4707448482513428,0.9115926623344421
529,"In 2009 , Fiskars ' cash flow from operating activities amounted to EUR121m , up from EUR97m in the previous year .",2,positive,-1,UNPARSEABLE,"1

## Explanation",0,1,Mistral-7B-v0.1-Base,fpb_decontam,-4.731817722320557,0.33655136823654175,-5.106817722320557,0.23130816221237183,-4.481817722320557,0.4321405291557312
530,"Glaston 's own glass processing unit , Tamglass Glass Processing , is a manufacturer of high quality safety glass products operating in Finland .",1,neutral,-1,UNPARSEABLE,0.000000,0,1,Mistral-7B-v0.1-Base,fpb_decontam,-4.775854110717773,0.492654412984848,-5.244604110717773,0.30829527974128723,-5.682104110717773,0.19905038177967072
531,15 December 2010 - Finnish-German telecoms equipment maker Nokia Siemens Networks said today it won a contract to upgrade the radio network of home-based telecommunications company Elisa Oyj HEL : ELI1V .,2,positive,-1,UNPARSEABLE,15 December 2010,0,1,Mistral-7B-v0.1-Base,fpb_decontam,-3.8941423892974854,0.5519900321960449,-4.894142150878906,0.20306585729122162,-4.706642150878906,0.24494415521621704
532,"In addition , the company is considering the start of production in Russia .",1,neutral,-1,UNPARSEABLE,0.000000,0,1,Mistral-7B-v0.1-Base,fpb_decontam,-3.928856372833252,0.5160858035087585,-4.491356372833252,0.29405680298805237,-4.928856372833252,0.1898573637008667
533,Our standardised services have met with a positive reception among our customers as well as at Itella .,2,positive,-1,UNPARSEABLE,"1

## Explanation",0,1,Mistral-7B-v0.1-Base,fpb_decontam,-6.196785926818848,0.028341006487607956,-6.040535926818848,0.03313399478793144,-2.6967861652374268,0.9385250210762024
534,"The company will disclose further details , including the anticipated transaction timetable and the name of the new investor , within one week .",1,neutral,-1,UNPARSEABLE,"1

## Explanation",0,1,Mistral-7B-v0.1-Base,fpb_decontam,-3.931203842163086,0.5267349481582642,-4.368703842163086,0.3400856554508209,-5.306203842163086,0.1331794559955597
535,"Net sales totaled EUR 93.6 mn , up from EUR 93.2 mn in the corresponding period in 2005 .",2,positive,-1,UNPARSEABLE,"0.0

## Description",0,1,Mistral-7B-v0.1-Base,fpb_decontam,-4.226772785186768,0.29460251331329346,-4.289272785186768,0.27675342559814453,-3.8517727851867676,0.4286440908908844
536,"Aldata Solution Oyj Bertrand Sciard President and CEO Further information : Aldata Solution Oyj , Bertrand Sciard , President and CEO , tel. +33 1 46 48 28 00 Aldata 100 % Retail-Wholesale At Aldata 100 % of our business is dedicated to retail and wholesale business improvement .",1,neutral,-1,UNPARSEABLE,"1

Instruction: What is the",0,1,Mistral-7B-v0.1-Base,fpb_decontam,-5.030108451843262,0.32546135783195496,-5.092608451843262,0.30574265122413635,-4.905108451843262,0.3687960207462311
537,The enterprise value of Maritim Food AS has been determined as approximately EUR15m .,1,neutral,-1,UNPARSEABLE,"1

## Explanation",0,1,Mistral-7B-v0.1-Base,fpb_decontam,-4.2375102043151855,0.35763972997665405,-4.5500102043151855,0.2616548240184784,-4.1750102043151855,0.38070550560951233
538,Operating profit improved by 39.9 % to EUR 18.0 mn from EUR12 .8 mn .,2,positive,-1,UNPARSEABLE,"1

## Explanation",0,1,Mistral-7B-v0.1-Base,fpb_decontam,-4.517505645751953,0.17584916949272156,-4.830005645751953,0.12865400314331055,-3.1425058841705322,0.6954967975616455
539,"Vaisala , headquartered in Helsinki in Finland , develops and manufactures electronic measurement systems for meteorology , environmental sciences , traffic and industry .",1,neutral,-1,UNPARSEABLE,0.000000,0,1,Mistral-7B-v0.1-Base,fpb_decontam,-4.714824676513672,0.37575656175613403,-4.839824676513672,0.33160400390625,-4.964824676513672,0.29263949394226074
540,"In the Baltic states the company reports net sales of EUR 11.9 mn , down from EUR 14.2 mn , and an operative EBIT of EUR -2.2 mn , down from EUR -1.7 mn .",0,negative,-1,UNPARSEABLE,"1

## Explanation",0,1,Mistral-7B-v0.1-Base,fpb_decontam,-3.2304673194885254,0.8939680457115173,-5.980467319488525,0.05714946240186691,-6.136717319488525,0.04888252913951874
541,"In 2007 , Etteplan had turnover of EUR125 .2 m.",1,neutral,-1,UNPARSEABLE,"0.0

## Description",0,1,Mistral-7B-v0.1-Base,fpb_decontam,-3.7259435653686523,0.5685464143753052,-4.975943565368652,0.16289128363132477,-4.475943565368652,0.26856231689453125
542,"A meeting for the media and analysts will be held on the same day at 10:30 a.m. at Stonesoft Headquarters in Helsinki , Italahdenkatu 22 A. The Interim report will be presented by Stonesoft 's CEO Ilkka Hiidenheimo .",1,neutral,-1,UNPARSEABLE,0.000000,0,1,Mistral-7B-v0.1-Base,fpb_decontam,-3.945042610168457,0.5742128491401672,-4.820042610168457,0.2393675297498703,-5.070042610168457,0.18641962110996246
543,The fair value of the company 's investment properties went down to EUR 2.768 billion at the end of 2009 from EUR 2.916 billion a year earlier .,0,negative,-1,UNPARSEABLE,"1

Instructions: What is",0,1,Mistral-7B-v0.1-Base,fpb_decontam,-3.25683856010437,0.9098166823387146,-5.975588798522949,0.060008902102708817,-6.663088798522949,0.03017437271773815
544,The price will be specified at the completion date .,1,neutral,-1,UNPARSEABLE,"0.0

## Description",0,1,Mistral-7B-v0.1-Base,fpb_decontam,-4.030082702636719,0.501886785030365,-4.342582702636719,0.3671882152557373,-5.373832702636719,0.1309249997138977
545,"In a recent interview with the Financial Times ( FT ) , Sampo 's board chairman Bjorn Wahlroos said If P&C was certainly for sale and the price had been set at SEK 85 billion , confirming earlier statements .",1,neutral,-1,UNPARSEABLE,"1

Instruction: What is the",0,1,Mistral-7B-v0.1-Base,fpb_decontam,-4.197476863861084,0.5285908579826355,-5.228726863861084,0.1884748935699463,-4.822476863861084,0.282934308052063
546,"The development of the technological park , which will specialize in telecommunications and information technologies , is part of the state program for the formation of technoparks for hi-tech sectors in Russia .",1,neutral,-1,UNPARSEABLE,"1

## Explanation",0,1,Mistral-7B-v0.1-Base,fpb_decontam,-4.530126571655273,0.44305187463760376,-4.905126571655273,0.3045048117637634,-5.092626571655273,0.2524433434009552
547,"The subject of the project is provide to the company like : Software programming and consultancy services , Computer-related services , Data services , Computer support and consultancy services , Internet services etc. .",1,neutral,-1,UNPARSEABLE,"1

## Explanation",0,1,Mistral-7B-v0.1-Base,fpb_decontam,-3.723499298095703,0.465445339679718,-4.410999298095703,0.23404061794281006,-4.160999298095703,0.3005141019821167
548,"Earnings per share ( EPS ) amounted to EUR1 .37 , down from EUR2 .30 .",0,negative,-1,UNPARSEABLE,"1

## Explanation",0,1,Mistral-7B-v0.1-Base,fpb_decontam,-2.9676809310913086,0.9044820666313171,-5.592680931091309,0.06552046537399292,-6.373930931091309,0.029997454956173897
549,"Cramo , headquartered in Vantaa , Finland , rents construction machinery and equipment , as well as rents and sells modular space .",1,neutral,-1,UNPARSEABLE,0.000000,0,1,Mistral-7B-v0.1-Base,fpb_decontam,-4.033836364746094,0.458524227142334,-4.658836364746094,0.2454303354024887,-4.471336364746094,0.2960454821586609
550,"Through the Nordic Exchange , OMX offers access to approximately 80 percent of the Nordic and Baltic securities market .",1,neutral,-1,UNPARSEABLE,"1

Instructions: What is",0,1,Mistral-7B-v0.1-Base,fpb_decontam,-4.658979892730713,0.46544530987739563,-5.096479892730713,0.3005140721797943,-5.346479892730713,0.23404058814048767
551,"Alma Media 's operating profit amounted to EUR 11.9 mn , down from EUR 15.0 mn a year earlier .",0,negative,-1,UNPARSEABLE,"1

## Explanation",0,1,Mistral-7B-v0.1-Base,fpb_decontam,-3.3388147354125977,0.7920973300933838,-5.338814735412598,0.10719871520996094,-5.401314735412598,0.10070387274026871
552,Earnings per share EPS rose to EUR 0.11 from EUR 0.03 .,2,positive,-1,UNPARSEABLE,"1

## Explanation",0,1,Mistral-7B-v0.1-Base,fpb_decontam,-4.794748306274414,0.15117529034614563,-4.669748306274414,0.17130404710769653,-3.294748306274414,0.6775206327438354
553,"The deal includes all rental equipment and related merchandise , the rental contract of the depot and two employees , the company said .",1,neutral,-1,UNPARSEABLE,"1

Instructions: What is",0,1,Mistral-7B-v0.1-Base,fpb_decontam,-4.068098068237305,0.5745962858200073,-4.755598068237305,0.2889251410961151,-5.505598068237305,0.13647858798503876
554,Net sales revenue per passenger is expected to increase .,2,positive,-1,UNPARSEABLE,"1

## Explanation",0,1,Mistral-7B-v0.1-Base,fpb_decontam,-3.253446578979492,0.3689842224121094,-3.690946578979492,0.23823411762714386,-3.190946578979492,0.39278164505958557
555,"Sales climbed 19.2 pct to 1.002 bln eur , surpassing the 953 mln eur consensus figure .",2,positive,-1,UNPARSEABLE,"1

## Explanation",0,1,Mistral-7B-v0.1-Base,fpb_decontam,-5.490222930908203,0.14140087366104126,-5.896472930908203,0.09419328719377518,-3.802722930908203,0.7644059062004089
556,"Tecnomen 's solution can be used for prepaid and post-paid billing , for charging and rating of voice and video calls , data traffic and any kind of content services in both mobile and fixed networks .",1,neutral,-1,UNPARSEABLE,"1

## Explanation",0,1,Mistral-7B-v0.1-Base,fpb_decontam,-5.084640026092529,0.3328997492790222,-5.147140026092529,0.3127303719520569,-5.022140026092529,0.3543699383735657
557,"The machine will have an annual production capacity of 200,000 tonnes of super-calendered magazine paper and other paper grades based on recovered fiber , Stora Enso said .",1,neutral,-1,UNPARSEABLE,"1

Instructions: What is",0,1,Mistral-7B-v0.1-Base,fpb_decontam,-3.994333267211914,0.5278612375259399,-4.931833267211914,0.20671343803405762,-4.681833267211914,0.26542529463768005
558,com and possibly also through photo-msn .,1,neutral,-1,UNPARSEABLE,0.000000,0,1,Mistral-7B-v0.1-Base,fpb_decontam,-3.509622097015381,0.6138259172439575,-4.447122097015381,0.24037766456604004,-4.947122097015381,0.14579643309116364
559,"Customers wave cards in front of the reader to make payments , similar to `` touch and go '' cards used in transport systems .",1,neutral,-1,UNPARSEABLE,"1

## Explanation",0,1,Mistral-7B-v0.1-Base,fpb_decontam,-5.048393249511719,0.3015891909599304,-5.017143249511719,0.31116265058517456,-4.798393249511719,0.3872481882572174
